edge_id,origin_node_id,dest_node_id,mode,avg_lead_time_days,avg_cost_per_unit,capacity,origin_name,origin_type,origin_country,origin_lat,origin_lon,dest_name,dest_type,dest_country,dest_lat,dest_lon
EDGE00001,DC0001,CUST0001,air,3.2,367.99,467,India Distribution Center 1,distribution_center,India,20.9256,77.8785,South Africa Region 1,customer_region,South Africa,-33.1697,25.6333
EDGE00002,DC0001,CUST0001,ocean,20.6,49.065,477,India Distribution Center 1,distribution_center,India,20.9256,77.8785,South Africa Region 1,customer_region,South Africa,-33.1697,25.6333
EDGE00003,DC0001,CUST0002,rail,1.3,4.073,308,India Distribution Center 1,distribution_center,India,20.9256,77.8785,India Region 2,customer_region,India,23.3838,80.8104
EDGE00004,DC0001,CUST0002,road,1.0,7.331,564,India Distribution Center 1,distribution_center,India,20.9256,77.8785,India Region 2,customer_region,India,23.3838,80.8104
EDGE00005,DC0001,CUST0003,air,5.1,602.541,770,India Distribution Center 1,distribution_center,India,20.9256,77.8785,United States Region 3,customer_region,United States,38.6477,-100.994
EDGE00006,DC0001,CUST0003,ocean,31.0,80.339,782,India Distribution Center 1,distribution_center,India,20.9256,77.8785,United States Region 3,customer_region,United States,38.6477,-100.994
EDGE00007,DC0001,CUST0004,air,3.2,366.763,456,India Distribution Center 1,distribution_center,India,20.9256,77.8785,South Africa Region 4,customer_region,South Africa,-29.4546,22.5809
EDGE00008,DC0001,CUST0004,ocean,20.3,48.902,532,India Distribution Center 1,distribution_center,India,20.9256,77.8785,South Africa Region 4,customer_region,South Africa,-29.4546,22.5809
EDGE00009,DC0001,CUST0005,air,3.7,327.958,330,India Distribution Center 1,distribution_center,India,20.9256,77.8785,France Region 5,customer_region,France,43.9622,2.1811
EDGE00010,DC0001,CUST0005,ocean,19.0,43.728,579,India Distribution Center 1,distribution_center,India,20.9256,77.8785,France Region 5,customer_region,France,43.9622,2.1811
EDGE00011,DC0001,CUST0006,air,3.0,345.638,441,India Distribution Center 1,distribution_center,India,20.9256,77.8785,Spain Region 6,customer_region,Spain,37.6663,-1.2941
EDGE00012,DC0001,CUST0006,ocean,19.4,46.085,378,India Distribution Center 1,distribution_center,India,20.9256,77.8785,Spain Region 6,customer_region,Spain,37.6663,-1.2941
EDGE00013,DC0001,CUST0007,air,2.4,232.758,301,India Distribution Center 1,distribution_center,India,20.9256,77.8785,South Korea Region 7,customer_region,South Korea,34.4627,128.7451
EDGE00014,DC0001,CUST0007,ocean,14.1,31.034,596,India Distribution Center 1,distribution_center,India,20.9256,77.8785,South Korea Region 7,customer_region,South Korea,34.4627,128.7451
EDGE00015,DC0001,CUST0007,rail,8.2,51.724,312,India Distribution Center 1,distribution_center,India,20.9256,77.8785,South Korea Region 7,customer_region,South Korea,34.4627,128.7451
EDGE00016,DC0001,CUST0008,air,3.6,352.996,498,India Distribution Center 1,distribution_center,India,20.9256,77.8785,Spain Region 8,customer_region,Spain,39.3303,-3.6296
EDGE00017,DC0001,CUST0008,ocean,19.4,47.066,446,India Distribution Center 1,distribution_center,India,20.9256,77.8785,Spain Region 8,customer_region,Spain,39.3303,-3.6296
EDGE00018,DC0001,CUST0009,air,3.2,374.563,360,India Distribution Center 1,distribution_center,India,20.9256,77.8785,South Africa Region 9,customer_region,South Africa,-30.2797,21.0491
EDGE00019,DC0001,CUST0009,ocean,20.7,49.942,608,India Distribution Center 1,distribution_center,India,20.9256,77.8785,South Africa Region 9,customer_region,South Africa,-30.2797,21.0491
EDGE00020,DC0001,CUST0010,air,4.3,500.87,223,India Distribution Center 1,distribution_center,India,20.9256,77.8785,Canada Region 10,customer_region,Canada,58.9475,-104.6992
EDGE00021,DC0001,CUST0010,ocean,26.6,66.783,412,India Distribution Center 1,distribution_center,India,20.9256,77.8785,Canada Region 10,customer_region,Canada,58.9475,-104.6992
EDGE00022,DC0001,CUST0011,air,3.0,317.941,314,India Distribution Center 1,distribution_center,India,20.9256,77.8785,France Region 11,customer_region,France,48.867,4.579
EDGE00023,DC0001,CUST0011,ocean,18.1,42.392,416,India Distribution Center 1,distribution_center,India,20.9256,77.8785,France Region 11,customer_region,France,48.867,4.579
EDGE00024,DC0001,CUST0012,air,5.6,647.233,919,India Distribution Center 1,distribution_center,India,20.9256,77.8785,Brazil Region 12,customer_region,Brazil,-13.6526,-49.3988
EDGE00025,DC0001,CUST0012,ocean,33.9,86.298,442,India Distribution Center 1,distribution_center,India,20.9256,77.8785,Brazil Region 12,customer_region,Brazil,-13.6526,-49.3988
EDGE00026,DC0001,CUST0013,rail,1.2,3.214,535,India Distribution Center 1,distribution_center,India,20.9256,77.8785,India Region 13,customer_region,India,18.121,77.1359
EDGE00027,DC0001,CUST0013,road,1.0,5.786,551,India Distribution Center 1,distribution_center,India,20.9256,77.8785,India Region 13,customer_region,India,18.121,77.1359
EDGE00028,DC0001,CUST0014,air,2.5,267.82,249,India Distribution Center 1,distribution_center,India,20.9256,77.8785,Japan Region 14,customer_region,Japan,33.4714,137.202
EDGE00029,DC0001,CUST0014,ocean,14.9,35.709,600,India Distribution Center 1,distribution_center,India,20.9256,77.8785,Japan Region 14,customer_region,Japan,33.4714,137.202
EDGE00030,DC0001,CUST0014,rail,9.9,59.516,447,India Distribution Center 1,distribution_center,India,20.9256,77.8785,Japan Region 14,customer_region,Japan,33.4714,137.202
EDGE00031,DC0001,CUST0015,air,2.8,295.75,230,India Distribution Center 1,distribution_center,India,20.9256,77.8785,Italy Region 15,customer_region,Italy,41.2021,11.1981
EDGE00032,DC0001,CUST0015,ocean,16.2,39.433,393,India Distribution Center 1,distribution_center,India,20.9256,77.8785,Italy Region 15,customer_region,Italy,41.2021,11.1981
EDGE00033,DC0001,CUST0016,air,2.7,318.014,422,India Distribution Center 1,distribution_center,India,20.9256,77.8785,Netherlands Region 16,customer_region,Netherlands,54.1024,4.4305
EDGE00034,DC0001,CUST0016,ocean,19.8,42.402,623,India Distribution Center 1,distribution_center,India,20.9256,77.8785,Netherlands Region 16,customer_region,Netherlands,54.1024,4.4305
EDGE00035,DC0001,CUST0017,air,5.8,602.765,658,India Distribution Center 1,distribution_center,India,20.9256,77.8785,United States Region 17,customer_region,United States,38.5056,-98.3238
EDGE00036,DC0001,CUST0017,ocean,31.6,80.369,533,India Distribution Center 1,distribution_center,India,20.9256,77.8785,United States Region 17,customer_region,United States,38.5056,-98.3238
EDGE00037,DC0001,CUST0018,air,2.1,283.771,722,India Distribution Center 1,distribution_center,India,20.9256,77.8785,Italy Region 18,customer_region,Italy,39.7155,14.3832
EDGE00038,DC0001,CUST0018,ocean,16.8,37.836,518,India Distribution Center 1,distribution_center,India,20.9256,77.8785,Italy Region 18,customer_region,Italy,39.7155,14.3832
EDGE00039,DC0001,CUST0019,air,3.0,279.506,474,India Distribution Center 1,distribution_center,India,20.9256,77.8785,Italy Region 19,customer_region,Italy,39.3173,15.4913
EDGE00040,DC0001,CUST0019,ocean,16.6,37.267,395,India Distribution Center 1,distribution_center,India,20.9256,77.8785,Italy Region 19,customer_region,Italy,39.3173,15.4913
EDGE00041,DC0001,CUST0020,air,2.0,305.268,580,India Distribution Center 1,distribution_center,India,20.9256,77.8785,Germany Region 20,customer_region,Germany,52.7935,8.6423
EDGE00042,DC0001,CUST0020,ocean,17.6,40.702,568,India Distribution Center 1,distribution_center,India,20.9256,77.8785,Germany Region 20,customer_region,Germany,52.7935,8.6423
EDGE00043,DC0001,CUST0021,air,3.3,347.996,590,India Distribution Center 1,distribution_center,India,20.9256,77.8785,Spain Region 21,customer_region,Spain,37.4931,-1.8572
EDGE00044,DC0001,CUST0021,ocean,20.5,46.399,497,India Distribution Center 1,distribution_center,India,20.9256,77.8785,Spain Region 21,customer_region,Spain,37.4931,-1.8572
EDGE00045,DC0001,CUST0022,air,4.8,508.717,304,India Distribution Center 1,distribution_center,India,20.9256,77.8785,Canada Region 22,customer_region,Canada,57.3711,-104.976
EDGE00046,DC0001,CUST0022,ocean,27.6,67.829,399,India Distribution Center 1,distribution_center,India,20.9256,77.8785,Canada Region 22,customer_region,Canada,57.3711,-104.976
EDGE00047,DC0001,CUST0023,air,3.5,342.426,555,India Distribution Center 1,distribution_center,India,20.9256,77.8785,Australia Region 23,customer_region,Australia,-23.6424,131.2243
EDGE00048,DC0001,CUST0023,ocean,19.1,45.657,525,India Distribution Center 1,distribution_center,India,20.9256,77.8785,Australia Region 23,customer_region,Australia,-23.6424,131.2243
EDGE00049,DC0001,CUST0024,air,2.0,262.395,559,India Distribution Center 1,distribution_center,India,20.9256,77.8785,Japan Region 24,customer_region,Japan,35.3508,135.9452
EDGE00050,DC0001,CUST0024,ocean,15.8,34.986,522,India Distribution Center 1,distribution_center,India,20.9256,77.8785,Japan Region 24,customer_region,Japan,35.3508,135.9452
EDGE00051,DC0001,CUST0024,rail,9.9,58.31,292,India Distribution Center 1,distribution_center,India,20.9256,77.8785,Japan Region 24,customer_region,Japan,35.3508,135.9452
EDGE00052,DC0001,CUST0025,air,3.0,297.837,739,India Distribution Center 1,distribution_center,India,20.9256,77.8785,Germany Region 25,customer_region,Germany,53.3386,11.1898
EDGE00053,DC0001,CUST0025,ocean,17.3,39.712,684,India Distribution Center 1,distribution_center,India,20.9256,77.8785,Germany Region 25,customer_region,Germany,53.3386,11.1898
EDGE00054,DC0001,CUST0026,air,3.4,336.392,323,India Distribution Center 1,distribution_center,India,20.9256,77.8785,France Region 26,customer_region,France,45.2154,-0.4086
EDGE00055,DC0001,CUST0026,ocean,18.6,44.852,480,India Distribution Center 1,distribution_center,India,20.9256,77.8785,France Region 26,customer_region,France,45.2154,-0.4086
EDGE00056,DC0001,CUST0027,air,2.5,294.6,663,India Distribution Center 1,distribution_center,India,20.9256,77.8785,Italy Region 27,customer_region,Italy,40.7359,11.5211
EDGE00057,DC0001,CUST0027,ocean,16.4,39.28,569,India Distribution Center 1,distribution_center,India,20.9256,77.8785,Italy Region 27,customer_region,Italy,40.7359,11.5211
EDGE00058,DC0001,CUST0028,air,3.7,355.78,409,India Distribution Center 1,distribution_center,India,20.9256,77.8785,Australia Region 28,customer_region,Australia,-23.8924,134.6053
EDGE00059,DC0001,CUST0028,ocean,20.3,47.437,434,India Distribution Center 1,distribution_center,India,20.9256,77.8785,Australia Region 28,customer_region,Australia,-23.8924,134.6053
EDGE00060,DC0001,CUST0029,air,3.5,339.889,499,India Distribution Center 1,distribution_center,India,20.9256,77.8785,United Kingdom Region 29,customer_region,United Kingdom,57.7033,-3.6067
EDGE00061,DC0001,CUST0029,ocean,20.1,45.319,674,India Distribution Center 1,distribution_center,India,20.9256,77.8785,United Kingdom Region 29,customer_region,United Kingdom,57.7033,-3.6067
EDGE00062,DC0001,CUST0030,air,3.7,337.775,462,India Distribution Center 1,distribution_center,India,20.9256,77.8785,United Kingdom Region 30,customer_region,United Kingdom,53.0976,-2.1605
EDGE00063,DC0001,CUST0030,ocean,19.0,45.037,649,India Distribution Center 1,distribution_center,India,20.9256,77.8785,United Kingdom Region 30,customer_region,United Kingdom,53.0976,-2.1605
EDGE00064,DC0002,CUST0001,air,3.4,401.322,415,Singapore Distribution Center 2,distribution_center,Singapore,0.7264,103.4191,South Africa Region 1,customer_region,South Africa,-33.1697,25.6333
EDGE00065,DC0002,CUST0001,ocean,23.0,53.51,650,Singapore Distribution Center 2,distribution_center,Singapore,0.7264,103.4191,South Africa Region 1,customer_region,South Africa,-33.1697,25.6333
EDGE00066,DC0002,CUST0002,air,1.5,157.809,471,Singapore Distribution Center 2,distribution_center,Singapore,0.7264,103.4191,India Region 2,customer_region,India,23.3838,80.8104
EDGE00067,DC0002,CUST0002,ocean,11.0,21.041,350,Singapore Distribution Center 2,distribution_center,Singapore,0.7264,103.4191,India Region 2,customer_region,India,23.3838,80.8104
EDGE00068,DC0002,CUST0002,rail,4.8,35.069,407,Singapore Distribution Center 2,distribution_center,Singapore,0.7264,103.4191,India Region 2,customer_region,India,23.3838,80.8104
EDGE00069,DC0002,CUST0003,air,5.8,673.928,538,Singapore Distribution Center 2,distribution_center,Singapore,0.7264,103.4191,United States Region 3,customer_region,United States,38.6477,-100.994
EDGE00070,DC0002,CUST0003,ocean,35.2,89.857,357,Singapore Distribution Center 2,distribution_center,Singapore,0.7264,103.4191,United States Region 3,customer_region,United States,38.6477,-100.994
EDGE00071,DC0002,CUST0004,air,3.2,412.27,437,Singapore Distribution Center 2,distribution_center,Singapore,0.7264,103.4191,South Africa Region 4,customer_region,South Africa,-29.4546,22.5809
EDGE00072,DC0002,CUST0004,ocean,22.6,54.969,407,Singapore Distribution Center 2,distribution_center,Singapore,0.7264,103.4191,South Africa Region 4,customer_region,South Africa,-29.4546,22.5809
EDGE00073,DC0002,CUST0005,air,4.8,488.139,764,Singapore Distribution Center 2,distribution_center,Singapore,0.7264,103.4191,France Region 5,customer_region,France,43.9622,2.1811
EDGE00074,DC0002,CUST0005,ocean,26.4,65.085,719,Singapore Distribution Center 2,distribution_center,Singapore,0.7264,103.4191,France Region 5,customer_region,France,43.9622,2.1811
EDGE00075,DC0002,CUST0006,air,4.5,506.104,437,Singapore Distribution Center 2,distribution_center,Singapore,0.7264,103.4191,Spain Region 6,customer_region,Spain,37.6663,-1.2941
EDGE00076,DC0002,CUST0006,ocean,28.0,67.481,642,Singapore Distribution Center 2,distribution_center,Singapore,0.7264,103.4191,Spain Region 6,customer_region,Spain,37.6663,-1.2941
EDGE00077,DC0002,CUST0007,air,2.4,206.177,517,Singapore Distribution Center 2,distribution_center,Singapore,0.7264,103.4191,South Korea Region 7,customer_region,South Korea,34.4627,128.7451
EDGE00078,DC0002,CUST0007,ocean,11.9,27.49,467,Singapore Distribution Center 2,distribution_center,Singapore,0.7264,103.4191,South Korea Region 7,customer_region,South Korea,34.4627,128.7451
EDGE00079,DC0002,CUST0007,rail,8.3,45.817,289,Singapore Distribution Center 2,distribution_center,Singapore,0.7264,103.4191,South Korea Region 7,customer_region,South Korea,34.4627,128.7451
EDGE00080,DC0002,CUST0008,air,4.3,513.558,600,Singapore Distribution Center 2,distribution_center,Singapore,0.7264,103.4191,Spain Region 8,customer_region,Spain,39.3303,-3.6296
EDGE00081,DC0002,CUST0008,ocean,27.2,68.474,551,Singapore Distribution Center 2,distribution_center,Singapore,0.7264,103.4191,Spain Region 8,customer_region,Spain,39.3303,-3.6296
EDGE00082,DC0002,CUST0009,air,3.6,419.241,442,Singapore Distribution Center 2,distribution_center,Singapore,0.7264,103.4191,South Africa Region 9,customer_region,South Africa,-30.2797,21.0491
EDGE00083,DC0002,CUST0009,ocean,21.9,55.899,644,Singapore Distribution Center 2,distribution_center,Singapore,0.7264,103.4191,South Africa Region 9,customer_region,South Africa,-30.2797,21.0491
EDGE00084,DC0002,CUST0010,ocean,30.4,77.633,386,Singapore Distribution Center 2,distribution_center,Singapore,0.7264,103.4191,Canada Region 10,customer_region,Canada,58.9475,-104.6992
EDGE00085,DC0002,CUST0011,air,4.3,476.618,557,Singapore Distribution Center 2,distribution_center,Singapore,0.7264,103.4191,France Region 11,customer_region,France,48.867,4.579
EDGE00086,DC0002,CUST0011,ocean,25.6,63.549,419,Singapore Distribution Center 2,distribution_center,Singapore,0.7264,103.4191,France Region 11,customer_region,France,48.867,4.579
EDGE00087,DC0002,CUST0012,air,6.7,751.325,291,Singapore Distribution Center 2,distribution_center,Singapore,0.7264,103.4191,Brazil Region 12,customer_region,Brazil,-13.6526,-49.3988
EDGE00088,DC0002,CUST0012,ocean,39.7,100.177,570,Singapore Distribution Center 2,distribution_center,Singapore,0.7264,103.4191,Brazil Region 12,customer_region,Brazil,-13.6526,-49.3988
EDGE00089,DC0002,CUST0013,air,1.6,155.754,376,Singapore Distribution Center 2,distribution_center,Singapore,0.7264,103.4191,India Region 13,customer_region,India,18.121,77.1359
EDGE00090,DC0002,CUST0013,ocean,10.3,20.767,643,Singapore Distribution Center 2,distribution_center,Singapore,0.7264,103.4191,India Region 13,customer_region,India,18.121,77.1359
EDGE00091,DC0002,CUST0013,rail,5.4,34.612,607,Singapore Distribution Center 2,distribution_center,Singapore,0.7264,103.4191,India Region 13,customer_region,India,18.121,77.1359
EDGE00092,DC0002,CUST0014,air,2.4,227.937,827,Singapore Distribution Center 2,distribution_center,Singapore,0.7264,103.4191,Japan Region 14,customer_region,Japan,33.4714,137.202
EDGE00093,DC0002,CUST0014,ocean,13.7,30.392,618,Singapore Distribution Center 2,distribution_center,Singapore,0.7264,103.4191,Japan Region 14,customer_region,Japan,33.4714,137.202
EDGE00094,DC0002,CUST0014,rail,8.8,50.653,589,Singapore Distribution Center 2,distribution_center,Singapore,0.7264,103.4191,Japan Region 14,customer_region,Japan,33.4714,137.202
EDGE00095,DC0002,CUST0015,air,5.0,456.305,383,Singapore Distribution Center 2,distribution_center,Singapore,0.7264,103.4191,Italy Region 15,customer_region,Italy,41.2021,11.1981
EDGE00096,DC0002,CUST0015,ocean,24.9,60.841,336,Singapore Distribution Center 2,distribution_center,Singapore,0.7264,103.4191,Italy Region 15,customer_region,Italy,41.2021,11.1981
EDGE00097,DC0002,CUST0016,air,4.3,473.682,326,Singapore Distribution Center 2,distribution_center,Singapore,0.7264,103.4191,Netherlands Region 16,customer_region,Netherlands,54.1024,4.4305
EDGE00098,DC0002,CUST0016,ocean,24.4,63.158,392,Singapore Distribution Center 2,distribution_center,Singapore,0.7264,103.4191,Netherlands Region 16,customer_region,Netherlands,54.1024,4.4305
EDGE00099,DC0002,CUST0017,air,5.3,680.341,532,Singapore Distribution Center 2,distribution_center,Singapore,0.7264,103.4191,United States Region 17,customer_region,United States,38.5056,-98.3238
EDGE00100,DC0002,CUST0017,ocean,35.1,90.712,742,Singapore Distribution Center 2,distribution_center,Singapore,0.7264,103.4191,United States Region 17,customer_region,United States,38.5056,-98.3238
EDGE00101,DC0002,CUST0018,air,3.0,444.306,280,Singapore Distribution Center 2,distribution_center,Singapore,0.7264,103.4191,Italy Region 18,customer_region,Italy,39.7155,14.3832
EDGE00102,DC0002,CUST0018,ocean,24.4,59.241,580,Singapore Distribution Center 2,distribution_center,Singapore,0.7264,103.4191,Italy Region 18,customer_region,Italy,39.7155,14.3832
EDGE00103,DC0002,CUST0019,air,3.3,440.015,321,Singapore Distribution Center 2,distribution_center,Singapore,0.7264,103.4191,Italy Region 19,customer_region,Italy,39.3173,15.4913
EDGE00104,DC0002,CUST0019,ocean,24.3,58.669,456,Singapore Distribution Center 2,distribution_center,Singapore,0.7264,103.4191,Italy Region 19,customer_region,Italy,39.3173,15.4913
EDGE00105,DC0002,CUST0020,air,4.3,461.883,194,Singapore Distribution Center 2,distribution_center,Singapore,0.7264,103.4191,Germany Region 20,customer_region,Germany,52.7935,8.6423
EDGE00106,DC0002,CUST0020,ocean,25.7,61.584,274,Singapore Distribution Center 2,distribution_center,Singapore,0.7264,103.4191,Germany Region 20,customer_region,Germany,52.7935,8.6423
EDGE00107,DC0002,CUST0021,air,4.8,508.452,524,Singapore Distribution Center 2,distribution_center,Singapore,0.7264,103.4191,Spain Region 21,customer_region,Spain,37.4931,-1.8572
EDGE00108,DC0002,CUST0021,ocean,27.0,67.794,489,Singapore Distribution Center 2,distribution_center,Singapore,0.7264,103.4191,Spain Region 21,customer_region,Spain,37.4931,-1.8572
EDGE00109,DC0002,CUST0022,air,5.7,588.545,409,Singapore Distribution Center 2,distribution_center,Singapore,0.7264,103.4191,Canada Region 22,customer_region,Canada,57.3711,-104.976
EDGE00110,DC0002,CUST0022,ocean,31.1,78.473,498,Singapore Distribution Center 2,distribution_center,Singapore,0.7264,103.4191,Canada Region 22,customer_region,Canada,57.3711,-104.976
EDGE00111,DC0002,CUST0023,air,1.4,182.015,331,Singapore Distribution Center 2,distribution_center,Singapore,0.7264,103.4191,Australia Region 23,customer_region,Australia,-23.6424,131.2243
EDGE00112,DC0002,CUST0023,ocean,11.9,24.269,313,Singapore Distribution Center 2,distribution_center,Singapore,0.7264,103.4191,Australia Region 23,customer_region,Australia,-23.6424,131.2243
EDGE00113,DC0002,CUST0023,rail,6.4,40.448,689,Singapore Distribution Center 2,distribution_center,Singapore,0.7264,103.4191,Australia Region 23,customer_region,Australia,-23.6424,131.2243
EDGE00114,DC0002,CUST0024,air,2.4,230.049,398,Singapore Distribution Center 2,distribution_center,Singapore,0.7264,103.4191,Japan Region 24,customer_region,Japan,35.3508,135.9452
EDGE00115,DC0002,CUST0024,ocean,13.8,30.673,442,Singapore Distribution Center 2,distribution_center,Singapore,0.7264,103.4191,Japan Region 24,customer_region,Japan,35.3508,135.9452
EDGE00116,DC0002,CUST0024,rail,8.2,51.122,289,Singapore Distribution Center 2,distribution_center,Singapore,0.7264,103.4191,Japan Region 24,customer_region,Japan,35.3508,135.9452
EDGE00117,DC0002,CUST0025,air,4.4,454.082,434,Singapore Distribution Center 2,distribution_center,Singapore,0.7264,103.4191,Germany Region 25,customer_region,Germany,53.3386,11.1898
EDGE00118,DC0002,CUST0025,ocean,24.3,60.544,425,Singapore Distribution Center 2,distribution_center,Singapore,0.7264,103.4191,Germany Region 25,customer_region,Germany,53.3386,11.1898
EDGE00119,DC0002,CUST0026,air,4.6,496.221,328,Singapore Distribution Center 2,distribution_center,Singapore,0.7264,103.4191,France Region 26,customer_region,France,45.2154,-0.4086
EDGE00120,DC0002,CUST0026,ocean,26.1,66.163,404,Singapore Distribution Center 2,distribution_center,Singapore,0.7264,103.4191,France Region 26,customer_region,France,45.2154,-0.4086
EDGE00121,DC0002,CUST0027,air,4.3,455.162,522,Singapore Distribution Center 2,distribution_center,Singapore,0.7264,103.4191,Italy Region 27,customer_region,Italy,40.7359,11.5211
EDGE00122,DC0002,CUST0027,ocean,24.7,60.688,441,Singapore Distribution Center 2,distribution_center,Singapore,0.7264,103.4191,Italy Region 27,customer_region,Italy,40.7359,11.5211
EDGE00123,DC0002,CUST0028,air,2.8,195.222,371,Singapore Distribution Center 2,distribution_center,Singapore,0.7264,103.4191,Australia Region 28,customer_region,Australia,-23.8924,134.6053
EDGE00124,DC0002,CUST0028,ocean,12.5,26.03,472,Singapore Distribution Center 2,distribution_center,Singapore,0.7264,103.4191,Australia Region 28,customer_region,Australia,-23.8924,134.6053
EDGE00125,DC0002,CUST0028,rail,8.1,43.383,694,Singapore Distribution Center 2,distribution_center,Singapore,0.7264,103.4191,Australia Region 28,customer_region,Australia,-23.8924,134.6053
EDGE00126,DC0002,CUST0029,air,4.5,492.265,272,Singapore Distribution Center 2,distribution_center,Singapore,0.7264,103.4191,United Kingdom Region 29,customer_region,United Kingdom,57.7033,-3.6067
EDGE00127,DC0002,CUST0029,ocean,26.5,65.635,452,Singapore Distribution Center 2,distribution_center,Singapore,0.7264,103.4191,United Kingdom Region 29,customer_region,United Kingdom,57.7033,-3.6067
EDGE00128,DC0002,CUST0030,air,3.9,493.831,453,Singapore Distribution Center 2,distribution_center,Singapore,0.7264,103.4191,United Kingdom Region 30,customer_region,United Kingdom,53.0976,-2.1605
EDGE00129,DC0002,CUST0030,ocean,27.0,65.844,637,Singapore Distribution Center 2,distribution_center,Singapore,0.7264,103.4191,United Kingdom Region 30,customer_region,United Kingdom,53.0976,-2.1605
EDGE00130,DC0003,CUST0001,air,3.1,407.913,908,Singapore Distribution Center 3,distribution_center,Singapore,1.2182,104.6755,South Africa Region 1,customer_region,South Africa,-33.1697,25.6333
EDGE00131,DC0003,CUST0001,ocean,22.3,54.388,613,Singapore Distribution Center 3,distribution_center,Singapore,1.2182,104.6755,South Africa Region 1,customer_region,South Africa,-33.1697,25.6333
EDGE00132,DC0003,CUST0002,air,1.3,160.342,399,Singapore Distribution Center 3,distribution_center,Singapore,1.2182,104.6755,India Region 2,customer_region,India,23.3838,80.8104
EDGE00133,DC0003,CUST0002,ocean,10.2,21.379,354,Singapore Distribution Center 3,distribution_center,Singapore,1.2182,104.6755,India Region 2,customer_region,India,23.3838,80.8104
EDGE00134,DC0003,CUST0002,rail,5.4,35.632,657,Singapore Distribution Center 3,distribution_center,Singapore,1.2182,104.6755,India Region 2,customer_region,India,23.3838,80.8104
EDGE00135,DC0003,CUST0003,air,5.5,668.847,452,Singapore Distribution Center 3,distribution_center,Singapore,1.2182,104.6755,United States Region 3,customer_region,United States,38.6477,-100.994
EDGE00136,DC0003,CUST0003,ocean,35.8,89.18,588,Singapore Distribution Center 3,distribution_center,Singapore,1.2182,104.6755,United States Region 3,customer_region,United States,38.6477,-100.994
EDGE00137,DC0003,CUST0004,air,3.4,418.947,552,Singapore Distribution Center 3,distribution_center,Singapore,1.2182,104.6755,South Africa Region 4,customer_region,South Africa,-29.4546,22.5809
EDGE00138,DC0003,CUST0004,ocean,22.5,55.86,513,Singapore Distribution Center 3,distribution_center,Singapore,1.2182,104.6755,South Africa Region 4,customer_region,South Africa,-29.4546,22.5809
EDGE00139,DC0003,CUST0005,air,4.3,490.878,500,Singapore Distribution Center 3,distribution_center,Singapore,1.2182,104.6755,France Region 5,customer_region,France,43.9622,2.1811
EDGE00140,DC0003,CUST0005,ocean,26.2,65.45,503,Singapore Distribution Center 3,distribution_center,Singapore,1.2182,104.6755,France Region 5,customer_region,France,43.9622,2.1811
EDGE00141,DC0003,CUST0006,air,4.7,509.457,333,Singapore Distribution Center 3,distribution_center,Singapore,1.2182,104.6755,Spain Region 6,customer_region,Spain,37.6663,-1.2941
EDGE00142,DC0003,CUST0006,ocean,26.9,67.928,587,Singapore Distribution Center 3,distribution_center,Singapore,1.2182,104.6755,Spain Region 6,customer_region,Spain,37.6663,-1.2941
EDGE00143,DC0003,CUST0007,air,2.7,200.765,589,Singapore Distribution Center 3,distribution_center,Singapore,1.2182,104.6755,South Korea Region 7,customer_region,South Korea,34.4627,128.7451
EDGE00144,DC0003,CUST0007,ocean,12.7,26.769,673,Singapore Distribution Center 3,distribution_center,Singapore,1.2182,104.6755,South Korea Region 7,customer_region,South Korea,34.4627,128.7451
EDGE00145,DC0003,CUST0007,rail,8.0,44.614,335,Singapore Distribution Center 3,distribution_center,Singapore,1.2182,104.6755,South Korea Region 7,customer_region,South Korea,34.4627,128.7451
EDGE00146,DC0003,CUST0008,air,4.2,516.701,453,Singapore Distribution Center 3,distribution_center,Singapore,1.2182,104.6755,Spain Region 8,customer_region,Spain,39.3303,-3.6296
EDGE00147,DC0003,CUST0008,ocean,27.4,68.894,454,Singapore Distribution Center 3,distribution_center,Singapore,1.2182,104.6755,Spain Region 8,customer_region,Spain,39.3303,-3.6296
EDGE00148,DC0003,CUST0009,air,3.6,425.905,305,Singapore Distribution Center 3,distribution_center,Singapore,1.2182,104.6755,South Africa Region 9,customer_region,South Africa,-30.2797,21.0491
EDGE00149,DC0003,CUST0009,ocean,23.5,56.787,566,Singapore Distribution Center 3,distribution_center,Singapore,1.2182,104.6755,South Africa Region 9,customer_region,South Africa,-30.2797,21.0491
EDGE00150,DC0003,CUST0010,air,4.3,578.151,476,Singapore Distribution Center 3,distribution_center,Singapore,1.2182,104.6755,Canada Region 10,customer_region,Canada,58.9475,-104.6992
EDGE00151,DC0003,CUST0010,ocean,30.1,77.087,680,Singapore Distribution Center 3,distribution_center,Singapore,1.2182,104.6755,Canada Region 10,customer_region,Canada,58.9475,-104.6992
EDGE00152,DC0003,CUST0011,air,4.3,478.849,272,Singapore Distribution Center 3,distribution_center,Singapore,1.2182,104.6755,France Region 11,customer_region,France,48.867,4.579
EDGE00153,DC0003,CUST0011,ocean,26.4,63.847,535,Singapore Distribution Center 3,distribution_center,Singapore,1.2182,104.6755,France Region 11,customer_region,France,48.867,4.579
EDGE00154,DC0003,CUST0012,air,6.0,758.043,547,Singapore Distribution Center 3,distribution_center,Singapore,1.2182,104.6755,Brazil Region 12,customer_region,Brazil,-13.6526,-49.3988
EDGE00155,DC0003,CUST0012,ocean,38.9,101.072,429,Singapore Distribution Center 3,distribution_center,Singapore,1.2182,104.6755,Brazil Region 12,customer_region,Brazil,-13.6526,-49.3988
EDGE00156,DC0003,CUST0013,air,1.2,159.532,608,Singapore Distribution Center 3,distribution_center,Singapore,1.2182,104.6755,India Region 13,customer_region,India,18.121,77.1359
EDGE00157,DC0003,CUST0013,ocean,10.9,21.271,445,Singapore Distribution Center 3,distribution_center,Singapore,1.2182,104.6755,India Region 13,customer_region,India,18.121,77.1359
EDGE00158,DC0003,CUST0013,rail,5.2,35.451,805,Singapore Distribution Center 3,distribution_center,Singapore,1.2182,104.6755,India Region 13,customer_region,India,18.121,77.1359
EDGE00159,DC0003,CUST0014,air,2.5,221.999,401,Singapore Distribution Center 3,distribution_center,Singapore,1.2182,104.6755,Japan Region 14,customer_region,Japan,33.4714,137.202
EDGE00160,DC0003,CUST0014,ocean,13.4,29.6,574,Singapore Distribution Center 3,distribution_center,Singapore,1.2182,104.6755,Japan Region 14,customer_region,Japan,33.4714,137.202
EDGE00161,DC0003,CUST0014,rail,6.9,49.333,465,Singapore Distribution Center 3,distribution_center,Singapore,1.2182,104.6755,Japan Region 14,customer_region,Japan,33.4714,137.202
EDGE00162,DC0003,CUST0015,air,4.8,459.407,439,Singapore Distribution Center 3,distribution_center,Singapore,1.2182,104.6755,Italy Region 15,customer_region,Italy,41.2021,11.1981
EDGE00163,DC0003,CUST0015,ocean,23.9,61.254,519,Singapore Distribution Center 3,distribution_center,Singapore,1.2182,104.6755,Italy Region 15,customer_region,Italy,41.2021,11.1981
EDGE00164,DC0003,CUST0016,air,4.6,475.325,593,Singapore Distribution Center 3,distribution_center,Singapore,1.2182,104.6755,Netherlands Region 16,customer_region,Netherlands,54.1024,4.4305
EDGE00165,DC0003,CUST0016,ocean,25.8,63.377,476,Singapore Distribution Center 3,distribution_center,Singapore,1.2182,104.6755,Netherlands Region 16,customer_region,Netherlands,54.1024,4.4305
EDGE00166,DC0003,CUST0017,air,5.2,675.443,701,Singapore Distribution Center 3,distribution_center,Singapore,1.2182,104.6755,United States Region 17,customer_region,United States,38.5056,-98.3238
EDGE00167,DC0003,CUST0017,ocean,35.6,90.059,520,Singapore Distribution Center 3,distribution_center,Singapore,1.2182,104.6755,United States Region 17,customer_region,United States,38.5056,-98.3238
EDGE00168,DC0003,CUST0018,air,3.3,447.57,338,Singapore Distribution Center 3,distribution_center,Singapore,1.2182,104.6755,Italy Region 18,customer_region,Italy,39.7155,14.3832
EDGE00169,DC0003,CUST0018,ocean,24.3,59.676,410,Singapore Distribution Center 3,distribution_center,Singapore,1.2182,104.6755,Italy Region 18,customer_region,Italy,39.7155,14.3832
EDGE00170,DC0003,CUST0019,air,4.0,443.32,603,Singapore Distribution Center 3,distribution_center,Singapore,1.2182,104.6755,Italy Region 19,customer_region,Italy,39.3173,15.4913
EDGE00171,DC0003,CUST0019,ocean,24.1,59.109,426,Singapore Distribution Center 3,distribution_center,Singapore,1.2182,104.6755,Italy Region 19,customer_region,Italy,39.3173,15.4913
EDGE00172,DC0003,CUST0020,air,4.6,463.707,488,Singapore Distribution Center 3,distribution_center,Singapore,1.2182,104.6755,Germany Region 20,customer_region,Germany,52.7935,8.6423
EDGE00173,DC0003,CUST0020,ocean,25.3,61.828,562,Singapore Distribution Center 3,distribution_center,Singapore,1.2182,104.6755,Germany Region 20,customer_region,Germany,52.7935,8.6423
EDGE00174,DC0003,CUST0021,air,4.5,511.815,508,Singapore Distribution Center 3,distribution_center,Singapore,1.2182,104.6755,Spain Region 21,customer_region,Spain,37.4931,-1.8572
EDGE00175,DC0003,CUST0021,ocean,27.3,68.242,720,Singapore Distribution Center 3,distribution_center,Singapore,1.2182,104.6755,Spain Region 21,customer_region,Spain,37.4931,-1.8572
EDGE00176,DC0003,CUST0022,air,5.4,584.344,381,Singapore Distribution Center 3,distribution_center,Singapore,1.2182,104.6755,Canada Region 22,customer_region,Canada,57.3711,-104.976
EDGE00177,DC0003,CUST0022,ocean,30.9,77.913,433,Singapore Distribution Center 3,distribution_center,Singapore,1.2182,104.6755,Canada Region 22,customer_region,Canada,57.3711,-104.976
EDGE00178,DC0003,CUST0023,air,1.5,179.284,702,Singapore Distribution Center 3,distribution_center,Singapore,1.2182,104.6755,Australia Region 23,customer_region,Australia,-23.6424,131.2243
EDGE00179,DC0003,CUST0023,ocean,11.1,23.905,616,Singapore Distribution Center 3,distribution_center,Singapore,1.2182,104.6755,Australia Region 23,customer_region,Australia,-23.6424,131.2243
EDGE00180,DC0003,CUST0023,rail,6.4,39.841,341,Singapore Distribution Center 3,distribution_center,Singapore,1.2182,104.6755,Australia Region 23,customer_region,Australia,-23.6424,131.2243
EDGE00181,DC0003,CUST0024,air,3.0,224.285,545,Singapore Distribution Center 3,distribution_center,Singapore,1.2182,104.6755,Japan Region 24,customer_region,Japan,35.3508,135.9452
EDGE00182,DC0003,CUST0024,ocean,13.3,29.905,403,Singapore Distribution Center 3,distribution_center,Singapore,1.2182,104.6755,Japan Region 24,customer_region,Japan,35.3508,135.9452
EDGE00183,DC0003,CUST0024,rail,7.7,49.841,1060,Singapore Distribution Center 3,distribution_center,Singapore,1.2182,104.6755,Japan Region 24,customer_region,Japan,35.3508,135.9452
EDGE00184,DC0003,CUST0025,air,4.2,455.856,246,Singapore Distribution Center 3,distribution_center,Singapore,1.2182,104.6755,Germany Region 25,customer_region,Germany,53.3386,11.1898
EDGE00185,DC0003,CUST0025,ocean,24.5,60.781,655,Singapore Distribution Center 3,distribution_center,Singapore,1.2182,104.6755,Germany Region 25,customer_region,Germany,53.3386,11.1898
EDGE00186,DC0003,CUST0026,air,4.1,498.789,517,Singapore Distribution Center 3,distribution_center,Singapore,1.2182,104.6755,France Region 26,customer_region,France,45.2154,-0.4086
EDGE00187,DC0003,CUST0026,ocean,25.4,66.505,557,Singapore Distribution Center 3,distribution_center,Singapore,1.2182,104.6755,France Region 26,customer_region,France,45.2154,-0.4086
EDGE00188,DC0003,CUST0027,air,4.5,458.314,600,Singapore Distribution Center 3,distribution_center,Singapore,1.2182,104.6755,Italy Region 27,customer_region,Italy,40.7359,11.5211
EDGE00189,DC0003,CUST0027,ocean,24.9,61.109,717,Singapore Distribution Center 3,distribution_center,Singapore,1.2182,104.6755,Italy Region 27,customer_region,Italy,40.7359,11.5211
EDGE00190,DC0003,CUST0028,air,1.2,192.196,499,Singapore Distribution Center 3,distribution_center,Singapore,1.2182,104.6755,Australia Region 28,customer_region,Australia,-23.8924,134.6053
EDGE00191,DC0003,CUST0028,ocean,11.2,25.626,363,Singapore Distribution Center 3,distribution_center,Singapore,1.2182,104.6755,Australia Region 28,customer_region,Australia,-23.8924,134.6053
EDGE00192,DC0003,CUST0028,rail,6.4,42.71,306,Singapore Distribution Center 3,distribution_center,Singapore,1.2182,104.6755,Australia Region 28,customer_region,Australia,-23.8924,134.6053
EDGE00193,DC0003,CUST0029,air,4.8,493.391,459,Singapore Distribution Center 3,distribution_center,Singapore,1.2182,104.6755,United Kingdom Region 29,customer_region,United Kingdom,57.7033,-3.6067
EDGE00194,DC0003,CUST0029,ocean,27.1,65.785,556,Singapore Distribution Center 3,distribution_center,Singapore,1.2182,104.6755,United Kingdom Region 29,customer_region,United Kingdom,57.7033,-3.6067
EDGE00195,DC0003,CUST0030,air,4.4,495.5,486,Singapore Distribution Center 3,distribution_center,Singapore,1.2182,104.6755,United Kingdom Region 30,customer_region,United Kingdom,53.0976,-2.1605
EDGE00196,DC0003,CUST0030,ocean,27.1,66.067,609,Singapore Distribution Center 3,distribution_center,Singapore,1.2182,104.6755,United Kingdom Region 30,customer_region,United Kingdom,53.0976,-2.1605
EDGE00197,DC0004,CUST0001,air,3.5,422.814,494,Germany Distribution Center 4,distribution_center,Germany,50.259,10.4927,South Africa Region 1,customer_region,South Africa,-33.1697,25.6333
EDGE00198,DC0004,CUST0001,ocean,23.3,56.375,600,Germany Distribution Center 4,distribution_center,Germany,50.259,10.4927,South Africa Region 1,customer_region,South Africa,-33.1697,25.6333
EDGE00199,DC0004,CUST0002,air,2.0,299.29,323,Germany Distribution Center 4,distribution_center,Germany,50.259,10.4927,India Region 2,customer_region,India,23.3838,80.8104
EDGE00200,DC0004,CUST0002,ocean,17.1,39.905,381,Germany Distribution Center 4,distribution_center,Germany,50.259,10.4927,India Region 2,customer_region,India,23.3838,80.8104
EDGE00201,DC0004,CUST0003,air,3.3,363.785,760,Germany Distribution Center 4,distribution_center,Germany,50.259,10.4927,United States Region 3,customer_region,United States,38.6477,-100.994
EDGE00202,DC0004,CUST0003,ocean,20.1,48.505,570,Germany Distribution Center 4,distribution_center,Germany,50.259,10.4927,United States Region 3,customer_region,United States,38.6477,-100.994
EDGE00203,DC0004,CUST0004,air,3.8,402.461,359,Germany Distribution Center 4,distribution_center,Germany,50.259,10.4927,South Africa Region 4,customer_region,South Africa,-29.4546,22.5809
EDGE00204,DC0004,CUST0004,ocean,22.8,53.662,580,Germany Distribution Center 4,distribution_center,Germany,50.259,10.4927,South Africa Region 4,customer_region,South Africa,-29.4546,22.5809
EDGE00205,DC0004,CUST0005,rail,1.0,9.401,855,Germany Distribution Center 4,distribution_center,Germany,50.259,10.4927,France Region 5,customer_region,France,43.9622,2.1811
EDGE00206,DC0004,CUST0005,road,1.0,16.921,456,Germany Distribution Center 4,distribution_center,Germany,50.259,10.4927,France Region 5,customer_region,France,43.9622,2.1811
EDGE00207,DC0004,CUST0006,air,1.4,75.776,377,Germany Distribution Center 4,distribution_center,Germany,50.259,10.4927,Spain Region 6,customer_region,Spain,37.6663,-1.2941
EDGE00208,DC0004,CUST0006,ocean,6.1,10.103,568,Germany Distribution Center 4,distribution_center,Germany,50.259,10.4927,Spain Region 6,customer_region,Spain,37.6663,-1.2941
EDGE00209,DC0004,CUST0006,rail,3.7,16.839,440,Germany Distribution Center 4,distribution_center,Germany,50.259,10.4927,Spain Region 6,customer_region,Spain,37.6663,-1.2941
EDGE00210,DC0004,CUST0007,air,3.3,396.816,321,Germany Distribution Center 4,distribution_center,Germany,50.259,10.4927,South Korea Region 7,customer_region,South Korea,34.4627,128.7451
EDGE00211,DC0004,CUST0007,ocean,21.7,52.909,631,Germany Distribution Center 4,distribution_center,Germany,50.259,10.4927,South Korea Region 7,customer_region,South Korea,34.4627,128.7451
EDGE00212,DC0004,CUST0008,air,2.0,73.949,356,Germany Distribution Center 4,distribution_center,Germany,50.259,10.4927,Spain Region 8,customer_region,Spain,39.3303,-3.6296
EDGE00213,DC0004,CUST0008,ocean,6.5,9.86,437,Germany Distribution Center 4,distribution_center,Germany,50.259,10.4927,Spain Region 8,customer_region,Spain,39.3303,-3.6296
EDGE00214,DC0004,CUST0008,rail,2.9,16.433,438,Germany Distribution Center 4,distribution_center,Germany,50.259,10.4927,Spain Region 8,customer_region,Spain,39.3303,-3.6296
EDGE00215,DC0004,CUST0009,air,3.3,405.711,573,Germany Distribution Center 4,distribution_center,Germany,50.259,10.4927,South Africa Region 9,customer_region,South Africa,-30.2797,21.0491
EDGE00216,DC0004,CUST0009,ocean,22.1,54.095,411,Germany Distribution Center 4,distribution_center,Germany,50.259,10.4927,South Africa Region 9,customer_region,South Africa,-30.2797,21.0491
EDGE00217,DC0004,CUST0010,air,2.4,294.104,736,Germany Distribution Center 4,distribution_center,Germany,50.259,10.4927,Canada Region 10,customer_region,Canada,58.9475,-104.6992
EDGE00218,DC0004,CUST0010,ocean,16.6,39.214,521,Germany Distribution Center 4,distribution_center,Germany,50.259,10.4927,Canada Region 10,customer_region,Canada,58.9475,-104.6992
EDGE00219,DC0004,CUST0011,rail,1.8,4.536,466,Germany Distribution Center 4,distribution_center,Germany,50.259,10.4927,France Region 11,customer_region,France,48.867,4.579
EDGE00220,DC0004,CUST0011,road,1.0,8.164,643,Germany Distribution Center 4,distribution_center,Germany,50.259,10.4927,France Region 11,customer_region,France,48.867,4.579
EDGE00221,DC0004,CUST0012,air,3.8,412.92,410,Germany Distribution Center 4,distribution_center,Germany,50.259,10.4927,Brazil Region 12,customer_region,Brazil,-13.6526,-49.3988
EDGE00222,DC0004,CUST0012,ocean,22.7,55.056,513,Germany Distribution Center 4,distribution_center,Germany,50.259,10.4927,Brazil Region 12,customer_region,Brazil,-13.6526,-49.3988
EDGE00223,DC0004,CUST0013,air,2.9,306.788,421,Germany Distribution Center 4,distribution_center,Germany,50.259,10.4927,India Region 13,customer_region,India,18.121,77.1359
EDGE00224,DC0004,CUST0013,ocean,17.8,40.905,723,Germany Distribution Center 4,distribution_center,Germany,50.259,10.4927,India Region 13,customer_region,India,18.121,77.1359
EDGE00225,DC0004,CUST0014,air,3.5,420.092,343,Germany Distribution Center 4,distribution_center,Germany,50.259,10.4927,Japan Region 14,customer_region,Japan,33.4714,137.202
EDGE00226,DC0004,CUST0014,ocean,23.3,56.012,478,Germany Distribution Center 4,distribution_center,Germany,50.259,10.4927,Japan Region 14,customer_region,Japan,33.4714,137.202
EDGE00227,DC0004,CUST0015,rail,2.7,10.086,488,Germany Distribution Center 4,distribution_center,Germany,50.259,10.4927,Italy Region 15,customer_region,Italy,41.2021,11.1981
EDGE00228,DC0004,CUST0015,road,1.0,18.154,503,Germany Distribution Center 4,distribution_center,Germany,50.259,10.4927,Italy Region 15,customer_region,Italy,41.2021,11.1981
EDGE00229,DC0004,CUST0016,rail,2.4,5.941,242,Germany Distribution Center 4,distribution_center,Germany,50.259,10.4927,Netherlands Region 16,customer_region,Netherlands,54.1024,4.4305
EDGE00230,DC0004,CUST0016,road,1.0,10.695,426,Germany Distribution Center 4,distribution_center,Germany,50.259,10.4927,Netherlands Region 16,customer_region,Netherlands,54.1024,4.4305
EDGE00231,DC0004,CUST0017,air,3.7,357.749,892,Germany Distribution Center 4,distribution_center,Germany,50.259,10.4927,United States Region 17,customer_region,United States,38.5056,-98.3238
EDGE00232,DC0004,CUST0017,ocean,19.1,47.7,356,Germany Distribution Center 4,distribution_center,Germany,50.259,10.4927,United States Region 17,customer_region,United States,38.5056,-98.3238
EDGE00233,DC0004,CUST0018,rail,2.6,12.112,764,Germany Distribution Center 4,distribution_center,Germany,50.259,10.4927,Italy Region 18,customer_region,Italy,39.7155,14.3832
EDGE00234,DC0004,CUST0018,road,1.0,21.802,721,Germany Distribution Center 4,distribution_center,Germany,50.259,10.4927,Italy Region 18,customer_region,Italy,39.7155,14.3832
EDGE00235,DC0004,CUST0019,rail,2.4,12.783,294,Germany Distribution Center 4,distribution_center,Germany,50.259,10.4927,Italy Region 19,customer_region,Italy,39.3173,15.4913
EDGE00236,DC0004,CUST0019,road,1.0,23.009,287,Germany Distribution Center 4,distribution_center,Germany,50.259,10.4927,Italy Region 19,customer_region,Italy,39.3173,15.4913
EDGE00237,DC0004,CUST0020,rail,1.2,3.095,367,Germany Distribution Center 4,distribution_center,Germany,50.259,10.4927,Germany Region 20,customer_region,Germany,52.7935,8.6423
EDGE00238,DC0004,CUST0020,road,1.0,5.571,314,Germany Distribution Center 4,distribution_center,Germany,50.259,10.4927,Germany Region 20,customer_region,Germany,52.7935,8.6423
EDGE00239,DC0004,CUST0021,air,2.0,77.652,866,Germany Distribution Center 4,distribution_center,Germany,50.259,10.4927,Spain Region 21,customer_region,Spain,37.4931,-1.8572
EDGE00240,DC0004,CUST0021,ocean,7.3,10.354,547,Germany Distribution Center 4,distribution_center,Germany,50.259,10.4927,Spain Region 21,customer_region,Spain,37.4931,-1.8572
EDGE00241,DC0004,CUST0021,rail,2.8,17.256,544,Germany Distribution Center 4,distribution_center,Germany,50.259,10.4927,Spain Region 21,customer_region,Spain,37.4931,-1.8572
EDGE00242,DC0004,CUST0022,air,2.6,300.44,769,Germany Distribution Center 4,distribution_center,Germany,50.259,10.4927,Canada Region 22,customer_region,Canada,57.3711,-104.976
EDGE00243,DC0004,CUST0022,ocean,17.6,40.059,365,Germany Distribution Center 4,distribution_center,Germany,50.259,10.4927,Canada Region 22,customer_region,Canada,57.3711,-104.976
EDGE00244,DC0004,CUST0023,air,5.4,637.579,436,Germany Distribution Center 4,distribution_center,Germany,50.259,10.4927,Australia Region 23,customer_region,Australia,-23.6424,131.2243
EDGE00245,DC0004,CUST0023,ocean,33.6,85.01,466,Germany Distribution Center 4,distribution_center,Germany,50.259,10.4927,Australia Region 23,customer_region,Australia,-23.6424,131.2243
EDGE00246,DC0004,CUST0024,air,3.5,409.362,353,Germany Distribution Center 4,distribution_center,Germany,50.259,10.4927,Japan Region 24,customer_region,Japan,35.3508,135.9452
EDGE00247,DC0004,CUST0024,ocean,22.4,54.582,578,Germany Distribution Center 4,distribution_center,Germany,50.259,10.4927,Japan Region 24,customer_region,Japan,35.3508,135.9452
EDGE00248,DC0004,CUST0025,rail,1.4,3.458,347,Germany Distribution Center 4,distribution_center,Germany,50.259,10.4927,Germany Region 25,customer_region,Germany,53.3386,11.1898
EDGE00249,DC0004,CUST0025,road,1.0,6.224,556,Germany Distribution Center 4,distribution_center,Germany,50.259,10.4927,Germany Region 25,customer_region,Germany,53.3386,11.1898
EDGE00250,DC0004,CUST0026,rail,2.5,9.879,907,Germany Distribution Center 4,distribution_center,Germany,50.259,10.4927,France Region 26,customer_region,France,45.2154,-0.4086
EDGE00251,DC0004,CUST0026,road,1.0,17.783,741,Germany Distribution Center 4,distribution_center,Germany,50.259,10.4927,France Region 26,customer_region,France,45.2154,-0.4086
EDGE00252,DC0004,CUST0027,rail,2.9,10.619,607,Germany Distribution Center 4,distribution_center,Germany,50.259,10.4927,Italy Region 27,customer_region,Italy,40.7359,11.5211
EDGE00253,DC0004,CUST0027,road,1.1,19.115,541,Germany Distribution Center 4,distribution_center,Germany,50.259,10.4927,Italy Region 27,customer_region,Italy,40.7359,11.5211
EDGE00254,DC0004,CUST0028,ocean,34.7,86.556,742,Germany Distribution Center 4,distribution_center,Germany,50.259,10.4927,Australia Region 28,customer_region,Australia,-23.8924,134.6053
EDGE00255,DC0004,CUST0029,rail,1.7,12.347,330,Germany Distribution Center 4,distribution_center,Germany,50.259,10.4927,United Kingdom Region 29,customer_region,United Kingdom,57.7033,-3.6067
EDGE00256,DC0004,CUST0029,road,1.0,22.224,539,Germany Distribution Center 4,distribution_center,Germany,50.259,10.4927,United Kingdom Region 29,customer_region,United Kingdom,57.7033,-3.6067
EDGE00257,DC0004,CUST0030,rail,1.7,9.263,562,Germany Distribution Center 4,distribution_center,Germany,50.259,10.4927,United Kingdom Region 30,customer_region,United Kingdom,53.0976,-2.1605
EDGE00258,DC0004,CUST0030,road,1.1,16.673,478,Germany Distribution Center 4,distribution_center,Germany,50.259,10.4927,United Kingdom Region 30,customer_region,United Kingdom,53.0976,-2.1605
EDGE00259,DC0005,CUST0001,air,2.0,312.034,463,United Arab Emirates Distribution Center 5,distribution_center,United Arab Emirates,23.6972,52.4894,South Africa Region 1,customer_region,South Africa,-33.1697,25.6333
EDGE00260,DC0005,CUST0001,ocean,17.3,41.605,376,United Arab Emirates Distribution Center 5,distribution_center,United Arab Emirates,23.6972,52.4894,South Africa Region 1,customer_region,South Africa,-33.1697,25.6333
EDGE00261,DC0005,CUST0002,air,1.2,129.712,533,United Arab Emirates Distribution Center 5,distribution_center,United Arab Emirates,23.6972,52.4894,India Region 2,customer_region,India,23.3838,80.8104
EDGE00262,DC0005,CUST0002,ocean,8.5,17.295,448,United Arab Emirates Distribution Center 5,distribution_center,United Arab Emirates,23.6972,52.4894,India Region 2,customer_region,India,23.3838,80.8104
EDGE00263,DC0005,CUST0002,rail,5.0,28.825,663,United Arab Emirates Distribution Center 5,distribution_center,United Arab Emirates,23.6972,52.4894,India Region 2,customer_region,India,23.3838,80.8104
EDGE00264,DC0005,CUST0003,air,4.8,564.862,626,United Arab Emirates Distribution Center 5,distribution_center,United Arab Emirates,23.6972,52.4894,United States Region 3,customer_region,United States,38.6477,-100.994
EDGE00265,DC0005,CUST0003,ocean,31.4,75.315,326,United Arab Emirates Distribution Center 5,distribution_center,United Arab Emirates,23.6972,52.4894,United States Region 3,customer_region,United States,38.6477,-100.994
EDGE00266,DC0005,CUST0004,air,2.7,302.37,364,United Arab Emirates Distribution Center 5,distribution_center,United Arab Emirates,23.6972,52.4894,South Africa Region 4,customer_region,South Africa,-29.4546,22.5809
EDGE00267,DC0005,CUST0004,ocean,17.5,40.316,428,United Arab Emirates Distribution Center 5,distribution_center,United Arab Emirates,23.6972,52.4894,South Africa Region 4,customer_region,South Africa,-29.4546,22.5809
EDGE00268,DC0005,CUST0005,air,2.3,228.062,383,United Arab Emirates Distribution Center 5,distribution_center,United Arab Emirates,23.6972,52.4894,France Region 5,customer_region,France,43.9622,2.1811
EDGE00269,DC0005,CUST0005,ocean,13.7,30.408,467,United Arab Emirates Distribution Center 5,distribution_center,United Arab Emirates,23.6972,52.4894,France Region 5,customer_region,France,43.9622,2.1811
EDGE00270,DC0005,CUST0005,rail,9.0,50.68,434,United Arab Emirates Distribution Center 5,distribution_center,United Arab Emirates,23.6972,52.4894,France Region 5,customer_region,France,43.9622,2.1811
EDGE00271,DC0005,CUST0006,air,2.5,238.355,505,United Arab Emirates Distribution Center 5,distribution_center,United Arab Emirates,23.6972,52.4894,Spain Region 6,customer_region,Spain,37.6663,-1.2941
EDGE00272,DC0005,CUST0006,ocean,14.2,31.781,710,United Arab Emirates Distribution Center 5,distribution_center,United Arab Emirates,23.6972,52.4894,Spain Region 6,customer_region,Spain,37.6663,-1.2941
EDGE00273,DC0005,CUST0006,rail,9.0,52.968,561,United Arab Emirates Distribution Center 5,distribution_center,United Arab Emirates,23.6972,52.4894,Spain Region 6,customer_region,Spain,37.6663,-1.2941
EDGE00274,DC0005,CUST0007,air,3.8,330.229,1370,United Arab Emirates Distribution Center 5,distribution_center,United Arab Emirates,23.6972,52.4894,South Korea Region 7,customer_region,South Korea,34.4627,128.7451
EDGE00275,DC0005,CUST0007,ocean,19.1,44.031,379,United Arab Emirates Distribution Center 5,distribution_center,United Arab Emirates,23.6972,52.4894,South Korea Region 7,customer_region,South Korea,34.4627,128.7451
EDGE00276,DC0005,CUST0008,air,2.0,247.641,336,United Arab Emirates Distribution Center 5,distribution_center,United Arab Emirates,23.6972,52.4894,Spain Region 8,customer_region,Spain,39.3303,-3.6296
EDGE00277,DC0005,CUST0008,ocean,15.1,33.019,521,United Arab Emirates Distribution Center 5,distribution_center,United Arab Emirates,23.6972,52.4894,Spain Region 8,customer_region,Spain,39.3303,-3.6296
EDGE00278,DC0005,CUST0008,rail,8.5,55.031,594,United Arab Emirates Distribution Center 5,distribution_center,United Arab Emirates,23.6972,52.4894,Spain Region 8,customer_region,Spain,39.3303,-3.6296
EDGE00279,DC0005,CUST0009,air,2.0,309.407,131,United Arab Emirates Distribution Center 5,distribution_center,United Arab Emirates,23.6972,52.4894,South Africa Region 9,customer_region,South Africa,-30.2797,21.0491
EDGE00280,DC0005,CUST0009,ocean,18.0,41.254,348,United Arab Emirates Distribution Center 5,distribution_center,United Arab Emirates,23.6972,52.4894,South Africa Region 9,customer_region,South Africa,-30.2797,21.0491
EDGE00281,DC0005,CUST0010,air,4.4,476.488,961,United Arab Emirates Distribution Center 5,distribution_center,United Arab Emirates,23.6972,52.4894,Canada Region 10,customer_region,Canada,58.9475,-104.6992
EDGE00282,DC0005,CUST0010,ocean,25.1,63.532,494,United Arab Emirates Distribution Center 5,distribution_center,United Arab Emirates,23.6972,52.4894,Canada Region 10,customer_region,Canada,58.9475,-104.6992
EDGE00283,DC0005,CUST0011,air,2.6,225.434,656,United Arab Emirates Distribution Center 5,distribution_center,United Arab Emirates,23.6972,52.4894,France Region 11,customer_region,France,48.867,4.579
EDGE00284,DC0005,CUST0011,ocean,13.5,30.058,480,United Arab Emirates Distribution Center 5,distribution_center,United Arab Emirates,23.6972,52.4894,France Region 11,customer_region,France,48.867,4.579
EDGE00285,DC0005,CUST0011,rail,8.8,50.097,353,United Arab Emirates Distribution Center 5,distribution_center,United Arab Emirates,23.6972,52.4894,France Region 11,customer_region,France,48.867,4.579
EDGE00286,DC0005,CUST0012,air,3.8,531.154,626,United Arab Emirates Distribution Center 5,distribution_center,United Arab Emirates,23.6972,52.4894,Brazil Region 12,customer_region,Brazil,-13.6526,-49.3988
EDGE00287,DC0005,CUST0012,ocean,28.7,70.821,581,United Arab Emirates Distribution Center 5,distribution_center,United Arab Emirates,23.6972,52.4894,Brazil Region 12,customer_region,Brazil,-13.6526,-49.3988
EDGE00288,DC0005,CUST0013,air,1.5,118.359,665,United Arab Emirates Distribution Center 5,distribution_center,United Arab Emirates,23.6972,52.4894,India Region 13,customer_region,India,18.121,77.1359
EDGE00289,DC0005,CUST0013,ocean,8.6,15.781,711,United Arab Emirates Distribution Center 5,distribution_center,United Arab Emirates,23.6972,52.4894,India Region 13,customer_region,India,18.121,77.1359
EDGE00290,DC0005,CUST0013,rail,4.0,26.302,440,United Arab Emirates Distribution Center 5,distribution_center,United Arab Emirates,23.6972,52.4894,India Region 13,customer_region,India,18.121,77.1359
EDGE00291,DC0005,CUST0014,air,3.5,365.373,487,United Arab Emirates Distribution Center 5,distribution_center,United Arab Emirates,23.6972,52.4894,Japan Region 14,customer_region,Japan,33.4714,137.202
EDGE00292,DC0005,CUST0014,ocean,20.3,48.716,445,United Arab Emirates Distribution Center 5,distribution_center,United Arab Emirates,23.6972,52.4894,Japan Region 14,customer_region,Japan,33.4714,137.202
EDGE00293,DC0005,CUST0015,air,1.7,192.744,493,United Arab Emirates Distribution Center 5,distribution_center,United Arab Emirates,23.6972,52.4894,Italy Region 15,customer_region,Italy,41.2021,11.1981
EDGE00294,DC0005,CUST0015,ocean,11.6,25.699,576,United Arab Emirates Distribution Center 5,distribution_center,United Arab Emirates,23.6972,52.4894,Italy Region 15,customer_region,Italy,41.2021,11.1981
EDGE00295,DC0005,CUST0015,rail,6.5,42.832,475,United Arab Emirates Distribution Center 5,distribution_center,United Arab Emirates,23.6972,52.4894,Italy Region 15,customer_region,Italy,41.2021,11.1981
EDGE00296,DC0005,CUST0016,air,2.4,234.229,412,United Arab Emirates Distribution Center 5,distribution_center,United Arab Emirates,23.6972,52.4894,Netherlands Region 16,customer_region,Netherlands,54.1024,4.4305
EDGE00297,DC0005,CUST0016,ocean,14.4,31.231,546,United Arab Emirates Distribution Center 5,distribution_center,United Arab Emirates,23.6972,52.4894,Netherlands Region 16,customer_region,Netherlands,54.1024,4.4305
EDGE00298,DC0005,CUST0016,rail,7.6,52.051,314,United Arab Emirates Distribution Center 5,distribution_center,United Arab Emirates,23.6972,52.4894,Netherlands Region 16,customer_region,Netherlands,54.1024,4.4305
EDGE00299,DC0005,CUST0017,air,4.8,560.657,608,United Arab Emirates Distribution Center 5,distribution_center,United Arab Emirates,23.6972,52.4894,United States Region 17,customer_region,United States,38.5056,-98.3238
EDGE00300,DC0005,CUST0017,ocean,30.1,74.754,272,United Arab Emirates Distribution Center 5,distribution_center,United Arab Emirates,23.6972,52.4894,United States Region 17,customer_region,United States,38.5056,-98.3238
EDGE00301,DC0005,CUST0018,air,1.2,179.142,481,United Arab Emirates Distribution Center 5,distribution_center,United Arab Emirates,23.6972,52.4894,Italy Region 18,customer_region,Italy,39.7155,14.3832
EDGE00302,DC0005,CUST0018,ocean,12.1,23.886,533,United Arab Emirates Distribution Center 5,distribution_center,United Arab Emirates,23.6972,52.4894,Italy Region 18,customer_region,Italy,39.7155,14.3832
EDGE00303,DC0005,CUST0018,rail,6.0,39.809,441,United Arab Emirates Distribution Center 5,distribution_center,United Arab Emirates,23.6972,52.4894,Italy Region 18,customer_region,Italy,39.7155,14.3832
EDGE00304,DC0005,CUST0019,air,2.0,174.491,905,United Arab Emirates Distribution Center 5,distribution_center,United Arab Emirates,23.6972,52.4894,Italy Region 19,customer_region,Italy,39.3173,15.4913
EDGE00305,DC0005,CUST0019,ocean,12.0,23.265,381,United Arab Emirates Distribution Center 5,distribution_center,United Arab Emirates,23.6972,52.4894,Italy Region 19,customer_region,Italy,39.3173,15.4913
EDGE00306,DC0005,CUST0019,rail,6.8,38.776,392,United Arab Emirates Distribution Center 5,distribution_center,United Arab Emirates,23.6972,52.4894,Italy Region 19,customer_region,Italy,39.3173,15.4913
EDGE00307,DC0005,CUST0020,air,2.0,220.13,214,United Arab Emirates Distribution Center 5,distribution_center,United Arab Emirates,23.6972,52.4894,Germany Region 20,customer_region,Germany,52.7935,8.6423
EDGE00308,DC0005,CUST0020,ocean,13.6,29.351,356,United Arab Emirates Distribution Center 5,distribution_center,United Arab Emirates,23.6972,52.4894,Germany Region 20,customer_region,Germany,52.7935,8.6423
EDGE00309,DC0005,CUST0020,rail,8.0,48.918,244,United Arab Emirates Distribution Center 5,distribution_center,United Arab Emirates,23.6972,52.4894,Germany Region 20,customer_region,Germany,52.7935,8.6423
EDGE00310,DC0005,CUST0021,air,2.8,240.577,339,United Arab Emirates Distribution Center 5,distribution_center,United Arab Emirates,23.6972,52.4894,Spain Region 21,customer_region,Spain,37.4931,-1.8572
EDGE00311,DC0005,CUST0021,ocean,14.0,32.077,857,United Arab Emirates Distribution Center 5,distribution_center,United Arab Emirates,23.6972,52.4894,Spain Region 21,customer_region,Spain,37.4931,-1.8572
EDGE00312,DC0005,CUST0021,rail,8.0,53.462,512,United Arab Emirates Distribution Center 5,distribution_center,United Arab Emirates,23.6972,52.4894,Spain Region 21,customer_region,Spain,37.4931,-1.8572
EDGE00313,DC0005,CUST0022,air,4.5,484.121,519,United Arab Emirates Distribution Center 5,distribution_center,United Arab Emirates,23.6972,52.4894,Canada Region 22,customer_region,Canada,57.3711,-104.976
EDGE00314,DC0005,CUST0022,ocean,27.1,64.55,523,United Arab Emirates Distribution Center 5,distribution_center,United Arab Emirates,23.6972,52.4894,Canada Region 22,customer_region,Canada,57.3711,-104.976
EDGE00315,DC0005,CUST0023,air,3.7,449.568,630,United Arab Emirates Distribution Center 5,distribution_center,United Arab Emirates,23.6972,52.4894,Australia Region 23,customer_region,Australia,-23.6424,131.2243
EDGE00316,DC0005,CUST0023,ocean,24.6,59.942,615,United Arab Emirates Distribution Center 5,distribution_center,United Arab Emirates,23.6972,52.4894,Australia Region 23,customer_region,Australia,-23.6424,131.2243
EDGE00317,DC0005,CUST0024,air,3.2,357.665,584,United Arab Emirates Distribution Center 5,distribution_center,United Arab Emirates,23.6972,52.4894,Japan Region 24,customer_region,Japan,35.3508,135.9452
EDGE00318,DC0005,CUST0024,ocean,19.9,47.689,340,United Arab Emirates Distribution Center 5,distribution_center,United Arab Emirates,23.6972,52.4894,Japan Region 24,customer_region,Japan,35.3508,135.9452
EDGE00319,DC0005,CUST0025,air,2.5,214.407,671,United Arab Emirates Distribution Center 5,distribution_center,United Arab Emirates,23.6972,52.4894,Germany Region 25,customer_region,Germany,53.3386,11.1898
EDGE00320,DC0005,CUST0025,ocean,12.2,28.588,458,United Arab Emirates Distribution Center 5,distribution_center,United Arab Emirates,23.6972,52.4894,Germany Region 25,customer_region,Germany,53.3386,11.1898
EDGE00321,DC0005,CUST0025,rail,7.3,47.646,642,United Arab Emirates Distribution Center 5,distribution_center,United Arab Emirates,23.6972,52.4894,Germany Region 25,customer_region,Germany,53.3386,11.1898
EDGE00322,DC0005,CUST0026,air,2.0,238.153,664,United Arab Emirates Distribution Center 5,distribution_center,United Arab Emirates,23.6972,52.4894,France Region 26,customer_region,France,45.2154,-0.4086
EDGE00323,DC0005,CUST0026,ocean,14.9,31.754,313,United Arab Emirates Distribution Center 5,distribution_center,United Arab Emirates,23.6972,52.4894,France Region 26,customer_region,France,45.2154,-0.4086
EDGE00324,DC0005,CUST0026,rail,8.3,52.923,1075,United Arab Emirates Distribution Center 5,distribution_center,United Arab Emirates,23.6972,52.4894,France Region 26,customer_region,France,45.2154,-0.4086
EDGE00325,DC0005,CUST0027,air,2.0,191.0,389,United Arab Emirates Distribution Center 5,distribution_center,United Arab Emirates,23.6972,52.4894,Italy Region 27,customer_region,Italy,40.7359,11.5211
EDGE00326,DC0005,CUST0027,ocean,11.5,25.467,455,United Arab Emirates Distribution Center 5,distribution_center,United Arab Emirates,23.6972,52.4894,Italy Region 27,customer_region,Italy,40.7359,11.5211
EDGE00327,DC0005,CUST0027,rail,6.8,42.444,600,United Arab Emirates Distribution Center 5,distribution_center,United Arab Emirates,23.6972,52.4894,Italy Region 27,customer_region,Italy,40.7359,11.5211
EDGE00328,DC0005,CUST0028,air,4.1,464.088,348,United Arab Emirates Distribution Center 5,distribution_center,United Arab Emirates,23.6972,52.4894,Australia Region 28,customer_region,Australia,-23.8924,134.6053
EDGE00329,DC0005,CUST0028,ocean,25.3,61.878,407,United Arab Emirates Distribution Center 5,distribution_center,United Arab Emirates,23.6972,52.4894,Australia Region 28,customer_region,Australia,-23.8924,134.6053
EDGE00330,DC0005,CUST0029,air,2.6,261.297,722,United Arab Emirates Distribution Center 5,distribution_center,United Arab Emirates,23.6972,52.4894,United Kingdom Region 29,customer_region,United Kingdom,57.7033,-3.6067
EDGE00331,DC0005,CUST0029,ocean,15.6,34.84,414,United Arab Emirates Distribution Center 5,distribution_center,United Arab Emirates,23.6972,52.4894,United Kingdom Region 29,customer_region,United Kingdom,57.7033,-3.6067
EDGE00332,DC0005,CUST0029,rail,9.2,58.066,750,United Arab Emirates Distribution Center 5,distribution_center,United Arab Emirates,23.6972,52.4894,United Kingdom Region 29,customer_region,United Kingdom,57.7033,-3.6067
EDGE00333,DC0005,CUST0030,air,2.6,251.417,378,United Arab Emirates Distribution Center 5,distribution_center,United Arab Emirates,23.6972,52.4894,United Kingdom Region 30,customer_region,United Kingdom,53.0976,-2.1605
EDGE00334,DC0005,CUST0030,ocean,14.6,33.522,522,United Arab Emirates Distribution Center 5,distribution_center,United Arab Emirates,23.6972,52.4894,United Kingdom Region 30,customer_region,United Kingdom,53.0976,-2.1605
EDGE00335,DC0005,CUST0030,rail,8.4,55.871,465,United Arab Emirates Distribution Center 5,distribution_center,United Arab Emirates,23.6972,52.4894,United Kingdom Region 30,customer_region,United Kingdom,53.0976,-2.1605
EDGE00336,DC0006,CUST0001,air,2.6,312.972,506,United Arab Emirates Distribution Center 6,distribution_center,United Arab Emirates,23.7426,52.8616,South Africa Region 1,customer_region,South Africa,-33.1697,25.6333
EDGE00337,DC0006,CUST0001,ocean,17.2,41.73,361,United Arab Emirates Distribution Center 6,distribution_center,United Arab Emirates,23.7426,52.8616,South Africa Region 1,customer_region,South Africa,-33.1697,25.6333
EDGE00338,DC0006,CUST0002,air,1.4,127.994,349,United Arab Emirates Distribution Center 6,distribution_center,United Arab Emirates,23.7426,52.8616,India Region 2,customer_region,India,23.3838,80.8104
EDGE00339,DC0006,CUST0002,ocean,8.6,17.066,539,United Arab Emirates Distribution Center 6,distribution_center,United Arab Emirates,23.7426,52.8616,India Region 2,customer_region,India,23.3838,80.8104
EDGE00340,DC0006,CUST0002,rail,5.0,28.443,466,United Arab Emirates Distribution Center 6,distribution_center,United Arab Emirates,23.7426,52.8616,India Region 2,customer_region,India,23.3838,80.8104
EDGE00341,DC0006,CUST0003,air,4.5,565.293,158,United Arab Emirates Distribution Center 6,distribution_center,United Arab Emirates,23.7426,52.8616,United States Region 3,customer_region,United States,38.6477,-100.994
EDGE00342,DC0006,CUST0003,ocean,30.3,75.372,505,United Arab Emirates Distribution Center 6,distribution_center,United Arab Emirates,23.7426,52.8616,United States Region 3,customer_region,United States,38.6477,-100.994
EDGE00343,DC0006,CUST0004,air,2.0,303.421,704,United Arab Emirates Distribution Center 6,distribution_center,United Arab Emirates,23.7426,52.8616,South Africa Region 4,customer_region,South Africa,-29.4546,22.5809
EDGE00344,DC0006,CUST0004,ocean,17.7,40.456,428,United Arab Emirates Distribution Center 6,distribution_center,United Arab Emirates,23.7426,52.8616,South Africa Region 4,customer_region,South Africa,-29.4546,22.5809
EDGE00345,DC0006,CUST0005,air,3.5,229.242,413,United Arab Emirates Distribution Center 6,distribution_center,United Arab Emirates,23.7426,52.8616,France Region 5,customer_region,France,43.9622,2.1811
EDGE00346,DC0006,CUST0005,ocean,13.2,30.566,478,United Arab Emirates Distribution Center 6,distribution_center,United Arab Emirates,23.7426,52.8616,France Region 5,customer_region,France,43.9622,2.1811
EDGE00347,DC0006,CUST0005,rail,8.4,50.943,329,United Arab Emirates Distribution Center 6,distribution_center,United Arab Emirates,23.7426,52.8616,France Region 5,customer_region,France,43.9622,2.1811
EDGE00348,DC0006,CUST0006,air,2.2,239.715,245,United Arab Emirates Distribution Center 6,distribution_center,United Arab Emirates,23.7426,52.8616,Spain Region 6,customer_region,Spain,37.6663,-1.2941
EDGE00349,DC0006,CUST0006,ocean,14.9,31.962,640,United Arab Emirates Distribution Center 6,distribution_center,United Arab Emirates,23.7426,52.8616,Spain Region 6,customer_region,Spain,37.6663,-1.2941
EDGE00350,DC0006,CUST0006,rail,8.4,53.27,657,United Arab Emirates Distribution Center 6,distribution_center,United Arab Emirates,23.7426,52.8616,Spain Region 6,customer_region,Spain,37.6663,-1.2941
EDGE00351,DC0006,CUST0007,air,3.3,328.625,435,United Arab Emirates Distribution Center 6,distribution_center,United Arab Emirates,23.7426,52.8616,South Korea Region 7,customer_region,South Korea,34.4627,128.7451
EDGE00352,DC0006,CUST0007,ocean,18.2,43.817,320,United Arab Emirates Distribution Center 6,distribution_center,United Arab Emirates,23.7426,52.8616,South Korea Region 7,customer_region,South Korea,34.4627,128.7451
EDGE00353,DC0006,CUST0008,air,2.4,248.96,740,United Arab Emirates Distribution Center 6,distribution_center,United Arab Emirates,23.7426,52.8616,Spain Region 8,customer_region,Spain,39.3303,-3.6296
EDGE00354,DC0006,CUST0008,ocean,14.9,33.195,455,United Arab Emirates Distribution Center 6,distribution_center,United Arab Emirates,23.7426,52.8616,Spain Region 8,customer_region,Spain,39.3303,-3.6296
EDGE00355,DC0006,CUST0008,rail,9.0,55.324,541,United Arab Emirates Distribution Center 6,distribution_center,United Arab Emirates,23.7426,52.8616,Spain Region 8,customer_region,Spain,39.3303,-3.6296
EDGE00356,DC0006,CUST0009,air,2.5,310.477,331,United Arab Emirates Distribution Center 6,distribution_center,United Arab Emirates,23.7426,52.8616,South Africa Region 9,customer_region,South Africa,-30.2797,21.0491
EDGE00357,DC0006,CUST0009,ocean,17.7,41.397,481,United Arab Emirates Distribution Center 6,distribution_center,United Arab Emirates,23.7426,52.8616,South Africa Region 9,customer_region,South Africa,-30.2797,21.0491
EDGE00358,DC0006,CUST0010,air,4.8,476.605,473,United Arab Emirates Distribution Center 6,distribution_center,United Arab Emirates,23.7426,52.8616,Canada Region 10,customer_region,Canada,58.9475,-104.6992
EDGE00359,DC0006,CUST0010,ocean,25.5,63.547,801,United Arab Emirates Distribution Center 6,distribution_center,United Arab Emirates,23.7426,52.8616,Canada Region 10,customer_region,Canada,58.9475,-104.6992
EDGE00360,DC0006,CUST0011,air,2.3,226.448,473,United Arab Emirates Distribution Center 6,distribution_center,United Arab Emirates,23.7426,52.8616,France Region 11,customer_region,France,48.867,4.579
EDGE00361,DC0006,CUST0011,ocean,14.4,30.193,541,United Arab Emirates Distribution Center 6,distribution_center,United Arab Emirates,23.7426,52.8616,France Region 11,customer_region,France,48.867,4.579
EDGE00362,DC0006,CUST0011,rail,8.2,50.322,524,United Arab Emirates Distribution Center 6,distribution_center,United Arab Emirates,23.7426,52.8616,France Region 11,customer_region,France,48.867,4.579
EDGE00363,DC0006,CUST0012,air,4.6,532.874,403,United Arab Emirates Distribution Center 6,distribution_center,United Arab Emirates,23.7426,52.8616,Brazil Region 12,customer_region,Brazil,-13.6526,-49.3988
EDGE00364,DC0006,CUST0012,ocean,28.8,71.05,369,United Arab Emirates Distribution Center 6,distribution_center,United Arab Emirates,23.7426,52.8616,Brazil Region 12,customer_region,Brazil,-13.6526,-49.3988
EDGE00365,DC0006,CUST0013,air,1.4,116.712,587,United Arab Emirates Distribution Center 6,distribution_center,United Arab Emirates,23.7426,52.8616,India Region 13,customer_region,India,18.121,77.1359
EDGE00366,DC0006,CUST0013,ocean,8.8,15.562,547,United Arab Emirates Distribution Center 6,distribution_center,United Arab Emirates,23.7426,52.8616,India Region 13,customer_region,India,18.121,77.1359
EDGE00367,DC0006,CUST0013,rail,4.8,25.936,644,United Arab Emirates Distribution Center 6,distribution_center,United Arab Emirates,23.7426,52.8616,India Region 13,customer_region,India,18.121,77.1359
EDGE00368,DC0006,CUST0014,air,3.3,363.779,446,United Arab Emirates Distribution Center 6,distribution_center,United Arab Emirates,23.7426,52.8616,Japan Region 14,customer_region,Japan,33.4714,137.202
EDGE00369,DC0006,CUST0014,ocean,21.0,48.504,457,United Arab Emirates Distribution Center 6,distribution_center,United Arab Emirates,23.7426,52.8616,Japan Region 14,customer_region,Japan,33.4714,137.202
EDGE00370,DC0006,CUST0015,air,2.2,193.968,606,United Arab Emirates Distribution Center 6,distribution_center,United Arab Emirates,23.7426,52.8616,Italy Region 15,customer_region,Italy,41.2021,11.1981
EDGE00371,DC0006,CUST0015,ocean,12.0,25.862,685,United Arab Emirates Distribution Center 6,distribution_center,United Arab Emirates,23.7426,52.8616,Italy Region 15,customer_region,Italy,41.2021,11.1981
EDGE00372,DC0006,CUST0015,rail,7.0,43.104,331,United Arab Emirates Distribution Center 6,distribution_center,United Arab Emirates,23.7426,52.8616,Italy Region 15,customer_region,Italy,41.2021,11.1981
EDGE00373,DC0006,CUST0016,air,2.3,235.069,302,United Arab Emirates Distribution Center 6,distribution_center,United Arab Emirates,23.7426,52.8616,Netherlands Region 16,customer_region,Netherlands,54.1024,4.4305
EDGE00374,DC0006,CUST0016,ocean,13.1,31.342,301,United Arab Emirates Distribution Center 6,distribution_center,United Arab Emirates,23.7426,52.8616,Netherlands Region 16,customer_region,Netherlands,54.1024,4.4305
EDGE00375,DC0006,CUST0016,rail,8.8,52.237,612,United Arab Emirates Distribution Center 6,distribution_center,United Arab Emirates,23.7426,52.8616,Netherlands Region 16,customer_region,Netherlands,54.1024,4.4305
EDGE00376,DC0006,CUST0017,air,4.3,561.148,516,United Arab Emirates Distribution Center 6,distribution_center,United Arab Emirates,23.7426,52.8616,United States Region 17,customer_region,United States,38.5056,-98.3238
EDGE00377,DC0006,CUST0017,ocean,29.0,74.82,390,United Arab Emirates Distribution Center 6,distribution_center,United Arab Emirates,23.7426,52.8616,United States Region 17,customer_region,United States,38.5056,-98.3238
EDGE00378,DC0006,CUST0018,air,1.2,180.394,308,United Arab Emirates Distribution Center 6,distribution_center,United Arab Emirates,23.7426,52.8616,Italy Region 18,customer_region,Italy,39.7155,14.3832
EDGE00379,DC0006,CUST0018,ocean,11.2,24.053,385,United Arab Emirates Distribution Center 6,distribution_center,United Arab Emirates,23.7426,52.8616,Italy Region 18,customer_region,Italy,39.7155,14.3832
EDGE00380,DC0006,CUST0018,rail,6.3,40.088,375,United Arab Emirates Distribution Center 6,distribution_center,United Arab Emirates,23.7426,52.8616,Italy Region 18,customer_region,Italy,39.7155,14.3832
EDGE00381,DC0006,CUST0019,air,1.3,175.75,409,United Arab Emirates Distribution Center 6,distribution_center,United Arab Emirates,23.7426,52.8616,Italy Region 19,customer_region,Italy,39.3173,15.4913
EDGE00382,DC0006,CUST0019,ocean,11.1,23.433,426,United Arab Emirates Distribution Center 6,distribution_center,United Arab Emirates,23.7426,52.8616,Italy Region 19,customer_region,Italy,39.3173,15.4913
EDGE00383,DC0006,CUST0019,rail,6.2,39.055,429,United Arab Emirates Distribution Center 6,distribution_center,United Arab Emirates,23.7426,52.8616,Italy Region 19,customer_region,Italy,39.3173,15.4913
EDGE00384,DC0006,CUST0020,air,2.3,220.98,530,United Arab Emirates Distribution Center 6,distribution_center,United Arab Emirates,23.7426,52.8616,Germany Region 20,customer_region,Germany,52.7935,8.6423
EDGE00385,DC0006,CUST0020,ocean,14.2,29.464,602,United Arab Emirates Distribution Center 6,distribution_center,United Arab Emirates,23.7426,52.8616,Germany Region 20,customer_region,Germany,52.7935,8.6423
EDGE00386,DC0006,CUST0020,rail,7.2,49.107,644,United Arab Emirates Distribution Center 6,distribution_center,United Arab Emirates,23.7426,52.8616,Germany Region 20,customer_region,Germany,52.7935,8.6423
EDGE00387,DC0006,CUST0021,air,2.6,241.942,403,United Arab Emirates Distribution Center 6,distribution_center,United Arab Emirates,23.7426,52.8616,Spain Region 21,customer_region,Spain,37.4931,-1.8572
EDGE00388,DC0006,CUST0021,ocean,14.1,32.259,626,United Arab Emirates Distribution Center 6,distribution_center,United Arab Emirates,23.7426,52.8616,Spain Region 21,customer_region,Spain,37.4931,-1.8572
EDGE00389,DC0006,CUST0021,rail,8.5,53.765,448,United Arab Emirates Distribution Center 6,distribution_center,United Arab Emirates,23.7426,52.8616,Spain Region 21,customer_region,Spain,37.4931,-1.8572
EDGE00390,DC0006,CUST0022,air,4.5,484.251,317,United Arab Emirates Distribution Center 6,distribution_center,United Arab Emirates,23.7426,52.8616,Canada Region 22,customer_region,Canada,57.3711,-104.976
EDGE00391,DC0006,CUST0022,ocean,26.4,64.567,426,United Arab Emirates Distribution Center 6,distribution_center,United Arab Emirates,23.7426,52.8616,Canada Region 22,customer_region,Canada,57.3711,-104.976
EDGE00392,DC0006,CUST0023,air,3.6,448.138,230,United Arab Emirates Distribution Center 6,distribution_center,United Arab Emirates,23.7426,52.8616,Australia Region 23,customer_region,Australia,-23.6424,131.2243
EDGE00393,DC0006,CUST0023,ocean,24.7,59.752,346,United Arab Emirates Distribution Center 6,distribution_center,United Arab Emirates,23.7426,52.8616,Australia Region 23,customer_region,Australia,-23.6424,131.2243
EDGE00394,DC0006,CUST0024,air,3.4,356.089,541,United Arab Emirates Distribution Center 6,distribution_center,United Arab Emirates,23.7426,52.8616,Japan Region 24,customer_region,Japan,35.3508,135.9452
EDGE00395,DC0006,CUST0024,ocean,18.8,47.479,602,United Arab Emirates Distribution Center 6,distribution_center,United Arab Emirates,23.7426,52.8616,Japan Region 24,customer_region,Japan,35.3508,135.9452
EDGE00396,DC0006,CUST0025,air,2.4,215.213,411,United Arab Emirates Distribution Center 6,distribution_center,United Arab Emirates,23.7426,52.8616,Germany Region 25,customer_region,Germany,53.3386,11.1898
EDGE00397,DC0006,CUST0025,ocean,13.9,28.695,516,United Arab Emirates Distribution Center 6,distribution_center,United Arab Emirates,23.7426,52.8616,Germany Region 25,customer_region,Germany,53.3386,11.1898
EDGE00398,DC0006,CUST0025,rail,7.9,47.825,347,United Arab Emirates Distribution Center 6,distribution_center,United Arab Emirates,23.7426,52.8616,Germany Region 25,customer_region,Germany,53.3386,11.1898
EDGE00399,DC0006,CUST0026,air,2.5,239.304,310,United Arab Emirates Distribution Center 6,distribution_center,United Arab Emirates,23.7426,52.8616,France Region 26,customer_region,France,45.2154,-0.4086
EDGE00400,DC0006,CUST0026,ocean,13.8,31.907,455,United Arab Emirates Distribution Center 6,distribution_center,United Arab Emirates,23.7426,52.8616,France Region 26,customer_region,France,45.2154,-0.4086
EDGE00401,DC0006,CUST0026,rail,8.8,53.179,375,United Arab Emirates Distribution Center 6,distribution_center,United Arab Emirates,23.7426,52.8616,France Region 26,customer_region,France,45.2154,-0.4086
EDGE00402,DC0006,CUST0027,air,1.9,192.237,394,United Arab Emirates Distribution Center 6,distribution_center,United Arab Emirates,23.7426,52.8616,Italy Region 27,customer_region,Italy,40.7359,11.5211
EDGE00403,DC0006,CUST0027,ocean,11.2,25.632,879,United Arab Emirates Distribution Center 6,distribution_center,United Arab Emirates,23.7426,52.8616,Italy Region 27,customer_region,Italy,40.7359,11.5211
EDGE00404,DC0006,CUST0027,rail,6.5,42.719,254,United Arab Emirates Distribution Center 6,distribution_center,United Arab Emirates,23.7426,52.8616,Italy Region 27,customer_region,Italy,40.7359,11.5211
EDGE00405,DC0006,CUST0028,air,4.5,462.639,514,United Arab Emirates Distribution Center 6,distribution_center,United Arab Emirates,23.7426,52.8616,Australia Region 28,customer_region,Australia,-23.8924,134.6053
EDGE00406,DC0006,CUST0028,ocean,25.4,61.685,556,United Arab Emirates Distribution Center 6,distribution_center,United Arab Emirates,23.7426,52.8616,Australia Region 28,customer_region,Australia,-23.8924,134.6053
EDGE00407,DC0006,CUST0029,air,2.6,262.067,920,United Arab Emirates Distribution Center 6,distribution_center,United Arab Emirates,23.7426,52.8616,United Kingdom Region 29,customer_region,United Kingdom,57.7033,-3.6067
EDGE00408,DC0006,CUST0029,ocean,16.0,34.942,491,United Arab Emirates Distribution Center 6,distribution_center,United Arab Emirates,23.7426,52.8616,United Kingdom Region 29,customer_region,United Kingdom,57.7033,-3.6067
EDGE00409,DC0006,CUST0029,rail,9.4,58.237,748,United Arab Emirates Distribution Center 6,distribution_center,United Arab Emirates,23.7426,52.8616,United Kingdom Region 29,customer_region,United Kingdom,57.7033,-3.6067
EDGE00410,DC0006,CUST0030,air,2.2,252.33,409,United Arab Emirates Distribution Center 6,distribution_center,United Arab Emirates,23.7426,52.8616,United Kingdom Region 30,customer_region,United Kingdom,53.0976,-2.1605
EDGE00411,DC0006,CUST0030,ocean,14.2,33.644,504,United Arab Emirates Distribution Center 6,distribution_center,United Arab Emirates,23.7426,52.8616,United Kingdom Region 30,customer_region,United Kingdom,53.0976,-2.1605
EDGE00412,DC0006,CUST0030,rail,8.2,56.073,599,United Arab Emirates Distribution Center 6,distribution_center,United Arab Emirates,23.7426,52.8616,United Kingdom Region 30,customer_region,United Kingdom,53.0976,-2.1605
EDGE00413,SUP0001,WH0001,ocean,20.7,52.005,571,"Rodriguez, Figueroa and Sanchez",supplier,South Korea,35.4082,129.5729,Germany Warehouse 1,warehouse,Germany,50.7836,11.8021
EDGE00414,SUP0001,WH0002,air,2.0,204.534,788,"Rodriguez, Figueroa and Sanchez",supplier,South Korea,35.4082,129.5729,Singapore Warehouse 2,warehouse,Singapore,2.046,104.116
EDGE00415,SUP0001,WH0002,ocean,14.6,27.271,298,"Rodriguez, Figueroa and Sanchez",supplier,South Korea,35.4082,129.5729,Singapore Warehouse 2,warehouse,Singapore,2.046,104.116
EDGE00416,SUP0001,WH0002,rail,7.3,45.452,812,"Rodriguez, Figueroa and Sanchez",supplier,South Korea,35.4082,129.5729,Singapore Warehouse 2,warehouse,Singapore,2.046,104.116
EDGE00417,SUP0001,WH0003,air,3.2,405.716,264,"Rodriguez, Figueroa and Sanchez",supplier,South Korea,35.4082,129.5729,Netherlands Warehouse 3,warehouse,Netherlands,51.0981,4.258
EDGE00418,SUP0001,WH0003,ocean,23.2,54.095,436,"Rodriguez, Figueroa and Sanchez",supplier,South Korea,35.4082,129.5729,Netherlands Warehouse 3,warehouse,Netherlands,51.0981,4.258
EDGE00419,SUP0001,WH0004,air,4.0,326.652,338,"Rodriguez, Figueroa and Sanchez",supplier,South Korea,35.4082,129.5729,United Arab Emirates Warehouse 4,warehouse,United Arab Emirates,22.0943,54.9485
EDGE00420,SUP0001,WH0004,ocean,18.6,43.554,655,"Rodriguez, Figueroa and Sanchez",supplier,South Korea,35.4082,129.5729,United Arab Emirates Warehouse 4,warehouse,United Arab Emirates,22.0943,54.9485
EDGE00421,SUP0001,WH0005,air,3.3,324.496,655,"Rodriguez, Figueroa and Sanchez",supplier,South Korea,35.4082,129.5729,United Arab Emirates Warehouse 5,warehouse,United Arab Emirates,23.7233,54.4742
EDGE00422,SUP0001,WH0005,ocean,18.8,43.266,618,"Rodriguez, Figueroa and Sanchez",supplier,South Korea,35.4082,129.5729,United Arab Emirates Warehouse 5,warehouse,United Arab Emirates,23.7233,54.4742
EDGE00423,SUP0001,WH0006,ocean,24.0,63.033,1074,"Rodriguez, Figueroa and Sanchez",supplier,South Korea,35.4082,129.5729,United States Warehouse 6,warehouse,United States,38.3818,-97.1703
EDGE00424,SUP0001,WH0007,air,3.4,390.373,426,"Rodriguez, Figueroa and Sanchez",supplier,South Korea,35.4082,129.5729,Germany Warehouse 7,warehouse,Germany,52.1573,9.587
EDGE00425,SUP0001,WH0007,ocean,21.3,52.05,818,"Rodriguez, Figueroa and Sanchez",supplier,South Korea,35.4082,129.5729,Germany Warehouse 7,warehouse,Germany,52.1573,9.587
EDGE00426,SUP0001,WH0008,rail,1.0,2.552,267,"Rodriguez, Figueroa and Sanchez",supplier,South Korea,35.4082,129.5729,South Korea Warehouse 8,warehouse,South Korea,34.9555,126.8202
EDGE00427,SUP0001,WH0008,road,1.0,4.593,582,"Rodriguez, Figueroa and Sanchez",supplier,South Korea,35.4082,129.5729,South Korea Warehouse 8,warehouse,South Korea,34.9555,126.8202
EDGE00428,SUP0001,WH0009,air,3.5,393.721,835,"Rodriguez, Figueroa and Sanchez",supplier,South Korea,35.4082,129.5729,Germany Warehouse 9,warehouse,Germany,50.5727,10.5243
EDGE00429,SUP0001,WH0009,ocean,21.3,52.496,794,"Rodriguez, Figueroa and Sanchez",supplier,South Korea,35.4082,129.5729,Germany Warehouse 9,warehouse,Germany,50.5727,10.5243
EDGE00430,SUP0001,WH0010,air,3.5,370.938,524,"Rodriguez, Figueroa and Sanchez",supplier,South Korea,35.4082,129.5729,Poland Warehouse 10,warehouse,Poland,51.7158,18.5237
EDGE00431,SUP0001,WH0010,ocean,19.8,49.458,574,"Rodriguez, Figueroa and Sanchez",supplier,South Korea,35.4082,129.5729,Poland Warehouse 10,warehouse,Poland,51.7158,18.5237
EDGE00432,SUP0002,WH0001,rail,1.0,2.234,754,Rhodes PLC,supplier,Germany,49.7841,9.074,Germany Warehouse 1,warehouse,Germany,50.7836,11.8021
EDGE00433,SUP0002,WH0001,road,1.0,4.021,502,Rhodes PLC,supplier,Germany,49.7841,9.074,Germany Warehouse 1,warehouse,Germany,50.7836,11.8021
EDGE00434,SUP0002,WH0002,air,5.0,458.783,719,Rhodes PLC,supplier,Germany,49.7841,9.074,Singapore Warehouse 2,warehouse,Singapore,2.046,104.116
EDGE00435,SUP0002,WH0002,ocean,25.3,61.171,596,Rhodes PLC,supplier,Germany,49.7841,9.074,Singapore Warehouse 2,warehouse,Singapore,2.046,104.116
EDGE00436,SUP0002,WH0003,rail,1.7,3.709,560,Rhodes PLC,supplier,Germany,49.7841,9.074,Netherlands Warehouse 3,warehouse,Netherlands,51.0981,4.258
EDGE00437,SUP0002,WH0003,road,1.0,6.677,400,Rhodes PLC,supplier,Germany,49.7841,9.074,Netherlands Warehouse 3,warehouse,Netherlands,51.0981,4.258
EDGE00438,SUP0002,WH0004,air,2.0,226.529,549,Rhodes PLC,supplier,Germany,49.7841,9.074,United Arab Emirates Warehouse 4,warehouse,United Arab Emirates,22.0943,54.9485
EDGE00439,SUP0002,WH0004,ocean,14.0,30.204,360,Rhodes PLC,supplier,Germany,49.7841,9.074,United Arab Emirates Warehouse 4,warehouse,United Arab Emirates,22.0943,54.9485
EDGE00440,SUP0002,WH0004,rail,8.8,50.34,439,Rhodes PLC,supplier,Germany,49.7841,9.074,United Arab Emirates Warehouse 4,warehouse,United Arab Emirates,22.0943,54.9485
EDGE00441,SUP0002,WH0005,air,3.0,218.955,485,Rhodes PLC,supplier,Germany,49.7841,9.074,United Arab Emirates Warehouse 5,warehouse,United Arab Emirates,23.7233,54.4742
EDGE00442,SUP0002,WH0005,ocean,14.5,29.194,384,Rhodes PLC,supplier,Germany,49.7841,9.074,United Arab Emirates Warehouse 5,warehouse,United Arab Emirates,23.7233,54.4742
EDGE00443,SUP0002,WH0005,rail,8.0,48.657,67,Rhodes PLC,supplier,Germany,49.7841,9.074,United Arab Emirates Warehouse 5,warehouse,United Arab Emirates,23.7233,54.4742
EDGE00444,SUP0002,WH0006,air,2.0,353.149,264,Rhodes PLC,supplier,Germany,49.7841,9.074,United States Warehouse 6,warehouse,United States,38.3818,-97.1703
EDGE00445,SUP0002,WH0006,ocean,20.0,47.087,230,Rhodes PLC,supplier,Germany,49.7841,9.074,United States Warehouse 6,warehouse,United States,38.3818,-97.1703
EDGE00446,SUP0002,WH0007,road,1.0,4.794,354,Rhodes PLC,supplier,Germany,49.7841,9.074,Germany Warehouse 7,warehouse,Germany,52.1573,9.587
EDGE00447,SUP0002,WH0008,air,3.5,395.201,272,Rhodes PLC,supplier,Germany,49.7841,9.074,South Korea Warehouse 8,warehouse,South Korea,34.9555,126.8202
EDGE00448,SUP0002,WH0008,ocean,22.0,52.693,446,Rhodes PLC,supplier,Germany,49.7841,9.074,South Korea Warehouse 8,warehouse,South Korea,34.9555,126.8202
EDGE00449,SUP0002,WH0009,road,1.0,2.439,565,Rhodes PLC,supplier,Germany,49.7841,9.074,Germany Warehouse 9,warehouse,Germany,50.5727,10.5243
EDGE00450,SUP0002,WH0010,rail,1.5,6.981,429,Rhodes PLC,supplier,Germany,49.7841,9.074,Poland Warehouse 10,warehouse,Poland,51.7158,18.5237
EDGE00451,SUP0002,WH0010,road,1.0,12.565,421,Rhodes PLC,supplier,Germany,49.7841,9.074,Poland Warehouse 10,warehouse,Poland,51.7158,18.5237
EDGE00452,SUP0003,WH0001,air,3.0,427.499,200,Johnson-Davis,supplier,Vietnam,12.2923,109.7447,Germany Warehouse 1,warehouse,Germany,50.7836,11.8021
EDGE00453,SUP0003,WH0001,ocean,23.3,57.0,167,Johnson-Davis,supplier,Vietnam,12.2923,109.7447,Germany Warehouse 1,warehouse,Germany,50.7836,11.8021
EDGE00454,SUP0003,WH0002,rail,3.0,12.972,296,Johnson-Davis,supplier,Vietnam,12.2923,109.7447,Singapore Warehouse 2,warehouse,Singapore,2.046,104.116
EDGE00455,SUP0003,WH0002,road,1.0,23.349,385,Johnson-Davis,supplier,Vietnam,12.2923,109.7447,Singapore Warehouse 2,warehouse,Singapore,2.046,104.116
EDGE00456,SUP0003,WH0003,ocean,26.0,59.975,437,Johnson-Davis,supplier,Vietnam,12.2923,109.7447,Netherlands Warehouse 3,warehouse,Netherlands,51.0981,4.258
EDGE00457,SUP0003,WH0004,air,2.0,265.139,578,Johnson-Davis,supplier,Vietnam,12.2923,109.7447,United Arab Emirates Warehouse 4,warehouse,United Arab Emirates,22.0943,54.9485
EDGE00458,SUP0003,WH0004,ocean,15.7,35.352,428,Johnson-Davis,supplier,Vietnam,12.2923,109.7447,United Arab Emirates Warehouse 4,warehouse,United Arab Emirates,22.0943,54.9485
EDGE00459,SUP0003,WH0004,rail,9.5,58.92,450,Johnson-Davis,supplier,Vietnam,12.2923,109.7447,United Arab Emirates Warehouse 4,warehouse,United Arab Emirates,22.0943,54.9485
EDGE00460,SUP0003,WH0005,air,3.0,267.546,678,Johnson-Davis,supplier,Vietnam,12.2923,109.7447,United Arab Emirates Warehouse 5,warehouse,United Arab Emirates,23.7233,54.4742
EDGE00461,SUP0003,WH0005,ocean,15.0,35.673,410,Johnson-Davis,supplier,Vietnam,12.2923,109.7447,United Arab Emirates Warehouse 5,warehouse,United Arab Emirates,23.7233,54.4742
EDGE00462,SUP0003,WH0005,rail,11.0,59.455,748,Johnson-Davis,supplier,Vietnam,12.2923,109.7447,United Arab Emirates Warehouse 5,warehouse,United Arab Emirates,23.7233,54.4742
EDGE00463,SUP0003,WH0006,air,5.4,617.563,420,Johnson-Davis,supplier,Vietnam,12.2923,109.7447,United States Warehouse 6,warehouse,United States,38.3818,-97.1703
EDGE00464,SUP0003,WH0006,ocean,31.8,82.342,461,Johnson-Davis,supplier,Vietnam,12.2923,109.7447,United States Warehouse 6,warehouse,United States,38.3818,-97.1703
EDGE00465,SUP0003,WH0007,air,3.0,432.435,211,Johnson-Davis,supplier,Vietnam,12.2923,109.7447,Germany Warehouse 7,warehouse,Germany,52.1573,9.587
EDGE00466,SUP0003,WH0007,ocean,22.5,57.658,439,Johnson-Davis,supplier,Vietnam,12.2923,109.7447,Germany Warehouse 7,warehouse,Germany,52.1573,9.587
EDGE00467,SUP0003,WH0008,air,1.0,137.309,120,Johnson-Davis,supplier,Vietnam,12.2923,109.7447,South Korea Warehouse 8,warehouse,South Korea,34.9555,126.8202
EDGE00468,SUP0003,WH0008,ocean,8.5,18.308,204,Johnson-Davis,supplier,Vietnam,12.2923,109.7447,South Korea Warehouse 8,warehouse,South Korea,34.9555,126.8202
EDGE00469,SUP0003,WH0008,rail,5.3,30.513,984,Johnson-Davis,supplier,Vietnam,12.2923,109.7447,South Korea Warehouse 8,warehouse,South Korea,34.9555,126.8202
EDGE00470,SUP0003,WH0009,air,3.5,431.686,787,Johnson-Davis,supplier,Vietnam,12.2923,109.7447,Germany Warehouse 9,warehouse,Germany,50.5727,10.5243
EDGE00471,SUP0003,WH0009,ocean,23.0,57.558,764,Johnson-Davis,supplier,Vietnam,12.2923,109.7447,Germany Warehouse 9,warehouse,Germany,50.5727,10.5243
EDGE00472,SUP0003,WH0010,air,4.0,405.95,400,Johnson-Davis,supplier,Vietnam,12.2923,109.7447,Poland Warehouse 10,warehouse,Poland,51.7158,18.5237
EDGE00473,SUP0003,WH0010,ocean,22.3,54.127,414,Johnson-Davis,supplier,Vietnam,12.2923,109.7447,Poland Warehouse 10,warehouse,Poland,51.7158,18.5237
EDGE00474,SUP0004,WH0001,ocean,23.6,57.67,699,"Johnson, Gonzalez and Santos",supplier,Mexico,21.7123,-100.6704,Germany Warehouse 1,warehouse,Germany,50.7836,11.8021
EDGE00475,SUP0004,WH0002,air,6.7,730.901,294,"Johnson, Gonzalez and Santos",supplier,Mexico,21.7123,-100.6704,Singapore Warehouse 2,warehouse,Singapore,2.046,104.116
EDGE00476,SUP0004,WH0002,ocean,38.0,97.454,492,"Johnson, Gonzalez and Santos",supplier,Mexico,21.7123,-100.6704,Singapore Warehouse 2,warehouse,Singapore,2.046,104.116
EDGE00477,SUP0004,WH0003,ocean,22.9,54.769,638,"Johnson, Gonzalez and Santos",supplier,Mexico,21.7123,-100.6704,Netherlands Warehouse 3,warehouse,Netherlands,51.0981,4.258
EDGE00478,SUP0004,WH0004,air,6.0,651.286,822,"Johnson, Gonzalez and Santos",supplier,Mexico,21.7123,-100.6704,United Arab Emirates Warehouse 4,warehouse,United Arab Emirates,22.0943,54.9485
EDGE00479,SUP0004,WH0004,ocean,35.4,86.838,381,"Johnson, Gonzalez and Santos",supplier,Mexico,21.7123,-100.6704,United Arab Emirates Warehouse 4,warehouse,United Arab Emirates,22.0943,54.9485
EDGE00480,SUP0004,WH0005,air,5.0,643.135,326,"Johnson, Gonzalez and Santos",supplier,Mexico,21.7123,-100.6704,United Arab Emirates Warehouse 5,warehouse,United Arab Emirates,23.7233,54.4742
EDGE00481,SUP0004,WH0005,ocean,32.7,85.751,585,"Johnson, Gonzalez and Santos",supplier,Mexico,21.7123,-100.6704,United Arab Emirates Warehouse 5,warehouse,United Arab Emirates,23.7233,54.4742
EDGE00482,SUP0004,WH0006,air,1.7,84.758,569,"Johnson, Gonzalez and Santos",supplier,Mexico,21.7123,-100.6704,United States Warehouse 6,warehouse,United States,38.3818,-97.1703
EDGE00483,SUP0004,WH0006,ocean,6.6,11.301,581,"Johnson, Gonzalez and Santos",supplier,Mexico,21.7123,-100.6704,United States Warehouse 6,warehouse,United States,38.3818,-97.1703
EDGE00484,SUP0004,WH0006,rail,4.0,18.835,381,"Johnson, Gonzalez and Santos",supplier,Mexico,21.7123,-100.6704,United States Warehouse 6,warehouse,United States,38.3818,-97.1703
EDGE00485,SUP0004,WH0007,air,4.0,423.12,1414,"Johnson, Gonzalez and Santos",supplier,Mexico,21.7123,-100.6704,Germany Warehouse 7,warehouse,Germany,52.1573,9.587
EDGE00486,SUP0004,WH0007,ocean,23.0,56.416,358,"Johnson, Gonzalez and Santos",supplier,Mexico,21.7123,-100.6704,Germany Warehouse 7,warehouse,Germany,52.1573,9.587
EDGE00487,SUP0004,WH0008,air,4.0,538.464,466,"Johnson, Gonzalez and Santos",supplier,Mexico,21.7123,-100.6704,South Korea Warehouse 8,warehouse,South Korea,34.9555,126.8202
EDGE00488,SUP0004,WH0008,ocean,27.0,71.795,299,"Johnson, Gonzalez and Santos",supplier,Mexico,21.7123,-100.6704,South Korea Warehouse 8,warehouse,South Korea,34.9555,126.8202
EDGE00489,SUP0004,WH0009,air,3.0,429.554,579,"Johnson, Gonzalez and Santos",supplier,Mexico,21.7123,-100.6704,Germany Warehouse 9,warehouse,Germany,50.5727,10.5243
EDGE00490,SUP0004,WH0009,ocean,23.3,57.274,330,"Johnson, Gonzalez and Santos",supplier,Mexico,21.7123,-100.6704,Germany Warehouse 9,warehouse,Germany,50.5727,10.5243
EDGE00491,SUP0004,WH0010,ocean,24.4,59.677,643,"Johnson, Gonzalez and Santos",supplier,Mexico,21.7123,-100.6704,Poland Warehouse 10,warehouse,Poland,51.7158,18.5237
EDGE00492,SUP0005,WH0001,ocean,23.7,56.978,356,Cole LLC,supplier,Mexico,24.9598,-103.7006,Germany Warehouse 1,warehouse,Germany,50.7836,11.8021
EDGE00493,SUP0005,WH0002,air,7.0,709.724,353,Cole LLC,supplier,Mexico,24.9598,-103.7006,Singapore Warehouse 2,warehouse,Singapore,2.046,104.116
EDGE00494,SUP0005,WH0002,ocean,36.5,94.63,317,Cole LLC,supplier,Mexico,24.9598,-103.7006,Singapore Warehouse 2,warehouse,Singapore,2.046,104.116
EDGE00495,SUP0005,WH0003,air,4.0,406.345,654,Cole LLC,supplier,Mexico,24.9598,-103.7006,Netherlands Warehouse 3,warehouse,Netherlands,51.0981,4.258
EDGE00496,SUP0005,WH0003,ocean,23.0,54.179,311,Cole LLC,supplier,Mexico,24.9598,-103.7006,Netherlands Warehouse 3,warehouse,Netherlands,51.0981,4.258
EDGE00497,SUP0005,WH0004,air,5.0,643.403,476,Cole LLC,supplier,Mexico,24.9598,-103.7006,United Arab Emirates Warehouse 4,warehouse,United Arab Emirates,22.0943,54.9485
EDGE00498,SUP0005,WH0004,ocean,34.2,85.787,535,Cole LLC,supplier,Mexico,24.9598,-103.7006,United Arab Emirates Warehouse 4,warehouse,United Arab Emirates,22.0943,54.9485
EDGE00499,SUP0005,WH0005,air,6.0,635.09,129,Cole LLC,supplier,Mexico,24.9598,-103.7006,United Arab Emirates Warehouse 5,warehouse,United Arab Emirates,23.7233,54.4742
EDGE00500,SUP0005,WH0005,ocean,33.0,84.679,232,Cole LLC,supplier,Mexico,24.9598,-103.7006,United Arab Emirates Warehouse 5,warehouse,United Arab Emirates,23.7233,54.4742
EDGE00501,SUP0005,WH0006,air,2.0,72.637,204,Cole LLC,supplier,Mexico,24.9598,-103.7006,United States Warehouse 6,warehouse,United States,38.3818,-97.1703
EDGE00502,SUP0005,WH0006,ocean,7.2,9.685,214,Cole LLC,supplier,Mexico,24.9598,-103.7006,United States Warehouse 6,warehouse,United States,38.3818,-97.1703
EDGE00503,SUP0005,WH0006,rail,2.0,16.142,480,Cole LLC,supplier,Mexico,24.9598,-103.7006,United States Warehouse 6,warehouse,United States,38.3818,-97.1703
EDGE00504,SUP0005,WH0007,air,4.0,417.773,715,Cole LLC,supplier,Mexico,24.9598,-103.7006,Germany Warehouse 7,warehouse,Germany,52.1573,9.587
EDGE00505,SUP0005,WH0007,ocean,21.5,55.703,452,Cole LLC,supplier,Mexico,24.9598,-103.7006,Germany Warehouse 7,warehouse,Germany,52.1573,9.587
EDGE00506,SUP0005,WH0008,air,5.0,517.069,626,Cole LLC,supplier,Mexico,24.9598,-103.7006,South Korea Warehouse 8,warehouse,South Korea,34.9555,126.8202
EDGE00507,SUP0005,WH0008,ocean,27.8,68.943,435,Cole LLC,supplier,Mexico,24.9598,-103.7006,South Korea Warehouse 8,warehouse,South Korea,34.9555,126.8202
EDGE00508,SUP0005,WH0009,air,3.3,424.589,197,Cole LLC,supplier,Mexico,24.9598,-103.7006,Germany Warehouse 9,warehouse,Germany,50.5727,10.5243
EDGE00509,SUP0005,WH0009,ocean,24.0,56.612,473,Cole LLC,supplier,Mexico,24.9598,-103.7006,Germany Warehouse 9,warehouse,Germany,50.5727,10.5243
EDGE00510,SUP0005,WH0010,air,3.0,441.245,125,Cole LLC,supplier,Mexico,24.9598,-103.7006,Poland Warehouse 10,warehouse,Poland,51.7158,18.5237
EDGE00511,SUP0005,WH0010,ocean,24.9,58.833,526,Cole LLC,supplier,Mexico,24.9598,-103.7006,Poland Warehouse 10,warehouse,Poland,51.7158,18.5237
EDGE00512,SUP0006,WH0001,air,3.3,325.22,364,Blake and Sons,supplier,China,35.077,104.299,Germany Warehouse 1,warehouse,Germany,50.7836,11.8021
EDGE00513,SUP0006,WH0001,ocean,19.0,43.363,540,Blake and Sons,supplier,China,35.077,104.299,Germany Warehouse 1,warehouse,Germany,50.7836,11.8021
EDGE00514,SUP0006,WH0002,air,2.0,165.282,336,Blake and Sons,supplier,China,35.077,104.299,Singapore Warehouse 2,warehouse,Singapore,2.046,104.116
EDGE00515,SUP0006,WH0002,rail,6.0,36.729,310,Blake and Sons,supplier,China,35.077,104.299,Singapore Warehouse 2,warehouse,Singapore,2.046,104.116
EDGE00516,SUP0006,WH0003,air,4.0,345.49,90,Blake and Sons,supplier,China,35.077,104.299,Netherlands Warehouse 3,warehouse,Netherlands,51.0981,4.258
EDGE00517,SUP0006,WH0003,ocean,19.4,46.065,714,Blake and Sons,supplier,China,35.077,104.299,Netherlands Warehouse 3,warehouse,Netherlands,51.0981,4.258
EDGE00518,SUP0006,WH0004,air,2.0,223.944,103,Blake and Sons,supplier,China,35.077,104.299,United Arab Emirates Warehouse 4,warehouse,United Arab Emirates,22.0943,54.9485
EDGE00519,SUP0006,WH0004,ocean,13.0,29.859,307,Blake and Sons,supplier,China,35.077,104.299,United Arab Emirates Warehouse 4,warehouse,United Arab Emirates,22.0943,54.9485
EDGE00520,SUP0006,WH0004,rail,6.0,49.765,387,Blake and Sons,supplier,China,35.077,104.299,United Arab Emirates Warehouse 4,warehouse,United Arab Emirates,22.0943,54.9485
EDGE00521,SUP0006,WH0005,air,3.0,222.136,350,Blake and Sons,supplier,China,35.077,104.299,United Arab Emirates Warehouse 5,warehouse,United Arab Emirates,23.7233,54.4742
EDGE00522,SUP0006,WH0005,ocean,13.4,29.618,265,Blake and Sons,supplier,China,35.077,104.299,United Arab Emirates Warehouse 5,warehouse,United Arab Emirates,23.7233,54.4742
EDGE00523,SUP0006,WH0005,rail,8.5,49.363,742,Blake and Sons,supplier,China,35.077,104.299,United Arab Emirates Warehouse 5,warehouse,United Arab Emirates,23.7233,54.4742
EDGE00524,SUP0006,WH0006,air,5.2,519.881,739,Blake and Sons,supplier,China,35.077,104.299,United States Warehouse 6,warehouse,United States,38.3818,-97.1703
EDGE00525,SUP0006,WH0006,ocean,28.4,69.317,403,Blake and Sons,supplier,China,35.077,104.299,United States Warehouse 6,warehouse,United States,38.3818,-97.1703
EDGE00526,SUP0006,WH0007,air,4.0,328.413,302,Blake and Sons,supplier,China,35.077,104.299,Germany Warehouse 7,warehouse,Germany,52.1573,9.587
EDGE00527,SUP0006,WH0007,ocean,19.0,43.788,438,Blake and Sons,supplier,China,35.077,104.299,Germany Warehouse 7,warehouse,Germany,52.1573,9.587
EDGE00528,SUP0006,WH0008,air,2.0,92.097,708,Blake and Sons,supplier,China,35.077,104.299,South Korea Warehouse 8,warehouse,South Korea,34.9555,126.8202
EDGE00529,SUP0006,WH0008,ocean,7.1,12.28,572,Blake and Sons,supplier,China,35.077,104.299,South Korea Warehouse 8,warehouse,South Korea,34.9555,126.8202
EDGE00530,SUP0006,WH0008,rail,3.3,20.466,572,Blake and Sons,supplier,China,35.077,104.299,South Korea Warehouse 8,warehouse,South Korea,34.9555,126.8202
EDGE00531,SUP0006,WH0009,air,3.5,329.324,471,Blake and Sons,supplier,China,35.077,104.299,Germany Warehouse 9,warehouse,Germany,50.5727,10.5243
EDGE00532,SUP0006,WH0009,ocean,17.8,43.91,643,Blake and Sons,supplier,China,35.077,104.299,Germany Warehouse 9,warehouse,Germany,50.5727,10.5243
EDGE00533,SUP0006,WH0010,air,2.2,304.038,394,Blake and Sons,supplier,China,35.077,104.299,Poland Warehouse 10,warehouse,Poland,51.7158,18.5237
EDGE00534,SUP0006,WH0010,ocean,16.6,40.538,629,Blake and Sons,supplier,China,35.077,104.299,Poland Warehouse 10,warehouse,Poland,51.7158,18.5237
EDGE00535,SUP0007,WH0001,air,3.8,382.865,564,Ramirez-Lewis,supplier,South Korea,35.6378,126.9349,Germany Warehouse 1,warehouse,Germany,50.7836,11.8021
EDGE00536,SUP0007,WH0001,ocean,19.0,51.049,913,Ramirez-Lewis,supplier,South Korea,35.6378,126.9349,Germany Warehouse 1,warehouse,Germany,50.7836,11.8021
EDGE00537,SUP0007,WH0002,air,2.7,198.634,197,Ramirez-Lewis,supplier,South Korea,35.6378,126.9349,Singapore Warehouse 2,warehouse,Singapore,2.046,104.116
EDGE00538,SUP0007,WH0002,ocean,14.2,26.485,452,Ramirez-Lewis,supplier,South Korea,35.6378,126.9349,Singapore Warehouse 2,warehouse,Singapore,2.046,104.116
EDGE00539,SUP0007,WH0002,rail,8.8,44.141,533,Ramirez-Lewis,supplier,South Korea,35.6378,126.9349,Singapore Warehouse 2,warehouse,Singapore,2.046,104.116
EDGE00540,SUP0007,WH0003,air,4.0,399.068,337,Ramirez-Lewis,supplier,South Korea,35.6378,126.9349,Netherlands Warehouse 3,warehouse,Netherlands,51.0981,4.258
EDGE00541,SUP0007,WH0003,ocean,22.2,53.209,331,Ramirez-Lewis,supplier,South Korea,35.6378,126.9349,Netherlands Warehouse 3,warehouse,Netherlands,51.0981,4.258
EDGE00542,SUP0007,WH0004,air,2.0,315.869,851,Ramirez-Lewis,supplier,South Korea,35.6378,126.9349,United Arab Emirates Warehouse 4,warehouse,United Arab Emirates,22.0943,54.9485
EDGE00543,SUP0007,WH0004,ocean,18.2,42.116,292,Ramirez-Lewis,supplier,South Korea,35.6378,126.9349,United Arab Emirates Warehouse 4,warehouse,United Arab Emirates,22.0943,54.9485
EDGE00544,SUP0007,WH0005,air,3.0,313.74,450,Ramirez-Lewis,supplier,South Korea,35.6378,126.9349,United Arab Emirates Warehouse 5,warehouse,United Arab Emirates,23.7233,54.4742
EDGE00545,SUP0007,WH0005,ocean,18.5,41.832,556,Ramirez-Lewis,supplier,South Korea,35.6378,126.9349,United Arab Emirates Warehouse 5,warehouse,United Arab Emirates,23.7233,54.4742
EDGE00546,SUP0007,WH0006,air,4.5,477.816,283,Ramirez-Lewis,supplier,South Korea,35.6378,126.9349,United States Warehouse 6,warehouse,United States,38.3818,-97.1703
EDGE00547,SUP0007,WH0006,ocean,25.5,63.709,243,Ramirez-Lewis,supplier,South Korea,35.6378,126.9349,United States Warehouse 6,warehouse,United States,38.3818,-97.1703
EDGE00548,SUP0007,WH0007,air,3.0,383.488,226,Ramirez-Lewis,supplier,South Korea,35.6378,126.9349,Germany Warehouse 7,warehouse,Germany,52.1573,9.587
EDGE00549,SUP0007,WH0007,ocean,21.8,51.132,376,Ramirez-Lewis,supplier,South Korea,35.6378,126.9349,Germany Warehouse 7,warehouse,Germany,52.1573,9.587
EDGE00550,SUP0007,WH0008,rail,1.0,0.766,570,Ramirez-Lewis,supplier,South Korea,35.6378,126.9349,South Korea Warehouse 8,warehouse,South Korea,34.9555,126.8202
EDGE00551,SUP0007,WH0008,road,1.0,1.378,515,Ramirez-Lewis,supplier,South Korea,35.6378,126.9349,South Korea Warehouse 8,warehouse,South Korea,34.9555,126.8202
EDGE00552,SUP0007,WH0009,air,3.8,386.606,582,Ramirez-Lewis,supplier,South Korea,35.6378,126.9349,Germany Warehouse 9,warehouse,Germany,50.5727,10.5243
EDGE00553,SUP0007,WH0009,ocean,20.8,51.547,464,Ramirez-Lewis,supplier,South Korea,35.6378,126.9349,Germany Warehouse 9,warehouse,Germany,50.5727,10.5243
EDGE00554,SUP0007,WH0010,air,3.5,363.489,445,Ramirez-Lewis,supplier,South Korea,35.6378,126.9349,Poland Warehouse 10,warehouse,Poland,51.7158,18.5237
EDGE00555,SUP0007,WH0010,ocean,21.5,48.465,667,Ramirez-Lewis,supplier,South Korea,35.6378,126.9349,Poland Warehouse 10,warehouse,Poland,51.7158,18.5237
EDGE00556,SUP0008,WH0001,ocean,14.3,31.381,551,Davis Inc,supplier,Pakistan,29.5486,68.8154,Germany Warehouse 1,warehouse,Germany,50.7836,11.8021
EDGE00557,SUP0008,WH0001,rail,8.0,52.302,627,Davis Inc,supplier,Pakistan,29.5486,68.8154,Germany Warehouse 1,warehouse,Germany,50.7836,11.8021
EDGE00558,SUP0008,WH0002,air,2.7,216.929,951,Davis Inc,supplier,Pakistan,29.5486,68.8154,Singapore Warehouse 2,warehouse,Singapore,2.046,104.116
EDGE00559,SUP0008,WH0002,ocean,12.8,28.924,433,Davis Inc,supplier,Pakistan,29.5486,68.8154,Singapore Warehouse 2,warehouse,Singapore,2.046,104.116
EDGE00560,SUP0008,WH0002,rail,7.7,48.206,635,Davis Inc,supplier,Pakistan,29.5486,68.8154,Singapore Warehouse 2,warehouse,Singapore,2.046,104.116
EDGE00561,SUP0008,WH0003,air,3.0,259.166,459,Davis Inc,supplier,Pakistan,29.5486,68.8154,Netherlands Warehouse 3,warehouse,Netherlands,51.0981,4.258
EDGE00562,SUP0008,WH0003,ocean,15.2,34.555,526,Davis Inc,supplier,Pakistan,29.5486,68.8154,Netherlands Warehouse 3,warehouse,Netherlands,51.0981,4.258
EDGE00563,SUP0008,WH0003,rail,9.0,57.592,494,Davis Inc,supplier,Pakistan,29.5486,68.8154,Netherlands Warehouse 3,warehouse,Netherlands,51.0981,4.258
EDGE00564,SUP0008,WH0004,air,2.0,72.659,347,Davis Inc,supplier,Pakistan,29.5486,68.8154,United Arab Emirates Warehouse 4,warehouse,United Arab Emirates,22.0943,54.9485
EDGE00565,SUP0008,WH0004,ocean,7.0,9.688,503,Davis Inc,supplier,Pakistan,29.5486,68.8154,United Arab Emirates Warehouse 4,warehouse,United Arab Emirates,22.0943,54.9485
EDGE00566,SUP0008,WH0004,rail,2.3,16.147,378,Davis Inc,supplier,Pakistan,29.5486,68.8154,United Arab Emirates Warehouse 4,warehouse,United Arab Emirates,22.0943,54.9485
EDGE00567,SUP0008,WH0005,air,2.0,70.382,1255,Davis Inc,supplier,Pakistan,29.5486,68.8154,United Arab Emirates Warehouse 5,warehouse,United Arab Emirates,23.7233,54.4742
EDGE00568,SUP0008,WH0005,ocean,5.7,9.384,402,Davis Inc,supplier,Pakistan,29.5486,68.8154,United Arab Emirates Warehouse 5,warehouse,United Arab Emirates,23.7233,54.4742
EDGE00569,SUP0008,WH0005,rail,2.7,15.64,345,Davis Inc,supplier,Pakistan,29.5486,68.8154,United Arab Emirates Warehouse 5,warehouse,United Arab Emirates,23.7233,54.4742
EDGE00570,SUP0008,WH0006,air,4.0,554.519,917,Davis Inc,supplier,Pakistan,29.5486,68.8154,United States Warehouse 6,warehouse,United States,38.3818,-97.1703
EDGE00571,SUP0008,WH0006,ocean,30.2,73.936,460,Davis Inc,supplier,Pakistan,29.5486,68.8154,United States Warehouse 6,warehouse,United States,38.3818,-97.1703
EDGE00572,SUP0008,WH0007,air,2.0,242.729,101,Davis Inc,supplier,Pakistan,29.5486,68.8154,Germany Warehouse 7,warehouse,Germany,52.1573,9.587
EDGE00573,SUP0008,WH0007,ocean,14.3,32.364,403,Davis Inc,supplier,Pakistan,29.5486,68.8154,Germany Warehouse 7,warehouse,Germany,52.1573,9.587
EDGE00574,SUP0008,WH0007,rail,7.5,53.94,821,Davis Inc,supplier,Pakistan,29.5486,68.8154,Germany Warehouse 7,warehouse,Germany,52.1573,9.587
EDGE00575,SUP0008,WH0008,ocean,17.0,32.474,460,Davis Inc,supplier,Pakistan,29.5486,68.8154,South Korea Warehouse 8,warehouse,South Korea,34.9555,126.8202
EDGE00576,SUP0008,WH0008,rail,8.0,54.124,193,Davis Inc,supplier,Pakistan,29.5486,68.8154,South Korea Warehouse 8,warehouse,South Korea,34.9555,126.8202
EDGE00577,SUP0008,WH0009,air,3.0,239.332,1317,Davis Inc,supplier,Pakistan,29.5486,68.8154,Germany Warehouse 9,warehouse,Germany,50.5727,10.5243
EDGE00578,SUP0008,WH0009,ocean,15.2,31.911,586,Davis Inc,supplier,Pakistan,29.5486,68.8154,Germany Warehouse 9,warehouse,Germany,50.5727,10.5243
EDGE00579,SUP0008,WH0009,rail,10.0,53.185,1015,Davis Inc,supplier,Pakistan,29.5486,68.8154,Germany Warehouse 9,warehouse,Germany,50.5727,10.5243
EDGE00580,SUP0008,WH0010,ocean,13.2,28.683,258,Davis Inc,supplier,Pakistan,29.5486,68.8154,Poland Warehouse 10,warehouse,Poland,51.7158,18.5237
EDGE00581,SUP0008,WH0010,rail,7.2,47.805,339,Davis Inc,supplier,Pakistan,29.5486,68.8154,Poland Warehouse 10,warehouse,Poland,51.7158,18.5237
EDGE00582,SUP0009,WH0001,air,3.5,352.745,442,Munoz-Roman,supplier,United States,39.6443,-97.4393,Germany Warehouse 1,warehouse,Germany,50.7836,11.8021
EDGE00583,SUP0009,WH0001,ocean,19.3,47.033,370,Munoz-Roman,supplier,United States,39.6443,-97.4393,Germany Warehouse 1,warehouse,Germany,50.7836,11.8021
EDGE00584,SUP0009,WH0002,air,6.0,669.818,518,Munoz-Roman,supplier,United States,39.6443,-97.4393,Singapore Warehouse 2,warehouse,Singapore,2.046,104.116
EDGE00585,SUP0009,WH0002,ocean,35.0,89.309,523,Munoz-Roman,supplier,United States,39.6443,-97.4393,Singapore Warehouse 2,warehouse,Singapore,2.046,104.116
EDGE00586,SUP0009,WH0003,air,3.0,332.834,359,Munoz-Roman,supplier,United States,39.6443,-97.4393,Netherlands Warehouse 3,warehouse,Netherlands,51.0981,4.258
EDGE00587,SUP0009,WH0003,ocean,19.0,44.378,448,Munoz-Roman,supplier,United States,39.6443,-97.4393,Netherlands Warehouse 3,warehouse,Netherlands,51.0981,4.258
EDGE00588,SUP0009,WH0004,air,5.0,565.894,649,Munoz-Roman,supplier,United States,39.6443,-97.4393,United Arab Emirates Warehouse 4,warehouse,United Arab Emirates,22.0943,54.9485
EDGE00589,SUP0009,WH0004,ocean,30.4,75.453,504,Munoz-Roman,supplier,United States,39.6443,-97.4393,United Arab Emirates Warehouse 4,warehouse,United Arab Emirates,22.0943,54.9485
EDGE00590,SUP0009,WH0005,air,4.0,557.534,981,Munoz-Roman,supplier,United States,39.6443,-97.4393,United Arab Emirates Warehouse 5,warehouse,United Arab Emirates,23.7233,54.4742
EDGE00591,SUP0009,WH0005,ocean,29.5,74.338,287,Munoz-Roman,supplier,United States,39.6443,-97.4393,United Arab Emirates Warehouse 5,warehouse,United Arab Emirates,23.7233,54.4742
EDGE00592,SUP0009,WH0006,rail,1.5,1.423,376,Munoz-Roman,supplier,United States,39.6443,-97.4393,United States Warehouse 6,warehouse,United States,38.3818,-97.1703
EDGE00593,SUP0009,WH0006,road,1.0,2.561,781,Munoz-Roman,supplier,United States,39.6443,-97.4393,United States Warehouse 6,warehouse,United States,38.3818,-97.1703
EDGE00594,SUP0009,WH0007,air,4.0,343.061,170,Munoz-Roman,supplier,United States,39.6443,-97.4393,Germany Warehouse 7,warehouse,Germany,52.1573,9.587
EDGE00595,SUP0009,WH0008,air,4.0,475.153,397,Munoz-Roman,supplier,United States,39.6443,-97.4393,South Korea Warehouse 8,warehouse,South Korea,34.9555,126.8202
EDGE00596,SUP0009,WH0008,ocean,25.5,63.354,663,Munoz-Roman,supplier,United States,39.6443,-97.4393,South Korea Warehouse 8,warehouse,South Korea,34.9555,126.8202
EDGE00597,SUP0009,WH0009,air,3.5,350.27,167,Munoz-Roman,supplier,United States,39.6443,-97.4393,Germany Warehouse 9,warehouse,Germany,50.5727,10.5243
EDGE00598,SUP0009,WH0009,ocean,19.7,46.703,705,Munoz-Roman,supplier,United States,39.6443,-97.4393,Germany Warehouse 9,warehouse,Germany,50.5727,10.5243
EDGE00599,SUP0009,WH0010,air,4.0,365.401,567,Munoz-Roman,supplier,United States,39.6443,-97.4393,Poland Warehouse 10,warehouse,Poland,51.7158,18.5237
EDGE00600,SUP0009,WH0010,ocean,20.4,48.72,495,Munoz-Roman,supplier,United States,39.6443,-97.4393,Poland Warehouse 10,warehouse,Poland,51.7158,18.5237
EDGE00601,SUP0010,WH0001,ocean,9.0,17.989,277,"Martinez, Nielsen and Miller",supplier,Egypt,27.1897,28.9858,Germany Warehouse 1,warehouse,Germany,50.7836,11.8021
EDGE00602,SUP0010,WH0001,rail,5.5,29.981,173,"Martinez, Nielsen and Miller",supplier,Egypt,27.1897,28.9858,Germany Warehouse 1,warehouse,Germany,50.7836,11.8021
EDGE00603,SUP0010,WH0002,air,3.0,379.544,283,"Martinez, Nielsen and Miller",supplier,Egypt,27.1897,28.9858,Singapore Warehouse 2,warehouse,Singapore,2.046,104.116
EDGE00604,SUP0010,WH0002,ocean,21.7,50.606,766,"Martinez, Nielsen and Miller",supplier,Egypt,27.1897,28.9858,Singapore Warehouse 2,warehouse,Singapore,2.046,104.116
EDGE00605,SUP0010,WH0003,air,1.0,151.853,349,"Martinez, Nielsen and Miller",supplier,Egypt,27.1897,28.9858,Netherlands Warehouse 3,warehouse,Netherlands,51.0981,4.258
EDGE00606,SUP0010,WH0003,ocean,9.1,20.247,602,"Martinez, Nielsen and Miller",supplier,Egypt,27.1897,28.9858,Netherlands Warehouse 3,warehouse,Netherlands,51.0981,4.258
EDGE00607,SUP0010,WH0003,rail,6.3,33.745,198,"Martinez, Nielsen and Miller",supplier,Egypt,27.1897,28.9858,Netherlands Warehouse 3,warehouse,Netherlands,51.0981,4.258
EDGE00608,SUP0010,WH0004,air,1.0,120.565,541,"Martinez, Nielsen and Miller",supplier,Egypt,27.1897,28.9858,United Arab Emirates Warehouse 4,warehouse,United Arab Emirates,22.0943,54.9485
EDGE00609,SUP0010,WH0004,ocean,8.2,16.075,793,"Martinez, Nielsen and Miller",supplier,Egypt,27.1897,28.9858,United Arab Emirates Warehouse 4,warehouse,United Arab Emirates,22.0943,54.9485
EDGE00610,SUP0010,WH0004,rail,4.0,26.792,544,"Martinez, Nielsen and Miller",supplier,Egypt,27.1897,28.9858,United Arab Emirates Warehouse 4,warehouse,United Arab Emirates,22.0943,54.9485
EDGE00611,SUP0010,WH0005,air,2.5,116.249,399,"Martinez, Nielsen and Miller",supplier,Egypt,27.1897,28.9858,United Arab Emirates Warehouse 5,warehouse,United Arab Emirates,23.7233,54.4742
EDGE00612,SUP0010,WH0005,ocean,7.8,15.5,226,"Martinez, Nielsen and Miller",supplier,Egypt,27.1897,28.9858,United Arab Emirates Warehouse 5,warehouse,United Arab Emirates,23.7233,54.4742
EDGE00613,SUP0010,WH0005,rail,5.0,25.833,605,"Martinez, Nielsen and Miller",supplier,Egypt,27.1897,28.9858,United Arab Emirates Warehouse 5,warehouse,United Arab Emirates,23.7233,54.4742
EDGE00614,SUP0010,WH0006,air,5.0,487.041,463,"Martinez, Nielsen and Miller",supplier,Egypt,27.1897,28.9858,United States Warehouse 6,warehouse,United States,38.3818,-97.1703
EDGE00615,SUP0010,WH0006,ocean,26.3,64.939,389,"Martinez, Nielsen and Miller",supplier,Egypt,27.1897,28.9858,United States Warehouse 6,warehouse,United States,38.3818,-97.1703
EDGE00616,SUP0010,WH0007,air,1.5,144.548,132,"Martinez, Nielsen and Miller",supplier,Egypt,27.1897,28.9858,Germany Warehouse 7,warehouse,Germany,52.1573,9.587
EDGE00617,SUP0010,WH0007,ocean,10.7,19.273,413,"Martinez, Nielsen and Miller",supplier,Egypt,27.1897,28.9858,Germany Warehouse 7,warehouse,Germany,52.1573,9.587
EDGE00618,SUP0010,WH0007,rail,5.0,32.122,556,"Martinez, Nielsen and Miller",supplier,Egypt,27.1897,28.9858,Germany Warehouse 7,warehouse,Germany,52.1573,9.587
EDGE00619,SUP0010,WH0008,air,3.3,403.566,296,"Martinez, Nielsen and Miller",supplier,Egypt,27.1897,28.9858,South Korea Warehouse 8,warehouse,South Korea,34.9555,126.8202
EDGE00620,SUP0010,WH0008,ocean,21.2,53.809,299,"Martinez, Nielsen and Miller",supplier,Egypt,27.1897,28.9858,South Korea Warehouse 8,warehouse,South Korea,34.9555,126.8202
EDGE00621,SUP0010,WH0009,air,1.0,136.489,437,"Martinez, Nielsen and Miller",supplier,Egypt,27.1897,28.9858,Germany Warehouse 9,warehouse,Germany,50.5727,10.5243
EDGE00622,SUP0010,WH0009,ocean,8.2,18.198,370,"Martinez, Nielsen and Miller",supplier,Egypt,27.1897,28.9858,Germany Warehouse 9,warehouse,Germany,50.5727,10.5243
EDGE00623,SUP0010,WH0009,rail,6.3,30.331,435,"Martinez, Nielsen and Miller",supplier,Egypt,27.1897,28.9858,Germany Warehouse 9,warehouse,Germany,50.5727,10.5243
EDGE00624,SUP0010,WH0010,ocean,9.2,17.187,354,"Martinez, Nielsen and Miller",supplier,Egypt,27.1897,28.9858,Poland Warehouse 10,warehouse,Poland,51.7158,18.5237
EDGE00625,SUP0011,WH0001,air,4.3,485.789,415,"Montgomery, Hensley and Ray",supplier,Indonesia,-0.3598,112.6021,Germany Warehouse 1,warehouse,Germany,50.7836,11.8021
EDGE00626,SUP0011,WH0001,ocean,27.3,64.772,646,"Montgomery, Hensley and Ray",supplier,Indonesia,-0.3598,112.6021,Germany Warehouse 1,warehouse,Germany,50.7836,11.8021
EDGE00627,SUP0011,WH0002,rail,2.5,9.806,199,"Montgomery, Hensley and Ray",supplier,Indonesia,-0.3598,112.6021,Singapore Warehouse 2,warehouse,Singapore,2.046,104.116
EDGE00628,SUP0011,WH0002,road,1.0,17.651,359,"Montgomery, Hensley and Ray",supplier,Indonesia,-0.3598,112.6021,Singapore Warehouse 2,warehouse,Singapore,2.046,104.116
EDGE00629,SUP0011,WH0003,air,4.3,508.807,614,"Montgomery, Hensley and Ray",supplier,Indonesia,-0.3598,112.6021,Netherlands Warehouse 3,warehouse,Netherlands,51.0981,4.258
EDGE00630,SUP0011,WH0003,ocean,27.2,67.841,433,"Montgomery, Hensley and Ray",supplier,Indonesia,-0.3598,112.6021,Netherlands Warehouse 3,warehouse,Netherlands,51.0981,4.258
EDGE00631,SUP0011,WH0004,air,3.0,302.415,579,"Montgomery, Hensley and Ray",supplier,Indonesia,-0.3598,112.6021,United Arab Emirates Warehouse 4,warehouse,United Arab Emirates,22.0943,54.9485
EDGE00632,SUP0011,WH0004,ocean,18.2,40.322,460,"Montgomery, Hensley and Ray",supplier,Indonesia,-0.3598,112.6021,United Arab Emirates Warehouse 4,warehouse,United Arab Emirates,22.0943,54.9485
EDGE00633,SUP0011,WH0005,air,2.6,306.52,789,"Montgomery, Hensley and Ray",supplier,Indonesia,-0.3598,112.6021,United Arab Emirates Warehouse 5,warehouse,United Arab Emirates,23.7233,54.4742
EDGE00634,SUP0011,WH0005,ocean,17.7,40.869,379,"Montgomery, Hensley and Ray",supplier,Indonesia,-0.3598,112.6021,United Arab Emirates Warehouse 5,warehouse,United Arab Emirates,23.7233,54.4742
EDGE00635,SUP0011,WH0006,air,5.7,666.408,264,"Montgomery, Hensley and Ray",supplier,Indonesia,-0.3598,112.6021,United States Warehouse 6,warehouse,United States,38.3818,-97.1703
EDGE00636,SUP0011,WH0006,ocean,35.5,88.854,652,"Montgomery, Hensley and Ray",supplier,Indonesia,-0.3598,112.6021,United States Warehouse 6,warehouse,United States,38.3818,-97.1703
EDGE00637,SUP0011,WH0007,air,4.0,491.513,293,"Montgomery, Hensley and Ray",supplier,Indonesia,-0.3598,112.6021,Germany Warehouse 7,warehouse,Germany,52.1573,9.587
EDGE00638,SUP0011,WH0007,ocean,26.6,65.535,804,"Montgomery, Hensley and Ray",supplier,Indonesia,-0.3598,112.6021,Germany Warehouse 7,warehouse,Germany,52.1573,9.587
EDGE00639,SUP0011,WH0008,air,2.0,188.804,123,"Montgomery, Hensley and Ray",supplier,Indonesia,-0.3598,112.6021,South Korea Warehouse 8,warehouse,South Korea,34.9555,126.8202
EDGE00640,SUP0011,WH0008,ocean,12.1,25.174,541,"Montgomery, Hensley and Ray",supplier,Indonesia,-0.3598,112.6021,South Korea Warehouse 8,warehouse,South Korea,34.9555,126.8202
EDGE00641,SUP0011,WH0008,rail,7.3,41.957,600,"Montgomery, Hensley and Ray",supplier,Indonesia,-0.3598,112.6021,South Korea Warehouse 8,warehouse,South Korea,34.9555,126.8202
EDGE00642,SUP0011,WH0009,air,4.6,489.954,460,"Montgomery, Hensley and Ray",supplier,Indonesia,-0.3598,112.6021,Germany Warehouse 9,warehouse,Germany,50.5727,10.5243
EDGE00643,SUP0011,WH0009,ocean,26.2,65.327,854,"Montgomery, Hensley and Ray",supplier,Indonesia,-0.3598,112.6021,Germany Warehouse 9,warehouse,Germany,50.5727,10.5243
EDGE00644,SUP0011,WH0010,air,4.2,464.391,395,"Montgomery, Hensley and Ray",supplier,Indonesia,-0.3598,112.6021,Poland Warehouse 10,warehouse,Poland,51.7158,18.5237
EDGE00645,SUP0011,WH0010,ocean,26.4,61.919,540,"Montgomery, Hensley and Ray",supplier,Indonesia,-0.3598,112.6021,Poland Warehouse 10,warehouse,Poland,51.7158,18.5237
EDGE00646,SUP0012,WH0001,ocean,22.1,53.629,526,Stanley LLC,supplier,Japan,36.9369,138.0106,Germany Warehouse 1,warehouse,Germany,50.7836,11.8021
EDGE00647,SUP0012,WH0002,air,2.5,234.195,197,Stanley LLC,supplier,Japan,36.9369,138.0106,Singapore Warehouse 2,warehouse,Singapore,2.046,104.116
EDGE00648,SUP0012,WH0002,ocean,14.0,31.226,423,Stanley LLC,supplier,Japan,36.9369,138.0106,Singapore Warehouse 2,warehouse,Singapore,2.046,104.116
EDGE00649,SUP0012,WH0002,rail,8.8,52.043,736,Stanley LLC,supplier,Japan,36.9369,138.0106,Singapore Warehouse 2,warehouse,Singapore,2.046,104.116
EDGE00650,SUP0012,WH0003,air,3.0,415.697,631,Stanley LLC,supplier,Japan,36.9369,138.0106,Netherlands Warehouse 3,warehouse,Netherlands,51.0981,4.258
EDGE00651,SUP0012,WH0003,ocean,23.0,55.426,305,Stanley LLC,supplier,Japan,36.9369,138.0106,Netherlands Warehouse 3,warehouse,Netherlands,51.0981,4.258
EDGE00652,SUP0012,WH0004,air,3.5,358.318,478,Stanley LLC,supplier,Japan,36.9369,138.0106,United Arab Emirates Warehouse 4,warehouse,United Arab Emirates,22.0943,54.9485
EDGE00653,SUP0012,WH0004,ocean,21.2,47.776,460,Stanley LLC,supplier,Japan,36.9369,138.0106,United Arab Emirates Warehouse 4,warehouse,United Arab Emirates,22.0943,54.9485
EDGE00654,SUP0012,WH0005,air,3.0,355.7,497,Stanley LLC,supplier,Japan,36.9369,138.0106,United Arab Emirates Warehouse 5,warehouse,United Arab Emirates,23.7233,54.4742
EDGE00655,SUP0012,WH0005,ocean,18.6,47.427,344,Stanley LLC,supplier,Japan,36.9369,138.0106,United Arab Emirates Warehouse 5,warehouse,United Arab Emirates,23.7233,54.4742
EDGE00656,SUP0012,WH0006,air,3.5,445.935,474,Stanley LLC,supplier,Japan,36.9369,138.0106,United States Warehouse 6,warehouse,United States,38.3818,-97.1703
EDGE00657,SUP0012,WH0006,ocean,25.2,59.458,519,Stanley LLC,supplier,Japan,36.9369,138.0106,United States Warehouse 6,warehouse,United States,38.3818,-97.1703
EDGE00658,SUP0012,WH0007,air,3.5,401.419,703,Stanley LLC,supplier,Japan,36.9369,138.0106,Germany Warehouse 7,warehouse,Germany,52.1573,9.587
EDGE00659,SUP0012,WH0007,ocean,22.3,53.523,598,Stanley LLC,supplier,Japan,36.9369,138.0106,Germany Warehouse 7,warehouse,Germany,52.1573,9.587
EDGE00660,SUP0012,WH0008,rail,2.5,10.305,346,Stanley LLC,supplier,Japan,36.9369,138.0106,South Korea Warehouse 8,warehouse,South Korea,34.9555,126.8202
EDGE00661,SUP0012,WH0008,road,1.0,18.549,491,Stanley LLC,supplier,Japan,36.9369,138.0106,South Korea Warehouse 8,warehouse,South Korea,34.9555,126.8202
EDGE00662,SUP0012,WH0009,ocean,21.5,54.087,433,Stanley LLC,supplier,Japan,36.9369,138.0106,Germany Warehouse 9,warehouse,Germany,50.5727,10.5243
EDGE00663,SUP0012,WH0010,air,4.0,384.409,266,Stanley LLC,supplier,Japan,36.9369,138.0106,Poland Warehouse 10,warehouse,Poland,51.7158,18.5237
EDGE00664,SUP0012,WH0010,ocean,21.2,51.255,499,Stanley LLC,supplier,Japan,36.9369,138.0106,Poland Warehouse 10,warehouse,Poland,51.7158,18.5237
EDGE00665,SUP0013,WH0001,rail,1.5,1.596,709,Delacruz Group,supplier,Germany,49.6482,10.4307,Germany Warehouse 1,warehouse,Germany,50.7836,11.8021
EDGE00666,SUP0013,WH0001,road,1.0,2.872,656,Delacruz Group,supplier,Germany,49.6482,10.4307,Germany Warehouse 1,warehouse,Germany,50.7836,11.8021
EDGE00667,SUP0013,WH0002,air,4.0,454.463,1038,Delacruz Group,supplier,Germany,49.6482,10.4307,Singapore Warehouse 2,warehouse,Singapore,2.046,104.116
EDGE00668,SUP0013,WH0002,ocean,24.0,60.595,565,Delacruz Group,supplier,Germany,49.6482,10.4307,Singapore Warehouse 2,warehouse,Singapore,2.046,104.116
EDGE00669,SUP0013,WH0003,rail,1.5,4.663,617,Delacruz Group,supplier,Germany,49.6482,10.4307,Netherlands Warehouse 3,warehouse,Netherlands,51.0981,4.258
EDGE00670,SUP0013,WH0003,road,1.0,8.394,697,Delacruz Group,supplier,Germany,49.6482,10.4307,Netherlands Warehouse 3,warehouse,Netherlands,51.0981,4.258
EDGE00671,SUP0013,WH0004,ocean,14.0,29.625,575,Delacruz Group,supplier,Germany,49.6482,10.4307,United Arab Emirates Warehouse 4,warehouse,United Arab Emirates,22.0943,54.9485
EDGE00672,SUP0013,WH0004,rail,8.0,49.376,497,Delacruz Group,supplier,Germany,49.6482,10.4307,United Arab Emirates Warehouse 4,warehouse,United Arab Emirates,22.0943,54.9485
EDGE00673,SUP0013,WH0005,air,3.0,214.6,361,Delacruz Group,supplier,Germany,49.6482,10.4307,United Arab Emirates Warehouse 5,warehouse,United Arab Emirates,23.7233,54.4742
EDGE00674,SUP0013,WH0005,ocean,13.0,28.613,747,Delacruz Group,supplier,Germany,49.6482,10.4307,United Arab Emirates Warehouse 5,warehouse,United Arab Emirates,23.7233,54.4742
EDGE00675,SUP0013,WH0005,rail,7.8,47.689,393,Delacruz Group,supplier,Germany,49.6482,10.4307,United Arab Emirates Warehouse 5,warehouse,United Arab Emirates,23.7233,54.4742
EDGE00676,SUP0013,WH0006,air,4.0,357.045,337,Delacruz Group,supplier,Germany,49.6482,10.4307,United States Warehouse 6,warehouse,United States,38.3818,-97.1703
EDGE00677,SUP0013,WH0006,ocean,20.1,47.606,601,Delacruz Group,supplier,Germany,49.6482,10.4307,United States Warehouse 6,warehouse,United States,38.3818,-97.1703
EDGE00678,SUP0013,WH0007,rail,1.5,2.852,392,Delacruz Group,supplier,Germany,49.6482,10.4307,Germany Warehouse 7,warehouse,Germany,52.1573,9.587
EDGE00679,SUP0013,WH0007,road,1.0,5.134,437,Delacruz Group,supplier,Germany,49.6482,10.4307,Germany Warehouse 7,warehouse,Germany,52.1573,9.587
EDGE00680,SUP0013,WH0008,ocean,20.8,52.319,489,Delacruz Group,supplier,Germany,49.6482,10.4307,South Korea Warehouse 8,warehouse,South Korea,34.9555,126.8202
EDGE00681,SUP0013,WH0009,rail,1.2,1.03,616,Delacruz Group,supplier,Germany,49.6482,10.4307,Germany Warehouse 9,warehouse,Germany,50.5727,10.5243
EDGE00682,SUP0013,WH0009,road,1.0,1.854,859,Delacruz Group,supplier,Germany,49.6482,10.4307,Germany Warehouse 9,warehouse,Germany,50.5727,10.5243
EDGE00683,SUP0013,WH0010,rail,1.8,6.144,443,Delacruz Group,supplier,Germany,49.6482,10.4307,Poland Warehouse 10,warehouse,Poland,51.7158,18.5237
EDGE00684,SUP0013,WH0010,road,1.0,11.059,426,Delacruz Group,supplier,Germany,49.6482,10.4307,Poland Warehouse 10,warehouse,Poland,51.7158,18.5237
EDGE00685,SUP0014,WH0001,air,4.0,357.573,823,"Flowers, Martin and Kelly",supplier,United States,39.0668,-98.4997,Germany Warehouse 1,warehouse,Germany,50.7836,11.8021
EDGE00686,SUP0014,WH0001,ocean,21.0,47.676,186,"Flowers, Martin and Kelly",supplier,United States,39.0668,-98.4997,Germany Warehouse 1,warehouse,Germany,50.7836,11.8021
EDGE00687,SUP0014,WH0002,air,6.0,670.144,151,"Flowers, Martin and Kelly",supplier,United States,39.0668,-98.4997,Singapore Warehouse 2,warehouse,Singapore,2.046,104.116
EDGE00688,SUP0014,WH0002,ocean,34.5,89.353,613,"Flowers, Martin and Kelly",supplier,United States,39.0668,-98.4997,Singapore Warehouse 2,warehouse,Singapore,2.046,104.116
EDGE00689,SUP0014,WH0003,air,4.0,337.723,217,"Flowers, Martin and Kelly",supplier,United States,39.0668,-98.4997,Netherlands Warehouse 3,warehouse,Netherlands,51.0981,4.258
EDGE00690,SUP0014,WH0003,ocean,19.7,45.03,343,"Flowers, Martin and Kelly",supplier,United States,39.0668,-98.4997,Netherlands Warehouse 3,warehouse,Netherlands,51.0981,4.258
EDGE00691,SUP0014,WH0004,air,4.0,570.348,250,"Flowers, Martin and Kelly",supplier,United States,39.0668,-98.4997,United Arab Emirates Warehouse 4,warehouse,United Arab Emirates,22.0943,54.9485
EDGE00692,SUP0014,WH0004,ocean,30.8,76.046,538,"Flowers, Martin and Kelly",supplier,United States,39.0668,-98.4997,United Arab Emirates Warehouse 4,warehouse,United Arab Emirates,22.0943,54.9485
EDGE00693,SUP0014,WH0005,air,5.0,561.978,360,"Flowers, Martin and Kelly",supplier,United States,39.0668,-98.4997,United Arab Emirates Warehouse 5,warehouse,United Arab Emirates,23.7233,54.4742
EDGE00694,SUP0014,WH0005,ocean,33.0,74.93,423,"Flowers, Martin and Kelly",supplier,United States,39.0668,-98.4997,United Arab Emirates Warehouse 5,warehouse,United Arab Emirates,23.7233,54.4742
EDGE00695,SUP0014,WH0006,rail,1.5,1.382,544,"Flowers, Martin and Kelly",supplier,United States,39.0668,-98.4997,United States Warehouse 6,warehouse,United States,38.3818,-97.1703
EDGE00696,SUP0014,WH0006,road,1.2,2.488,619,"Flowers, Martin and Kelly",supplier,United States,39.0668,-98.4997,United States Warehouse 6,warehouse,United States,38.3818,-97.1703
EDGE00697,SUP0014,WH0007,air,4.0,347.884,313,"Flowers, Martin and Kelly",supplier,United States,39.0668,-98.4997,Germany Warehouse 7,warehouse,Germany,52.1573,9.587
EDGE00698,SUP0014,WH0007,ocean,19.6,46.384,581,"Flowers, Martin and Kelly",supplier,United States,39.0668,-98.4997,Germany Warehouse 7,warehouse,Germany,52.1573,9.587
EDGE00699,SUP0014,WH0008,air,4.5,475.13,821,"Flowers, Martin and Kelly",supplier,United States,39.0668,-98.4997,South Korea Warehouse 8,warehouse,South Korea,34.9555,126.8202
EDGE00700,SUP0014,WH0008,ocean,25.2,63.351,468,"Flowers, Martin and Kelly",supplier,United States,39.0668,-98.4997,South Korea Warehouse 8,warehouse,South Korea,34.9555,126.8202
EDGE00701,SUP0014,WH0009,air,3.0,355.114,240,"Flowers, Martin and Kelly",supplier,United States,39.0668,-98.4997,Germany Warehouse 9,warehouse,Germany,50.5727,10.5243
EDGE00702,SUP0014,WH0009,ocean,20.0,47.349,568,"Flowers, Martin and Kelly",supplier,United States,39.0668,-98.4997,Germany Warehouse 9,warehouse,Germany,50.5727,10.5243
EDGE00703,SUP0014,WH0010,air,3.7,370.131,712,"Flowers, Martin and Kelly",supplier,United States,39.0668,-98.4997,Poland Warehouse 10,warehouse,Poland,51.7158,18.5237
EDGE00704,SUP0014,WH0010,ocean,20.4,49.351,326,"Flowers, Martin and Kelly",supplier,United States,39.0668,-98.4997,Poland Warehouse 10,warehouse,Poland,51.7158,18.5237
EDGE00705,SUP0015,WH0001,air,2.0,294.822,160,"Zuniga, Wong and Lynch",supplier,India,20.7768,77.6994,Germany Warehouse 1,warehouse,Germany,50.7836,11.8021
EDGE00706,SUP0015,WH0001,ocean,16.0,39.31,430,"Zuniga, Wong and Lynch",supplier,India,20.7768,77.6994,Germany Warehouse 1,warehouse,Germany,50.7836,11.8021
EDGE00707,SUP0015,WH0002,ocean,12.7,21.246,337,"Zuniga, Wong and Lynch",supplier,India,20.7768,77.6994,Singapore Warehouse 2,warehouse,Singapore,2.046,104.116
EDGE00708,SUP0015,WH0002,rail,5.0,35.411,320,"Zuniga, Wong and Lynch",supplier,India,20.7768,77.6994,Singapore Warehouse 2,warehouse,Singapore,2.046,104.116
EDGE00709,SUP0015,WH0003,air,2.8,318.637,338,"Zuniga, Wong and Lynch",supplier,India,20.7768,77.6994,Netherlands Warehouse 3,warehouse,Netherlands,51.0981,4.258
EDGE00710,SUP0015,WH0003,ocean,18.5,42.485,733,"Zuniga, Wong and Lynch",supplier,India,20.7768,77.6994,Netherlands Warehouse 3,warehouse,Netherlands,51.0981,4.258
EDGE00711,SUP0015,WH0004,air,1.5,106.073,338,"Zuniga, Wong and Lynch",supplier,India,20.7768,77.6994,United Arab Emirates Warehouse 4,warehouse,United Arab Emirates,22.0943,54.9485
EDGE00712,SUP0015,WH0004,ocean,6.3,14.143,570,"Zuniga, Wong and Lynch",supplier,India,20.7768,77.6994,United Arab Emirates Warehouse 4,warehouse,United Arab Emirates,22.0943,54.9485
EDGE00713,SUP0015,WH0004,rail,4.2,23.572,678,"Zuniga, Wong and Lynch",supplier,India,20.7768,77.6994,United Arab Emirates Warehouse 4,warehouse,United Arab Emirates,22.0943,54.9485
EDGE00714,SUP0015,WH0005,ocean,8.0,14.459,775,"Zuniga, Wong and Lynch",supplier,India,20.7768,77.6994,United Arab Emirates Warehouse 5,warehouse,United Arab Emirates,23.7233,54.4742
EDGE00715,SUP0015,WH0006,air,6.0,603.683,2780,"Zuniga, Wong and Lynch",supplier,India,20.7768,77.6994,United States Warehouse 6,warehouse,United States,38.3818,-97.1703
EDGE00716,SUP0015,WH0006,ocean,32.7,80.491,458,"Zuniga, Wong and Lynch",supplier,India,20.7768,77.6994,United States Warehouse 6,warehouse,United States,38.3818,-97.1703
EDGE00717,SUP0015,WH0007,ocean,16.0,40.296,867,"Zuniga, Wong and Lynch",supplier,India,20.7768,77.6994,Germany Warehouse 7,warehouse,Germany,52.1573,9.587
EDGE00718,SUP0015,WH0008,ocean,14.7,30.15,566,"Zuniga, Wong and Lynch",supplier,India,20.7768,77.6994,South Korea Warehouse 8,warehouse,South Korea,34.9555,126.8202
EDGE00719,SUP0015,WH0008,rail,9.0,50.249,164,"Zuniga, Wong and Lynch",supplier,India,20.7768,77.6994,South Korea Warehouse 8,warehouse,South Korea,34.9555,126.8202
EDGE00720,SUP0015,WH0009,air,3.0,298.785,242,"Zuniga, Wong and Lynch",supplier,India,20.7768,77.6994,Germany Warehouse 9,warehouse,Germany,50.5727,10.5243
EDGE00721,SUP0015,WH0009,ocean,16.2,39.838,385,"Zuniga, Wong and Lynch",supplier,India,20.7768,77.6994,Germany Warehouse 9,warehouse,Germany,50.5727,10.5243
EDGE00722,SUP0015,WH0010,air,3.0,274.616,556,"Zuniga, Wong and Lynch",supplier,India,20.7768,77.6994,Poland Warehouse 10,warehouse,Poland,51.7158,18.5237
EDGE00723,SUP0015,WH0010,ocean,15.8,36.615,585,"Zuniga, Wong and Lynch",supplier,India,20.7768,77.6994,Poland Warehouse 10,warehouse,Poland,51.7158,18.5237
EDGE00724,SUP0016,WH0001,air,3.2,439.729,495,"Sanchez, Ford and Nelson",supplier,Mexico,21.984,-103.7661,Germany Warehouse 1,warehouse,Germany,50.7836,11.8021
EDGE00725,SUP0016,WH0001,ocean,23.8,58.631,537,"Sanchez, Ford and Nelson",supplier,Mexico,21.984,-103.7661,Germany Warehouse 1,warehouse,Germany,50.7836,11.8021
EDGE00726,SUP0016,WH0002,ocean,37.7,95.861,352,"Sanchez, Ford and Nelson",supplier,Mexico,21.984,-103.7661,Singapore Warehouse 2,warehouse,Singapore,2.046,104.116
EDGE00727,SUP0016,WH0003,air,4.0,418.409,121,"Sanchez, Ford and Nelson",supplier,Mexico,21.984,-103.7661,Netherlands Warehouse 3,warehouse,Netherlands,51.0981,4.258
EDGE00728,SUP0016,WH0003,ocean,20.8,55.788,576,"Sanchez, Ford and Nelson",supplier,Mexico,21.984,-103.7661,Netherlands Warehouse 3,warehouse,Netherlands,51.0981,4.258
EDGE00729,SUP0016,WH0004,air,5.5,656.91,460,"Sanchez, Ford and Nelson",supplier,Mexico,21.984,-103.7661,United Arab Emirates Warehouse 4,warehouse,United Arab Emirates,22.0943,54.9485
EDGE00730,SUP0016,WH0004,ocean,33.9,87.588,758,"Sanchez, Ford and Nelson",supplier,Mexico,21.984,-103.7661,United Arab Emirates Warehouse 4,warehouse,United Arab Emirates,22.0943,54.9485
EDGE00731,SUP0016,WH0005,air,5.7,648.642,391,"Sanchez, Ford and Nelson",supplier,Mexico,21.984,-103.7661,United Arab Emirates Warehouse 5,warehouse,United Arab Emirates,23.7233,54.4742
EDGE00732,SUP0016,WH0005,ocean,35.2,86.486,496,"Sanchez, Ford and Nelson",supplier,Mexico,21.984,-103.7661,United Arab Emirates Warehouse 5,warehouse,United Arab Emirates,23.7233,54.4742
EDGE00733,SUP0016,WH0006,air,1.0,86.803,459,"Sanchez, Ford and Nelson",supplier,Mexico,21.984,-103.7661,United States Warehouse 6,warehouse,United States,38.3818,-97.1703
EDGE00734,SUP0016,WH0006,ocean,6.2,11.574,335,"Sanchez, Ford and Nelson",supplier,Mexico,21.984,-103.7661,United States Warehouse 6,warehouse,United States,38.3818,-97.1703
EDGE00735,SUP0016,WH0006,rail,3.0,19.29,1283,"Sanchez, Ford and Nelson",supplier,Mexico,21.984,-103.7661,United States Warehouse 6,warehouse,United States,38.3818,-97.1703
EDGE00736,SUP0016,WH0007,air,3.3,430.221,490,"Sanchez, Ford and Nelson",supplier,Mexico,21.984,-103.7661,Germany Warehouse 7,warehouse,Germany,52.1573,9.587
EDGE00737,SUP0016,WH0007,ocean,22.6,57.363,458,"Sanchez, Ford and Nelson",supplier,Mexico,21.984,-103.7661,Germany Warehouse 7,warehouse,Germany,52.1573,9.587
EDGE00738,SUP0016,WH0008,air,5.0,528.142,244,"Sanchez, Ford and Nelson",supplier,Mexico,21.984,-103.7661,South Korea Warehouse 8,warehouse,South Korea,34.9555,126.8202
EDGE00739,SUP0016,WH0008,ocean,27.4,70.419,472,"Sanchez, Ford and Nelson",supplier,Mexico,21.984,-103.7661,South Korea Warehouse 8,warehouse,South Korea,34.9555,126.8202
EDGE00740,SUP0016,WH0009,air,4.0,436.889,154,"Sanchez, Ford and Nelson",supplier,Mexico,21.984,-103.7661,Germany Warehouse 9,warehouse,Germany,50.5727,10.5243
EDGE00741,SUP0016,WH0009,ocean,22.6,58.252,527,"Sanchez, Ford and Nelson",supplier,Mexico,21.984,-103.7661,Germany Warehouse 9,warehouse,Germany,50.5727,10.5243
EDGE00742,SUP0016,WH0010,air,4.7,454.085,238,"Sanchez, Ford and Nelson",supplier,Mexico,21.984,-103.7661,Poland Warehouse 10,warehouse,Poland,51.7158,18.5237
EDGE00743,SUP0016,WH0010,ocean,23.9,60.545,309,"Sanchez, Ford and Nelson",supplier,Mexico,21.984,-103.7661,Poland Warehouse 10,warehouse,Poland,51.7158,18.5237
EDGE00744,SUP0017,WH0001,ocean,12.5,29.114,561,"Hawkins, Cohen and Cameron",supplier,Nigeria,7.2609,7.9813,Germany Warehouse 1,warehouse,Germany,50.7836,11.8021
EDGE00745,SUP0017,WH0001,rail,7.0,48.524,794,"Hawkins, Cohen and Cameron",supplier,Nigeria,7.2609,7.9813,Germany Warehouse 1,warehouse,Germany,50.7836,11.8021
EDGE00746,SUP0017,WH0002,air,4.5,479.469,295,"Hawkins, Cohen and Cameron",supplier,Nigeria,7.2609,7.9813,Singapore Warehouse 2,warehouse,Singapore,2.046,104.116
EDGE00747,SUP0017,WH0002,ocean,25.5,63.929,629,"Hawkins, Cohen and Cameron",supplier,Nigeria,7.2609,7.9813,Singapore Warehouse 2,warehouse,Singapore,2.046,104.116
EDGE00748,SUP0017,WH0003,air,2.3,219.895,303,"Hawkins, Cohen and Cameron",supplier,Nigeria,7.2609,7.9813,Netherlands Warehouse 3,warehouse,Netherlands,51.0981,4.258
EDGE00749,SUP0017,WH0003,ocean,13.0,29.319,1103,"Hawkins, Cohen and Cameron",supplier,Nigeria,7.2609,7.9813,Netherlands Warehouse 3,warehouse,Netherlands,51.0981,4.258
EDGE00750,SUP0017,WH0003,rail,7.0,48.866,303,"Hawkins, Cohen and Cameron",supplier,Nigeria,7.2609,7.9813,Netherlands Warehouse 3,warehouse,Netherlands,51.0981,4.258
EDGE00751,SUP0017,WH0004,air,2.0,237.997,270,"Hawkins, Cohen and Cameron",supplier,Nigeria,7.2609,7.9813,United Arab Emirates Warehouse 4,warehouse,United Arab Emirates,22.0943,54.9485
EDGE00752,SUP0017,WH0004,ocean,15.0,31.733,380,"Hawkins, Cohen and Cameron",supplier,Nigeria,7.2609,7.9813,United Arab Emirates Warehouse 4,warehouse,United Arab Emirates,22.0943,54.9485
EDGE00753,SUP0017,WH0004,rail,6.0,52.888,319,"Hawkins, Cohen and Cameron",supplier,Nigeria,7.2609,7.9813,United Arab Emirates Warehouse 4,warehouse,United Arab Emirates,22.0943,54.9485
EDGE00754,SUP0017,WH0005,air,2.6,237.495,582,"Hawkins, Cohen and Cameron",supplier,Nigeria,7.2609,7.9813,United Arab Emirates Warehouse 5,warehouse,United Arab Emirates,23.7233,54.4742
EDGE00755,SUP0017,WH0005,ocean,14.4,31.666,401,"Hawkins, Cohen and Cameron",supplier,Nigeria,7.2609,7.9813,United Arab Emirates Warehouse 5,warehouse,United Arab Emirates,23.7233,54.4742
EDGE00756,SUP0017,WH0005,rail,8.3,52.777,245,"Hawkins, Cohen and Cameron",supplier,Nigeria,7.2609,7.9813,United Arab Emirates Warehouse 5,warehouse,United Arab Emirates,23.7233,54.4742
EDGE00757,SUP0017,WH0006,ocean,26.5,64.827,236,"Hawkins, Cohen and Cameron",supplier,Nigeria,7.2609,7.9813,United States Warehouse 6,warehouse,United States,38.3818,-97.1703
EDGE00758,SUP0017,WH0007,air,3.0,224.748,307,"Hawkins, Cohen and Cameron",supplier,Nigeria,7.2609,7.9813,Germany Warehouse 7,warehouse,Germany,52.1573,9.587
EDGE00759,SUP0017,WH0007,ocean,13.5,29.966,213,"Hawkins, Cohen and Cameron",supplier,Nigeria,7.2609,7.9813,Germany Warehouse 7,warehouse,Germany,52.1573,9.587
EDGE00760,SUP0017,WH0007,rail,7.5,49.944,242,"Hawkins, Cohen and Cameron",supplier,Nigeria,7.2609,7.9813,Germany Warehouse 7,warehouse,Germany,52.1573,9.587
EDGE00761,SUP0017,WH0008,air,4.3,543.648,602,"Hawkins, Cohen and Cameron",supplier,Nigeria,7.2609,7.9813,South Korea Warehouse 8,warehouse,South Korea,34.9555,126.8202
EDGE00762,SUP0017,WH0008,ocean,30.0,72.486,324,"Hawkins, Cohen and Cameron",supplier,Nigeria,7.2609,7.9813,South Korea Warehouse 8,warehouse,South Korea,34.9555,126.8202
EDGE00763,SUP0017,WH0009,ocean,12.0,28.931,289,"Hawkins, Cohen and Cameron",supplier,Nigeria,7.2609,7.9813,Germany Warehouse 9,warehouse,Germany,50.5727,10.5243
EDGE00764,SUP0017,WH0009,rail,6.5,48.218,332,"Hawkins, Cohen and Cameron",supplier,Nigeria,7.2609,7.9813,Germany Warehouse 9,warehouse,Germany,50.5727,10.5243
EDGE00765,SUP0017,WH0010,air,2.0,226.658,336,"Hawkins, Cohen and Cameron",supplier,Nigeria,7.2609,7.9813,Poland Warehouse 10,warehouse,Poland,51.7158,18.5237
EDGE00766,SUP0017,WH0010,ocean,14.5,30.221,494,"Hawkins, Cohen and Cameron",supplier,Nigeria,7.2609,7.9813,Poland Warehouse 10,warehouse,Poland,51.7158,18.5237
EDGE00767,SUP0017,WH0010,rail,9.0,50.368,438,"Hawkins, Cohen and Cameron",supplier,Nigeria,7.2609,7.9813,Poland Warehouse 10,warehouse,Poland,51.7158,18.5237
EDGE00768,SUP0018,WH0001,air,4.7,454.226,468,Underwood LLC,supplier,Philippines,14.195,121.197,Germany Warehouse 1,warehouse,Germany,50.7836,11.8021
EDGE00769,SUP0018,WH0001,ocean,25.3,60.563,434,Underwood LLC,supplier,Philippines,14.195,121.197,Germany Warehouse 1,warehouse,Germany,50.7836,11.8021
EDGE00770,SUP0018,WH0002,ocean,7.2,13.873,631,Underwood LLC,supplier,Philippines,14.195,121.197,Singapore Warehouse 2,warehouse,Singapore,2.046,104.116
EDGE00771,SUP0018,WH0002,rail,3.7,23.121,358,Underwood LLC,supplier,Philippines,14.195,121.197,Singapore Warehouse 2,warehouse,Singapore,2.046,104.116
EDGE00772,SUP0018,WH0003,air,4.6,474.732,312,Underwood LLC,supplier,Philippines,14.195,121.197,Netherlands Warehouse 3,warehouse,Netherlands,51.0981,4.258
EDGE00773,SUP0018,WH0003,ocean,26.5,63.298,844,Underwood LLC,supplier,Philippines,14.195,121.197,Netherlands Warehouse 3,warehouse,Netherlands,51.0981,4.258
EDGE00774,SUP0018,WH0004,air,2.0,315.223,470,Underwood LLC,supplier,Philippines,14.195,121.197,United Arab Emirates Warehouse 4,warehouse,United Arab Emirates,22.0943,54.9485
EDGE00775,SUP0018,WH0004,ocean,15.5,42.03,695,Underwood LLC,supplier,Philippines,14.195,121.197,United Arab Emirates Warehouse 4,warehouse,United Arab Emirates,22.0943,54.9485
EDGE00776,SUP0018,WH0005,air,2.0,316.713,166,Underwood LLC,supplier,Philippines,14.195,121.197,United Arab Emirates Warehouse 5,warehouse,United Arab Emirates,23.7233,54.4742
EDGE00777,SUP0018,WH0005,ocean,17.2,42.228,484,Underwood LLC,supplier,Philippines,14.195,121.197,United Arab Emirates Warehouse 5,warehouse,United Arab Emirates,23.7233,54.4742
EDGE00778,SUP0018,WH0006,air,6.0,582.102,652,Underwood LLC,supplier,Philippines,14.195,121.197,United States Warehouse 6,warehouse,United States,38.3818,-97.1703
EDGE00779,SUP0018,WH0006,ocean,30.8,77.614,722,Underwood LLC,supplier,Philippines,14.195,121.197,United States Warehouse 6,warehouse,United States,38.3818,-97.1703
EDGE00780,SUP0018,WH0007,air,4.3,457.62,297,Underwood LLC,supplier,Philippines,14.195,121.197,Germany Warehouse 7,warehouse,Germany,52.1573,9.587
EDGE00781,SUP0018,WH0007,ocean,25.5,61.016,1336,Underwood LLC,supplier,Philippines,14.195,121.197,Germany Warehouse 7,warehouse,Germany,52.1573,9.587
EDGE00782,SUP0018,WH0008,air,1.5,106.931,439,Underwood LLC,supplier,Philippines,14.195,121.197,South Korea Warehouse 8,warehouse,South Korea,34.9555,126.8202
EDGE00783,SUP0018,WH0008,ocean,5.0,14.257,374,Underwood LLC,supplier,Philippines,14.195,121.197,South Korea Warehouse 8,warehouse,South Korea,34.9555,126.8202
EDGE00784,SUP0018,WH0008,rail,4.3,23.762,500,Underwood LLC,supplier,Philippines,14.195,121.197,South Korea Warehouse 8,warehouse,South Korea,34.9555,126.8202
EDGE00785,SUP0018,WH0009,air,4.2,458.352,519,Underwood LLC,supplier,Philippines,14.195,121.197,Germany Warehouse 9,warehouse,Germany,50.5727,10.5243
EDGE00786,SUP0018,WH0009,ocean,25.0,61.114,909,Underwood LLC,supplier,Philippines,14.195,121.197,Germany Warehouse 9,warehouse,Germany,50.5727,10.5243
EDGE00787,SUP0018,WH0010,air,3.3,432.923,609,Underwood LLC,supplier,Philippines,14.195,121.197,Poland Warehouse 10,warehouse,Poland,51.7158,18.5237
EDGE00788,SUP0018,WH0010,ocean,23.8,57.723,363,Underwood LLC,supplier,Philippines,14.195,121.197,Poland Warehouse 10,warehouse,Poland,51.7158,18.5237
EDGE00789,SUP0019,WH0001,rail,1.0,1.003,771,Clark PLC,supplier,Germany,50.2837,10.6208,Germany Warehouse 1,warehouse,Germany,50.7836,11.8021
EDGE00790,SUP0019,WH0001,road,1.0,1.805,427,Clark PLC,supplier,Germany,50.2837,10.6208,Germany Warehouse 1,warehouse,Germany,50.7836,11.8021
EDGE00791,SUP0019,WH0002,air,4.5,453.627,281,Clark PLC,supplier,Germany,50.2837,10.6208,Singapore Warehouse 2,warehouse,Singapore,2.046,104.116
EDGE00792,SUP0019,WH0002,ocean,25.7,60.484,473,Clark PLC,supplier,Germany,50.2837,10.6208,Singapore Warehouse 2,warehouse,Singapore,2.046,104.116
EDGE00793,SUP0019,WH0003,road,1.0,8.228,380,Clark PLC,supplier,Germany,50.2837,10.6208,Netherlands Warehouse 3,warehouse,Netherlands,51.0981,4.258
EDGE00794,SUP0019,WH0004,air,2.0,222.826,637,Clark PLC,supplier,Germany,50.2837,10.6208,United Arab Emirates Warehouse 4,warehouse,United Arab Emirates,22.0943,54.9485
EDGE00795,SUP0019,WH0004,ocean,13.0,29.71,818,Clark PLC,supplier,Germany,50.2837,10.6208,United Arab Emirates Warehouse 4,warehouse,United Arab Emirates,22.0943,54.9485
EDGE00796,SUP0019,WH0004,rail,7.0,49.517,245,Clark PLC,supplier,Germany,50.2837,10.6208,United Arab Emirates Warehouse 4,warehouse,United Arab Emirates,22.0943,54.9485
EDGE00797,SUP0019,WH0005,air,2.5,215.177,175,Clark PLC,supplier,Germany,50.2837,10.6208,United Arab Emirates Warehouse 5,warehouse,United Arab Emirates,23.7233,54.4742
EDGE00798,SUP0019,WH0005,ocean,12.8,28.69,533,Clark PLC,supplier,Germany,50.2837,10.6208,United Arab Emirates Warehouse 5,warehouse,United Arab Emirates,23.7233,54.4742
EDGE00799,SUP0019,WH0005,rail,8.0,47.817,672,Clark PLC,supplier,Germany,50.2837,10.6208,United Arab Emirates Warehouse 5,warehouse,United Arab Emirates,23.7233,54.4742
EDGE00800,SUP0019,WH0006,air,3.7,355.574,576,Clark PLC,supplier,Germany,50.2837,10.6208,United States Warehouse 6,warehouse,United States,38.3818,-97.1703
EDGE00801,SUP0019,WH0006,ocean,19.7,47.41,278,Clark PLC,supplier,Germany,50.2837,10.6208,United States Warehouse 6,warehouse,United States,38.3818,-97.1703
EDGE00802,SUP0019,WH0007,rail,1.0,2.204,250,Clark PLC,supplier,Germany,50.2837,10.6208,Germany Warehouse 7,warehouse,Germany,52.1573,9.587
EDGE00803,SUP0019,WH0007,road,1.0,3.968,677,Clark PLC,supplier,Germany,50.2837,10.6208,Germany Warehouse 7,warehouse,Germany,52.1573,9.587
EDGE00804,SUP0019,WH0008,air,4.0,389.829,1468,Clark PLC,supplier,Germany,50.2837,10.6208,South Korea Warehouse 8,warehouse,South Korea,34.9555,126.8202
EDGE00805,SUP0019,WH0008,ocean,21.2,51.977,297,Clark PLC,supplier,Germany,50.2837,10.6208,South Korea Warehouse 8,warehouse,South Korea,34.9555,126.8202
EDGE00806,SUP0019,WH0009,rail,1.4,0.5,527,Clark PLC,supplier,Germany,50.2837,10.6208,Germany Warehouse 9,warehouse,Germany,50.5727,10.5243
EDGE00807,SUP0019,WH0009,road,1.0,0.9,472,Clark PLC,supplier,Germany,50.2837,10.6208,Germany Warehouse 9,warehouse,Germany,50.5727,10.5243
EDGE00808,SUP0019,WH0010,rail,1.5,5.752,175,Clark PLC,supplier,Germany,50.2837,10.6208,Poland Warehouse 10,warehouse,Poland,51.7158,18.5237
EDGE00809,SUP0019,WH0010,road,1.0,10.353,314,Clark PLC,supplier,Germany,50.2837,10.6208,Poland Warehouse 10,warehouse,Poland,51.7158,18.5237
EDGE00810,SUP0020,WH0001,air,3.0,246.206,444,Lewis-Porter,supplier,Pakistan,28.6782,71.2975,Germany Warehouse 1,warehouse,Germany,50.7836,11.8021
EDGE00811,SUP0020,WH0001,ocean,15.0,32.827,763,Lewis-Porter,supplier,Pakistan,28.6782,71.2975,Germany Warehouse 1,warehouse,Germany,50.7836,11.8021
EDGE00812,SUP0020,WH0001,rail,8.0,54.712,220,Lewis-Porter,supplier,Pakistan,28.6782,71.2975,Germany Warehouse 1,warehouse,Germany,50.7836,11.8021
EDGE00813,SUP0020,WH0002,ocean,12.2,27.397,336,Lewis-Porter,supplier,Pakistan,28.6782,71.2975,Singapore Warehouse 2,warehouse,Singapore,2.046,104.116
EDGE00814,SUP0020,WH0002,rail,7.0,45.662,301,Lewis-Porter,supplier,Pakistan,28.6782,71.2975,Singapore Warehouse 2,warehouse,Singapore,2.046,104.116
EDGE00815,SUP0020,WH0003,air,2.5,269.991,598,Lewis-Porter,supplier,Pakistan,28.6782,71.2975,Netherlands Warehouse 3,warehouse,Netherlands,51.0981,4.258
EDGE00816,SUP0020,WH0003,ocean,15.7,35.999,675,Lewis-Porter,supplier,Pakistan,28.6782,71.2975,Netherlands Warehouse 3,warehouse,Netherlands,51.0981,4.258
EDGE00817,SUP0020,WH0003,rail,10.0,59.998,456,Lewis-Porter,supplier,Pakistan,28.6782,71.2975,Netherlands Warehouse 3,warehouse,Netherlands,51.0981,4.258
EDGE00818,SUP0020,WH0004,air,1.0,80.813,226,Lewis-Porter,supplier,Pakistan,28.6782,71.2975,United Arab Emirates Warehouse 4,warehouse,United Arab Emirates,22.0943,54.9485
EDGE00819,SUP0020,WH0004,ocean,4.2,10.775,480,Lewis-Porter,supplier,Pakistan,28.6782,71.2975,United Arab Emirates Warehouse 4,warehouse,United Arab Emirates,22.0943,54.9485
EDGE00820,SUP0020,WH0004,rail,3.5,17.958,545,Lewis-Porter,supplier,Pakistan,28.6782,71.2975,United Arab Emirates Warehouse 4,warehouse,United Arab Emirates,22.0943,54.9485
EDGE00821,SUP0020,WH0005,ocean,8.0,10.588,334,Lewis-Porter,supplier,Pakistan,28.6782,71.2975,United Arab Emirates Warehouse 5,warehouse,United Arab Emirates,23.7233,54.4742
EDGE00822,SUP0020,WH0005,rail,3.5,17.646,516,Lewis-Porter,supplier,Pakistan,28.6782,71.2975,United Arab Emirates Warehouse 5,warehouse,United Arab Emirates,23.7233,54.4742
EDGE00823,SUP0020,WH0006,ocean,29.0,74.776,898,Lewis-Porter,supplier,Pakistan,28.6782,71.2975,United States Warehouse 6,warehouse,United States,38.3818,-97.1703
EDGE00824,SUP0020,WH0007,air,2.3,253.442,507,Lewis-Porter,supplier,Pakistan,28.6782,71.2975,Germany Warehouse 7,warehouse,Germany,52.1573,9.587
EDGE00825,SUP0020,WH0007,ocean,13.0,33.792,416,Lewis-Porter,supplier,Pakistan,28.6782,71.2975,Germany Warehouse 7,warehouse,Germany,52.1573,9.587
EDGE00826,SUP0020,WH0007,rail,8.0,56.32,296,Lewis-Porter,supplier,Pakistan,28.6782,71.2975,Germany Warehouse 7,warehouse,Germany,52.1573,9.587
EDGE00827,SUP0020,WH0008,air,2.2,235.18,426,Lewis-Porter,supplier,Pakistan,28.6782,71.2975,South Korea Warehouse 8,warehouse,South Korea,34.9555,126.8202
EDGE00828,SUP0020,WH0008,ocean,12.7,31.357,356,Lewis-Porter,supplier,Pakistan,28.6782,71.2975,South Korea Warehouse 8,warehouse,South Korea,34.9555,126.8202
EDGE00829,SUP0020,WH0008,rail,9.0,52.262,373,Lewis-Porter,supplier,Pakistan,28.6782,71.2975,South Korea Warehouse 8,warehouse,South Korea,34.9555,126.8202
EDGE00830,SUP0020,WH0009,ocean,16.0,33.361,817,Lewis-Porter,supplier,Pakistan,28.6782,71.2975,Germany Warehouse 9,warehouse,Germany,50.5727,10.5243
EDGE00831,SUP0020,WH0009,rail,8.0,55.601,215,Lewis-Porter,supplier,Pakistan,28.6782,71.2975,Germany Warehouse 9,warehouse,Germany,50.5727,10.5243
EDGE00832,SUP0020,WH0010,air,2.0,225.812,791,Lewis-Porter,supplier,Pakistan,28.6782,71.2975,Poland Warehouse 10,warehouse,Poland,51.7158,18.5237
EDGE00833,SUP0020,WH0010,ocean,13.2,30.108,488,Lewis-Porter,supplier,Pakistan,28.6782,71.2975,Poland Warehouse 10,warehouse,Poland,51.7158,18.5237
EDGE00834,SUP0021,WH0001,air,2.2,291.672,402,"Ellis, Baker and Wright",supplier,India,21.679,77.7549,Germany Warehouse 1,warehouse,Germany,50.7836,11.8021
EDGE00835,SUP0021,WH0001,ocean,17.4,38.89,494,"Ellis, Baker and Wright",supplier,India,21.679,77.7549,Germany Warehouse 1,warehouse,Germany,50.7836,11.8021
EDGE00836,SUP0021,WH0002,air,1.5,161.604,193,"Ellis, Baker and Wright",supplier,India,21.679,77.7549,Singapore Warehouse 2,warehouse,Singapore,2.046,104.116
EDGE00837,SUP0021,WH0002,ocean,10.4,21.547,566,"Ellis, Baker and Wright",supplier,India,21.679,77.7549,Singapore Warehouse 2,warehouse,Singapore,2.046,104.116
EDGE00838,SUP0021,WH0002,rail,5.0,35.912,404,"Ellis, Baker and Wright",supplier,India,21.679,77.7549,Singapore Warehouse 2,warehouse,Singapore,2.046,104.116
EDGE00839,SUP0021,WH0003,ocean,19.0,42.063,506,"Ellis, Baker and Wright",supplier,India,21.679,77.7549,Netherlands Warehouse 3,warehouse,Netherlands,51.0981,4.258
EDGE00840,SUP0021,WH0004,air,2.0,105.814,747,"Ellis, Baker and Wright",supplier,India,21.679,77.7549,United Arab Emirates Warehouse 4,warehouse,United Arab Emirates,22.0943,54.9485
EDGE00841,SUP0021,WH0004,ocean,7.3,14.109,1141,"Ellis, Baker and Wright",supplier,India,21.679,77.7549,United Arab Emirates Warehouse 4,warehouse,United Arab Emirates,22.0943,54.9485
EDGE00842,SUP0021,WH0004,rail,6.5,23.514,622,"Ellis, Baker and Wright",supplier,India,21.679,77.7549,United Arab Emirates Warehouse 4,warehouse,United Arab Emirates,22.0943,54.9485
EDGE00843,SUP0021,WH0005,air,1.0,107.833,225,"Ellis, Baker and Wright",supplier,India,21.679,77.7549,United Arab Emirates Warehouse 5,warehouse,United Arab Emirates,23.7233,54.4742
EDGE00844,SUP0021,WH0005,ocean,9.8,14.378,514,"Ellis, Baker and Wright",supplier,India,21.679,77.7549,United Arab Emirates Warehouse 5,warehouse,United Arab Emirates,23.7233,54.4742
EDGE00845,SUP0021,WH0005,rail,3.0,23.963,329,"Ellis, Baker and Wright",supplier,India,21.679,77.7549,United Arab Emirates Warehouse 5,warehouse,United Arab Emirates,23.7233,54.4742
EDGE00846,SUP0021,WH0006,air,5.0,599.205,641,"Ellis, Baker and Wright",supplier,India,21.679,77.7549,United States Warehouse 6,warehouse,United States,38.3818,-97.1703
EDGE00847,SUP0021,WH0006,ocean,32.0,79.894,523,"Ellis, Baker and Wright",supplier,India,21.679,77.7549,United States Warehouse 6,warehouse,United States,38.3818,-97.1703
EDGE00848,SUP0021,WH0007,air,2.3,298.989,369,"Ellis, Baker and Wright",supplier,India,21.679,77.7549,Germany Warehouse 7,warehouse,Germany,52.1573,9.587
EDGE00849,SUP0021,WH0007,ocean,18.2,39.865,280,"Ellis, Baker and Wright",supplier,India,21.679,77.7549,Germany Warehouse 7,warehouse,Germany,52.1573,9.587
EDGE00850,SUP0021,WH0008,air,2.5,223.724,1470,"Ellis, Baker and Wright",supplier,India,21.679,77.7549,South Korea Warehouse 8,warehouse,South Korea,34.9555,126.8202
EDGE00851,SUP0021,WH0008,ocean,12.8,29.83,290,"Ellis, Baker and Wright",supplier,India,21.679,77.7549,South Korea Warehouse 8,warehouse,South Korea,34.9555,126.8202
EDGE00852,SUP0021,WH0008,rail,7.0,49.716,233,"Ellis, Baker and Wright",supplier,India,21.679,77.7549,South Korea Warehouse 8,warehouse,South Korea,34.9555,126.8202
EDGE00853,SUP0021,WH0009,ocean,18.4,39.42,268,"Ellis, Baker and Wright",supplier,India,21.679,77.7549,Germany Warehouse 9,warehouse,Germany,50.5727,10.5243
EDGE00854,SUP0021,WH0010,air,3.0,271.367,202,"Ellis, Baker and Wright",supplier,India,21.679,77.7549,Poland Warehouse 10,warehouse,Poland,51.7158,18.5237
EDGE00855,SUP0021,WH0010,ocean,16.2,36.182,700,"Ellis, Baker and Wright",supplier,India,21.679,77.7549,Poland Warehouse 10,warehouse,Poland,51.7158,18.5237
EDGE00856,SUP0022,WH0001,air,2.0,225.136,381,Burgess-Patterson,supplier,Pakistan,31.4651,67.6462,Germany Warehouse 1,warehouse,Germany,50.7836,11.8021
EDGE00857,SUP0022,WH0001,ocean,13.8,30.018,588,Burgess-Patterson,supplier,Pakistan,31.4651,67.6462,Germany Warehouse 1,warehouse,Germany,50.7836,11.8021
EDGE00858,SUP0022,WH0001,rail,8.0,50.03,342,Burgess-Patterson,supplier,Pakistan,31.4651,67.6462,Germany Warehouse 1,warehouse,Germany,50.7836,11.8021
EDGE00859,SUP0022,WH0002,air,2.6,226.377,295,Burgess-Patterson,supplier,Pakistan,31.4651,67.6462,Singapore Warehouse 2,warehouse,Singapore,2.046,104.116
EDGE00860,SUP0022,WH0002,ocean,13.0,30.184,823,Burgess-Patterson,supplier,Pakistan,31.4651,67.6462,Singapore Warehouse 2,warehouse,Singapore,2.046,104.116
EDGE00861,SUP0022,WH0002,rail,8.2,50.306,526,Burgess-Patterson,supplier,Pakistan,31.4651,67.6462,Singapore Warehouse 2,warehouse,Singapore,2.046,104.116
EDGE00862,SUP0022,WH0003,air,3.0,248.926,323,Burgess-Patterson,supplier,Pakistan,31.4651,67.6462,Netherlands Warehouse 3,warehouse,Netherlands,51.0981,4.258
EDGE00863,SUP0022,WH0003,ocean,14.5,33.19,426,Burgess-Patterson,supplier,Pakistan,31.4651,67.6462,Netherlands Warehouse 3,warehouse,Netherlands,51.0981,4.258
EDGE00864,SUP0022,WH0003,rail,7.7,55.317,233,Burgess-Patterson,supplier,Pakistan,31.4651,67.6462,Netherlands Warehouse 3,warehouse,Netherlands,51.0981,4.258
EDGE00865,SUP0022,WH0004,air,1.3,73.489,562,Burgess-Patterson,supplier,Pakistan,31.4651,67.6462,United Arab Emirates Warehouse 4,warehouse,United Arab Emirates,22.0943,54.9485
EDGE00866,SUP0022,WH0004,ocean,6.0,9.799,259,Burgess-Patterson,supplier,Pakistan,31.4651,67.6462,United Arab Emirates Warehouse 4,warehouse,United Arab Emirates,22.0943,54.9485
EDGE00867,SUP0022,WH0005,air,1.0,70.0,154,Burgess-Patterson,supplier,Pakistan,31.4651,67.6462,United Arab Emirates Warehouse 5,warehouse,United Arab Emirates,23.7233,54.4742
EDGE00868,SUP0022,WH0005,ocean,6.2,9.333,523,Burgess-Patterson,supplier,Pakistan,31.4651,67.6462,United Arab Emirates Warehouse 5,warehouse,United Arab Emirates,23.7233,54.4742
EDGE00869,SUP0022,WH0005,rail,3.0,15.556,354,Burgess-Patterson,supplier,Pakistan,31.4651,67.6462,United Arab Emirates Warehouse 5,warehouse,United Arab Emirates,23.7233,54.4742
EDGE00870,SUP0022,WH0006,air,5.0,544.084,611,Burgess-Patterson,supplier,Pakistan,31.4651,67.6462,United States Warehouse 6,warehouse,United States,38.3818,-97.1703
EDGE00871,SUP0022,WH0006,ocean,29.4,72.545,645,Burgess-Patterson,supplier,Pakistan,31.4651,67.6462,United States Warehouse 6,warehouse,United States,38.3818,-97.1703
EDGE00872,SUP0022,WH0007,ocean,11.8,30.987,267,Burgess-Patterson,supplier,Pakistan,31.4651,67.6462,Germany Warehouse 7,warehouse,Germany,52.1573,9.587
EDGE00873,SUP0022,WH0008,air,3.0,244.715,1032,Burgess-Patterson,supplier,Pakistan,31.4651,67.6462,South Korea Warehouse 8,warehouse,South Korea,34.9555,126.8202
EDGE00874,SUP0022,WH0008,ocean,15.3,32.629,914,Burgess-Patterson,supplier,Pakistan,31.4651,67.6462,South Korea Warehouse 8,warehouse,South Korea,34.9555,126.8202
EDGE00875,SUP0022,WH0008,rail,8.5,54.381,201,Burgess-Patterson,supplier,Pakistan,31.4651,67.6462,South Korea Warehouse 8,warehouse,South Korea,34.9555,126.8202
EDGE00876,SUP0022,WH0009,air,2.7,229.133,304,Burgess-Patterson,supplier,Pakistan,31.4651,67.6462,Germany Warehouse 9,warehouse,Germany,50.5727,10.5243
EDGE00877,SUP0022,WH0009,ocean,14.0,30.551,591,Burgess-Patterson,supplier,Pakistan,31.4651,67.6462,Germany Warehouse 9,warehouse,Germany,50.5727,10.5243
EDGE00878,SUP0022,WH0009,rail,9.5,50.919,609,Burgess-Patterson,supplier,Pakistan,31.4651,67.6462,Germany Warehouse 9,warehouse,Germany,50.5727,10.5243
EDGE00879,SUP0022,WH0010,air,2.7,204.777,325,Burgess-Patterson,supplier,Pakistan,31.4651,67.6462,Poland Warehouse 10,warehouse,Poland,51.7158,18.5237
EDGE00880,SUP0022,WH0010,ocean,13.5,27.304,627,Burgess-Patterson,supplier,Pakistan,31.4651,67.6462,Poland Warehouse 10,warehouse,Poland,51.7158,18.5237
EDGE00881,SUP0023,WH0001,air,5.0,488.99,250,Robinson-Bright,supplier,Indonesia,-1.3561,112.3835,Germany Warehouse 1,warehouse,Germany,50.7836,11.8021
EDGE00882,SUP0023,WH0001,ocean,26.3,65.199,554,Robinson-Bright,supplier,Indonesia,-1.3561,112.3835,Germany Warehouse 1,warehouse,Germany,50.7836,11.8021
EDGE00883,SUP0023,WH0002,rail,2.0,9.94,339,Robinson-Bright,supplier,Indonesia,-1.3561,112.3835,Singapore Warehouse 2,warehouse,Singapore,2.046,104.116
EDGE00884,SUP0023,WH0002,road,1.0,17.891,226,Robinson-Bright,supplier,Indonesia,-1.3561,112.3835,Singapore Warehouse 2,warehouse,Singapore,2.046,104.116
EDGE00885,SUP0023,WH0003,air,5.0,512.091,341,Robinson-Bright,supplier,Indonesia,-1.3561,112.3835,Netherlands Warehouse 3,warehouse,Netherlands,51.0981,4.258
EDGE00886,SUP0023,WH0003,ocean,27.6,68.279,686,Robinson-Bright,supplier,Indonesia,-1.3561,112.3835,Netherlands Warehouse 3,warehouse,Netherlands,51.0981,4.258
EDGE00887,SUP0023,WH0004,ocean,17.8,40.484,444,Robinson-Bright,supplier,Indonesia,-1.3561,112.3835,United Arab Emirates Warehouse 4,warehouse,United Arab Emirates,22.0943,54.9485
EDGE00888,SUP0023,WH0005,air,2.5,307.878,335,Robinson-Bright,supplier,Indonesia,-1.3561,112.3835,United Arab Emirates Warehouse 5,warehouse,United Arab Emirates,23.7233,54.4742
EDGE00889,SUP0023,WH0005,ocean,18.5,41.05,199,Robinson-Bright,supplier,Indonesia,-1.3561,112.3835,United Arab Emirates Warehouse 5,warehouse,United Arab Emirates,23.7233,54.4742
EDGE00890,SUP0023,WH0006,air,5.7,671.202,484,Robinson-Bright,supplier,Indonesia,-1.3561,112.3835,United States Warehouse 6,warehouse,United States,38.3818,-97.1703
EDGE00891,SUP0023,WH0006,ocean,36.0,89.494,313,Robinson-Bright,supplier,Indonesia,-1.3561,112.3835,United States Warehouse 6,warehouse,United States,38.3818,-97.1703
EDGE00892,SUP0023,WH0007,air,5.0,494.822,302,Robinson-Bright,supplier,Indonesia,-1.3561,112.3835,Germany Warehouse 7,warehouse,Germany,52.1573,9.587
EDGE00893,SUP0023,WH0007,ocean,27.2,65.976,825,Robinson-Bright,supplier,Indonesia,-1.3561,112.3835,Germany Warehouse 7,warehouse,Germany,52.1573,9.587
EDGE00894,SUP0023,WH0008,air,2.0,193.873,179,Robinson-Bright,supplier,Indonesia,-1.3561,112.3835,South Korea Warehouse 8,warehouse,South Korea,34.9555,126.8202
EDGE00895,SUP0023,WH0008,ocean,10.5,25.85,242,Robinson-Bright,supplier,Indonesia,-1.3561,112.3835,South Korea Warehouse 8,warehouse,South Korea,34.9555,126.8202
EDGE00896,SUP0023,WH0008,rail,7.0,43.083,737,Robinson-Bright,supplier,Indonesia,-1.3561,112.3835,South Korea Warehouse 8,warehouse,South Korea,34.9555,126.8202
EDGE00897,SUP0023,WH0009,air,4.0,493.148,142,Robinson-Bright,supplier,Indonesia,-1.3561,112.3835,Germany Warehouse 9,warehouse,Germany,50.5727,10.5243
EDGE00898,SUP0023,WH0009,ocean,26.1,65.753,413,Robinson-Bright,supplier,Indonesia,-1.3561,112.3835,Germany Warehouse 9,warehouse,Germany,50.5727,10.5243
EDGE00899,SUP0023,WH0010,air,4.2,467.629,407,Robinson-Bright,supplier,Indonesia,-1.3561,112.3835,Poland Warehouse 10,warehouse,Poland,51.7158,18.5237
EDGE00900,SUP0023,WH0010,ocean,26.2,62.351,405,Robinson-Bright,supplier,Indonesia,-1.3561,112.3835,Poland Warehouse 10,warehouse,Poland,51.7158,18.5237
EDGE00901,SUP0024,WH0001,air,3.0,437.136,644,Campos Inc,supplier,Mexico,22.9536,-104.2958,Germany Warehouse 1,warehouse,Germany,50.7836,11.8021
EDGE00902,SUP0024,WH0001,ocean,23.9,58.285,844,Campos Inc,supplier,Mexico,22.9536,-104.2958,Germany Warehouse 1,warehouse,Germany,50.7836,11.8021
EDGE00903,SUP0024,WH0002,ocean,38.2,95.205,632,Campos Inc,supplier,Mexico,22.9536,-104.2958,Singapore Warehouse 2,warehouse,Singapore,2.046,104.116
EDGE00904,SUP0024,WH0003,air,3.5,415.999,238,Campos Inc,supplier,Mexico,22.9536,-104.2958,Netherlands Warehouse 3,warehouse,Netherlands,51.0981,4.258
EDGE00905,SUP0024,WH0003,ocean,22.2,55.467,1201,Campos Inc,supplier,Mexico,22.9536,-104.2958,Netherlands Warehouse 3,warehouse,Netherlands,51.0981,4.258
EDGE00906,SUP0024,WH0004,air,5.5,653.632,212,Campos Inc,supplier,Mexico,22.9536,-104.2958,United Arab Emirates Warehouse 4,warehouse,United Arab Emirates,22.0943,54.9485
EDGE00907,SUP0024,WH0004,ocean,34.9,87.151,535,Campos Inc,supplier,Mexico,22.9536,-104.2958,United Arab Emirates Warehouse 4,warehouse,United Arab Emirates,22.0943,54.9485
EDGE00908,SUP0024,WH0005,air,4.7,645.332,388,Campos Inc,supplier,Mexico,22.9536,-104.2958,United Arab Emirates Warehouse 5,warehouse,United Arab Emirates,23.7233,54.4742
EDGE00909,SUP0024,WH0005,ocean,34.0,86.044,461,Campos Inc,supplier,Mexico,22.9536,-104.2958,United Arab Emirates Warehouse 5,warehouse,United Arab Emirates,23.7233,54.4742
EDGE00910,SUP0024,WH0006,air,1.5,82.995,546,Campos Inc,supplier,Mexico,22.9536,-104.2958,United States Warehouse 6,warehouse,United States,38.3818,-97.1703
EDGE00911,SUP0024,WH0006,ocean,6.5,11.066,423,Campos Inc,supplier,Mexico,22.9536,-104.2958,United States Warehouse 6,warehouse,United States,38.3818,-97.1703
EDGE00912,SUP0024,WH0006,rail,3.2,18.443,357,Campos Inc,supplier,Mexico,22.9536,-104.2958,United States Warehouse 6,warehouse,United States,38.3818,-97.1703
EDGE00913,SUP0024,WH0007,air,3.6,427.594,457,Campos Inc,supplier,Mexico,22.9536,-104.2958,Germany Warehouse 7,warehouse,Germany,52.1573,9.587
EDGE00914,SUP0024,WH0007,ocean,23.4,57.013,281,Campos Inc,supplier,Mexico,22.9536,-104.2958,Germany Warehouse 7,warehouse,Germany,52.1573,9.587
EDGE00915,SUP0024,WH0008,air,4.2,522.877,437,Campos Inc,supplier,Mexico,22.9536,-104.2958,South Korea Warehouse 8,warehouse,South Korea,34.9555,126.8202
EDGE00916,SUP0024,WH0008,ocean,28.4,69.717,557,Campos Inc,supplier,Mexico,22.9536,-104.2958,South Korea Warehouse 8,warehouse,South Korea,34.9555,126.8202
EDGE00917,SUP0024,WH0009,air,4.0,434.348,775,Campos Inc,supplier,Mexico,22.9536,-104.2958,Germany Warehouse 9,warehouse,Germany,50.5727,10.5243
EDGE00918,SUP0024,WH0009,ocean,23.5,57.913,551,Campos Inc,supplier,Mexico,22.9536,-104.2958,Germany Warehouse 9,warehouse,Germany,50.5727,10.5243
EDGE00919,SUP0024,WH0010,ocean,23.9,60.163,537,Campos Inc,supplier,Mexico,22.9536,-104.2958,Poland Warehouse 10,warehouse,Poland,51.7158,18.5237
EDGE00920,SUP0025,WH0001,air,3.3,324.728,386,Conner Group,supplier,Bangladesh,22.9239,89.6607,Germany Warehouse 1,warehouse,Germany,50.7836,11.8021
EDGE00921,SUP0025,WH0001,ocean,18.4,43.297,530,Conner Group,supplier,Bangladesh,22.9239,89.6607,Germany Warehouse 1,warehouse,Germany,50.7836,11.8021
EDGE00922,SUP0025,WH0002,ocean,8.6,16.779,365,Conner Group,supplier,Bangladesh,22.9239,89.6607,Singapore Warehouse 2,warehouse,Singapore,2.046,104.116
EDGE00923,SUP0025,WH0002,rail,4.6,27.965,751,Conner Group,supplier,Bangladesh,22.9239,89.6607,Singapore Warehouse 2,warehouse,Singapore,2.046,104.116
EDGE00924,SUP0025,WH0003,air,4.0,347.984,149,Conner Group,supplier,Bangladesh,22.9239,89.6607,Netherlands Warehouse 3,warehouse,Netherlands,51.0981,4.258
EDGE00925,SUP0025,WH0003,ocean,18.0,46.398,557,Conner Group,supplier,Bangladesh,22.9239,89.6607,Netherlands Warehouse 3,warehouse,Netherlands,51.0981,4.258
EDGE00926,SUP0025,WH0004,ocean,11.0,21.352,504,Conner Group,supplier,Bangladesh,22.9239,89.6607,United Arab Emirates Warehouse 4,warehouse,United Arab Emirates,22.0943,54.9485
EDGE00927,SUP0025,WH0004,rail,5.2,35.587,235,Conner Group,supplier,Bangladesh,22.9239,89.6607,United Arab Emirates Warehouse 4,warehouse,United Arab Emirates,22.0943,54.9485
EDGE00928,SUP0025,WH0005,air,1.0,161.314,512,Conner Group,supplier,Bangladesh,22.9239,89.6607,United Arab Emirates Warehouse 5,warehouse,United Arab Emirates,23.7233,54.4742
EDGE00929,SUP0025,WH0005,ocean,10.6,21.509,364,Conner Group,supplier,Bangladesh,22.9239,89.6607,United Arab Emirates Warehouse 5,warehouse,United Arab Emirates,23.7233,54.4742
EDGE00930,SUP0025,WH0005,rail,5.6,35.848,505,Conner Group,supplier,Bangladesh,22.9239,89.6607,United Arab Emirates Warehouse 5,warehouse,United Arab Emirates,23.7233,54.4742
EDGE00931,SUP0025,WH0006,ocean,32.2,78.966,272,Conner Group,supplier,Bangladesh,22.9239,89.6607,United States Warehouse 6,warehouse,United States,38.3818,-97.1703
EDGE00932,SUP0025,WH0007,ocean,18.7,44.106,449,Conner Group,supplier,Bangladesh,22.9239,89.6607,Germany Warehouse 7,warehouse,Germany,52.1573,9.587
EDGE00933,SUP0025,WH0008,ocean,10.5,22.974,792,Conner Group,supplier,Bangladesh,22.9239,89.6607,South Korea Warehouse 8,warehouse,South Korea,34.9555,126.8202
EDGE00934,SUP0025,WH0008,rail,6.2,38.291,411,Conner Group,supplier,Bangladesh,22.9239,89.6607,South Korea Warehouse 8,warehouse,South Korea,34.9555,126.8202
EDGE00935,SUP0025,WH0009,air,3.2,328.874,543,Conner Group,supplier,Bangladesh,22.9239,89.6607,Germany Warehouse 9,warehouse,Germany,50.5727,10.5243
EDGE00936,SUP0025,WH0009,ocean,18.9,43.85,720,Conner Group,supplier,Bangladesh,22.9239,89.6607,Germany Warehouse 9,warehouse,Germany,50.5727,10.5243
EDGE00937,SUP0025,WH0010,air,2.5,303.45,361,Conner Group,supplier,Bangladesh,22.9239,89.6607,Poland Warehouse 10,warehouse,Poland,51.7158,18.5237
EDGE00938,SUP0025,WH0010,ocean,18.3,40.46,431,Conner Group,supplier,Bangladesh,22.9239,89.6607,Poland Warehouse 10,warehouse,Poland,51.7158,18.5237
EDGE00939,SUP0026,WH0001,air,1.0,132.881,406,James-Ferrell,supplier,Egypt,28.3689,30.6889,Germany Warehouse 1,warehouse,Germany,50.7836,11.8021
EDGE00940,SUP0026,WH0001,ocean,8.0,17.718,448,James-Ferrell,supplier,Egypt,28.3689,30.6889,Germany Warehouse 1,warehouse,Germany,50.7836,11.8021
EDGE00941,SUP0026,WH0001,rail,6.0,29.529,1380,James-Ferrell,supplier,Egypt,28.3689,30.6889,Germany Warehouse 1,warehouse,Germany,50.7836,11.8021
EDGE00942,SUP0026,WH0002,air,3.7,372.619,318,James-Ferrell,supplier,Egypt,28.3689,30.6889,Singapore Warehouse 2,warehouse,Singapore,2.046,104.116
EDGE00943,SUP0026,WH0002,ocean,19.0,49.682,963,James-Ferrell,supplier,Egypt,28.3689,30.6889,Singapore Warehouse 2,warehouse,Singapore,2.046,104.116
EDGE00944,SUP0026,WH0003,air,1.8,150.939,313,James-Ferrell,supplier,Egypt,28.3689,30.6889,Netherlands Warehouse 3,warehouse,Netherlands,51.0981,4.258
EDGE00945,SUP0026,WH0003,ocean,10.0,20.125,483,James-Ferrell,supplier,Egypt,28.3689,30.6889,Netherlands Warehouse 3,warehouse,Netherlands,51.0981,4.258
EDGE00946,SUP0026,WH0004,air,1.0,113.975,387,James-Ferrell,supplier,Egypt,28.3689,30.6889,United Arab Emirates Warehouse 4,warehouse,United Arab Emirates,22.0943,54.9485
EDGE00947,SUP0026,WH0004,ocean,8.5,15.197,895,James-Ferrell,supplier,Egypt,28.3689,30.6889,United Arab Emirates Warehouse 4,warehouse,United Arab Emirates,22.0943,54.9485
EDGE00948,SUP0026,WH0004,rail,5.0,25.328,462,James-Ferrell,supplier,Egypt,28.3689,30.6889,United Arab Emirates Warehouse 4,warehouse,United Arab Emirates,22.0943,54.9485
EDGE00949,SUP0026,WH0005,ocean,9.0,14.564,815,James-Ferrell,supplier,Egypt,28.3689,30.6889,United Arab Emirates Warehouse 5,warehouse,United Arab Emirates,23.7233,54.4742
EDGE00950,SUP0026,WH0006,air,5.0,487.223,1037,James-Ferrell,supplier,Egypt,28.3689,30.6889,United States Warehouse 6,warehouse,United States,38.3818,-97.1703
EDGE00951,SUP0026,WH0006,ocean,26.7,64.963,391,James-Ferrell,supplier,Egypt,28.3689,30.6889,United States Warehouse 6,warehouse,United States,38.3818,-97.1703
EDGE00952,SUP0026,WH0007,air,1.5,142.593,431,James-Ferrell,supplier,Egypt,28.3689,30.6889,Germany Warehouse 7,warehouse,Germany,52.1573,9.587
EDGE00953,SUP0026,WH0007,ocean,9.5,19.012,464,James-Ferrell,supplier,Egypt,28.3689,30.6889,Germany Warehouse 7,warehouse,Germany,52.1573,9.587
EDGE00954,SUP0026,WH0007,rail,6.5,31.687,637,James-Ferrell,supplier,Egypt,28.3689,30.6889,Germany Warehouse 7,warehouse,Germany,52.1573,9.587
EDGE00955,SUP0026,WH0008,air,3.7,394.014,390,James-Ferrell,supplier,Egypt,28.3689,30.6889,South Korea Warehouse 8,warehouse,South Korea,34.9555,126.8202
EDGE00956,SUP0026,WH0008,ocean,21.6,52.535,444,James-Ferrell,supplier,Egypt,28.3689,30.6889,South Korea Warehouse 8,warehouse,South Korea,34.9555,126.8202
EDGE00957,SUP0026,WH0009,air,2.0,134.731,449,James-Ferrell,supplier,Egypt,28.3689,30.6889,Germany Warehouse 9,warehouse,Germany,50.5727,10.5243
EDGE00958,SUP0026,WH0009,ocean,8.4,17.964,566,James-Ferrell,supplier,Egypt,28.3689,30.6889,Germany Warehouse 9,warehouse,Germany,50.5727,10.5243
EDGE00959,SUP0026,WH0009,rail,4.8,29.94,202,James-Ferrell,supplier,Egypt,28.3689,30.6889,Germany Warehouse 9,warehouse,Germany,50.5727,10.5243
EDGE00960,SUP0026,WH0010,air,1.7,125.384,320,James-Ferrell,supplier,Egypt,28.3689,30.6889,Poland Warehouse 10,warehouse,Poland,51.7158,18.5237
EDGE00961,SUP0026,WH0010,ocean,8.5,16.718,459,James-Ferrell,supplier,Egypt,28.3689,30.6889,Poland Warehouse 10,warehouse,Poland,51.7158,18.5237
EDGE00962,SUP0026,WH0010,rail,6.0,27.863,906,James-Ferrell,supplier,Egypt,28.3689,30.6889,Poland Warehouse 10,warehouse,Poland,51.7158,18.5237
EDGE00963,SUP0027,WH0001,air,4.0,424.662,591,"Valencia, Smith and Le",supplier,Vietnam,12.5384,109.133,Germany Warehouse 1,warehouse,Germany,50.7836,11.8021
EDGE00964,SUP0027,WH0001,ocean,23.5,56.622,624,"Valencia, Smith and Le",supplier,Vietnam,12.5384,109.133,Germany Warehouse 1,warehouse,Germany,50.7836,11.8021
EDGE00965,SUP0027,WH0002,rail,1.5,12.909,253,"Valencia, Smith and Le",supplier,Vietnam,12.5384,109.133,Singapore Warehouse 2,warehouse,Singapore,2.046,104.116
EDGE00966,SUP0027,WH0002,road,1.0,23.237,498,"Valencia, Smith and Le",supplier,Vietnam,12.5384,109.133,Singapore Warehouse 2,warehouse,Singapore,2.046,104.116
EDGE00967,SUP0027,WH0003,air,4.0,447.019,215,"Valencia, Smith and Le",supplier,Vietnam,12.5384,109.133,Netherlands Warehouse 3,warehouse,Netherlands,51.0981,4.258
EDGE00968,SUP0027,WH0003,ocean,25.0,59.603,461,"Valencia, Smith and Le",supplier,Vietnam,12.5384,109.133,Netherlands Warehouse 3,warehouse,Netherlands,51.0981,4.258
EDGE00969,SUP0027,WH0004,air,2.4,261.913,323,"Valencia, Smith and Le",supplier,Vietnam,12.5384,109.133,United Arab Emirates Warehouse 4,warehouse,United Arab Emirates,22.0943,54.9485
EDGE00970,SUP0027,WH0004,ocean,14.8,34.922,662,"Valencia, Smith and Le",supplier,Vietnam,12.5384,109.133,United Arab Emirates Warehouse 4,warehouse,United Arab Emirates,22.0943,54.9485
EDGE00971,SUP0027,WH0004,rail,8.5,58.203,315,"Valencia, Smith and Le",supplier,Vietnam,12.5384,109.133,United Arab Emirates Warehouse 4,warehouse,United Arab Emirates,22.0943,54.9485
EDGE00972,SUP0027,WH0005,air,2.5,264.315,309,"Valencia, Smith and Le",supplier,Vietnam,12.5384,109.133,United Arab Emirates Warehouse 5,warehouse,United Arab Emirates,23.7233,54.4742
EDGE00973,SUP0027,WH0005,ocean,15.0,35.242,239,"Valencia, Smith and Le",supplier,Vietnam,12.5384,109.133,United Arab Emirates Warehouse 5,warehouse,United Arab Emirates,23.7233,54.4742
EDGE00974,SUP0027,WH0005,rail,10.0,58.737,291,"Valencia, Smith and Le",supplier,Vietnam,12.5384,109.133,United Arab Emirates Warehouse 5,warehouse,United Arab Emirates,23.7233,54.4742
EDGE00975,SUP0027,WH0006,air,5.0,617.704,1006,"Valencia, Smith and Le",supplier,Vietnam,12.5384,109.133,United States Warehouse 6,warehouse,United States,38.3818,-97.1703
EDGE00976,SUP0027,WH0006,ocean,32.9,82.36,441,"Valencia, Smith and Le",supplier,Vietnam,12.5384,109.133,United States Warehouse 6,warehouse,United States,38.3818,-97.1703
EDGE00977,SUP0027,WH0007,air,4.3,429.644,334,"Valencia, Smith and Le",supplier,Vietnam,12.5384,109.133,Germany Warehouse 7,warehouse,Germany,52.1573,9.587
EDGE00978,SUP0027,WH0007,ocean,25.0,57.286,546,"Valencia, Smith and Le",supplier,Vietnam,12.5384,109.133,Germany Warehouse 7,warehouse,Germany,52.1573,9.587
EDGE00979,SUP0027,WH0008,air,2.0,137.85,477,"Valencia, Smith and Le",supplier,Vietnam,12.5384,109.133,South Korea Warehouse 8,warehouse,South Korea,34.9555,126.8202
EDGE00980,SUP0027,WH0008,ocean,9.2,18.38,363,"Valencia, Smith and Le",supplier,Vietnam,12.5384,109.133,South Korea Warehouse 8,warehouse,South Korea,34.9555,126.8202
EDGE00981,SUP0027,WH0008,rail,6.5,30.633,566,"Valencia, Smith and Le",supplier,Vietnam,12.5384,109.133,South Korea Warehouse 8,warehouse,South Korea,34.9555,126.8202
EDGE00982,SUP0027,WH0009,air,3.5,428.848,528,"Valencia, Smith and Le",supplier,Vietnam,12.5384,109.133,Germany Warehouse 9,warehouse,Germany,50.5727,10.5243
EDGE00983,SUP0027,WH0009,ocean,22.0,57.18,404,"Valencia, Smith and Le",supplier,Vietnam,12.5384,109.133,Germany Warehouse 9,warehouse,Germany,50.5727,10.5243
EDGE00984,SUP0027,WH0010,air,4.0,403.115,184,"Valencia, Smith and Le",supplier,Vietnam,12.5384,109.133,Poland Warehouse 10,warehouse,Poland,51.7158,18.5237
EDGE00985,SUP0027,WH0010,ocean,23.3,53.749,707,"Valencia, Smith and Le",supplier,Vietnam,12.5384,109.133,Poland Warehouse 10,warehouse,Poland,51.7158,18.5237
EDGE00986,SUP0028,WH0001,road,1.0,3.389,213,"Potter, Mack and Peterson",supplier,Germany,52.2439,10.4252,Germany Warehouse 1,warehouse,Germany,50.7836,11.8021
EDGE00987,SUP0028,WH0002,air,5.0,453.54,246,"Potter, Mack and Peterson",supplier,Germany,52.2439,10.4252,Singapore Warehouse 2,warehouse,Singapore,2.046,104.116
EDGE00988,SUP0028,WH0002,ocean,24.0,60.472,415,"Potter, Mack and Peterson",supplier,Germany,52.2439,10.4252,Singapore Warehouse 2,warehouse,Singapore,2.046,104.116
EDGE00989,SUP0028,WH0003,rail,2.2,4.438,439,"Potter, Mack and Peterson",supplier,Germany,52.2439,10.4252,Netherlands Warehouse 3,warehouse,Netherlands,51.0981,4.258
EDGE00990,SUP0028,WH0003,road,1.1,7.989,718,"Potter, Mack and Peterson",supplier,Germany,52.2439,10.4252,Netherlands Warehouse 3,warehouse,Netherlands,51.0981,4.258
EDGE00991,SUP0028,WH0004,air,2.0,227.285,474,"Potter, Mack and Peterson",supplier,Germany,52.2439,10.4252,United Arab Emirates Warehouse 4,warehouse,United Arab Emirates,22.0943,54.9485
EDGE00992,SUP0028,WH0004,ocean,14.0,30.305,391,"Potter, Mack and Peterson",supplier,Germany,52.2439,10.4252,United Arab Emirates Warehouse 4,warehouse,United Arab Emirates,22.0943,54.9485
EDGE00993,SUP0028,WH0004,rail,9.0,50.508,531,"Potter, Mack and Peterson",supplier,Germany,52.2439,10.4252,United Arab Emirates Warehouse 4,warehouse,United Arab Emirates,22.0943,54.9485
EDGE00994,SUP0028,WH0005,air,3.0,219.486,664,"Potter, Mack and Peterson",supplier,Germany,52.2439,10.4252,United Arab Emirates Warehouse 5,warehouse,United Arab Emirates,23.7233,54.4742
EDGE00995,SUP0028,WH0005,ocean,13.0,29.265,412,"Potter, Mack and Peterson",supplier,Germany,52.2439,10.4252,United Arab Emirates Warehouse 5,warehouse,United Arab Emirates,23.7233,54.4742
EDGE00996,SUP0028,WH0005,rail,7.8,48.775,361,"Potter, Mack and Peterson",supplier,Germany,52.2439,10.4252,United Arab Emirates Warehouse 5,warehouse,United Arab Emirates,23.7233,54.4742
EDGE00997,SUP0028,WH0006,air,3.0,349.109,238,"Potter, Mack and Peterson",supplier,Germany,52.2439,10.4252,United States Warehouse 6,warehouse,United States,38.3818,-97.1703
EDGE00998,SUP0028,WH0006,ocean,18.8,46.548,354,"Potter, Mack and Peterson",supplier,Germany,52.2439,10.4252,United States Warehouse 6,warehouse,United States,38.3818,-97.1703
EDGE00999,SUP0028,WH0007,rail,1.0,0.579,478,"Potter, Mack and Peterson",supplier,Germany,52.2439,10.4252,Germany Warehouse 7,warehouse,Germany,52.1573,9.587
EDGE01000,SUP0028,WH0007,road,1.0,1.043,539,"Potter, Mack and Peterson",supplier,Germany,52.2439,10.4252,Germany Warehouse 7,warehouse,Germany,52.1573,9.587
EDGE01001,SUP0028,WH0008,air,4.0,383.838,500,"Potter, Mack and Peterson",supplier,Germany,52.2439,10.4252,South Korea Warehouse 8,warehouse,South Korea,34.9555,126.8202
EDGE01002,SUP0028,WH0008,ocean,21.6,51.178,357,"Potter, Mack and Peterson",supplier,Germany,52.2439,10.4252,South Korea Warehouse 8,warehouse,South Korea,34.9555,126.8202
EDGE01003,SUP0028,WH0009,rail,1.0,1.86,209,"Potter, Mack and Peterson",supplier,Germany,52.2439,10.4252,Germany Warehouse 9,warehouse,Germany,50.5727,10.5243
EDGE01004,SUP0028,WH0009,road,1.0,3.347,400,"Potter, Mack and Peterson",supplier,Germany,52.2439,10.4252,Germany Warehouse 9,warehouse,Germany,50.5727,10.5243
EDGE01005,SUP0028,WH0010,rail,1.0,5.575,500,"Potter, Mack and Peterson",supplier,Germany,52.2439,10.4252,Poland Warehouse 10,warehouse,Poland,51.7158,18.5237
EDGE01006,SUP0028,WH0010,road,1.0,10.034,648,"Potter, Mack and Peterson",supplier,Germany,52.2439,10.4252,Poland Warehouse 10,warehouse,Poland,51.7158,18.5237
EDGE01007,SUP0029,WH0001,rail,2.0,5.081,213,Chavez Ltd,supplier,Poland,52.0109,18.8602,Germany Warehouse 1,warehouse,Germany,50.7836,11.8021
EDGE01008,SUP0029,WH0001,road,1.0,9.146,159,Chavez Ltd,supplier,Poland,52.0109,18.8602,Germany Warehouse 1,warehouse,Germany,50.7836,11.8021
EDGE01009,SUP0029,WH0002,air,3.0,427.663,423,Chavez Ltd,supplier,Poland,52.0109,18.8602,Singapore Warehouse 2,warehouse,Singapore,2.046,104.116
EDGE01010,SUP0029,WH0002,ocean,25.0,57.022,240,Chavez Ltd,supplier,Poland,52.0109,18.8602,Singapore Warehouse 2,warehouse,Singapore,2.046,104.116
EDGE01011,SUP0029,WH0003,road,1.0,18.233,403,Chavez Ltd,supplier,Poland,52.0109,18.8602,Netherlands Warehouse 3,warehouse,Netherlands,51.0981,4.258
EDGE01012,SUP0029,WH0004,air,2.0,204.013,477,Chavez Ltd,supplier,Poland,52.0109,18.8602,United Arab Emirates Warehouse 4,warehouse,United Arab Emirates,22.0943,54.9485
EDGE01013,SUP0029,WH0004,ocean,14.0,27.202,506,Chavez Ltd,supplier,Poland,52.0109,18.8602,United Arab Emirates Warehouse 4,warehouse,United Arab Emirates,22.0943,54.9485
EDGE01014,SUP0029,WH0004,rail,7.0,45.336,377,Chavez Ltd,supplier,Poland,52.0109,18.8602,United Arab Emirates Warehouse 4,warehouse,United Arab Emirates,22.0943,54.9485
EDGE01015,SUP0029,WH0005,air,2.0,196.04,539,Chavez Ltd,supplier,Poland,52.0109,18.8602,United Arab Emirates Warehouse 5,warehouse,United Arab Emirates,23.7233,54.4742
EDGE01016,SUP0029,WH0005,ocean,13.8,26.139,496,Chavez Ltd,supplier,Poland,52.0109,18.8602,United Arab Emirates Warehouse 5,warehouse,United Arab Emirates,23.7233,54.4742
EDGE01017,SUP0029,WH0005,rail,7.5,43.564,732,Chavez Ltd,supplier,Poland,52.0109,18.8602,United Arab Emirates Warehouse 5,warehouse,United Arab Emirates,23.7233,54.4742
EDGE01018,SUP0029,WH0006,ocean,19.3,49.292,441,Chavez Ltd,supplier,Poland,52.0109,18.8602,United States Warehouse 6,warehouse,United States,38.3818,-97.1703
EDGE01019,SUP0029,WH0007,road,1.0,11.401,669,Chavez Ltd,supplier,Poland,52.0109,18.8602,Germany Warehouse 7,warehouse,Germany,52.1573,9.587
EDGE01020,SUP0029,WH0008,air,4.0,364.189,277,Chavez Ltd,supplier,Poland,52.0109,18.8602,South Korea Warehouse 8,warehouse,South Korea,34.9555,126.8202
EDGE01021,SUP0029,WH0008,ocean,21.3,48.558,687,Chavez Ltd,supplier,Poland,52.0109,18.8602,South Korea Warehouse 8,warehouse,South Korea,34.9555,126.8202
EDGE01022,SUP0029,WH0009,rail,2.0,6.009,285,Chavez Ltd,supplier,Poland,52.0109,18.8602,Germany Warehouse 9,warehouse,Germany,50.5727,10.5243
EDGE01023,SUP0029,WH0009,road,1.2,10.817,453,Chavez Ltd,supplier,Poland,52.0109,18.8602,Germany Warehouse 9,warehouse,Germany,50.5727,10.5243
EDGE01024,SUP0029,WH0010,rail,1.0,0.5,934,Chavez Ltd,supplier,Poland,52.0109,18.8602,Poland Warehouse 10,warehouse,Poland,51.7158,18.5237
EDGE01025,SUP0029,WH0010,road,1.0,0.9,431,Chavez Ltd,supplier,Poland,52.0109,18.8602,Poland Warehouse 10,warehouse,Poland,51.7158,18.5237
EDGE01026,SUP0030,WH0001,ocean,26.4,65.947,585,Stanton-Gill,supplier,Indonesia,-1.5326,113.9543,Germany Warehouse 1,warehouse,Germany,50.7836,11.8021
EDGE01027,SUP0030,WH0002,rail,1.8,11.639,765,Stanton-Gill,supplier,Indonesia,-1.5326,113.9543,Singapore Warehouse 2,warehouse,Singapore,2.046,104.116
EDGE01028,SUP0030,WH0002,road,1.0,20.95,378,Stanton-Gill,supplier,Indonesia,-1.5326,113.9543,Singapore Warehouse 2,warehouse,Singapore,2.046,104.116
EDGE01029,SUP0030,WH0003,air,5.0,517.58,150,Stanton-Gill,supplier,Indonesia,-1.5326,113.9543,Netherlands Warehouse 3,warehouse,Netherlands,51.0981,4.258
EDGE01030,SUP0030,WH0003,ocean,27.0,69.011,281,Stanton-Gill,supplier,Indonesia,-1.5326,113.9543,Netherlands Warehouse 3,warehouse,Netherlands,51.0981,4.258
EDGE01031,SUP0030,WH0004,air,1.7,311.066,258,Stanton-Gill,supplier,Indonesia,-1.5326,113.9543,United Arab Emirates Warehouse 4,warehouse,United Arab Emirates,22.0943,54.9485
EDGE01032,SUP0030,WH0004,ocean,17.0,41.475,690,Stanton-Gill,supplier,Indonesia,-1.5326,113.9543,United Arab Emirates Warehouse 4,warehouse,United Arab Emirates,22.0943,54.9485
EDGE01033,SUP0030,WH0005,air,2.3,315.235,460,Stanton-Gill,supplier,Indonesia,-1.5326,113.9543,United Arab Emirates Warehouse 5,warehouse,United Arab Emirates,23.7233,54.4742
EDGE01034,SUP0030,WH0005,ocean,17.7,42.031,624,Stanton-Gill,supplier,Indonesia,-1.5326,113.9543,United Arab Emirates Warehouse 5,warehouse,United Arab Emirates,23.7233,54.4742
EDGE01035,SUP0030,WH0006,air,5.5,667.631,391,Stanton-Gill,supplier,Indonesia,-1.5326,113.9543,United States Warehouse 6,warehouse,United States,38.3818,-97.1703
EDGE01036,SUP0030,WH0006,ocean,36.5,89.018,867,Stanton-Gill,supplier,Indonesia,-1.5326,113.9543,United States Warehouse 6,warehouse,United States,38.3818,-97.1703
EDGE01037,SUP0030,WH0007,air,4.7,500.275,421,Stanton-Gill,supplier,Indonesia,-1.5326,113.9543,Germany Warehouse 7,warehouse,Germany,52.1573,9.587
EDGE01038,SUP0030,WH0007,ocean,26.8,66.703,322,Stanton-Gill,supplier,Indonesia,-1.5326,113.9543,Germany Warehouse 7,warehouse,Germany,52.1573,9.587
EDGE01039,SUP0030,WH0008,air,1.0,192.275,481,Stanton-Gill,supplier,Indonesia,-1.5326,113.9543,South Korea Warehouse 8,warehouse,South Korea,34.9555,126.8202
EDGE01040,SUP0030,WH0008,ocean,12.8,25.637,466,Stanton-Gill,supplier,Indonesia,-1.5326,113.9543,South Korea Warehouse 8,warehouse,South Korea,34.9555,126.8202
EDGE01041,SUP0030,WH0008,rail,6.5,42.728,242,Stanton-Gill,supplier,Indonesia,-1.5326,113.9543,South Korea Warehouse 8,warehouse,South Korea,34.9555,126.8202
EDGE01042,SUP0030,WH0009,air,4.5,498.766,509,Stanton-Gill,supplier,Indonesia,-1.5326,113.9543,Germany Warehouse 9,warehouse,Germany,50.5727,10.5243
EDGE01043,SUP0030,WH0009,ocean,29.0,66.502,468,Stanton-Gill,supplier,Indonesia,-1.5326,113.9543,Germany Warehouse 9,warehouse,Germany,50.5727,10.5243
EDGE01044,SUP0030,WH0010,air,5.0,473.187,528,Stanton-Gill,supplier,Indonesia,-1.5326,113.9543,Poland Warehouse 10,warehouse,Poland,51.7158,18.5237
EDGE01045,SUP0030,WH0010,ocean,25.8,63.092,476,Stanton-Gill,supplier,Indonesia,-1.5326,113.9543,Poland Warehouse 10,warehouse,Poland,51.7158,18.5237
EDGE01046,SUP0031,WH0001,air,3.5,423.292,182,Harrell LLC,supplier,Brazil,-12.6097,-52.9328,Germany Warehouse 1,warehouse,Germany,50.7836,11.8021
EDGE01047,SUP0031,WH0001,ocean,23.7,56.439,880,Harrell LLC,supplier,Brazil,-12.6097,-52.9328,Germany Warehouse 1,warehouse,Germany,50.7836,11.8021
EDGE01048,SUP0031,WH0002,air,6.0,775.273,115,Harrell LLC,supplier,Brazil,-12.6097,-52.9328,Singapore Warehouse 2,warehouse,Singapore,2.046,104.116
EDGE01049,SUP0031,WH0002,ocean,41.2,103.37,614,Harrell LLC,supplier,Brazil,-12.6097,-52.9328,Singapore Warehouse 2,warehouse,Singapore,2.046,104.116
EDGE01050,SUP0031,WH0003,air,3.0,403.639,879,Harrell LLC,supplier,Brazil,-12.6097,-52.9328,Netherlands Warehouse 3,warehouse,Netherlands,51.0981,4.258
EDGE01051,SUP0031,WH0003,ocean,22.3,53.819,542,Harrell LLC,supplier,Brazil,-12.6097,-52.9328,Netherlands Warehouse 3,warehouse,Netherlands,51.0981,4.258
EDGE01052,SUP0031,WH0004,air,4.0,555.843,571,Harrell LLC,supplier,Brazil,-12.6097,-52.9328,United Arab Emirates Warehouse 4,warehouse,United Arab Emirates,22.0943,54.9485
EDGE01053,SUP0031,WH0004,ocean,30.0,74.112,847,Harrell LLC,supplier,Brazil,-12.6097,-52.9328,United Arab Emirates Warehouse 4,warehouse,United Arab Emirates,22.0943,54.9485
EDGE01054,SUP0031,WH0005,air,4.2,554.416,632,Harrell LLC,supplier,Brazil,-12.6097,-52.9328,United Arab Emirates Warehouse 5,warehouse,United Arab Emirates,23.7233,54.4742
EDGE01055,SUP0031,WH0005,ocean,30.7,73.922,309,Harrell LLC,supplier,Brazil,-12.6097,-52.9328,United Arab Emirates Warehouse 5,warehouse,United Arab Emirates,23.7233,54.4742
EDGE01056,SUP0031,WH0006,air,3.3,328.429,327,Harrell LLC,supplier,Brazil,-12.6097,-52.9328,United States Warehouse 6,warehouse,United States,38.3818,-97.1703
EDGE01057,SUP0031,WH0006,ocean,19.4,43.791,381,Harrell LLC,supplier,Brazil,-12.6097,-52.9328,United States Warehouse 6,warehouse,United States,38.3818,-97.1703
EDGE01058,SUP0031,WH0007,air,3.3,420.508,438,Harrell LLC,supplier,Brazil,-12.6097,-52.9328,Germany Warehouse 7,warehouse,Germany,52.1573,9.587
EDGE01059,SUP0031,WH0007,ocean,24.0,56.068,275,Harrell LLC,supplier,Brazil,-12.6097,-52.9328,Germany Warehouse 7,warehouse,Germany,52.1573,9.587
EDGE01060,SUP0031,WH0008,air,6.0,788.86,383,Harrell LLC,supplier,Brazil,-12.6097,-52.9328,South Korea Warehouse 8,warehouse,South Korea,34.9555,126.8202
EDGE01061,SUP0031,WH0008,ocean,41.2,105.181,447,Harrell LLC,supplier,Brazil,-12.6097,-52.9328,South Korea Warehouse 8,warehouse,South Korea,34.9555,126.8202
EDGE01062,SUP0031,WH0009,ocean,22.9,55.896,520,Harrell LLC,supplier,Brazil,-12.6097,-52.9328,Germany Warehouse 9,warehouse,Germany,50.5727,10.5243
EDGE01063,SUP0031,WH0010,air,4.0,444.34,804,Harrell LLC,supplier,Brazil,-12.6097,-52.9328,Poland Warehouse 10,warehouse,Poland,51.7158,18.5237
EDGE01064,SUP0031,WH0010,ocean,25.1,59.245,320,Harrell LLC,supplier,Brazil,-12.6097,-52.9328,Poland Warehouse 10,warehouse,Poland,51.7158,18.5237
EDGE01065,SUP0032,WH0001,air,5.0,415.115,575,"Lynch, Hernandez and Farmer",supplier,Vietnam,12.9752,106.5879,Germany Warehouse 1,warehouse,Germany,50.7836,11.8021
EDGE01066,SUP0032,WH0001,ocean,22.6,55.349,363,"Lynch, Hernandez and Farmer",supplier,Vietnam,12.9752,106.5879,Germany Warehouse 1,warehouse,Germany,50.7836,11.8021
EDGE01067,SUP0032,WH0002,rail,2.0,12.454,801,"Lynch, Hernandez and Farmer",supplier,Vietnam,12.9752,106.5879,Singapore Warehouse 2,warehouse,Singapore,2.046,104.116
EDGE01068,SUP0032,WH0002,road,1.0,22.416,294,"Lynch, Hernandez and Farmer",supplier,Vietnam,12.9752,106.5879,Singapore Warehouse 2,warehouse,Singapore,2.046,104.116
EDGE01069,SUP0032,WH0003,air,3.0,437.704,429,"Lynch, Hernandez and Farmer",supplier,Vietnam,12.9752,106.5879,Netherlands Warehouse 3,warehouse,Netherlands,51.0981,4.258
EDGE01070,SUP0032,WH0003,ocean,24.0,58.361,630,"Lynch, Hernandez and Farmer",supplier,Vietnam,12.9752,106.5879,Netherlands Warehouse 3,warehouse,Netherlands,51.0981,4.258
EDGE01071,SUP0032,WH0004,air,2.3,249.433,463,"Lynch, Hernandez and Farmer",supplier,Vietnam,12.9752,106.5879,United Arab Emirates Warehouse 4,warehouse,United Arab Emirates,22.0943,54.9485
EDGE01072,SUP0032,WH0004,ocean,16.0,33.258,190,"Lynch, Hernandez and Farmer",supplier,Vietnam,12.9752,106.5879,United Arab Emirates Warehouse 4,warehouse,United Arab Emirates,22.0943,54.9485
EDGE01073,SUP0032,WH0005,air,3.0,251.908,349,"Lynch, Hernandez and Farmer",supplier,Vietnam,12.9752,106.5879,United Arab Emirates Warehouse 5,warehouse,United Arab Emirates,23.7233,54.4742
EDGE01074,SUP0032,WH0005,ocean,14.5,33.588,963,"Lynch, Hernandez and Farmer",supplier,Vietnam,12.9752,106.5879,United Arab Emirates Warehouse 5,warehouse,United Arab Emirates,23.7233,54.4742
EDGE01075,SUP0032,WH0005,rail,8.0,55.98,310,"Lynch, Hernandez and Farmer",supplier,Vietnam,12.9752,106.5879,United Arab Emirates Warehouse 5,warehouse,United Arab Emirates,23.7233,54.4742
EDGE01076,SUP0032,WH0006,air,6.3,620.654,355,"Lynch, Hernandez and Farmer",supplier,Vietnam,12.9752,106.5879,United States Warehouse 6,warehouse,United States,38.3818,-97.1703
EDGE01077,SUP0032,WH0006,ocean,32.2,82.754,592,"Lynch, Hernandez and Farmer",supplier,Vietnam,12.9752,106.5879,United States Warehouse 6,warehouse,United States,38.3818,-97.1703
EDGE01078,SUP0032,WH0007,air,3.8,420.341,552,"Lynch, Hernandez and Farmer",supplier,Vietnam,12.9752,106.5879,Germany Warehouse 7,warehouse,Germany,52.1573,9.587
EDGE01079,SUP0032,WH0007,ocean,23.5,56.046,476,"Lynch, Hernandez and Farmer",supplier,Vietnam,12.9752,106.5879,Germany Warehouse 7,warehouse,Germany,52.1573,9.587
EDGE01080,SUP0032,WH0008,ocean,8.0,19.077,464,"Lynch, Hernandez and Farmer",supplier,Vietnam,12.9752,106.5879,South Korea Warehouse 8,warehouse,South Korea,34.9555,126.8202
EDGE01081,SUP0032,WH0008,rail,7.0,31.795,242,"Lynch, Hernandez and Farmer",supplier,Vietnam,12.9752,106.5879,South Korea Warehouse 8,warehouse,South Korea,34.9555,126.8202
EDGE01082,SUP0032,WH0009,air,3.0,419.299,135,"Lynch, Hernandez and Farmer",supplier,Vietnam,12.9752,106.5879,Germany Warehouse 9,warehouse,Germany,50.5727,10.5243
EDGE01083,SUP0032,WH0009,ocean,22.4,55.907,364,"Lynch, Hernandez and Farmer",supplier,Vietnam,12.9752,106.5879,Germany Warehouse 9,warehouse,Germany,50.5727,10.5243
EDGE01084,SUP0032,WH0010,air,4.0,393.595,284,"Lynch, Hernandez and Farmer",supplier,Vietnam,12.9752,106.5879,Poland Warehouse 10,warehouse,Poland,51.7158,18.5237
EDGE01085,SUP0032,WH0010,ocean,21.9,52.479,391,"Lynch, Hernandez and Farmer",supplier,Vietnam,12.9752,106.5879,Poland Warehouse 10,warehouse,Poland,51.7158,18.5237
EDGE01086,SUP0033,WH0001,air,2.0,321.261,138,"Sellers, George and Burns",supplier,China,35.019,102.8449,Germany Warehouse 1,warehouse,Germany,50.7836,11.8021
EDGE01087,SUP0033,WH0001,ocean,18.0,42.835,348,"Sellers, George and Burns",supplier,China,35.019,102.8449,Germany Warehouse 1,warehouse,Germany,50.7836,11.8021
EDGE01088,SUP0033,WH0002,air,2.0,165.095,715,"Sellers, George and Burns",supplier,China,35.019,102.8449,Singapore Warehouse 2,warehouse,Singapore,2.046,104.116
EDGE01089,SUP0033,WH0002,ocean,10.5,22.013,558,"Sellers, George and Burns",supplier,China,35.019,102.8449,Singapore Warehouse 2,warehouse,Singapore,2.046,104.116
EDGE01090,SUP0033,WH0002,rail,6.5,36.688,264,"Sellers, George and Burns",supplier,China,35.019,102.8449,Singapore Warehouse 2,warehouse,Singapore,2.046,104.116
EDGE01091,SUP0033,WH0003,air,4.0,341.744,426,"Sellers, George and Burns",supplier,China,35.019,102.8449,Netherlands Warehouse 3,warehouse,Netherlands,51.0981,4.258
EDGE01092,SUP0033,WH0003,ocean,20.5,45.566,306,"Sellers, George and Burns",supplier,China,35.019,102.8449,Netherlands Warehouse 3,warehouse,Netherlands,51.0981,4.258
EDGE01093,SUP0033,WH0004,air,3.0,217.981,222,"Sellers, George and Burns",supplier,China,35.019,102.8449,United Arab Emirates Warehouse 4,warehouse,United Arab Emirates,22.0943,54.9485
EDGE01094,SUP0033,WH0004,ocean,13.3,29.064,270,"Sellers, George and Burns",supplier,China,35.019,102.8449,United Arab Emirates Warehouse 4,warehouse,United Arab Emirates,22.0943,54.9485
EDGE01095,SUP0033,WH0004,rail,7.3,48.44,348,"Sellers, George and Burns",supplier,China,35.019,102.8449,United Arab Emirates Warehouse 4,warehouse,United Arab Emirates,22.0943,54.9485
EDGE01096,SUP0033,WH0005,air,2.0,216.174,505,"Sellers, George and Burns",supplier,China,35.019,102.8449,United Arab Emirates Warehouse 5,warehouse,United Arab Emirates,23.7233,54.4742
EDGE01097,SUP0033,WH0005,ocean,14.0,28.823,470,"Sellers, George and Burns",supplier,China,35.019,102.8449,United Arab Emirates Warehouse 5,warehouse,United Arab Emirates,23.7233,54.4742
EDGE01098,SUP0033,WH0006,air,4.2,521.864,584,"Sellers, George and Burns",supplier,China,35.019,102.8449,United States Warehouse 6,warehouse,United States,38.3818,-97.1703
EDGE01099,SUP0033,WH0006,ocean,28.7,69.582,729,"Sellers, George and Burns",supplier,China,35.019,102.8449,United States Warehouse 6,warehouse,United States,38.3818,-97.1703
EDGE01100,SUP0033,WH0007,ocean,19.0,43.282,376,"Sellers, George and Burns",supplier,China,35.019,102.8449,Germany Warehouse 7,warehouse,Germany,52.1573,9.587
EDGE01101,SUP0033,WH0008,air,2.0,98.049,180,"Sellers, George and Burns",supplier,China,35.019,102.8449,South Korea Warehouse 8,warehouse,South Korea,34.9555,126.8202
EDGE01102,SUP0033,WH0008,ocean,10.0,13.073,483,"Sellers, George and Burns",supplier,China,35.019,102.8449,South Korea Warehouse 8,warehouse,South Korea,34.9555,126.8202
EDGE01103,SUP0033,WH0008,rail,1.0,21.789,2023,"Sellers, George and Burns",supplier,China,35.019,102.8449,South Korea Warehouse 8,warehouse,South Korea,34.9555,126.8202
EDGE01104,SUP0033,WH0009,air,3.7,325.378,650,"Sellers, George and Burns",supplier,China,35.019,102.8449,Germany Warehouse 9,warehouse,Germany,50.5727,10.5243
EDGE01105,SUP0033,WH0009,ocean,19.6,43.384,446,"Sellers, George and Burns",supplier,China,35.019,102.8449,Germany Warehouse 9,warehouse,Germany,50.5727,10.5243
EDGE01106,SUP0033,WH0010,air,2.0,300.012,231,"Sellers, George and Burns",supplier,China,35.019,102.8449,Poland Warehouse 10,warehouse,Poland,51.7158,18.5237
EDGE01107,SUP0033,WH0010,ocean,17.2,40.002,543,"Sellers, George and Burns",supplier,China,35.019,102.8449,Poland Warehouse 10,warehouse,Poland,51.7158,18.5237
EDGE01108,SUP0034,WH0001,air,2.0,291.057,311,Koch-Decker,supplier,India,21.8047,77.7063,Germany Warehouse 1,warehouse,Germany,50.7836,11.8021
EDGE01109,SUP0034,WH0001,ocean,15.7,38.808,425,Koch-Decker,supplier,India,21.8047,77.7063,Germany Warehouse 1,warehouse,Germany,50.7836,11.8021
EDGE01110,SUP0034,WH0002,air,1.3,162.143,615,Koch-Decker,supplier,India,21.8047,77.7063,Singapore Warehouse 2,warehouse,Singapore,2.046,104.116
EDGE01111,SUP0034,WH0002,ocean,11.0,21.619,459,Koch-Decker,supplier,India,21.8047,77.7063,Singapore Warehouse 2,warehouse,Singapore,2.046,104.116
EDGE01112,SUP0034,WH0002,rail,7.0,36.032,264,Koch-Decker,supplier,India,21.8047,77.7063,Singapore Warehouse 2,warehouse,Singapore,2.046,104.116
EDGE01113,SUP0034,WH0003,air,2.5,314.859,409,Koch-Decker,supplier,India,21.8047,77.7063,Netherlands Warehouse 3,warehouse,Netherlands,51.0981,4.258
EDGE01114,SUP0034,WH0003,ocean,17.4,41.981,777,Koch-Decker,supplier,India,21.8047,77.7063,Netherlands Warehouse 3,warehouse,Netherlands,51.0981,4.258
EDGE01115,SUP0034,WH0004,air,1.0,105.532,433,Koch-Decker,supplier,India,21.8047,77.7063,United Arab Emirates Warehouse 4,warehouse,United Arab Emirates,22.0943,54.9485
EDGE01116,SUP0034,WH0004,ocean,9.0,14.071,787,Koch-Decker,supplier,India,21.8047,77.7063,United Arab Emirates Warehouse 4,warehouse,United Arab Emirates,22.0943,54.9485
EDGE01117,SUP0034,WH0004,rail,6.3,23.452,494,Koch-Decker,supplier,India,21.8047,77.7063,United Arab Emirates Warehouse 4,warehouse,United Arab Emirates,22.0943,54.9485
EDGE01118,SUP0034,WH0005,ocean,8.0,14.334,221,Koch-Decker,supplier,India,21.8047,77.7063,United Arab Emirates Warehouse 5,warehouse,United Arab Emirates,23.7233,54.4742
EDGE01119,SUP0034,WH0005,rail,3.0,23.89,445,Koch-Decker,supplier,India,21.8047,77.7063,United Arab Emirates Warehouse 5,warehouse,United Arab Emirates,23.7233,54.4742
EDGE01120,SUP0034,WH0006,air,6.0,598.559,1790,Koch-Decker,supplier,India,21.8047,77.7063,United States Warehouse 6,warehouse,United States,38.3818,-97.1703
EDGE01121,SUP0034,WH0006,ocean,32.1,79.808,588,Koch-Decker,supplier,India,21.8047,77.7063,United States Warehouse 6,warehouse,United States,38.3818,-97.1703
EDGE01122,SUP0034,WH0007,air,3.0,298.367,576,Koch-Decker,supplier,India,21.8047,77.7063,Germany Warehouse 7,warehouse,Germany,52.1573,9.587
EDGE01123,SUP0034,WH0007,ocean,17.0,39.782,495,Koch-Decker,supplier,India,21.8047,77.7063,Germany Warehouse 7,warehouse,Germany,52.1573,9.587
EDGE01124,SUP0034,WH0008,air,2.3,223.625,259,Koch-Decker,supplier,India,21.8047,77.7063,South Korea Warehouse 8,warehouse,South Korea,34.9555,126.8202
EDGE01125,SUP0034,WH0008,ocean,14.7,29.817,727,Koch-Decker,supplier,India,21.8047,77.7063,South Korea Warehouse 8,warehouse,South Korea,34.9555,126.8202
EDGE01126,SUP0034,WH0008,rail,8.2,49.694,727,Koch-Decker,supplier,India,21.8047,77.7063,South Korea Warehouse 8,warehouse,South Korea,34.9555,126.8202
EDGE01127,SUP0034,WH0009,air,2.0,295.038,1534,Koch-Decker,supplier,India,21.8047,77.7063,Germany Warehouse 9,warehouse,Germany,50.5727,10.5243
EDGE01128,SUP0034,WH0009,ocean,17.3,39.338,492,Koch-Decker,supplier,India,21.8047,77.7063,Germany Warehouse 9,warehouse,Germany,50.5727,10.5243
EDGE01129,SUP0034,WH0010,air,2.7,270.744,356,Koch-Decker,supplier,India,21.8047,77.7063,Poland Warehouse 10,warehouse,Poland,51.7158,18.5237
EDGE01130,SUP0034,WH0010,ocean,15.5,36.099,465,Koch-Decker,supplier,India,21.8047,77.7063,Poland Warehouse 10,warehouse,Poland,51.7158,18.5237
EDGE01131,SUP0035,WH0001,air,3.7,420.299,776,Allen PLC,supplier,Brazil,-12.6698,-51.7726,Germany Warehouse 1,warehouse,Germany,50.7836,11.8021
EDGE01132,SUP0035,WH0001,ocean,24.0,56.04,585,Allen PLC,supplier,Brazil,-12.6698,-51.7726,Germany Warehouse 1,warehouse,Germany,50.7836,11.8021
EDGE01133,SUP0035,WH0002,air,7.0,769.926,524,Allen PLC,supplier,Brazil,-12.6698,-51.7726,Singapore Warehouse 2,warehouse,Singapore,2.046,104.116
EDGE01134,SUP0035,WH0002,ocean,40.0,102.657,677,Allen PLC,supplier,Brazil,-12.6698,-51.7726,Singapore Warehouse 2,warehouse,Singapore,2.046,104.116
EDGE01135,SUP0035,WH0003,air,3.7,400.882,335,Allen PLC,supplier,Brazil,-12.6698,-51.7726,Netherlands Warehouse 3,warehouse,Netherlands,51.0981,4.258
EDGE01136,SUP0035,WH0003,ocean,22.2,53.451,638,Allen PLC,supplier,Brazil,-12.6698,-51.7726,Netherlands Warehouse 3,warehouse,Netherlands,51.0981,4.258
EDGE01137,SUP0035,WH0004,ocean,29.9,73.412,397,Allen PLC,supplier,Brazil,-12.6698,-51.7726,United Arab Emirates Warehouse 4,warehouse,United Arab Emirates,22.0943,54.9485
EDGE01138,SUP0035,WH0005,air,4.0,549.232,116,Allen PLC,supplier,Brazil,-12.6698,-51.7726,United Arab Emirates Warehouse 5,warehouse,United Arab Emirates,23.7233,54.4742
EDGE01139,SUP0035,WH0005,ocean,29.9,73.231,413,Allen PLC,supplier,Brazil,-12.6698,-51.7726,United Arab Emirates Warehouse 5,warehouse,United Arab Emirates,23.7233,54.4742
EDGE01140,SUP0035,WH0006,air,3.7,332.094,494,Allen PLC,supplier,Brazil,-12.6698,-51.7726,United States Warehouse 6,warehouse,United States,38.3818,-97.1703
EDGE01141,SUP0035,WH0006,ocean,18.9,44.279,388,Allen PLC,supplier,Brazil,-12.6698,-51.7726,United States Warehouse 6,warehouse,United States,38.3818,-97.1703
EDGE01142,SUP0035,WH0007,air,3.5,417.675,309,Allen PLC,supplier,Brazil,-12.6698,-51.7726,Germany Warehouse 7,warehouse,Germany,52.1573,9.587
EDGE01143,SUP0035,WH0007,ocean,21.6,55.69,548,Allen PLC,supplier,Brazil,-12.6698,-51.7726,Germany Warehouse 7,warehouse,Germany,52.1573,9.587
EDGE01144,SUP0035,WH0008,ocean,42.2,105.198,311,Allen PLC,supplier,Brazil,-12.6698,-51.7726,South Korea Warehouse 8,warehouse,South Korea,34.9555,126.8202
EDGE01145,SUP0035,WH0009,ocean,23.5,55.499,469,Allen PLC,supplier,Brazil,-12.6698,-51.7726,Germany Warehouse 9,warehouse,Germany,50.5727,10.5243
EDGE01146,SUP0035,WH0010,air,3.2,441.267,783,Allen PLC,supplier,Brazil,-12.6698,-51.7726,Poland Warehouse 10,warehouse,Poland,51.7158,18.5237
EDGE01147,SUP0035,WH0010,ocean,25.7,58.836,398,Allen PLC,supplier,Brazil,-12.6698,-51.7726,Poland Warehouse 10,warehouse,Poland,51.7158,18.5237
EDGE01148,SUP0036,WH0001,air,3.0,387.476,361,Dennis Inc,supplier,South Korea,34.8217,127.4784,Germany Warehouse 1,warehouse,Germany,50.7836,11.8021
EDGE01149,SUP0036,WH0001,ocean,21.0,51.663,1024,Dennis Inc,supplier,South Korea,34.8217,127.4784,Germany Warehouse 1,warehouse,Germany,50.7836,11.8021
EDGE01150,SUP0036,WH0002,air,2.0,196.786,335,Dennis Inc,supplier,South Korea,34.8217,127.4784,Singapore Warehouse 2,warehouse,Singapore,2.046,104.116
EDGE01151,SUP0036,WH0002,ocean,12.0,26.238,397,Dennis Inc,supplier,South Korea,34.8217,127.4784,Singapore Warehouse 2,warehouse,Singapore,2.046,104.116
EDGE01152,SUP0036,WH0002,rail,7.8,43.73,610,Dennis Inc,supplier,South Korea,34.8217,127.4784,Singapore Warehouse 2,warehouse,Singapore,2.046,104.116
EDGE01153,SUP0036,WH0003,air,5.0,403.706,479,Dennis Inc,supplier,South Korea,34.8217,127.4784,Netherlands Warehouse 3,warehouse,Netherlands,51.0981,4.258
EDGE01154,SUP0036,WH0003,ocean,23.4,53.827,451,Dennis Inc,supplier,South Korea,34.8217,127.4784,Netherlands Warehouse 3,warehouse,Netherlands,51.0981,4.258
EDGE01155,SUP0036,WH0004,air,3.0,318.72,214,Dennis Inc,supplier,South Korea,34.8217,127.4784,United Arab Emirates Warehouse 4,warehouse,United Arab Emirates,22.0943,54.9485
EDGE01156,SUP0036,WH0004,ocean,16.8,42.496,882,Dennis Inc,supplier,South Korea,34.8217,127.4784,United Arab Emirates Warehouse 4,warehouse,United Arab Emirates,22.0943,54.9485
EDGE01157,SUP0036,WH0005,air,2.2,316.707,322,Dennis Inc,supplier,South Korea,34.8217,127.4784,United Arab Emirates Warehouse 5,warehouse,United Arab Emirates,23.7233,54.4742
EDGE01158,SUP0036,WH0005,ocean,17.8,42.228,309,Dennis Inc,supplier,South Korea,34.8217,127.4784,United Arab Emirates Warehouse 5,warehouse,United Arab Emirates,23.7233,54.4742
EDGE01159,SUP0036,WH0006,air,4.7,480.0,286,Dennis Inc,supplier,South Korea,34.8217,127.4784,United States Warehouse 6,warehouse,United States,38.3818,-97.1703
EDGE01160,SUP0036,WH0006,ocean,25.8,64.0,430,Dennis Inc,supplier,South Korea,34.8217,127.4784,United States Warehouse 6,warehouse,United States,38.3818,-97.1703
EDGE01161,SUP0036,WH0007,ocean,20.2,51.749,518,Dennis Inc,supplier,South Korea,34.8217,127.4784,Germany Warehouse 7,warehouse,Germany,52.1573,9.587
EDGE01162,SUP0036,WH0008,rail,1.0,0.619,334,Dennis Inc,supplier,South Korea,34.8217,127.4784,South Korea Warehouse 8,warehouse,South Korea,34.9555,126.8202
EDGE01163,SUP0036,WH0008,road,1.0,1.113,472,Dennis Inc,supplier,South Korea,34.8217,127.4784,South Korea Warehouse 8,warehouse,South Korea,34.9555,126.8202
EDGE01164,SUP0036,WH0009,ocean,21.0,52.163,911,Dennis Inc,supplier,South Korea,34.8217,127.4784,Germany Warehouse 9,warehouse,Germany,50.5727,10.5243
EDGE01165,SUP0036,WH0010,ocean,18.5,49.077,542,Dennis Inc,supplier,South Korea,34.8217,127.4784,Poland Warehouse 10,warehouse,Poland,51.7158,18.5237
EDGE01166,SUP0037,WH0001,air,3.5,346.424,603,"Cannon, Anderson and Alvarez",supplier,United States,41.0921,-97.1371,Germany Warehouse 1,warehouse,Germany,50.7836,11.8021
EDGE01167,SUP0037,WH0001,ocean,19.6,46.19,594,"Cannon, Anderson and Alvarez",supplier,United States,41.0921,-97.1371,Germany Warehouse 1,warehouse,Germany,50.7836,11.8021
EDGE01168,SUP0037,WH0002,air,6.0,664.127,148,"Cannon, Anderson and Alvarez",supplier,United States,41.0921,-97.1371,Singapore Warehouse 2,warehouse,Singapore,2.046,104.116
EDGE01169,SUP0037,WH0002,ocean,34.3,88.55,426,"Cannon, Anderson and Alvarez",supplier,United States,41.0921,-97.1371,Singapore Warehouse 2,warehouse,Singapore,2.046,104.116
EDGE01170,SUP0037,WH0003,air,4.0,326.706,431,"Cannon, Anderson and Alvarez",supplier,United States,41.0921,-97.1371,Netherlands Warehouse 3,warehouse,Netherlands,51.0981,4.258
EDGE01171,SUP0037,WH0003,ocean,18.3,43.561,357,"Cannon, Anderson and Alvarez",supplier,United States,41.0921,-97.1371,Netherlands Warehouse 3,warehouse,Netherlands,51.0981,4.258
EDGE01172,SUP0037,WH0004,ocean,30.5,74.527,801,"Cannon, Anderson and Alvarez",supplier,United States,41.0921,-97.1371,United Arab Emirates Warehouse 4,warehouse,United Arab Emirates,22.0943,54.9485
EDGE01173,SUP0037,WH0005,air,4.6,550.58,463,"Cannon, Anderson and Alvarez",supplier,United States,41.0921,-97.1371,United Arab Emirates Warehouse 5,warehouse,United Arab Emirates,23.7233,54.4742
EDGE01174,SUP0037,WH0005,ocean,29.8,73.411,852,"Cannon, Anderson and Alvarez",supplier,United States,41.0921,-97.1371,United Arab Emirates Warehouse 5,warehouse,United Arab Emirates,23.7233,54.4742
EDGE01175,SUP0037,WH0006,rail,1.5,3.014,370,"Cannon, Anderson and Alvarez",supplier,United States,41.0921,-97.1371,United States Warehouse 6,warehouse,United States,38.3818,-97.1703
EDGE01176,SUP0037,WH0006,road,1.0,5.425,102,"Cannon, Anderson and Alvarez",supplier,United States,41.0921,-97.1371,United States Warehouse 6,warehouse,United States,38.3818,-97.1703
EDGE01177,SUP0037,WH0007,ocean,17.5,44.897,646,"Cannon, Anderson and Alvarez",supplier,United States,41.0921,-97.1371,Germany Warehouse 7,warehouse,Germany,52.1573,9.587
EDGE01178,SUP0037,WH0008,ocean,25.5,62.649,369,"Cannon, Anderson and Alvarez",supplier,United States,41.0921,-97.1371,South Korea Warehouse 8,warehouse,South Korea,34.9555,126.8202
EDGE01179,SUP0037,WH0009,air,3.0,343.996,358,"Cannon, Anderson and Alvarez",supplier,United States,41.0921,-97.1371,Germany Warehouse 9,warehouse,Germany,50.5727,10.5243
EDGE01180,SUP0037,WH0009,ocean,18.8,45.866,413,"Cannon, Anderson and Alvarez",supplier,United States,41.0921,-97.1371,Germany Warehouse 9,warehouse,Germany,50.5727,10.5243
EDGE01181,SUP0037,WH0010,ocean,20.4,47.847,386,"Cannon, Anderson and Alvarez",supplier,United States,41.0921,-97.1371,Poland Warehouse 10,warehouse,Poland,51.7158,18.5237
EDGE01182,SUP0038,WH0001,air,3.3,411.078,492,Rose-Obrien,supplier,South Africa,-30.8904,21.8284,Germany Warehouse 1,warehouse,Germany,50.7836,11.8021
EDGE01183,SUP0038,WH0001,ocean,22.6,54.81,681,Rose-Obrien,supplier,South Africa,-30.8904,21.8284,Germany Warehouse 1,warehouse,Germany,50.7836,11.8021
EDGE01184,SUP0038,WH0002,air,3.5,422.555,458,Rose-Obrien,supplier,South Africa,-30.8904,21.8284,Singapore Warehouse 2,warehouse,Singapore,2.046,104.116
EDGE01185,SUP0038,WH0002,ocean,24.0,56.341,505,Rose-Obrien,supplier,South Africa,-30.8904,21.8284,Singapore Warehouse 2,warehouse,Singapore,2.046,104.116
EDGE01186,SUP0038,WH0003,air,4.0,417.519,672,Rose-Obrien,supplier,South Africa,-30.8904,21.8284,Netherlands Warehouse 3,warehouse,Netherlands,51.0981,4.258
EDGE01187,SUP0038,WH0003,ocean,22.8,55.669,443,Rose-Obrien,supplier,South Africa,-30.8904,21.8284,Netherlands Warehouse 3,warehouse,Netherlands,51.0981,4.258
EDGE01188,SUP0038,WH0004,ocean,19.4,41.219,441,Rose-Obrien,supplier,South Africa,-30.8904,21.8284,United Arab Emirates Warehouse 4,warehouse,United Arab Emirates,22.0943,54.9485
EDGE01189,SUP0038,WH0005,ocean,17.7,41.99,546,Rose-Obrien,supplier,South Africa,-30.8904,21.8284,United Arab Emirates Warehouse 5,warehouse,United Arab Emirates,23.7233,54.4742
EDGE01190,SUP0038,WH0006,air,5.0,651.276,860,Rose-Obrien,supplier,South Africa,-30.8904,21.8284,United States Warehouse 6,warehouse,United States,38.3818,-97.1703
EDGE01191,SUP0038,WH0006,ocean,34.7,86.837,599,Rose-Obrien,supplier,South Africa,-30.8904,21.8284,United States Warehouse 6,warehouse,United States,38.3818,-97.1703
EDGE01192,SUP0038,WH0007,air,4.0,419.007,592,Rose-Obrien,supplier,South Africa,-30.8904,21.8284,Germany Warehouse 7,warehouse,Germany,52.1573,9.587
EDGE01193,SUP0038,WH0007,ocean,23.4,55.868,354,Rose-Obrien,supplier,South Africa,-30.8904,21.8284,Germany Warehouse 7,warehouse,Germany,52.1573,9.587
EDGE01194,SUP0038,WH0008,air,5.5,592.597,303,Rose-Obrien,supplier,South Africa,-30.8904,21.8284,South Korea Warehouse 8,warehouse,South Korea,34.9555,126.8202
EDGE01195,SUP0038,WH0008,ocean,31.4,79.013,431,Rose-Obrien,supplier,South Africa,-30.8904,21.8284,South Korea Warehouse 8,warehouse,South Korea,34.9555,126.8202
EDGE01196,SUP0038,WH0009,air,3.7,410.686,579,Rose-Obrien,supplier,South Africa,-30.8904,21.8284,Germany Warehouse 9,warehouse,Germany,50.5727,10.5243
EDGE01197,SUP0038,WH0009,ocean,22.2,54.758,275,Rose-Obrien,supplier,South Africa,-30.8904,21.8284,Germany Warehouse 9,warehouse,Germany,50.5727,10.5243
EDGE01198,SUP0038,WH0010,air,3.5,413.598,535,Rose-Obrien,supplier,South Africa,-30.8904,21.8284,Poland Warehouse 10,warehouse,Poland,51.7158,18.5237
EDGE01199,SUP0038,WH0010,ocean,22.8,55.146,426,Rose-Obrien,supplier,South Africa,-30.8904,21.8284,Poland Warehouse 10,warehouse,Poland,51.7158,18.5237
EDGE01200,SUP0039,WH0001,air,4.0,388.369,277,"Campos, Vaughn and Marquez",supplier,South Korea,34.3895,127.1205,Germany Warehouse 1,warehouse,Germany,50.7836,11.8021
EDGE01201,SUP0039,WH0001,ocean,21.7,51.783,764,"Campos, Vaughn and Marquez",supplier,South Korea,34.3895,127.1205,Germany Warehouse 1,warehouse,Germany,50.7836,11.8021
EDGE01202,SUP0039,WH0002,ocean,12.0,25.89,278,"Campos, Vaughn and Marquez",supplier,South Korea,34.3895,127.1205,Singapore Warehouse 2,warehouse,Singapore,2.046,104.116
EDGE01203,SUP0039,WH0003,air,3.0,404.75,2058,"Campos, Vaughn and Marquez",supplier,South Korea,34.3895,127.1205,Netherlands Warehouse 3,warehouse,Netherlands,51.0981,4.258
EDGE01204,SUP0039,WH0003,ocean,22.2,53.967,389,"Campos, Vaughn and Marquez",supplier,South Korea,34.3895,127.1205,Netherlands Warehouse 3,warehouse,Netherlands,51.0981,4.258
EDGE01205,SUP0039,WH0004,air,3.0,317.629,1062,"Campos, Vaughn and Marquez",supplier,South Korea,34.3895,127.1205,United Arab Emirates Warehouse 4,warehouse,United Arab Emirates,22.0943,54.9485
EDGE01206,SUP0039,WH0004,ocean,18.2,42.351,297,"Campos, Vaughn and Marquez",supplier,South Korea,34.3895,127.1205,United Arab Emirates Warehouse 4,warehouse,United Arab Emirates,22.0943,54.9485
EDGE01207,SUP0039,WH0005,air,3.0,315.693,705,"Campos, Vaughn and Marquez",supplier,South Korea,34.3895,127.1205,United Arab Emirates Warehouse 5,warehouse,United Arab Emirates,23.7233,54.4742
EDGE01208,SUP0039,WH0005,ocean,17.7,42.092,505,"Campos, Vaughn and Marquez",supplier,South Korea,34.3895,127.1205,United Arab Emirates Warehouse 5,warehouse,United Arab Emirates,23.7233,54.4742
EDGE01209,SUP0039,WH0006,air,4.7,482.617,453,"Campos, Vaughn and Marquez",supplier,South Korea,34.3895,127.1205,United States Warehouse 6,warehouse,United States,38.3818,-97.1703
EDGE01210,SUP0039,WH0006,ocean,25.8,64.349,400,"Campos, Vaughn and Marquez",supplier,South Korea,34.3895,127.1205,United States Warehouse 6,warehouse,United States,38.3818,-97.1703
EDGE01211,SUP0039,WH0007,air,4.0,389.094,368,"Campos, Vaughn and Marquez",supplier,South Korea,34.3895,127.1205,Germany Warehouse 7,warehouse,Germany,52.1573,9.587
EDGE01212,SUP0039,WH0007,ocean,21.1,51.879,519,"Campos, Vaughn and Marquez",supplier,South Korea,34.3895,127.1205,Germany Warehouse 7,warehouse,Germany,52.1573,9.587
EDGE01213,SUP0039,WH0008,rail,1.0,0.687,803,"Campos, Vaughn and Marquez",supplier,South Korea,34.3895,127.1205,South Korea Warehouse 8,warehouse,South Korea,34.9555,126.8202
EDGE01214,SUP0039,WH0008,road,1.0,1.236,483,"Campos, Vaughn and Marquez",supplier,South Korea,34.3895,127.1205,South Korea Warehouse 8,warehouse,South Korea,34.9555,126.8202
EDGE01215,SUP0039,WH0009,air,3.0,392.13,483,"Campos, Vaughn and Marquez",supplier,South Korea,34.3895,127.1205,Germany Warehouse 9,warehouse,Germany,50.5727,10.5243
EDGE01216,SUP0039,WH0009,ocean,21.3,52.284,1032,"Campos, Vaughn and Marquez",supplier,South Korea,34.3895,127.1205,Germany Warehouse 9,warehouse,Germany,50.5727,10.5243
EDGE01217,SUP0039,WH0010,air,4.0,368.887,1232,"Campos, Vaughn and Marquez",supplier,South Korea,34.3895,127.1205,Poland Warehouse 10,warehouse,Poland,51.7158,18.5237
EDGE01218,SUP0039,WH0010,ocean,20.7,49.185,975,"Campos, Vaughn and Marquez",supplier,South Korea,34.3895,127.1205,Poland Warehouse 10,warehouse,Poland,51.7158,18.5237
EDGE01219,SUP0040,WH0001,ocean,6.5,13.781,530,"Santos, Kim and Holmes",supplier,Turkey,39.0352,36.0521,Germany Warehouse 1,warehouse,Germany,50.7836,11.8021
EDGE01220,SUP0040,WH0002,air,3.5,359.228,1275,"Santos, Kim and Holmes",supplier,Turkey,39.0352,36.0521,Singapore Warehouse 2,warehouse,Singapore,2.046,104.116
EDGE01221,SUP0040,WH0002,ocean,21.2,47.897,395,"Santos, Kim and Holmes",supplier,Turkey,39.0352,36.0521,Singapore Warehouse 2,warehouse,Singapore,2.046,104.116
EDGE01222,SUP0040,WH0003,air,1.0,126.165,875,"Santos, Kim and Holmes",supplier,Turkey,39.0352,36.0521,Netherlands Warehouse 3,warehouse,Netherlands,51.0981,4.258
EDGE01223,SUP0040,WH0003,ocean,9.7,16.822,529,"Santos, Kim and Holmes",supplier,Turkey,39.0352,36.0521,Netherlands Warehouse 3,warehouse,Netherlands,51.0981,4.258
EDGE01224,SUP0040,WH0003,rail,4.3,28.037,376,"Santos, Kim and Holmes",supplier,Turkey,39.0352,36.0521,Netherlands Warehouse 3,warehouse,Netherlands,51.0981,4.258
EDGE01225,SUP0040,WH0004,air,1.0,117.043,245,"Santos, Kim and Holmes",supplier,Turkey,39.0352,36.0521,United Arab Emirates Warehouse 4,warehouse,United Arab Emirates,22.0943,54.9485
EDGE01226,SUP0040,WH0004,ocean,7.0,15.606,493,"Santos, Kim and Holmes",supplier,Turkey,39.0352,36.0521,United Arab Emirates Warehouse 4,warehouse,United Arab Emirates,22.0943,54.9485
EDGE01227,SUP0040,WH0004,rail,4.3,26.01,420,"Santos, Kim and Holmes",supplier,Turkey,39.0352,36.0521,United Arab Emirates Warehouse 4,warehouse,United Arab Emirates,22.0943,54.9485
EDGE01228,SUP0040,WH0005,air,2.5,109.41,1147,"Santos, Kim and Holmes",supplier,Turkey,39.0352,36.0521,United Arab Emirates Warehouse 5,warehouse,United Arab Emirates,23.7233,54.4742
EDGE01229,SUP0040,WH0005,ocean,7.6,14.588,421,"Santos, Kim and Holmes",supplier,Turkey,39.0352,36.0521,United Arab Emirates Warehouse 5,warehouse,United Arab Emirates,23.7233,54.4742
EDGE01230,SUP0040,WH0005,rail,4.0,24.313,704,"Santos, Kim and Holmes",supplier,Turkey,39.0352,36.0521,United Arab Emirates Warehouse 5,warehouse,United Arab Emirates,23.7233,54.4742
EDGE01231,SUP0040,WH0006,air,4.0,457.78,679,"Santos, Kim and Holmes",supplier,Turkey,39.0352,36.0521,United States Warehouse 6,warehouse,United States,38.3818,-97.1703
EDGE01232,SUP0040,WH0006,ocean,24.0,61.037,883,"Santos, Kim and Holmes",supplier,Turkey,39.0352,36.0521,United States Warehouse 6,warehouse,United States,38.3818,-97.1703
EDGE01233,SUP0040,WH0007,ocean,8.7,15.004,640,"Santos, Kim and Holmes",supplier,Turkey,39.0352,36.0521,Germany Warehouse 7,warehouse,Germany,52.1573,9.587
EDGE01234,SUP0040,WH0007,rail,4.0,25.007,546,"Santos, Kim and Holmes",supplier,Turkey,39.0352,36.0521,Germany Warehouse 7,warehouse,Germany,52.1573,9.587
EDGE01235,SUP0040,WH0008,air,4.0,347.121,443,"Santos, Kim and Holmes",supplier,Turkey,39.0352,36.0521,South Korea Warehouse 8,warehouse,South Korea,34.9555,126.8202
EDGE01236,SUP0040,WH0008,ocean,19.1,46.283,333,"Santos, Kim and Holmes",supplier,Turkey,39.0352,36.0521,South Korea Warehouse 8,warehouse,South Korea,34.9555,126.8202
EDGE01237,SUP0040,WH0009,air,2.0,106.625,312,"Santos, Kim and Holmes",supplier,Turkey,39.0352,36.0521,Germany Warehouse 9,warehouse,Germany,50.5727,10.5243
EDGE01238,SUP0040,WH0009,ocean,7.2,14.217,557,"Santos, Kim and Holmes",supplier,Turkey,39.0352,36.0521,Germany Warehouse 9,warehouse,Germany,50.5727,10.5243
EDGE01239,SUP0040,WH0009,rail,4.0,23.694,266,"Santos, Kim and Holmes",supplier,Turkey,39.0352,36.0521,Germany Warehouse 9,warehouse,Germany,50.5727,10.5243
EDGE01240,SUP0040,WH0010,ocean,6.4,11.733,351,"Santos, Kim and Holmes",supplier,Turkey,39.0352,36.0521,Poland Warehouse 10,warehouse,Poland,51.7158,18.5237
EDGE01241,SUP0040,WH0010,rail,3.0,19.555,450,"Santos, Kim and Holmes",supplier,Turkey,39.0352,36.0521,Poland Warehouse 10,warehouse,Poland,51.7158,18.5237
EDGE01242,WH0001,DC0001,air,2.2,294.837,444,Germany Warehouse 1,warehouse,Germany,50.7836,11.8021,India Distribution Center 1,distribution_center,India,20.9256,77.8785
EDGE01243,WH0001,DC0001,ocean,16.4,39.312,694,Germany Warehouse 1,warehouse,Germany,50.7836,11.8021,India Distribution Center 1,distribution_center,India,20.9256,77.8785
EDGE01244,WH0001,DC0002,air,4.4,452.638,582,Germany Warehouse 1,warehouse,Germany,50.7836,11.8021,Singapore Distribution Center 2,distribution_center,Singapore,0.7264,103.4191
EDGE01245,WH0001,DC0002,ocean,24.3,60.352,432,Germany Warehouse 1,warehouse,Germany,50.7836,11.8021,Singapore Distribution Center 2,distribution_center,Singapore,0.7264,103.4191
EDGE01246,WH0001,DC0003,air,4.9,454.702,412,Germany Warehouse 1,warehouse,Germany,50.7836,11.8021,Singapore Distribution Center 3,distribution_center,Singapore,1.2182,104.6755
EDGE01247,WH0001,DC0003,ocean,24.5,60.627,567,Germany Warehouse 1,warehouse,Germany,50.7836,11.8021,Singapore Distribution Center 3,distribution_center,Singapore,1.2182,104.6755
EDGE01248,WH0001,DC0004,rail,1.1,1.094,396,Germany Warehouse 1,warehouse,Germany,50.7836,11.8021,Germany Distribution Center 4,distribution_center,Germany,50.259,10.4927
EDGE01249,WH0001,DC0004,road,1.0,1.969,415,Germany Warehouse 1,warehouse,Germany,50.7836,11.8021,Germany Distribution Center 4,distribution_center,Germany,50.259,10.4927
EDGE01250,WH0001,DC0005,air,2.6,207.04,479,Germany Warehouse 1,warehouse,Germany,50.7836,11.8021,United Arab Emirates Distribution Center 5,distribution_center,United Arab Emirates,23.6972,52.4894
EDGE01251,WH0001,DC0005,ocean,12.7,27.605,672,Germany Warehouse 1,warehouse,Germany,50.7836,11.8021,United Arab Emirates Distribution Center 5,distribution_center,United Arab Emirates,23.6972,52.4894
EDGE01252,WH0001,DC0005,rail,8.0,46.009,383,Germany Warehouse 1,warehouse,Germany,50.7836,11.8021,United Arab Emirates Distribution Center 5,distribution_center,United Arab Emirates,23.6972,52.4894
EDGE01253,WH0001,DC0006,air,2.1,207.928,642,Germany Warehouse 1,warehouse,Germany,50.7836,11.8021,United Arab Emirates Distribution Center 6,distribution_center,United Arab Emirates,23.7426,52.8616
EDGE01254,WH0001,DC0006,ocean,13.1,27.724,503,Germany Warehouse 1,warehouse,Germany,50.7836,11.8021,United Arab Emirates Distribution Center 6,distribution_center,United Arab Emirates,23.7426,52.8616
EDGE01255,WH0001,DC0006,rail,7.4,46.206,210,Germany Warehouse 1,warehouse,Germany,50.7836,11.8021,United Arab Emirates Distribution Center 6,distribution_center,United Arab Emirates,23.7426,52.8616
EDGE01256,WH0002,DC0001,air,1.2,159.047,472,Singapore Warehouse 2,warehouse,Singapore,2.046,104.116,India Distribution Center 1,distribution_center,India,20.9256,77.8785
EDGE01257,WH0002,DC0001,ocean,10.6,21.206,520,Singapore Warehouse 2,warehouse,Singapore,2.046,104.116,India Distribution Center 1,distribution_center,India,20.9256,77.8785
EDGE01258,WH0002,DC0001,rail,5.9,35.344,488,Singapore Warehouse 2,warehouse,Singapore,2.046,104.116,India Distribution Center 1,distribution_center,India,20.9256,77.8785
EDGE01259,WH0002,DC0002,rail,1.0,1.659,598,Singapore Warehouse 2,warehouse,Singapore,2.046,104.116,Singapore Distribution Center 2,distribution_center,Singapore,0.7264,103.4191
EDGE01260,WH0002,DC0002,road,1.0,2.987,453,Singapore Warehouse 2,warehouse,Singapore,2.046,104.116,Singapore Distribution Center 2,distribution_center,Singapore,0.7264,103.4191
EDGE01261,WH0002,DC0003,rail,1.3,1.111,417,Singapore Warehouse 2,warehouse,Singapore,2.046,104.116,Singapore Distribution Center 3,distribution_center,Singapore,1.2182,104.6755
EDGE01262,WH0002,DC0003,road,1.0,2.0,429,Singapore Warehouse 2,warehouse,Singapore,2.046,104.116,Singapore Distribution Center 3,distribution_center,Singapore,1.2182,104.6755
EDGE01263,WH0002,DC0004,air,4.3,454.045,601,Singapore Warehouse 2,warehouse,Singapore,2.046,104.116,Germany Distribution Center 4,distribution_center,Germany,50.259,10.4927
EDGE01264,WH0002,DC0004,ocean,24.2,60.539,401,Singapore Warehouse 2,warehouse,Singapore,2.046,104.116,Germany Distribution Center 4,distribution_center,Germany,50.259,10.4927
EDGE01265,WH0002,DC0005,air,2.8,272.098,425,Singapore Warehouse 2,warehouse,Singapore,2.046,104.116,United Arab Emirates Distribution Center 5,distribution_center,United Arab Emirates,23.6972,52.4894
EDGE01266,WH0002,DC0005,ocean,15.6,36.28,516,Singapore Warehouse 2,warehouse,Singapore,2.046,104.116,United Arab Emirates Distribution Center 5,distribution_center,United Arab Emirates,23.6972,52.4894
EDGE01267,WH0002,DC0006,air,2.2,270.517,465,Singapore Warehouse 2,warehouse,Singapore,2.046,104.116,United Arab Emirates Distribution Center 6,distribution_center,United Arab Emirates,23.7426,52.8616
EDGE01268,WH0002,DC0006,ocean,15.0,36.069,345,Singapore Warehouse 2,warehouse,Singapore,2.046,104.116,United Arab Emirates Distribution Center 6,distribution_center,United Arab Emirates,23.7426,52.8616
EDGE01269,WH0003,DC0001,air,2.6,318.649,789,Netherlands Warehouse 3,warehouse,Netherlands,51.0981,4.258,India Distribution Center 1,distribution_center,India,20.9256,77.8785
EDGE01270,WH0003,DC0001,ocean,19.0,42.486,409,Netherlands Warehouse 3,warehouse,Netherlands,51.0981,4.258,India Distribution Center 1,distribution_center,India,20.9256,77.8785
EDGE01271,WH0003,DC0002,air,5.0,476.208,275,Netherlands Warehouse 3,warehouse,Netherlands,51.0981,4.258,Singapore Distribution Center 2,distribution_center,Singapore,0.7264,103.4191
EDGE01272,WH0003,DC0002,ocean,25.6,63.494,461,Netherlands Warehouse 3,warehouse,Netherlands,51.0981,4.258,Singapore Distribution Center 2,distribution_center,Singapore,0.7264,103.4191
EDGE01273,WH0003,DC0003,air,4.4,478.187,378,Netherlands Warehouse 3,warehouse,Netherlands,51.0981,4.258,Singapore Distribution Center 3,distribution_center,Singapore,1.2182,104.6755
EDGE01274,WH0003,DC0003,ocean,25.3,63.758,389,Netherlands Warehouse 3,warehouse,Netherlands,51.0981,4.258,Singapore Distribution Center 3,distribution_center,Singapore,1.2182,104.6755
EDGE01275,WH0003,DC0004,rail,1.6,4.49,319,Netherlands Warehouse 3,warehouse,Netherlands,51.0981,4.258,Germany Distribution Center 4,distribution_center,Germany,50.259,10.4927
EDGE01276,WH0003,DC0004,road,1.0,8.081,397,Netherlands Warehouse 3,warehouse,Netherlands,51.0981,4.258,Germany Distribution Center 4,distribution_center,Germany,50.259,10.4927
EDGE01277,WH0003,DC0005,air,2.3,229.712,644,Netherlands Warehouse 3,warehouse,Netherlands,51.0981,4.258,United Arab Emirates Distribution Center 5,distribution_center,United Arab Emirates,23.6972,52.4894
EDGE01278,WH0003,DC0005,ocean,13.8,30.628,465,Netherlands Warehouse 3,warehouse,Netherlands,51.0981,4.258,United Arab Emirates Distribution Center 5,distribution_center,United Arab Emirates,23.6972,52.4894
EDGE01279,WH0003,DC0005,rail,7.8,51.047,301,Netherlands Warehouse 3,warehouse,Netherlands,51.0981,4.258,United Arab Emirates Distribution Center 5,distribution_center,United Arab Emirates,23.6972,52.4894
EDGE01280,WH0003,DC0006,air,2.6,230.653,397,Netherlands Warehouse 3,warehouse,Netherlands,51.0981,4.258,United Arab Emirates Distribution Center 6,distribution_center,United Arab Emirates,23.7426,52.8616
EDGE01281,WH0003,DC0006,ocean,14.7,30.754,700,Netherlands Warehouse 3,warehouse,Netherlands,51.0981,4.258,United Arab Emirates Distribution Center 6,distribution_center,United Arab Emirates,23.7426,52.8616
EDGE01282,WH0003,DC0006,rail,9.0,51.256,493,Netherlands Warehouse 3,warehouse,Netherlands,51.0981,4.258,United Arab Emirates Distribution Center 6,distribution_center,United Arab Emirates,23.7426,52.8616
EDGE01283,WH0004,DC0001,air,1.4,106.806,569,United Arab Emirates Warehouse 4,warehouse,United Arab Emirates,22.0943,54.9485,India Distribution Center 1,distribution_center,India,20.9256,77.8785
EDGE01284,WH0004,DC0001,ocean,7.4,14.241,284,United Arab Emirates Warehouse 4,warehouse,United Arab Emirates,22.0943,54.9485,India Distribution Center 1,distribution_center,India,20.9256,77.8785
EDGE01285,WH0004,DC0001,rail,4.9,23.735,438,United Arab Emirates Warehouse 4,warehouse,United Arab Emirates,22.0943,54.9485,India Distribution Center 1,distribution_center,India,20.9256,77.8785
EDGE01286,WH0004,DC0002,air,2.7,258.966,525,United Arab Emirates Warehouse 4,warehouse,United Arab Emirates,22.0943,54.9485,Singapore Distribution Center 2,distribution_center,Singapore,0.7264,103.4191
EDGE01287,WH0004,DC0002,ocean,15.3,34.529,542,United Arab Emirates Warehouse 4,warehouse,United Arab Emirates,22.0943,54.9485,Singapore Distribution Center 2,distribution_center,Singapore,0.7264,103.4191
EDGE01288,WH0004,DC0002,rail,9.8,57.548,366,United Arab Emirates Warehouse 4,warehouse,United Arab Emirates,22.0943,54.9485,Singapore Distribution Center 2,distribution_center,Singapore,0.7264,103.4191
EDGE01289,WH0004,DC0003,air,2.8,263.398,328,United Arab Emirates Warehouse 4,warehouse,United Arab Emirates,22.0943,54.9485,Singapore Distribution Center 3,distribution_center,Singapore,1.2182,104.6755
EDGE01290,WH0004,DC0003,ocean,15.9,35.12,636,United Arab Emirates Warehouse 4,warehouse,United Arab Emirates,22.0943,54.9485,Singapore Distribution Center 3,distribution_center,Singapore,1.2182,104.6755
EDGE01291,WH0004,DC0003,rail,9.4,58.533,348,United Arab Emirates Warehouse 4,warehouse,United Arab Emirates,22.0943,54.9485,Singapore Distribution Center 3,distribution_center,Singapore,1.2182,104.6755
EDGE01292,WH0004,DC0004,air,2.4,223.157,295,United Arab Emirates Warehouse 4,warehouse,United Arab Emirates,22.0943,54.9485,Germany Distribution Center 4,distribution_center,Germany,50.259,10.4927
EDGE01293,WH0004,DC0004,ocean,13.5,29.754,549,United Arab Emirates Warehouse 4,warehouse,United Arab Emirates,22.0943,54.9485,Germany Distribution Center 4,distribution_center,Germany,50.259,10.4927
EDGE01294,WH0004,DC0004,rail,7.8,49.591,588,United Arab Emirates Warehouse 4,warehouse,United Arab Emirates,22.0943,54.9485,Germany Distribution Center 4,distribution_center,Germany,50.259,10.4927
EDGE01295,WH0004,DC0005,rail,1.1,3.086,366,United Arab Emirates Warehouse 4,warehouse,United Arab Emirates,22.0943,54.9485,United Arab Emirates Distribution Center 5,distribution_center,United Arab Emirates,23.6972,52.4894
EDGE01296,WH0004,DC0005,road,1.0,5.554,579,United Arab Emirates Warehouse 4,warehouse,United Arab Emirates,22.0943,54.9485,United Arab Emirates Distribution Center 5,distribution_center,United Arab Emirates,23.6972,52.4894
EDGE01297,WH0004,DC0006,rail,1.1,2.815,424,United Arab Emirates Warehouse 4,warehouse,United Arab Emirates,22.0943,54.9485,United Arab Emirates Distribution Center 6,distribution_center,United Arab Emirates,23.7426,52.8616
EDGE01298,WH0004,DC0006,road,1.0,5.068,422,United Arab Emirates Warehouse 4,warehouse,United Arab Emirates,22.0943,54.9485,United Arab Emirates Distribution Center 6,distribution_center,United Arab Emirates,23.7426,52.8616
EDGE01299,WH0005,DC0001,air,1.2,109.107,570,United Arab Emirates Warehouse 5,warehouse,United Arab Emirates,23.7233,54.4742,India Distribution Center 1,distribution_center,India,20.9256,77.8785
EDGE01300,WH0005,DC0001,ocean,7.1,14.548,495,United Arab Emirates Warehouse 5,warehouse,United Arab Emirates,23.7233,54.4742,India Distribution Center 1,distribution_center,India,20.9256,77.8785
EDGE01301,WH0005,DC0001,rail,4.1,24.246,639,United Arab Emirates Warehouse 5,warehouse,United Arab Emirates,23.7233,54.4742,India Distribution Center 1,distribution_center,India,20.9256,77.8785
EDGE01302,WH0005,DC0002,air,2.2,263.573,325,United Arab Emirates Warehouse 5,warehouse,United Arab Emirates,23.7233,54.4742,Singapore Distribution Center 2,distribution_center,Singapore,0.7264,103.4191
EDGE01303,WH0005,DC0002,ocean,15.4,35.143,397,United Arab Emirates Warehouse 5,warehouse,United Arab Emirates,23.7233,54.4742,Singapore Distribution Center 2,distribution_center,Singapore,0.7264,103.4191
EDGE01304,WH0005,DC0002,rail,10.1,58.572,437,United Arab Emirates Warehouse 5,warehouse,United Arab Emirates,23.7233,54.4742,Singapore Distribution Center 2,distribution_center,Singapore,0.7264,103.4191
EDGE01305,WH0005,DC0003,air,2.7,267.844,407,United Arab Emirates Warehouse 5,warehouse,United Arab Emirates,23.7233,54.4742,Singapore Distribution Center 3,distribution_center,Singapore,1.2182,104.6755
EDGE01306,WH0005,DC0003,ocean,15.5,35.712,416,United Arab Emirates Warehouse 5,warehouse,United Arab Emirates,23.7233,54.4742,Singapore Distribution Center 3,distribution_center,Singapore,1.2182,104.6755
EDGE01307,WH0005,DC0003,rail,10.2,59.521,529,United Arab Emirates Warehouse 5,warehouse,United Arab Emirates,23.7233,54.4742,Singapore Distribution Center 3,distribution_center,Singapore,1.2182,104.6755
EDGE01308,WH0005,DC0004,air,2.7,215.513,417,United Arab Emirates Warehouse 5,warehouse,United Arab Emirates,23.7233,54.4742,Germany Distribution Center 4,distribution_center,Germany,50.259,10.4927
EDGE01309,WH0005,DC0004,ocean,13.7,28.735,578,United Arab Emirates Warehouse 5,warehouse,United Arab Emirates,23.7233,54.4742,Germany Distribution Center 4,distribution_center,Germany,50.259,10.4927
EDGE01310,WH0005,DC0004,rail,7.4,47.892,602,United Arab Emirates Warehouse 5,warehouse,United Arab Emirates,23.7233,54.4742,Germany Distribution Center 4,distribution_center,Germany,50.259,10.4927
EDGE01311,WH0005,DC0005,rail,1.1,2.021,759,United Arab Emirates Warehouse 5,warehouse,United Arab Emirates,23.7233,54.4742,United Arab Emirates Distribution Center 5,distribution_center,United Arab Emirates,23.6972,52.4894
EDGE01312,WH0005,DC0005,road,1.0,3.638,555,United Arab Emirates Warehouse 5,warehouse,United Arab Emirates,23.7233,54.4742,United Arab Emirates Distribution Center 5,distribution_center,United Arab Emirates,23.6972,52.4894
EDGE01313,WH0005,DC0006,rail,1.1,1.642,392,United Arab Emirates Warehouse 5,warehouse,United Arab Emirates,23.7233,54.4742,United Arab Emirates Distribution Center 6,distribution_center,United Arab Emirates,23.7426,52.8616
EDGE01314,WH0005,DC0006,road,1.0,2.955,573,United Arab Emirates Warehouse 5,warehouse,United Arab Emirates,23.7233,54.4742,United Arab Emirates Distribution Center 6,distribution_center,United Arab Emirates,23.7426,52.8616
EDGE01315,WH0006,DC0001,air,5.4,603.008,804,United States Warehouse 6,warehouse,United States,38.3818,-97.1703,India Distribution Center 1,distribution_center,India,20.9256,77.8785
EDGE01316,WH0006,DC0001,ocean,31.4,80.401,414,United States Warehouse 6,warehouse,United States,38.3818,-97.1703,India Distribution Center 1,distribution_center,India,20.9256,77.8785
EDGE01317,WH0006,DC0002,air,5.5,683.229,658,United States Warehouse 6,warehouse,United States,38.3818,-97.1703,Singapore Distribution Center 2,distribution_center,Singapore,0.7264,103.4191
EDGE01318,WH0006,DC0002,ocean,35.4,91.097,564,United States Warehouse 6,warehouse,United States,38.3818,-97.1703,Singapore Distribution Center 2,distribution_center,Singapore,0.7264,103.4191
EDGE01319,WH0006,DC0003,air,5.6,678.414,602,United States Warehouse 6,warehouse,United States,38.3818,-97.1703,Singapore Distribution Center 3,distribution_center,Singapore,1.2182,104.6755
EDGE01320,WH0006,DC0003,ocean,35.5,90.455,443,United States Warehouse 6,warehouse,United States,38.3818,-97.1703,Singapore Distribution Center 3,distribution_center,Singapore,1.2182,104.6755
EDGE01321,WH0006,DC0004,air,3.3,355.326,306,United States Warehouse 6,warehouse,United States,38.3818,-97.1703,Germany Distribution Center 4,distribution_center,Germany,50.259,10.4927
EDGE01322,WH0006,DC0004,ocean,19.9,47.377,558,United States Warehouse 6,warehouse,United States,38.3818,-97.1703,Germany Distribution Center 4,distribution_center,Germany,50.259,10.4927
EDGE01323,WH0006,DC0005,air,4.0,558.982,512,United States Warehouse 6,warehouse,United States,38.3818,-97.1703,United Arab Emirates Distribution Center 5,distribution_center,United Arab Emirates,23.6972,52.4894
EDGE01324,WH0006,DC0005,ocean,28.8,74.531,467,United States Warehouse 6,warehouse,United States,38.3818,-97.1703,United Arab Emirates Distribution Center 5,distribution_center,United Arab Emirates,23.6972,52.4894
EDGE01325,WH0006,DC0006,air,4.5,559.5,553,United States Warehouse 6,warehouse,United States,38.3818,-97.1703,United Arab Emirates Distribution Center 6,distribution_center,United Arab Emirates,23.7426,52.8616
EDGE01326,WH0006,DC0006,ocean,29.4,74.6,284,United States Warehouse 6,warehouse,United States,38.3818,-97.1703,United Arab Emirates Distribution Center 6,distribution_center,United Arab Emirates,23.7426,52.8616
EDGE01327,WH0007,DC0001,air,2.6,302.208,574,Germany Warehouse 7,warehouse,Germany,52.1573,9.587,India Distribution Center 1,distribution_center,India,20.9256,77.8785
EDGE01328,WH0007,DC0001,ocean,17.4,40.294,615,Germany Warehouse 7,warehouse,Germany,52.1573,9.587,India Distribution Center 1,distribution_center,India,20.9256,77.8785
EDGE01329,WH0007,DC0002,air,4.6,459.225,306,Germany Warehouse 7,warehouse,Germany,52.1573,9.587,Singapore Distribution Center 2,distribution_center,Singapore,0.7264,103.4191
EDGE01330,WH0007,DC0002,ocean,24.5,61.23,480,Germany Warehouse 7,warehouse,Germany,52.1573,9.587,Singapore Distribution Center 2,distribution_center,Singapore,0.7264,103.4191
EDGE01331,WH0007,DC0003,air,4.7,461.125,431,Germany Warehouse 7,warehouse,Germany,52.1573,9.587,Singapore Distribution Center 3,distribution_center,Singapore,1.2182,104.6755
EDGE01332,WH0007,DC0003,ocean,25.8,61.483,546,Germany Warehouse 7,warehouse,Germany,52.1573,9.587,Singapore Distribution Center 3,distribution_center,Singapore,1.2182,104.6755
EDGE01333,WH0007,DC0004,rail,1.2,2.203,581,Germany Warehouse 7,warehouse,Germany,52.1573,9.587,Germany Distribution Center 4,distribution_center,Germany,50.259,10.4927
EDGE01334,WH0007,DC0004,road,1.0,3.965,526,Germany Warehouse 7,warehouse,Germany,52.1573,9.587,Germany Distribution Center 4,distribution_center,Germany,50.259,10.4927
EDGE01335,WH0007,DC0005,air,2.6,216.198,546,Germany Warehouse 7,warehouse,Germany,52.1573,9.587,United Arab Emirates Distribution Center 5,distribution_center,United Arab Emirates,23.6972,52.4894
EDGE01336,WH0007,DC0005,ocean,12.9,28.826,548,Germany Warehouse 7,warehouse,Germany,52.1573,9.587,United Arab Emirates Distribution Center 5,distribution_center,United Arab Emirates,23.6972,52.4894
EDGE01337,WH0007,DC0005,rail,7.0,48.044,438,Germany Warehouse 7,warehouse,Germany,52.1573,9.587,United Arab Emirates Distribution Center 5,distribution_center,United Arab Emirates,23.6972,52.4894
EDGE01338,WH0007,DC0006,air,1.7,217.06,435,Germany Warehouse 7,warehouse,Germany,52.1573,9.587,United Arab Emirates Distribution Center 6,distribution_center,United Arab Emirates,23.7426,52.8616
EDGE01339,WH0007,DC0006,ocean,13.1,28.941,599,Germany Warehouse 7,warehouse,Germany,52.1573,9.587,United Arab Emirates Distribution Center 6,distribution_center,United Arab Emirates,23.7426,52.8616
EDGE01340,WH0007,DC0006,rail,7.8,48.236,518,Germany Warehouse 7,warehouse,Germany,52.1573,9.587,United Arab Emirates Distribution Center 6,distribution_center,United Arab Emirates,23.7426,52.8616
EDGE01341,WH0008,DC0001,air,3.3,225.028,419,South Korea Warehouse 8,warehouse,South Korea,34.9555,126.8202,India Distribution Center 1,distribution_center,India,20.9256,77.8785
EDGE01342,WH0008,DC0001,ocean,12.6,30.004,702,South Korea Warehouse 8,warehouse,South Korea,34.9555,126.8202,India Distribution Center 1,distribution_center,India,20.9256,77.8785
EDGE01343,WH0008,DC0001,rail,8.6,50.006,496,South Korea Warehouse 8,warehouse,South Korea,34.9555,126.8202,India Distribution Center 1,distribution_center,India,20.9256,77.8785
EDGE01344,WH0008,DC0002,air,2.5,203.103,292,South Korea Warehouse 8,warehouse,South Korea,34.9555,126.8202,Singapore Distribution Center 2,distribution_center,Singapore,0.7264,103.4191
EDGE01345,WH0008,DC0002,ocean,13.1,27.08,411,South Korea Warehouse 8,warehouse,South Korea,34.9555,126.8202,Singapore Distribution Center 2,distribution_center,Singapore,0.7264,103.4191
EDGE01346,WH0008,DC0002,rail,7.4,45.134,405,South Korea Warehouse 8,warehouse,South Korea,34.9555,126.8202,Singapore Distribution Center 2,distribution_center,Singapore,0.7264,103.4191
EDGE01347,WH0008,DC0003,air,2.7,197.863,376,South Korea Warehouse 8,warehouse,South Korea,34.9555,126.8202,Singapore Distribution Center 3,distribution_center,Singapore,1.2182,104.6755
EDGE01348,WH0008,DC0003,ocean,12.0,26.382,443,South Korea Warehouse 8,warehouse,South Korea,34.9555,126.8202,Singapore Distribution Center 3,distribution_center,Singapore,1.2182,104.6755
EDGE01349,WH0008,DC0003,rail,7.0,43.97,435,South Korea Warehouse 8,warehouse,South Korea,34.9555,126.8202,Singapore Distribution Center 3,distribution_center,Singapore,1.2182,104.6755
EDGE01350,WH0008,DC0004,air,3.6,390.218,351,South Korea Warehouse 8,warehouse,South Korea,34.9555,126.8202,Germany Distribution Center 4,distribution_center,Germany,50.259,10.4927
EDGE01351,WH0008,DC0004,ocean,21.8,52.029,450,South Korea Warehouse 8,warehouse,South Korea,34.9555,126.8202,Germany Distribution Center 4,distribution_center,Germany,50.259,10.4927
EDGE01352,WH0008,DC0005,air,3.6,321.965,202,South Korea Warehouse 8,warehouse,South Korea,34.9555,126.8202,United Arab Emirates Distribution Center 5,distribution_center,United Arab Emirates,23.6972,52.4894
EDGE01353,WH0008,DC0005,ocean,18.9,42.929,441,South Korea Warehouse 8,warehouse,South Korea,34.9555,126.8202,United Arab Emirates Distribution Center 5,distribution_center,United Arab Emirates,23.6972,52.4894
EDGE01354,WH0008,DC0006,air,2.6,320.362,555,South Korea Warehouse 8,warehouse,South Korea,34.9555,126.8202,United Arab Emirates Distribution Center 6,distribution_center,United Arab Emirates,23.7426,52.8616
EDGE01355,WH0008,DC0006,ocean,18.7,42.715,608,South Korea Warehouse 8,warehouse,South Korea,34.9555,126.8202,United Arab Emirates Distribution Center 6,distribution_center,United Arab Emirates,23.7426,52.8616
EDGE01356,WH0009,DC0001,air,2.4,298.806,891,Germany Warehouse 9,warehouse,Germany,50.5727,10.5243,India Distribution Center 1,distribution_center,India,20.9256,77.8785
EDGE01357,WH0009,DC0001,ocean,16.9,39.841,555,Germany Warehouse 9,warehouse,Germany,50.5727,10.5243,India Distribution Center 1,distribution_center,India,20.9256,77.8785
EDGE01358,WH0009,DC0002,air,4.7,456.727,603,Germany Warehouse 9,warehouse,Germany,50.5727,10.5243,Singapore Distribution Center 2,distribution_center,Singapore,0.7264,103.4191
EDGE01359,WH0009,DC0002,ocean,24.7,60.897,553,Germany Warehouse 9,warehouse,Germany,50.5727,10.5243,Singapore Distribution Center 2,distribution_center,Singapore,0.7264,103.4191
EDGE01360,WH0009,DC0003,air,4.8,458.81,309,Germany Warehouse 9,warehouse,Germany,50.5727,10.5243,Singapore Distribution Center 3,distribution_center,Singapore,1.2182,104.6755
EDGE01361,WH0009,DC0003,ocean,24.5,61.175,405,Germany Warehouse 9,warehouse,Germany,50.5727,10.5243,Singapore Distribution Center 3,distribution_center,Singapore,1.2182,104.6755
EDGE01362,WH0009,DC0004,rail,1.3,0.5,376,Germany Warehouse 9,warehouse,Germany,50.5727,10.5243,Germany Distribution Center 4,distribution_center,Germany,50.259,10.4927
EDGE01363,WH0009,DC0004,road,1.0,0.9,429,Germany Warehouse 9,warehouse,Germany,50.5727,10.5243,Germany Distribution Center 4,distribution_center,Germany,50.259,10.4927
EDGE01364,WH0009,DC0005,air,2.6,210.283,403,Germany Warehouse 9,warehouse,Germany,50.5727,10.5243,United Arab Emirates Distribution Center 5,distribution_center,United Arab Emirates,23.6972,52.4894
EDGE01365,WH0009,DC0005,ocean,12.8,28.038,393,Germany Warehouse 9,warehouse,Germany,50.5727,10.5243,United Arab Emirates Distribution Center 5,distribution_center,United Arab Emirates,23.6972,52.4894
EDGE01366,WH0009,DC0005,rail,7.5,46.73,395,Germany Warehouse 9,warehouse,Germany,50.5727,10.5243,United Arab Emirates Distribution Center 5,distribution_center,United Arab Emirates,23.6972,52.4894
EDGE01367,WH0009,DC0006,air,2.5,211.191,617,Germany Warehouse 9,warehouse,Germany,50.5727,10.5243,United Arab Emirates Distribution Center 6,distribution_center,United Arab Emirates,23.7426,52.8616
EDGE01368,WH0009,DC0006,ocean,12.2,28.159,449,Germany Warehouse 9,warehouse,Germany,50.5727,10.5243,United Arab Emirates Distribution Center 6,distribution_center,United Arab Emirates,23.7426,52.8616
EDGE01369,WH0009,DC0006,rail,7.9,46.931,568,Germany Warehouse 9,warehouse,Germany,50.5727,10.5243,United Arab Emirates Distribution Center 6,distribution_center,United Arab Emirates,23.7426,52.8616
EDGE01370,WH0010,DC0001,air,2.6,274.596,382,Poland Warehouse 10,warehouse,Poland,51.7158,18.5237,India Distribution Center 1,distribution_center,India,20.9256,77.8785
EDGE01371,WH0010,DC0001,ocean,15.5,36.613,395,Poland Warehouse 10,warehouse,Poland,51.7158,18.5237,India Distribution Center 1,distribution_center,India,20.9256,77.8785
EDGE01372,WH0010,DC0002,air,3.8,431.67,1751,Poland Warehouse 10,warehouse,Poland,51.7158,18.5237,Singapore Distribution Center 2,distribution_center,Singapore,0.7264,103.4191
EDGE01373,WH0010,DC0002,ocean,23.3,57.556,565,Poland Warehouse 10,warehouse,Poland,51.7158,18.5237,Singapore Distribution Center 2,distribution_center,Singapore,0.7264,103.4191
EDGE01374,WH0010,DC0003,air,3.7,433.627,369,Poland Warehouse 10,warehouse,Poland,51.7158,18.5237,Singapore Distribution Center 3,distribution_center,Singapore,1.2182,104.6755
EDGE01375,WH0010,DC0003,ocean,24.0,57.817,420,Poland Warehouse 10,warehouse,Poland,51.7158,18.5237,Singapore Distribution Center 3,distribution_center,Singapore,1.2182,104.6755
EDGE01376,WH0010,DC0004,rail,1.8,5.847,584,Poland Warehouse 10,warehouse,Poland,51.7158,18.5237,Germany Distribution Center 4,distribution_center,Germany,50.259,10.4927
EDGE01377,WH0010,DC0004,road,1.0,10.524,508,Poland Warehouse 10,warehouse,Poland,51.7158,18.5237,Germany Distribution Center 4,distribution_center,Germany,50.259,10.4927
EDGE01378,WH0010,DC0005,air,2.0,191.08,395,Poland Warehouse 10,warehouse,Poland,51.7158,18.5237,United Arab Emirates Distribution Center 5,distribution_center,United Arab Emirates,23.6972,52.4894
EDGE01379,WH0010,DC0005,ocean,12.2,25.477,569,Poland Warehouse 10,warehouse,Poland,51.7158,18.5237,United Arab Emirates Distribution Center 5,distribution_center,United Arab Emirates,23.6972,52.4894
EDGE01380,WH0010,DC0005,rail,6.6,42.462,400,Poland Warehouse 10,warehouse,Poland,51.7158,18.5237,United Arab Emirates Distribution Center 5,distribution_center,United Arab Emirates,23.6972,52.4894
EDGE01381,WH0010,DC0006,air,1.7,191.85,528,Poland Warehouse 10,warehouse,Poland,51.7158,18.5237,United Arab Emirates Distribution Center 6,distribution_center,United Arab Emirates,23.7426,52.8616
EDGE01382,WH0010,DC0006,ocean,11.5,25.58,347,Poland Warehouse 10,warehouse,Poland,51.7158,18.5237,United Arab Emirates Distribution Center 6,distribution_center,United Arab Emirates,23.7426,52.8616
EDGE01383,WH0010,DC0006,rail,7.2,42.633,428,Poland Warehouse 10,warehouse,Poland,51.7158,18.5237,United Arab Emirates Distribution Center 6,distribution_center,United Arab Emirates,23.7426,52.8616
