po_id,supplier_node_id,product_id,order_date,quantity,unit_price,currency,total_value,status,supplier_name,supplier_country,esg_score,product_name,category,invoice_date,payment_status,payment_date,order_month,country_risk_index,currency_volatility,sanctions_flag
PO000001,SUP0033,PRD0070,2025-09-27,72,13.91,USD,1001.52,fulfilled,"Sellers, George and Burns",China,78.7,PACK-Knowledge-70,Packaging,2025-10-05,paid,2025-11-06,2025-09,27.9,0.076,False
PO000002,SUP0030,PRD0021,2024-09-30,167,1038.54,USD,173436.18,fulfilled,Stanton-Gill,Indonesia,60.5,MACH-Avoid-21,Machinery,2024-10-01,pending,,2024-09,,,
PO000003,SUP0013,PRD0144,2024-11-29,525,4.68,USD,2457.0,open,Delacruz Group,Germany,77.3,FURN-Today-144,Furniture,2024-12-04,pending,,2024-11,16.0,0.028,False
PO000004,SUP0026,PRD0057,2026-08-17,401,346.24,USD,138842.24,fulfilled,James-Ferrell,Egypt,85.3,CHEM-Ask-57,Chemicals,2026-08-18,paid,2026-08-25,2026-08,63.3,0.217,False
PO000005,SUP0032,PRD0028,2026-05-28,503,186.07,USD,93593.21,fulfilled,"Lynch, Hernandez and Farmer",Vietnam,57.2,AUTO-Notice-28,Automotive Parts,2026-06-02,paid,2026-06-15,2026-05,44.9,0.097,False
PO000006,SUP0008,PRD0147,2025-12-23,247,105.8,USD,26132.6,fulfilled,Davis Inc,Pakistan,69.7,FURN-Physical-147,Furniture,2026-01-01,paid,2026-01-29,2025-12,66.7,0.291,False
PO000007,SUP0021,PRD0004,2024-09-09,585,935.71,USD,547390.35,open,"Ellis, Baker and Wright",India,80.5,FOOD-Against-4,Food & Beverage,2024-09-22,pending,,2024-09,,,
PO000008,SUP0034,PRD0070,2025-08-12,143,2.39,USD,341.77,open,Koch-Decker,India,69.9,PACK-Knowledge-70,Packaging,2025-08-20,paid,2025-09-03,2025-08,39.7,0.107,False
PO000009,SUP0015,PRD0150,2025-02-18,175,2825.03,USD,494380.25,open,"Zuniga, Wong and Lynch",India,76.1,TEXT-Training-150,Textiles,2025-02-21,pending,,2025-02,38.3,0.092,False
PO000010,SUP0024,PRD0119,2026-05-31,374,592.04,USD,221422.96,fulfilled,Campos Inc,Mexico,79.6,TEXT-Serious-119,Textiles,2026-06-07,paid,2026-06-22,2026-05,40.3,0.102,False
PO000011,SUP0021,PRD0109,2024-12-30,45,1263.98,USD,56879.1,fulfilled,"Ellis, Baker and Wright",India,80.5,CHEM-Step-109,Chemicals,2025-01-10,pending,,2024-12,38.4,0.078,False
PO000012,SUP0034,PRD0026,2025-08-28,372,433.33,USD,161198.76,fulfilled,Koch-Decker,India,69.9,PACK-Mention-26,Packaging,2025-09-08,paid,2025-10-21,2025-08,39.7,0.107,False
PO000013,SUP0033,PRD0065,2024-10-08,214,109.24,USD,23377.36,fulfilled,"Sellers, George and Burns",China,78.7,FURN-Dark-65,Furniture,2024-10-20,pending,,2024-10,32.3,0.066,False
PO000014,SUP0003,PRD0111,2026-03-16,191,2371.8,USD,453013.8,cancelled,Johnson-Davis,Vietnam,88.7,PACK-Look-111,Packaging,,,,2026-03,41.4,0.138,False
PO000015,SUP0006,PRD0081,2026-04-10,192,71.56,USD,13739.52,fulfilled,Blake and Sons,China,58.0,PACK-Total-81,Packaging,2026-04-13,paid,2026-05-21,2026-04,27.5,0.096,False
PO000016,SUP0036,PRD0103,2025-09-25,690,1271.3,USD,877197.0,cancelled,Dennis Inc,South Korea,60.1,AUTO-Community-103,Automotive Parts,,,,2025-09,25.6,0.077,False
PO000017,SUP0032,PRD0091,2026-08-22,285,92.45,USD,26348.25,fulfilled,"Lynch, Hernandez and Farmer",Vietnam,57.2,FOOD-Some-91,Food & Beverage,2026-08-29,overdue,,2026-08,45.2,0.147,False
PO000018,SUP0007,PRD0010,2024-12-08,134,6299.87,USD,844182.58,fulfilled,Ramirez-Lewis,South Korea,49.8,CHEM-Account-10,Chemicals,2024-12-18,paid,2024-12-29,2024-12,21.1,0.079,False
PO000019,SUP0021,PRD0064,2025-10-31,188,1543.56,USD,290189.28,fulfilled,"Ellis, Baker and Wright",India,80.5,AUTO-Energy-64,Automotive Parts,2025-11-02,pending,,2025-10,38.7,0.131,False
PO000020,SUP0031,PRD0040,2025-07-29,99,2.32,USD,229.68,fulfilled,Harrell LLC,Brazil,87.2,FURN-Investment-40,Furniture,2025-08-03,pending,,2025-07,50.3,0.167,False
PO000021,SUP0029,PRD0036,2026-03-01,197,2.31,USD,455.07,fulfilled,Chavez Ltd,Poland,66.3,ELEC-Eight-36,Electronics,2026-03-07,pending,,2026-03,19.5,0.073,False
PO000022,SUP0037,PRD0016,2026-06-02,199,309.28,USD,61546.72,fulfilled,"Cannon, Anderson and Alvarez",United States,65.1,CHEM-Author-16,Chemicals,2026-06-15,paid,2026-07-06,2026-06,21.7,0.029,False
PO000023,SUP0026,PRD0058,2026-08-31,618,2076.11,USD,1283035.98,open,James-Ferrell,Egypt,85.3,AUTO-Interesting-58,Automotive Parts,2026-09-12,paid,2026-10-01,2026-08,63.3,0.217,False
PO000024,SUP0006,PRD0013,2025-07-11,178,2.48,USD,441.44,fulfilled,Blake and Sons,China,58.0,CHEM-Program-13,Chemicals,2025-07-13,paid,2025-08-20,2025-07,23.1,0.07,False
PO000025,SUP0008,PRD0055,2025-05-09,393,11.89,USD,4672.77,open,Davis Inc,Pakistan,69.7,FURN-Race-55,Furniture,2025-05-18,paid,2025-06-03,2025-05,63.8,0.268,False
PO000026,SUP0031,PRD0045,2026-07-16,414,208.01,USD,86116.14,open,Harrell LLC,Brazil,87.2,CHEM-Lawyer-45,Chemicals,2026-07-29,paid,2026-08-14,2026-07,48.2,0.19,False
PO000027,SUP0013,PRD0028,2026-02-16,866,436.82,USD,378286.12,fulfilled,Delacruz Group,Germany,77.3,AUTO-Notice-28,Automotive Parts,2026-02-25,paid,2026-03-12,2026-02,12.2,0.038,False
PO000028,SUP0021,PRD0041,2025-03-23,43,809.42,USD,34805.06,fulfilled,"Ellis, Baker and Wright",India,80.5,PACK-Customer-41,Packaging,2025-03-30,paid,2025-04-21,2025-03,29.9,0.104,False
PO000029,SUP0021,PRD0112,2025-03-25,470,3.85,USD,1809.5,fulfilled,"Ellis, Baker and Wright",India,80.5,FURN-Feeling-112,Furniture,2025-04-04,paid,2025-05-03,2025-03,29.9,0.104,False
PO000030,SUP0005,PRD0117,2025-10-16,107,15.05,USD,1610.35,fulfilled,Cole LLC,Mexico,58.0,CHEM-Only-117,Chemicals,2025-10-21,paid,2025-10-26,2025-10,32.5,0.11,False
PO000031,SUP0036,PRD0023,2025-09-26,72,2732.09,USD,196710.48,fulfilled,Dennis Inc,South Korea,60.1,MACH-Economy-23,Machinery,2025-10-09,pending,,2025-09,25.6,0.077,False
PO000032,SUP0029,PRD0141,2026-05-27,624,213.31,USD,133105.44,cancelled,Chavez Ltd,Poland,66.3,CHEM-Art-141,Chemicals,,,,2026-05,27.9,0.077,False
PO000033,SUP0021,PRD0048,2026-08-04,149,5.76,USD,858.24,fulfilled,"Ellis, Baker and Wright",India,80.5,FOOD-Item-48,Food & Beverage,2026-08-05,paid,2026-08-11,2026-08,39.2,0.102,False
PO000034,SUP0017,PRD0083,2025-07-17,61,91.88,USD,5604.68,open,"Hawkins, Cohen and Cameron",Nigeria,42.8,TEXT-Billion-83,Textiles,2025-07-29,paid,2025-08-29,2025-07,67.7,0.288,False
PO000035,SUP0015,PRD0125,2026-02-04,222,306.9,USD,68131.8,fulfilled,"Zuniga, Wong and Lynch",India,76.1,TEXT-Article-125,Textiles,2026-02-09,pending,,2026-02,43.0,0.103,False
PO000036,SUP0014,PRD0079,2026-04-19,187,19.49,USD,3644.63,fulfilled,"Flowers, Martin and Kelly",United States,46.7,FOOD-System-79,Food & Beverage,2026-05-01,overdue,,2026-04,11.1,0.042,False
PO000037,SUP0036,PRD0016,2026-02-17,699,1542.83,USD,1078438.17,fulfilled,Dennis Inc,South Korea,60.1,CHEM-Author-16,Chemicals,2026-02-22,paid,2026-03-26,2026-02,21.2,0.077,False
PO000038,SUP0029,PRD0035,2026-05-31,712,1495.5,USD,1064796.0,fulfilled,Chavez Ltd,Poland,66.3,MACH-Material-35,Machinery,2026-06-03,paid,2026-06-30,2026-05,27.9,0.077,False
PO000039,SUP0009,PRD0082,2025-10-21,377,113.18,USD,42668.86,fulfilled,Munoz-Roman,United States,66.0,AUTO-Oil-82,Automotive Parts,2025-10-30,paid,2025-11-16,2025-10,11.7,0.021,False
PO000040,SUP0035,PRD0142,2024-09-19,81,2.34,USD,189.54,cancelled,Allen PLC,Brazil,54.5,TEXT-Movie-142,Textiles,,,,2024-09,,,
PO000041,SUP0021,PRD0004,2026-08-10,320,937.83,USD,300105.6,open,"Ellis, Baker and Wright",India,80.5,FOOD-Against-4,Food & Beverage,2026-08-11,overdue,,2026-08,39.2,0.102,False
PO000042,SUP0002,PRD0081,2025-07-29,465,306.77,USD,142648.05,fulfilled,Rhodes PLC,Germany,87.8,PACK-Total-81,Packaging,2025-08-12,overdue,,2025-07,12.5,0.035,False
PO000043,SUP0036,PRD0048,2025-03-19,154,21.12,USD,3252.48,fulfilled,Dennis Inc,South Korea,60.1,FOOD-Item-48,Food & Beverage,2025-03-26,paid,2025-04-02,2025-03,27.0,0.071,False
PO000044,SUP0024,PRD0020,2025-06-07,343,27.38,USD,9391.34,fulfilled,Campos Inc,Mexico,79.6,FOOD-Give-20,Food & Beverage,2025-06-20,paid,2025-07-29,2025-06,37.7,0.13,False
PO000045,SUP0031,PRD0033,2024-09-16,40,10.96,USD,438.4,fulfilled,Harrell LLC,Brazil,87.2,PACK-Own-33,Packaging,2024-09-18,paid,2024-10-21,2024-09,,,
PO000046,SUP0020,PRD0141,2024-10-30,566,346.57,USD,196158.62,fulfilled,Lewis-Porter,Pakistan,59.2,CHEM-Art-141,Chemicals,2024-11-09,paid,2024-11-28,2024-10,63.3,0.232,False
PO000047,SUP0020,PRD0060,2026-06-15,383,152.1,USD,58254.3,fulfilled,Lewis-Porter,Pakistan,59.2,TEXT-Group-60,Textiles,2026-06-23,paid,2026-07-23,2026-06,67.4,0.376,False
PO000048,SUP0038,PRD0072,2024-11-03,432,496.01,USD,214276.32,cancelled,Rose-Obrien,South Africa,61.5,TEXT-Family-72,Textiles,,,,2024-11,49.7,0.162,False
PO000049,SUP0001,PRD0003,2026-04-20,25,2.31,USD,57.75,open,"Rodriguez, Figueroa and Sanchez",South Korea,74.7,ELEC-Ground-3,Electronics,2026-04-28,paid,2026-06-03,2026-04,15.1,0.06,False
PO000050,SUP0025,PRD0132,2026-05-25,30,498.15,USD,14944.5,fulfilled,Conner Group,Bangladesh,77.2,CHEM-Art-132,Chemicals,2026-06-03,paid,2026-06-27,2026-05,51.6,0.176,False
PO000051,SUP0008,PRD0075,2024-11-02,167,499.01,USD,83334.67,fulfilled,Davis Inc,Pakistan,69.7,TEXT-Two-75,Textiles,2024-11-09,overdue,,2024-11,59.6,0.179,False
PO000052,SUP0035,PRD0038,2026-09-03,1615,2.56,USD,4134.4,cancelled,Allen PLC,Brazil,54.5,ELEC-Material-38,Electronics,,,,2026-09,52.4,0.146,False
PO000053,SUP0032,PRD0064,2025-06-18,112,1529.4,USD,171292.8,fulfilled,"Lynch, Hernandez and Farmer",Vietnam,57.2,AUTO-Energy-64,Automotive Parts,2025-06-30,paid,2025-07-14,2025-06,38.4,0.093,False
PO000054,SUP0030,PRD0070,2024-10-13,171,1576.06,USD,269506.26,fulfilled,Stanton-Gill,Indonesia,60.5,PACK-Knowledge-70,Packaging,2024-10-16,paid,2024-10-29,2024-10,45.8,0.054,False
PO000055,SUP0024,PRD0066,2025-04-28,69,7.62,USD,525.78,fulfilled,Campos Inc,Mexico,79.6,TEXT-Customer-66,Textiles,2025-05-11,paid,2025-06-12,2025-04,45.0,0.168,False
PO000056,SUP0024,PRD0134,2026-03-29,99,2.4,USD,237.6,fulfilled,Campos Inc,Mexico,79.6,FOOD-Pattern-134,Food & Beverage,2026-04-11,paid,2026-04-18,2026-03,42.9,0.12,False
PO000057,SUP0034,PRD0087,2025-12-20,769,4312.61,USD,3316397.09,fulfilled,Koch-Decker,India,69.9,MACH-Think-87,Machinery,2025-12-27,pending,,2025-12,37.0,0.11,False
PO000058,SUP0006,PRD0095,2026-04-23,216,3.26,USD,704.16,fulfilled,Blake and Sons,China,58.0,PACK-Investment-95,Packaging,2026-05-04,pending,,2026-04,27.5,0.096,False
PO000059,SUP0001,PRD0034,2025-11-17,226,1937.08,USD,437780.08,fulfilled,"Rodriguez, Figueroa and Sanchez",South Korea,74.7,CHEM-Part-34,Chemicals,2025-12-01,pending,,2025-11,26.0,0.073,False
PO000060,SUP0013,PRD0110,2025-05-19,109,91.11,USD,9930.99,fulfilled,Delacruz Group,Germany,77.3,CHEM-Still-110,Chemicals,2025-05-31,paid,2025-06-24,2025-05,11.2,0.028,False
PO000061,SUP0040,PRD0120,2025-05-06,34,28.55,USD,970.7,fulfilled,"Santos, Kim and Holmes",Turkey,71.1,MACH-Message-120,Machinery,2025-05-18,paid,2025-06-05,2025-05,51.0,0.243,False
PO000062,SUP0022,PRD0057,2025-09-29,627,1036.85,USD,650104.95,fulfilled,Burgess-Patterson,Pakistan,79.0,CHEM-Ask-57,Chemicals,2025-10-12,paid,2025-11-24,2025-09,69.5,0.302,False
PO000063,SUP0017,PRD0074,2026-06-07,125,1165.16,USD,145645.0,fulfilled,"Hawkins, Cohen and Cameron",Nigeria,42.8,MACH-Enjoy-74,Machinery,2026-06-17,paid,2026-07-06,2026-06,69.0,0.224,False
PO000064,SUP0028,PRD0078,2026-06-14,733,18.94,USD,13883.02,fulfilled,"Potter, Mack and Peterson",Germany,88.1,AUTO-Level-78,Automotive Parts,2026-06-23,paid,2026-07-25,2026-06,16.3,0.035,False
PO000065,SUP0020,PRD0115,2025-10-27,314,1013.82,USD,318339.48,fulfilled,Lewis-Porter,Pakistan,59.2,FOOD-Side-115,Food & Beverage,2025-11-06,paid,2025-12-15,2025-10,63.5,0.237,False
PO000066,SUP0004,PRD0144,2026-07-14,316,828.7,USD,261869.2,fulfilled,"Johnson, Gonzalez and Santos",Mexico,76.5,FURN-Today-144,Furniture,2026-07-21,paid,2026-08-25,2026-07,36.7,0.112,False
PO000067,SUP0033,PRD0028,2025-01-05,36,397.48,USD,14309.28,fulfilled,"Sellers, George and Burns",China,78.7,AUTO-Notice-28,Automotive Parts,2025-01-19,pending,,2025-01,26.1,0.085,False
PO000068,SUP0032,PRD0124,2026-06-09,369,372.3,USD,137378.7,fulfilled,"Lynch, Hernandez and Farmer",Vietnam,57.2,ELEC-Director-124,Electronics,2026-06-13,paid,2026-06-26,2026-06,45.6,0.092,False
PO000069,SUP0029,PRD0094,2025-08-20,910,41.95,USD,38174.5,cancelled,Chavez Ltd,Poland,66.3,MACH-Compare-94,Machinery,,,,2025-08,30.2,0.115,False
PO000070,SUP0006,PRD0001,2024-10-26,25,2.69,USD,67.25,fulfilled,Blake and Sons,China,58.0,MACH-Down-1,Machinery,2024-10-30,pending,,2024-10,31.4,0.103,False
PO000071,SUP0029,PRD0144,2026-01-02,478,6.95,USD,3322.1,fulfilled,Chavez Ltd,Poland,66.3,FURN-Today-144,Furniture,2026-01-10,overdue,,2026-01,29.2,0.105,False
PO000072,SUP0030,PRD0095,2025-05-16,392,1135.26,USD,445021.92,fulfilled,Stanton-Gill,Indonesia,60.5,PACK-Investment-95,Packaging,2025-05-20,paid,2025-06-01,2025-05,44.2,0.119,False
PO000073,SUP0032,PRD0038,2025-09-07,472,26.27,USD,12399.44,open,"Lynch, Hernandez and Farmer",Vietnam,57.2,ELEC-Material-38,Electronics,2025-09-09,pending,,2025-09,51.4,0.106,False
PO000074,SUP0012,PRD0078,2026-01-15,196,31.64,USD,6201.44,fulfilled,Stanley LLC,Japan,60.6,AUTO-Level-78,Automotive Parts,2026-01-18,paid,2026-02-03,2026-01,21.6,0.072,False
PO000075,SUP0029,PRD0051,2026-02-08,241,2.39,USD,575.99,fulfilled,Chavez Ltd,Poland,66.3,AUTO-Shoulder-51,Automotive Parts,2026-02-16,paid,2026-03-15,2026-02,30.8,0.089,False
PO000076,SUP0004,PRD0040,2026-02-02,241,375.18,USD,90418.38,fulfilled,"Johnson, Gonzalez and Santos",Mexico,76.5,FURN-Investment-40,Furniture,2026-02-13,paid,2026-03-06,2026-02,43.0,0.144,False
PO000077,SUP0015,PRD0013,2026-03-01,133,683.08,USD,90849.64,fulfilled,"Zuniga, Wong and Lynch",India,76.1,CHEM-Program-13,Chemicals,2026-03-07,pending,,2026-03,38.6,0.115,False
PO000078,SUP0018,PRD0043,2025-02-14,553,805.63,USD,445513.39,fulfilled,Underwood LLC,Philippines,54.2,CHEM-Bill-43,Chemicals,2025-02-27,pending,,2025-02,41.1,0.126,False
PO000079,SUP0037,PRD0133,2026-04-17,534,60.75,USD,32440.5,cancelled,"Cannon, Anderson and Alvarez",United States,65.1,PACK-Apply-133,Packaging,,,,2026-04,15.1,0.033,False
PO000080,SUP0007,PRD0005,2025-05-13,26,216.36,USD,5625.36,open,Ramirez-Lewis,South Korea,49.8,TEXT-Per-5,Textiles,2025-05-26,paid,2025-06-30,2025-05,24.5,0.103,False
PO000081,SUP0039,PRD0133,2025-01-14,810,12.66,USD,10254.6,open,"Campos, Vaughn and Marquez",South Korea,62.6,PACK-Apply-133,Packaging,2025-01-22,paid,2025-01-27,2025-01,20.5,0.094,False
PO000082,SUP0024,PRD0016,2025-08-07,95,28.79,USD,2735.05,fulfilled,Campos Inc,Mexico,79.6,CHEM-Author-16,Chemicals,2025-08-10,paid,2025-09-11,2025-08,38.8,0.115,False
PO000083,SUP0035,PRD0059,2025-01-13,373,2.32,USD,865.36,fulfilled,Allen PLC,Brazil,54.5,FOOD-Should-59,Food & Beverage,2025-01-15,paid,2025-02-17,2025-01,53.3,0.132,False
PO000084,SUP0032,PRD0110,2026-06-25,182,841.67,USD,153183.94,fulfilled,"Lynch, Hernandez and Farmer",Vietnam,57.2,CHEM-Still-110,Chemicals,2026-07-06,paid,2026-08-07,2026-06,45.6,0.092,False
PO000085,SUP0021,PRD0091,2025-11-03,786,2.32,USD,1823.52,fulfilled,"Ellis, Baker and Wright",India,80.5,FOOD-Some-91,Food & Beverage,2025-11-05,paid,2025-11-28,2025-11,39.8,0.084,False
PO000086,SUP0034,PRD0111,2026-06-16,106,301.66,USD,31975.96,fulfilled,Koch-Decker,India,69.9,PACK-Look-111,Packaging,2026-06-29,overdue,,2026-06,36.1,0.089,False
PO000087,SUP0003,PRD0041,2025-09-15,261,12.7,USD,3314.7,cancelled,Johnson-Davis,Vietnam,88.7,PACK-Customer-41,Packaging,,,,2025-09,42.8,0.106,False
PO000088,SUP0032,PRD0145,2025-05-19,571,2.31,USD,1319.01,fulfilled,"Lynch, Hernandez and Farmer",Vietnam,57.2,MACH-Cultural-145,Machinery,2025-05-29,pending,,2025-05,39.3,0.123,False
PO000089,SUP0002,PRD0078,2025-07-31,257,3.62,USD,930.34,fulfilled,Rhodes PLC,Germany,87.8,AUTO-Level-78,Automotive Parts,2025-08-03,paid,2025-09-04,2025-07,12.5,0.035,False
PO000090,SUP0006,PRD0097,2024-11-16,80,2371.28,USD,189702.4,fulfilled,Blake and Sons,China,58.0,ELEC-Medical-97,Electronics,2024-11-18,paid,2024-12-26,2024-11,32.3,0.059,False
PO000091,SUP0027,PRD0137,2026-05-09,132,2.61,USD,344.52,open,"Valencia, Smith and Le",Vietnam,70.4,FOOD-Wide-137,Food & Beverage,2026-05-11,overdue,,2026-05,48.1,0.102,False
PO000092,SUP0019,PRD0136,2025-05-26,535,9.01,USD,4820.35,fulfilled,Clark PLC,Germany,69.9,AUTO-Morning-136,Automotive Parts,2025-06-07,paid,2025-07-16,2025-05,10.9,0.032,False
PO000093,SUP0036,PRD0147,2025-06-11,328,1125.2,USD,369065.6,fulfilled,Dennis Inc,South Korea,60.1,FURN-Physical-147,Furniture,2025-06-17,paid,2025-07-02,2025-06,16.2,0.07,False
PO000094,SUP0031,PRD0013,2025-01-17,46,6.22,USD,286.12,fulfilled,Harrell LLC,Brazil,87.2,CHEM-Program-13,Chemicals,2025-01-21,pending,,2025-01,54.3,0.107,False
PO000095,SUP0020,PRD0112,2024-09-06,478,3.53,USD,1687.34,fulfilled,Lewis-Porter,Pakistan,59.2,FURN-Feeling-112,Furniture,2024-09-07,overdue,,2024-09,,,
PO000096,SUP0014,PRD0054,2026-03-03,126,2.32,USD,292.32,fulfilled,"Flowers, Martin and Kelly",United States,46.7,FURN-Ready-54,Furniture,2026-03-11,pending,,2026-03,7.3,0.025,False
PO000097,SUP0013,PRD0068,2025-07-01,111,1328.43,USD,147455.73,fulfilled,Delacruz Group,Germany,77.3,FURN-List-68,Furniture,2025-07-04,pending,,2025-07,12.9,0.04,False
PO000098,SUP0036,PRD0064,2026-08-07,145,532.39,USD,77196.55,fulfilled,Dennis Inc,South Korea,60.1,AUTO-Energy-64,Automotive Parts,2026-08-20,paid,2026-09-25,2026-08,13.6,0.053,False
PO000099,SUP0029,PRD0144,2026-04-10,88,2.34,USD,205.92,fulfilled,Chavez Ltd,Poland,66.3,FURN-Today-144,Furniture,2026-04-22,paid,2026-05-26,2026-04,28.1,0.08,False
PO000100,SUP0004,PRD0001,2024-11-26,29,1363.39,USD,39538.31,fulfilled,"Johnson, Gonzalez and Santos",Mexico,76.5,MACH-Down-1,Machinery,2024-12-06,pending,,2024-11,34.3,0.129,False
PO000101,SUP0022,PRD0049,2025-04-19,90,5.27,USD,474.3,fulfilled,Burgess-Patterson,Pakistan,79.0,AUTO-Manage-49,Automotive Parts,2025-04-22,pending,,2025-04,71.7,0.187,False
PO000102,SUP0031,PRD0079,2025-07-05,415,38.23,USD,15865.45,open,Harrell LLC,Brazil,87.2,FOOD-System-79,Food & Beverage,2025-07-06,pending,,2025-07,50.3,0.167,False
PO000103,SUP0036,PRD0042,2026-08-05,266,447.64,USD,119072.24,fulfilled,Dennis Inc,South Korea,60.1,TEXT-Between-42,Textiles,2026-08-14,paid,2026-09-09,2026-08,13.6,0.053,False
PO000104,SUP0010,PRD0059,2024-11-14,612,25.68,USD,15716.16,open,"Martinez, Nielsen and Miller",Egypt,43.6,FOOD-Should-59,Food & Beverage,2024-11-20,paid,2024-12-12,2024-11,56.9,0.198,False
PO000105,SUP0012,PRD0136,2024-12-29,170,1098.02,USD,186663.4,fulfilled,Stanley LLC,Japan,60.6,AUTO-Morning-136,Automotive Parts,2025-01-03,pending,,2024-12,20.0,0.052,False
PO000106,SUP0031,PRD0102,2024-11-04,817,516.63,USD,422086.71,fulfilled,Harrell LLC,Brazil,87.2,TEXT-Artist-102,Textiles,2024-11-14,paid,2024-11-22,2024-11,54.4,0.219,False
PO000107,SUP0033,PRD0093,2025-09-25,1194,690.35,USD,824277.9,fulfilled,"Sellers, George and Burns",China,78.7,TEXT-Economic-93,Textiles,2025-10-05,pending,,2025-09,27.9,0.076,False
PO000108,SUP0005,PRD0057,2024-10-22,562,130.7,USD,73453.4,fulfilled,Cole LLC,Mexico,58.0,CHEM-Ask-57,Chemicals,2024-11-01,overdue,,2024-10,37.9,0.124,False
PO000109,SUP0013,PRD0054,2026-03-07,57,106.06,USD,6045.42,fulfilled,Delacruz Group,Germany,77.3,FURN-Ready-54,Furniture,2026-03-10,paid,2026-04-21,2026-03,11.2,0.047,False
PO000110,SUP0032,PRD0069,2025-05-10,602,883.87,USD,532089.74,fulfilled,"Lynch, Hernandez and Farmer",Vietnam,57.2,FOOD-Challenge-69,Food & Beverage,2025-05-20,paid,2025-06-03,2025-05,39.3,0.123,False
PO000111,SUP0029,PRD0150,2025-01-21,678,48.78,USD,33072.84,fulfilled,Chavez Ltd,Poland,66.3,TEXT-Training-150,Textiles,2025-02-03,paid,2025-03-07,2025-01,28.2,0.102,False
PO000112,SUP0031,PRD0044,2025-06-18,309,9.43,USD,2913.87,open,Harrell LLC,Brazil,87.2,MACH-Reason-44,Machinery,2025-06-29,pending,,2025-06,53.4,0.168,False
PO000113,SUP0036,PRD0019,2025-11-10,156,3.22,USD,502.32,fulfilled,Dennis Inc,South Korea,60.1,PACK-Trade-19,Packaging,2025-11-24,paid,2025-12-10,2025-11,25.4,0.069,False
PO000114,SUP0017,PRD0075,2025-12-20,214,174.24,USD,37287.36,cancelled,"Hawkins, Cohen and Cameron",Nigeria,42.8,TEXT-Two-75,Textiles,,,,2025-12,69.0,0.282,False
PO000115,SUP0029,PRD0037,2025-01-19,711,2353.11,USD,1673061.21,fulfilled,Chavez Ltd,Poland,66.3,CHEM-Still-37,Chemicals,2025-01-20,paid,2025-01-25,2025-01,28.2,0.102,False
PO000116,SUP0005,PRD0060,2026-02-08,199,214.43,USD,42671.57,fulfilled,Cole LLC,Mexico,58.0,TEXT-Group-60,Textiles,2026-02-12,overdue,,2026-02,36.4,0.071,False
PO000117,SUP0020,PRD0044,2026-03-25,185,1739.58,USD,321822.3,fulfilled,Lewis-Porter,Pakistan,59.2,MACH-Reason-44,Machinery,2026-04-02,paid,2026-05-08,2026-03,71.3,0.275,True
PO000118,SUP0004,PRD0021,2025-12-28,31,6.41,USD,198.71,fulfilled,"Johnson, Gonzalez and Santos",Mexico,76.5,MACH-Avoid-21,Machinery,2026-01-07,paid,2026-01-24,2025-12,36.2,0.148,False
PO000119,SUP0005,PRD0114,2025-06-21,81,4.67,USD,378.27,fulfilled,Cole LLC,Mexico,58.0,FOOD-Same-114,Food & Beverage,2025-06-26,paid,2025-07-18,2025-06,30.7,0.147,False
PO000120,SUP0035,PRD0048,2025-01-07,287,2.33,USD,668.71,fulfilled,Allen PLC,Brazil,54.5,FOOD-Item-48,Food & Beverage,2025-01-15,paid,2025-02-14,2025-01,53.3,0.132,False
PO000121,SUP0005,PRD0016,2024-11-07,73,75.97,USD,5545.81,fulfilled,Cole LLC,Mexico,58.0,CHEM-Author-16,Chemicals,2024-11-12,paid,2024-12-14,2024-11,30.2,0.105,False
PO000122,SUP0018,PRD0136,2025-07-09,458,5.43,USD,2486.94,open,Underwood LLC,Philippines,54.2,AUTO-Morning-136,Automotive Parts,2025-07-10,paid,2025-07-25,2025-07,48.7,0.115,False
PO000123,SUP0031,PRD0078,2024-10-31,65,162.57,USD,10567.05,fulfilled,Harrell LLC,Brazil,87.2,AUTO-Level-78,Automotive Parts,2024-11-01,paid,2024-11-23,2024-10,49.4,0.171,False
PO000124,SUP0013,PRD0145,2025-08-21,620,15.04,USD,9324.8,fulfilled,Delacruz Group,Germany,77.3,MACH-Cultural-145,Machinery,2025-08-29,paid,2025-10-10,2025-08,11.5,0.039,False
PO000125,SUP0026,PRD0145,2026-02-11,81,364.66,USD,29537.46,fulfilled,James-Ferrell,Egypt,85.3,MACH-Cultural-145,Machinery,2026-02-24,paid,2026-03-20,2026-02,51.5,0.18,False
PO000126,SUP0008,PRD0150,2024-10-04,56,4282.06,USD,239795.36,fulfilled,Davis Inc,Pakistan,69.7,TEXT-Training-150,Textiles,2024-10-16,overdue,,2024-10,62.8,0.317,False
PO000127,SUP0007,PRD0052,2026-04-26,195,341.53,USD,66598.35,open,Ramirez-Lewis,South Korea,49.8,CHEM-Arm-52,Chemicals,2026-05-07,paid,2026-05-24,2026-04,22.3,0.044,False
PO000128,SUP0001,PRD0064,2024-10-14,206,1638.32,USD,337493.92,fulfilled,"Rodriguez, Figueroa and Sanchez",South Korea,74.7,AUTO-Energy-64,Automotive Parts,2024-10-22,paid,2024-11-12,2024-10,17.6,0.067,False
PO000129,SUP0036,PRD0013,2025-07-18,203,510.21,USD,103572.63,fulfilled,Dennis Inc,South Korea,60.1,CHEM-Program-13,Chemicals,2025-07-23,paid,2025-08-26,2025-07,25.2,0.092,False
PO000130,SUP0004,PRD0039,2025-01-05,662,1217.76,USD,806157.12,fulfilled,"Johnson, Gonzalez and Santos",Mexico,76.5,MACH-Surface-39,Machinery,2025-01-19,paid,2025-02-06,2025-01,38.1,0.07,False
PO000131,SUP0032,PRD0084,2025-07-12,324,3.44,USD,1114.56,fulfilled,"Lynch, Hernandez and Farmer",Vietnam,57.2,PACK-Apply-84,Packaging,2025-07-22,paid,2025-08-26,2025-07,41.6,0.072,False
PO000132,SUP0006,PRD0062,2025-01-02,94,87.05,USD,8182.7,open,Blake and Sons,China,58.0,TEXT-Training-62,Textiles,2025-01-15,pending,,2025-01,26.5,0.063,False
PO000133,SUP0040,PRD0079,2026-03-23,41,292.32,USD,11985.12,open,"Santos, Kim and Holmes",Turkey,71.1,FOOD-System-79,Food & Beverage,2026-04-06,paid,2026-05-15,2026-03,53.2,0.248,False
PO000134,SUP0008,PRD0068,2026-08-10,249,89.2,USD,22210.8,open,Davis Inc,Pakistan,69.7,FURN-List-68,Furniture,2026-08-17,pending,,2026-08,58.8,0.31,False
PO000135,SUP0009,PRD0135,2026-08-21,358,2.99,USD,1070.42,fulfilled,Munoz-Roman,United States,66.0,CHEM-Me-135,Chemicals,2026-09-01,paid,2026-09-27,2026-08,19.3,0.05,False
PO000136,SUP0018,PRD0133,2025-07-28,738,3.76,USD,2774.88,fulfilled,Underwood LLC,Philippines,54.2,PACK-Apply-133,Packaging,2025-07-30,paid,2025-09-08,2025-07,48.7,0.115,False
PO000137,SUP0035,PRD0056,2025-11-04,279,1865.96,USD,520602.84,fulfilled,Allen PLC,Brazil,54.5,MACH-Billion-56,Machinery,2025-11-18,pending,,2025-11,47.0,0.179,False
PO000138,SUP0026,PRD0002,2025-08-12,132,2.5,USD,330.0,fulfilled,James-Ferrell,Egypt,85.3,PACK-Attack-2,Packaging,2025-08-23,paid,2025-08-30,2025-08,52.4,0.149,False
PO000139,SUP0016,PRD0115,2024-09-26,27,2.33,USD,62.91,open,"Sanchez, Ford and Nelson",Mexico,67.6,FOOD-Side-115,Food & Beverage,2024-10-08,paid,2024-11-10,2024-09,,,
PO000140,SUP0021,PRD0021,2025-01-14,390,20.33,USD,7928.7,fulfilled,"Ellis, Baker and Wright",India,80.5,MACH-Avoid-21,Machinery,2025-01-19,paid,2025-02-11,2025-01,41.3,0.071,False
PO000141,SUP0004,PRD0097,2026-04-10,173,40.14,USD,6944.22,fulfilled,"Johnson, Gonzalez and Santos",Mexico,76.5,ELEC-Medical-97,Electronics,2026-04-14,paid,2026-05-18,2026-04,37.9,0.118,False
PO000142,SUP0035,PRD0078,2025-07-06,116,26.69,USD,3096.04,fulfilled,Allen PLC,Brazil,54.5,AUTO-Level-78,Automotive Parts,2025-07-11,paid,2025-08-24,2025-07,58.2,0.161,False
PO000143,SUP0013,PRD0142,2025-03-14,136,18.82,USD,2559.52,fulfilled,Delacruz Group,Germany,77.3,TEXT-Movie-142,Textiles,2025-03-20,paid,2025-04-01,2025-03,13.1,0.046,False
PO000144,SUP0012,PRD0018,2025-08-26,82,223.36,USD,18315.52,fulfilled,Stanley LLC,Japan,60.6,FURN-Almost-18,Furniture,2025-09-08,paid,2025-10-17,2025-08,19.5,0.058,False
PO000145,SUP0019,PRD0059,2025-09-05,173,295.65,USD,51147.45,fulfilled,Clark PLC,Germany,69.9,FOOD-Should-59,Food & Beverage,2025-09-13,pending,,2025-09,5.0,0.031,False
PO000146,SUP0037,PRD0048,2025-03-18,225,5.95,USD,1338.75,fulfilled,"Cannon, Anderson and Alvarez",United States,65.1,FOOD-Item-48,Food & Beverage,2025-03-23,pending,,2025-03,9.2,0.022,False
PO000147,SUP0030,PRD0004,2026-02-23,356,98.22,USD,34966.32,open,Stanton-Gill,Indonesia,60.5,FOOD-Against-4,Food & Beverage,2026-03-03,paid,2026-03-16,2026-02,49.4,0.152,False
PO000148,SUP0007,PRD0084,2024-11-09,250,2368.25,USD,592062.5,fulfilled,Ramirez-Lewis,South Korea,49.8,PACK-Apply-84,Packaging,2024-11-21,paid,2024-12-03,2024-11,21.7,0.07,False
PO000149,SUP0019,PRD0045,2026-01-30,616,15.58,USD,9597.28,fulfilled,Clark PLC,Germany,69.9,CHEM-Lawyer-45,Chemicals,2026-02-02,pending,,2026-01,8.9,0.043,False
PO000150,SUP0030,PRD0111,2025-07-05,409,1653.24,USD,676175.16,fulfilled,Stanton-Gill,Indonesia,60.5,PACK-Look-111,Packaging,2025-07-09,pending,,2025-07,48.1,0.118,False
PO000151,SUP0002,PRD0141,2025-09-15,164,95.56,USD,15671.84,fulfilled,Rhodes PLC,Germany,87.8,CHEM-Art-141,Chemicals,2025-09-19,paid,2025-10-17,2025-09,10.6,0.047,False
PO000152,SUP0010,PRD0075,2024-10-27,970,7.0,USD,6790.0,open,"Martinez, Nielsen and Miller",Egypt,43.6,TEXT-Two-75,Textiles,2024-11-01,paid,2024-11-16,2024-10,57.4,0.226,False
PO000153,SUP0024,PRD0023,2025-06-03,816,1181.12,USD,963793.92,open,Campos Inc,Mexico,79.6,MACH-Economy-23,Machinery,2025-06-15,paid,2025-07-29,2025-06,37.7,0.13,False
PO000154,SUP0010,PRD0081,2026-08-12,440,3783.39,USD,1664691.6,fulfilled,"Martinez, Nielsen and Miller",Egypt,43.6,PACK-Total-81,Packaging,2026-08-22,paid,2026-10-02,2026-08,53.4,0.16,False
PO000155,SUP0039,PRD0147,2024-11-27,116,4.07,USD,472.12,fulfilled,"Campos, Vaughn and Marquez",South Korea,62.6,FURN-Physical-147,Furniture,2024-12-04,paid,2025-01-17,2024-11,16.6,0.063,False
PO000156,SUP0022,PRD0095,2025-11-07,334,154.19,USD,51499.46,fulfilled,Burgess-Patterson,Pakistan,79.0,PACK-Investment-95,Packaging,2025-11-12,paid,2025-12-01,2025-11,56.6,0.235,False
PO000157,SUP0025,PRD0111,2025-08-10,396,454.88,USD,180132.48,fulfilled,Conner Group,Bangladesh,77.2,PACK-Look-111,Packaging,2025-08-16,paid,2025-09-02,2025-08,56.9,0.201,False
PO000158,SUP0035,PRD0040,2026-05-08,51,3.28,USD,167.28,fulfilled,Allen PLC,Brazil,54.5,FURN-Investment-40,Furniture,2026-05-15,paid,2026-06-14,2026-05,57.2,0.171,False
PO000159,SUP0037,PRD0075,2024-10-29,133,83.48,USD,11102.84,fulfilled,"Cannon, Anderson and Alvarez",United States,65.1,TEXT-Two-75,Textiles,2024-11-11,pending,,2024-10,13.9,0.028,False
PO000160,SUP0027,PRD0094,2025-12-19,532,14.43,USD,7676.76,fulfilled,"Valencia, Smith and Le",Vietnam,70.4,MACH-Compare-94,Machinery,2025-12-20,paid,2026-01-22,2025-12,46.5,0.058,False
PO000161,SUP0027,PRD0104,2025-04-27,114,2.42,USD,275.88,fulfilled,"Valencia, Smith and Le",Vietnam,70.4,AUTO-Hundred-104,Automotive Parts,2025-05-03,paid,2025-05-21,2025-04,44.9,0.133,False
PO000162,SUP0019,PRD0014,2026-05-08,232,2127.01,USD,493466.32,fulfilled,Clark PLC,Germany,69.9,PACK-Artist-14,Packaging,2026-05-15,paid,2026-05-21,2026-05,8.6,0.043,False
PO000163,SUP0021,PRD0056,2026-01-14,1321,49.06,USD,64808.26,fulfilled,"Ellis, Baker and Wright",India,80.5,MACH-Billion-56,Machinery,2026-01-17,paid,2026-02-28,2026-01,39.3,0.067,False
PO000164,SUP0033,PRD0032,2025-02-20,792,22.63,USD,17922.96,fulfilled,"Sellers, George and Burns",China,78.7,FURN-Us-32,Furniture,2025-03-06,paid,2025-03-17,2025-02,22.4,0.065,False
PO000165,SUP0017,PRD0018,2026-01-16,161,5392.52,USD,868195.72,fulfilled,"Hawkins, Cohen and Cameron",Nigeria,42.8,FURN-Almost-18,Furniture,2026-01-18,overdue,,2026-01,78.2,0.308,False
PO000166,SUP0016,PRD0122,2024-12-02,63,9.31,USD,586.53,fulfilled,"Sanchez, Ford and Nelson",Mexico,67.6,CHEM-Customer-122,Chemicals,2024-12-06,paid,2025-01-08,2024-12,48.2,0.088,False
PO000167,SUP0018,PRD0095,2026-08-27,344,95.72,USD,32927.68,fulfilled,Underwood LLC,Philippines,54.2,PACK-Investment-95,Packaging,2026-09-07,paid,2026-09-14,2026-08,46.3,0.127,False
PO000168,SUP0018,PRD0017,2025-12-07,1392,1005.47,USD,1399614.24,fulfilled,Underwood LLC,Philippines,54.2,TEXT-Western-17,Textiles,2025-12-13,paid,2026-01-20,2025-12,37.3,0.134,False
PO000169,SUP0019,PRD0064,2026-01-26,836,757.3,USD,633102.8,fulfilled,Clark PLC,Germany,69.9,AUTO-Energy-64,Automotive Parts,2026-02-05,paid,2026-02-19,2026-01,8.9,0.043,False
PO000170,SUP0017,PRD0133,2026-02-21,596,2.37,USD,1412.52,fulfilled,"Hawkins, Cohen and Cameron",Nigeria,42.8,PACK-Apply-133,Packaging,2026-02-28,paid,2026-04-13,2026-02,68.3,0.212,False
PO000171,SUP0002,PRD0057,2024-12-25,227,11.24,USD,2551.48,fulfilled,Rhodes PLC,Germany,87.8,CHEM-Ask-57,Chemicals,2024-12-27,paid,2025-02-07,2024-12,8.4,0.045,False
PO000172,SUP0009,PRD0147,2024-12-08,204,2.53,USD,516.12,fulfilled,Munoz-Roman,United States,66.0,FURN-Physical-147,Furniture,2024-12-15,paid,2025-01-17,2024-12,10.0,0.031,False
PO000173,SUP0005,PRD0120,2026-08-06,688,442.64,USD,304536.32,fulfilled,Cole LLC,Mexico,58.0,MACH-Message-120,Machinery,2026-08-10,paid,2026-09-17,2026-08,34.8,0.072,False
PO000174,SUP0026,PRD0028,2026-08-02,234,58.76,USD,13749.84,fulfilled,James-Ferrell,Egypt,85.3,AUTO-Notice-28,Automotive Parts,2026-08-16,paid,2026-09-10,2026-08,63.3,0.217,False
PO000175,SUP0022,PRD0145,2025-04-24,287,52.9,USD,15182.3,cancelled,Burgess-Patterson,Pakistan,79.0,MACH-Cultural-145,Machinery,,,,2025-04,71.7,0.187,False
PO000176,SUP0015,PRD0028,2025-11-27,329,64.45,USD,21204.05,open,"Zuniga, Wong and Lynch",India,76.1,AUTO-Notice-28,Automotive Parts,2025-11-30,pending,,2025-11,38.9,0.113,False
PO000177,SUP0021,PRD0117,2026-04-06,1106,401.05,USD,443561.3,fulfilled,"Ellis, Baker and Wright",India,80.5,CHEM-Only-117,Chemicals,2026-04-09,paid,2026-05-02,2026-04,39.7,0.087,False
PO000178,SUP0015,PRD0016,2025-09-14,897,4988.58,USD,4474756.26,open,"Zuniga, Wong and Lynch",India,76.1,CHEM-Author-16,Chemicals,2025-09-17,paid,2025-10-16,2025-09,37.6,0.105,False
PO000179,SUP0021,PRD0056,2025-01-19,92,67.39,USD,6199.88,fulfilled,"Ellis, Baker and Wright",India,80.5,MACH-Billion-56,Machinery,2025-01-24,paid,2025-02-01,2025-01,41.3,0.071,False
PO000180,SUP0012,PRD0081,2026-02-14,85,2468.98,USD,209863.3,fulfilled,Stanley LLC,Japan,60.6,PACK-Total-81,Packaging,2026-02-18,overdue,,2026-02,13.8,0.053,False
PO000181,SUP0019,PRD0145,2024-10-12,392,176.94,USD,69360.48,fulfilled,Clark PLC,Germany,69.9,MACH-Cultural-145,Machinery,2024-10-20,paid,2024-11-26,2024-10,12.4,0.036,False
PO000182,SUP0004,PRD0097,2024-12-18,277,4.1,USD,1135.7,fulfilled,"Johnson, Gonzalez and Santos",Mexico,76.5,ELEC-Medical-97,Electronics,2024-12-21,pending,,2024-12,38.0,0.144,False
PO000183,SUP0025,PRD0079,2025-05-31,55,65.74,USD,3615.7,fulfilled,Conner Group,Bangladesh,77.2,FOOD-System-79,Food & Beverage,2025-06-12,paid,2025-07-14,2025-05,60.0,0.182,False
PO000184,SUP0007,PRD0064,2026-07-22,348,424.12,USD,147593.76,fulfilled,Ramirez-Lewis,South Korea,49.8,AUTO-Energy-64,Automotive Parts,2026-07-29,paid,2026-08-19,2026-07,25.7,0.067,False
PO000185,SUP0038,PRD0070,2024-09-23,281,2005.79,USD,563626.99,fulfilled,Rose-Obrien,South Africa,61.5,PACK-Knowledge-70,Packaging,2024-09-26,paid,2024-10-10,2024-09,,,
PO000186,SUP0001,PRD0079,2026-08-12,237,3.23,USD,765.51,fulfilled,"Rodriguez, Figueroa and Sanchez",South Korea,74.7,FOOD-System-79,Food & Beverage,2026-08-23,paid,2026-10-02,2026-08,29.1,0.075,False
PO000187,SUP0005,PRD0085,2025-11-05,246,1408.43,USD,346473.78,fulfilled,Cole LLC,Mexico,58.0,CHEM-Reach-85,Chemicals,2025-11-19,paid,2025-12-15,2025-11,43.6,0.105,False
PO000188,SUP0029,PRD0095,2026-06-23,68,2.31,USD,157.08,fulfilled,Chavez Ltd,Poland,66.3,PACK-Investment-95,Packaging,2026-06-25,pending,,2026-06,26.6,0.117,False
PO000189,SUP0021,PRD0064,2026-02-11,48,2.33,USD,111.84,fulfilled,"Ellis, Baker and Wright",India,80.5,AUTO-Energy-64,Automotive Parts,2026-02-19,paid,2026-02-27,2026-02,41.4,0.122,False
PO000190,SUP0016,PRD0133,2025-05-02,400,8.15,USD,3260.0,fulfilled,"Sanchez, Ford and Nelson",Mexico,67.6,PACK-Apply-133,Packaging,2025-05-05,paid,2025-05-15,2025-05,35.3,0.115,False
PO000191,SUP0030,PRD0027,2025-05-18,387,3039.04,USD,1176108.48,fulfilled,Stanton-Gill,Indonesia,60.5,TEXT-Difficult-27,Textiles,2025-05-31,paid,2025-06-26,2025-05,44.2,0.119,False
PO000192,SUP0002,PRD0078,2026-02-25,174,276.42,USD,48097.08,fulfilled,Rhodes PLC,Germany,87.8,AUTO-Level-78,Automotive Parts,2026-03-01,paid,2026-04-04,2026-02,14.4,0.047,False
PO000193,SUP0005,PRD0023,2025-02-20,802,1134.45,USD,909828.9,fulfilled,Cole LLC,Mexico,58.0,MACH-Economy-23,Machinery,2025-02-24,paid,2025-03-29,2025-02,42.0,0.104,False
PO000194,SUP0026,PRD0148,2025-10-28,275,76.72,USD,21098.0,fulfilled,James-Ferrell,Egypt,85.3,FOOD-Author-148,Food & Beverage,2025-11-10,paid,2025-12-23,2025-10,51.4,0.157,False
PO000195,SUP0027,PRD0016,2025-08-27,791,743.13,USD,587815.83,fulfilled,"Valencia, Smith and Le",Vietnam,70.4,CHEM-Author-16,Chemicals,2025-09-08,pending,,2025-08,42.4,0.113,False
PO000196,SUP0006,PRD0103,2024-10-21,279,2.32,USD,647.28,fulfilled,Blake and Sons,China,58.0,AUTO-Community-103,Automotive Parts,2024-11-01,paid,2024-11-11,2024-10,31.4,0.103,False
PO000197,SUP0001,PRD0087,2025-10-29,277,180.83,USD,50089.91,cancelled,"Rodriguez, Figueroa and Sanchez",South Korea,74.7,MACH-Think-87,Machinery,,,,2025-10,18.1,0.098,False
PO000198,SUP0030,PRD0091,2024-11-16,432,2.66,USD,1149.12,open,Stanton-Gill,Indonesia,60.5,FOOD-Some-91,Food & Beverage,2024-11-30,paid,2024-12-10,2024-11,40.4,0.073,False
PO000199,SUP0022,PRD0066,2025-09-10,210,241.54,USD,50723.4,fulfilled,Burgess-Patterson,Pakistan,79.0,TEXT-Customer-66,Textiles,2025-09-23,pending,,2025-09,69.5,0.302,False
PO000200,SUP0011,PRD0075,2026-09-03,445,465.56,USD,207174.2,fulfilled,"Montgomery, Hensley and Ray",Indonesia,56.0,TEXT-Two-75,Textiles,2026-09-09,paid,2026-09-19,2026-09,43.7,0.09,False
PO000201,SUP0038,PRD0016,2026-08-15,432,3.14,USD,1356.48,cancelled,Rose-Obrien,South Africa,61.5,CHEM-Author-16,Chemicals,,,,2026-08,53.0,0.242,False
PO000202,SUP0001,PRD0139,2025-11-09,140,25.33,USD,3546.2,fulfilled,"Rodriguez, Figueroa and Sanchez",South Korea,74.7,FOOD-Nice-139,Food & Beverage,2025-11-19,paid,2025-12-05,2025-11,26.0,0.073,False
PO000203,SUP0020,PRD0028,2026-01-21,202,163.41,USD,33008.82,fulfilled,Lewis-Porter,Pakistan,59.2,AUTO-Notice-28,Automotive Parts,2026-01-27,pending,,2026-01,64.1,0.172,False
PO000204,SUP0021,PRD0064,2025-03-14,88,129.85,USD,11426.8,open,"Ellis, Baker and Wright",India,80.5,AUTO-Energy-64,Automotive Parts,2025-03-22,paid,2025-04-28,2025-03,29.9,0.104,False
PO000205,SUP0011,PRD0058,2026-05-04,540,205.51,USD,110975.4,fulfilled,"Montgomery, Hensley and Ray",Indonesia,56.0,AUTO-Interesting-58,Automotive Parts,2026-05-14,pending,,2026-05,50.4,0.108,False
PO000206,SUP0037,PRD0118,2026-05-21,72,99.42,USD,7158.24,fulfilled,"Cannon, Anderson and Alvarez",United States,65.1,CHEM-Recently-118,Chemicals,2026-05-24,paid,2026-06-05,2026-05,13.4,0.028,False
PO000207,SUP0026,PRD0074,2026-01-28,99,27.06,USD,2678.94,fulfilled,James-Ferrell,Egypt,85.3,MACH-Enjoy-74,Machinery,2026-02-11,paid,2026-02-21,2026-01,52.0,0.187,False
PO000208,SUP0015,PRD0148,2024-12-23,280,2.32,USD,649.6,fulfilled,"Zuniga, Wong and Lynch",India,76.1,FOOD-Author-148,Food & Beverage,2024-12-31,pending,,2024-12,41.3,0.09,False
PO000209,SUP0032,PRD0010,2025-03-18,431,3.05,USD,1314.55,fulfilled,"Lynch, Hernandez and Farmer",Vietnam,57.2,CHEM-Account-10,Chemicals,2025-03-30,overdue,,2025-03,42.0,0.108,False
PO000210,SUP0008,PRD0102,2024-11-15,218,3298.74,USD,719125.32,fulfilled,Davis Inc,Pakistan,69.7,TEXT-Artist-102,Textiles,2024-11-20,paid,2025-01-02,2024-11,59.6,0.179,False
PO000211,SUP0031,PRD0024,2025-04-07,197,387.57,USD,76351.29,fulfilled,Harrell LLC,Brazil,87.2,MACH-Family-24,Machinery,2025-04-16,paid,2025-05-05,2025-04,48.7,0.171,False
PO000212,SUP0031,PRD0147,2025-11-04,86,975.64,USD,83905.04,open,Harrell LLC,Brazil,87.2,FURN-Physical-147,Furniture,2025-11-09,pending,,2025-11,52.5,0.164,False
PO000213,SUP0036,PRD0049,2024-09-30,80,5.01,USD,400.8,fulfilled,Dennis Inc,South Korea,60.1,AUTO-Manage-49,Automotive Parts,2024-10-14,paid,2024-11-07,2024-09,,,
PO000214,SUP0021,PRD0097,2026-02-14,117,1296.74,USD,151718.58,fulfilled,"Ellis, Baker and Wright",India,80.5,ELEC-Medical-97,Electronics,2026-02-27,paid,2026-04-12,2026-02,41.4,0.122,False
PO000215,SUP0002,PRD0111,2026-02-16,73,108.62,USD,7929.26,fulfilled,Rhodes PLC,Germany,87.8,PACK-Look-111,Packaging,2026-02-23,paid,2026-04-06,2026-02,14.4,0.047,False
PO000216,SUP0013,PRD0021,2025-06-12,309,2358.96,USD,728918.64,fulfilled,Delacruz Group,Germany,77.3,MACH-Avoid-21,Machinery,2025-06-20,overdue,,2025-06,18.5,0.04,False
PO000217,SUP0019,PRD0124,2025-04-27,169,215.65,USD,36444.85,fulfilled,Clark PLC,Germany,69.9,ELEC-Director-124,Electronics,2025-05-07,paid,2025-06-19,2025-04,9.6,0.04,False
PO000218,SUP0019,PRD0105,2026-07-01,695,1055.8,USD,733781.0,fulfilled,Clark PLC,Germany,69.9,FOOD-Able-105,Food & Beverage,2026-07-09,paid,2026-08-21,2026-07,12.9,0.032,False
PO000219,SUP0005,PRD0103,2024-10-26,150,39.14,USD,5871.0,fulfilled,Cole LLC,Mexico,58.0,AUTO-Community-103,Automotive Parts,2024-11-09,paid,2024-12-04,2024-10,37.9,0.124,False
PO000220,SUP0008,PRD0114,2025-06-06,550,2.33,USD,1281.5,fulfilled,Davis Inc,Pakistan,69.7,FOOD-Same-114,Food & Beverage,2025-06-13,pending,,2025-06,67.0,0.252,True
PO000221,SUP0028,PRD0048,2025-09-17,87,582.32,USD,50661.84,fulfilled,"Potter, Mack and Peterson",Germany,88.1,FOOD-Item-48,Food & Beverage,2025-09-28,paid,2025-10-21,2025-09,10.4,0.045,False
PO000222,SUP0001,PRD0073,2026-08-23,108,389.05,USD,42017.4,cancelled,"Rodriguez, Figueroa and Sanchez",South Korea,74.7,PACK-Maintain-73,Packaging,,,,2026-08,29.1,0.075,False
PO000223,SUP0010,PRD0052,2025-11-10,223,22.98,USD,5124.54,fulfilled,"Martinez, Nielsen and Miller",Egypt,43.6,CHEM-Arm-52,Chemicals,2025-11-11,paid,2025-11-20,2025-11,57.4,0.196,False
PO000224,SUP0035,PRD0095,2025-10-27,122,972.62,USD,118659.64,fulfilled,Allen PLC,Brazil,54.5,PACK-Investment-95,Packaging,2025-10-29,paid,2025-12-11,2025-10,53.8,0.155,False
PO000225,SUP0030,PRD0141,2026-06-22,61,248.2,USD,15140.2,fulfilled,Stanton-Gill,Indonesia,60.5,CHEM-Art-141,Chemicals,2026-06-27,paid,2026-07-27,2026-06,47.0,0.089,False
PO000226,SUP0012,PRD0042,2025-10-09,147,1165.71,USD,171359.37,fulfilled,Stanley LLC,Japan,60.6,TEXT-Between-42,Textiles,2025-10-18,paid,2025-11-07,2025-10,16.9,0.047,False
PO000227,SUP0006,PRD0053,2026-02-18,127,2.41,USD,306.07,fulfilled,Blake and Sons,China,58.0,PACK-Report-53,Packaging,2026-02-28,overdue,,2026-02,24.0,0.108,False
PO000228,SUP0009,PRD0103,2025-04-12,204,1100.95,USD,224593.8,fulfilled,Munoz-Roman,United States,66.0,AUTO-Community-103,Automotive Parts,2025-04-13,paid,2025-05-07,2025-04,12.4,0.029,False
PO000229,SUP0027,PRD0079,2026-03-01,292,1166.67,USD,340667.64,fulfilled,"Valencia, Smith and Le",Vietnam,70.4,FOOD-System-79,Food & Beverage,2026-03-09,paid,2026-04-21,2026-03,43.7,0.122,False
PO000230,SUP0017,PRD0019,2025-10-11,262,2300.95,USD,602848.9,fulfilled,"Hawkins, Cohen and Cameron",Nigeria,42.8,PACK-Trade-19,Packaging,2025-10-14,paid,2025-11-01,2025-10,67.8,0.34,False
PO000231,SUP0010,PRD0015,2024-10-08,138,2.73,USD,376.74,fulfilled,"Martinez, Nielsen and Miller",Egypt,43.6,TEXT-Drop-15,Textiles,2024-10-17,pending,,2024-10,57.4,0.226,False
PO000232,SUP0035,PRD0074,2025-04-20,146,2.59,USD,378.14,fulfilled,Allen PLC,Brazil,54.5,MACH-Enjoy-74,Machinery,2025-04-23,overdue,,2025-04,50.9,0.162,False
PO000233,SUP0033,PRD0036,2026-02-04,960,161.63,USD,155164.8,fulfilled,"Sellers, George and Burns",China,78.7,ELEC-Eight-36,Electronics,2026-02-15,paid,2026-03-27,2026-02,37.8,0.067,False
PO000234,SUP0018,PRD0075,2025-11-26,1549,17.44,USD,27014.56,fulfilled,Underwood LLC,Philippines,54.2,TEXT-Two-75,Textiles,2025-11-29,overdue,,2025-11,53.3,0.127,False
PO000235,SUP0010,PRD0019,2026-08-14,41,21.99,USD,901.59,fulfilled,"Martinez, Nielsen and Miller",Egypt,43.6,PACK-Trade-19,Packaging,2026-08-26,pending,,2026-08,53.4,0.16,False
PO000236,SUP0037,PRD0136,2026-05-20,253,2.35,USD,594.55,open,"Cannon, Anderson and Alvarez",United States,65.1,AUTO-Morning-136,Automotive Parts,2026-05-30,paid,2026-06-10,2026-05,13.4,0.028,False
PO000237,SUP0026,PRD0073,2026-07-25,272,835.64,USD,227294.08,fulfilled,James-Ferrell,Egypt,85.3,PACK-Maintain-73,Packaging,2026-07-26,overdue,,2026-07,50.7,0.201,False
PO000238,SUP0022,PRD0067,2024-09-05,323,2.88,USD,930.24,fulfilled,Burgess-Patterson,Pakistan,79.0,FURN-Not-67,Furniture,2024-09-14,paid,2024-10-28,2024-09,,,
PO000239,SUP0013,PRD0093,2026-04-20,30,10.16,USD,304.8,fulfilled,Delacruz Group,Germany,77.3,TEXT-Economic-93,Textiles,2026-04-27,paid,2026-06-07,2026-04,12.5,0.043,False
PO000240,SUP0021,PRD0136,2025-06-15,182,171.06,USD,31132.92,fulfilled,"Ellis, Baker and Wright",India,80.5,AUTO-Morning-136,Automotive Parts,2025-06-17,paid,2025-07-20,2025-06,35.0,0.09,False
PO000241,SUP0009,PRD0075,2024-12-13,244,143.02,USD,34896.88,fulfilled,Munoz-Roman,United States,66.0,TEXT-Two-75,Textiles,2024-12-25,overdue,,2024-12,10.0,0.031,False
PO000242,SUP0012,PRD0046,2026-05-20,59,237.52,USD,14013.68,fulfilled,Stanley LLC,Japan,60.6,FOOD-Health-46,Food & Beverage,2026-05-31,paid,2026-07-12,2026-05,15.6,0.066,False
PO000243,SUP0036,PRD0133,2024-12-31,257,3.75,USD,963.75,open,Dennis Inc,South Korea,60.1,PACK-Apply-133,Packaging,2025-01-02,paid,2025-01-21,2024-12,26.8,0.062,False
PO000244,SUP0004,PRD0144,2026-03-22,306,1294.08,USD,395988.48,fulfilled,"Johnson, Gonzalez and Santos",Mexico,76.5,FURN-Today-144,Furniture,2026-04-04,overdue,,2026-03,32.4,0.136,False
PO000245,SUP0019,PRD0070,2025-07-11,175,2357.61,USD,412581.75,fulfilled,Clark PLC,Germany,69.9,PACK-Knowledge-70,Packaging,2025-07-15,paid,2025-08-02,2025-07,13.9,0.036,False
PO000246,SUP0016,PRD0143,2026-04-06,313,6.13,USD,1918.69,fulfilled,"Sanchez, Ford and Nelson",Mexico,67.6,TEXT-Be-143,Textiles,2026-04-11,pending,,2026-04,41.0,0.106,False
PO000247,SUP0040,PRD0076,2025-03-22,417,460.99,USD,192232.83,cancelled,"Santos, Kim and Holmes",Turkey,71.1,PACK-Wind-76,Packaging,,,,2025-03,58.0,0.235,False
PO000248,SUP0001,PRD0032,2026-04-19,406,2971.61,USD,1206473.66,fulfilled,"Rodriguez, Figueroa and Sanchez",South Korea,74.7,FURN-Us-32,Furniture,2026-05-02,paid,2026-05-12,2026-04,15.1,0.06,False
PO000249,SUP0036,PRD0041,2025-03-23,106,2.32,USD,245.92,fulfilled,Dennis Inc,South Korea,60.1,PACK-Customer-41,Packaging,2025-03-26,paid,2025-04-20,2025-03,27.0,0.071,False
PO000250,SUP0026,PRD0007,2025-01-16,89,1565.49,USD,139328.61,fulfilled,James-Ferrell,Egypt,85.3,TEXT-Drug-7,Textiles,2025-01-28,paid,2025-02-21,2025-01,61.6,0.192,False
PO000251,SUP0005,PRD0016,2025-02-21,459,69.65,USD,31969.35,fulfilled,Cole LLC,Mexico,58.0,CHEM-Author-16,Chemicals,2025-03-03,pending,,2025-02,42.0,0.104,False
PO000252,SUP0010,PRD0066,2025-02-21,137,1112.87,USD,152463.19,fulfilled,"Martinez, Nielsen and Miller",Egypt,43.6,TEXT-Customer-66,Textiles,2025-02-23,paid,2025-03-25,2025-02,50.8,0.226,False
PO000253,SUP0009,PRD0035,2026-01-31,342,2.56,USD,875.52,cancelled,Munoz-Roman,United States,66.0,MACH-Material-35,Machinery,,,,2026-01,12.6,0.038,True
PO000254,SUP0019,PRD0096,2025-03-26,289,18.7,USD,5404.3,open,Clark PLC,Germany,69.9,CHEM-Mention-96,Chemicals,2025-03-27,paid,2025-04-01,2025-03,5.0,0.033,False
PO000255,SUP0001,PRD0097,2026-01-30,275,3042.57,USD,836706.75,open,"Rodriguez, Figueroa and Sanchez",South Korea,74.7,ELEC-Medical-97,Electronics,2026-02-13,paid,2026-02-27,2026-01,25.8,0.073,False
PO000256,SUP0034,PRD0111,2025-05-09,230,39.11,USD,8995.3,cancelled,Koch-Decker,India,69.9,PACK-Look-111,Packaging,,,,2025-05,48.1,0.128,False
PO000257,SUP0008,PRD0105,2025-01-24,233,322.51,USD,75144.83,fulfilled,Davis Inc,Pakistan,69.7,FOOD-Able-105,Food & Beverage,2025-01-27,paid,2025-02-02,2025-01,61.9,0.24,False
PO000258,SUP0014,PRD0066,2026-08-21,296,358.56,USD,106133.76,open,"Flowers, Martin and Kelly",United States,46.7,TEXT-Customer-66,Textiles,2026-08-25,overdue,,2026-08,9.6,0.02,False
PO000259,SUP0029,PRD0049,2026-03-17,268,129.18,USD,34620.24,fulfilled,Chavez Ltd,Poland,66.3,AUTO-Manage-49,Automotive Parts,2026-03-30,paid,2026-04-26,2026-03,19.5,0.073,False
PO000260,SUP0013,PRD0139,2024-09-15,118,16.46,USD,1942.28,fulfilled,Delacruz Group,Germany,77.3,FOOD-Nice-139,Food & Beverage,2024-09-16,paid,2024-10-06,2024-09,,,
PO000261,SUP0032,PRD0063,2025-08-16,203,3.06,USD,621.18,fulfilled,"Lynch, Hernandez and Farmer",Vietnam,57.2,AUTO-Boy-63,Automotive Parts,2025-08-25,pending,,2025-08,38.8,0.131,False
PO000262,SUP0008,PRD0007,2025-11-24,58,137.39,USD,7968.62,fulfilled,Davis Inc,Pakistan,69.7,TEXT-Drug-7,Textiles,2025-12-04,pending,,2025-11,68.2,0.133,False
PO000263,SUP0037,PRD0141,2025-09-26,32,165.67,USD,5301.44,fulfilled,"Cannon, Anderson and Alvarez",United States,65.1,CHEM-Art-141,Chemicals,2025-10-07,pending,,2025-09,8.2,0.017,False
PO000264,SUP0001,PRD0119,2025-12-10,720,753.95,USD,542844.0,fulfilled,"Rodriguez, Figueroa and Sanchez",South Korea,74.7,TEXT-Serious-119,Textiles,2025-12-14,paid,2026-01-18,2025-12,22.1,0.084,False
PO000265,SUP0021,PRD0005,2026-04-22,225,26.82,USD,6034.5,open,"Ellis, Baker and Wright",India,80.5,TEXT-Per-5,Textiles,2026-04-24,paid,2026-05-16,2026-04,39.7,0.087,False
PO000266,SUP0012,PRD0150,2024-10-14,229,5.12,USD,1172.48,open,Stanley LLC,Japan,60.6,TEXT-Training-150,Textiles,2024-10-22,paid,2024-10-28,2024-10,15.5,0.052,False
PO000267,SUP0025,PRD0058,2026-05-04,449,35.19,USD,15800.31,fulfilled,Conner Group,Bangladesh,77.2,AUTO-Interesting-58,Automotive Parts,2026-05-13,paid,2026-06-08,2026-05,51.6,0.176,False
PO000268,SUP0015,PRD0094,2025-05-25,140,29.94,USD,4191.6,fulfilled,"Zuniga, Wong and Lynch",India,76.1,MACH-Compare-94,Machinery,2025-06-04,paid,2025-07-17,2025-05,43.1,0.138,False
PO000269,SUP0037,PRD0132,2026-09-01,725,1328.76,USD,963351.0,fulfilled,"Cannon, Anderson and Alvarez",United States,65.1,CHEM-Art-132,Chemicals,2026-09-14,pending,,2026-09,10.7,0.043,False
PO000270,SUP0024,PRD0016,2025-12-18,53,425.22,USD,22536.66,fulfilled,Campos Inc,Mexico,79.6,CHEM-Author-16,Chemicals,2025-12-21,paid,2026-01-12,2025-12,41.5,0.121,False
PO000271,SUP0023,PRD0091,2026-05-01,205,5.63,USD,1154.15,fulfilled,Robinson-Bright,Indonesia,70.0,FOOD-Some-91,Food & Beverage,2026-05-06,paid,2026-06-18,2026-05,47.6,0.133,False
PO000272,SUP0029,PRD0079,2026-07-05,722,45.01,USD,32497.22,cancelled,Chavez Ltd,Poland,66.3,FOOD-System-79,Food & Beverage,,,,2026-07,30.5,0.116,False
PO000273,SUP0033,PRD0100,2025-05-04,928,16.55,USD,15358.4,fulfilled,"Sellers, George and Burns",China,78.7,TEXT-Institution-100,Textiles,2025-05-18,overdue,,2025-05,29.6,0.085,False
PO000274,SUP0020,PRD0133,2025-07-21,56,255.13,USD,14287.28,fulfilled,Lewis-Porter,Pakistan,59.2,PACK-Apply-133,Packaging,2025-07-28,paid,2025-08-12,2025-07,65.6,0.136,False
PO000275,SUP0016,PRD0112,2025-09-24,223,125.57,USD,28002.11,fulfilled,"Sanchez, Ford and Nelson",Mexico,67.6,FURN-Feeling-112,Furniture,2025-10-03,paid,2025-10-13,2025-09,39.7,0.136,False
PO000276,SUP0028,PRD0034,2025-10-30,96,251.88,USD,24180.48,fulfilled,"Potter, Mack and Peterson",Germany,88.1,CHEM-Part-34,Chemicals,2025-11-05,paid,2025-11-30,2025-10,14.8,0.032,False
PO000277,SUP0009,PRD0136,2026-03-10,408,5505.29,USD,2246158.32,fulfilled,Munoz-Roman,United States,66.0,AUTO-Morning-136,Automotive Parts,2026-03-16,paid,2026-03-26,2026-03,18.9,0.021,False
PO000278,SUP0010,PRD0133,2026-01-28,136,763.64,USD,103855.04,fulfilled,"Martinez, Nielsen and Miller",Egypt,43.6,PACK-Apply-133,Packaging,2026-02-10,paid,2026-02-25,2026-01,57.0,0.183,False
PO000279,SUP0031,PRD0059,2025-04-17,63,1042.66,USD,65687.58,fulfilled,Harrell LLC,Brazil,87.2,FOOD-Should-59,Food & Beverage,2025-04-23,pending,,2025-04,48.7,0.171,False
PO000280,SUP0015,PRD0082,2025-04-26,200,2.35,USD,470.0,fulfilled,"Zuniga, Wong and Lynch",India,76.1,AUTO-Oil-82,Automotive Parts,2025-05-03,paid,2025-06-01,2025-04,38.5,0.117,False
PO000281,SUP0037,PRD0114,2024-12-21,654,7.41,USD,4846.14,fulfilled,"Cannon, Anderson and Alvarez",United States,65.1,FOOD-Same-114,Food & Beverage,2024-12-25,paid,2025-01-07,2024-12,8.1,0.015,False
PO000282,SUP0008,PRD0102,2026-07-02,577,90.21,USD,52051.17,fulfilled,Davis Inc,Pakistan,69.7,TEXT-Artist-102,Textiles,2026-07-15,paid,2026-08-04,2026-07,61.8,0.257,False
PO000283,SUP0015,PRD0133,2025-09-15,441,1480.02,USD,652688.82,fulfilled,"Zuniga, Wong and Lynch",India,76.1,PACK-Apply-133,Packaging,2025-09-18,paid,2025-10-23,2025-09,37.6,0.105,False
PO000284,SUP0005,PRD0066,2026-04-13,158,13.45,USD,2125.1,fulfilled,Cole LLC,Mexico,58.0,TEXT-Customer-66,Textiles,2026-04-23,paid,2026-05-24,2026-04,35.6,0.124,False
PO000285,SUP0022,PRD0132,2026-02-01,107,103.69,USD,11094.83,cancelled,Burgess-Patterson,Pakistan,79.0,CHEM-Art-132,Chemicals,,,,2026-02,66.6,0.204,False
PO000286,SUP0012,PRD0114,2024-10-29,210,176.31,USD,37025.1,open,Stanley LLC,Japan,60.6,FOOD-Same-114,Food & Beverage,2024-11-06,paid,2024-11-14,2024-10,15.5,0.052,False
PO000287,SUP0015,PRD0048,2026-05-24,221,470.95,USD,104079.95,fulfilled,"Zuniga, Wong and Lynch",India,76.1,FOOD-Item-48,Food & Beverage,2026-06-05,paid,2026-07-19,2026-05,31.4,0.069,False
PO000288,SUP0026,PRD0097,2025-06-19,25,1617.68,USD,40442.0,fulfilled,James-Ferrell,Egypt,85.3,ELEC-Medical-97,Electronics,2025-07-01,paid,2025-07-06,2025-06,53.2,0.177,False
PO000289,SUP0032,PRD0038,2026-07-19,323,7.83,USD,2529.09,cancelled,"Lynch, Hernandez and Farmer",Vietnam,57.2,ELEC-Material-38,Electronics,,,,2026-07,45.3,0.105,False
PO000290,SUP0006,PRD0067,2024-10-01,326,294.32,USD,95948.32,fulfilled,Blake and Sons,China,58.0,FURN-Not-67,Furniture,2024-10-10,paid,2024-11-14,2024-10,31.4,0.103,False
PO000291,SUP0025,PRD0147,2025-05-24,128,118.81,USD,15207.68,fulfilled,Conner Group,Bangladesh,77.2,FURN-Physical-147,Furniture,2025-06-02,overdue,,2025-05,60.0,0.182,False
PO000292,SUP0030,PRD0020,2026-03-29,52,301.53,USD,15679.56,fulfilled,Stanton-Gill,Indonesia,60.5,FOOD-Give-20,Food & Beverage,2026-04-07,paid,2026-04-14,2026-03,43.1,0.125,False
PO000293,SUP0022,PRD0023,2024-10-21,251,9.21,USD,2311.71,fulfilled,Burgess-Patterson,Pakistan,79.0,MACH-Economy-23,Machinery,2024-10-24,pending,,2024-10,63.4,0.24,False
PO000294,SUP0025,PRD0066,2026-03-13,1142,303.92,USD,347076.64,cancelled,Conner Group,Bangladesh,77.2,TEXT-Customer-66,Textiles,,,,2026-03,48.7,0.12,False
PO000295,SUP0006,PRD0026,2025-01-22,395,827.73,USD,326953.35,fulfilled,Blake and Sons,China,58.0,PACK-Mention-26,Packaging,2025-01-26,pending,,2025-01,26.5,0.063,False
PO000296,SUP0040,PRD0040,2025-03-10,378,76.72,USD,29000.16,cancelled,"Santos, Kim and Holmes",Turkey,71.1,FURN-Investment-40,Furniture,,,,2025-03,58.0,0.235,False
PO000297,SUP0012,PRD0067,2024-11-03,78,349.94,USD,27295.32,fulfilled,Stanley LLC,Japan,60.6,FURN-Not-67,Furniture,2024-11-06,paid,2024-12-09,2024-11,21.0,0.049,False
PO000298,SUP0033,PRD0027,2025-07-06,524,294.06,USD,154087.44,fulfilled,"Sellers, George and Burns",China,78.7,TEXT-Difficult-27,Textiles,2025-07-15,paid,2025-07-20,2025-07,31.0,0.088,False
PO000299,SUP0010,PRD0035,2026-01-29,170,323.95,USD,55071.5,fulfilled,"Martinez, Nielsen and Miller",Egypt,43.6,MACH-Material-35,Machinery,2026-02-07,paid,2026-02-14,2026-01,57.0,0.183,False
PO000300,SUP0031,PRD0106,2025-10-23,251,8.46,USD,2123.46,fulfilled,Harrell LLC,Brazil,87.2,AUTO-In-106,Automotive Parts,2025-10-27,paid,2025-11-25,2025-10,42.5,0.182,False
PO000301,SUP0022,PRD0035,2024-12-08,417,5.7,USD,2376.9,cancelled,Burgess-Patterson,Pakistan,79.0,MACH-Material-35,Machinery,,,,2024-12,71.8,0.224,True
PO000302,SUP0001,PRD0017,2025-04-25,346,698.94,USD,241833.24,fulfilled,"Rodriguez, Figueroa and Sanchez",South Korea,74.7,TEXT-Western-17,Textiles,2025-05-03,paid,2025-06-14,2025-04,19.9,0.077,False
PO000303,SUP0023,PRD0040,2025-08-17,369,160.83,USD,59346.27,fulfilled,Robinson-Bright,Indonesia,70.0,FURN-Investment-40,Furniture,2025-08-23,pending,,2025-08,42.7,0.186,False
PO000304,SUP0010,PRD0079,2025-05-27,202,606.38,USD,122488.76,fulfilled,"Martinez, Nielsen and Miller",Egypt,43.6,FOOD-System-79,Food & Beverage,2025-06-07,overdue,,2025-05,54.0,0.191,False
PO000305,SUP0036,PRD0084,2026-01-15,1087,1758.97,USD,1912000.39,fulfilled,Dennis Inc,South Korea,60.1,PACK-Apply-84,Packaging,2026-01-27,paid,2026-02-10,2026-01,24.1,0.074,False
PO000306,SUP0023,PRD0031,2025-03-25,764,9.73,USD,7433.72,fulfilled,Robinson-Bright,Indonesia,70.0,FOOD-Worry-31,Food & Beverage,2025-04-01,paid,2025-04-26,2025-03,53.4,0.082,False
PO000307,SUP0032,PRD0040,2026-08-23,80,62.38,USD,4990.4,fulfilled,"Lynch, Hernandez and Farmer",Vietnam,57.2,FURN-Investment-40,Furniture,2026-08-25,paid,2026-09-28,2026-08,45.2,0.147,False
PO000308,SUP0004,PRD0106,2025-04-01,127,2.35,USD,298.45,fulfilled,"Johnson, Gonzalez and Santos",Mexico,76.5,AUTO-In-106,Automotive Parts,2025-04-02,paid,2025-05-05,2025-04,38.1,0.127,False
PO000309,SUP0028,PRD0068,2024-12-11,247,436.26,USD,107756.22,open,"Potter, Mack and Peterson",Germany,88.1,FURN-List-68,Furniture,2024-12-19,paid,2025-01-04,2024-12,10.2,0.038,False
PO000310,SUP0002,PRD0102,2026-07-15,438,2837.42,USD,1242789.96,fulfilled,Rhodes PLC,Germany,87.8,TEXT-Artist-102,Textiles,2026-07-19,paid,2026-07-28,2026-07,19.8,0.037,False
PO000311,SUP0006,PRD0117,2026-04-11,252,2.34,USD,589.68,fulfilled,Blake and Sons,China,58.0,CHEM-Only-117,Chemicals,2026-04-14,paid,2026-05-19,2026-04,27.5,0.096,False
PO000312,SUP0019,PRD0122,2025-12-26,62,266.9,USD,16547.8,fulfilled,Clark PLC,Germany,69.9,CHEM-Customer-122,Chemicals,2026-01-02,overdue,,2025-12,13.8,0.044,False
PO000313,SUP0001,PRD0075,2026-01-20,1076,2.31,USD,2485.56,cancelled,"Rodriguez, Figueroa and Sanchez",South Korea,74.7,TEXT-Two-75,Textiles,,,,2026-01,25.8,0.073,False
PO000314,SUP0035,PRD0057,2024-12-14,118,2081.24,USD,245586.32,fulfilled,Allen PLC,Brazil,54.5,CHEM-Ask-57,Chemicals,2024-12-27,pending,,2024-12,55.3,0.177,False
PO000315,SUP0001,PRD0015,2025-07-01,508,19.06,USD,9682.48,fulfilled,"Rodriguez, Figueroa and Sanchez",South Korea,74.7,TEXT-Drop-15,Textiles,2025-07-14,paid,2025-07-24,2025-07,19.1,0.063,False
PO000316,SUP0004,PRD0076,2026-02-10,168,2.51,USD,421.68,fulfilled,"Johnson, Gonzalez and Santos",Mexico,76.5,PACK-Wind-76,Packaging,2026-02-19,pending,,2026-02,43.0,0.144,False
PO000317,SUP0030,PRD0140,2024-11-05,176,3.29,USD,579.04,fulfilled,Stanton-Gill,Indonesia,60.5,FURN-Coach-140,Furniture,2024-11-16,paid,2024-12-26,2024-11,40.4,0.073,False
PO000318,SUP0034,PRD0076,2026-08-01,105,271.14,USD,28469.7,cancelled,Koch-Decker,India,69.9,PACK-Wind-76,Packaging,,,,2026-08,36.4,0.093,False
PO000319,SUP0009,PRD0057,2024-12-22,1584,1788.42,USD,2832857.28,fulfilled,Munoz-Roman,United States,66.0,CHEM-Ask-57,Chemicals,2024-12-31,paid,2025-02-09,2024-12,10.0,0.031,False
PO000320,SUP0026,PRD0058,2025-04-16,179,433.26,USD,77553.54,fulfilled,James-Ferrell,Egypt,85.3,AUTO-Interesting-58,Automotive Parts,2025-04-21,pending,,2025-04,48.3,0.222,False
PO000321,SUP0015,PRD0093,2025-04-25,754,840.24,USD,633540.96,fulfilled,"Zuniga, Wong and Lynch",India,76.1,TEXT-Economic-93,Textiles,2025-05-08,paid,2025-05-31,2025-04,38.5,0.117,False
PO000322,SUP0039,PRD0147,2026-08-17,133,2.47,USD,328.51,fulfilled,"Campos, Vaughn and Marquez",South Korea,62.6,FURN-Physical-147,Furniture,2026-08-24,paid,2026-09-08,2026-08,22.7,0.076,False
PO000323,SUP0021,PRD0016,2026-08-26,113,196.91,USD,22250.83,fulfilled,"Ellis, Baker and Wright",India,80.5,CHEM-Author-16,Chemicals,2026-09-06,paid,2026-10-20,2026-08,39.2,0.102,False
PO000324,SUP0036,PRD0144,2025-08-26,384,94.34,USD,36226.56,fulfilled,Dennis Inc,South Korea,60.1,FURN-Today-144,Furniture,2025-08-30,pending,,2025-08,23.0,0.072,False
PO000325,SUP0010,PRD0122,2024-10-28,244,162.7,USD,39698.8,open,"Martinez, Nielsen and Miller",Egypt,43.6,CHEM-Customer-122,Chemicals,2024-11-07,paid,2024-12-17,2024-10,57.4,0.226,False
PO000326,SUP0017,PRD0040,2026-07-22,623,31.91,USD,19879.93,fulfilled,"Hawkins, Cohen and Cameron",Nigeria,42.8,FURN-Investment-40,Furniture,2026-08-04,paid,2026-09-12,2026-07,69.5,0.215,False
PO000327,SUP0012,PRD0034,2025-12-29,168,2604.66,USD,437582.88,open,Stanley LLC,Japan,60.6,CHEM-Part-34,Chemicals,2026-01-10,paid,2026-01-18,2025-12,7.7,0.059,False
PO000328,SUP0036,PRD0102,2025-02-09,213,480.76,USD,102401.88,open,Dennis Inc,South Korea,60.1,TEXT-Artist-102,Textiles,2025-02-21,pending,,2025-02,29.9,0.059,False
PO000329,SUP0037,PRD0041,2026-05-15,286,3.62,USD,1035.32,fulfilled,"Cannon, Anderson and Alvarez",United States,65.1,PACK-Customer-41,Packaging,2026-05-17,paid,2026-06-18,2026-05,13.4,0.028,False
PO000330,SUP0040,PRD0035,2024-12-24,526,1728.85,USD,909375.1,fulfilled,"Santos, Kim and Holmes",Turkey,71.1,MACH-Material-35,Machinery,2024-12-26,paid,2025-01-13,2024-12,58.2,0.241,False
PO000331,SUP0015,PRD0137,2024-09-12,415,2.31,USD,958.65,fulfilled,"Zuniga, Wong and Lynch",India,76.1,FOOD-Wide-137,Food & Beverage,2024-09-18,paid,2024-10-26,2024-09,,,
PO000332,SUP0036,PRD0057,2024-10-25,486,6.42,USD,3120.12,fulfilled,Dennis Inc,South Korea,60.1,CHEM-Ask-57,Chemicals,2024-11-03,pending,,2024-10,23.2,0.052,False
PO000333,SUP0010,PRD0079,2024-11-28,477,55.18,USD,26320.86,open,"Martinez, Nielsen and Miller",Egypt,43.6,FOOD-System-79,Food & Beverage,2024-12-11,paid,2024-12-28,2024-11,56.9,0.198,False
PO000334,SUP0028,PRD0043,2025-02-17,267,647.91,USD,172991.97,fulfilled,"Potter, Mack and Peterson",Germany,88.1,CHEM-Bill-43,Chemicals,2025-02-27,pending,,2025-02,10.3,0.038,False
PO000335,SUP0002,PRD0083,2026-06-03,84,1246.52,USD,104707.68,cancelled,Rhodes PLC,Germany,87.8,TEXT-Billion-83,Textiles,,,,2026-06,6.5,0.039,False
PO000336,SUP0013,PRD0139,2025-11-09,452,220.82,USD,99810.64,cancelled,Delacruz Group,Germany,77.3,FOOD-Nice-139,Food & Beverage,,,,2025-11,6.9,0.045,False
PO000337,SUP0036,PRD0005,2026-02-07,371,695.68,USD,258097.28,open,Dennis Inc,South Korea,60.1,TEXT-Per-5,Textiles,2026-02-14,pending,,2026-02,21.2,0.077,False
PO000338,SUP0023,PRD0115,2024-12-20,261,2.34,USD,610.74,open,Robinson-Bright,Indonesia,70.0,FOOD-Side-115,Food & Beverage,2024-12-27,paid,2025-01-14,2024-12,46.4,0.115,False
PO000339,SUP0002,PRD0053,2026-01-05,157,448.07,USD,70346.99,cancelled,Rhodes PLC,Germany,87.8,PACK-Report-53,Packaging,,,,2026-01,11.4,0.046,False
PO000340,SUP0021,PRD0056,2025-06-09,420,44.55,USD,18711.0,fulfilled,"Ellis, Baker and Wright",India,80.5,MACH-Billion-56,Machinery,2025-06-17,paid,2025-06-26,2025-06,35.0,0.09,False
PO000341,SUP0010,PRD0121,2024-09-06,153,3.23,USD,494.19,fulfilled,"Martinez, Nielsen and Miller",Egypt,43.6,ELEC-Clear-121,Electronics,2024-09-17,paid,2024-09-29,2024-09,,,
PO000342,SUP0039,PRD0048,2026-01-10,465,252.47,USD,117398.55,open,"Campos, Vaughn and Marquez",South Korea,62.6,FOOD-Item-48,Food & Beverage,2026-01-15,paid,2026-02-12,2026-01,21.4,0.062,False
PO000343,SUP0040,PRD0137,2026-08-31,89,724.51,USD,64481.39,fulfilled,"Santos, Kim and Holmes",Turkey,71.1,FOOD-Wide-137,Food & Beverage,2026-09-13,paid,2026-10-12,2026-08,58.2,0.17,False
PO000344,SUP0026,PRD0142,2024-09-11,280,565.79,USD,158421.2,fulfilled,James-Ferrell,Egypt,85.3,TEXT-Movie-142,Textiles,2024-09-14,paid,2024-10-16,2024-09,,,
PO000345,SUP0014,PRD0094,2026-06-01,431,3988.48,USD,1719034.88,open,"Flowers, Martin and Kelly",United States,46.7,MACH-Compare-94,Machinery,2026-06-08,overdue,,2026-06,13.5,0.033,False
PO000346,SUP0019,PRD0102,2025-02-04,81,8.92,USD,722.52,fulfilled,Clark PLC,Germany,69.9,TEXT-Artist-102,Textiles,2025-02-11,paid,2025-03-26,2025-02,14.6,0.049,False
PO000347,SUP0030,PRD0036,2025-10-27,252,1138.97,USD,287020.44,fulfilled,Stanton-Gill,Indonesia,60.5,ELEC-Eight-36,Electronics,2025-10-28,paid,2025-12-06,2025-10,41.1,0.128,False
PO000348,SUP0022,PRD0015,2026-08-24,294,458.15,USD,134696.1,open,Burgess-Patterson,Pakistan,79.0,TEXT-Drop-15,Textiles,2026-09-01,paid,2026-09-15,2026-08,59.3,0.25,False
PO000349,SUP0021,PRD0091,2024-09-17,704,6.62,USD,4660.48,fulfilled,"Ellis, Baker and Wright",India,80.5,FOOD-Some-91,Food & Beverage,2024-09-29,paid,2024-11-01,2024-09,,,
PO000350,SUP0004,PRD0112,2025-10-03,167,567.4,USD,94755.8,fulfilled,"Johnson, Gonzalez and Santos",Mexico,76.5,FURN-Feeling-112,Furniture,2025-10-06,overdue,,2025-10,35.5,0.148,False
PO000351,SUP0006,PRD0028,2025-05-17,115,2.79,USD,320.85,fulfilled,Blake and Sons,China,58.0,AUTO-Notice-28,Automotive Parts,2025-05-22,paid,2025-07-01,2025-05,30.3,0.116,False
PO000352,SUP0019,PRD0148,2025-07-10,49,506.79,USD,24832.71,fulfilled,Clark PLC,Germany,69.9,FOOD-Author-148,Food & Beverage,2025-07-18,paid,2025-08-21,2025-07,13.9,0.036,False
PO000353,SUP0026,PRD0132,2025-09-28,550,222.86,USD,122573.0,fulfilled,James-Ferrell,Egypt,85.3,CHEM-Art-132,Chemicals,2025-10-06,paid,2025-11-10,2025-09,52.8,0.21,False
PO000354,SUP0010,PRD0147,2025-11-02,264,21.46,USD,5665.44,cancelled,"Martinez, Nielsen and Miller",Egypt,43.6,FURN-Physical-147,Furniture,,,,2025-11,57.4,0.196,False
PO000355,SUP0030,PRD0089,2025-05-22,189,2121.42,USD,400948.38,fulfilled,Stanton-Gill,Indonesia,60.5,ELEC-Better-89,Electronics,2025-05-28,paid,2025-07-11,2025-05,44.2,0.119,False
PO000356,SUP0019,PRD0048,2026-06-18,533,1899.53,USD,1012449.49,open,Clark PLC,Germany,69.9,FOOD-Item-48,Food & Beverage,2026-06-30,paid,2026-07-21,2026-06,9.4,0.061,False
PO000357,SUP0032,PRD0137,2024-11-30,143,76.83,USD,10986.69,fulfilled,"Lynch, Hernandez and Farmer",Vietnam,57.2,FOOD-Wide-137,Food & Beverage,2024-12-04,paid,2025-01-02,2024-11,35.4,0.102,False
PO000358,SUP0015,PRD0015,2024-11-15,384,889.99,USD,341756.16,fulfilled,"Zuniga, Wong and Lynch",India,76.1,TEXT-Drop-15,Textiles,2024-11-28,pending,,2024-11,38.1,0.084,False
PO000359,SUP0006,PRD0059,2025-03-31,130,1210.49,USD,157363.7,fulfilled,Blake and Sons,China,58.0,FOOD-Should-59,Food & Beverage,2025-04-06,pending,,2025-03,35.7,0.096,False
PO000360,SUP0004,PRD0084,2026-04-11,262,4.16,USD,1089.92,fulfilled,"Johnson, Gonzalez and Santos",Mexico,76.5,PACK-Apply-84,Packaging,2026-04-24,pending,,2026-04,37.9,0.118,False
PO000361,SUP0014,PRD0028,2025-01-15,643,26.48,USD,17026.64,fulfilled,"Flowers, Martin and Kelly",United States,46.7,AUTO-Notice-28,Automotive Parts,2025-01-24,overdue,,2025-01,13.9,0.018,False
PO000362,SUP0035,PRD0103,2026-05-04,469,908.26,USD,425973.94,fulfilled,Allen PLC,Brazil,54.5,AUTO-Community-103,Automotive Parts,2026-05-10,paid,2026-06-18,2026-05,57.2,0.171,False
PO000363,SUP0015,PRD0020,2024-11-30,237,17.77,USD,4211.49,fulfilled,"Zuniga, Wong and Lynch",India,76.1,FOOD-Give-20,Food & Beverage,2024-12-06,paid,2025-01-03,2024-11,38.1,0.084,False
PO000364,SUP0037,PRD0144,2026-01-19,181,521.88,USD,94460.28,fulfilled,"Cannon, Anderson and Alvarez",United States,65.1,FURN-Today-144,Furniture,2026-01-31,paid,2026-03-09,2026-01,22.9,0.041,False
PO000365,SUP0024,PRD0064,2026-06-29,91,517.1,USD,47056.1,fulfilled,Campos Inc,Mexico,79.6,AUTO-Energy-64,Automotive Parts,2026-07-11,paid,2026-08-20,2026-06,46.7,0.093,False
PO000366,SUP0033,PRD0091,2024-10-30,124,3150.9,USD,390711.6,open,"Sellers, George and Burns",China,78.7,FOOD-Some-91,Food & Beverage,2024-11-09,paid,2024-12-08,2024-10,32.3,0.066,False
PO000367,SUP0030,PRD0037,2024-12-15,29,2862.35,USD,83008.15,fulfilled,Stanton-Gill,Indonesia,60.5,CHEM-Still-37,Chemicals,2024-12-28,pending,,2024-12,43.5,0.102,False
PO000368,SUP0006,PRD0045,2026-01-24,221,3683.22,USD,813991.62,fulfilled,Blake and Sons,China,58.0,CHEM-Lawyer-45,Chemicals,2026-01-29,paid,2026-02-27,2026-01,23.7,0.078,False
PO000369,SUP0020,PRD0040,2024-11-10,62,1641.77,USD,101789.74,fulfilled,Lewis-Porter,Pakistan,59.2,FURN-Investment-40,Furniture,2024-11-18,paid,2024-12-04,2024-11,68.8,0.234,False
PO000370,SUP0032,PRD0044,2025-12-17,273,836.58,USD,228386.34,fulfilled,"Lynch, Hernandez and Farmer",Vietnam,57.2,MACH-Reason-44,Machinery,2025-12-22,pending,,2025-12,43.1,0.119,False
PO000371,SUP0010,PRD0147,2024-09-15,49,73.56,USD,3604.44,fulfilled,"Martinez, Nielsen and Miller",Egypt,43.6,FURN-Physical-147,Furniture,2024-09-29,paid,2024-10-04,2024-09,,,
PO000372,SUP0026,PRD0042,2024-09-11,149,10.71,USD,1595.79,fulfilled,James-Ferrell,Egypt,85.3,TEXT-Between-42,Textiles,2024-09-20,paid,2024-10-13,2024-09,,,
PO000373,SUP0004,PRD0091,2026-06-02,46,24.13,USD,1109.98,fulfilled,"Johnson, Gonzalez and Santos",Mexico,76.5,FOOD-Some-91,Food & Beverage,2026-06-08,overdue,,2026-06,35.6,0.151,False
PO000374,SUP0007,PRD0016,2025-05-21,93,680.01,USD,63240.93,fulfilled,Ramirez-Lewis,South Korea,49.8,CHEM-Author-16,Chemicals,2025-05-25,paid,2025-06-30,2025-05,24.5,0.103,False
PO000375,SUP0030,PRD0057,2025-09-28,187,324.73,USD,60724.51,fulfilled,Stanton-Gill,Indonesia,60.5,CHEM-Ask-57,Chemicals,2025-09-30,pending,,2025-09,45.1,0.109,False
PO000376,SUP0016,PRD0105,2026-06-20,130,1295.85,USD,168460.5,fulfilled,"Sanchez, Ford and Nelson",Mexico,67.6,FOOD-Able-105,Food & Beverage,2026-06-25,paid,2026-08-07,2026-06,34.6,0.109,False
PO000377,SUP0015,PRD0049,2026-07-21,134,65.55,USD,8783.7,open,"Zuniga, Wong and Lynch",India,76.1,AUTO-Manage-49,Automotive Parts,2026-07-23,paid,2026-09-02,2026-07,37.4,0.085,False
PO000378,SUP0027,PRD0139,2025-12-29,80,2846.99,USD,227759.2,fulfilled,"Valencia, Smith and Le",Vietnam,70.4,FOOD-Nice-139,Food & Beverage,2026-01-03,paid,2026-01-26,2025-12,46.5,0.058,False
PO000379,SUP0016,PRD0091,2025-07-09,741,37.16,USD,27535.56,fulfilled,"Sanchez, Ford and Nelson",Mexico,67.6,FOOD-Some-91,Food & Beverage,2025-07-20,paid,2025-08-06,2025-07,53.1,0.136,False
PO000380,SUP0030,PRD0086,2025-08-12,123,2.37,USD,291.51,fulfilled,Stanton-Gill,Indonesia,60.5,AUTO-Now-86,Automotive Parts,2025-08-18,paid,2025-08-24,2025-08,36.5,0.188,False
PO000381,SUP0019,PRD0064,2026-07-26,434,3290.0,USD,1427860.0,fulfilled,Clark PLC,Germany,69.9,AUTO-Energy-64,Automotive Parts,2026-08-09,paid,2026-09-07,2026-07,12.9,0.032,False
PO000382,SUP0030,PRD0079,2026-05-26,145,2206.7,USD,319971.5,fulfilled,Stanton-Gill,Indonesia,60.5,FOOD-System-79,Food & Beverage,2026-06-05,paid,2026-06-21,2026-05,39.8,0.126,False
PO000383,SUP0031,PRD0064,2026-03-11,392,5497.75,USD,2155118.0,cancelled,Harrell LLC,Brazil,87.2,AUTO-Energy-64,Automotive Parts,,,,2026-03,48.8,0.125,False
PO000384,SUP0035,PRD0082,2026-05-14,69,2699.04,USD,186233.76,fulfilled,Allen PLC,Brazil,54.5,AUTO-Oil-82,Automotive Parts,2026-05-18,overdue,,2026-05,57.2,0.171,False
PO000385,SUP0013,PRD0075,2025-05-23,104,117.14,USD,12182.56,fulfilled,Delacruz Group,Germany,77.3,TEXT-Two-75,Textiles,2025-06-01,paid,2025-07-10,2025-05,11.2,0.028,False
PO000386,SUP0017,PRD0065,2025-02-11,481,189.21,USD,91010.01,fulfilled,"Hawkins, Cohen and Cameron",Nigeria,42.8,FURN-Dark-65,Furniture,2025-02-17,pending,,2025-02,63.5,0.287,False
PO000387,SUP0026,PRD0057,2026-08-15,719,53.25,USD,38286.75,fulfilled,James-Ferrell,Egypt,85.3,CHEM-Ask-57,Chemicals,2026-08-18,paid,2026-08-29,2026-08,63.3,0.217,False
PO000388,SUP0032,PRD0059,2024-12-12,196,4131.36,USD,809746.56,fulfilled,"Lynch, Hernandez and Farmer",Vietnam,57.2,FOOD-Should-59,Food & Beverage,2024-12-23,paid,2025-01-08,2024-12,40.4,0.085,False
PO000389,SUP0030,PRD0095,2025-06-27,135,112.48,USD,15184.8,fulfilled,Stanton-Gill,Indonesia,60.5,PACK-Investment-95,Packaging,2025-07-11,paid,2025-07-28,2025-06,45.6,0.136,False
PO000390,SUP0025,PRD0130,2026-01-31,67,842.47,USD,56445.49,fulfilled,Conner Group,Bangladesh,77.2,MACH-Small-130,Machinery,2026-02-05,paid,2026-02-20,2026-01,60.7,0.114,False
PO000391,SUP0008,PRD0092,2024-10-15,63,2.31,USD,145.53,fulfilled,Davis Inc,Pakistan,69.7,ELEC-Time-92,Electronics,2024-10-20,pending,,2024-10,62.8,0.317,False
PO000392,SUP0037,PRD0019,2025-02-13,55,352.73,USD,19400.15,cancelled,"Cannon, Anderson and Alvarez",United States,65.1,PACK-Trade-19,Packaging,,,,2025-02,11.5,0.04,False
PO000393,SUP0006,PRD0040,2025-11-13,324,350.93,USD,113701.32,fulfilled,Blake and Sons,China,58.0,FURN-Investment-40,Furniture,2025-11-27,paid,2026-01-05,2025-11,21.8,0.072,False
PO000394,SUP0021,PRD0064,2026-04-13,45,13.36,USD,601.2,fulfilled,"Ellis, Baker and Wright",India,80.5,AUTO-Energy-64,Automotive Parts,2026-04-21,paid,2026-05-07,2026-04,39.7,0.087,False
PO000395,SUP0034,PRD0066,2026-04-07,645,1456.78,USD,939623.1,cancelled,Koch-Decker,India,69.9,TEXT-Customer-66,Textiles,,,,2026-04,31.2,0.068,True
PO000396,SUP0009,PRD0122,2024-11-01,314,2130.46,USD,668964.44,fulfilled,Munoz-Roman,United States,66.0,CHEM-Customer-122,Chemicals,2024-11-03,pending,,2024-11,5.0,0.028,False
PO000397,SUP0032,PRD0057,2026-06-17,508,2929.23,USD,1488048.84,fulfilled,"Lynch, Hernandez and Farmer",Vietnam,57.2,CHEM-Ask-57,Chemicals,2026-06-24,pending,,2026-06,45.6,0.092,False
PO000398,SUP0004,PRD0073,2026-09-02,232,1173.24,USD,272191.68,fulfilled,"Johnson, Gonzalez and Santos",Mexico,76.5,PACK-Maintain-73,Packaging,2026-09-15,paid,2026-10-08,2026-09,36.8,0.112,False
PO000399,SUP0001,PRD0125,2026-02-02,935,502.54,USD,469874.9,fulfilled,"Rodriguez, Figueroa and Sanchez",South Korea,74.7,TEXT-Article-125,Textiles,2026-02-10,pending,,2026-02,24.6,0.07,False
PO000400,SUP0002,PRD0118,2025-01-29,448,1753.63,USD,785626.24,fulfilled,Rhodes PLC,Germany,87.8,CHEM-Recently-118,Chemicals,2025-02-06,paid,2025-03-17,2025-01,12.6,0.045,False
PO000401,SUP0006,PRD0141,2024-12-24,790,2.32,USD,1832.8,fulfilled,Blake and Sons,China,58.0,CHEM-Art-141,Chemicals,2025-01-07,paid,2025-02-18,2024-12,27.0,0.072,False
PO000402,SUP0030,PRD0102,2025-07-02,405,641.96,USD,259993.8,fulfilled,Stanton-Gill,Indonesia,60.5,TEXT-Artist-102,Textiles,2025-07-03,paid,2025-07-16,2025-07,48.1,0.118,False
PO000403,SUP0035,PRD0055,2026-06-20,323,859.74,USD,277696.02,fulfilled,Allen PLC,Brazil,54.5,FURN-Race-55,Furniture,2026-07-03,overdue,,2026-06,57.0,0.161,False
PO000404,SUP0014,PRD0066,2025-10-08,107,1359.33,USD,145448.31,open,"Flowers, Martin and Kelly",United States,46.7,TEXT-Customer-66,Textiles,2025-10-12,paid,2025-11-05,2025-10,17.3,0.029,False
PO000405,SUP0039,PRD0147,2024-12-16,661,14.15,USD,9353.15,fulfilled,"Campos, Vaughn and Marquez",South Korea,62.6,FURN-Physical-147,Furniture,2024-12-27,paid,2025-02-04,2024-12,22.2,0.063,False
PO000406,SUP0027,PRD0045,2024-12-08,542,1954.05,USD,1059095.1,fulfilled,"Valencia, Smith and Le",Vietnam,70.4,CHEM-Lawyer-45,Chemicals,2024-12-10,pending,,2024-12,40.9,0.076,False
PO000407,SUP0021,PRD0137,2025-02-26,708,450.93,USD,319258.44,fulfilled,"Ellis, Baker and Wright",India,80.5,FOOD-Wide-137,Food & Beverage,2025-02-27,paid,2025-03-24,2025-02,43.3,0.085,False
PO000408,SUP0039,PRD0037,2025-10-31,511,2.35,USD,1200.85,open,"Campos, Vaughn and Marquez",South Korea,62.6,CHEM-Still-37,Chemicals,2025-11-14,paid,2025-12-13,2025-10,21.2,0.085,False
PO000409,SUP0012,PRD0095,2025-06-02,131,12.31,USD,1612.61,fulfilled,Stanley LLC,Japan,60.6,PACK-Investment-95,Packaging,2025-06-14,paid,2025-07-05,2025-06,16.0,0.035,False
PO000410,SUP0033,PRD0034,2025-05-21,127,91.51,USD,11621.77,open,"Sellers, George and Burns",China,78.7,CHEM-Part-34,Chemicals,2025-05-29,paid,2025-06-09,2025-05,29.6,0.085,False
PO000411,SUP0028,PRD0104,2026-01-14,423,2.84,USD,1201.32,fulfilled,"Potter, Mack and Peterson",Germany,88.1,AUTO-Hundred-104,Automotive Parts,2026-01-24,paid,2026-02-13,2026-01,9.7,0.035,False
PO000412,SUP0035,PRD0142,2026-01-26,513,423.72,USD,217368.36,cancelled,Allen PLC,Brazil,54.5,TEXT-Movie-142,Textiles,,,,2026-01,47.9,0.095,False
PO000413,SUP0013,PRD0040,2025-04-21,135,3.0,USD,405.0,fulfilled,Delacruz Group,Germany,77.3,FURN-Investment-40,Furniture,2025-05-05,paid,2025-06-17,2025-04,7.2,0.043,False
PO000414,SUP0040,PRD0091,2025-10-03,75,3.99,USD,299.25,fulfilled,"Santos, Kim and Holmes",Turkey,71.1,FOOD-Some-91,Food & Beverage,2025-10-10,overdue,,2025-10,58.9,0.256,False
PO000415,SUP0016,PRD0068,2025-10-18,387,73.08,USD,28281.96,fulfilled,"Sanchez, Ford and Nelson",Mexico,67.6,FURN-List-68,Furniture,2025-10-23,paid,2025-11-14,2025-10,40.8,0.138,False
PO000416,SUP0001,PRD0063,2025-09-12,76,42.02,USD,3193.52,fulfilled,"Rodriguez, Figueroa and Sanchez",South Korea,74.7,AUTO-Boy-63,Automotive Parts,2025-09-19,paid,2025-10-12,2025-09,18.8,0.059,False
PO000417,SUP0008,PRD0024,2026-03-29,464,2.31,USD,1071.84,open,Davis Inc,Pakistan,69.7,MACH-Family-24,Machinery,2026-04-08,paid,2026-05-14,2026-03,71.9,0.327,False
PO000418,SUP0037,PRD0060,2024-11-07,145,2.31,USD,334.95,fulfilled,"Cannon, Anderson and Alvarez",United States,65.1,TEXT-Group-60,Textiles,2024-11-15,paid,2024-12-21,2024-11,14.8,0.037,False
PO000419,SUP0008,PRD0015,2026-02-17,403,265.0,USD,106795.0,fulfilled,Davis Inc,Pakistan,69.7,TEXT-Drop-15,Textiles,2026-02-28,paid,2026-03-08,2026-02,67.2,0.238,False
PO000420,SUP0036,PRD0114,2025-12-22,241,22.04,USD,5311.64,fulfilled,Dennis Inc,South Korea,60.1,FOOD-Same-114,Food & Beverage,2026-01-04,overdue,,2025-12,24.1,0.077,False
PO000421,SUP0023,PRD0145,2024-12-07,812,966.37,USD,784692.44,cancelled,Robinson-Bright,Indonesia,70.0,MACH-Cultural-145,Machinery,,,,2024-12,46.4,0.115,False
PO000422,SUP0037,PRD0132,2026-08-25,657,904.5,USD,594256.5,fulfilled,"Cannon, Anderson and Alvarez",United States,65.1,CHEM-Art-132,Chemicals,2026-09-04,paid,2026-10-03,2026-08,15.8,0.024,False
PO000423,SUP0019,PRD0064,2024-12-18,176,2911.62,USD,512445.12,open,Clark PLC,Germany,69.9,AUTO-Energy-64,Automotive Parts,2024-12-30,paid,2025-02-10,2024-12,14.4,0.028,False
PO000424,SUP0019,PRD0078,2025-06-20,371,43.1,USD,15990.1,fulfilled,Clark PLC,Germany,69.9,AUTO-Level-78,Automotive Parts,2025-06-26,paid,2025-07-04,2025-06,8.4,0.058,False
PO000425,SUP0040,PRD0105,2024-09-19,325,6.29,USD,2044.25,fulfilled,"Santos, Kim and Holmes",Turkey,71.1,FOOD-Able-105,Food & Beverage,2024-09-26,paid,2024-11-02,2024-09,,,
PO000426,SUP0008,PRD0081,2026-04-17,451,4326.06,USD,1951053.06,fulfilled,Davis Inc,Pakistan,69.7,PACK-Total-81,Packaging,2026-04-30,overdue,,2026-04,58.2,0.24,False
PO000427,SUP0018,PRD0091,2025-12-14,314,23.27,USD,7306.78,fulfilled,Underwood LLC,Philippines,54.2,FOOD-Some-91,Food & Beverage,2025-12-26,paid,2026-01-13,2025-12,37.3,0.134,False
PO000428,SUP0020,PRD0014,2025-04-28,200,34.59,USD,6918.0,fulfilled,Lewis-Porter,Pakistan,59.2,PACK-Artist-14,Packaging,2025-05-06,paid,2025-05-11,2025-04,66.7,0.245,False
PO000429,SUP0001,PRD0135,2025-07-31,591,4501.24,USD,2660232.84,fulfilled,"Rodriguez, Figueroa and Sanchez",South Korea,74.7,CHEM-Me-135,Chemicals,2025-08-11,paid,2025-08-31,2025-07,19.1,0.063,False
PO000430,SUP0014,PRD0109,2025-11-05,898,352.77,USD,316787.46,open,"Flowers, Martin and Kelly",United States,46.7,CHEM-Step-109,Chemicals,2025-11-17,pending,,2025-11,9.4,0.029,False
PO000431,SUP0008,PRD0133,2025-07-10,796,547.22,USD,435587.12,fulfilled,Davis Inc,Pakistan,69.7,PACK-Apply-133,Packaging,2025-07-14,overdue,,2025-07,57.0,0.24,False
PO000432,SUP0006,PRD0036,2026-03-14,142,1224.77,USD,173917.34,fulfilled,Blake and Sons,China,58.0,ELEC-Eight-36,Electronics,2026-03-19,paid,2026-04-28,2026-03,27.3,0.072,False
PO000433,SUP0030,PRD0038,2025-10-29,353,358.21,USD,126448.13,open,Stanton-Gill,Indonesia,60.5,ELEC-Material-38,Electronics,2025-11-02,paid,2025-12-02,2025-10,41.1,0.128,False
PO000434,SUP0017,PRD0012,2024-09-21,454,10.51,USD,4771.54,fulfilled,"Hawkins, Cohen and Cameron",Nigeria,42.8,ELEC-Second-12,Electronics,2024-09-30,pending,,2024-09,,,
PO000435,SUP0032,PRD0007,2025-11-22,253,378.47,USD,95752.91,fulfilled,"Lynch, Hernandez and Farmer",Vietnam,57.2,TEXT-Drug-7,Textiles,2025-11-26,pending,,2025-11,43.3,0.103,False
PO000436,SUP0010,PRD0068,2025-06-22,56,2.4,USD,134.4,fulfilled,"Martinez, Nielsen and Miller",Egypt,43.6,FURN-List-68,Furniture,2025-06-25,paid,2025-08-01,2025-06,51.9,0.188,False
PO000437,SUP0026,PRD0137,2024-11-07,81,1546.67,USD,125280.27,fulfilled,James-Ferrell,Egypt,85.3,FOOD-Wide-137,Food & Beverage,2024-11-12,overdue,,2024-11,58.5,0.192,False
PO000438,SUP0027,PRD0051,2026-06-14,355,1358.02,USD,482097.1,fulfilled,"Valencia, Smith and Le",Vietnam,70.4,AUTO-Shoulder-51,Automotive Parts,2026-06-26,paid,2026-07-14,2026-06,45.3,0.102,False
PO000439,SUP0019,PRD0033,2024-11-17,395,1077.52,USD,425620.4,open,Clark PLC,Germany,69.9,PACK-Own-33,Packaging,2024-11-24,overdue,,2024-11,16.4,0.037,False
PO000440,SUP0012,PRD0105,2025-06-09,477,1034.81,USD,493604.37,fulfilled,Stanley LLC,Japan,60.6,FOOD-Able-105,Food & Beverage,2025-06-14,paid,2025-07-04,2025-06,16.0,0.035,False
PO000441,SUP0011,PRD0046,2025-05-26,34,354.13,USD,12040.42,fulfilled,"Montgomery, Hensley and Ray",Indonesia,56.0,FOOD-Health-46,Food & Beverage,2025-06-04,paid,2025-07-09,2025-05,47.0,0.137,False
PO000442,SUP0040,PRD0034,2026-06-09,31,139.89,USD,4336.59,cancelled,"Santos, Kim and Holmes",Turkey,71.1,CHEM-Part-34,Chemicals,,,,2026-06,54.0,0.234,False
PO000443,SUP0036,PRD0136,2025-08-19,106,140.01,USD,14841.06,cancelled,Dennis Inc,South Korea,60.1,AUTO-Morning-136,Automotive Parts,,,,2025-08,23.0,0.072,False
PO000444,SUP0023,PRD0078,2026-06-12,49,853.71,USD,41831.79,open,Robinson-Bright,Indonesia,70.0,AUTO-Level-78,Automotive Parts,2026-06-16,paid,2026-07-18,2026-06,45.2,0.047,False
PO000445,SUP0019,PRD0018,2025-08-30,287,3975.84,USD,1141066.08,cancelled,Clark PLC,Germany,69.9,FURN-Almost-18,Furniture,,,,2025-08,9.7,0.033,False
PO000446,SUP0024,PRD0046,2025-02-28,87,3.21,USD,279.27,fulfilled,Campos Inc,Mexico,79.6,FOOD-Health-46,Food & Beverage,2025-03-12,paid,2025-04-07,2025-02,45.3,0.125,False
PO000447,SUP0002,PRD0036,2025-11-21,787,1945.42,USD,1531045.54,open,Rhodes PLC,Germany,87.8,ELEC-Eight-36,Electronics,2025-12-01,paid,2026-01-03,2025-11,11.3,0.042,False
PO000448,SUP0034,PRD0066,2025-02-21,86,1825.44,USD,156987.84,open,Koch-Decker,India,69.9,TEXT-Customer-66,Textiles,2025-03-07,pending,,2025-02,37.7,0.09,False
PO000449,SUP0039,PRD0019,2026-08-03,286,465.59,USD,133158.74,fulfilled,"Campos, Vaughn and Marquez",South Korea,62.6,PACK-Trade-19,Packaging,2026-08-07,overdue,,2026-08,22.7,0.076,False
PO000450,SUP0010,PRD0017,2024-12-21,99,3.14,USD,310.86,fulfilled,"Martinez, Nielsen and Miller",Egypt,43.6,TEXT-Western-17,Textiles,2024-12-30,paid,2025-01-19,2024-12,48.1,0.214,False
PO000451,SUP0013,PRD0040,2026-02-05,90,928.28,USD,83545.2,fulfilled,Delacruz Group,Germany,77.3,FURN-Investment-40,Furniture,2026-02-15,paid,2026-03-18,2026-02,12.2,0.038,False
PO000452,SUP0002,PRD0057,2025-12-03,40,2062.06,USD,82482.4,fulfilled,Rhodes PLC,Germany,87.8,CHEM-Ask-57,Chemicals,2025-12-10,pending,,2025-12,12.4,0.044,False
PO000453,SUP0006,PRD0119,2025-09-16,424,555.46,USD,235515.04,fulfilled,Blake and Sons,China,58.0,TEXT-Serious-119,Textiles,2025-09-27,paid,2025-10-02,2025-09,23.1,0.072,False
PO000454,SUP0005,PRD0102,2026-05-20,241,471.08,USD,113530.28,open,Cole LLC,Mexico,58.0,TEXT-Artist-102,Textiles,2026-05-31,overdue,,2026-05,37.7,0.134,False
PO000455,SUP0040,PRD0021,2026-05-01,611,121.57,USD,74279.27,open,"Santos, Kim and Holmes",Turkey,71.1,MACH-Avoid-21,Machinery,2026-05-03,paid,2026-05-29,2026-05,62.6,0.151,False
PO000456,SUP0040,PRD0075,2026-06-20,348,104.0,USD,36192.0,fulfilled,"Santos, Kim and Holmes",Turkey,71.1,TEXT-Two-75,Textiles,2026-07-04,overdue,,2026-06,54.0,0.234,False
PO000457,SUP0008,PRD0024,2025-07-08,375,4.17,USD,1563.75,fulfilled,Davis Inc,Pakistan,69.7,MACH-Family-24,Machinery,2025-07-09,pending,,2025-07,57.0,0.24,False
PO000458,SUP0030,PRD0038,2025-04-28,167,1395.32,USD,233018.44,open,Stanton-Gill,Indonesia,60.5,ELEC-Material-38,Electronics,2025-04-30,paid,2025-05-08,2025-04,40.8,0.151,False
PO000459,SUP0040,PRD0108,2024-11-14,58,110.55,USD,6411.9,fulfilled,"Santos, Kim and Holmes",Turkey,71.1,FURN-With-108,Furniture,2024-11-21,paid,2024-12-28,2024-11,60.2,0.228,False
PO000460,SUP0002,PRD0018,2026-03-18,442,8.7,USD,3845.4,fulfilled,Rhodes PLC,Germany,87.8,FURN-Almost-18,Furniture,2026-03-19,paid,2026-04-12,2026-03,14.7,0.046,False
PO000461,SUP0030,PRD0139,2026-04-29,560,552.22,USD,309243.2,open,Stanton-Gill,Indonesia,60.5,FOOD-Nice-139,Food & Beverage,2026-05-12,paid,2026-06-17,2026-04,43.4,0.117,False
PO000462,SUP0019,PRD0023,2026-05-11,127,2.32,USD,294.64,fulfilled,Clark PLC,Germany,69.9,MACH-Economy-23,Machinery,2026-05-14,paid,2026-06-15,2026-05,8.6,0.043,False
PO000463,SUP0027,PRD0142,2025-07-17,110,2.34,USD,257.4,open,"Valencia, Smith and Le",Vietnam,70.4,TEXT-Movie-142,Textiles,2025-07-23,paid,2025-08-27,2025-07,41.7,0.123,False
PO000464,SUP0021,PRD0137,2026-03-30,513,5799.5,USD,2975143.5,fulfilled,"Ellis, Baker and Wright",India,80.5,FOOD-Wide-137,Food & Beverage,2026-04-03,pending,,2026-03,42.6,0.107,False
PO000465,SUP0013,PRD0044,2026-02-08,37,1259.19,USD,46590.03,fulfilled,Delacruz Group,Germany,77.3,MACH-Reason-44,Machinery,2026-02-16,paid,2026-03-11,2026-02,12.2,0.038,False
PO000466,SUP0032,PRD0118,2024-10-16,648,15.54,USD,10069.92,fulfilled,"Lynch, Hernandez and Farmer",Vietnam,57.2,CHEM-Recently-118,Chemicals,2024-10-23,overdue,,2024-10,46.5,0.103,False
PO000467,SUP0019,PRD0103,2025-01-02,892,3062.65,USD,2731883.8,open,Clark PLC,Germany,69.9,AUTO-Community-103,Automotive Parts,2025-01-03,paid,2025-01-09,2025-01,16.9,0.043,False
PO000468,SUP0010,PRD0015,2026-06-17,266,2.35,USD,625.1,fulfilled,"Martinez, Nielsen and Miller",Egypt,43.6,TEXT-Drop-15,Textiles,2026-06-23,paid,2026-07-25,2026-06,60.8,0.185,False
PO000469,SUP0032,PRD0066,2026-03-26,594,2.55,USD,1514.7,cancelled,"Lynch, Hernandez and Farmer",Vietnam,57.2,TEXT-Customer-66,Textiles,,,,2026-03,40.5,0.12,False
PO000470,SUP0022,PRD0112,2026-05-22,142,365.15,USD,51851.3,fulfilled,Burgess-Patterson,Pakistan,79.0,FURN-Feeling-112,Furniture,2026-05-30,paid,2026-06-17,2026-05,64.2,0.305,False
PO000471,SUP0022,PRD0004,2026-08-11,343,301.41,USD,103383.63,fulfilled,Burgess-Patterson,Pakistan,79.0,FOOD-Against-4,Food & Beverage,2026-08-19,paid,2026-09-29,2026-08,59.3,0.25,False
PO000472,SUP0021,PRD0078,2025-04-14,284,386.68,USD,109817.12,fulfilled,"Ellis, Baker and Wright",India,80.5,AUTO-Level-78,Automotive Parts,2025-04-17,pending,,2025-04,41.6,0.097,False
PO000473,SUP0002,PRD0110,2025-03-08,260,10.67,USD,2774.2,fulfilled,Rhodes PLC,Germany,87.8,CHEM-Still-110,Chemicals,2025-03-17,paid,2025-03-23,2025-03,11.9,0.046,False
PO000474,SUP0016,PRD0028,2024-11-22,292,2.6,USD,759.2,fulfilled,"Sanchez, Ford and Nelson",Mexico,67.6,AUTO-Notice-28,Automotive Parts,2024-11-28,paid,2025-01-02,2024-11,44.8,0.118,False
PO000475,SUP0012,PRD0058,2025-05-08,93,946.69,USD,88042.17,fulfilled,Stanley LLC,Japan,60.6,AUTO-Interesting-58,Automotive Parts,2025-05-18,pending,,2025-05,11.4,0.038,False
PO000476,SUP0012,PRD0041,2025-04-29,1259,15.44,USD,19438.96,fulfilled,Stanley LLC,Japan,60.6,PACK-Customer-41,Packaging,2025-05-12,paid,2025-06-13,2025-04,10.5,0.055,False
PO000477,SUP0008,PRD0147,2025-05-24,214,65.02,USD,13914.28,fulfilled,Davis Inc,Pakistan,69.7,FURN-Physical-147,Furniture,2025-06-04,overdue,,2025-05,63.8,0.268,False
PO000478,SUP0029,PRD0040,2026-07-20,1002,695.07,USD,696460.14,open,Chavez Ltd,Poland,66.3,FURN-Investment-40,Furniture,2026-07-27,paid,2026-08-12,2026-07,30.5,0.116,False
PO000479,SUP0004,PRD0144,2025-03-18,159,14.33,USD,2278.47,fulfilled,"Johnson, Gonzalez and Santos",Mexico,76.5,FURN-Today-144,Furniture,2025-04-01,paid,2025-04-17,2025-03,44.0,0.115,False
PO000480,SUP0030,PRD0038,2026-01-11,89,118.63,USD,10558.07,fulfilled,Stanton-Gill,Indonesia,60.5,ELEC-Material-38,Electronics,2026-01-16,paid,2026-01-26,2026-01,43.7,0.163,False
PO000481,SUP0015,PRD0003,2025-06-03,146,2.36,USD,344.56,fulfilled,"Zuniga, Wong and Lynch",India,76.1,ELEC-Ground-3,Electronics,2025-06-07,paid,2025-06-12,2025-06,45.4,0.087,False
PO000482,SUP0024,PRD0066,2025-10-25,1130,1229.14,USD,1388928.2,cancelled,Campos Inc,Mexico,79.6,TEXT-Customer-66,Textiles,,,,2025-10,42.5,0.154,False
PO000483,SUP0008,PRD0144,2026-06-02,210,283.95,USD,59629.5,fulfilled,Davis Inc,Pakistan,69.7,FURN-Today-144,Furniture,2026-06-06,paid,2026-07-11,2026-06,68.5,0.276,False
PO000484,SUP0005,PRD0075,2026-05-06,709,761.73,USD,540066.57,cancelled,Cole LLC,Mexico,58.0,TEXT-Two-75,Textiles,,,,2026-05,37.7,0.134,False
PO000485,SUP0025,PRD0079,2025-07-21,847,443.1,USD,375305.7,fulfilled,Conner Group,Bangladesh,77.2,FOOD-System-79,Food & Beverage,2025-08-02,paid,2025-09-08,2025-07,51.7,0.17,False
PO000486,SUP0031,PRD0064,2026-06-06,180,1002.93,USD,180527.4,fulfilled,Harrell LLC,Brazil,87.2,AUTO-Energy-64,Automotive Parts,2026-06-09,paid,2026-06-23,2026-06,51.9,0.194,False
PO000487,SUP0016,PRD0058,2024-11-30,78,1343.15,USD,104765.7,fulfilled,"Sanchez, Ford and Nelson",Mexico,67.6,AUTO-Interesting-58,Automotive Parts,2024-12-02,paid,2024-12-09,2024-11,44.8,0.118,False
PO000488,SUP0039,PRD0072,2025-11-12,154,940.19,USD,144789.26,fulfilled,"Campos, Vaughn and Marquez",South Korea,62.6,TEXT-Family-72,Textiles,2025-11-16,paid,2025-11-21,2025-11,22.6,0.072,False
PO000489,SUP0026,PRD0044,2026-05-25,157,1434.89,USD,225277.73,fulfilled,James-Ferrell,Egypt,85.3,MACH-Reason-44,Machinery,2026-05-30,paid,2026-06-18,2026-05,56.0,0.211,True
PO000490,SUP0036,PRD0077,2024-11-09,246,5.06,USD,1244.76,fulfilled,Dennis Inc,South Korea,60.1,FURN-Bag-77,Furniture,2024-11-10,paid,2024-11-21,2024-11,13.9,0.067,False
PO000491,SUP0032,PRD0142,2025-01-31,374,9.16,USD,3425.84,fulfilled,"Lynch, Hernandez and Farmer",Vietnam,57.2,TEXT-Movie-142,Textiles,2025-02-11,overdue,,2025-01,35.3,0.102,False
PO000492,SUP0011,PRD0041,2025-04-22,494,32.57,USD,16089.58,fulfilled,"Montgomery, Hensley and Ray",Indonesia,56.0,PACK-Customer-41,Packaging,2025-04-24,paid,2025-05-12,2025-04,44.3,0.107,False
PO000493,SUP0006,PRD0148,2026-06-24,292,12.1,USD,3533.2,open,Blake and Sons,China,58.0,FOOD-Author-148,Food & Beverage,2026-07-02,pending,,2026-06,25.4,0.077,False
PO000494,SUP0030,PRD0005,2024-12-16,95,990.54,USD,94101.3,fulfilled,Stanton-Gill,Indonesia,60.5,TEXT-Per-5,Textiles,2024-12-25,paid,2025-01-08,2024-12,43.5,0.102,False
PO000495,SUP0032,PRD0016,2025-08-25,38,40.06,USD,1522.28,cancelled,"Lynch, Hernandez and Farmer",Vietnam,57.2,CHEM-Author-16,Chemicals,,,,2025-08,38.8,0.131,False
PO000496,SUP0008,PRD0081,2025-09-08,201,34.6,USD,6954.6,fulfilled,Davis Inc,Pakistan,69.7,PACK-Total-81,Packaging,2025-09-19,paid,2025-10-10,2025-09,64.2,0.282,False
PO000497,SUP0032,PRD0065,2026-05-09,171,67.31,USD,11510.01,fulfilled,"Lynch, Hernandez and Farmer",Vietnam,57.2,FURN-Dark-65,Furniture,2026-05-20,paid,2026-07-01,2026-05,44.9,0.097,False
PO000498,SUP0027,PRD0132,2025-02-05,413,2.37,USD,978.81,fulfilled,"Valencia, Smith and Le",Vietnam,70.4,CHEM-Art-132,Chemicals,2025-02-16,pending,,2025-02,37.3,0.135,False
PO000499,SUP0037,PRD0089,2025-12-31,101,2.5,USD,252.5,fulfilled,"Cannon, Anderson and Alvarez",United States,65.1,ELEC-Better-89,Electronics,2026-01-05,paid,2026-02-08,2025-12,16.5,0.034,False
PO000500,SUP0020,PRD0097,2025-10-27,200,328.55,USD,65710.0,fulfilled,Lewis-Porter,Pakistan,59.2,ELEC-Medical-97,Electronics,2025-10-28,pending,,2025-10,63.5,0.237,False
PO000501,SUP0007,PRD0066,2025-05-13,59,2.66,USD,156.94,fulfilled,Ramirez-Lewis,South Korea,49.8,TEXT-Customer-66,Textiles,2025-05-22,paid,2025-07-02,2025-05,24.5,0.103,False
PO000502,SUP0013,PRD0147,2026-03-04,1223,452.99,USD,554006.77,fulfilled,Delacruz Group,Germany,77.3,FURN-Physical-147,Furniture,2026-03-06,pending,,2026-03,11.2,0.047,False
PO000503,SUP0007,PRD0079,2026-08-21,165,4.21,USD,694.65,fulfilled,Ramirez-Lewis,South Korea,49.8,FOOD-System-79,Food & Beverage,2026-08-30,pending,,2026-08,19.1,0.076,False
PO000504,SUP0003,PRD0136,2025-05-19,322,84.78,USD,27299.16,open,Johnson-Davis,Vietnam,88.7,AUTO-Morning-136,Automotive Parts,2025-05-25,paid,2025-06-06,2025-05,46.1,0.135,False
PO000505,SUP0026,PRD0040,2025-04-09,677,556.98,USD,377075.46,fulfilled,James-Ferrell,Egypt,85.3,FURN-Investment-40,Furniture,2025-04-22,paid,2025-05-01,2025-04,48.3,0.222,False
PO000506,SUP0020,PRD0090,2025-08-19,321,437.31,USD,140376.51,fulfilled,Lewis-Porter,Pakistan,59.2,MACH-With-90,Machinery,2025-08-21,pending,,2025-08,63.6,0.226,False
PO000507,SUP0035,PRD0057,2026-05-08,116,396.47,USD,45990.52,fulfilled,Allen PLC,Brazil,54.5,CHEM-Ask-57,Chemicals,2026-05-12,paid,2026-06-24,2026-05,57.2,0.171,False
PO000508,SUP0026,PRD0045,2025-07-09,244,2.86,USD,697.84,fulfilled,James-Ferrell,Egypt,85.3,CHEM-Lawyer-45,Chemicals,2025-07-19,paid,2025-09-01,2025-07,51.2,0.211,False
PO000509,SUP0039,PRD0071,2024-11-07,214,96.56,USD,20663.84,fulfilled,"Campos, Vaughn and Marquez",South Korea,62.6,ELEC-Cover-71,Electronics,2024-11-20,pending,,2024-11,16.6,0.063,False
PO000510,SUP0027,PRD0040,2024-11-09,460,1560.72,USD,717931.2,fulfilled,"Valencia, Smith and Le",Vietnam,70.4,FURN-Investment-40,Furniture,2024-11-21,paid,2024-12-25,2024-11,35.9,0.074,False
PO000511,SUP0031,PRD0079,2026-06-22,453,3.57,USD,1617.21,fulfilled,Harrell LLC,Brazil,87.2,FOOD-System-79,Food & Beverage,2026-06-23,paid,2026-08-01,2026-06,51.9,0.194,False
PO000512,SUP0030,PRD0015,2024-11-29,168,4.75,USD,798.0,cancelled,Stanton-Gill,Indonesia,60.5,TEXT-Drop-15,Textiles,,,,2024-11,40.4,0.073,False
PO000513,SUP0036,PRD0015,2025-01-31,658,2580.48,USD,1697955.84,cancelled,Dennis Inc,South Korea,60.1,TEXT-Drop-15,Textiles,,,,2025-01,19.3,0.048,False
PO000514,SUP0004,PRD0066,2025-12-24,249,295.45,USD,73567.05,open,"Johnson, Gonzalez and Santos",Mexico,76.5,TEXT-Customer-66,Textiles,2026-01-01,paid,2026-01-15,2025-12,36.2,0.148,False
PO000515,SUP0036,PRD0023,2025-03-22,173,28.8,USD,4982.4,fulfilled,Dennis Inc,South Korea,60.1,MACH-Economy-23,Machinery,2025-03-30,paid,2025-04-21,2025-03,27.0,0.071,False
PO000516,SUP0022,PRD0111,2024-10-06,271,566.71,USD,153578.41,fulfilled,Burgess-Patterson,Pakistan,79.0,PACK-Look-111,Packaging,2024-10-15,paid,2024-11-01,2024-10,63.4,0.24,False
PO000517,SUP0002,PRD0035,2025-04-13,172,798.41,USD,137326.52,fulfilled,Rhodes PLC,Germany,87.8,MACH-Material-35,Machinery,2025-04-27,pending,,2025-04,10.7,0.038,False
PO000518,SUP0036,PRD0003,2025-12-13,56,9.84,USD,551.04,fulfilled,Dennis Inc,South Korea,60.1,ELEC-Ground-3,Electronics,2025-12-16,overdue,,2025-12,24.1,0.077,False
PO000519,SUP0031,PRD0026,2025-07-21,105,5.05,USD,530.25,fulfilled,Harrell LLC,Brazil,87.2,PACK-Mention-26,Packaging,2025-08-03,paid,2025-09-14,2025-07,50.3,0.167,False
PO000520,SUP0035,PRD0028,2026-04-05,48,435.21,USD,20890.08,open,Allen PLC,Brazil,54.5,AUTO-Notice-28,Automotive Parts,2026-04-15,paid,2026-04-24,2026-04,55.9,0.186,False
PO000521,SUP0025,PRD0015,2025-07-13,236,3.05,USD,719.8,fulfilled,Conner Group,Bangladesh,77.2,TEXT-Drop-15,Textiles,2025-07-15,pending,,2025-07,51.7,0.17,False
PO000522,SUP0013,PRD0097,2024-11-08,358,131.34,USD,47019.72,fulfilled,Delacruz Group,Germany,77.3,ELEC-Medical-97,Electronics,2024-11-18,paid,2024-12-27,2024-11,16.0,0.028,False
PO000523,SUP0015,PRD0148,2026-02-07,310,21.36,USD,6621.6,fulfilled,"Zuniga, Wong and Lynch",India,76.1,FOOD-Author-148,Food & Beverage,2026-02-11,paid,2026-02-27,2026-02,43.0,0.103,False
PO000524,SUP0026,PRD0056,2026-02-12,184,2.39,USD,439.76,fulfilled,James-Ferrell,Egypt,85.3,MACH-Billion-56,Machinery,2026-02-19,pending,,2026-02,51.5,0.18,False
PO000525,SUP0032,PRD0111,2025-01-10,126,403.61,USD,50854.86,fulfilled,"Lynch, Hernandez and Farmer",Vietnam,57.2,PACK-Look-111,Packaging,2025-01-12,paid,2025-01-30,2025-01,35.3,0.102,False
PO000526,SUP0037,PRD0105,2026-04-11,380,107.39,USD,40808.2,fulfilled,"Cannon, Anderson and Alvarez",United States,65.1,FOOD-Able-105,Food & Beverage,2026-04-18,paid,2026-05-14,2026-04,15.1,0.033,False
PO000527,SUP0019,PRD0100,2025-08-03,304,71.98,USD,21881.92,fulfilled,Clark PLC,Germany,69.9,TEXT-Institution-100,Textiles,2025-08-16,pending,,2025-08,9.7,0.033,False
PO000528,SUP0020,PRD0066,2024-12-20,643,2.31,USD,1485.33,fulfilled,Lewis-Porter,Pakistan,59.2,TEXT-Customer-66,Textiles,2024-12-22,paid,2024-12-31,2024-12,66.3,0.239,False
PO000529,SUP0022,PRD0003,2025-05-16,287,2.56,USD,734.72,fulfilled,Burgess-Patterson,Pakistan,79.0,ELEC-Ground-3,Electronics,2025-05-27,paid,2025-07-03,2025-05,67.1,0.312,False
PO000530,SUP0033,PRD0135,2024-12-20,262,27.09,USD,7097.58,open,"Sellers, George and Burns",China,78.7,CHEM-Me-135,Chemicals,2024-12-29,paid,2025-01-09,2024-12,25.5,0.091,False
PO000531,SUP0013,PRD0048,2024-12-27,489,2564.73,USD,1254152.97,open,Delacruz Group,Germany,77.3,FOOD-Item-48,Food & Beverage,2025-01-04,paid,2025-02-14,2024-12,18.5,0.034,False
PO000532,SUP0017,PRD0071,2024-11-08,182,3914.17,USD,712378.94,fulfilled,"Hawkins, Cohen and Cameron",Nigeria,42.8,ELEC-Cover-71,Electronics,2024-11-11,pending,,2024-11,76.4,0.301,False
PO000533,SUP0010,PRD0133,2025-01-22,39,758.7,USD,29589.3,open,"Martinez, Nielsen and Miller",Egypt,43.6,PACK-Apply-133,Packaging,2025-02-03,paid,2025-02-18,2025-01,51.8,0.183,False
PO000534,SUP0006,PRD0002,2026-04-20,187,1126.19,USD,210597.53,fulfilled,Blake and Sons,China,58.0,PACK-Attack-2,Packaging,2026-05-01,paid,2026-05-07,2026-04,27.5,0.096,False
PO000535,SUP0031,PRD0078,2025-07-04,187,31.71,USD,5929.77,cancelled,Harrell LLC,Brazil,87.2,AUTO-Level-78,Automotive Parts,,,,2025-07,50.3,0.167,False
PO000536,SUP0031,PRD0045,2026-02-07,495,148.73,USD,73621.35,cancelled,Harrell LLC,Brazil,87.2,CHEM-Lawyer-45,Chemicals,,,,2026-02,59.1,0.172,False
PO000537,SUP0029,PRD0147,2026-03-05,289,210.01,USD,60692.89,open,Chavez Ltd,Poland,66.3,FURN-Physical-147,Furniture,2026-03-13,paid,2026-04-12,2026-03,19.5,0.073,False
PO000538,SUP0017,PRD0097,2025-10-28,69,175.97,USD,12141.93,cancelled,"Hawkins, Cohen and Cameron",Nigeria,42.8,ELEC-Medical-97,Electronics,,,,2025-10,67.8,0.34,False
PO000539,SUP0027,PRD0100,2026-01-25,512,8.37,USD,4285.44,fulfilled,"Valencia, Smith and Le",Vietnam,70.4,TEXT-Institution-100,Textiles,2026-01-31,paid,2026-03-10,2026-01,48.2,0.109,False
PO000540,SUP0022,PRD0079,2025-09-08,263,29.7,USD,7811.1,open,Burgess-Patterson,Pakistan,79.0,FOOD-System-79,Food & Beverage,2025-09-10,paid,2025-09-26,2025-09,69.5,0.302,False
PO000541,SUP0038,PRD0074,2024-10-08,330,2.32,USD,765.6,open,Rose-Obrien,South Africa,61.5,MACH-Enjoy-74,Machinery,2024-10-15,paid,2024-10-27,2024-10,58.5,0.16,False
PO000542,SUP0005,PRD0035,2025-11-04,264,2.34,USD,617.76,fulfilled,Cole LLC,Mexico,58.0,MACH-Material-35,Machinery,2025-11-08,paid,2025-12-01,2025-11,43.6,0.105,False
PO000543,SUP0033,PRD0132,2026-03-08,259,662.11,USD,171486.49,open,"Sellers, George and Burns",China,78.7,CHEM-Art-132,Chemicals,2026-03-11,paid,2026-03-24,2026-03,26.1,0.04,False
PO000544,SUP0015,PRD0036,2024-09-29,944,16.41,USD,15491.04,fulfilled,"Zuniga, Wong and Lynch",India,76.1,ELEC-Eight-36,Electronics,2024-10-08,overdue,,2024-09,,,
PO000545,SUP0008,PRD0064,2026-06-07,370,877.16,USD,324549.2,fulfilled,Davis Inc,Pakistan,69.7,AUTO-Energy-64,Automotive Parts,2026-06-12,paid,2026-06-30,2026-06,68.5,0.276,False
PO000546,SUP0032,PRD0023,2025-09-11,108,291.08,USD,31436.64,fulfilled,"Lynch, Hernandez and Farmer",Vietnam,57.2,MACH-Economy-23,Machinery,2025-09-12,paid,2025-09-20,2025-09,51.4,0.106,False
PO000547,SUP0030,PRD0035,2025-04-18,194,833.27,USD,161654.38,fulfilled,Stanton-Gill,Indonesia,60.5,MACH-Material-35,Machinery,2025-04-22,pending,,2025-04,40.8,0.151,False
PO000548,SUP0039,PRD0040,2024-09-18,100,1144.57,USD,114457.0,fulfilled,"Campos, Vaughn and Marquez",South Korea,62.6,FURN-Investment-40,Furniture,2024-09-24,paid,2024-11-03,2024-09,,,
PO000549,SUP0031,PRD0060,2025-05-02,427,9.23,USD,3941.21,open,Harrell LLC,Brazil,87.2,TEXT-Group-60,Textiles,2025-05-03,pending,,2025-05,52.6,0.139,False
PO000550,SUP0026,PRD0010,2025-09-18,469,2.81,USD,1317.89,fulfilled,James-Ferrell,Egypt,85.3,CHEM-Account-10,Chemicals,2025-09-24,overdue,,2025-09,52.8,0.21,False
PO000551,SUP0011,PRD0016,2026-01-18,971,1507.93,USD,1464200.03,fulfilled,"Montgomery, Hensley and Ray",Indonesia,56.0,CHEM-Author-16,Chemicals,2026-01-20,paid,2026-01-31,2026-01,42.3,0.123,False
PO000552,SUP0036,PRD0035,2026-08-18,121,2.33,USD,281.93,fulfilled,Dennis Inc,South Korea,60.1,MACH-Material-35,Machinery,2026-08-23,paid,2026-09-18,2026-08,13.6,0.053,False
PO000553,SUP0011,PRD0058,2025-08-26,86,9.11,USD,783.46,open,"Montgomery, Hensley and Ray",Indonesia,56.0,AUTO-Interesting-58,Automotive Parts,2025-08-29,pending,,2025-08,42.9,0.172,False
PO000554,SUP0031,PRD0045,2026-05-13,314,4.47,USD,1403.58,fulfilled,Harrell LLC,Brazil,87.2,CHEM-Lawyer-45,Chemicals,2026-05-19,pending,,2026-05,54.7,0.138,False
PO000555,SUP0024,PRD0045,2026-01-11,190,150.07,USD,28513.3,fulfilled,Campos Inc,Mexico,79.6,CHEM-Lawyer-45,Chemicals,2026-01-19,pending,,2026-01,49.4,0.115,False
PO000556,SUP0036,PRD0068,2025-05-10,97,10.41,USD,1009.77,fulfilled,Dennis Inc,South Korea,60.1,FURN-List-68,Furniture,2025-05-21,paid,2025-06-29,2025-05,16.8,0.078,False
PO000557,SUP0039,PRD0004,2026-04-19,376,36.12,USD,13581.12,fulfilled,"Campos, Vaughn and Marquez",South Korea,62.6,FOOD-Against-4,Food & Beverage,2026-04-27,paid,2026-06-10,2026-04,19.5,0.063,False
PO000558,SUP0031,PRD0034,2025-09-16,554,172.76,USD,95709.04,fulfilled,Harrell LLC,Brazil,87.2,CHEM-Part-34,Chemicals,2025-09-24,paid,2025-10-27,2025-09,51.5,0.138,False
PO000559,SUP0026,PRD0009,2026-03-10,538,398.8,USD,214554.4,fulfilled,James-Ferrell,Egypt,85.3,MACH-Discussion-9,Machinery,2026-03-20,paid,2026-04-19,2026-03,55.8,0.205,False
PO000560,SUP0018,PRD0020,2025-07-25,805,1862.4,USD,1499232.0,fulfilled,Underwood LLC,Philippines,54.2,FOOD-Give-20,Food & Beverage,2025-08-02,paid,2025-09-04,2025-07,48.7,0.115,False
PO000561,SUP0019,PRD0092,2024-11-27,651,1202.48,USD,782814.48,fulfilled,Clark PLC,Germany,69.9,ELEC-Time-92,Electronics,2024-11-29,paid,2024-12-28,2024-11,16.4,0.037,False
PO000562,SUP0033,PRD0094,2025-03-26,406,1411.27,USD,572975.62,fulfilled,"Sellers, George and Burns",China,78.7,MACH-Compare-94,Machinery,2025-04-09,paid,2025-05-14,2025-03,27.9,0.116,False
PO000563,SUP0032,PRD0040,2026-06-24,373,588.45,USD,219491.85,fulfilled,"Lynch, Hernandez and Farmer",Vietnam,57.2,FURN-Investment-40,Furniture,2026-06-30,pending,,2026-06,45.6,0.092,False
PO000564,SUP0011,PRD0150,2025-07-09,478,1176.32,USD,562280.96,fulfilled,"Montgomery, Hensley and Ray",Indonesia,56.0,TEXT-Training-150,Textiles,2025-07-18,overdue,,2025-07,44.2,0.143,False
PO000565,SUP0015,PRD0136,2026-04-07,91,28.62,USD,2604.42,fulfilled,"Zuniga, Wong and Lynch",India,76.1,AUTO-Morning-136,Automotive Parts,2026-04-17,paid,2026-04-25,2026-04,37.4,0.087,False
PO000566,SUP0027,PRD0036,2026-08-01,128,1124.54,USD,143941.12,open,"Valencia, Smith and Le",Vietnam,70.4,ELEC-Eight-36,Electronics,2026-08-06,pending,,2026-08,46.2,0.094,False
PO000567,SUP0036,PRD0009,2025-09-10,563,107.75,USD,60663.25,open,Dennis Inc,South Korea,60.1,MACH-Discussion-9,Machinery,2025-09-11,paid,2025-09-17,2025-09,25.6,0.077,False
PO000568,SUP0004,PRD0135,2025-07-10,399,42.47,USD,16945.53,fulfilled,"Johnson, Gonzalez and Santos",Mexico,76.5,CHEM-Me-135,Chemicals,2025-07-17,paid,2025-08-10,2025-07,42.3,0.114,False
PO000569,SUP0016,PRD0015,2024-12-28,75,601.0,USD,45075.0,fulfilled,"Sanchez, Ford and Nelson",Mexico,67.6,TEXT-Drop-15,Textiles,2025-01-06,paid,2025-01-12,2024-12,48.2,0.088,False
PO000570,SUP0003,PRD0143,2024-10-26,72,29.88,USD,2151.36,fulfilled,Johnson-Davis,Vietnam,88.7,TEXT-Be-143,Textiles,2024-11-01,paid,2024-11-09,2024-10,35.5,0.129,False
PO000571,SUP0036,PRD0058,2025-07-12,61,3662.38,USD,223405.18,cancelled,Dennis Inc,South Korea,60.1,AUTO-Interesting-58,Automotive Parts,,,,2025-07,25.2,0.092,False
PO000572,SUP0036,PRD0108,2026-08-07,333,93.23,USD,31045.59,fulfilled,Dennis Inc,South Korea,60.1,FURN-With-108,Furniture,2026-08-09,paid,2026-08-18,2026-08,13.6,0.053,False
PO000573,SUP0026,PRD0114,2024-12-23,818,39.53,USD,32335.54,fulfilled,James-Ferrell,Egypt,85.3,FOOD-Same-114,Food & Beverage,2025-01-01,overdue,,2024-12,59.3,0.256,False
PO000574,SUP0036,PRD0102,2025-04-22,89,2.97,USD,264.33,fulfilled,Dennis Inc,South Korea,60.1,TEXT-Artist-102,Textiles,2025-04-24,pending,,2025-04,23.2,0.075,False
PO000575,SUP0032,PRD0040,2025-03-14,535,1535.89,USD,821701.15,fulfilled,"Lynch, Hernandez and Farmer",Vietnam,57.2,FURN-Investment-40,Furniture,2025-03-20,paid,2025-04-17,2025-03,42.0,0.108,False
PO000576,SUP0029,PRD0084,2025-02-17,81,474.82,USD,38460.42,cancelled,Chavez Ltd,Poland,66.3,PACK-Apply-84,Packaging,,,,2025-02,34.6,0.086,False
PO000577,SUP0034,PRD0100,2026-06-14,147,210.39,USD,30927.33,fulfilled,Koch-Decker,India,69.9,TEXT-Institution-100,Textiles,2026-06-16,paid,2026-06-28,2026-06,36.1,0.089,False
PO000578,SUP0007,PRD0094,2025-10-21,127,108.17,USD,13737.59,fulfilled,Ramirez-Lewis,South Korea,49.8,MACH-Compare-94,Machinery,2025-11-03,paid,2025-11-16,2025-10,15.3,0.072,False
PO000579,SUP0039,PRD0024,2026-07-21,107,2396.94,USD,256472.58,fulfilled,"Campos, Vaughn and Marquez",South Korea,62.6,MACH-Family-24,Machinery,2026-08-02,paid,2026-08-26,2026-07,26.4,0.097,False
PO000580,SUP0031,PRD0070,2026-08-03,104,4972.5,USD,517140.0,fulfilled,Harrell LLC,Brazil,87.2,PACK-Knowledge-70,Packaging,2026-08-10,paid,2026-09-18,2026-08,56.9,0.166,False
PO000581,SUP0026,PRD0105,2025-10-04,286,327.28,USD,93602.08,cancelled,James-Ferrell,Egypt,85.3,FOOD-Able-105,Food & Beverage,,,,2025-10,51.4,0.157,False
PO000582,SUP0013,PRD0031,2024-11-08,304,7458.29,USD,2267320.16,fulfilled,Delacruz Group,Germany,77.3,FOOD-Worry-31,Food & Beverage,2024-11-11,paid,2024-12-03,2024-11,16.0,0.028,False
PO000583,SUP0037,PRD0048,2024-09-22,1365,242.75,USD,331353.75,fulfilled,"Cannon, Anderson and Alvarez",United States,65.1,FOOD-Item-48,Food & Beverage,2024-09-29,paid,2024-11-11,2024-09,,,
PO000584,SUP0010,PRD0040,2024-12-02,320,2.32,USD,742.4,fulfilled,"Martinez, Nielsen and Miller",Egypt,43.6,FURN-Investment-40,Furniture,2024-12-16,paid,2025-01-12,2024-12,48.1,0.214,False
PO000585,SUP0034,PRD0137,2025-07-24,221,1439.83,USD,318202.43,fulfilled,Koch-Decker,India,69.9,FOOD-Wide-137,Food & Beverage,2025-08-03,paid,2025-08-21,2025-07,37.5,0.123,False
PO000586,SUP0016,PRD0141,2025-08-06,84,1976.33,USD,166011.72,fulfilled,"Sanchez, Ford and Nelson",Mexico,67.6,CHEM-Art-141,Chemicals,2025-08-17,overdue,,2025-08,34.2,0.131,False
PO000587,SUP0040,PRD0002,2025-02-24,167,2.63,USD,439.21,fulfilled,"Santos, Kim and Holmes",Turkey,71.1,PACK-Attack-2,Packaging,2025-03-05,paid,2025-03-19,2025-02,60.3,0.164,False
PO000588,SUP0007,PRD0071,2026-08-06,333,920.74,USD,306606.42,cancelled,Ramirez-Lewis,South Korea,49.8,ELEC-Cover-71,Electronics,,,,2026-08,19.1,0.076,False
PO000589,SUP0027,PRD0039,2026-05-02,632,1767.94,USD,1117338.08,fulfilled,"Valencia, Smith and Le",Vietnam,70.4,MACH-Surface-39,Machinery,2026-05-12,paid,2026-05-18,2026-05,48.1,0.102,False
PO000590,SUP0037,PRD0078,2025-04-07,219,2.51,USD,549.69,fulfilled,"Cannon, Anderson and Alvarez",United States,65.1,AUTO-Level-78,Automotive Parts,2025-04-12,pending,,2025-04,13.3,0.037,False
PO000591,SUP0008,PRD0111,2024-12-11,313,975.55,USD,305347.15,fulfilled,Davis Inc,Pakistan,69.7,PACK-Look-111,Packaging,2024-12-17,paid,2025-01-08,2024-12,65.3,0.247,False
PO000592,SUP0020,PRD0139,2024-09-25,57,47.97,USD,2734.29,open,Lewis-Porter,Pakistan,59.2,FOOD-Nice-139,Food & Beverage,2024-09-28,paid,2024-10-24,2024-09,,,
PO000593,SUP0038,PRD0082,2024-09-08,407,2.31,USD,940.17,fulfilled,Rose-Obrien,South Africa,61.5,AUTO-Oil-82,Automotive Parts,2024-09-13,paid,2024-10-10,2024-09,,,
PO000594,SUP0002,PRD0109,2025-06-08,748,2.85,USD,2131.8,fulfilled,Rhodes PLC,Germany,87.8,CHEM-Step-109,Chemicals,2025-06-17,pending,,2025-06,13.9,0.049,False
PO000595,SUP0036,PRD0148,2026-04-12,302,1484.07,USD,448189.14,fulfilled,Dennis Inc,South Korea,60.1,FOOD-Author-148,Food & Beverage,2026-04-15,overdue,,2026-04,24.0,0.088,False
PO000596,SUP0008,PRD0034,2024-09-11,239,4.1,USD,979.9,fulfilled,Davis Inc,Pakistan,69.7,CHEM-Part-34,Chemicals,2024-09-23,paid,2024-11-02,2024-09,,,
PO000597,SUP0012,PRD0083,2025-11-08,34,240.54,USD,8178.36,fulfilled,Stanley LLC,Japan,60.6,TEXT-Billion-83,Textiles,2025-11-10,paid,2025-12-14,2025-11,10.8,0.045,False
PO000598,SUP0021,PRD0025,2025-10-05,191,54.42,USD,10394.22,open,"Ellis, Baker and Wright",India,80.5,CHEM-Relationship-25,Chemicals,2025-10-17,paid,2025-11-20,2025-10,38.7,0.131,False
PO000599,SUP0028,PRD0111,2026-04-23,613,349.76,USD,214402.88,fulfilled,"Potter, Mack and Peterson",Germany,88.1,PACK-Look-111,Packaging,2026-05-06,pending,,2026-04,14.0,0.027,False
PO000600,SUP0012,PRD0095,2025-02-01,158,2.31,USD,364.98,fulfilled,Stanley LLC,Japan,60.6,PACK-Investment-95,Packaging,2025-02-07,paid,2025-03-21,2025-02,13.0,0.055,False
PO000601,SUP0034,PRD0038,2025-10-12,135,850.61,USD,114832.35,open,Koch-Decker,India,69.9,ELEC-Material-38,Electronics,2025-10-23,paid,2025-11-28,2025-10,32.9,0.098,False
PO000602,SUP0027,PRD0097,2025-02-26,426,350.34,USD,149244.84,fulfilled,"Valencia, Smith and Le",Vietnam,70.4,ELEC-Medical-97,Electronics,2025-03-12,pending,,2025-02,37.3,0.135,False
PO000603,SUP0010,PRD0108,2024-10-05,654,9.4,USD,6147.6,open,"Martinez, Nielsen and Miller",Egypt,43.6,FURN-With-108,Furniture,2024-10-16,paid,2024-11-11,2024-10,57.4,0.226,False
PO000604,SUP0005,PRD0012,2026-07-12,110,3.67,USD,403.7,open,Cole LLC,Mexico,58.0,ELEC-Second-12,Electronics,2026-07-18,pending,,2026-07,36.8,0.117,False
PO000605,SUP0017,PRD0032,2025-11-14,517,2.6,USD,1344.2,open,"Hawkins, Cohen and Cameron",Nigeria,42.8,FURN-Us-32,Furniture,2025-11-19,paid,2025-12-16,2025-11,80.0,0.301,False
PO000606,SUP0006,PRD0081,2025-07-26,669,12.65,USD,8462.85,open,Blake and Sons,China,58.0,PACK-Total-81,Packaging,2025-08-03,pending,,2025-07,23.1,0.07,False
PO000607,SUP0010,PRD0062,2025-01-06,787,3.16,USD,2486.92,fulfilled,"Martinez, Nielsen and Miller",Egypt,43.6,TEXT-Training-62,Textiles,2025-01-18,paid,2025-01-26,2025-01,51.8,0.183,False
PO000608,SUP0019,PRD0076,2025-09-02,202,854.68,USD,172645.36,fulfilled,Clark PLC,Germany,69.9,PACK-Wind-76,Packaging,2025-09-16,paid,2025-10-21,2025-09,5.0,0.031,False
PO000609,SUP0019,PRD0078,2025-12-02,152,67.02,USD,10187.04,fulfilled,Clark PLC,Germany,69.9,AUTO-Level-78,Automotive Parts,2025-12-03,paid,2025-12-17,2025-12,13.8,0.044,False
PO000610,SUP0013,PRD0016,2025-07-08,65,38.53,USD,2504.45,fulfilled,Delacruz Group,Germany,77.3,CHEM-Author-16,Chemicals,2025-07-17,paid,2025-07-27,2025-07,12.9,0.04,False
PO000611,SUP0016,PRD0035,2026-06-10,545,1622.96,USD,884513.2,fulfilled,"Sanchez, Ford and Nelson",Mexico,67.6,MACH-Material-35,Machinery,2026-06-24,paid,2026-07-14,2026-06,34.6,0.109,False
PO000612,SUP0004,PRD0067,2024-11-20,47,2.39,USD,112.33,fulfilled,"Johnson, Gonzalez and Santos",Mexico,76.5,FURN-Not-67,Furniture,2024-11-28,paid,2024-12-03,2024-11,34.3,0.129,False
PO000613,SUP0025,PRD0135,2026-02-01,121,235.39,USD,28482.19,fulfilled,Conner Group,Bangladesh,77.2,CHEM-Me-135,Chemicals,2026-02-07,pending,,2026-02,58.5,0.121,True
PO000614,SUP0004,PRD0051,2025-05-07,125,46.99,USD,5873.75,fulfilled,"Johnson, Gonzalez and Santos",Mexico,76.5,AUTO-Shoulder-51,Automotive Parts,2025-05-18,paid,2025-06-01,2025-05,40.2,0.147,False
PO000615,SUP0036,PRD0095,2025-08-09,70,2.52,USD,176.4,fulfilled,Dennis Inc,South Korea,60.1,PACK-Investment-95,Packaging,2025-08-14,paid,2025-09-09,2025-08,23.0,0.072,False
PO000616,SUP0028,PRD0147,2026-08-12,149,346.95,USD,51695.55,fulfilled,"Potter, Mack and Peterson",Germany,88.1,FURN-Physical-147,Furniture,2026-08-23,paid,2026-09-11,2026-08,13.2,0.037,False
PO000617,SUP0037,PRD0040,2026-03-12,84,24.16,USD,2029.44,fulfilled,"Cannon, Anderson and Alvarez",United States,65.1,FURN-Investment-40,Furniture,2026-03-18,paid,2026-04-10,2026-03,13.9,0.03,False
PO000618,SUP0016,PRD0086,2025-08-29,120,695.83,USD,83499.6,fulfilled,"Sanchez, Ford and Nelson",Mexico,67.6,AUTO-Now-86,Automotive Parts,2025-09-03,pending,,2025-08,34.2,0.131,False
PO000619,SUP0030,PRD0150,2026-02-22,566,1032.85,USD,584593.1,fulfilled,Stanton-Gill,Indonesia,60.5,TEXT-Training-150,Textiles,2026-03-06,paid,2026-03-20,2026-02,49.4,0.152,False
PO000620,SUP0022,PRD0132,2024-11-22,356,307.31,USD,109402.36,cancelled,Burgess-Patterson,Pakistan,79.0,CHEM-Art-132,Chemicals,,,,2024-11,63.2,0.25,False
PO000621,SUP0019,PRD0059,2025-03-16,146,2.31,USD,337.26,fulfilled,Clark PLC,Germany,69.9,FOOD-Should-59,Food & Beverage,2025-03-29,overdue,,2025-03,5.0,0.033,False
PO000622,SUP0010,PRD0091,2025-06-16,890,1492.45,USD,1328280.5,fulfilled,"Martinez, Nielsen and Miller",Egypt,43.6,FOOD-Some-91,Food & Beverage,2025-06-24,paid,2025-08-01,2025-06,51.9,0.188,False
PO000623,SUP0016,PRD0109,2024-09-11,152,59.67,USD,9069.84,fulfilled,"Sanchez, Ford and Nelson",Mexico,67.6,CHEM-Step-109,Chemicals,2024-09-15,paid,2024-10-10,2024-09,,,
PO000624,SUP0021,PRD0054,2025-03-12,711,362.47,USD,257716.17,fulfilled,"Ellis, Baker and Wright",India,80.5,FURN-Ready-54,Furniture,2025-03-19,paid,2025-04-05,2025-03,29.9,0.104,False
PO000625,SUP0005,PRD0064,2025-03-11,668,10.65,USD,7114.2,fulfilled,Cole LLC,Mexico,58.0,AUTO-Energy-64,Automotive Parts,2025-03-19,pending,,2025-03,42.2,0.118,False
PO000626,SUP0015,PRD0010,2024-10-13,322,2.47,USD,795.34,fulfilled,"Zuniga, Wong and Lynch",India,76.1,CHEM-Account-10,Chemicals,2024-10-23,pending,,2024-10,36.0,0.142,False
PO000627,SUP0026,PRD0121,2025-08-21,660,481.23,USD,317611.8,fulfilled,James-Ferrell,Egypt,85.3,ELEC-Clear-121,Electronics,2025-08-27,paid,2025-09-30,2025-08,52.4,0.149,False
PO000628,SUP0024,PRD0024,2025-07-23,515,1301.39,USD,670215.85,fulfilled,Campos Inc,Mexico,79.6,MACH-Family-24,Machinery,2025-07-25,paid,2025-09-06,2025-07,42.8,0.112,False
PO000629,SUP0021,PRD0045,2026-03-31,973,12.23,USD,11899.79,fulfilled,"Ellis, Baker and Wright",India,80.5,CHEM-Lawyer-45,Chemicals,2026-04-06,paid,2026-05-16,2026-03,42.6,0.107,False
PO000630,SUP0027,PRD0074,2024-11-17,543,113.12,USD,61424.16,open,"Valencia, Smith and Le",Vietnam,70.4,MACH-Enjoy-74,Machinery,2024-11-20,paid,2024-12-11,2024-11,35.9,0.074,False
PO000631,SUP0001,PRD0012,2025-07-31,398,3.23,USD,1285.54,fulfilled,"Rodriguez, Figueroa and Sanchez",South Korea,74.7,ELEC-Second-12,Electronics,2025-08-03,paid,2025-08-15,2025-07,19.1,0.063,False
PO000632,SUP0026,PRD0135,2025-01-06,236,2.58,USD,608.88,fulfilled,James-Ferrell,Egypt,85.3,CHEM-Me-135,Chemicals,2025-01-18,paid,2025-02-16,2025-01,61.6,0.192,False
PO000633,SUP0011,PRD0015,2025-03-14,277,11.56,USD,3202.12,open,"Montgomery, Hensley and Ray",Indonesia,56.0,TEXT-Drop-15,Textiles,2025-03-17,paid,2025-03-31,2025-03,44.9,0.142,False
PO000634,SUP0038,PRD0119,2025-01-28,449,7458.29,USD,3348772.21,fulfilled,Rose-Obrien,South Africa,61.5,TEXT-Serious-119,Textiles,2025-02-08,paid,2025-03-12,2025-01,52.0,0.253,False
PO000635,SUP0014,PRD0130,2025-02-26,199,5.36,USD,1066.64,fulfilled,"Flowers, Martin and Kelly",United States,46.7,MACH-Small-130,Machinery,2025-03-02,paid,2025-03-18,2025-02,12.9,0.024,False
PO000636,SUP0002,PRD0108,2025-07-03,111,429.76,USD,47703.36,fulfilled,Rhodes PLC,Germany,87.8,FURN-With-108,Furniture,2025-07-16,pending,,2025-07,12.5,0.035,False
PO000637,SUP0033,PRD0145,2025-12-28,159,251.37,USD,39967.83,fulfilled,"Sellers, George and Burns",China,78.7,MACH-Cultural-145,Machinery,2026-01-03,paid,2026-02-11,2025-12,29.1,0.089,False
PO000638,SUP0029,PRD0122,2025-08-01,60,2213.12,USD,132787.2,fulfilled,Chavez Ltd,Poland,66.3,CHEM-Customer-122,Chemicals,2025-08-09,overdue,,2025-08,30.2,0.115,False
PO000639,SUP0007,PRD0062,2025-07-10,76,19.79,USD,1504.04,fulfilled,Ramirez-Lewis,South Korea,49.8,TEXT-Training-62,Textiles,2025-07-24,overdue,,2025-07,16.4,0.066,False
PO000640,SUP0031,PRD0018,2025-11-28,811,284.74,USD,230924.14,fulfilled,Harrell LLC,Brazil,87.2,FURN-Almost-18,Furniture,2025-12-08,paid,2025-12-22,2025-11,52.5,0.164,False
PO000641,SUP0010,PRD0056,2026-01-10,431,8.67,USD,3736.77,fulfilled,"Martinez, Nielsen and Miller",Egypt,43.6,MACH-Billion-56,Machinery,2026-01-19,paid,2026-03-02,2026-01,57.0,0.183,False
PO000642,SUP0028,PRD0094,2025-11-01,122,3.58,USD,436.76,fulfilled,"Potter, Mack and Peterson",Germany,88.1,MACH-Compare-94,Machinery,2025-11-12,paid,2025-12-21,2025-11,19.8,0.036,False
PO000643,SUP0031,PRD0059,2025-05-16,618,2.44,USD,1507.92,open,Harrell LLC,Brazil,87.2,FOOD-Should-59,Food & Beverage,2025-05-23,overdue,,2025-05,52.6,0.139,False
PO000644,SUP0021,PRD0094,2025-04-09,484,2592.9,USD,1254963.6,open,"Ellis, Baker and Wright",India,80.5,MACH-Compare-94,Machinery,2025-04-19,overdue,,2025-04,41.6,0.097,False
PO000645,SUP0019,PRD0007,2025-02-08,118,656.47,USD,77463.46,fulfilled,Clark PLC,Germany,69.9,TEXT-Drug-7,Textiles,2025-02-11,pending,,2025-02,14.6,0.049,False
PO000646,SUP0009,PRD0104,2025-08-16,718,1079.51,USD,775088.18,fulfilled,Munoz-Roman,United States,66.0,AUTO-Hundred-104,Automotive Parts,2025-08-29,pending,,2025-08,11.7,0.027,False
PO000647,SUP0030,PRD0041,2025-06-21,102,40.76,USD,4157.52,fulfilled,Stanton-Gill,Indonesia,60.5,PACK-Customer-41,Packaging,2025-06-25,paid,2025-08-02,2025-06,45.6,0.136,False
PO000648,SUP0037,PRD0102,2026-03-03,501,360.55,USD,180635.55,fulfilled,"Cannon, Anderson and Alvarez",United States,65.1,TEXT-Artist-102,Textiles,2026-03-05,overdue,,2026-03,13.9,0.03,False
PO000649,SUP0010,PRD0120,2024-11-18,65,76.47,USD,4970.55,fulfilled,"Martinez, Nielsen and Miller",Egypt,43.6,MACH-Message-120,Machinery,2024-11-25,paid,2024-12-25,2024-11,56.9,0.198,False
PO000650,SUP0008,PRD0039,2026-06-23,241,245.43,USD,59148.63,fulfilled,Davis Inc,Pakistan,69.7,MACH-Surface-39,Machinery,2026-06-25,paid,2026-07-01,2026-06,68.5,0.276,False
PO000651,SUP0003,PRD0044,2025-07-05,150,18.13,USD,2719.5,fulfilled,Johnson-Davis,Vietnam,88.7,MACH-Reason-44,Machinery,2025-07-09,paid,2025-08-15,2025-07,50.9,0.077,False
PO000652,SUP0028,PRD0076,2025-02-10,94,91.58,USD,8608.52,cancelled,"Potter, Mack and Peterson",Germany,88.1,PACK-Wind-76,Packaging,,,,2025-02,10.3,0.038,False
PO000653,SUP0026,PRD0141,2024-10-23,207,316.49,USD,65513.43,fulfilled,James-Ferrell,Egypt,85.3,CHEM-Art-141,Chemicals,2024-11-04,paid,2024-11-14,2024-10,55.1,0.243,False
PO000654,SUP0028,PRD0013,2025-05-06,388,165.59,USD,64248.92,fulfilled,"Potter, Mack and Peterson",Germany,88.1,CHEM-Program-13,Chemicals,2025-05-20,pending,,2025-05,17.0,0.048,False
PO000655,SUP0034,PRD0084,2025-07-24,410,458.13,USD,187833.3,fulfilled,Koch-Decker,India,69.9,PACK-Apply-84,Packaging,2025-07-25,paid,2025-08-15,2025-07,37.5,0.123,False
PO000656,SUP0010,PRD0143,2025-09-03,507,375.48,USD,190368.36,fulfilled,"Martinez, Nielsen and Miller",Egypt,43.6,TEXT-Be-143,Textiles,2025-09-14,paid,2025-10-09,2025-09,47.1,0.185,False
PO000657,SUP0021,PRD0054,2025-05-01,261,2.32,USD,605.52,fulfilled,"Ellis, Baker and Wright",India,80.5,FURN-Ready-54,Furniture,2025-05-14,paid,2025-06-16,2025-05,43.6,0.104,False
PO000658,SUP0033,PRD0150,2025-02-07,186,652.55,USD,121374.3,open,"Sellers, George and Burns",China,78.7,TEXT-Training-150,Textiles,2025-02-19,paid,2025-03-04,2025-02,22.4,0.065,False
PO000659,SUP0007,PRD0122,2024-12-03,250,494.9,USD,123725.0,fulfilled,Ramirez-Lewis,South Korea,49.8,CHEM-Customer-122,Chemicals,2024-12-15,overdue,,2024-12,21.1,0.079,False
PO000660,SUP0037,PRD0023,2024-12-16,229,2916.35,USD,667844.15,fulfilled,"Cannon, Anderson and Alvarez",United States,65.1,MACH-Economy-23,Machinery,2024-12-17,paid,2024-12-25,2024-12,8.1,0.015,False
PO000661,SUP0002,PRD0150,2024-10-19,66,685.41,USD,45237.06,open,Rhodes PLC,Germany,87.8,TEXT-Training-150,Textiles,2024-10-27,pending,,2024-10,10.5,0.038,False
PO000662,SUP0010,PRD0150,2025-08-09,462,241.51,USD,111577.62,open,"Martinez, Nielsen and Miller",Egypt,43.6,TEXT-Training-150,Textiles,2025-08-16,pending,,2025-08,53.1,0.132,False
PO000663,SUP0005,PRD0079,2024-09-19,305,844.09,USD,257447.45,fulfilled,Cole LLC,Mexico,58.0,FOOD-System-79,Food & Beverage,2024-09-24,paid,2024-10-18,2024-09,,,
PO000664,SUP0002,PRD0019,2026-08-13,441,25.0,USD,11025.0,fulfilled,Rhodes PLC,Germany,87.8,PACK-Trade-19,Packaging,2026-08-21,paid,2026-09-05,2026-08,8.8,0.035,False
PO000665,SUP0001,PRD0045,2026-06-27,440,5481.12,USD,2411692.8,cancelled,"Rodriguez, Figueroa and Sanchez",South Korea,74.7,CHEM-Lawyer-45,Chemicals,,,,2026-06,24.7,0.077,False
PO000666,SUP0038,PRD0007,2025-03-01,221,67.54,USD,14926.34,fulfilled,Rose-Obrien,South Africa,61.5,TEXT-Drug-7,Textiles,2025-03-14,paid,2025-04-21,2025-03,57.9,0.217,False
PO000667,SUP0008,PRD0056,2026-05-10,835,529.81,USD,442391.35,fulfilled,Davis Inc,Pakistan,69.7,MACH-Billion-56,Machinery,2026-05-22,overdue,,2026-05,67.5,0.153,False
PO000668,SUP0020,PRD0048,2026-05-08,155,319.99,USD,49598.45,fulfilled,Lewis-Porter,Pakistan,59.2,FOOD-Item-48,Food & Beverage,2026-05-21,paid,2026-07-03,2026-05,62.0,0.242,False
PO000669,SUP0029,PRD0150,2025-12-16,126,652.59,USD,82226.34,fulfilled,Chavez Ltd,Poland,66.3,TEXT-Training-150,Textiles,2025-12-18,paid,2026-01-07,2025-12,23.8,0.099,False
PO000670,SUP0038,PRD0078,2024-10-16,217,18.22,USD,3953.74,fulfilled,Rose-Obrien,South Africa,61.5,AUTO-Level-78,Automotive Parts,2024-10-30,paid,2024-11-22,2024-10,58.5,0.16,False
PO000671,SUP0030,PRD0084,2024-11-22,219,2.31,USD,505.89,fulfilled,Stanton-Gill,Indonesia,60.5,PACK-Apply-84,Packaging,2024-12-06,paid,2025-01-06,2024-11,40.4,0.073,False
PO000672,SUP0020,PRD0147,2026-05-09,57,669.98,USD,38188.86,fulfilled,Lewis-Porter,Pakistan,59.2,FURN-Physical-147,Furniture,2026-05-15,paid,2026-06-03,2026-05,62.0,0.242,False
PO000673,SUP0036,PRD0081,2025-08-19,190,93.1,USD,17689.0,fulfilled,Dennis Inc,South Korea,60.1,PACK-Total-81,Packaging,2025-08-28,pending,,2025-08,23.0,0.072,False
PO000674,SUP0037,PRD0003,2025-07-18,91,4488.43,USD,408447.13,fulfilled,"Cannon, Anderson and Alvarez",United States,65.1,ELEC-Ground-3,Electronics,2025-07-30,pending,,2025-07,5.0,0.033,False
PO000675,SUP0003,PRD0114,2025-06-20,134,304.71,USD,40831.14,fulfilled,Johnson-Davis,Vietnam,88.7,FOOD-Same-114,Food & Beverage,2025-06-27,overdue,,2025-06,43.1,0.095,False
PO000676,SUP0030,PRD0082,2026-02-10,543,27.93,USD,15165.99,fulfilled,Stanton-Gill,Indonesia,60.5,AUTO-Oil-82,Automotive Parts,2026-02-13,pending,,2026-02,49.4,0.152,False
PO000677,SUP0026,PRD0072,2025-07-13,283,150.79,USD,42673.57,open,James-Ferrell,Egypt,85.3,TEXT-Family-72,Textiles,2025-07-24,pending,,2025-07,51.2,0.211,False
PO000678,SUP0026,PRD0040,2025-10-26,624,224.87,USD,140318.88,fulfilled,James-Ferrell,Egypt,85.3,FURN-Investment-40,Furniture,2025-11-09,overdue,,2025-10,51.4,0.157,False
PO000679,SUP0013,PRD0035,2025-08-03,904,6045.26,USD,5464915.04,fulfilled,Delacruz Group,Germany,77.3,MACH-Material-35,Machinery,2025-08-16,paid,2025-09-03,2025-08,11.5,0.039,False
PO000680,SUP0015,PRD0078,2025-02-08,258,2.31,USD,595.98,fulfilled,"Zuniga, Wong and Lynch",India,76.1,AUTO-Level-78,Automotive Parts,2025-02-09,paid,2025-03-07,2025-02,38.3,0.092,False
PO000681,SUP0015,PRD0028,2026-02-13,70,446.49,USD,31254.3,fulfilled,"Zuniga, Wong and Lynch",India,76.1,AUTO-Notice-28,Automotive Parts,2026-02-24,pending,,2026-02,43.0,0.103,False
PO000682,SUP0021,PRD0049,2025-03-14,118,9.16,USD,1080.88,fulfilled,"Ellis, Baker and Wright",India,80.5,AUTO-Manage-49,Automotive Parts,2025-03-20,paid,2025-04-13,2025-03,29.9,0.104,False
PO000683,SUP0010,PRD0122,2026-05-23,170,2876.12,USD,488940.4,fulfilled,"Martinez, Nielsen and Miller",Egypt,43.6,CHEM-Customer-122,Chemicals,2026-05-30,paid,2026-06-25,2026-05,47.5,0.178,False
PO000684,SUP0020,PRD0070,2025-05-27,75,56.66,USD,4249.5,fulfilled,Lewis-Porter,Pakistan,59.2,PACK-Knowledge-70,Packaging,2025-06-02,paid,2025-06-16,2025-05,71.6,0.207,False
PO000685,SUP0029,PRD0102,2026-09-02,230,2.32,USD,533.6,fulfilled,Chavez Ltd,Poland,66.3,TEXT-Artist-102,Textiles,2026-09-08,pending,,2026-09,24.0,0.058,False
PO000686,SUP0007,PRD0079,2026-06-10,494,10.22,USD,5048.68,fulfilled,Ramirez-Lewis,South Korea,49.8,FOOD-System-79,Food & Beverage,2026-06-20,paid,2026-07-11,2026-06,23.9,0.084,False
PO000687,SUP0030,PRD0100,2026-06-19,337,32.18,USD,10844.66,open,Stanton-Gill,Indonesia,60.5,TEXT-Institution-100,Textiles,2026-06-25,paid,2026-07-20,2026-06,47.0,0.089,False
PO000688,SUP0014,PRD0114,2026-06-27,771,3.23,USD,2490.33,fulfilled,"Flowers, Martin and Kelly",United States,46.7,FOOD-Same-114,Food & Beverage,2026-07-10,overdue,,2026-06,13.5,0.033,False
PO000689,SUP0039,PRD0090,2024-11-11,557,3949.44,USD,2199838.08,cancelled,"Campos, Vaughn and Marquez",South Korea,62.6,MACH-With-90,Machinery,,,,2024-11,16.6,0.063,False
PO000690,SUP0001,PRD0070,2024-10-14,263,100.29,USD,26376.27,fulfilled,"Rodriguez, Figueroa and Sanchez",South Korea,74.7,PACK-Knowledge-70,Packaging,2024-10-18,paid,2024-11-06,2024-10,17.6,0.067,False
PO000691,SUP0021,PRD0137,2025-05-18,255,31.73,USD,8091.15,fulfilled,"Ellis, Baker and Wright",India,80.5,FOOD-Wide-137,Food & Beverage,2025-05-23,paid,2025-05-29,2025-05,43.6,0.104,False
PO000692,SUP0036,PRD0023,2026-08-25,55,1859.8,USD,102289.0,fulfilled,Dennis Inc,South Korea,60.1,MACH-Economy-23,Machinery,2026-08-27,paid,2026-09-07,2026-08,13.6,0.053,False
PO000693,SUP0001,PRD0067,2026-06-06,360,9.01,USD,3243.6,fulfilled,"Rodriguez, Figueroa and Sanchez",South Korea,74.7,FURN-Not-67,Furniture,2026-06-15,overdue,,2026-06,24.7,0.077,False
PO000694,SUP0009,PRD0083,2025-06-06,621,224.13,USD,139184.73,fulfilled,Munoz-Roman,United States,66.0,TEXT-Billion-83,Textiles,2025-06-12,pending,,2025-06,16.8,0.038,False
PO000695,SUP0029,PRD0094,2025-07-01,202,246.67,USD,49827.34,fulfilled,Chavez Ltd,Poland,66.3,MACH-Compare-94,Machinery,2025-07-11,overdue,,2025-07,34.0,0.1,False
PO000696,SUP0005,PRD0078,2026-03-23,159,424.53,USD,67500.27,fulfilled,Cole LLC,Mexico,58.0,AUTO-Level-78,Automotive Parts,2026-03-29,paid,2026-05-04,2026-03,37.2,0.126,False
PO000697,SUP0015,PRD0075,2025-04-07,580,2.43,USD,1409.4,cancelled,"Zuniga, Wong and Lynch",India,76.1,TEXT-Two-75,Textiles,,,,2025-04,38.5,0.117,False
PO000698,SUP0024,PRD0142,2026-02-16,136,2.67,USD,363.12,fulfilled,Campos Inc,Mexico,79.6,TEXT-Movie-142,Textiles,2026-02-28,paid,2026-04-04,2026-02,31.0,0.16,False
PO000699,SUP0013,PRD0016,2024-09-17,547,37.13,USD,20310.11,fulfilled,Delacruz Group,Germany,77.3,CHEM-Author-16,Chemicals,2024-09-22,paid,2024-10-11,2024-09,,,
PO000700,SUP0019,PRD0042,2026-08-11,367,97.69,USD,35852.23,fulfilled,Clark PLC,Germany,69.9,TEXT-Between-42,Textiles,2026-08-20,paid,2026-09-24,2026-08,7.9,0.027,False
PO000701,SUP0031,PRD0070,2024-10-06,128,2619.68,USD,335319.04,fulfilled,Harrell LLC,Brazil,87.2,PACK-Knowledge-70,Packaging,2024-10-08,paid,2024-11-19,2024-10,49.4,0.171,False
PO000702,SUP0009,PRD0016,2024-10-19,79,2359.59,USD,186407.61,open,Munoz-Roman,United States,66.0,CHEM-Author-16,Chemicals,2024-11-01,paid,2024-11-27,2024-10,8.7,0.026,False
PO000703,SUP0019,PRD0110,2026-02-03,272,24.08,USD,6549.76,fulfilled,Clark PLC,Germany,69.9,CHEM-Still-110,Chemicals,2026-02-16,paid,2026-02-25,2026-02,11.1,0.05,False
PO000704,SUP0026,PRD0023,2026-02-07,493,296.79,USD,146317.47,fulfilled,James-Ferrell,Egypt,85.3,MACH-Economy-23,Machinery,2026-02-08,paid,2026-02-22,2026-02,51.5,0.18,False
PO000705,SUP0025,PRD0036,2025-06-20,162,178.4,USD,28900.8,cancelled,Conner Group,Bangladesh,77.2,ELEC-Eight-36,Electronics,,,,2025-06,55.2,0.11,False
PO000706,SUP0015,PRD0141,2026-08-08,156,636.12,USD,99234.72,fulfilled,"Zuniga, Wong and Lynch",India,76.1,CHEM-Art-141,Chemicals,2026-08-18,paid,2026-08-29,2026-08,40.1,0.1,False
PO000707,SUP0025,PRD0097,2025-09-15,455,2.31,USD,1051.05,fulfilled,Conner Group,Bangladesh,77.2,ELEC-Medical-97,Electronics,2025-09-21,paid,2025-10-17,2025-09,58.4,0.124,False
PO000708,SUP0030,PRD0044,2026-02-07,272,1069.5,USD,290904.0,fulfilled,Stanton-Gill,Indonesia,60.5,MACH-Reason-44,Machinery,2026-02-08,pending,,2026-02,49.4,0.152,False
PO000709,SUP0012,PRD0013,2025-08-15,871,55.86,USD,48654.06,open,Stanley LLC,Japan,60.6,CHEM-Program-13,Chemicals,2025-08-16,paid,2025-09-04,2025-08,19.5,0.058,False
PO000710,SUP0025,PRD0005,2025-06-12,559,107.52,USD,60103.68,cancelled,Conner Group,Bangladesh,77.2,TEXT-Per-5,Textiles,,,,2025-06,55.2,0.11,False
PO000711,SUP0027,PRD0145,2024-09-17,356,1015.95,USD,361678.2,fulfilled,"Valencia, Smith and Le",Vietnam,70.4,MACH-Cultural-145,Machinery,2024-09-30,paid,2024-10-21,2024-09,,,
PO000712,SUP0006,PRD0034,2025-06-20,391,283.64,USD,110903.24,cancelled,Blake and Sons,China,58.0,CHEM-Part-34,Chemicals,,,,2025-06,19.7,0.072,False
PO000713,SUP0016,PRD0103,2026-02-17,71,2324.55,USD,165043.05,cancelled,"Sanchez, Ford and Nelson",Mexico,67.6,AUTO-Community-103,Automotive Parts,,,,2026-02,43.0,0.102,False
PO000714,SUP0026,PRD0056,2025-08-21,90,419.11,USD,37719.9,fulfilled,James-Ferrell,Egypt,85.3,MACH-Billion-56,Machinery,2025-08-31,paid,2025-10-09,2025-08,52.4,0.149,False
PO000715,SUP0026,PRD0150,2026-01-05,171,35.51,USD,6072.21,open,James-Ferrell,Egypt,85.3,TEXT-Training-150,Textiles,2026-01-13,overdue,,2026-01,52.0,0.187,False
PO000716,SUP0024,PRD0049,2025-03-12,1028,1342.49,USD,1380079.72,fulfilled,Campos Inc,Mexico,79.6,AUTO-Manage-49,Automotive Parts,2025-03-14,paid,2025-04-05,2025-03,46.5,0.115,False
PO000717,SUP0009,PRD0141,2024-10-27,281,1168.61,USD,328379.41,fulfilled,Munoz-Roman,United States,66.0,CHEM-Art-141,Chemicals,2024-11-09,paid,2024-12-15,2024-10,8.7,0.026,False
PO000718,SUP0019,PRD0068,2025-07-13,175,4422.28,USD,773899.0,fulfilled,Clark PLC,Germany,69.9,FURN-List-68,Furniture,2025-07-15,pending,,2025-07,13.9,0.036,False
PO000719,SUP0015,PRD0036,2024-10-10,528,2756.96,USD,1455674.88,cancelled,"Zuniga, Wong and Lynch",India,76.1,ELEC-Eight-36,Electronics,,,,2024-10,36.0,0.142,False
PO000720,SUP0019,PRD0003,2025-06-10,408,717.23,USD,292629.84,fulfilled,Clark PLC,Germany,69.9,ELEC-Ground-3,Electronics,2025-06-22,paid,2025-07-17,2025-06,8.4,0.058,False
PO000721,SUP0036,PRD0144,2026-06-08,164,1662.99,USD,272730.36,open,Dennis Inc,South Korea,60.1,FURN-Today-144,Furniture,2026-06-20,pending,,2026-06,17.0,0.053,False
PO000722,SUP0013,PRD0062,2025-02-05,558,2.35,USD,1311.3,fulfilled,Delacruz Group,Germany,77.3,TEXT-Training-62,Textiles,2025-02-12,paid,2025-03-21,2025-02,10.2,0.029,False
PO000723,SUP0029,PRD0045,2025-04-06,948,430.75,USD,408351.0,open,Chavez Ltd,Poland,66.3,CHEM-Lawyer-45,Chemicals,2025-04-11,overdue,,2025-04,26.6,0.105,False
PO000724,SUP0009,PRD0147,2025-03-25,684,322.32,USD,220466.88,cancelled,Munoz-Roman,United States,66.0,FURN-Physical-147,Furniture,,,,2025-03,16.9,0.032,False
PO000725,SUP0022,PRD0091,2025-09-22,136,803.69,USD,109301.84,fulfilled,Burgess-Patterson,Pakistan,79.0,FOOD-Some-91,Food & Beverage,2025-09-29,paid,2025-10-23,2025-09,69.5,0.302,False
PO000726,SUP0036,PRD0064,2025-04-05,48,48.84,USD,2344.32,open,Dennis Inc,South Korea,60.1,AUTO-Energy-64,Automotive Parts,2025-04-10,pending,,2025-04,23.2,0.075,False
PO000727,SUP0031,PRD0082,2026-02-02,202,1686.63,USD,340699.26,fulfilled,Harrell LLC,Brazil,87.2,AUTO-Oil-82,Automotive Parts,2026-02-10,paid,2026-02-16,2026-02,59.1,0.172,False
PO000728,SUP0030,PRD0023,2025-02-28,286,2.81,USD,803.66,open,Stanton-Gill,Indonesia,60.5,MACH-Economy-23,Machinery,2025-03-09,paid,2025-04-19,2025-02,39.3,0.129,False
PO000729,SUP0032,PRD0024,2026-01-07,691,153.32,USD,105944.12,fulfilled,"Lynch, Hernandez and Farmer",Vietnam,57.2,MACH-Family-24,Machinery,2026-01-12,paid,2026-02-17,2026-01,39.1,0.105,False
PO000730,SUP0013,PRD0056,2026-02-03,48,2699.0,USD,129552.0,fulfilled,Delacruz Group,Germany,77.3,MACH-Billion-56,Machinery,2026-02-09,paid,2026-03-19,2026-02,12.2,0.038,False
PO000731,SUP0007,PRD0105,2026-06-02,1508,1335.78,USD,2014356.24,fulfilled,Ramirez-Lewis,South Korea,49.8,FOOD-Able-105,Food & Beverage,2026-06-09,overdue,,2026-06,23.9,0.084,False
PO000732,SUP0008,PRD0142,2024-10-27,208,5212.72,USD,1084245.76,cancelled,Davis Inc,Pakistan,69.7,TEXT-Movie-142,Textiles,,,,2024-10,62.8,0.317,False
PO000733,SUP0019,PRD0122,2025-11-02,334,570.31,USD,190483.54,fulfilled,Clark PLC,Germany,69.9,CHEM-Customer-122,Chemicals,2025-11-10,pending,,2025-11,11.7,0.031,False
PO000734,SUP0028,PRD0137,2024-11-20,692,635.76,USD,439945.92,fulfilled,"Potter, Mack and Peterson",Germany,88.1,FOOD-Wide-137,Food & Beverage,2024-11-27,paid,2024-12-20,2024-11,14.8,0.038,False
PO000735,SUP0012,PRD0112,2025-06-06,396,837.18,USD,331523.28,fulfilled,Stanley LLC,Japan,60.6,FURN-Feeling-112,Furniture,2025-06-15,paid,2025-07-12,2025-06,16.0,0.035,False
PO000736,SUP0032,PRD0027,2025-08-22,472,3670.7,USD,1732570.4,fulfilled,"Lynch, Hernandez and Farmer",Vietnam,57.2,TEXT-Difficult-27,Textiles,2025-09-02,paid,2025-09-27,2025-08,38.8,0.131,False
PO000737,SUP0036,PRD0057,2024-10-29,596,1347.87,USD,803330.52,fulfilled,Dennis Inc,South Korea,60.1,CHEM-Ask-57,Chemicals,2024-10-30,paid,2024-12-02,2024-10,23.2,0.052,False
PO000738,SUP0005,PRD0009,2026-06-10,193,5.06,USD,976.58,fulfilled,Cole LLC,Mexico,58.0,MACH-Discussion-9,Machinery,2026-06-19,paid,2026-07-21,2026-06,40.7,0.128,False
PO000739,SUP0026,PRD0020,2025-03-26,431,2.33,USD,1004.23,cancelled,James-Ferrell,Egypt,85.3,FOOD-Give-20,Food & Beverage,,,,2025-03,53.8,0.202,False
PO000740,SUP0029,PRD0040,2025-07-09,491,3.02,USD,1482.82,open,Chavez Ltd,Poland,66.3,FURN-Investment-40,Furniture,2025-07-21,paid,2025-08-01,2025-07,34.0,0.1,False
PO000741,SUP0012,PRD0075,2025-05-21,195,35.85,USD,6990.75,fulfilled,Stanley LLC,Japan,60.6,TEXT-Two-75,Textiles,2025-05-25,paid,2025-06-26,2025-05,11.4,0.038,False
PO000742,SUP0023,PRD0013,2025-08-13,169,11.33,USD,1914.77,fulfilled,Robinson-Bright,Indonesia,70.0,CHEM-Program-13,Chemicals,2025-08-20,paid,2025-09-29,2025-08,42.7,0.186,False
PO000743,SUP0020,PRD0070,2026-06-22,163,317.96,USD,51827.48,open,Lewis-Porter,Pakistan,59.2,PACK-Knowledge-70,Packaging,2026-07-06,paid,2026-07-12,2026-06,67.4,0.376,False
PO000744,SUP0027,PRD0079,2026-01-03,133,336.58,USD,44765.14,fulfilled,"Valencia, Smith and Le",Vietnam,70.4,FOOD-System-79,Food & Beverage,2026-01-09,paid,2026-02-22,2026-01,48.2,0.109,False
PO000745,SUP0019,PRD0109,2025-01-18,49,264.67,USD,12968.83,open,Clark PLC,Germany,69.9,CHEM-Step-109,Chemicals,2025-01-29,paid,2025-03-07,2025-01,16.9,0.043,False
PO000746,SUP0007,PRD0095,2025-10-28,612,188.98,USD,115655.76,fulfilled,Ramirez-Lewis,South Korea,49.8,PACK-Investment-95,Packaging,2025-10-30,pending,,2025-10,15.3,0.072,False
PO000747,SUP0014,PRD0122,2026-04-30,226,649.12,USD,146701.12,fulfilled,"Flowers, Martin and Kelly",United States,46.7,CHEM-Customer-122,Chemicals,2026-05-03,paid,2026-05-26,2026-04,11.1,0.042,False
PO000748,SUP0004,PRD0070,2024-09-23,894,62.22,USD,55624.68,fulfilled,"Johnson, Gonzalez and Santos",Mexico,76.5,PACK-Knowledge-70,Packaging,2024-09-28,paid,2024-10-12,2024-09,,,
PO000749,SUP0017,PRD0032,2026-07-24,332,991.86,USD,329297.52,fulfilled,"Hawkins, Cohen and Cameron",Nigeria,42.8,FURN-Us-32,Furniture,2026-07-31,paid,2026-08-15,2026-07,69.5,0.215,False
PO000750,SUP0005,PRD0130,2025-03-23,131,72.34,USD,9476.54,fulfilled,Cole LLC,Mexico,58.0,MACH-Small-130,Machinery,2025-03-25,paid,2025-05-06,2025-03,42.2,0.118,False
PO000751,SUP0015,PRD0122,2024-09-10,616,2.31,USD,1422.96,fulfilled,"Zuniga, Wong and Lynch",India,76.1,CHEM-Customer-122,Chemicals,2024-09-11,paid,2024-10-10,2024-09,,,
PO000752,SUP0015,PRD0002,2025-05-07,553,1064.88,USD,588878.64,open,"Zuniga, Wong and Lynch",India,76.1,PACK-Attack-2,Packaging,2025-05-17,pending,,2025-05,43.1,0.138,False
PO000753,SUP0015,PRD0102,2024-10-14,405,33.06,USD,13389.3,fulfilled,"Zuniga, Wong and Lynch",India,76.1,TEXT-Artist-102,Textiles,2024-10-15,paid,2024-10-28,2024-10,36.0,0.142,False
PO000754,SUP0019,PRD0143,2025-01-09,178,333.24,USD,59316.72,fulfilled,Clark PLC,Germany,69.9,TEXT-Be-143,Textiles,2025-01-20,paid,2025-01-25,2025-01,16.9,0.043,False
PO000755,SUP0019,PRD0023,2026-07-14,428,1313.98,USD,562383.44,fulfilled,Clark PLC,Germany,69.9,MACH-Economy-23,Machinery,2026-07-21,pending,,2026-07,12.9,0.032,False
PO000756,SUP0021,PRD0094,2026-05-10,143,7.89,USD,1128.27,fulfilled,"Ellis, Baker and Wright",India,80.5,MACH-Compare-94,Machinery,2026-05-13,paid,2026-05-29,2026-05,41.8,0.109,False
PO000757,SUP0038,PRD0141,2026-02-15,232,3011.93,USD,698767.76,fulfilled,Rose-Obrien,South Africa,61.5,CHEM-Art-141,Chemicals,2026-03-01,paid,2026-04-06,2026-02,52.7,0.182,False
PO000758,SUP0040,PRD0095,2024-10-22,624,86.36,USD,53888.64,open,"Santos, Kim and Holmes",Turkey,71.1,PACK-Investment-95,Packaging,2024-10-30,paid,2024-11-12,2024-10,53.2,0.237,False
PO000759,SUP0037,PRD0115,2025-12-30,193,1325.43,USD,255807.99,fulfilled,"Cannon, Anderson and Alvarez",United States,65.1,FOOD-Side-115,Food & Beverage,2026-01-09,pending,,2025-12,16.5,0.034,False
PO000760,SUP0023,PRD0087,2026-04-05,1194,1233.62,USD,1472942.28,fulfilled,Robinson-Bright,Indonesia,70.0,MACH-Think-87,Machinery,2026-04-14,paid,2026-05-02,2026-04,46.8,0.108,False
PO000761,SUP0008,PRD0097,2025-09-26,94,8.86,USD,832.84,fulfilled,Davis Inc,Pakistan,69.7,ELEC-Medical-97,Electronics,2025-10-03,paid,2025-11-03,2025-09,64.2,0.282,False
PO000762,SUP0038,PRD0017,2024-12-13,509,13.88,USD,7064.92,fulfilled,Rose-Obrien,South Africa,61.5,TEXT-Western-17,Textiles,2024-12-25,paid,2025-01-23,2024-12,52.1,0.193,False
PO000763,SUP0027,PRD0119,2025-07-04,128,53.36,USD,6830.08,fulfilled,"Valencia, Smith and Le",Vietnam,70.4,TEXT-Serious-119,Textiles,2025-07-08,paid,2025-08-10,2025-07,41.7,0.123,False
PO000764,SUP0004,PRD0056,2026-07-16,530,533.68,USD,282850.4,fulfilled,"Johnson, Gonzalez and Santos",Mexico,76.5,MACH-Billion-56,Machinery,2026-07-23,paid,2026-08-09,2026-07,36.7,0.112,False
PO000765,SUP0019,PRD0143,2024-10-15,375,5.74,USD,2152.5,fulfilled,Clark PLC,Germany,69.9,TEXT-Be-143,Textiles,2024-10-28,paid,2024-11-04,2024-10,12.4,0.036,False
PO000766,SUP0002,PRD0128,2024-10-10,40,340.09,USD,13603.6,open,Rhodes PLC,Germany,87.8,TEXT-Occur-128,Textiles,2024-10-24,paid,2024-11-06,2024-10,10.5,0.038,False
PO000767,SUP0032,PRD0122,2025-03-19,132,83.43,USD,11012.76,fulfilled,"Lynch, Hernandez and Farmer",Vietnam,57.2,CHEM-Customer-122,Chemicals,2025-03-20,paid,2025-04-09,2025-03,42.0,0.108,False
PO000768,SUP0027,PRD0042,2026-07-11,289,508.43,USD,146936.27,open,"Valencia, Smith and Le",Vietnam,70.4,TEXT-Between-42,Textiles,2026-07-20,paid,2026-08-13,2026-07,47.2,0.1,False
PO000769,SUP0022,PRD0024,2024-12-07,180,2.31,USD,415.8,cancelled,Burgess-Patterson,Pakistan,79.0,MACH-Family-24,Machinery,,,,2024-12,71.8,0.224,True
PO000770,SUP0022,PRD0023,2025-07-07,238,1187.92,USD,282724.96,fulfilled,Burgess-Patterson,Pakistan,79.0,MACH-Economy-23,Machinery,2025-07-15,paid,2025-08-05,2025-07,67.6,0.189,False
PO000771,SUP0027,PRD0023,2025-09-18,659,296.2,USD,195195.8,fulfilled,"Valencia, Smith and Le",Vietnam,70.4,MACH-Economy-23,Machinery,2025-09-26,paid,2025-10-13,2025-09,41.1,0.072,False
PO000772,SUP0026,PRD0148,2025-07-20,683,4258.87,USD,2908808.21,open,James-Ferrell,Egypt,85.3,FOOD-Author-148,Food & Beverage,2025-07-22,paid,2025-08-09,2025-07,51.2,0.211,False
PO000773,SUP0032,PRD0016,2024-11-12,123,40.96,USD,5038.08,fulfilled,"Lynch, Hernandez and Farmer",Vietnam,57.2,CHEM-Author-16,Chemicals,2024-11-17,paid,2024-12-17,2024-11,35.4,0.102,False
PO000774,SUP0038,PRD0097,2025-11-03,94,4529.86,USD,425806.84,fulfilled,Rose-Obrien,South Africa,61.5,ELEC-Medical-97,Electronics,2025-11-10,pending,,2025-11,55.7,0.107,False
PO000775,SUP0017,PRD0051,2026-07-21,597,50.26,USD,30005.22,open,"Hawkins, Cohen and Cameron",Nigeria,42.8,AUTO-Shoulder-51,Automotive Parts,2026-08-04,overdue,,2026-07,69.5,0.215,False
PO000776,SUP0018,PRD0057,2025-07-28,1035,285.42,USD,295409.7,open,Underwood LLC,Philippines,54.2,CHEM-Ask-57,Chemicals,2025-07-29,paid,2025-08-29,2025-07,48.7,0.115,False
PO000777,SUP0003,PRD0141,2025-10-25,112,429.83,USD,48140.96,open,Johnson-Davis,Vietnam,88.7,CHEM-Art-141,Chemicals,2025-10-29,paid,2025-11-03,2025-10,50.1,0.139,False
PO000778,SUP0007,PRD0110,2025-11-09,521,358.66,USD,186861.86,fulfilled,Ramirez-Lewis,South Korea,49.8,CHEM-Still-110,Chemicals,2025-11-19,paid,2025-12-25,2025-11,18.8,0.052,False
PO000779,SUP0027,PRD0135,2024-10-14,170,2.86,USD,486.2,fulfilled,"Valencia, Smith and Le",Vietnam,70.4,CHEM-Me-135,Chemicals,2024-10-28,pending,,2024-10,42.1,0.146,False
PO000780,SUP0025,PRD0039,2026-01-01,95,499.08,USD,47412.6,fulfilled,Conner Group,Bangladesh,77.2,MACH-Surface-39,Machinery,2026-01-15,overdue,,2026-01,60.7,0.114,False
PO000781,SUP0010,PRD0081,2025-10-03,63,4266.83,USD,268810.29,fulfilled,"Martinez, Nielsen and Miller",Egypt,43.6,PACK-Total-81,Packaging,2025-10-13,paid,2025-11-06,2025-10,54.7,0.205,False
PO000782,SUP0012,PRD0023,2026-05-28,462,2121.89,USD,980313.18,cancelled,Stanley LLC,Japan,60.6,MACH-Economy-23,Machinery,,,,2026-05,15.6,0.066,False
PO000783,SUP0036,PRD0023,2024-10-11,109,1669.51,USD,181976.59,fulfilled,Dennis Inc,South Korea,60.1,MACH-Economy-23,Machinery,2024-10-20,paid,2024-11-05,2024-10,23.2,0.052,False
PO000784,SUP0030,PRD0078,2026-04-02,73,333.45,USD,24341.85,fulfilled,Stanton-Gill,Indonesia,60.5,AUTO-Level-78,Automotive Parts,2026-04-08,paid,2026-04-26,2026-04,43.4,0.117,False
PO000785,SUP0002,PRD0014,2024-11-15,118,845.2,USD,99733.6,fulfilled,Rhodes PLC,Germany,87.8,PACK-Artist-14,Packaging,2024-11-25,paid,2025-01-04,2024-11,12.8,0.034,False
PO000786,SUP0006,PRD0145,2026-03-13,296,13.34,USD,3948.64,open,Blake and Sons,China,58.0,MACH-Cultural-145,Machinery,2026-03-26,paid,2026-04-01,2026-03,27.3,0.072,False
PO000787,SUP0023,PRD0102,2026-04-26,49,13.38,USD,655.62,open,Robinson-Bright,Indonesia,70.0,TEXT-Artist-102,Textiles,2026-04-28,overdue,,2026-04,46.8,0.108,False
PO000788,SUP0020,PRD0074,2025-07-01,674,1268.64,USD,855063.36,fulfilled,Lewis-Porter,Pakistan,59.2,MACH-Enjoy-74,Machinery,2025-07-12,paid,2025-07-19,2025-07,65.6,0.136,False
PO000789,SUP0012,PRD0147,2026-06-24,316,516.06,USD,163074.96,open,Stanley LLC,Japan,60.6,FURN-Physical-147,Furniture,2026-07-01,paid,2026-08-02,2026-06,13.0,0.055,False
PO000790,SUP0031,PRD0089,2026-05-18,224,809.44,USD,181314.56,fulfilled,Harrell LLC,Brazil,87.2,ELEC-Better-89,Electronics,2026-05-27,pending,,2026-05,54.7,0.138,False
PO000791,SUP0021,PRD0070,2026-01-01,128,253.34,USD,32427.52,fulfilled,"Ellis, Baker and Wright",India,80.5,PACK-Knowledge-70,Packaging,2026-01-03,paid,2026-02-16,2026-01,39.3,0.067,False
PO000792,SUP0001,PRD0100,2025-08-11,67,960.53,USD,64355.51,open,"Rodriguez, Figueroa and Sanchez",South Korea,74.7,TEXT-Institution-100,Textiles,2025-08-18,paid,2025-08-30,2025-08,21.1,0.105,False
PO000793,SUP0037,PRD0007,2025-06-01,48,592.61,USD,28445.28,fulfilled,"Cannon, Anderson and Alvarez",United States,65.1,TEXT-Drug-7,Textiles,2025-06-08,overdue,,2025-06,18.8,0.032,False
PO000794,SUP0006,PRD0115,2025-05-06,278,238.03,USD,66172.34,fulfilled,Blake and Sons,China,58.0,FOOD-Side-115,Food & Beverage,2025-05-13,pending,,2025-05,30.3,0.116,False
PO000795,SUP0021,PRD0100,2025-06-09,354,68.22,USD,24149.88,fulfilled,"Ellis, Baker and Wright",India,80.5,TEXT-Institution-100,Textiles,2025-06-14,overdue,,2025-06,35.0,0.09,False
PO000796,SUP0010,PRD0084,2026-08-29,684,4.35,USD,2975.4,cancelled,"Martinez, Nielsen and Miller",Egypt,43.6,PACK-Apply-84,Packaging,,,,2026-08,53.4,0.16,False
PO000797,SUP0027,PRD0137,2025-01-03,754,223.82,USD,168760.28,fulfilled,"Valencia, Smith and Le",Vietnam,70.4,FOOD-Wide-137,Food & Beverage,2025-01-16,paid,2025-01-24,2025-01,41.4,0.132,False
PO000798,SUP0010,PRD0111,2026-08-24,405,2130.58,USD,862884.9,fulfilled,"Martinez, Nielsen and Miller",Egypt,43.6,PACK-Look-111,Packaging,2026-09-07,pending,,2026-08,53.4,0.16,False
PO000799,SUP0013,PRD0112,2026-04-24,439,3.5,USD,1536.5,open,Delacruz Group,Germany,77.3,FURN-Feeling-112,Furniture,2026-04-25,paid,2026-05-16,2026-04,12.5,0.043,False
PO000800,SUP0040,PRD0057,2025-04-17,615,14.36,USD,8831.4,fulfilled,"Santos, Kim and Holmes",Turkey,71.1,CHEM-Ask-57,Chemicals,2025-04-28,pending,,2025-04,71.0,0.215,True
PO000801,SUP0008,PRD0048,2026-05-09,295,25.05,USD,7389.75,fulfilled,Davis Inc,Pakistan,69.7,FOOD-Item-48,Food & Beverage,2026-05-18,paid,2026-06-17,2026-05,67.5,0.153,False
PO000802,SUP0018,PRD0078,2024-12-15,812,2896.48,USD,2351941.76,fulfilled,Underwood LLC,Philippines,54.2,AUTO-Level-78,Automotive Parts,2024-12-28,pending,,2024-12,32.1,0.11,False
PO000803,SUP0025,PRD0008,2025-03-02,680,620.84,USD,422171.2,open,Conner Group,Bangladesh,77.2,PACK-Per-8,Packaging,2025-03-03,overdue,,2025-03,53.0,0.165,False
PO000804,SUP0024,PRD0112,2025-07-04,35,7458.29,USD,261040.15,open,Campos Inc,Mexico,79.6,FURN-Feeling-112,Furniture,2025-07-14,paid,2025-08-05,2025-07,42.8,0.112,False
PO000805,SUP0007,PRD0012,2026-03-13,34,2.32,USD,78.88,open,Ramirez-Lewis,South Korea,49.8,ELEC-Second-12,Electronics,2026-03-22,paid,2026-04-29,2026-03,8.6,0.084,False
PO000806,SUP0030,PRD0068,2026-02-16,1136,19.6,USD,22265.6,open,Stanton-Gill,Indonesia,60.5,FURN-List-68,Furniture,2026-02-19,paid,2026-03-25,2026-02,49.4,0.152,False
PO000807,SUP0030,PRD0064,2025-10-30,170,1125.09,USD,191265.3,open,Stanton-Gill,Indonesia,60.5,AUTO-Energy-64,Automotive Parts,2025-11-12,paid,2025-12-05,2025-10,41.1,0.128,False
PO000808,SUP0025,PRD0122,2025-12-03,26,2.31,USD,60.06,fulfilled,Conner Group,Bangladesh,77.2,CHEM-Customer-122,Chemicals,2025-12-11,overdue,,2025-12,55.0,0.145,False
PO000809,SUP0004,PRD0030,2025-03-26,1229,3461.49,USD,4254171.21,fulfilled,"Johnson, Gonzalez and Santos",Mexico,76.5,AUTO-Several-30,Automotive Parts,2025-04-07,paid,2025-05-15,2025-03,44.0,0.115,False
PO000810,SUP0008,PRD0103,2024-09-05,494,6.84,USD,3378.96,open,Davis Inc,Pakistan,69.7,AUTO-Community-103,Automotive Parts,2024-09-09,paid,2024-09-18,2024-09,,,
PO000811,SUP0012,PRD0105,2025-09-27,136,55.62,USD,7564.32,fulfilled,Stanley LLC,Japan,60.6,FOOD-Able-105,Food & Beverage,2025-09-29,paid,2025-10-08,2025-09,14.5,0.057,False
PO000812,SUP0002,PRD0147,2024-09-24,230,1378.64,USD,317087.2,fulfilled,Rhodes PLC,Germany,87.8,FURN-Physical-147,Furniture,2024-10-05,paid,2024-10-29,2024-09,,,
PO000813,SUP0019,PRD0141,2025-09-17,115,35.12,USD,4038.8,fulfilled,Clark PLC,Germany,69.9,CHEM-Art-141,Chemicals,2025-10-01,paid,2025-10-07,2025-09,5.0,0.031,False
PO000814,SUP0030,PRD0051,2024-09-23,32,2.39,USD,76.48,fulfilled,Stanton-Gill,Indonesia,60.5,AUTO-Shoulder-51,Automotive Parts,2024-09-30,paid,2024-11-02,2024-09,,,
PO000815,SUP0032,PRD0125,2024-09-04,156,1026.13,USD,160076.28,fulfilled,"Lynch, Hernandez and Farmer",Vietnam,57.2,TEXT-Article-125,Textiles,2024-09-15,overdue,,2024-09,,,
PO000816,SUP0034,PRD0054,2025-06-14,527,15.19,USD,8005.13,fulfilled,Koch-Decker,India,69.9,FURN-Ready-54,Furniture,2025-06-28,pending,,2025-06,35.4,0.085,False
PO000817,SUP0016,PRD0039,2025-03-06,348,635.73,USD,221234.04,fulfilled,"Sanchez, Ford and Nelson",Mexico,67.6,MACH-Surface-39,Machinery,2025-03-14,paid,2025-03-24,2025-03,48.7,0.123,False
PO000818,SUP0021,PRD0040,2026-04-20,349,330.4,USD,115309.6,fulfilled,"Ellis, Baker and Wright",India,80.5,FURN-Investment-40,Furniture,2026-04-26,paid,2026-05-01,2026-04,39.7,0.087,False
PO000819,SUP0017,PRD0141,2025-09-12,78,2.31,USD,180.18,fulfilled,"Hawkins, Cohen and Cameron",Nigeria,42.8,CHEM-Art-141,Chemicals,2025-09-17,pending,,2025-09,67.2,0.203,False
PO000820,SUP0012,PRD0062,2026-04-26,251,69.54,USD,17454.54,fulfilled,Stanley LLC,Japan,60.6,TEXT-Training-62,Textiles,2026-05-07,paid,2026-06-18,2026-04,9.4,0.044,False
PO000821,SUP0013,PRD0133,2026-04-08,383,94.08,USD,36032.64,fulfilled,Delacruz Group,Germany,77.3,PACK-Apply-133,Packaging,2026-04-19,paid,2026-05-19,2026-04,12.5,0.043,False
PO000822,SUP0019,PRD0136,2024-11-07,340,9.07,USD,3083.8,cancelled,Clark PLC,Germany,69.9,AUTO-Morning-136,Automotive Parts,,,,2024-11,16.4,0.037,False
PO000823,SUP0040,PRD0032,2024-11-11,97,2014.64,USD,195420.08,open,"Santos, Kim and Holmes",Turkey,71.1,FURN-Us-32,Furniture,2024-11-24,paid,2024-12-26,2024-11,60.2,0.228,False
PO000824,SUP0006,PRD0038,2024-09-22,226,4403.98,USD,995299.48,open,Blake and Sons,China,58.0,ELEC-Material-38,Electronics,2024-10-06,overdue,,2024-09,,,
PO000825,SUP0030,PRD0012,2026-09-01,225,6623.17,USD,1490213.25,cancelled,Stanton-Gill,Indonesia,60.5,ELEC-Second-12,Electronics,,,,2026-09,47.8,0.132,False
PO000826,SUP0031,PRD0046,2025-06-03,934,2.48,USD,2316.32,open,Harrell LLC,Brazil,87.2,FOOD-Health-46,Food & Beverage,2025-06-16,pending,,2025-06,53.4,0.168,False
PO000827,SUP0024,PRD0004,2024-12-03,450,2.31,USD,1039.5,fulfilled,Campos Inc,Mexico,79.6,FOOD-Against-4,Food & Beverage,2024-12-06,paid,2024-12-21,2024-12,41.5,0.1,False
PO000828,SUP0031,PRD0133,2026-03-17,154,2.39,USD,368.06,fulfilled,Harrell LLC,Brazil,87.2,PACK-Apply-133,Packaging,2026-03-24,paid,2026-05-01,2026-03,48.8,0.125,False
PO000829,SUP0036,PRD0137,2025-09-14,340,1607.71,USD,546621.4,fulfilled,Dennis Inc,South Korea,60.1,FOOD-Wide-137,Food & Beverage,2025-09-22,paid,2025-11-05,2025-09,25.6,0.077,False
PO000830,SUP0007,PRD0015,2025-11-21,52,3.86,USD,200.72,fulfilled,Ramirez-Lewis,South Korea,49.8,TEXT-Drop-15,Textiles,2025-12-01,overdue,,2025-11,18.8,0.052,False
PO000831,SUP0025,PRD0103,2025-04-16,151,91.12,USD,13759.12,fulfilled,Conner Group,Bangladesh,77.2,AUTO-Community-103,Automotive Parts,2025-04-21,overdue,,2025-04,53.6,0.114,False
PO000832,SUP0021,PRD0081,2026-08-20,573,27.24,USD,15608.52,fulfilled,"Ellis, Baker and Wright",India,80.5,PACK-Total-81,Packaging,2026-09-03,paid,2026-09-25,2026-08,39.2,0.102,False
PO000833,SUP0016,PRD0051,2025-07-16,1258,1175.53,USD,1478816.74,fulfilled,"Sanchez, Ford and Nelson",Mexico,67.6,AUTO-Shoulder-51,Automotive Parts,2025-07-22,paid,2025-08-09,2025-07,53.1,0.136,False
PO000834,SUP0034,PRD0002,2024-12-27,287,111.54,USD,32011.98,fulfilled,Koch-Decker,India,69.9,PACK-Attack-2,Packaging,2025-01-06,paid,2025-02-13,2024-12,33.0,0.125,False
PO000835,SUP0002,PRD0133,2026-01-03,246,427.42,USD,105145.32,fulfilled,Rhodes PLC,Germany,87.8,PACK-Apply-133,Packaging,2026-01-08,paid,2026-01-15,2026-01,11.4,0.046,False
PO000836,SUP0036,PRD0007,2025-05-16,199,911.07,USD,181302.93,open,Dennis Inc,South Korea,60.1,TEXT-Drug-7,Textiles,2025-05-23,pending,,2025-05,16.8,0.078,False
PO000837,SUP0029,PRD0147,2025-03-23,231,413.08,USD,95421.48,fulfilled,Chavez Ltd,Poland,66.3,FURN-Physical-147,Furniture,2025-04-03,paid,2025-05-07,2025-03,31.5,0.11,False
PO000838,SUP0022,PRD0079,2025-03-19,53,4076.88,USD,216074.64,fulfilled,Burgess-Patterson,Pakistan,79.0,FOOD-System-79,Food & Beverage,2025-03-29,overdue,,2025-03,62.3,0.253,False
PO000839,SUP0025,PRD0015,2025-06-19,349,151.99,USD,53044.51,cancelled,Conner Group,Bangladesh,77.2,TEXT-Drop-15,Textiles,,,,2025-06,55.2,0.11,False
PO000840,SUP0012,PRD0124,2025-11-05,253,784.98,USD,198599.94,fulfilled,Stanley LLC,Japan,60.6,ELEC-Director-124,Electronics,2025-11-14,paid,2025-12-26,2025-11,10.8,0.045,False
PO000841,SUP0019,PRD0137,2025-12-01,240,11.41,USD,2738.4,fulfilled,Clark PLC,Germany,69.9,FOOD-Wide-137,Food & Beverage,2025-12-08,pending,,2025-12,13.8,0.044,False
PO000842,SUP0021,PRD0146,2025-01-29,271,193.85,USD,52533.35,fulfilled,"Ellis, Baker and Wright",India,80.5,FURN-Authority-146,Furniture,2025-02-04,pending,,2025-01,41.3,0.071,False
PO000843,SUP0023,PRD0020,2025-12-06,35,1808.42,USD,63294.7,fulfilled,Robinson-Bright,Indonesia,70.0,FOOD-Give-20,Food & Beverage,2025-12-17,paid,2026-01-21,2025-12,40.7,0.163,False
PO000844,SUP0036,PRD0141,2026-02-17,236,1134.42,USD,267723.12,fulfilled,Dennis Inc,South Korea,60.1,CHEM-Art-141,Chemicals,2026-03-03,paid,2026-03-09,2026-02,21.2,0.077,False
PO000845,SUP0002,PRD0147,2026-03-28,170,36.74,USD,6245.8,fulfilled,Rhodes PLC,Germany,87.8,FURN-Physical-147,Furniture,2026-03-29,pending,,2026-03,14.7,0.046,False
PO000846,SUP0035,PRD0144,2026-06-04,107,904.72,USD,96805.04,fulfilled,Allen PLC,Brazil,54.5,FURN-Today-144,Furniture,2026-06-13,pending,,2026-06,57.0,0.161,False
PO000847,SUP0020,PRD0068,2024-10-08,313,151.24,USD,47338.12,open,Lewis-Porter,Pakistan,59.2,FURN-List-68,Furniture,2024-10-17,pending,,2024-10,63.3,0.232,False
PO000848,SUP0035,PRD0109,2025-01-11,1236,5.9,USD,7292.4,fulfilled,Allen PLC,Brazil,54.5,CHEM-Step-109,Chemicals,2025-01-18,paid,2025-02-20,2025-01,53.3,0.132,False
PO000849,SUP0037,PRD0122,2026-08-08,854,2.31,USD,1972.74,fulfilled,"Cannon, Anderson and Alvarez",United States,65.1,CHEM-Customer-122,Chemicals,2026-08-13,paid,2026-09-16,2026-08,15.8,0.024,False
PO000850,SUP0011,PRD0005,2025-12-19,775,3.03,USD,2348.25,fulfilled,"Montgomery, Hensley and Ray",Indonesia,56.0,TEXT-Per-5,Textiles,2025-12-27,paid,2026-01-27,2025-12,42.6,0.088,False
PO000851,SUP0013,PRD0095,2024-11-15,572,1679.08,USD,960433.76,fulfilled,Delacruz Group,Germany,77.3,PACK-Investment-95,Packaging,2024-11-21,paid,2024-12-04,2024-11,16.0,0.028,False
PO000852,SUP0017,PRD0102,2024-11-01,550,69.72,USD,38346.0,cancelled,"Hawkins, Cohen and Cameron",Nigeria,42.8,TEXT-Artist-102,Textiles,,,,2024-11,76.4,0.301,False
PO000853,SUP0013,PRD0075,2025-07-29,64,177.92,USD,11386.88,fulfilled,Delacruz Group,Germany,77.3,TEXT-Two-75,Textiles,2025-08-04,paid,2025-08-19,2025-07,12.9,0.04,False
PO000854,SUP0007,PRD0048,2025-04-01,30,2.32,USD,69.6,fulfilled,Ramirez-Lewis,South Korea,49.8,FOOD-Item-48,Food & Beverage,2025-04-04,paid,2025-04-13,2025-04,17.9,0.089,False
PO000855,SUP0019,PRD0045,2026-06-20,238,99.21,USD,23611.98,open,Clark PLC,Germany,69.9,CHEM-Lawyer-45,Chemicals,2026-06-27,paid,2026-08-01,2026-06,9.4,0.061,False
PO000856,SUP0020,PRD0075,2025-02-01,183,81.11,USD,14843.13,fulfilled,Lewis-Porter,Pakistan,59.2,TEXT-Two-75,Textiles,2025-02-03,pending,,2025-02,61.8,0.272,False
PO000857,SUP0002,PRD0132,2025-04-06,773,199.71,USD,154375.83,open,Rhodes PLC,Germany,87.8,CHEM-Art-132,Chemicals,2025-04-17,overdue,,2025-04,10.7,0.038,False
PO000858,SUP0005,PRD0078,2026-04-13,323,1740.98,USD,562336.54,fulfilled,Cole LLC,Mexico,58.0,AUTO-Level-78,Automotive Parts,2026-04-19,paid,2026-05-21,2026-04,35.6,0.124,False
PO000859,SUP0012,PRD0141,2025-11-04,157,105.02,USD,16488.14,open,Stanley LLC,Japan,60.6,CHEM-Art-141,Chemicals,2025-11-16,pending,,2025-11,10.8,0.045,False
PO000860,SUP0037,PRD0117,2026-08-22,77,57.39,USD,4419.03,fulfilled,"Cannon, Anderson and Alvarez",United States,65.1,CHEM-Only-117,Chemicals,2026-09-05,paid,2026-09-23,2026-08,15.8,0.024,False
PO000861,SUP0009,PRD0094,2024-11-25,401,7.33,USD,2939.33,open,Munoz-Roman,United States,66.0,MACH-Compare-94,Machinery,2024-12-09,paid,2025-01-18,2024-11,5.0,0.028,False
PO000862,SUP0008,PRD0064,2024-09-18,361,1458.87,USD,526652.07,fulfilled,Davis Inc,Pakistan,69.7,AUTO-Energy-64,Automotive Parts,2024-09-20,paid,2024-10-09,2024-09,,,
PO000863,SUP0005,PRD0103,2026-04-04,91,891.18,USD,81097.38,fulfilled,Cole LLC,Mexico,58.0,AUTO-Community-103,Automotive Parts,2026-04-05,paid,2026-05-01,2026-04,35.6,0.124,False
PO000864,SUP0002,PRD0012,2025-12-09,161,138.28,USD,22263.08,fulfilled,Rhodes PLC,Germany,87.8,ELEC-Second-12,Electronics,2025-12-20,paid,2026-01-19,2025-12,12.4,0.044,False
PO000865,SUP0033,PRD0057,2025-02-07,359,644.78,USD,231476.02,open,"Sellers, George and Burns",China,78.7,CHEM-Ask-57,Chemicals,2025-02-15,pending,,2025-02,22.4,0.065,False
PO000866,SUP0008,PRD0136,2025-12-03,661,136.07,USD,89942.27,fulfilled,Davis Inc,Pakistan,69.7,AUTO-Morning-136,Automotive Parts,2025-12-06,paid,2025-12-24,2025-12,66.7,0.291,False
PO000867,SUP0007,PRD0060,2025-10-09,72,2.91,USD,209.52,open,Ramirez-Lewis,South Korea,49.8,TEXT-Group-60,Textiles,2025-10-11,paid,2025-11-21,2025-10,15.3,0.072,False
PO000868,SUP0025,PRD0136,2025-04-12,417,13.51,USD,5633.67,fulfilled,Conner Group,Bangladesh,77.2,AUTO-Morning-136,Automotive Parts,2025-04-13,paid,2025-05-22,2025-04,53.6,0.114,False
PO000869,SUP0036,PRD0084,2026-07-19,241,1737.8,USD,418809.8,cancelled,Dennis Inc,South Korea,60.1,PACK-Apply-84,Packaging,,,,2026-07,15.2,0.085,False
PO000870,SUP0002,PRD0122,2026-05-01,91,2.31,USD,210.21,fulfilled,Rhodes PLC,Germany,87.8,CHEM-Customer-122,Chemicals,2026-05-11,paid,2026-06-19,2026-05,19.8,0.031,False
PO000871,SUP0009,PRD0007,2025-11-24,245,312.26,USD,76503.7,cancelled,Munoz-Roman,United States,66.0,TEXT-Drug-7,Textiles,,,,2025-11,15.9,0.028,False
PO000872,SUP0032,PRD0019,2025-12-18,396,380.02,USD,150487.92,fulfilled,"Lynch, Hernandez and Farmer",Vietnam,57.2,PACK-Trade-19,Packaging,2025-12-20,paid,2026-01-21,2025-12,43.1,0.119,False
PO000873,SUP0003,PRD0122,2025-04-07,239,3.53,USD,843.67,open,Johnson-Davis,Vietnam,88.7,CHEM-Customer-122,Chemicals,2025-04-09,pending,,2025-04,30.8,0.1,False
PO000874,SUP0028,PRD0112,2026-03-07,168,186.92,USD,31402.56,cancelled,"Potter, Mack and Peterson",Germany,88.1,FURN-Feeling-112,Furniture,,,,2026-03,10.6,0.036,False
PO000875,SUP0037,PRD0144,2025-01-18,351,264.89,USD,92976.39,open,"Cannon, Anderson and Alvarez",United States,65.1,FURN-Today-144,Furniture,2025-01-23,paid,2025-02-08,2025-01,12.1,0.034,False
PO000876,SUP0020,PRD0147,2025-06-30,433,14.45,USD,6256.85,fulfilled,Lewis-Porter,Pakistan,59.2,FURN-Physical-147,Furniture,2025-07-04,paid,2025-08-02,2025-06,74.1,0.266,False
PO000877,SUP0017,PRD0038,2025-10-31,124,1070.8,USD,132779.2,open,"Hawkins, Cohen and Cameron",Nigeria,42.8,ELEC-Material-38,Electronics,2025-11-10,paid,2025-12-17,2025-10,67.8,0.34,False
PO000878,SUP0035,PRD0135,2026-05-19,342,181.22,USD,61977.24,fulfilled,Allen PLC,Brazil,54.5,CHEM-Me-135,Chemicals,2026-05-24,paid,2026-07-04,2026-05,57.2,0.171,False
PO000879,SUP0026,PRD0012,2025-08-24,181,836.34,USD,151377.54,open,James-Ferrell,Egypt,85.3,ELEC-Second-12,Electronics,2025-08-29,paid,2025-09-23,2025-08,52.4,0.149,False
PO000880,SUP0019,PRD0065,2025-03-18,114,554.48,USD,63210.72,fulfilled,Clark PLC,Germany,69.9,FURN-Dark-65,Furniture,2025-03-31,paid,2025-05-07,2025-03,5.0,0.033,False
PO000881,SUP0013,PRD0145,2025-07-12,192,150.62,USD,28919.04,fulfilled,Delacruz Group,Germany,77.3,MACH-Cultural-145,Machinery,2025-07-24,pending,,2025-07,12.9,0.04,False
PO000882,SUP0028,PRD0015,2026-06-15,176,29.82,USD,5248.32,fulfilled,"Potter, Mack and Peterson",Germany,88.1,TEXT-Drop-15,Textiles,2026-06-26,pending,,2026-06,16.3,0.035,False
PO000883,SUP0034,PRD0103,2026-03-14,577,1122.93,USD,647930.61,fulfilled,Koch-Decker,India,69.9,AUTO-Community-103,Automotive Parts,2026-03-20,paid,2026-04-30,2026-03,44.4,0.088,False
PO000884,SUP0032,PRD0147,2025-06-17,326,39.84,USD,12987.84,fulfilled,"Lynch, Hernandez and Farmer",Vietnam,57.2,FURN-Physical-147,Furniture,2025-06-19,paid,2025-06-30,2025-06,38.4,0.093,False
PO000885,SUP0036,PRD0057,2025-04-30,71,813.57,USD,57763.47,fulfilled,Dennis Inc,South Korea,60.1,CHEM-Ask-57,Chemicals,2025-05-14,paid,2025-06-15,2025-04,23.2,0.075,False
PO000886,SUP0002,PRD0055,2026-03-19,397,561.16,USD,222780.52,fulfilled,Rhodes PLC,Germany,87.8,FURN-Race-55,Furniture,2026-03-24,pending,,2026-03,14.7,0.046,False
PO000887,SUP0021,PRD0062,2026-07-09,143,1673.13,USD,239257.59,fulfilled,"Ellis, Baker and Wright",India,80.5,TEXT-Training-62,Textiles,2026-07-11,overdue,,2026-07,39.7,0.105,False
PO000888,SUP0034,PRD0094,2025-05-25,316,5.07,USD,1602.12,fulfilled,Koch-Decker,India,69.9,MACH-Compare-94,Machinery,2025-06-01,paid,2025-06-19,2025-05,48.1,0.128,False
PO000889,SUP0037,PRD0064,2025-11-01,201,2.36,USD,474.36,fulfilled,"Cannon, Anderson and Alvarez",United States,65.1,AUTO-Energy-64,Automotive Parts,2025-11-07,overdue,,2025-11,10.2,0.028,False
PO000890,SUP0038,PRD0145,2024-09-06,105,2.31,USD,242.55,fulfilled,Rose-Obrien,South Africa,61.5,MACH-Cultural-145,Machinery,2024-09-08,paid,2024-10-07,2024-09,,,
PO000891,SUP0040,PRD0077,2025-12-09,333,2613.68,USD,870355.44,fulfilled,"Santos, Kim and Holmes",Turkey,71.1,FURN-Bag-77,Furniture,2025-12-10,paid,2026-01-02,2025-12,58.9,0.243,False
PO000892,SUP0009,PRD0066,2025-09-12,281,116.71,USD,32795.51,fulfilled,Munoz-Roman,United States,66.0,TEXT-Customer-66,Textiles,2025-09-18,paid,2025-10-31,2025-09,15.4,0.033,False
PO000893,SUP0019,PRD0141,2024-11-12,613,12.83,USD,7864.79,open,Clark PLC,Germany,69.9,CHEM-Art-141,Chemicals,2024-11-15,paid,2024-11-20,2024-11,16.4,0.037,False
PO000894,SUP0037,PRD0037,2025-09-15,482,213.16,USD,102743.12,cancelled,"Cannon, Anderson and Alvarez",United States,65.1,CHEM-Still-37,Chemicals,,,,2025-09,8.2,0.017,False
PO000895,SUP0034,PRD0079,2024-12-22,39,47.42,USD,1849.38,open,Koch-Decker,India,69.9,FOOD-System-79,Food & Beverage,2024-12-30,pending,,2024-12,33.0,0.125,False
PO000896,SUP0012,PRD0082,2025-10-25,93,40.41,USD,3758.13,fulfilled,Stanley LLC,Japan,60.6,AUTO-Oil-82,Automotive Parts,2025-11-08,paid,2025-12-05,2025-10,16.9,0.047,False
PO000897,SUP0003,PRD0083,2026-06-16,189,2139.4,USD,404346.6,fulfilled,Johnson-Davis,Vietnam,88.7,TEXT-Billion-83,Textiles,2026-06-27,paid,2026-08-03,2026-06,41.7,0.094,False
PO000898,SUP0026,PRD0078,2025-11-13,102,84.38,USD,8606.76,fulfilled,James-Ferrell,Egypt,85.3,AUTO-Level-78,Automotive Parts,2025-11-22,pending,,2025-11,43.9,0.173,False
PO000899,SUP0020,PRD0003,2025-07-07,771,2.62,USD,2020.02,fulfilled,Lewis-Porter,Pakistan,59.2,ELEC-Ground-3,Electronics,2025-07-13,paid,2025-07-30,2025-07,65.6,0.136,False
PO000900,SUP0034,PRD0055,2025-03-04,539,1396.41,USD,752664.99,fulfilled,Koch-Decker,India,69.9,FURN-Race-55,Furniture,2025-03-09,paid,2025-04-08,2025-03,31.3,0.126,False
PO000901,SUP0034,PRD0025,2024-09-09,497,8.51,USD,4229.47,fulfilled,Koch-Decker,India,69.9,CHEM-Relationship-25,Chemicals,2024-09-10,paid,2024-09-15,2024-09,,,
PO000902,SUP0037,PRD0148,2025-05-20,611,1519.82,USD,928610.02,fulfilled,"Cannon, Anderson and Alvarez",United States,65.1,FOOD-Author-148,Food & Beverage,2025-05-29,paid,2025-06-29,2025-05,20.4,0.038,False
PO000903,SUP0031,PRD0094,2025-08-29,698,272.11,USD,189932.78,fulfilled,Harrell LLC,Brazil,87.2,MACH-Compare-94,Machinery,2025-09-07,paid,2025-09-19,2025-08,53.2,0.175,False
PO000904,SUP0009,PRD0007,2026-05-11,137,3411.4,USD,467361.8,fulfilled,Munoz-Roman,United States,66.0,TEXT-Drug-7,Textiles,2026-05-22,paid,2026-05-30,2026-05,16.2,0.031,False
PO000905,SUP0037,PRD0120,2025-02-01,314,721.98,USD,226701.72,fulfilled,"Cannon, Anderson and Alvarez",United States,65.1,MACH-Message-120,Machinery,2025-02-02,paid,2025-02-22,2025-02,11.5,0.04,False
PO000906,SUP0036,PRD0028,2024-10-05,593,6.74,USD,3996.82,cancelled,Dennis Inc,South Korea,60.1,AUTO-Notice-28,Automotive Parts,,,,2024-10,23.2,0.052,False
PO000907,SUP0021,PRD0012,2026-04-13,91,617.05,USD,56151.55,fulfilled,"Ellis, Baker and Wright",India,80.5,ELEC-Second-12,Electronics,2026-04-27,paid,2026-05-29,2026-04,39.7,0.087,False
PO000908,SUP0011,PRD0091,2024-09-14,457,73.26,USD,33479.82,fulfilled,"Montgomery, Hensley and Ray",Indonesia,56.0,FOOD-Some-91,Food & Beverage,2024-09-16,paid,2024-09-29,2024-09,,,
PO000909,SUP0004,PRD0078,2025-01-31,135,2877.99,USD,388528.65,fulfilled,"Johnson, Gonzalez and Santos",Mexico,76.5,AUTO-Level-78,Automotive Parts,2025-02-02,paid,2025-02-08,2025-01,38.1,0.07,False
PO000910,SUP0009,PRD0114,2025-07-19,58,829.98,USD,48138.84,fulfilled,Munoz-Roman,United States,66.0,FOOD-Same-114,Food & Beverage,2025-07-24,paid,2025-08-24,2025-07,17.9,0.023,False
PO000911,SUP0017,PRD0082,2026-05-23,93,2.32,USD,215.76,fulfilled,"Hawkins, Cohen and Cameron",Nigeria,42.8,AUTO-Oil-82,Automotive Parts,2026-06-05,overdue,,2026-05,65.5,0.322,False
PO000912,SUP0016,PRD0100,2026-07-16,447,1772.65,USD,792374.55,fulfilled,"Sanchez, Ford and Nelson",Mexico,67.6,TEXT-Institution-100,Textiles,2026-07-21,paid,2026-08-07,2026-07,42.4,0.098,False
PO000913,SUP0038,PRD0110,2025-08-09,283,364.83,USD,103246.89,fulfilled,Rose-Obrien,South Africa,61.5,CHEM-Still-110,Chemicals,2025-08-21,pending,,2025-08,58.1,0.195,False
PO000914,SUP0008,PRD0024,2026-03-18,208,324.57,USD,67510.56,fulfilled,Davis Inc,Pakistan,69.7,MACH-Family-24,Machinery,2026-03-21,paid,2026-03-28,2026-03,71.9,0.327,False
PO000915,SUP0040,PRD0111,2026-02-06,197,14.78,USD,2911.66,fulfilled,"Santos, Kim and Holmes",Turkey,71.1,PACK-Look-111,Packaging,2026-02-11,paid,2026-02-26,2026-02,57.6,0.165,False
PO000916,SUP0008,PRD0035,2026-04-26,236,4.94,USD,1165.84,fulfilled,Davis Inc,Pakistan,69.7,MACH-Material-35,Machinery,2026-04-30,paid,2026-06-01,2026-04,58.2,0.24,False
PO000917,SUP0027,PRD0079,2026-06-20,909,115.38,USD,104880.42,fulfilled,"Valencia, Smith and Le",Vietnam,70.4,FOOD-System-79,Food & Beverage,2026-06-24,paid,2026-08-01,2026-06,45.3,0.102,False
PO000918,SUP0026,PRD0057,2026-08-29,255,73.1,USD,18640.5,open,James-Ferrell,Egypt,85.3,CHEM-Ask-57,Chemicals,2026-09-05,paid,2026-09-23,2026-08,63.3,0.217,False
PO000919,SUP0024,PRD0118,2024-09-21,1190,3321.12,USD,3952132.8,open,Campos Inc,Mexico,79.6,CHEM-Recently-118,Chemicals,2024-10-03,paid,2024-11-11,2024-09,,,
PO000920,SUP0010,PRD0023,2026-01-02,233,2538.29,USD,591421.57,fulfilled,"Martinez, Nielsen and Miller",Egypt,43.6,MACH-Economy-23,Machinery,2026-01-13,pending,,2026-01,57.0,0.183,False
PO000921,SUP0024,PRD0037,2025-12-11,311,230.5,USD,71685.5,fulfilled,Campos Inc,Mexico,79.6,CHEM-Still-37,Chemicals,2025-12-17,overdue,,2025-12,41.5,0.121,False
PO000922,SUP0012,PRD0035,2025-07-06,824,4977.27,USD,4101270.48,cancelled,Stanley LLC,Japan,60.6,MACH-Material-35,Machinery,,,,2025-07,15.1,0.039,False
PO000923,SUP0015,PRD0083,2026-02-03,171,35.12,USD,6005.52,fulfilled,"Zuniga, Wong and Lynch",India,76.1,TEXT-Billion-83,Textiles,2026-02-10,paid,2026-02-16,2026-02,43.0,0.103,False
PO000924,SUP0021,PRD0103,2026-08-16,614,3.82,USD,2345.48,fulfilled,"Ellis, Baker and Wright",India,80.5,AUTO-Community-103,Automotive Parts,2026-08-24,paid,2026-09-18,2026-08,39.2,0.102,False
PO000925,SUP0009,PRD0079,2024-12-03,112,579.67,USD,64923.04,open,Munoz-Roman,United States,66.0,FOOD-System-79,Food & Beverage,2024-12-14,pending,,2024-12,10.0,0.031,False
PO000926,SUP0036,PRD0078,2025-08-20,816,278.82,USD,227517.12,fulfilled,Dennis Inc,South Korea,60.1,AUTO-Level-78,Automotive Parts,2025-08-23,paid,2025-08-29,2025-08,23.0,0.072,False
PO000927,SUP0020,PRD0147,2025-10-28,255,238.94,USD,60929.7,fulfilled,Lewis-Porter,Pakistan,59.2,FURN-Physical-147,Furniture,2025-11-08,paid,2025-11-29,2025-10,63.5,0.237,False
PO000928,SUP0001,PRD0142,2026-07-14,307,1820.0,USD,558740.0,open,"Rodriguez, Figueroa and Sanchez",South Korea,74.7,TEXT-Movie-142,Textiles,2026-07-22,paid,2026-08-06,2026-07,25.5,0.07,False
PO000929,SUP0014,PRD0018,2025-09-07,238,280.44,USD,66744.72,open,"Flowers, Martin and Kelly",United States,46.7,FURN-Almost-18,Furniture,2025-09-12,pending,,2025-09,13.9,0.025,False
PO000930,SUP0019,PRD0095,2025-03-18,238,62.35,USD,14839.3,open,Clark PLC,Germany,69.9,PACK-Investment-95,Packaging,2025-03-25,paid,2025-05-04,2025-03,5.0,0.033,False
PO000931,SUP0007,PRD0010,2025-01-20,532,246.83,USD,131313.56,cancelled,Ramirez-Lewis,South Korea,49.8,CHEM-Account-10,Chemicals,,,,2025-01,21.8,0.073,False
PO000932,SUP0031,PRD0048,2024-11-02,472,1792.36,USD,845993.92,fulfilled,Harrell LLC,Brazil,87.2,FOOD-Item-48,Food & Beverage,2024-11-09,pending,,2024-11,54.4,0.219,False
PO000933,SUP0025,PRD0139,2026-08-18,116,2.61,USD,302.76,cancelled,Conner Group,Bangladesh,77.2,FOOD-Nice-139,Food & Beverage,,,,2026-08,55.7,0.18,False
PO000934,SUP0026,PRD0057,2025-05-27,141,837.44,USD,118079.04,fulfilled,James-Ferrell,Egypt,85.3,CHEM-Ask-57,Chemicals,2025-05-29,pending,,2025-05,52.8,0.219,False
PO000935,SUP0038,PRD0058,2026-06-14,618,1141.75,USD,705601.5,fulfilled,Rose-Obrien,South Africa,61.5,AUTO-Interesting-58,Automotive Parts,2026-06-19,paid,2026-07-20,2026-06,57.3,0.223,False
PO000936,SUP0002,PRD0048,2025-11-06,31,50.69,USD,1571.39,open,Rhodes PLC,Germany,87.8,FOOD-Item-48,Food & Beverage,2025-11-20,paid,2025-12-13,2025-11,11.3,0.042,False
PO000937,SUP0001,PRD0122,2026-08-17,756,2.31,USD,1746.36,fulfilled,"Rodriguez, Figueroa and Sanchez",South Korea,74.7,CHEM-Customer-122,Chemicals,2026-08-25,paid,2026-08-30,2026-08,29.1,0.075,False
PO000938,SUP0035,PRD0009,2025-10-05,373,142.85,USD,53283.05,fulfilled,Allen PLC,Brazil,54.5,MACH-Discussion-9,Machinery,2025-10-12,pending,,2025-10,53.8,0.155,False
PO000939,SUP0040,PRD0089,2025-09-17,129,464.15,USD,59875.35,open,"Santos, Kim and Holmes",Turkey,71.1,ELEC-Better-89,Electronics,2025-09-20,paid,2025-09-27,2025-09,53.6,0.209,False
PO000940,SUP0026,PRD0137,2025-07-22,213,1982.73,USD,422321.49,fulfilled,James-Ferrell,Egypt,85.3,FOOD-Wide-137,Food & Beverage,2025-07-24,paid,2025-09-03,2025-07,51.2,0.211,False
PO000941,SUP0004,PRD0025,2026-02-17,251,570.65,USD,143233.15,fulfilled,"Johnson, Gonzalez and Santos",Mexico,76.5,CHEM-Relationship-25,Chemicals,2026-02-27,paid,2026-03-17,2026-02,43.0,0.144,False
PO000942,SUP0040,PRD0150,2025-09-30,605,43.2,USD,26136.0,cancelled,"Santos, Kim and Holmes",Turkey,71.1,TEXT-Training-150,Textiles,,,,2025-09,53.6,0.209,False
PO000943,SUP0014,PRD0133,2026-08-31,217,24.77,USD,5375.09,open,"Flowers, Martin and Kelly",United States,46.7,PACK-Apply-133,Packaging,2026-09-14,paid,2026-09-30,2026-08,9.6,0.02,False
PO000944,SUP0022,PRD0114,2025-06-20,175,17.92,USD,3136.0,fulfilled,Burgess-Patterson,Pakistan,79.0,FOOD-Same-114,Food & Beverage,2025-06-29,pending,,2025-06,70.9,0.238,False
PO000945,SUP0006,PRD0062,2025-03-12,356,413.72,USD,147284.32,fulfilled,Blake and Sons,China,58.0,TEXT-Training-62,Textiles,2025-03-25,overdue,,2025-03,35.7,0.096,False
PO000946,SUP0031,PRD0128,2025-10-05,431,602.6,USD,259720.6,fulfilled,Harrell LLC,Brazil,87.2,TEXT-Occur-128,Textiles,2025-10-11,paid,2025-10-31,2025-10,42.5,0.182,False
PO000947,SUP0031,PRD0091,2026-05-29,273,20.97,USD,5724.81,fulfilled,Harrell LLC,Brazil,87.2,FOOD-Some-91,Food & Beverage,2026-06-01,paid,2026-07-14,2026-05,54.7,0.138,False
PO000948,SUP0007,PRD0078,2026-08-02,187,1209.15,USD,226111.05,fulfilled,Ramirez-Lewis,South Korea,49.8,AUTO-Level-78,Automotive Parts,2026-08-07,pending,,2026-08,19.1,0.076,False
PO000949,SUP0010,PRD0148,2026-06-08,329,20.24,USD,6658.96,fulfilled,"Martinez, Nielsen and Miller",Egypt,43.6,FOOD-Author-148,Food & Beverage,2026-06-18,paid,2026-07-24,2026-06,60.8,0.185,False
PO000950,SUP0029,PRD0010,2025-09-10,323,609.5,USD,196868.5,fulfilled,Chavez Ltd,Poland,66.3,CHEM-Account-10,Chemicals,2025-09-20,pending,,2025-09,32.2,0.089,False
PO000951,SUP0033,PRD0077,2025-03-21,160,908.87,USD,145419.2,open,"Sellers, George and Burns",China,78.7,FURN-Bag-77,Furniture,2025-03-24,paid,2025-04-07,2025-03,27.9,0.116,False
PO000952,SUP0025,PRD0132,2025-03-05,577,381.43,USD,220085.11,cancelled,Conner Group,Bangladesh,77.2,CHEM-Art-132,Chemicals,,,,2025-03,53.0,0.165,False
PO000953,SUP0017,PRD0025,2026-06-27,228,3471.63,USD,791531.64,fulfilled,"Hawkins, Cohen and Cameron",Nigeria,42.8,CHEM-Relationship-25,Chemicals,2026-07-05,paid,2026-07-11,2026-06,69.0,0.224,False
PO000954,SUP0014,PRD0076,2026-02-25,125,679.3,USD,84912.5,fulfilled,"Flowers, Martin and Kelly",United States,46.7,PACK-Wind-76,Packaging,2026-03-03,overdue,,2026-02,12.4,0.034,False
PO000955,SUP0036,PRD0104,2026-03-27,363,3.65,USD,1324.95,fulfilled,Dennis Inc,South Korea,60.1,AUTO-Hundred-104,Automotive Parts,2026-04-03,paid,2026-05-15,2026-03,22.8,0.042,False
PO000956,SUP0020,PRD0040,2024-10-02,275,506.98,USD,139419.5,fulfilled,Lewis-Porter,Pakistan,59.2,FURN-Investment-40,Furniture,2024-10-06,paid,2024-10-23,2024-10,63.3,0.232,False
PO000957,SUP0036,PRD0065,2025-08-25,201,882.88,USD,177458.88,fulfilled,Dennis Inc,South Korea,60.1,FURN-Dark-65,Furniture,2025-09-01,paid,2025-10-14,2025-08,23.0,0.072,False
PO000958,SUP0017,PRD0071,2024-11-07,278,1858.31,USD,516610.18,fulfilled,"Hawkins, Cohen and Cameron",Nigeria,42.8,ELEC-Cover-71,Electronics,2024-11-14,paid,2024-11-19,2024-11,76.4,0.301,False
PO000959,SUP0003,PRD0108,2026-04-04,386,1337.09,USD,516116.74,fulfilled,Johnson-Davis,Vietnam,88.7,FURN-With-108,Furniture,2026-04-08,paid,2026-05-17,2026-04,47.2,0.129,False
PO000960,SUP0028,PRD0023,2024-09-15,146,6.26,USD,913.96,fulfilled,"Potter, Mack and Peterson",Germany,88.1,MACH-Economy-23,Machinery,2024-09-23,paid,2024-10-04,2024-09,,,
PO000961,SUP0027,PRD0079,2025-01-18,391,2.33,USD,911.03,fulfilled,"Valencia, Smith and Le",Vietnam,70.4,FOOD-System-79,Food & Beverage,2025-01-21,paid,2025-01-30,2025-01,41.4,0.132,False
PO000962,SUP0032,PRD0141,2024-12-09,282,37.41,USD,10549.62,fulfilled,"Lynch, Hernandez and Farmer",Vietnam,57.2,CHEM-Art-141,Chemicals,2024-12-22,paid,2025-01-22,2024-12,40.4,0.085,False
PO000963,SUP0010,PRD0136,2024-11-20,46,107.06,USD,4924.76,fulfilled,"Martinez, Nielsen and Miller",Egypt,43.6,AUTO-Morning-136,Automotive Parts,2024-11-27,paid,2024-12-02,2024-11,56.9,0.198,False
PO000964,SUP0040,PRD0147,2026-01-17,155,3.08,USD,477.4,fulfilled,"Santos, Kim and Holmes",Turkey,71.1,FURN-Physical-147,Furniture,2026-01-28,paid,2026-03-05,2026-01,52.2,0.219,False
PO000965,SUP0011,PRD0023,2026-06-28,121,1309.74,USD,158478.54,fulfilled,"Montgomery, Hensley and Ray",Indonesia,56.0,MACH-Economy-23,Machinery,2026-07-07,overdue,,2026-06,49.6,0.109,False
PO000966,SUP0014,PRD0084,2026-06-04,650,2.49,USD,1618.5,fulfilled,"Flowers, Martin and Kelly",United States,46.7,PACK-Apply-84,Packaging,2026-06-14,paid,2026-06-21,2026-06,13.5,0.033,False
PO000967,SUP0032,PRD0043,2025-12-27,116,2.37,USD,274.92,fulfilled,"Lynch, Hernandez and Farmer",Vietnam,57.2,CHEM-Bill-43,Chemicals,2026-01-08,paid,2026-02-19,2025-12,43.1,0.119,False
PO000968,SUP0036,PRD0012,2025-09-19,160,22.59,USD,3614.4,fulfilled,Dennis Inc,South Korea,60.1,ELEC-Second-12,Electronics,2025-10-01,pending,,2025-09,25.6,0.077,False
PO000969,SUP0002,PRD0003,2025-12-31,81,58.21,USD,4715.01,fulfilled,Rhodes PLC,Germany,87.8,ELEC-Ground-3,Electronics,2026-01-10,paid,2026-01-21,2025-12,12.4,0.044,False
PO000970,SUP0029,PRD0067,2026-03-16,852,4.73,USD,4029.96,fulfilled,Chavez Ltd,Poland,66.3,FURN-Not-67,Furniture,2026-03-24,overdue,,2026-03,19.5,0.073,False
PO000971,SUP0008,PRD0114,2024-11-27,242,1259.12,USD,304707.04,fulfilled,Davis Inc,Pakistan,69.7,FOOD-Same-114,Food & Beverage,2024-12-08,paid,2025-01-07,2024-11,59.6,0.179,False
PO000972,SUP0014,PRD0055,2026-07-27,145,49.17,USD,7129.65,fulfilled,"Flowers, Martin and Kelly",United States,46.7,FURN-Race-55,Furniture,2026-08-10,pending,,2026-07,11.2,0.019,False
PO000973,SUP0031,PRD0046,2025-08-20,130,272.32,USD,35401.6,fulfilled,Harrell LLC,Brazil,87.2,FOOD-Health-46,Food & Beverage,2025-08-22,paid,2025-09-17,2025-08,53.2,0.175,False
PO000974,SUP0008,PRD0020,2025-05-18,402,19.62,USD,7887.24,fulfilled,Davis Inc,Pakistan,69.7,FOOD-Give-20,Food & Beverage,2025-05-19,paid,2025-06-07,2025-05,63.8,0.268,False
PO000975,SUP0007,PRD0048,2026-05-01,80,2.31,USD,184.8,fulfilled,Ramirez-Lewis,South Korea,49.8,FOOD-Item-48,Food & Beverage,2026-05-10,pending,,2026-05,20.0,0.074,False
PO000976,SUP0009,PRD0001,2026-08-30,315,1778.8,USD,560322.0,cancelled,Munoz-Roman,United States,66.0,MACH-Down-1,Machinery,,,,2026-08,19.3,0.05,False
PO000977,SUP0019,PRD0147,2025-06-29,325,13.8,USD,4485.0,fulfilled,Clark PLC,Germany,69.9,FURN-Physical-147,Furniture,2025-07-09,paid,2025-07-15,2025-06,8.4,0.058,False
PO000978,SUP0021,PRD0013,2025-11-09,350,687.37,USD,240579.5,open,"Ellis, Baker and Wright",India,80.5,CHEM-Program-13,Chemicals,2025-11-19,pending,,2025-11,39.8,0.084,False
PO000979,SUP0033,PRD0092,2026-04-11,382,277.69,USD,106077.58,fulfilled,"Sellers, George and Burns",China,78.7,ELEC-Time-92,Electronics,2026-04-14,paid,2026-05-10,2026-04,31.1,0.073,False
PO000980,SUP0005,PRD0108,2025-08-10,376,981.88,USD,369186.88,fulfilled,Cole LLC,Mexico,58.0,FURN-With-108,Furniture,2025-08-15,paid,2025-08-20,2025-08,40.0,0.107,False
PO000981,SUP0031,PRD0033,2025-01-05,466,609.68,USD,284110.88,cancelled,Harrell LLC,Brazil,87.2,PACK-Own-33,Packaging,,,,2025-01,54.3,0.107,False
PO000982,SUP0020,PRD0148,2025-04-10,24,208.01,USD,4992.24,open,Lewis-Porter,Pakistan,59.2,FOOD-Author-148,Food & Beverage,2025-04-21,pending,,2025-04,66.7,0.245,False
PO000983,SUP0038,PRD0133,2025-05-06,443,2.81,USD,1244.83,fulfilled,Rose-Obrien,South Africa,61.5,PACK-Apply-133,Packaging,2025-05-10,pending,,2025-05,60.2,0.197,False
PO000984,SUP0030,PRD0007,2026-01-03,208,261.73,USD,54439.84,fulfilled,Stanton-Gill,Indonesia,60.5,TEXT-Drug-7,Textiles,2026-01-06,paid,2026-01-25,2026-01,43.7,0.163,False
PO000985,SUP0029,PRD0051,2025-01-17,28,2.31,USD,64.68,fulfilled,Chavez Ltd,Poland,66.3,AUTO-Shoulder-51,Automotive Parts,2025-01-29,pending,,2025-01,28.2,0.102,False
PO000986,SUP0037,PRD0084,2024-12-21,238,2362.6,USD,562298.8,fulfilled,"Cannon, Anderson and Alvarez",United States,65.1,PACK-Apply-84,Packaging,2024-12-28,paid,2025-01-28,2024-12,8.1,0.015,False
PO000987,SUP0017,PRD0026,2025-05-16,92,14.0,USD,1288.0,fulfilled,"Hawkins, Cohen and Cameron",Nigeria,42.8,PACK-Mention-26,Packaging,2025-05-20,paid,2025-07-01,2025-05,68.4,0.32,False
PO000988,SUP0015,PRD0144,2024-09-09,450,782.57,USD,352156.5,fulfilled,"Zuniga, Wong and Lynch",India,76.1,FURN-Today-144,Furniture,2024-09-15,paid,2024-10-21,2024-09,,,
PO000989,SUP0003,PRD0122,2025-02-24,236,2.86,USD,674.96,open,Johnson-Davis,Vietnam,88.7,CHEM-Customer-122,Chemicals,2025-03-04,paid,2025-04-01,2025-02,40.0,0.115,False
PO000990,SUP0017,PRD0091,2024-11-15,242,144.9,USD,35065.8,fulfilled,"Hawkins, Cohen and Cameron",Nigeria,42.8,FOOD-Some-91,Food & Beverage,2024-11-25,paid,2024-12-02,2024-11,76.4,0.301,False
PO000991,SUP0026,PRD0097,2026-04-07,217,2111.04,USD,458095.68,fulfilled,James-Ferrell,Egypt,85.3,ELEC-Medical-97,Electronics,2026-04-13,paid,2026-05-27,2026-04,49.2,0.146,False
PO000992,SUP0025,PRD0110,2026-08-03,210,495.03,USD,103956.3,fulfilled,Conner Group,Bangladesh,77.2,CHEM-Still-110,Chemicals,2026-08-07,paid,2026-09-15,2026-08,55.7,0.18,False
PO000993,SUP0028,PRD0114,2024-10-31,474,2.31,USD,1094.94,fulfilled,"Potter, Mack and Peterson",Germany,88.1,FOOD-Same-114,Food & Beverage,2024-11-01,pending,,2024-10,18.0,0.039,False
PO000994,SUP0025,PRD0144,2024-10-28,68,1706.16,USD,116018.88,fulfilled,Conner Group,Bangladesh,77.2,FURN-Today-144,Furniture,2024-11-07,pending,,2024-10,49.3,0.179,False
PO000995,SUP0028,PRD0079,2026-03-11,454,123.72,USD,56168.88,fulfilled,"Potter, Mack and Peterson",Germany,88.1,FOOD-System-79,Food & Beverage,2026-03-25,paid,2026-03-30,2026-03,10.6,0.036,False
PO000996,SUP0022,PRD0016,2026-05-08,344,6.31,USD,2170.64,fulfilled,Burgess-Patterson,Pakistan,79.0,CHEM-Author-16,Chemicals,2026-05-20,pending,,2026-05,64.2,0.305,False
PO000997,SUP0029,PRD0078,2026-02-21,501,14.67,USD,7349.67,fulfilled,Chavez Ltd,Poland,66.3,AUTO-Level-78,Automotive Parts,2026-03-01,pending,,2026-02,30.8,0.089,False
PO000998,SUP0030,PRD0041,2025-07-26,832,50.16,USD,41733.12,fulfilled,Stanton-Gill,Indonesia,60.5,PACK-Customer-41,Packaging,2025-08-08,paid,2025-08-15,2025-07,48.1,0.118,False
PO000999,SUP0026,PRD0079,2025-08-30,220,2.41,USD,530.2,open,James-Ferrell,Egypt,85.3,FOOD-System-79,Food & Beverage,2025-09-13,paid,2025-10-17,2025-08,52.4,0.149,False
PO001000,SUP0036,PRD0027,2026-04-11,626,2.62,USD,1640.12,open,Dennis Inc,South Korea,60.1,TEXT-Difficult-27,Textiles,2026-04-12,paid,2026-04-21,2026-04,24.0,0.088,False
PO001001,SUP0002,PRD0095,2025-09-04,283,2.9,USD,820.7,fulfilled,Rhodes PLC,Germany,87.8,PACK-Investment-95,Packaging,2025-09-12,paid,2025-09-25,2025-09,10.6,0.047,False
PO001002,SUP0010,PRD0144,2026-05-29,711,171.18,USD,121708.98,fulfilled,"Martinez, Nielsen and Miller",Egypt,43.6,FURN-Today-144,Furniture,2026-06-05,paid,2026-07-05,2026-05,47.5,0.178,False
PO001003,SUP0008,PRD0121,2025-01-15,78,12.79,USD,997.62,fulfilled,Davis Inc,Pakistan,69.7,ELEC-Clear-121,Electronics,2025-01-20,pending,,2025-01,61.9,0.24,False
PO001004,SUP0030,PRD0135,2025-05-24,481,71.88,USD,34574.28,open,Stanton-Gill,Indonesia,60.5,CHEM-Me-135,Chemicals,2025-06-01,paid,2025-07-13,2025-05,44.2,0.119,False
PO001005,SUP0008,PRD0081,2025-06-11,72,58.77,USD,4231.44,fulfilled,Davis Inc,Pakistan,69.7,PACK-Total-81,Packaging,2025-06-17,pending,,2025-06,67.0,0.252,True
PO001006,SUP0010,PRD0071,2026-04-26,68,2.35,USD,159.8,fulfilled,"Martinez, Nielsen and Miller",Egypt,43.6,ELEC-Cover-71,Electronics,2026-05-10,paid,2026-05-24,2026-04,52.2,0.22,False
PO001007,SUP0038,PRD0032,2024-12-03,1413,1982.04,USD,2800622.52,fulfilled,Rose-Obrien,South Africa,61.5,FURN-Us-32,Furniture,2024-12-06,paid,2025-01-04,2024-12,52.1,0.193,False
PO001008,SUP0026,PRD0056,2025-03-21,150,193.07,USD,28960.5,fulfilled,James-Ferrell,Egypt,85.3,MACH-Billion-56,Machinery,2025-03-23,paid,2025-04-25,2025-03,53.8,0.202,False
PO001009,SUP0013,PRD0142,2025-05-23,123,25.72,USD,3163.56,fulfilled,Delacruz Group,Germany,77.3,TEXT-Movie-142,Textiles,2025-06-06,paid,2025-06-15,2025-05,11.2,0.028,False
PO001010,SUP0020,PRD0012,2025-01-01,359,71.2,USD,25560.8,fulfilled,Lewis-Porter,Pakistan,59.2,ELEC-Second-12,Electronics,2025-01-13,paid,2025-02-20,2025-01,67.2,0.244,False
PO001011,SUP0020,PRD0048,2026-01-12,101,2994.85,USD,302479.85,fulfilled,Lewis-Porter,Pakistan,59.2,FOOD-Item-48,Food & Beverage,2026-01-24,paid,2026-02-02,2026-01,64.1,0.172,False
PO001012,SUP0040,PRD0070,2025-07-06,94,2.69,USD,252.86,open,"Santos, Kim and Holmes",Turkey,71.1,PACK-Knowledge-70,Packaging,2025-07-19,pending,,2025-07,61.6,0.237,False
PO001013,SUP0005,PRD0004,2025-08-08,74,2378.1,USD,175979.4,fulfilled,Cole LLC,Mexico,58.0,FOOD-Against-4,Food & Beverage,2025-08-09,pending,,2025-08,40.0,0.107,False
PO001014,SUP0030,PRD0016,2025-12-27,318,215.25,USD,68449.5,fulfilled,Stanton-Gill,Indonesia,60.5,CHEM-Author-16,Chemicals,2025-12-30,paid,2026-01-21,2025-12,46.3,0.143,False
PO001015,SUP0020,PRD0058,2024-11-20,112,2703.7,USD,302814.4,open,Lewis-Porter,Pakistan,59.2,AUTO-Interesting-58,Automotive Parts,2024-11-30,paid,2025-01-01,2024-11,68.8,0.234,False
PO001016,SUP0011,PRD0062,2026-07-01,343,7126.76,USD,2444478.68,fulfilled,"Montgomery, Hensley and Ray",Indonesia,56.0,TEXT-Training-62,Textiles,2026-07-15,paid,2026-07-23,2026-07,48.7,0.08,False
PO001017,SUP0013,PRD0044,2026-08-01,156,27.55,USD,4297.8,fulfilled,Delacruz Group,Germany,77.3,MACH-Reason-44,Machinery,2026-08-05,paid,2026-09-12,2026-08,6.2,0.05,False
PO001018,SUP0036,PRD0111,2025-04-08,423,54.65,USD,23116.95,fulfilled,Dennis Inc,South Korea,60.1,PACK-Look-111,Packaging,2025-04-19,pending,,2025-04,23.2,0.075,False
PO001019,SUP0021,PRD0100,2025-03-28,152,21.36,USD,3246.72,cancelled,"Ellis, Baker and Wright",India,80.5,TEXT-Institution-100,Textiles,,,,2025-03,29.9,0.104,False
PO001020,SUP0004,PRD0036,2025-05-12,104,398.26,USD,41419.04,fulfilled,"Johnson, Gonzalez and Santos",Mexico,76.5,ELEC-Eight-36,Electronics,2025-05-23,pending,,2025-05,40.2,0.147,False
PO001021,SUP0037,PRD0021,2025-01-06,593,1226.67,USD,727415.31,fulfilled,"Cannon, Anderson and Alvarez",United States,65.1,MACH-Avoid-21,Machinery,2025-01-19,overdue,,2025-01,12.1,0.034,False
PO001022,SUP0026,PRD0121,2025-05-29,282,3.84,USD,1082.88,fulfilled,James-Ferrell,Egypt,85.3,ELEC-Clear-121,Electronics,2025-06-04,paid,2025-06-23,2025-05,52.8,0.219,False
PO001023,SUP0003,PRD0135,2026-08-11,319,5.04,USD,1607.76,fulfilled,Johnson-Davis,Vietnam,88.7,CHEM-Me-135,Chemicals,2026-08-19,paid,2026-09-24,2026-08,43.9,0.09,False
PO001024,SUP0030,PRD0119,2026-05-17,97,187.28,USD,18166.16,fulfilled,Stanton-Gill,Indonesia,60.5,TEXT-Serious-119,Textiles,2026-05-19,paid,2026-06-14,2026-05,39.8,0.126,False
PO001025,SUP0003,PRD0147,2025-07-24,311,2181.27,USD,678374.97,fulfilled,Johnson-Davis,Vietnam,88.7,FURN-Physical-147,Furniture,2025-08-06,pending,,2025-07,50.9,0.077,False
PO001026,SUP0025,PRD0083,2026-04-07,718,5.7,USD,4092.6,open,Conner Group,Bangladesh,77.2,TEXT-Billion-83,Textiles,2026-04-13,pending,,2026-04,61.8,0.169,False
PO001027,SUP0013,PRD0015,2026-08-05,382,763.41,USD,291622.62,open,Delacruz Group,Germany,77.3,TEXT-Drop-15,Textiles,2026-08-11,paid,2026-08-27,2026-08,6.2,0.05,False
PO001028,SUP0019,PRD0146,2026-02-02,124,7.92,USD,982.08,fulfilled,Clark PLC,Germany,69.9,FURN-Authority-146,Furniture,2026-02-09,pending,,2026-02,11.1,0.05,False
PO001029,SUP0010,PRD0122,2026-07-11,76,44.46,USD,3378.96,fulfilled,"Martinez, Nielsen and Miller",Egypt,43.6,CHEM-Customer-122,Chemicals,2026-07-23,overdue,,2026-07,57.2,0.202,False
PO001030,SUP0018,PRD0057,2026-08-20,171,1964.62,USD,335950.02,open,Underwood LLC,Philippines,54.2,CHEM-Ask-57,Chemicals,2026-08-29,pending,,2026-08,46.3,0.127,False
PO001031,SUP0037,PRD0133,2024-10-11,246,1745.8,USD,429466.8,cancelled,"Cannon, Anderson and Alvarez",United States,65.1,PACK-Apply-133,Packaging,,,,2024-10,13.9,0.028,False
PO001032,SUP0020,PRD0076,2024-09-10,55,3.58,USD,196.9,fulfilled,Lewis-Porter,Pakistan,59.2,PACK-Wind-76,Packaging,2024-09-21,paid,2024-10-03,2024-09,,,
PO001033,SUP0040,PRD0019,2026-06-15,297,27.58,USD,8191.26,open,"Santos, Kim and Holmes",Turkey,71.1,PACK-Trade-19,Packaging,2026-06-29,paid,2026-07-21,2026-06,54.0,0.234,False
PO001034,SUP0018,PRD0118,2026-07-19,252,3.27,USD,824.04,fulfilled,Underwood LLC,Philippines,54.2,CHEM-Recently-118,Chemicals,2026-07-30,paid,2026-09-09,2026-07,40.6,0.097,False
PO001035,SUP0019,PRD0016,2025-02-17,47,2.37,USD,111.39,fulfilled,Clark PLC,Germany,69.9,CHEM-Author-16,Chemicals,2025-02-22,pending,,2025-02,14.6,0.049,False
PO001036,SUP0030,PRD0117,2026-07-07,295,426.66,USD,125864.7,cancelled,Stanton-Gill,Indonesia,60.5,CHEM-Only-117,Chemicals,,,,2026-07,40.0,0.137,False
PO001037,SUP0018,PRD0060,2026-04-02,307,2.45,USD,752.15,fulfilled,Underwood LLC,Philippines,54.2,TEXT-Group-60,Textiles,2026-04-15,paid,2026-05-22,2026-04,40.4,0.156,False
PO001038,SUP0018,PRD0090,2024-10-17,312,55.78,USD,17403.36,fulfilled,Underwood LLC,Philippines,54.2,MACH-With-90,Machinery,2024-10-26,overdue,,2024-10,38.8,0.103,False
PO001039,SUP0009,PRD0083,2025-04-02,863,44.14,USD,38092.82,open,Munoz-Roman,United States,66.0,TEXT-Billion-83,Textiles,2025-04-13,paid,2025-05-03,2025-04,12.4,0.029,False
PO001040,SUP0025,PRD0016,2024-12-23,35,2.33,USD,81.55,fulfilled,Conner Group,Bangladesh,77.2,CHEM-Author-16,Chemicals,2024-12-26,pending,,2024-12,58.3,0.159,False
PO001041,SUP0008,PRD0136,2025-10-12,775,164.04,USD,127131.0,open,Davis Inc,Pakistan,69.7,AUTO-Morning-136,Automotive Parts,2025-10-25,paid,2025-11-17,2025-10,55.3,0.256,False
PO001042,SUP0012,PRD0013,2024-09-04,97,83.88,USD,8136.36,fulfilled,Stanley LLC,Japan,60.6,CHEM-Program-13,Chemicals,2024-09-12,paid,2024-10-26,2024-09,,,
PO001043,SUP0006,PRD0134,2025-09-09,262,154.88,USD,40578.56,fulfilled,Blake and Sons,China,58.0,FOOD-Pattern-134,Food & Beverage,2025-09-16,overdue,,2025-09,23.1,0.072,False
PO001044,SUP0015,PRD0062,2025-05-18,722,335.24,USD,242043.28,fulfilled,"Zuniga, Wong and Lynch",India,76.1,TEXT-Training-62,Textiles,2025-05-19,paid,2025-07-01,2025-05,43.1,0.138,False
PO001045,SUP0026,PRD0020,2025-04-25,139,1481.24,USD,205892.36,fulfilled,James-Ferrell,Egypt,85.3,FOOD-Give-20,Food & Beverage,2025-05-04,paid,2025-06-01,2025-04,48.3,0.222,False
PO001046,SUP0010,PRD0055,2024-11-08,103,2886.44,USD,297303.32,fulfilled,"Martinez, Nielsen and Miller",Egypt,43.6,FURN-Race-55,Furniture,2024-11-17,pending,,2024-11,56.9,0.198,False
PO001047,SUP0036,PRD0111,2025-08-09,471,115.53,USD,54414.63,fulfilled,Dennis Inc,South Korea,60.1,PACK-Look-111,Packaging,2025-08-22,pending,,2025-08,23.0,0.072,False
PO001048,SUP0007,PRD0011,2026-03-30,126,47.9,USD,6035.4,cancelled,Ramirez-Lewis,South Korea,49.8,TEXT-Avoid-11,Textiles,,,,2026-03,8.6,0.084,False
PO001049,SUP0009,PRD0141,2025-03-04,178,674.07,USD,119984.46,open,Munoz-Roman,United States,66.0,CHEM-Art-141,Chemicals,2025-03-18,paid,2025-04-17,2025-03,16.9,0.032,False
PO001050,SUP0012,PRD0122,2025-09-27,906,2415.04,USD,2188026.24,fulfilled,Stanley LLC,Japan,60.6,CHEM-Customer-122,Chemicals,2025-10-01,pending,,2025-09,14.5,0.057,False
PO001051,SUP0002,PRD0048,2024-10-03,428,218.04,USD,93321.12,fulfilled,Rhodes PLC,Germany,87.8,FOOD-Item-48,Food & Beverage,2024-10-11,pending,,2024-10,10.5,0.038,False
PO001052,SUP0032,PRD0092,2025-09-26,78,111.63,USD,8707.14,fulfilled,"Lynch, Hernandez and Farmer",Vietnam,57.2,ELEC-Time-92,Electronics,2025-10-05,paid,2025-10-14,2025-09,51.4,0.106,False
PO001053,SUP0015,PRD0084,2024-11-25,173,950.19,USD,164382.87,fulfilled,"Zuniga, Wong and Lynch",India,76.1,PACK-Apply-84,Packaging,2024-12-02,paid,2025-01-11,2024-11,38.1,0.084,False
PO001054,SUP0007,PRD0041,2024-11-11,133,2.79,USD,371.07,fulfilled,Ramirez-Lewis,South Korea,49.8,PACK-Customer-41,Packaging,2024-11-22,paid,2024-12-08,2024-11,21.7,0.07,False
PO001055,SUP0011,PRD0121,2025-05-16,255,1183.82,USD,301874.1,fulfilled,"Montgomery, Hensley and Ray",Indonesia,56.0,ELEC-Clear-121,Electronics,2025-05-29,paid,2025-06-13,2025-05,47.0,0.137,False
PO001056,SUP0001,PRD0065,2025-07-13,447,1329.91,USD,594469.77,fulfilled,"Rodriguez, Figueroa and Sanchez",South Korea,74.7,FURN-Dark-65,Furniture,2025-07-26,paid,2025-08-17,2025-07,19.1,0.063,False
PO001057,SUP0019,PRD0054,2026-04-28,430,355.06,USD,152675.8,fulfilled,Clark PLC,Germany,69.9,FURN-Ready-54,Furniture,2026-05-04,paid,2026-05-12,2026-04,12.5,0.048,False
PO001058,SUP0034,PRD0020,2025-12-02,686,8.94,USD,6132.84,fulfilled,Koch-Decker,India,69.9,FOOD-Give-20,Food & Beverage,2025-12-03,paid,2026-01-06,2025-12,37.0,0.11,False
PO001059,SUP0008,PRD0005,2026-07-17,101,9.94,USD,1003.94,fulfilled,Davis Inc,Pakistan,69.7,TEXT-Per-5,Textiles,2026-07-28,paid,2026-08-07,2026-07,61.8,0.257,False
PO001060,SUP0010,PRD0148,2025-01-28,237,4007.47,USD,949770.39,fulfilled,"Martinez, Nielsen and Miller",Egypt,43.6,FOOD-Author-148,Food & Beverage,2025-02-02,paid,2025-02-20,2025-01,51.8,0.183,False
PO001061,SUP0040,PRD0117,2024-11-04,250,19.8,USD,4950.0,fulfilled,"Santos, Kim and Holmes",Turkey,71.1,CHEM-Only-117,Chemicals,2024-11-06,paid,2024-12-19,2024-11,60.2,0.228,False
PO001062,SUP0004,PRD0100,2026-06-04,165,4.39,USD,724.35,fulfilled,"Johnson, Gonzalez and Santos",Mexico,76.5,TEXT-Institution-100,Textiles,2026-06-06,paid,2026-06-18,2026-06,35.6,0.151,False
PO001063,SUP0035,PRD0056,2026-04-13,508,613.82,USD,311820.56,fulfilled,Allen PLC,Brazil,54.5,MACH-Billion-56,Machinery,2026-04-23,overdue,,2026-04,55.9,0.186,False
PO001064,SUP0030,PRD0130,2024-09-18,84,6.0,USD,504.0,fulfilled,Stanton-Gill,Indonesia,60.5,MACH-Small-130,Machinery,2024-09-29,paid,2024-10-20,2024-09,,,
PO001065,SUP0030,PRD0147,2026-03-29,237,88.62,USD,21002.94,fulfilled,Stanton-Gill,Indonesia,60.5,FURN-Physical-147,Furniture,2026-03-30,paid,2026-04-30,2026-03,43.1,0.125,False
PO001066,SUP0002,PRD0040,2026-03-15,725,2631.64,USD,1907939.0,cancelled,Rhodes PLC,Germany,87.8,FURN-Investment-40,Furniture,,,,2026-03,14.7,0.046,False
PO001067,SUP0009,PRD0036,2026-01-26,316,38.09,USD,12036.44,fulfilled,Munoz-Roman,United States,66.0,ELEC-Eight-36,Electronics,2026-02-01,paid,2026-03-12,2026-01,12.6,0.038,True
PO001068,SUP0012,PRD0134,2026-04-18,390,3271.98,USD,1276072.2,fulfilled,Stanley LLC,Japan,60.6,FOOD-Pattern-134,Food & Beverage,2026-04-24,paid,2026-06-03,2026-04,9.4,0.044,False
PO001069,SUP0030,PRD0109,2025-09-08,821,60.44,USD,49621.24,fulfilled,Stanton-Gill,Indonesia,60.5,CHEM-Step-109,Chemicals,2025-09-14,paid,2025-10-28,2025-09,45.1,0.109,False
PO001070,SUP0036,PRD0106,2025-10-01,273,2.31,USD,630.63,fulfilled,Dennis Inc,South Korea,60.1,AUTO-In-106,Automotive Parts,2025-10-02,paid,2025-10-23,2025-10,21.9,0.062,False
PO001071,SUP0021,PRD0039,2024-10-15,391,2.43,USD,950.13,fulfilled,"Ellis, Baker and Wright",India,80.5,MACH-Surface-39,Machinery,2024-10-27,paid,2024-11-13,2024-10,42.1,0.126,False
PO001072,SUP0023,PRD0048,2025-01-05,33,4.05,USD,133.65,fulfilled,Robinson-Bright,Indonesia,70.0,FOOD-Item-48,Food & Beverage,2025-01-14,paid,2025-02-27,2025-01,41.7,0.088,False
PO001073,SUP0001,PRD0032,2025-02-27,207,123.99,USD,25665.93,fulfilled,"Rodriguez, Figueroa and Sanchez",South Korea,74.7,FURN-Us-32,Furniture,2025-03-13,paid,2025-04-19,2025-02,21.1,0.081,False
PO001074,SUP0008,PRD0128,2026-03-21,51,390.0,USD,19890.0,open,Davis Inc,Pakistan,69.7,TEXT-Occur-128,Textiles,2026-03-29,pending,,2026-03,71.9,0.327,False
PO001075,SUP0037,PRD0096,2025-05-30,375,2197.83,USD,824186.25,fulfilled,"Cannon, Anderson and Alvarez",United States,65.1,CHEM-Mention-96,Chemicals,2025-06-07,paid,2025-07-05,2025-05,20.4,0.038,False
PO001076,SUP0012,PRD0096,2026-02-03,335,41.25,USD,13818.75,fulfilled,Stanley LLC,Japan,60.6,CHEM-Mention-96,Chemicals,2026-02-15,paid,2026-03-07,2026-02,13.8,0.053,False
PO001077,SUP0026,PRD0147,2024-09-25,1164,153.81,USD,179034.84,fulfilled,James-Ferrell,Egypt,85.3,FURN-Physical-147,Furniture,2024-10-05,overdue,,2024-09,,,
PO001078,SUP0009,PRD0083,2025-03-10,134,47.99,USD,6430.66,open,Munoz-Roman,United States,66.0,TEXT-Billion-83,Textiles,2025-03-24,paid,2025-04-30,2025-03,16.9,0.032,False
PO001079,SUP0019,PRD0064,2024-11-23,147,2682.75,USD,394364.25,fulfilled,Clark PLC,Germany,69.9,AUTO-Energy-64,Automotive Parts,2024-11-26,paid,2025-01-09,2024-11,16.4,0.037,False
PO001080,SUP0014,PRD0094,2024-10-04,288,617.62,USD,177874.56,fulfilled,"Flowers, Martin and Kelly",United States,46.7,MACH-Compare-94,Machinery,2024-10-16,pending,,2024-10,18.6,0.025,False
PO001081,SUP0013,PRD0097,2026-06-02,266,117.53,USD,31262.98,fulfilled,Delacruz Group,Germany,77.3,ELEC-Medical-97,Electronics,2026-06-04,paid,2026-06-18,2026-06,7.3,0.038,False
PO001082,SUP0040,PRD0145,2026-07-30,121,2.85,USD,344.85,fulfilled,"Santos, Kim and Holmes",Turkey,71.1,MACH-Cultural-145,Machinery,2026-08-07,pending,,2026-07,53.9,0.206,False
PO001083,SUP0039,PRD0064,2026-08-09,149,9.59,USD,1428.91,fulfilled,"Campos, Vaughn and Marquez",South Korea,62.6,AUTO-Energy-64,Automotive Parts,2026-08-15,paid,2026-08-28,2026-08,22.7,0.076,False
PO001084,SUP0032,PRD0059,2026-07-03,47,38.11,USD,1791.17,open,"Lynch, Hernandez and Farmer",Vietnam,57.2,FOOD-Should-59,Food & Beverage,2026-07-04,paid,2026-07-14,2026-07,45.3,0.105,False
PO001085,SUP0010,PRD0081,2025-08-06,55,1320.57,USD,72631.35,fulfilled,"Martinez, Nielsen and Miller",Egypt,43.6,PACK-Total-81,Packaging,2025-08-17,paid,2025-09-16,2025-08,53.1,0.132,False
PO001086,SUP0023,PRD0133,2025-06-17,128,50.7,USD,6489.6,fulfilled,Robinson-Bright,Indonesia,70.0,PACK-Apply-133,Packaging,2025-06-28,pending,,2025-06,46.4,0.077,False
PO001087,SUP0013,PRD0066,2024-10-01,1082,26.9,USD,29105.8,open,Delacruz Group,Germany,77.3,TEXT-Customer-66,Textiles,2024-10-04,paid,2024-10-10,2024-10,16.9,0.031,False
PO001088,SUP0029,PRD0062,2025-07-20,119,328.9,USD,39139.1,fulfilled,Chavez Ltd,Poland,66.3,TEXT-Training-62,Textiles,2025-07-30,paid,2025-09-09,2025-07,34.0,0.1,False
PO001089,SUP0034,PRD0104,2026-05-29,319,2991.02,USD,954135.38,fulfilled,Koch-Decker,India,69.9,AUTO-Hundred-104,Automotive Parts,2026-06-08,paid,2026-06-26,2026-05,40.0,0.113,False
PO001090,SUP0008,PRD0132,2025-02-14,231,83.24,USD,19228.44,fulfilled,Davis Inc,Pakistan,69.7,CHEM-Art-132,Chemicals,2025-02-16,paid,2025-03-03,2025-02,63.9,0.253,False
PO001091,SUP0012,PRD0150,2025-02-10,461,2745.03,USD,1265458.83,open,Stanley LLC,Japan,60.6,TEXT-Training-150,Textiles,2025-02-18,pending,,2025-02,13.0,0.055,False
PO001092,SUP0025,PRD0070,2026-01-25,72,1286.85,USD,92653.2,cancelled,Conner Group,Bangladesh,77.2,PACK-Knowledge-70,Packaging,,,,2026-01,60.7,0.114,False
PO001093,SUP0026,PRD0002,2025-02-08,392,57.13,USD,22394.96,fulfilled,James-Ferrell,Egypt,85.3,PACK-Attack-2,Packaging,2025-02-21,paid,2025-04-03,2025-02,62.8,0.159,False
PO001094,SUP0012,PRD0025,2025-08-04,371,52.3,USD,19403.3,fulfilled,Stanley LLC,Japan,60.6,CHEM-Relationship-25,Chemicals,2025-08-12,pending,,2025-08,19.5,0.058,False
PO001095,SUP0019,PRD0032,2025-09-30,475,812.57,USD,385970.75,fulfilled,Clark PLC,Germany,69.9,FURN-Us-32,Furniture,2025-10-06,paid,2025-11-19,2025-09,5.0,0.031,False
PO001096,SUP0040,PRD0021,2025-02-04,612,169.04,USD,103452.48,fulfilled,"Santos, Kim and Holmes",Turkey,71.1,MACH-Avoid-21,Machinery,2025-02-08,paid,2025-02-18,2025-02,60.3,0.164,False
PO001097,SUP0004,PRD0060,2026-05-09,377,133.12,USD,50186.24,fulfilled,"Johnson, Gonzalez and Santos",Mexico,76.5,TEXT-Group-60,Textiles,2026-05-11,paid,2026-06-24,2026-05,43.6,0.119,False
PO001098,SUP0009,PRD0017,2025-03-05,132,101.08,USD,13342.56,fulfilled,Munoz-Roman,United States,66.0,TEXT-Western-17,Textiles,2025-03-07,paid,2025-04-10,2025-03,16.9,0.032,False
PO001099,SUP0010,PRD0007,2025-11-24,329,34.96,USD,11501.84,fulfilled,"Martinez, Nielsen and Miller",Egypt,43.6,TEXT-Drug-7,Textiles,2025-11-25,paid,2026-01-04,2025-11,57.4,0.196,False
PO001100,SUP0025,PRD0112,2024-10-02,135,502.8,USD,67878.0,fulfilled,Conner Group,Bangladesh,77.2,FURN-Feeling-112,Furniture,2024-10-16,paid,2024-11-24,2024-10,49.3,0.179,False
PO001101,SUP0040,PRD0013,2025-08-23,262,141.01,USD,36944.62,open,"Santos, Kim and Holmes",Turkey,71.1,CHEM-Program-13,Chemicals,2025-08-26,paid,2025-09-18,2025-08,48.1,0.254,False
PO001102,SUP0020,PRD0007,2025-06-22,774,92.96,USD,71951.04,open,Lewis-Porter,Pakistan,59.2,TEXT-Drug-7,Textiles,2025-06-26,paid,2025-07-20,2025-06,74.1,0.266,False
PO001103,SUP0019,PRD0075,2025-12-14,230,699.96,USD,160990.8,cancelled,Clark PLC,Germany,69.9,TEXT-Two-75,Textiles,,,,2025-12,13.8,0.044,False
PO001104,SUP0036,PRD0074,2025-05-12,781,5223.36,USD,4079444.16,fulfilled,Dennis Inc,South Korea,60.1,MACH-Enjoy-74,Machinery,2025-05-21,paid,2025-05-30,2025-05,16.8,0.078,False
PO001105,SUP0035,PRD0111,2025-10-10,256,739.09,USD,189207.04,open,Allen PLC,Brazil,54.5,PACK-Look-111,Packaging,2025-10-20,paid,2025-11-06,2025-10,53.8,0.155,False
PO001106,SUP0012,PRD0096,2025-07-29,208,3022.24,USD,628625.92,open,Stanley LLC,Japan,60.6,CHEM-Mention-96,Chemicals,2025-08-11,pending,,2025-07,15.1,0.039,False
PO001107,SUP0026,PRD0040,2025-11-23,399,5738.45,USD,2289641.55,cancelled,James-Ferrell,Egypt,85.3,FURN-Investment-40,Furniture,,,,2025-11,43.9,0.173,False
PO001108,SUP0004,PRD0114,2025-05-20,167,543.58,USD,90777.86,fulfilled,"Johnson, Gonzalez and Santos",Mexico,76.5,FOOD-Same-114,Food & Beverage,2025-05-28,pending,,2025-05,40.2,0.147,False
PO001109,SUP0009,PRD0073,2024-09-11,137,3.06,USD,419.22,open,Munoz-Roman,United States,66.0,PACK-Maintain-73,Packaging,2024-09-23,pending,,2024-09,,,
PO001110,SUP0022,PRD0015,2025-10-28,161,79.72,USD,12834.92,fulfilled,Burgess-Patterson,Pakistan,79.0,TEXT-Drop-15,Textiles,2025-11-09,paid,2025-12-06,2025-10,62.6,0.286,False
PO001111,SUP0014,PRD0079,2025-07-06,139,296.0,USD,41144.0,cancelled,"Flowers, Martin and Kelly",United States,46.7,FOOD-System-79,Food & Beverage,,,,2025-07,12.9,0.037,False
PO001112,SUP0008,PRD0136,2026-04-28,198,488.92,USD,96806.16,fulfilled,Davis Inc,Pakistan,69.7,AUTO-Morning-136,Automotive Parts,2026-05-07,pending,,2026-04,58.2,0.24,False
PO001113,SUP0026,PRD0079,2026-05-05,225,680.66,USD,153148.5,cancelled,James-Ferrell,Egypt,85.3,FOOD-System-79,Food & Beverage,,,,2026-05,56.0,0.211,True
PO001114,SUP0021,PRD0074,2025-05-15,323,1799.4,USD,581206.2,fulfilled,"Ellis, Baker and Wright",India,80.5,MACH-Enjoy-74,Machinery,2025-05-17,paid,2025-05-26,2025-05,43.6,0.104,False
PO001115,SUP0008,PRD0147,2026-01-10,788,105.56,USD,83181.28,open,Davis Inc,Pakistan,69.7,FURN-Physical-147,Furniture,2026-01-15,pending,,2026-01,68.5,0.174,False
PO001116,SUP0030,PRD0083,2026-04-13,244,2847.44,USD,694775.36,fulfilled,Stanton-Gill,Indonesia,60.5,TEXT-Billion-83,Textiles,2026-04-21,paid,2026-05-18,2026-04,43.4,0.117,False
PO001117,SUP0033,PRD0039,2026-01-22,129,563.24,USD,72657.96,cancelled,"Sellers, George and Burns",China,78.7,MACH-Surface-39,Machinery,,,,2026-01,26.4,0.07,False
PO001118,SUP0040,PRD0084,2026-08-02,256,126.29,USD,32330.24,fulfilled,"Santos, Kim and Holmes",Turkey,71.1,PACK-Apply-84,Packaging,2026-08-05,paid,2026-09-01,2026-08,58.2,0.17,False
PO001119,SUP0030,PRD0109,2026-08-03,504,112.64,USD,56770.56,fulfilled,Stanton-Gill,Indonesia,60.5,CHEM-Step-109,Chemicals,2026-08-12,paid,2026-09-01,2026-08,46.8,0.199,False
PO001120,SUP0009,PRD0134,2026-04-17,617,763.47,USD,471060.99,cancelled,Munoz-Roman,United States,66.0,FOOD-Pattern-134,Food & Beverage,,,,2026-04,13.6,0.032,False
PO001121,SUP0025,PRD0084,2026-01-19,212,691.4,USD,146576.8,fulfilled,Conner Group,Bangladesh,77.2,PACK-Apply-84,Packaging,2026-01-28,paid,2026-02-09,2026-01,60.7,0.114,False
PO001122,SUP0008,PRD0079,2025-02-08,319,2.41,USD,768.79,fulfilled,Davis Inc,Pakistan,69.7,FOOD-System-79,Food & Beverage,2025-02-11,paid,2025-03-06,2025-02,63.9,0.253,False
PO001123,SUP0036,PRD0081,2026-06-10,155,5223.78,USD,809685.9,fulfilled,Dennis Inc,South Korea,60.1,PACK-Total-81,Packaging,2026-06-17,paid,2026-07-17,2026-06,17.0,0.053,False
PO001124,SUP0019,PRD0114,2025-11-28,124,254.75,USD,31589.0,fulfilled,Clark PLC,Germany,69.9,FOOD-Same-114,Food & Beverage,2025-11-30,paid,2025-12-10,2025-11,11.7,0.031,False
PO001125,SUP0031,PRD0014,2025-07-12,374,10.46,USD,3912.04,fulfilled,Harrell LLC,Brazil,87.2,PACK-Artist-14,Packaging,2025-07-17,paid,2025-08-28,2025-07,50.3,0.167,False
PO001126,SUP0013,PRD0112,2024-10-04,211,4.78,USD,1008.58,fulfilled,Delacruz Group,Germany,77.3,FURN-Feeling-112,Furniture,2024-10-10,paid,2024-11-05,2024-10,16.9,0.031,False
PO001127,SUP0015,PRD0023,2024-12-18,153,15.17,USD,2321.01,fulfilled,"Zuniga, Wong and Lynch",India,76.1,MACH-Economy-23,Machinery,2024-12-27,paid,2025-02-01,2024-12,41.3,0.09,False
PO001128,SUP0006,PRD0117,2025-06-14,274,5468.86,USD,1498467.64,fulfilled,Blake and Sons,China,58.0,CHEM-Only-117,Chemicals,2025-06-15,paid,2025-07-11,2025-06,19.7,0.072,False
PO001129,SUP0032,PRD0042,2025-07-18,84,242.49,USD,20369.16,fulfilled,"Lynch, Hernandez and Farmer",Vietnam,57.2,TEXT-Between-42,Textiles,2025-07-28,pending,,2025-07,41.6,0.072,False
PO001130,SUP0002,PRD0035,2026-07-25,206,384.75,USD,79258.5,open,Rhodes PLC,Germany,87.8,MACH-Material-35,Machinery,2026-08-08,paid,2026-08-15,2026-07,19.8,0.037,False
PO001131,SUP0015,PRD0043,2024-12-27,414,1279.9,USD,529878.6,fulfilled,"Zuniga, Wong and Lynch",India,76.1,CHEM-Bill-43,Chemicals,2025-01-09,pending,,2024-12,41.3,0.09,False
PO001132,SUP0032,PRD0054,2025-12-11,479,1028.37,USD,492589.23,open,"Lynch, Hernandez and Farmer",Vietnam,57.2,FURN-Ready-54,Furniture,2025-12-20,paid,2026-01-30,2025-12,43.1,0.119,False
PO001133,SUP0030,PRD0042,2025-02-26,117,231.0,USD,27027.0,fulfilled,Stanton-Gill,Indonesia,60.5,TEXT-Between-42,Textiles,2025-03-03,overdue,,2025-02,39.3,0.129,False
PO001134,SUP0008,PRD0146,2026-08-04,244,19.24,USD,4694.56,fulfilled,Davis Inc,Pakistan,69.7,FURN-Authority-146,Furniture,2026-08-11,paid,2026-09-22,2026-08,58.8,0.31,False
PO001135,SUP0010,PRD0072,2025-03-10,305,90.87,USD,27715.35,fulfilled,"Martinez, Nielsen and Miller",Egypt,43.6,TEXT-Family-72,Textiles,2025-03-13,pending,,2025-03,58.9,0.129,False
PO001136,SUP0024,PRD0108,2024-10-11,399,711.57,USD,283916.43,open,Campos Inc,Mexico,79.6,FURN-With-108,Furniture,2024-10-17,paid,2024-11-09,2024-10,36.3,0.161,False
PO001137,SUP0021,PRD0062,2025-05-27,1168,303.8,USD,354838.4,cancelled,"Ellis, Baker and Wright",India,80.5,TEXT-Training-62,Textiles,,,,2025-05,43.6,0.104,False
PO001138,SUP0004,PRD0133,2025-11-29,214,4017.25,USD,859691.5,fulfilled,"Johnson, Gonzalez and Santos",Mexico,76.5,PACK-Apply-133,Packaging,2025-12-04,pending,,2025-11,42.2,0.105,False
PO001139,SUP0004,PRD0122,2026-01-25,106,662.92,USD,70269.52,fulfilled,"Johnson, Gonzalez and Santos",Mexico,76.5,CHEM-Customer-122,Chemicals,2026-02-05,paid,2026-03-01,2026-01,33.7,0.103,False
PO001140,SUP0002,PRD0078,2025-06-05,402,573.1,USD,230386.2,fulfilled,Rhodes PLC,Germany,87.8,AUTO-Level-78,Automotive Parts,2025-06-19,overdue,,2025-06,13.9,0.049,False
PO001141,SUP0036,PRD0058,2025-10-12,84,2180.92,USD,183197.28,fulfilled,Dennis Inc,South Korea,60.1,AUTO-Interesting-58,Automotive Parts,2025-10-23,paid,2025-11-22,2025-10,21.9,0.062,False
PO001142,SUP0037,PRD0017,2025-02-06,138,9.93,USD,1370.34,fulfilled,"Cannon, Anderson and Alvarez",United States,65.1,TEXT-Western-17,Textiles,2025-02-13,pending,,2025-02,11.5,0.04,False
PO001143,SUP0031,PRD0043,2025-04-09,420,224.97,USD,94487.4,cancelled,Harrell LLC,Brazil,87.2,CHEM-Bill-43,Chemicals,,,,2025-04,48.7,0.171,False
PO001144,SUP0021,PRD0096,2025-04-30,163,75.55,USD,12314.65,fulfilled,"Ellis, Baker and Wright",India,80.5,CHEM-Mention-96,Chemicals,2025-05-06,paid,2025-06-19,2025-04,41.6,0.097,False
PO001145,SUP0005,PRD0060,2026-03-24,378,136.95,USD,51767.1,open,Cole LLC,Mexico,58.0,TEXT-Group-60,Textiles,2026-04-04,paid,2026-04-28,2026-03,37.2,0.126,False
PO001146,SUP0032,PRD0103,2026-04-08,431,2.31,USD,995.61,open,"Lynch, Hernandez and Farmer",Vietnam,57.2,AUTO-Community-103,Automotive Parts,2026-04-09,paid,2026-04-18,2026-04,45.3,0.131,False
PO001147,SUP0001,PRD0069,2026-02-04,137,1657.39,USD,227062.43,fulfilled,"Rodriguez, Figueroa and Sanchez",South Korea,74.7,FOOD-Challenge-69,Food & Beverage,2026-02-18,pending,,2026-02,24.6,0.07,False
PO001148,SUP0007,PRD0141,2024-12-18,503,4839.07,USD,2434052.21,fulfilled,Ramirez-Lewis,South Korea,49.8,CHEM-Art-141,Chemicals,2024-12-31,overdue,,2024-12,21.1,0.079,False
PO001149,SUP0007,PRD0108,2024-12-26,219,268.48,USD,58797.12,fulfilled,Ramirez-Lewis,South Korea,49.8,FURN-With-108,Furniture,2025-01-02,paid,2025-01-25,2024-12,21.1,0.079,False
PO001150,SUP0013,PRD0147,2025-09-21,465,25.66,USD,11931.9,cancelled,Delacruz Group,Germany,77.3,FURN-Physical-147,Furniture,,,,2025-09,8.4,0.037,False
PO001151,SUP0001,PRD0064,2025-07-20,291,1697.66,USD,494019.06,fulfilled,"Rodriguez, Figueroa and Sanchez",South Korea,74.7,AUTO-Energy-64,Automotive Parts,2025-07-30,paid,2025-08-29,2025-07,19.1,0.063,False
PO001152,SUP0027,PRD0040,2026-05-31,835,59.58,USD,49749.3,open,"Valencia, Smith and Le",Vietnam,70.4,FURN-Investment-40,Furniture,2026-06-06,paid,2026-06-12,2026-05,48.1,0.102,False
PO001153,SUP0022,PRD0108,2024-10-24,48,13.41,USD,643.68,fulfilled,Burgess-Patterson,Pakistan,79.0,FURN-With-108,Furniture,2024-11-06,paid,2024-11-22,2024-10,63.4,0.24,False
PO001154,SUP0008,PRD0072,2025-05-07,883,744.1,USD,657040.3,fulfilled,Davis Inc,Pakistan,69.7,TEXT-Family-72,Textiles,2025-05-14,pending,,2025-05,63.8,0.268,False
PO001155,SUP0019,PRD0136,2026-07-05,69,619.3,USD,42731.7,fulfilled,Clark PLC,Germany,69.9,AUTO-Morning-136,Automotive Parts,2026-07-07,paid,2026-07-21,2026-07,12.9,0.032,False
PO001156,SUP0001,PRD0121,2024-09-13,148,50.42,USD,7462.16,fulfilled,"Rodriguez, Figueroa and Sanchez",South Korea,74.7,ELEC-Clear-121,Electronics,2024-09-18,overdue,,2024-09,,,
PO001157,SUP0039,PRD0054,2025-03-19,296,3.92,USD,1160.32,fulfilled,"Campos, Vaughn and Marquez",South Korea,62.6,FURN-Ready-54,Furniture,2025-03-25,paid,2025-04-21,2025-03,23.7,0.065,False
PO001158,SUP0025,PRD0023,2025-02-01,264,2.33,USD,615.12,fulfilled,Conner Group,Bangladesh,77.2,MACH-Economy-23,Machinery,2025-02-15,paid,2025-03-16,2025-02,59.8,0.172,False
PO001159,SUP0020,PRD0122,2026-07-06,251,2121.25,USD,532433.75,fulfilled,Lewis-Porter,Pakistan,59.2,CHEM-Customer-122,Chemicals,2026-07-09,paid,2026-07-16,2026-07,64.5,0.191,False
PO001160,SUP0008,PRD0136,2025-11-16,381,84.22,USD,32087.82,fulfilled,Davis Inc,Pakistan,69.7,AUTO-Morning-136,Automotive Parts,2025-11-18,paid,2025-11-27,2025-11,68.2,0.133,False
PO001161,SUP0002,PRD0136,2024-10-04,289,182.21,USD,52658.69,fulfilled,Rhodes PLC,Germany,87.8,AUTO-Morning-136,Automotive Parts,2024-10-13,paid,2024-11-14,2024-10,10.5,0.038,False
PO001162,SUP0040,PRD0023,2024-11-28,38,339.1,USD,12885.8,cancelled,"Santos, Kim and Holmes",Turkey,71.1,MACH-Economy-23,Machinery,,,,2024-11,60.2,0.228,False
PO001163,SUP0040,PRD0114,2025-09-01,54,2476.5,USD,133731.0,open,"Santos, Kim and Holmes",Turkey,71.1,FOOD-Same-114,Food & Beverage,2025-09-08,paid,2025-10-16,2025-09,53.6,0.209,False
PO001164,SUP0017,PRD0090,2025-03-09,110,17.56,USD,1931.6,fulfilled,"Hawkins, Cohen and Cameron",Nigeria,42.8,MACH-With-90,Machinery,2025-03-11,paid,2025-04-15,2025-03,65.3,0.241,False
PO001165,SUP0017,PRD0111,2025-09-12,766,18.34,USD,14048.44,open,"Hawkins, Cohen and Cameron",Nigeria,42.8,PACK-Look-111,Packaging,2025-09-16,paid,2025-10-05,2025-09,67.2,0.203,False
PO001166,SUP0032,PRD0079,2026-03-07,72,377.59,USD,27186.48,fulfilled,"Lynch, Hernandez and Farmer",Vietnam,57.2,FOOD-System-79,Food & Beverage,2026-03-08,pending,,2026-03,40.5,0.12,False
PO001167,SUP0006,PRD0057,2025-08-01,580,767.27,USD,445016.6,open,Blake and Sons,China,58.0,CHEM-Ask-57,Chemicals,2025-08-12,paid,2025-08-17,2025-08,35.4,0.045,False
PO001168,SUP0022,PRD0032,2026-04-26,722,3.08,USD,2223.76,open,Burgess-Patterson,Pakistan,79.0,FURN-Us-32,Furniture,2026-04-29,overdue,,2026-04,65.0,0.201,False
PO001169,SUP0017,PRD0067,2025-10-15,243,3.73,USD,906.39,open,"Hawkins, Cohen and Cameron",Nigeria,42.8,FURN-Not-67,Furniture,2025-10-17,paid,2025-10-22,2025-10,67.8,0.34,False
PO001170,SUP0005,PRD0133,2025-06-30,302,31.98,USD,9657.96,fulfilled,Cole LLC,Mexico,58.0,PACK-Apply-133,Packaging,2025-07-14,paid,2025-08-13,2025-06,30.7,0.147,False
PO001171,SUP0004,PRD0044,2025-05-22,163,200.32,USD,32652.16,open,"Johnson, Gonzalez and Santos",Mexico,76.5,MACH-Reason-44,Machinery,2025-06-01,paid,2025-06-06,2025-05,40.2,0.147,False
PO001172,SUP0012,PRD0089,2026-06-26,483,303.58,USD,146629.14,fulfilled,Stanley LLC,Japan,60.6,ELEC-Better-89,Electronics,2026-06-27,paid,2026-08-01,2026-06,13.0,0.055,False
PO001173,SUP0016,PRD0111,2025-03-05,117,88.54,USD,10359.18,fulfilled,"Sanchez, Ford and Nelson",Mexico,67.6,PACK-Look-111,Packaging,2025-03-16,overdue,,2025-03,48.7,0.123,False
PO001174,SUP0018,PRD0048,2026-07-02,458,80.36,USD,36804.88,fulfilled,Underwood LLC,Philippines,54.2,FOOD-Item-48,Food & Beverage,2026-07-13,paid,2026-08-25,2026-07,40.6,0.097,False
PO001175,SUP0007,PRD0079,2026-06-25,774,134.17,USD,103847.58,fulfilled,Ramirez-Lewis,South Korea,49.8,FOOD-System-79,Food & Beverage,2026-06-30,paid,2026-08-01,2026-06,23.9,0.084,False
PO001176,SUP0003,PRD0045,2025-03-12,391,56.09,USD,21931.19,fulfilled,Johnson-Davis,Vietnam,88.7,CHEM-Lawyer-45,Chemicals,2025-03-20,paid,2025-04-14,2025-03,37.0,0.116,False
PO001177,SUP0039,PRD0048,2026-04-02,200,676.31,USD,135262.0,fulfilled,"Campos, Vaughn and Marquez",South Korea,62.6,FOOD-Item-48,Food & Beverage,2026-04-05,pending,,2026-04,19.5,0.063,False
PO001178,SUP0030,PRD0091,2024-11-06,1061,817.27,USD,867123.47,fulfilled,Stanton-Gill,Indonesia,60.5,FOOD-Some-91,Food & Beverage,2024-11-10,paid,2024-11-18,2024-11,40.4,0.073,False
PO001179,SUP0020,PRD0150,2025-04-12,129,63.38,USD,8176.02,fulfilled,Lewis-Porter,Pakistan,59.2,TEXT-Training-150,Textiles,2025-04-19,paid,2025-04-30,2025-04,66.7,0.245,False
PO001180,SUP0037,PRD0003,2025-06-05,204,11.23,USD,2290.92,fulfilled,"Cannon, Anderson and Alvarez",United States,65.1,ELEC-Ground-3,Electronics,2025-06-09,paid,2025-06-22,2025-06,18.8,0.032,False
PO001181,SUP0020,PRD0071,2025-11-11,416,8.36,USD,3477.76,open,Lewis-Porter,Pakistan,59.2,ELEC-Cover-71,Electronics,2025-11-14,paid,2025-12-16,2025-11,68.8,0.243,False
PO001182,SUP0029,PRD0038,2026-08-12,170,1739.69,USD,295747.3,fulfilled,Chavez Ltd,Poland,66.3,ELEC-Material-38,Electronics,2026-08-26,paid,2026-09-15,2026-08,35.9,0.092,False
PO001183,SUP0028,PRD0018,2026-07-21,122,1427.91,USD,174205.02,fulfilled,"Potter, Mack and Peterson",Germany,88.1,FURN-Almost-18,Furniture,2026-07-27,paid,2026-08-17,2026-07,10.2,0.051,False
PO001184,SUP0031,PRD0044,2025-05-25,285,36.22,USD,10322.7,fulfilled,Harrell LLC,Brazil,87.2,MACH-Reason-44,Machinery,2025-06-05,pending,,2025-05,52.6,0.139,False
PO001185,SUP0026,PRD0111,2025-04-29,1050,317.82,USD,333711.0,fulfilled,James-Ferrell,Egypt,85.3,PACK-Look-111,Packaging,2025-05-07,paid,2025-06-20,2025-04,48.3,0.222,False
PO001186,SUP0013,PRD0016,2026-03-14,329,2866.22,USD,942986.38,fulfilled,Delacruz Group,Germany,77.3,CHEM-Author-16,Chemicals,2026-03-24,paid,2026-04-03,2026-03,11.2,0.047,False
PO001187,SUP0040,PRD0065,2026-05-27,543,550.36,USD,298845.48,open,"Santos, Kim and Holmes",Turkey,71.1,FURN-Dark-65,Furniture,2026-06-10,paid,2026-06-19,2026-05,62.6,0.151,False
PO001188,SUP0019,PRD0057,2024-09-21,326,37.91,USD,12358.66,fulfilled,Clark PLC,Germany,69.9,CHEM-Ask-57,Chemicals,2024-10-04,paid,2024-10-25,2024-09,,,
PO001189,SUP0016,PRD0074,2026-04-28,285,158.23,USD,45095.55,fulfilled,"Sanchez, Ford and Nelson",Mexico,67.6,MACH-Enjoy-74,Machinery,2026-05-09,paid,2026-06-19,2026-04,41.0,0.106,False
PO001190,SUP0026,PRD0057,2024-11-11,28,346.84,USD,9711.52,fulfilled,James-Ferrell,Egypt,85.3,CHEM-Ask-57,Chemicals,2024-11-22,paid,2024-12-04,2024-11,58.5,0.192,False
PO001191,SUP0017,PRD0019,2026-06-13,141,92.71,USD,13072.11,cancelled,"Hawkins, Cohen and Cameron",Nigeria,42.8,PACK-Trade-19,Packaging,,,,2026-06,69.0,0.224,False
PO001192,SUP0030,PRD0016,2025-01-02,269,9.48,USD,2550.12,fulfilled,Stanton-Gill,Indonesia,60.5,CHEM-Author-16,Chemicals,2025-01-05,pending,,2025-01,41.7,0.083,False
PO001193,SUP0038,PRD0114,2025-11-26,779,105.45,USD,82145.55,fulfilled,Rose-Obrien,South Africa,61.5,FOOD-Same-114,Food & Beverage,2025-12-07,paid,2026-01-03,2025-11,55.7,0.107,False
PO001194,SUP0010,PRD0117,2024-12-24,176,2.5,USD,440.0,fulfilled,"Martinez, Nielsen and Miller",Egypt,43.6,CHEM-Only-117,Chemicals,2024-12-28,paid,2025-01-25,2024-12,48.1,0.214,False
PO001195,SUP0013,PRD0007,2025-09-21,582,3.71,USD,2159.22,fulfilled,Delacruz Group,Germany,77.3,TEXT-Drug-7,Textiles,2025-09-28,overdue,,2025-09,8.4,0.037,False
PO001196,SUP0030,PRD0089,2025-09-24,634,1951.38,USD,1237174.92,cancelled,Stanton-Gill,Indonesia,60.5,ELEC-Better-89,Electronics,,,,2025-09,45.1,0.109,False
PO001197,SUP0010,PRD0145,2024-09-20,389,2645.93,USD,1029266.77,cancelled,"Martinez, Nielsen and Miller",Egypt,43.6,MACH-Cultural-145,Machinery,,,,2024-09,,,
PO001198,SUP0015,PRD0114,2025-08-12,41,958.41,USD,39294.81,fulfilled,"Zuniga, Wong and Lynch",India,76.1,FOOD-Same-114,Food & Beverage,2025-08-14,paid,2025-09-16,2025-08,38.6,0.06,False
PO001199,SUP0035,PRD0147,2025-09-08,162,42.43,USD,6873.66,fulfilled,Allen PLC,Brazil,54.5,FURN-Physical-147,Furniture,2025-09-10,paid,2025-10-24,2025-09,43.5,0.223,False
PO001200,SUP0032,PRD0064,2026-07-03,326,3.07,USD,1000.82,open,"Lynch, Hernandez and Farmer",Vietnam,57.2,AUTO-Energy-64,Automotive Parts,2026-07-11,paid,2026-08-13,2026-07,45.3,0.105,False
PO001201,SUP0011,PRD0044,2025-12-15,174,84.65,USD,14729.1,cancelled,"Montgomery, Hensley and Ray",Indonesia,56.0,MACH-Reason-44,Machinery,,,,2025-12,42.6,0.088,False
PO001202,SUP0011,PRD0130,2026-05-04,66,204.93,USD,13525.38,open,"Montgomery, Hensley and Ray",Indonesia,56.0,MACH-Small-130,Machinery,2026-05-05,paid,2026-05-19,2026-05,50.4,0.108,False
PO001203,SUP0034,PRD0055,2026-06-22,423,67.28,USD,28459.44,fulfilled,Koch-Decker,India,69.9,FURN-Race-55,Furniture,2026-06-23,paid,2026-07-14,2026-06,36.1,0.089,False
PO001204,SUP0031,PRD0010,2025-02-28,414,1295.02,USD,536138.28,open,Harrell LLC,Brazil,87.2,CHEM-Account-10,Chemicals,2025-03-10,paid,2025-04-19,2025-02,52.1,0.166,False
PO001205,SUP0008,PRD0075,2025-06-25,919,281.67,USD,258854.73,fulfilled,Davis Inc,Pakistan,69.7,TEXT-Two-75,Textiles,2025-07-05,paid,2025-08-15,2025-06,67.0,0.252,True
PO001206,SUP0016,PRD0023,2026-02-21,228,28.43,USD,6482.04,fulfilled,"Sanchez, Ford and Nelson",Mexico,67.6,MACH-Economy-23,Machinery,2026-03-07,paid,2026-03-14,2026-02,43.0,0.102,False
PO001207,SUP0038,PRD0070,2026-05-20,470,1197.32,USD,562740.4,open,Rose-Obrien,South Africa,61.5,PACK-Knowledge-70,Packaging,2026-06-02,paid,2026-06-16,2026-05,60.0,0.187,False
PO001208,SUP0039,PRD0064,2025-04-29,54,47.72,USD,2576.88,fulfilled,"Campos, Vaughn and Marquez",South Korea,62.6,AUTO-Energy-64,Automotive Parts,2025-05-04,paid,2025-06-15,2025-04,22.8,0.077,False
PO001209,SUP0019,PRD0001,2026-03-12,208,3.35,USD,696.8,fulfilled,Clark PLC,Germany,69.9,MACH-Down-1,Machinery,2026-03-13,paid,2026-04-18,2026-03,18.2,0.041,False
PO001210,SUP0036,PRD0048,2026-08-21,159,2.31,USD,367.29,open,Dennis Inc,South Korea,60.1,FOOD-Item-48,Food & Beverage,2026-08-27,paid,2026-09-19,2026-08,13.6,0.053,False
PO001211,SUP0001,PRD0066,2025-03-12,702,53.25,USD,37381.5,fulfilled,"Rodriguez, Figueroa and Sanchez",South Korea,74.7,TEXT-Customer-66,Textiles,2025-03-15,pending,,2025-03,23.3,0.07,False
PO001212,SUP0033,PRD0046,2024-12-18,510,61.38,USD,31303.8,fulfilled,"Sellers, George and Burns",China,78.7,FOOD-Health-46,Food & Beverage,2024-12-30,paid,2025-01-06,2024-12,25.5,0.091,False
PO001213,SUP0004,PRD0077,2025-09-15,717,11.67,USD,8367.39,open,"Johnson, Gonzalez and Santos",Mexico,76.5,FURN-Bag-77,Furniture,2025-09-17,paid,2025-10-13,2025-09,40.9,0.106,False
PO001214,SUP0030,PRD0037,2025-04-13,207,4815.84,USD,996878.88,fulfilled,Stanton-Gill,Indonesia,60.5,CHEM-Still-37,Chemicals,2025-04-26,overdue,,2025-04,40.8,0.151,False
PO001215,SUP0032,PRD0105,2025-02-26,235,301.64,USD,70885.4,fulfilled,"Lynch, Hernandez and Farmer",Vietnam,57.2,FOOD-Able-105,Food & Beverage,2025-03-12,paid,2025-04-14,2025-02,38.5,0.081,False
PO001216,SUP0032,PRD0136,2026-07-05,357,3978.14,USD,1420195.98,fulfilled,"Lynch, Hernandez and Farmer",Vietnam,57.2,AUTO-Morning-136,Automotive Parts,2026-07-19,paid,2026-08-14,2026-07,45.3,0.105,False
PO001217,SUP0013,PRD0058,2025-03-12,280,2748.49,USD,769577.2,fulfilled,Delacruz Group,Germany,77.3,AUTO-Interesting-58,Automotive Parts,2025-03-13,pending,,2025-03,13.1,0.046,False
PO001218,SUP0009,PRD0020,2026-02-09,61,495.16,USD,30204.76,cancelled,Munoz-Roman,United States,66.0,FOOD-Give-20,Food & Beverage,,,,2026-02,19.2,0.032,False
PO001219,SUP0028,PRD0095,2026-06-30,582,38.41,USD,22354.62,fulfilled,"Potter, Mack and Peterson",Germany,88.1,PACK-Investment-95,Packaging,2026-07-08,paid,2026-07-19,2026-06,16.3,0.035,False
PO001220,SUP0002,PRD0142,2026-02-15,748,1777.92,USD,1329884.16,fulfilled,Rhodes PLC,Germany,87.8,TEXT-Movie-142,Textiles,2026-02-16,pending,,2026-02,14.4,0.047,False
PO001221,SUP0030,PRD0059,2025-10-12,268,599.12,USD,160564.16,fulfilled,Stanton-Gill,Indonesia,60.5,FOOD-Should-59,Food & Beverage,2025-10-25,paid,2025-11-01,2025-10,41.1,0.128,False
PO001222,SUP0019,PRD0110,2026-07-18,305,141.18,USD,43059.9,fulfilled,Clark PLC,Germany,69.9,CHEM-Still-110,Chemicals,2026-07-27,pending,,2026-07,12.9,0.032,False
PO001223,SUP0031,PRD0075,2025-12-26,731,3.33,USD,2434.23,fulfilled,Harrell LLC,Brazil,87.2,TEXT-Two-75,Textiles,2026-01-01,paid,2026-01-08,2025-12,50.6,0.115,False
PO001224,SUP0033,PRD0024,2025-10-10,228,2059.97,USD,469673.16,fulfilled,"Sellers, George and Burns",China,78.7,MACH-Family-24,Machinery,2025-10-14,pending,,2025-10,27.0,0.108,False
PO001225,SUP0040,PRD0140,2026-05-19,330,421.35,USD,139045.5,fulfilled,"Santos, Kim and Holmes",Turkey,71.1,FURN-Coach-140,Furniture,2026-05-23,paid,2026-05-28,2026-05,62.6,0.151,False
PO001226,SUP0013,PRD0070,2025-05-01,725,2517.94,USD,1825506.5,fulfilled,Delacruz Group,Germany,77.3,PACK-Knowledge-70,Packaging,2025-05-09,pending,,2025-05,11.2,0.028,False
PO001227,SUP0031,PRD0064,2025-04-10,36,11.78,USD,424.08,cancelled,Harrell LLC,Brazil,87.2,AUTO-Energy-64,Automotive Parts,,,,2025-04,48.7,0.171,False
PO001228,SUP0009,PRD0124,2025-10-30,198,604.18,USD,119627.64,fulfilled,Munoz-Roman,United States,66.0,ELEC-Director-124,Electronics,2025-11-01,paid,2025-11-27,2025-10,11.7,0.021,False
PO001229,SUP0025,PRD0117,2026-06-10,173,686.79,USD,118814.67,fulfilled,Conner Group,Bangladesh,77.2,CHEM-Only-117,Chemicals,2026-06-21,paid,2026-07-04,2026-06,56.0,0.186,False
PO001230,SUP0002,PRD0060,2025-05-07,187,1739.79,USD,325340.73,fulfilled,Rhodes PLC,Germany,87.8,TEXT-Group-60,Textiles,2025-05-08,paid,2025-05-20,2025-05,15.1,0.034,False
PO001231,SUP0013,PRD0147,2025-05-17,334,469.58,USD,156839.72,fulfilled,Delacruz Group,Germany,77.3,FURN-Physical-147,Furniture,2025-05-28,pending,,2025-05,11.2,0.028,False
PO001232,SUP0006,PRD0028,2025-05-28,670,881.62,USD,590685.4,fulfilled,Blake and Sons,China,58.0,AUTO-Notice-28,Automotive Parts,2025-06-03,paid,2025-06-19,2025-05,30.3,0.116,False
PO001233,SUP0019,PRD0016,2025-08-07,290,2.31,USD,669.9,fulfilled,Clark PLC,Germany,69.9,CHEM-Author-16,Chemicals,2025-08-18,paid,2025-09-03,2025-08,9.7,0.033,False
PO001234,SUP0034,PRD0062,2026-02-14,494,11.33,USD,5597.02,fulfilled,Koch-Decker,India,69.9,TEXT-Training-62,Textiles,2026-02-15,paid,2026-03-10,2026-02,42.3,0.09,False
PO001235,SUP0030,PRD0004,2025-01-16,498,538.16,USD,268003.68,fulfilled,Stanton-Gill,Indonesia,60.5,FOOD-Against-4,Food & Beverage,2025-01-21,overdue,,2025-01,41.7,0.083,False
PO001236,SUP0001,PRD0134,2025-12-01,516,582.77,USD,300709.32,open,"Rodriguez, Figueroa and Sanchez",South Korea,74.7,FOOD-Pattern-134,Food & Beverage,2025-12-04,pending,,2025-12,22.1,0.084,False
PO001237,SUP0010,PRD0096,2025-02-15,239,9.33,USD,2229.87,open,"Martinez, Nielsen and Miller",Egypt,43.6,CHEM-Mention-96,Chemicals,2025-02-18,paid,2025-03-03,2025-02,50.8,0.226,False
PO001238,SUP0037,PRD0144,2025-04-14,294,194.59,USD,57209.46,fulfilled,"Cannon, Anderson and Alvarez",United States,65.1,FURN-Today-144,Furniture,2025-04-27,overdue,,2025-04,13.3,0.037,False
PO001239,SUP0039,PRD0144,2026-05-28,228,317.42,USD,72371.76,open,"Campos, Vaughn and Marquez",South Korea,62.6,FURN-Today-144,Furniture,2026-06-02,paid,2026-07-01,2026-05,26.6,0.096,False
PO001240,SUP0036,PRD0137,2024-11-30,813,15.26,USD,12406.38,cancelled,Dennis Inc,South Korea,60.1,FOOD-Wide-137,Food & Beverage,,,,2024-11,13.9,0.067,False
PO001241,SUP0019,PRD0056,2025-10-01,117,2.31,USD,270.27,fulfilled,Clark PLC,Germany,69.9,MACH-Billion-56,Machinery,2025-10-04,paid,2025-11-08,2025-10,7.6,0.055,False
PO001242,SUP0015,PRD0117,2025-08-27,264,286.09,USD,75527.76,fulfilled,"Zuniga, Wong and Lynch",India,76.1,CHEM-Only-117,Chemicals,2025-09-10,paid,2025-10-18,2025-08,38.6,0.06,False
PO001243,SUP0038,PRD0091,2026-05-07,242,1037.62,USD,251104.04,fulfilled,Rose-Obrien,South Africa,61.5,FOOD-Some-91,Food & Beverage,2026-05-09,paid,2026-05-19,2026-05,60.0,0.187,False
PO001244,SUP0032,PRD0040,2026-06-25,452,1976.57,USD,893409.64,fulfilled,"Lynch, Hernandez and Farmer",Vietnam,57.2,FURN-Investment-40,Furniture,2026-06-28,overdue,,2026-06,45.6,0.092,False
PO001245,SUP0032,PRD0016,2025-10-30,386,2909.8,USD,1123182.8,fulfilled,"Lynch, Hernandez and Farmer",Vietnam,57.2,CHEM-Author-16,Chemicals,2025-11-04,paid,2025-11-10,2025-10,43.2,0.118,False
PO001246,SUP0007,PRD0121,2024-10-25,270,3.82,USD,1031.4,open,Ramirez-Lewis,South Korea,49.8,ELEC-Clear-121,Electronics,2024-10-31,pending,,2024-10,23.4,0.074,False
PO001247,SUP0001,PRD0078,2025-01-13,500,8.4,USD,4200.0,fulfilled,"Rodriguez, Figueroa and Sanchez",South Korea,74.7,AUTO-Level-78,Automotive Parts,2025-01-21,overdue,,2025-01,19.2,0.072,False
PO001248,SUP0031,PRD0087,2025-09-20,172,205.17,USD,35289.24,fulfilled,Harrell LLC,Brazil,87.2,MACH-Think-87,Machinery,2025-10-04,paid,2025-10-23,2025-09,51.5,0.138,False
PO001249,SUP0008,PRD0071,2026-08-06,288,1894.94,USD,545742.72,fulfilled,Davis Inc,Pakistan,69.7,ELEC-Cover-71,Electronics,2026-08-20,paid,2026-09-17,2026-08,58.8,0.31,False
PO001250,SUP0030,PRD0070,2024-09-06,465,1329.56,USD,618245.4,fulfilled,Stanton-Gill,Indonesia,60.5,PACK-Knowledge-70,Packaging,2024-09-15,paid,2024-10-10,2024-09,,,
PO001251,SUP0037,PRD0109,2026-06-26,56,4.33,USD,242.48,fulfilled,"Cannon, Anderson and Alvarez",United States,65.1,CHEM-Step-109,Chemicals,2026-07-02,paid,2026-07-19,2026-06,21.7,0.029,False
PO001252,SUP0004,PRD0109,2026-03-02,338,3359.99,USD,1135676.62,fulfilled,"Johnson, Gonzalez and Santos",Mexico,76.5,CHEM-Step-109,Chemicals,2026-03-07,paid,2026-03-25,2026-03,32.4,0.136,False
PO001253,SUP0003,PRD0016,2026-02-04,93,43.95,USD,4087.35,open,Johnson-Davis,Vietnam,88.7,CHEM-Author-16,Chemicals,2026-02-06,paid,2026-02-22,2026-02,43.2,0.116,False
PO001254,SUP0012,PRD0004,2025-05-13,609,2.91,USD,1772.19,fulfilled,Stanley LLC,Japan,60.6,FOOD-Against-4,Food & Beverage,2025-05-27,pending,,2025-05,11.4,0.038,False
PO001255,SUP0011,PRD0132,2025-01-28,32,545.45,USD,17454.4,fulfilled,"Montgomery, Hensley and Ray",Indonesia,56.0,CHEM-Art-132,Chemicals,2025-02-05,paid,2025-02-20,2025-01,37.7,0.176,False
PO001256,SUP0002,PRD0042,2026-02-06,291,793.21,USD,230824.11,fulfilled,Rhodes PLC,Germany,87.8,TEXT-Between-42,Textiles,2026-02-10,overdue,,2026-02,14.4,0.047,False
PO001257,SUP0017,PRD0002,2026-04-21,257,39.46,USD,10141.22,fulfilled,"Hawkins, Cohen and Cameron",Nigeria,42.8,PACK-Attack-2,Packaging,2026-04-25,paid,2026-05-09,2026-04,76.5,0.271,False
PO001258,SUP0031,PRD0135,2024-12-11,620,595.8,USD,369396.0,fulfilled,Harrell LLC,Brazil,87.2,CHEM-Me-135,Chemicals,2024-12-19,paid,2025-01-24,2024-12,52.0,0.188,False
PO001259,SUP0012,PRD0035,2026-04-16,89,2.34,USD,208.26,fulfilled,Stanley LLC,Japan,60.6,MACH-Material-35,Machinery,2026-04-29,paid,2026-05-09,2026-04,9.4,0.044,False
PO001260,SUP0030,PRD0108,2025-02-08,223,1267.28,USD,282603.44,fulfilled,Stanton-Gill,Indonesia,60.5,FURN-With-108,Furniture,2025-02-19,paid,2025-04-02,2025-02,39.3,0.129,False
PO001261,SUP0026,PRD0091,2025-03-31,61,9.71,USD,592.31,fulfilled,James-Ferrell,Egypt,85.3,FOOD-Some-91,Food & Beverage,2025-04-05,paid,2025-04-23,2025-03,53.8,0.202,False
PO001262,SUP0012,PRD0041,2025-07-01,299,514.28,USD,153769.72,fulfilled,Stanley LLC,Japan,60.6,PACK-Customer-41,Packaging,2025-07-11,pending,,2025-07,15.1,0.039,False
PO001263,SUP0034,PRD0083,2025-05-09,195,383.62,USD,74805.9,fulfilled,Koch-Decker,India,69.9,TEXT-Billion-83,Textiles,2025-05-10,paid,2025-05-25,2025-05,48.1,0.128,False
PO001264,SUP0034,PRD0083,2025-09-16,100,2.45,USD,245.0,cancelled,Koch-Decker,India,69.9,TEXT-Billion-83,Textiles,,,,2025-09,36.3,0.088,False
PO001265,SUP0026,PRD0091,2025-07-07,797,5.74,USD,4574.78,open,James-Ferrell,Egypt,85.3,FOOD-Some-91,Food & Beverage,2025-07-20,paid,2025-08-10,2025-07,51.2,0.211,False
PO001266,SUP0023,PRD0045,2026-02-10,138,494.47,USD,68236.86,fulfilled,Robinson-Bright,Indonesia,70.0,CHEM-Lawyer-45,Chemicals,2026-02-15,paid,2026-03-24,2026-02,43.0,0.08,False
PO001267,SUP0013,PRD0114,2025-11-03,538,154.16,USD,82938.08,open,Delacruz Group,Germany,77.3,FOOD-Same-114,Food & Beverage,2025-11-13,pending,,2025-11,6.9,0.045,False
PO001268,SUP0015,PRD0075,2025-11-17,93,139.55,USD,12978.15,fulfilled,"Zuniga, Wong and Lynch",India,76.1,TEXT-Two-75,Textiles,2025-11-30,pending,,2025-11,38.9,0.113,False
PO001269,SUP0035,PRD0065,2026-07-05,58,2.31,USD,133.98,fulfilled,Allen PLC,Brazil,54.5,FURN-Dark-65,Furniture,2026-07-17,pending,,2026-07,46.8,0.198,False
PO001270,SUP0030,PRD0066,2025-05-09,815,989.41,USD,806369.15,fulfilled,Stanton-Gill,Indonesia,60.5,TEXT-Customer-66,Textiles,2025-05-13,paid,2025-05-27,2025-05,44.2,0.119,False
PO001271,SUP0034,PRD0020,2024-09-29,169,5.81,USD,981.89,cancelled,Koch-Decker,India,69.9,FOOD-Give-20,Food & Beverage,,,,2024-09,,,
PO001272,SUP0014,PRD0092,2025-06-09,194,5.02,USD,973.88,fulfilled,"Flowers, Martin and Kelly",United States,46.7,ELEC-Time-92,Electronics,2025-06-16,paid,2025-07-26,2025-06,10.0,0.023,False
PO001273,SUP0002,PRD0035,2026-04-13,490,3.19,USD,1563.1,fulfilled,Rhodes PLC,Germany,87.8,MACH-Material-35,Machinery,2026-04-14,paid,2026-04-21,2026-04,15.0,0.026,False
PO001274,SUP0007,PRD0077,2026-08-06,617,228.63,USD,141064.71,fulfilled,Ramirez-Lewis,South Korea,49.8,FURN-Bag-77,Furniture,2026-08-18,paid,2026-09-12,2026-08,19.1,0.076,False
PO001275,SUP0010,PRD0081,2025-04-11,271,4277.06,USD,1159083.26,open,"Martinez, Nielsen and Miller",Egypt,43.6,PACK-Total-81,Packaging,2025-04-23,paid,2025-06-01,2025-04,51.5,0.206,False
PO001276,SUP0010,PRD0048,2025-12-31,198,2.33,USD,461.34,fulfilled,"Martinez, Nielsen and Miller",Egypt,43.6,FOOD-Item-48,Food & Beverage,2026-01-14,paid,2026-02-04,2025-12,54.0,0.195,False
PO001277,SUP0039,PRD0064,2025-02-02,240,31.52,USD,7564.8,fulfilled,"Campos, Vaughn and Marquez",South Korea,62.6,AUTO-Energy-64,Automotive Parts,2025-02-15,pending,,2025-02,24.5,0.084,False
PO001278,SUP0038,PRD0105,2025-12-26,129,402.24,USD,51888.96,fulfilled,Rose-Obrien,South Africa,61.5,FOOD-Able-105,Food & Beverage,2025-12-27,overdue,,2025-12,60.4,0.18,False
PO001279,SUP0005,PRD0056,2026-01-23,245,5.59,USD,1369.55,fulfilled,Cole LLC,Mexico,58.0,MACH-Billion-56,Machinery,2026-01-27,paid,2026-03-11,2026-01,42.9,0.086,False
PO001280,SUP0013,PRD0102,2025-12-24,403,1059.42,USD,426946.26,fulfilled,Delacruz Group,Germany,77.3,TEXT-Artist-102,Textiles,2026-01-02,paid,2026-01-10,2025-12,13.3,0.048,False
PO001281,SUP0009,PRD0117,2024-12-22,65,31.33,USD,2036.45,fulfilled,Munoz-Roman,United States,66.0,CHEM-Only-117,Chemicals,2024-12-26,paid,2025-02-05,2024-12,10.0,0.031,False
PO001282,SUP0007,PRD0108,2025-12-19,183,28.49,USD,5213.67,fulfilled,Ramirez-Lewis,South Korea,49.8,FURN-With-108,Furniture,2025-12-27,pending,,2025-12,16.5,0.07,False
PO001283,SUP0019,PRD0094,2026-08-13,313,182.71,USD,57188.23,fulfilled,Clark PLC,Germany,69.9,MACH-Compare-94,Machinery,2026-08-22,paid,2026-09-27,2026-08,7.9,0.027,False
PO001284,SUP0018,PRD0063,2025-07-19,185,35.22,USD,6515.7,fulfilled,Underwood LLC,Philippines,54.2,AUTO-Boy-63,Automotive Parts,2025-07-24,paid,2025-08-01,2025-07,48.7,0.115,False
PO001285,SUP0033,PRD0086,2026-01-01,805,2041.23,USD,1643190.15,fulfilled,"Sellers, George and Burns",China,78.7,AUTO-Now-86,Automotive Parts,2026-01-08,pending,,2026-01,26.4,0.07,False
PO001286,SUP0017,PRD0015,2024-10-09,51,599.41,USD,30569.91,fulfilled,"Hawkins, Cohen and Cameron",Nigeria,42.8,TEXT-Drop-15,Textiles,2024-10-18,pending,,2024-10,63.5,0.323,False
PO001287,SUP0001,PRD0078,2025-05-09,101,116.41,USD,11757.41,fulfilled,"Rodriguez, Figueroa and Sanchez",South Korea,74.7,AUTO-Level-78,Automotive Parts,2025-05-19,paid,2025-06-29,2025-05,25.3,0.072,False
PO001288,SUP0012,PRD0137,2025-03-19,91,264.28,USD,24049.48,fulfilled,Stanley LLC,Japan,60.6,FOOD-Wide-137,Food & Beverage,2025-03-27,pending,,2025-03,9.9,0.06,False
PO001289,SUP0032,PRD0117,2026-07-31,411,4628.71,USD,1902399.81,cancelled,"Lynch, Hernandez and Farmer",Vietnam,57.2,CHEM-Only-117,Chemicals,,,,2026-07,45.3,0.105,False
PO001290,SUP0039,PRD0109,2026-05-01,302,1949.0,USD,588598.0,fulfilled,"Campos, Vaughn and Marquez",South Korea,62.6,CHEM-Step-109,Chemicals,2026-05-06,paid,2026-05-26,2026-05,26.6,0.096,False
PO001291,SUP0036,PRD0148,2025-12-20,511,77.88,USD,39796.68,fulfilled,Dennis Inc,South Korea,60.1,FOOD-Author-148,Food & Beverage,2025-12-22,overdue,,2025-12,24.1,0.077,False
PO001292,SUP0026,PRD0143,2024-09-07,195,116.35,USD,22688.25,fulfilled,James-Ferrell,Egypt,85.3,TEXT-Be-143,Textiles,2024-09-08,pending,,2024-09,,,
PO001293,SUP0008,PRD0035,2024-10-19,348,432.94,USD,150663.12,fulfilled,Davis Inc,Pakistan,69.7,MACH-Material-35,Machinery,2024-10-21,paid,2024-10-31,2024-10,62.8,0.317,False
PO001294,SUP0013,PRD0145,2024-12-10,449,26.05,USD,11696.45,fulfilled,Delacruz Group,Germany,77.3,MACH-Cultural-145,Machinery,2024-12-22,paid,2025-01-06,2024-12,18.5,0.034,False
PO001295,SUP0005,PRD0086,2025-09-10,599,2025.09,USD,1213028.91,fulfilled,Cole LLC,Mexico,58.0,AUTO-Now-86,Automotive Parts,2025-09-14,pending,,2025-09,40.5,0.089,False
PO001296,SUP0021,PRD0034,2025-03-06,143,471.96,USD,67490.28,fulfilled,"Ellis, Baker and Wright",India,80.5,CHEM-Part-34,Chemicals,2025-03-16,paid,2025-03-29,2025-03,29.9,0.104,False
PO001297,SUP0028,PRD0056,2025-01-24,197,5744.0,USD,1131568.0,cancelled,"Potter, Mack and Peterson",Germany,88.1,MACH-Billion-56,Machinery,,,,2025-01,9.2,0.037,False
PO001298,SUP0034,PRD0105,2024-11-20,862,236.09,USD,203509.58,fulfilled,Koch-Decker,India,69.9,FOOD-Able-105,Food & Beverage,2024-11-22,paid,2024-12-31,2024-11,36.4,0.057,False
PO001299,SUP0012,PRD0040,2024-10-22,141,56.97,USD,8032.77,fulfilled,Stanley LLC,Japan,60.6,FURN-Investment-40,Furniture,2024-10-26,paid,2024-11-10,2024-10,15.5,0.052,False
PO001300,SUP0019,PRD0086,2025-02-05,174,2167.86,USD,377207.64,fulfilled,Clark PLC,Germany,69.9,AUTO-Now-86,Automotive Parts,2025-02-17,overdue,,2025-02,14.6,0.049,False
PO001301,SUP0006,PRD0036,2026-06-18,226,43.51,USD,9833.26,fulfilled,Blake and Sons,China,58.0,ELEC-Eight-36,Electronics,2026-06-30,paid,2026-07-23,2026-06,25.4,0.077,False
PO001302,SUP0015,PRD0079,2026-02-25,272,2.31,USD,628.32,fulfilled,"Zuniga, Wong and Lynch",India,76.1,FOOD-System-79,Food & Beverage,2026-03-04,paid,2026-03-19,2026-02,43.0,0.103,False
PO001303,SUP0026,PRD0010,2024-12-06,801,2384.15,USD,1909704.15,open,James-Ferrell,Egypt,85.3,CHEM-Account-10,Chemicals,2024-12-17,paid,2025-01-19,2024-12,59.3,0.256,False
PO001304,SUP0004,PRD0141,2024-09-26,412,35.03,USD,14432.36,fulfilled,"Johnson, Gonzalez and Santos",Mexico,76.5,CHEM-Art-141,Chemicals,2024-10-01,pending,,2024-09,,,
PO001305,SUP0028,PRD0040,2024-12-14,432,261.86,USD,113123.52,open,"Potter, Mack and Peterson",Germany,88.1,FURN-Investment-40,Furniture,2024-12-27,paid,2025-01-06,2024-12,10.2,0.038,False
PO001306,SUP0012,PRD0007,2025-08-10,413,1080.43,USD,446217.59,cancelled,Stanley LLC,Japan,60.6,TEXT-Drug-7,Textiles,,,,2025-08,19.5,0.058,False
PO001307,SUP0030,PRD0117,2026-06-29,408,15.52,USD,6332.16,cancelled,Stanton-Gill,Indonesia,60.5,CHEM-Only-117,Chemicals,,,,2026-06,47.0,0.089,False
PO001308,SUP0021,PRD0108,2024-09-21,227,2.51,USD,569.77,fulfilled,"Ellis, Baker and Wright",India,80.5,FURN-With-108,Furniture,2024-10-03,pending,,2024-09,,,
PO001309,SUP0036,PRD0110,2026-05-05,241,2.64,USD,636.24,fulfilled,Dennis Inc,South Korea,60.1,CHEM-Still-110,Chemicals,2026-05-11,paid,2026-06-23,2026-05,22.8,0.085,False
PO001310,SUP0012,PRD0070,2025-12-25,480,759.09,USD,364363.2,fulfilled,Stanley LLC,Japan,60.6,PACK-Knowledge-70,Packaging,2026-01-01,paid,2026-01-12,2025-12,7.7,0.059,False
PO001311,SUP0036,PRD0004,2025-07-02,314,3374.27,USD,1059520.78,fulfilled,Dennis Inc,South Korea,60.1,FOOD-Against-4,Food & Beverage,2025-07-11,paid,2025-08-17,2025-07,25.2,0.092,False
PO001312,SUP0040,PRD0083,2025-05-22,489,675.97,USD,330549.33,open,"Santos, Kim and Holmes",Turkey,71.1,TEXT-Billion-83,Textiles,2025-06-03,pending,,2025-05,51.0,0.243,False
PO001313,SUP0031,PRD0082,2024-10-07,62,1522.94,USD,94422.28,open,Harrell LLC,Brazil,87.2,AUTO-Oil-82,Automotive Parts,2024-10-09,paid,2024-11-03,2024-10,49.4,0.171,False
PO001314,SUP0013,PRD0010,2024-12-28,291,14.7,USD,4277.7,open,Delacruz Group,Germany,77.3,CHEM-Account-10,Chemicals,2024-12-29,pending,,2024-12,18.5,0.034,False
PO001315,SUP0008,PRD0019,2025-02-18,81,967.99,USD,78407.19,fulfilled,Davis Inc,Pakistan,69.7,PACK-Trade-19,Packaging,2025-02-19,paid,2025-04-04,2025-02,63.9,0.253,False
PO001316,SUP0017,PRD0070,2025-02-22,615,609.58,USD,374891.7,cancelled,"Hawkins, Cohen and Cameron",Nigeria,42.8,PACK-Knowledge-70,Packaging,,,,2025-02,63.5,0.287,False
PO001317,SUP0012,PRD0007,2026-04-11,423,5192.28,USD,2196334.44,open,Stanley LLC,Japan,60.6,TEXT-Drug-7,Textiles,2026-04-23,paid,2026-06-01,2026-04,9.4,0.044,False
PO001318,SUP0019,PRD0114,2025-12-04,280,96.91,USD,27134.8,fulfilled,Clark PLC,Germany,69.9,FOOD-Same-114,Food & Beverage,2025-12-06,paid,2026-01-08,2025-12,13.8,0.044,False
PO001319,SUP0036,PRD0132,2025-04-11,207,206.76,USD,42799.32,fulfilled,Dennis Inc,South Korea,60.1,CHEM-Art-132,Chemicals,2025-04-21,paid,2025-06-02,2025-04,23.2,0.075,False
PO001320,SUP0005,PRD0108,2026-01-06,304,493.78,USD,150109.12,fulfilled,Cole LLC,Mexico,58.0,FURN-With-108,Furniture,2026-01-08,pending,,2026-01,42.9,0.086,False
PO001321,SUP0039,PRD0109,2026-03-18,112,70.49,USD,7894.88,fulfilled,"Campos, Vaughn and Marquez",South Korea,62.6,CHEM-Step-109,Chemicals,2026-03-28,paid,2026-04-14,2026-03,21.6,0.047,False
PO001322,SUP0013,PRD0081,2026-02-09,653,750.79,USD,490265.87,fulfilled,Delacruz Group,Germany,77.3,PACK-Total-81,Packaging,2026-02-13,paid,2026-03-19,2026-02,12.2,0.038,False
PO001323,SUP0037,PRD0148,2024-09-26,178,294.75,USD,52465.5,open,"Cannon, Anderson and Alvarez",United States,65.1,FOOD-Author-148,Food & Beverage,2024-10-03,paid,2024-10-13,2024-09,,,
PO001324,SUP0010,PRD0036,2025-03-01,256,23.7,USD,6067.2,fulfilled,"Martinez, Nielsen and Miller",Egypt,43.6,ELEC-Eight-36,Electronics,2025-03-03,overdue,,2025-03,58.9,0.129,False
PO001325,SUP0030,PRD0144,2024-11-02,103,190.14,USD,19584.42,fulfilled,Stanton-Gill,Indonesia,60.5,FURN-Today-144,Furniture,2024-11-12,paid,2024-12-08,2024-11,40.4,0.073,False
PO001326,SUP0013,PRD0133,2025-03-14,429,1108.73,USD,475645.17,fulfilled,Delacruz Group,Germany,77.3,PACK-Apply-133,Packaging,2025-03-24,pending,,2025-03,13.1,0.046,False
PO001327,SUP0012,PRD0081,2025-05-20,443,63.46,USD,28112.78,fulfilled,Stanley LLC,Japan,60.6,PACK-Total-81,Packaging,2025-05-23,pending,,2025-05,11.4,0.038,False
PO001328,SUP0028,PRD0103,2025-11-30,629,2.62,USD,1647.98,fulfilled,"Potter, Mack and Peterson",Germany,88.1,AUTO-Community-103,Automotive Parts,2025-12-09,pending,,2025-11,19.8,0.036,False
PO001329,SUP0020,PRD0032,2025-12-01,350,106.8,USD,37380.0,cancelled,Lewis-Porter,Pakistan,59.2,FURN-Us-32,Furniture,,,,2025-12,58.6,0.255,False
PO001330,SUP0026,PRD0091,2026-03-26,109,52.18,USD,5687.62,fulfilled,James-Ferrell,Egypt,85.3,FOOD-Some-91,Food & Beverage,2026-03-30,paid,2026-04-29,2026-03,55.8,0.205,False
PO001331,SUP0032,PRD0086,2026-04-24,361,912.42,USD,329383.62,fulfilled,"Lynch, Hernandez and Farmer",Vietnam,57.2,AUTO-Now-86,Automotive Parts,2026-04-27,paid,2026-06-06,2026-04,45.3,0.131,False
PO001332,SUP0009,PRD0015,2025-01-02,537,453.11,USD,243320.07,fulfilled,Munoz-Roman,United States,66.0,TEXT-Drop-15,Textiles,2025-01-11,paid,2025-02-23,2025-01,11.0,0.029,False
PO001333,SUP0030,PRD0037,2026-06-24,189,476.84,USD,90122.76,fulfilled,Stanton-Gill,Indonesia,60.5,CHEM-Still-37,Chemicals,2026-07-05,paid,2026-07-25,2026-06,47.0,0.089,False
PO001334,SUP0019,PRD0144,2024-12-16,292,50.35,USD,14702.2,fulfilled,Clark PLC,Germany,69.9,FURN-Today-144,Furniture,2024-12-30,overdue,,2024-12,14.4,0.028,False
PO001335,SUP0026,PRD0136,2025-10-05,1423,4153.9,USD,5910999.7,fulfilled,James-Ferrell,Egypt,85.3,AUTO-Morning-136,Automotive Parts,2025-10-07,paid,2025-11-19,2025-10,51.4,0.157,False
PO001336,SUP0017,PRD0133,2025-06-07,617,5306.37,USD,3274030.29,fulfilled,"Hawkins, Cohen and Cameron",Nigeria,42.8,PACK-Apply-133,Packaging,2025-06-13,paid,2025-06-26,2025-06,67.9,0.249,False
PO001337,SUP0007,PRD0048,2026-08-17,553,168.45,USD,93152.85,cancelled,Ramirez-Lewis,South Korea,49.8,FOOD-Item-48,Food & Beverage,,,,2026-08,19.1,0.076,False
PO001338,SUP0035,PRD0094,2026-07-13,307,2.86,USD,878.02,open,Allen PLC,Brazil,54.5,MACH-Compare-94,Machinery,2026-07-14,paid,2026-08-17,2026-07,46.8,0.198,False
PO001339,SUP0015,PRD0055,2025-05-02,348,2.32,USD,807.36,fulfilled,"Zuniga, Wong and Lynch",India,76.1,FURN-Race-55,Furniture,2025-05-03,paid,2025-05-13,2025-05,43.1,0.138,False
PO001340,SUP0025,PRD0036,2026-06-10,649,45.07,USD,29250.43,fulfilled,Conner Group,Bangladesh,77.2,ELEC-Eight-36,Electronics,2026-06-16,paid,2026-07-12,2026-06,56.0,0.186,False
PO001341,SUP0006,PRD0013,2026-06-01,73,2.31,USD,168.63,fulfilled,Blake and Sons,China,58.0,CHEM-Program-13,Chemicals,2026-06-03,paid,2026-06-22,2026-06,25.4,0.077,False
PO001342,SUP0010,PRD0135,2025-10-23,886,1894.48,USD,1678509.28,fulfilled,"Martinez, Nielsen and Miller",Egypt,43.6,CHEM-Me-135,Chemicals,2025-11-01,paid,2025-12-11,2025-10,54.7,0.205,False
PO001343,SUP0011,PRD0145,2025-01-17,167,7.46,USD,1245.82,fulfilled,"Montgomery, Hensley and Ray",Indonesia,56.0,MACH-Cultural-145,Machinery,2025-01-31,paid,2025-02-15,2025-01,37.7,0.176,False
PO001344,SUP0005,PRD0070,2025-04-27,110,259.18,USD,28509.8,fulfilled,Cole LLC,Mexico,58.0,PACK-Knowledge-70,Packaging,2025-05-03,paid,2025-06-16,2025-04,38.1,0.128,False
PO001345,SUP0040,PRD0005,2025-01-06,562,3.27,USD,1837.74,fulfilled,"Santos, Kim and Holmes",Turkey,71.1,TEXT-Per-5,Textiles,2025-01-12,paid,2025-02-24,2025-01,59.7,0.235,False
PO001346,SUP0002,PRD0070,2024-09-19,145,2.33,USD,337.85,fulfilled,Rhodes PLC,Germany,87.8,PACK-Knowledge-70,Packaging,2024-10-02,paid,2024-10-25,2024-09,,,
PO001347,SUP0026,PRD0141,2024-12-01,202,175.6,USD,35471.2,fulfilled,James-Ferrell,Egypt,85.3,CHEM-Art-141,Chemicals,2024-12-07,paid,2025-01-05,2024-12,59.3,0.256,False
PO001348,SUP0029,PRD0027,2026-01-28,157,187.96,USD,29509.72,fulfilled,Chavez Ltd,Poland,66.3,TEXT-Difficult-27,Textiles,2026-02-03,paid,2026-03-09,2026-01,29.2,0.105,False
PO001349,SUP0037,PRD0142,2025-06-27,78,938.94,USD,73237.32,fulfilled,"Cannon, Anderson and Alvarez",United States,65.1,TEXT-Movie-142,Textiles,2025-07-10,paid,2025-08-09,2025-06,18.8,0.032,False
PO001350,SUP0030,PRD0122,2025-03-25,399,1066.89,USD,425689.11,fulfilled,Stanton-Gill,Indonesia,60.5,CHEM-Customer-122,Chemicals,2025-04-01,pending,,2025-03,42.4,0.13,False
PO001351,SUP0037,PRD0079,2026-02-04,218,2608.71,USD,568698.78,open,"Cannon, Anderson and Alvarez",United States,65.1,FOOD-System-79,Food & Beverage,2026-02-16,paid,2026-02-21,2026-02,22.9,0.036,False
PO001352,SUP0012,PRD0082,2025-09-14,161,428.76,USD,69030.36,open,Stanley LLC,Japan,60.6,AUTO-Oil-82,Automotive Parts,2025-09-22,paid,2025-10-29,2025-09,14.5,0.057,False
PO001353,SUP0006,PRD0073,2026-01-01,233,476.45,USD,111012.85,fulfilled,Blake and Sons,China,58.0,PACK-Maintain-73,Packaging,2026-01-05,paid,2026-02-18,2026-01,23.7,0.078,False
PO001354,SUP0030,PRD0076,2026-02-15,38,4.3,USD,163.4,fulfilled,Stanton-Gill,Indonesia,60.5,PACK-Wind-76,Packaging,2026-02-21,pending,,2026-02,49.4,0.152,False
PO001355,SUP0032,PRD0028,2025-04-03,45,132.3,USD,5953.5,open,"Lynch, Hernandez and Farmer",Vietnam,57.2,AUTO-Notice-28,Automotive Parts,2025-04-07,pending,,2025-04,43.2,0.103,False
PO001356,SUP0037,PRD0010,2024-11-05,631,2235.61,USD,1410669.91,fulfilled,"Cannon, Anderson and Alvarez",United States,65.1,CHEM-Account-10,Chemicals,2024-11-11,pending,,2024-11,14.8,0.037,False
PO001357,SUP0034,PRD0004,2025-12-14,29,16.11,USD,467.19,fulfilled,Koch-Decker,India,69.9,FOOD-Against-4,Food & Beverage,2025-12-17,overdue,,2025-12,37.0,0.11,False
PO001358,SUP0024,PRD0122,2025-04-17,392,3829.74,USD,1501258.08,fulfilled,Campos Inc,Mexico,79.6,CHEM-Customer-122,Chemicals,2025-04-26,overdue,,2025-04,45.0,0.168,False
PO001359,SUP0012,PRD0079,2026-05-31,1117,1389.08,USD,1551602.36,fulfilled,Stanley LLC,Japan,60.6,FOOD-System-79,Food & Beverage,2026-06-05,paid,2026-06-26,2026-05,15.6,0.066,False
PO001360,SUP0013,PRD0078,2026-01-05,157,117.36,USD,18425.52,open,Delacruz Group,Germany,77.3,AUTO-Level-78,Automotive Parts,2026-01-12,paid,2026-02-08,2026-01,17.5,0.046,False
PO001361,SUP0020,PRD0015,2026-02-11,196,51.07,USD,10009.72,fulfilled,Lewis-Porter,Pakistan,59.2,TEXT-Drop-15,Textiles,2026-02-18,paid,2026-03-04,2026-02,67.5,0.261,False
PO001362,SUP0002,PRD0106,2025-12-25,430,2163.36,USD,930244.8,fulfilled,Rhodes PLC,Germany,87.8,AUTO-In-106,Automotive Parts,2025-12-28,paid,2026-01-16,2025-12,12.4,0.044,False
PO001363,SUP0002,PRD0084,2025-09-03,261,293.28,USD,76546.08,cancelled,Rhodes PLC,Germany,87.8,PACK-Apply-84,Packaging,,,,2025-09,10.6,0.047,False
PO001364,SUP0015,PRD0066,2025-06-11,83,137.3,USD,11395.9,fulfilled,"Zuniga, Wong and Lynch",India,76.1,TEXT-Customer-66,Textiles,2025-06-22,pending,,2025-06,45.4,0.087,False
PO001365,SUP0002,PRD0105,2026-04-14,36,1811.98,USD,65231.28,open,Rhodes PLC,Germany,87.8,FOOD-Able-105,Food & Beverage,2026-04-20,pending,,2026-04,15.0,0.026,False
PO001366,SUP0008,PRD0074,2025-08-11,58,282.47,USD,16383.26,fulfilled,Davis Inc,Pakistan,69.7,MACH-Enjoy-74,Machinery,2025-08-25,pending,,2025-08,56.9,0.306,False
PO001367,SUP0025,PRD0100,2025-08-15,156,721.26,USD,112516.56,fulfilled,Conner Group,Bangladesh,77.2,TEXT-Institution-100,Textiles,2025-08-25,paid,2025-09-20,2025-08,56.9,0.201,False
PO001368,SUP0005,PRD0108,2025-07-01,250,529.3,USD,132325.0,open,Cole LLC,Mexico,58.0,FURN-With-108,Furniture,2025-07-02,paid,2025-07-13,2025-07,35.6,0.151,False
PO001369,SUP0018,PRD0081,2026-04-05,286,2047.62,USD,585619.32,open,Underwood LLC,Philippines,54.2,PACK-Total-81,Packaging,2026-04-08,paid,2026-04-14,2026-04,40.4,0.156,False
PO001370,SUP0034,PRD0012,2025-03-18,169,4.13,USD,697.97,fulfilled,Koch-Decker,India,69.9,ELEC-Second-12,Electronics,2025-03-31,overdue,,2025-03,31.3,0.126,False
PO001371,SUP0002,PRD0082,2026-06-07,26,183.79,USD,4778.54,open,Rhodes PLC,Germany,87.8,AUTO-Oil-82,Automotive Parts,2026-06-20,paid,2026-06-29,2026-06,6.5,0.039,False
PO001372,SUP0039,PRD0111,2024-11-19,96,968.6,USD,92985.6,open,"Campos, Vaughn and Marquez",South Korea,62.6,PACK-Look-111,Packaging,2024-11-24,paid,2024-12-23,2024-11,16.6,0.063,False
PO001373,SUP0026,PRD0019,2025-06-22,105,161.13,USD,16918.65,fulfilled,James-Ferrell,Egypt,85.3,PACK-Trade-19,Packaging,2025-07-05,paid,2025-07-11,2025-06,53.2,0.177,False
PO001374,SUP0030,PRD0066,2025-01-26,212,35.25,USD,7473.0,fulfilled,Stanton-Gill,Indonesia,60.5,TEXT-Customer-66,Textiles,2025-01-29,overdue,,2025-01,41.7,0.083,False
PO001375,SUP0037,PRD0120,2025-06-11,1618,382.89,USD,619516.02,fulfilled,"Cannon, Anderson and Alvarez",United States,65.1,MACH-Message-120,Machinery,2025-06-21,paid,2025-07-16,2025-06,18.8,0.032,False
PO001376,SUP0009,PRD0142,2026-04-14,439,46.11,USD,20242.29,fulfilled,Munoz-Roman,United States,66.0,TEXT-Movie-142,Textiles,2026-04-27,paid,2026-06-07,2026-04,13.6,0.032,False
PO001377,SUP0008,PRD0084,2025-01-08,421,13.9,USD,5851.9,fulfilled,Davis Inc,Pakistan,69.7,PACK-Apply-84,Packaging,2025-01-22,pending,,2025-01,61.9,0.24,False
PO001378,SUP0025,PRD0070,2025-02-17,284,1158.92,USD,329133.28,fulfilled,Conner Group,Bangladesh,77.2,PACK-Knowledge-70,Packaging,2025-02-27,paid,2025-03-21,2025-02,59.8,0.172,False
PO001379,SUP0019,PRD0016,2025-05-03,443,197.99,USD,87709.57,fulfilled,Clark PLC,Germany,69.9,CHEM-Author-16,Chemicals,2025-05-14,paid,2025-05-29,2025-05,10.9,0.032,False
PO001380,SUP0034,PRD0094,2025-03-28,997,332.42,USD,331422.74,fulfilled,Koch-Decker,India,69.9,MACH-Compare-94,Machinery,2025-04-05,paid,2025-04-25,2025-03,31.3,0.126,False
PO001381,SUP0010,PRD0141,2025-07-12,544,1278.36,USD,695427.84,fulfilled,"Martinez, Nielsen and Miller",Egypt,43.6,CHEM-Art-141,Chemicals,2025-07-19,pending,,2025-07,54.1,0.156,True
PO001382,SUP0005,PRD0081,2025-12-22,91,2.5,USD,227.5,fulfilled,Cole LLC,Mexico,58.0,PACK-Total-81,Packaging,2026-01-03,paid,2026-01-26,2025-12,39.8,0.113,False
PO001383,SUP0038,PRD0042,2024-10-08,125,216.7,USD,27087.5,fulfilled,Rose-Obrien,South Africa,61.5,TEXT-Between-42,Textiles,2024-10-17,paid,2024-11-11,2024-10,58.5,0.16,False
PO001384,SUP0026,PRD0095,2026-01-19,179,4.29,USD,767.91,fulfilled,James-Ferrell,Egypt,85.3,PACK-Investment-95,Packaging,2026-01-25,paid,2026-02-27,2026-01,52.0,0.187,False
PO001385,SUP0014,PRD0103,2025-02-02,229,595.7,USD,136415.3,fulfilled,"Flowers, Martin and Kelly",United States,46.7,AUTO-Community-103,Automotive Parts,2025-02-03,paid,2025-03-02,2025-02,12.9,0.024,False
PO001386,SUP0012,PRD0114,2026-01-28,47,3.49,USD,164.03,fulfilled,Stanley LLC,Japan,60.6,FOOD-Same-114,Food & Beverage,2026-02-08,paid,2026-03-07,2026-01,21.6,0.072,False
PO001387,SUP0011,PRD0004,2025-01-28,134,254.31,USD,34077.54,fulfilled,"Montgomery, Hensley and Ray",Indonesia,56.0,FOOD-Against-4,Food & Beverage,2025-02-02,paid,2025-03-17,2025-01,37.7,0.176,False
PO001388,SUP0013,PRD0054,2026-04-28,1049,198.2,USD,207911.8,fulfilled,Delacruz Group,Germany,77.3,FURN-Ready-54,Furniture,2026-05-01,paid,2026-06-04,2026-04,12.5,0.043,False
PO001389,SUP0019,PRD0142,2025-08-14,404,74.51,USD,30102.04,open,Clark PLC,Germany,69.9,TEXT-Movie-142,Textiles,2025-08-22,paid,2025-09-18,2025-08,9.7,0.033,False
PO001390,SUP0035,PRD0141,2026-08-09,182,13.33,USD,2426.06,fulfilled,Allen PLC,Brazil,54.5,CHEM-Art-141,Chemicals,2026-08-19,paid,2026-09-16,2026-08,51.8,0.145,False
PO001391,SUP0028,PRD0026,2026-05-03,106,2.31,USD,244.86,fulfilled,"Potter, Mack and Peterson",Germany,88.1,PACK-Mention-26,Packaging,2026-05-12,overdue,,2026-05,12.4,0.037,False
PO001392,SUP0004,PRD0124,2025-08-14,968,11.46,USD,11093.28,open,"Johnson, Gonzalez and Santos",Mexico,76.5,ELEC-Director-124,Electronics,2025-08-21,paid,2025-09-27,2025-08,45.5,0.092,False
PO001393,SUP0004,PRD0120,2025-02-08,155,312.46,USD,48431.3,cancelled,"Johnson, Gonzalez and Santos",Mexico,76.5,MACH-Message-120,Machinery,,,,2025-02,44.6,0.113,False
PO001394,SUP0036,PRD0095,2026-01-12,254,4246.29,USD,1078557.66,fulfilled,Dennis Inc,South Korea,60.1,PACK-Investment-95,Packaging,2026-01-26,overdue,,2026-01,24.1,0.074,False
PO001395,SUP0004,PRD0049,2025-07-15,696,52.12,USD,36275.52,fulfilled,"Johnson, Gonzalez and Santos",Mexico,76.5,AUTO-Manage-49,Automotive Parts,2025-07-29,paid,2025-08-28,2025-07,42.3,0.114,False
PO001396,SUP0010,PRD0071,2025-01-18,451,5.68,USD,2561.68,fulfilled,"Martinez, Nielsen and Miller",Egypt,43.6,ELEC-Cover-71,Electronics,2025-01-25,paid,2025-02-13,2025-01,51.8,0.183,False
PO001397,SUP0007,PRD0010,2024-09-11,241,767.17,USD,184887.97,fulfilled,Ramirez-Lewis,South Korea,49.8,CHEM-Account-10,Chemicals,2024-09-12,pending,,2024-09,,,
PO001398,SUP0025,PRD0054,2026-08-12,204,5069.08,USD,1034092.32,fulfilled,Conner Group,Bangladesh,77.2,FURN-Ready-54,Furniture,2026-08-22,pending,,2026-08,55.7,0.18,False
PO001399,SUP0027,PRD0016,2026-06-12,93,59.23,USD,5508.39,fulfilled,"Valencia, Smith and Le",Vietnam,70.4,CHEM-Author-16,Chemicals,2026-06-22,paid,2026-07-14,2026-06,45.3,0.102,False
PO001400,SUP0033,PRD0057,2025-09-09,464,352.11,USD,163379.04,open,"Sellers, George and Burns",China,78.7,CHEM-Ask-57,Chemicals,2025-09-15,paid,2025-10-20,2025-09,27.9,0.076,False
PO001401,SUP0026,PRD0048,2025-06-10,301,2.41,USD,725.41,cancelled,James-Ferrell,Egypt,85.3,FOOD-Item-48,Food & Beverage,,,,2025-06,53.2,0.177,False
PO001402,SUP0018,PRD0066,2024-09-10,616,133.79,USD,82414.64,open,Underwood LLC,Philippines,54.2,TEXT-Customer-66,Textiles,2024-09-19,pending,,2024-09,,,
PO001403,SUP0020,PRD0048,2025-08-13,550,108.89,USD,59889.5,fulfilled,Lewis-Porter,Pakistan,59.2,FOOD-Item-48,Food & Beverage,2025-08-20,paid,2025-09-18,2025-08,63.6,0.226,False
PO001404,SUP0023,PRD0048,2025-08-18,40,5.48,USD,219.2,fulfilled,Robinson-Bright,Indonesia,70.0,FOOD-Item-48,Food & Beverage,2025-08-23,overdue,,2025-08,42.7,0.186,False
PO001405,SUP0013,PRD0005,2025-07-16,482,223.83,USD,107886.06,fulfilled,Delacruz Group,Germany,77.3,TEXT-Per-5,Textiles,2025-07-18,paid,2025-08-18,2025-07,12.9,0.04,False
PO001406,SUP0004,PRD0015,2026-03-01,642,2.31,USD,1483.02,fulfilled,"Johnson, Gonzalez and Santos",Mexico,76.5,TEXT-Drop-15,Textiles,2026-03-12,paid,2026-03-26,2026-03,32.4,0.136,False
PO001407,SUP0030,PRD0051,2026-03-31,233,7.84,USD,1826.72,fulfilled,Stanton-Gill,Indonesia,60.5,AUTO-Shoulder-51,Automotive Parts,2026-04-01,paid,2026-04-22,2026-03,43.1,0.125,False
PO001408,SUP0026,PRD0114,2025-05-24,244,1276.64,USD,311500.16,fulfilled,James-Ferrell,Egypt,85.3,FOOD-Same-114,Food & Beverage,2025-05-25,paid,2025-06-01,2025-05,52.8,0.219,False
PO001409,SUP0008,PRD0145,2025-12-02,110,29.11,USD,3202.1,fulfilled,Davis Inc,Pakistan,69.7,MACH-Cultural-145,Machinery,2025-12-09,paid,2026-01-09,2025-12,66.7,0.291,False
PO001410,SUP0037,PRD0074,2025-03-01,401,1593.38,USD,638945.38,open,"Cannon, Anderson and Alvarez",United States,65.1,MACH-Enjoy-74,Machinery,2025-03-09,paid,2025-04-11,2025-03,9.2,0.022,False
PO001411,SUP0012,PRD0032,2025-03-30,177,109.52,USD,19385.04,cancelled,Stanley LLC,Japan,60.6,FURN-Us-32,Furniture,,,,2025-03,9.9,0.06,False
PO001412,SUP0032,PRD0141,2026-08-15,161,230.35,USD,37086.35,fulfilled,"Lynch, Hernandez and Farmer",Vietnam,57.2,CHEM-Art-141,Chemicals,2026-08-16,pending,,2026-08,45.2,0.147,False
PO001413,SUP0036,PRD0142,2024-11-24,1956,958.9,USD,1875608.4,cancelled,Dennis Inc,South Korea,60.1,TEXT-Movie-142,Textiles,,,,2024-11,13.9,0.067,False
PO001414,SUP0013,PRD0114,2026-05-09,261,140.97,USD,36793.17,open,Delacruz Group,Germany,77.3,FOOD-Same-114,Food & Beverage,2026-05-18,pending,,2026-05,10.2,0.042,False
PO001415,SUP0036,PRD0014,2026-07-03,366,74.83,USD,27387.78,open,Dennis Inc,South Korea,60.1,PACK-Artist-14,Packaging,2026-07-17,pending,,2026-07,15.2,0.085,False
PO001416,SUP0007,PRD0062,2024-11-13,469,42.42,USD,19894.98,cancelled,Ramirez-Lewis,South Korea,49.8,TEXT-Training-62,Textiles,,,,2024-11,21.7,0.07,False
PO001417,SUP0002,PRD0079,2025-10-20,484,58.25,USD,28193.0,cancelled,Rhodes PLC,Germany,87.8,FOOD-System-79,Food & Beverage,,,,2025-10,7.2,0.034,False
PO001418,SUP0040,PRD0103,2025-05-16,290,3.83,USD,1110.7,fulfilled,"Santos, Kim and Holmes",Turkey,71.1,AUTO-Community-103,Automotive Parts,2025-05-25,paid,2025-06-09,2025-05,51.0,0.243,False
PO001419,SUP0003,PRD0065,2025-06-29,384,24.56,USD,9431.04,cancelled,Johnson-Davis,Vietnam,88.7,FURN-Dark-65,Furniture,,,,2025-06,43.1,0.095,False
PO001420,SUP0024,PRD0081,2025-04-11,529,91.98,USD,48657.42,fulfilled,Campos Inc,Mexico,79.6,PACK-Total-81,Packaging,2025-04-22,paid,2025-05-07,2025-04,45.0,0.168,False
PO001421,SUP0040,PRD0023,2026-03-12,157,75.43,USD,11842.51,open,"Santos, Kim and Holmes",Turkey,71.1,MACH-Economy-23,Machinery,2026-03-16,paid,2026-04-08,2026-03,53.2,0.248,False
PO001422,SUP0020,PRD0076,2024-09-29,207,608.28,USD,125913.96,fulfilled,Lewis-Porter,Pakistan,59.2,PACK-Wind-76,Packaging,2024-10-07,paid,2024-10-12,2024-09,,,
PO001423,SUP0026,PRD0056,2025-07-24,517,9.56,USD,4942.52,open,James-Ferrell,Egypt,85.3,MACH-Billion-56,Machinery,2025-07-29,paid,2025-09-09,2025-07,51.2,0.211,False
PO001424,SUP0037,PRD0057,2025-08-21,149,64.9,USD,9670.1,fulfilled,"Cannon, Anderson and Alvarez",United States,65.1,CHEM-Ask-57,Chemicals,2025-09-01,pending,,2025-08,18.8,0.029,False
PO001425,SUP0026,PRD0009,2025-11-25,198,3.84,USD,760.32,open,James-Ferrell,Egypt,85.3,MACH-Discussion-9,Machinery,2025-12-08,paid,2026-01-21,2025-11,43.9,0.173,False
PO001426,SUP0019,PRD0040,2026-04-13,149,47.42,USD,7065.58,fulfilled,Clark PLC,Germany,69.9,FURN-Investment-40,Furniture,2026-04-26,paid,2026-05-01,2026-04,12.5,0.048,False
PO001427,SUP0035,PRD0136,2025-01-14,124,855.0,USD,106020.0,fulfilled,Allen PLC,Brazil,54.5,AUTO-Morning-136,Automotive Parts,2025-01-25,paid,2025-01-31,2025-01,53.3,0.132,False
PO001428,SUP0036,PRD0085,2024-09-09,591,10.24,USD,6051.84,fulfilled,Dennis Inc,South Korea,60.1,CHEM-Reach-85,Chemicals,2024-09-20,paid,2024-10-18,2024-09,,,
PO001429,SUP0029,PRD0112,2026-07-09,905,9.66,USD,8742.3,fulfilled,Chavez Ltd,Poland,66.3,FURN-Feeling-112,Furniture,2026-07-21,paid,2026-08-28,2026-07,30.5,0.116,False
PO001430,SUP0006,PRD0067,2025-12-04,233,5.16,USD,1202.28,open,Blake and Sons,China,58.0,FURN-Not-67,Furniture,2025-12-11,paid,2026-01-16,2025-12,29.1,0.074,False
PO001431,SUP0039,PRD0058,2025-10-31,47,10.67,USD,501.49,fulfilled,"Campos, Vaughn and Marquez",South Korea,62.6,AUTO-Interesting-58,Automotive Parts,2025-11-11,pending,,2025-10,21.2,0.085,False
PO001432,SUP0008,PRD0056,2025-10-24,79,3.31,USD,261.49,fulfilled,Davis Inc,Pakistan,69.7,MACH-Billion-56,Machinery,2025-11-03,paid,2025-11-19,2025-10,55.3,0.256,False
PO001433,SUP0036,PRD0032,2025-06-10,129,5.96,USD,768.84,open,Dennis Inc,South Korea,60.1,FURN-Us-32,Furniture,2025-06-21,paid,2025-07-06,2025-06,16.2,0.07,False
PO001434,SUP0005,PRD0147,2025-05-31,400,1665.82,USD,666328.0,fulfilled,Cole LLC,Mexico,58.0,FURN-Physical-147,Furniture,2025-06-08,paid,2025-06-16,2025-05,40.9,0.098,False
PO001435,SUP0021,PRD0145,2024-12-12,293,3151.6,USD,923418.8,fulfilled,"Ellis, Baker and Wright",India,80.5,MACH-Cultural-145,Machinery,2024-12-14,overdue,,2024-12,38.4,0.078,False
PO001436,SUP0014,PRD0133,2026-03-26,1552,447.97,USD,695249.44,fulfilled,"Flowers, Martin and Kelly",United States,46.7,PACK-Apply-133,Packaging,2026-04-03,pending,,2026-03,7.3,0.025,False
PO001437,SUP0019,PRD0020,2024-09-23,186,5.23,USD,972.78,open,Clark PLC,Germany,69.9,FOOD-Give-20,Food & Beverage,2024-10-03,paid,2024-11-04,2024-09,,,
PO001438,SUP0012,PRD0056,2024-11-23,806,135.19,USD,108963.14,fulfilled,Stanley LLC,Japan,60.6,MACH-Billion-56,Machinery,2024-12-04,paid,2024-12-19,2024-11,21.0,0.049,False
PO001439,SUP0029,PRD0108,2026-04-07,125,2.74,USD,342.5,fulfilled,Chavez Ltd,Poland,66.3,FURN-With-108,Furniture,2026-04-21,paid,2026-04-26,2026-04,28.1,0.08,False
PO001440,SUP0013,PRD0150,2024-11-17,85,229.89,USD,19540.65,fulfilled,Delacruz Group,Germany,77.3,TEXT-Training-150,Textiles,2024-11-29,paid,2025-01-05,2024-11,16.0,0.028,False
PO001441,SUP0001,PRD0094,2024-10-09,228,122.45,USD,27918.6,fulfilled,"Rodriguez, Figueroa and Sanchez",South Korea,74.7,MACH-Compare-94,Machinery,2024-10-14,paid,2024-11-27,2024-10,17.6,0.067,False
PO001442,SUP0037,PRD0066,2026-04-23,121,2.31,USD,279.51,fulfilled,"Cannon, Anderson and Alvarez",United States,65.1,TEXT-Customer-66,Textiles,2026-05-06,paid,2026-06-13,2026-04,15.1,0.033,False
PO001443,SUP0002,PRD0105,2025-09-13,353,260.02,USD,91787.06,fulfilled,Rhodes PLC,Germany,87.8,FOOD-Able-105,Food & Beverage,2025-09-19,paid,2025-10-29,2025-09,10.6,0.047,False
PO001444,SUP0008,PRD0027,2025-08-23,180,593.09,USD,106756.2,fulfilled,Davis Inc,Pakistan,69.7,TEXT-Difficult-27,Textiles,2025-08-31,paid,2025-09-24,2025-08,56.9,0.306,False
PO001445,SUP0035,PRD0092,2024-12-10,110,26.07,USD,2867.7,fulfilled,Allen PLC,Brazil,54.5,ELEC-Time-92,Electronics,2024-12-23,paid,2025-01-24,2024-12,55.3,0.177,False
PO001446,SUP0029,PRD0133,2024-11-08,66,1643.21,USD,108451.86,fulfilled,Chavez Ltd,Poland,66.3,PACK-Apply-133,Packaging,2024-11-09,paid,2024-12-13,2024-11,28.3,0.097,False
PO001447,SUP0025,PRD0141,2025-10-29,685,20.51,USD,14049.35,fulfilled,Conner Group,Bangladesh,77.2,CHEM-Art-141,Chemicals,2025-11-12,paid,2025-11-26,2025-10,57.7,0.144,False
PO001448,SUP0020,PRD0058,2024-11-29,308,139.75,USD,43043.0,fulfilled,Lewis-Porter,Pakistan,59.2,AUTO-Interesting-58,Automotive Parts,2024-12-07,overdue,,2024-11,68.8,0.234,False
PO001449,SUP0034,PRD0020,2025-12-05,452,2.32,USD,1048.64,fulfilled,Koch-Decker,India,69.9,FOOD-Give-20,Food & Beverage,2025-12-16,paid,2026-01-18,2025-12,37.0,0.11,False
PO001450,SUP0021,PRD0097,2025-02-21,188,2.31,USD,434.28,fulfilled,"Ellis, Baker and Wright",India,80.5,ELEC-Medical-97,Electronics,2025-03-01,paid,2025-03-09,2025-02,43.3,0.085,False
PO001451,SUP0011,PRD0090,2024-11-11,715,3.95,USD,2824.25,fulfilled,"Montgomery, Hensley and Ray",Indonesia,56.0,MACH-With-90,Machinery,2024-11-14,paid,2024-11-28,2024-11,45.2,0.124,False
PO001452,SUP0022,PRD0141,2026-07-26,157,69.23,USD,10869.11,fulfilled,Burgess-Patterson,Pakistan,79.0,CHEM-Art-141,Chemicals,2026-08-05,paid,2026-09-08,2026-07,63.6,0.211,False
PO001453,SUP0040,PRD0011,2025-04-06,131,2.58,USD,337.98,fulfilled,"Santos, Kim and Holmes",Turkey,71.1,TEXT-Avoid-11,Textiles,2025-04-18,paid,2025-04-27,2025-04,71.0,0.215,True
PO001454,SUP0020,PRD0042,2025-08-30,303,35.93,USD,10886.79,fulfilled,Lewis-Porter,Pakistan,59.2,TEXT-Between-42,Textiles,2025-09-07,paid,2025-09-15,2025-08,63.6,0.226,False
PO001455,SUP0012,PRD0132,2025-05-12,86,1271.17,USD,109320.62,open,Stanley LLC,Japan,60.6,CHEM-Art-132,Chemicals,2025-05-14,paid,2025-05-24,2025-05,11.4,0.038,False
PO001456,SUP0025,PRD0109,2026-05-30,313,5452.96,USD,1706776.48,open,Conner Group,Bangladesh,77.2,CHEM-Step-109,Chemicals,2026-06-09,paid,2026-06-14,2026-05,51.6,0.176,False
PO001457,SUP0040,PRD0147,2025-07-24,951,31.7,USD,30146.7,fulfilled,"Santos, Kim and Holmes",Turkey,71.1,FURN-Physical-147,Furniture,2025-07-26,overdue,,2025-07,61.6,0.237,False
PO001458,SUP0013,PRD0097,2025-08-15,184,327.27,USD,60217.68,fulfilled,Delacruz Group,Germany,77.3,ELEC-Medical-97,Electronics,2025-08-20,paid,2025-09-12,2025-08,11.5,0.039,False
PO001459,SUP0019,PRD0058,2025-03-11,417,1151.6,USD,480217.2,fulfilled,Clark PLC,Germany,69.9,AUTO-Interesting-58,Automotive Parts,2025-03-16,paid,2025-04-18,2025-03,5.0,0.033,False
PO001460,SUP0006,PRD0079,2026-08-30,115,378.97,USD,43581.55,open,Blake and Sons,China,58.0,FOOD-System-79,Food & Beverage,2026-09-05,paid,2026-09-25,2026-08,29.7,0.069,False
PO001461,SUP0015,PRD0093,2025-07-04,503,112.94,USD,56808.82,fulfilled,"Zuniga, Wong and Lynch",India,76.1,TEXT-Economic-93,Textiles,2025-07-07,paid,2025-07-12,2025-07,41.4,0.105,False
PO001462,SUP0003,PRD0005,2026-08-07,176,4.82,USD,848.32,cancelled,Johnson-Davis,Vietnam,88.7,TEXT-Per-5,Textiles,,,,2026-08,43.9,0.09,False
PO001463,SUP0037,PRD0124,2026-04-23,295,65.45,USD,19307.75,fulfilled,"Cannon, Anderson and Alvarez",United States,65.1,ELEC-Director-124,Electronics,2026-05-04,paid,2026-06-05,2026-04,15.1,0.033,False
PO001464,SUP0004,PRD0112,2026-01-22,614,6.56,USD,4027.84,fulfilled,"Johnson, Gonzalez and Santos",Mexico,76.5,FURN-Feeling-112,Furniture,2026-01-28,paid,2026-03-13,2026-01,33.7,0.103,False
PO001465,SUP0036,PRD0048,2026-02-05,81,95.53,USD,7737.93,open,Dennis Inc,South Korea,60.1,FOOD-Item-48,Food & Beverage,2026-02-13,paid,2026-03-06,2026-02,21.2,0.077,False
PO001466,SUP0040,PRD0141,2026-08-08,80,4.69,USD,375.2,cancelled,"Santos, Kim and Holmes",Turkey,71.1,CHEM-Art-141,Chemicals,,,,2026-08,58.2,0.17,False
PO001467,SUP0008,PRD0028,2026-07-15,339,108.41,USD,36750.99,fulfilled,Davis Inc,Pakistan,69.7,AUTO-Notice-28,Automotive Parts,2026-07-27,pending,,2026-07,61.8,0.257,False
PO001468,SUP0040,PRD0036,2025-05-26,184,124.95,USD,22990.8,fulfilled,"Santos, Kim and Holmes",Turkey,71.1,ELEC-Eight-36,Electronics,2025-06-05,paid,2025-06-14,2025-05,51.0,0.243,False
PO001469,SUP0035,PRD0001,2024-10-11,362,4.11,USD,1487.82,fulfilled,Allen PLC,Brazil,54.5,MACH-Down-1,Machinery,2024-10-24,pending,,2024-10,55.5,0.177,False
PO001470,SUP0040,PRD0104,2025-11-25,531,105.34,USD,55935.54,fulfilled,"Santos, Kim and Holmes",Turkey,71.1,AUTO-Hundred-104,Automotive Parts,2025-12-05,paid,2026-01-18,2025-11,50.3,0.246,True
PO001471,SUP0006,PRD0081,2026-05-30,155,349.39,USD,54155.45,fulfilled,Blake and Sons,China,58.0,PACK-Total-81,Packaging,2026-06-05,paid,2026-07-03,2026-05,24.1,0.065,False
PO001472,SUP0019,PRD0074,2025-06-27,329,71.28,USD,23451.12,fulfilled,Clark PLC,Germany,69.9,MACH-Enjoy-74,Machinery,2025-07-08,paid,2025-07-22,2025-06,8.4,0.058,False
PO001473,SUP0015,PRD0016,2026-04-02,262,1401.69,USD,367242.78,fulfilled,"Zuniga, Wong and Lynch",India,76.1,CHEM-Author-16,Chemicals,2026-04-11,paid,2026-04-29,2026-04,37.4,0.087,False
PO001474,SUP0027,PRD0010,2025-07-18,273,89.38,USD,24400.74,open,"Valencia, Smith and Le",Vietnam,70.4,CHEM-Account-10,Chemicals,2025-07-19,paid,2025-08-17,2025-07,41.7,0.123,False
PO001475,SUP0004,PRD0001,2025-03-08,75,660.91,USD,49568.25,cancelled,"Johnson, Gonzalez and Santos",Mexico,76.5,MACH-Down-1,Machinery,,,,2025-03,44.0,0.115,False
PO001476,SUP0005,PRD0052,2024-10-08,741,103.41,USD,76626.81,fulfilled,Cole LLC,Mexico,58.0,CHEM-Arm-52,Chemicals,2024-10-20,paid,2024-11-02,2024-10,37.9,0.124,False
PO001477,SUP0001,PRD0020,2026-07-16,343,3420.5,USD,1173231.5,open,"Rodriguez, Figueroa and Sanchez",South Korea,74.7,FOOD-Give-20,Food & Beverage,2026-07-25,paid,2026-08-23,2026-07,25.5,0.07,False
PO001478,SUP0021,PRD0057,2025-04-04,270,35.11,USD,9479.7,fulfilled,"Ellis, Baker and Wright",India,80.5,CHEM-Ask-57,Chemicals,2025-04-18,paid,2025-06-01,2025-04,41.6,0.097,False
PO001479,SUP0037,PRD0095,2026-08-04,262,13.17,USD,3450.54,fulfilled,"Cannon, Anderson and Alvarez",United States,65.1,PACK-Investment-95,Packaging,2026-08-16,paid,2026-09-07,2026-08,15.8,0.024,False
PO001480,SUP0037,PRD0012,2024-09-26,283,3.77,USD,1066.91,cancelled,"Cannon, Anderson and Alvarez",United States,65.1,ELEC-Second-12,Electronics,,,,2024-09,,,
PO001481,SUP0023,PRD0014,2025-07-19,345,1102.91,USD,380503.95,open,Robinson-Bright,Indonesia,70.0,PACK-Artist-14,Packaging,2025-07-27,pending,,2025-07,46.9,0.161,False
PO001482,SUP0010,PRD0019,2025-11-07,767,802.99,USD,615893.33,fulfilled,"Martinez, Nielsen and Miller",Egypt,43.6,PACK-Trade-19,Packaging,2025-11-19,paid,2025-12-27,2025-11,57.4,0.196,False
PO001483,SUP0014,PRD0108,2025-02-26,289,719.46,USD,207923.94,fulfilled,"Flowers, Martin and Kelly",United States,46.7,FURN-With-108,Furniture,2025-03-04,pending,,2025-02,12.9,0.024,False
PO001484,SUP0037,PRD0012,2026-06-19,149,283.0,USD,42167.0,open,"Cannon, Anderson and Alvarez",United States,65.1,ELEC-Second-12,Electronics,2026-06-26,paid,2026-07-12,2026-06,21.7,0.029,False
PO001485,SUP0038,PRD0042,2026-05-04,364,25.55,USD,9300.2,fulfilled,Rose-Obrien,South Africa,61.5,TEXT-Between-42,Textiles,2026-05-15,overdue,,2026-05,60.0,0.187,False
PO001486,SUP0010,PRD0148,2025-01-24,77,21.59,USD,1662.43,fulfilled,"Martinez, Nielsen and Miller",Egypt,43.6,FOOD-Author-148,Food & Beverage,2025-01-25,paid,2025-02-20,2025-01,51.8,0.183,False
PO001487,SUP0015,PRD0097,2025-10-28,546,2.34,USD,1277.64,fulfilled,"Zuniga, Wong and Lynch",India,76.1,ELEC-Medical-97,Electronics,2025-11-05,paid,2025-12-19,2025-10,29.8,0.089,False
PO001488,SUP0013,PRD0044,2024-10-17,763,4739.86,USD,3616513.18,fulfilled,Delacruz Group,Germany,77.3,MACH-Reason-44,Machinery,2024-10-27,paid,2024-11-22,2024-10,16.9,0.031,False
PO001489,SUP0017,PRD0081,2024-11-02,185,95.7,USD,17704.5,fulfilled,"Hawkins, Cohen and Cameron",Nigeria,42.8,PACK-Total-81,Packaging,2024-11-10,paid,2024-12-04,2024-11,76.4,0.301,False
PO001490,SUP0017,PRD0083,2024-09-13,35,2.31,USD,80.85,fulfilled,"Hawkins, Cohen and Cameron",Nigeria,42.8,TEXT-Billion-83,Textiles,2024-09-26,pending,,2024-09,,,
PO001491,SUP0015,PRD0145,2025-10-09,620,1573.01,USD,975266.2,fulfilled,"Zuniga, Wong and Lynch",India,76.1,MACH-Cultural-145,Machinery,2025-10-13,paid,2025-11-13,2025-10,29.8,0.089,False
PO001492,SUP0035,PRD0102,2026-02-27,79,2.39,USD,188.81,fulfilled,Allen PLC,Brazil,54.5,TEXT-Artist-102,Textiles,2026-02-28,paid,2026-03-24,2026-02,55.7,0.113,False
PO001493,SUP0009,PRD0040,2026-06-05,152,2.31,USD,351.12,cancelled,Munoz-Roman,United States,66.0,FURN-Investment-40,Furniture,,,,2026-06,15.7,0.018,False
PO001494,SUP0036,PRD0134,2026-01-28,347,629.34,USD,218380.98,fulfilled,Dennis Inc,South Korea,60.1,FOOD-Pattern-134,Food & Beverage,2026-02-09,paid,2026-02-21,2026-01,24.1,0.074,False
PO001495,SUP0009,PRD0074,2025-09-17,168,544.79,USD,91524.72,open,Munoz-Roman,United States,66.0,MACH-Enjoy-74,Machinery,2025-09-27,overdue,,2025-09,15.4,0.033,False
PO001496,SUP0032,PRD0150,2025-10-07,62,49.31,USD,3057.22,cancelled,"Lynch, Hernandez and Farmer",Vietnam,57.2,TEXT-Training-150,Textiles,,,,2025-10,43.2,0.118,False
PO001497,SUP0017,PRD0035,2025-06-17,28,376.43,USD,10540.04,fulfilled,"Hawkins, Cohen and Cameron",Nigeria,42.8,MACH-Material-35,Machinery,2025-06-24,paid,2025-07-21,2025-06,67.9,0.249,False
PO001498,SUP0019,PRD0010,2025-06-09,341,345.31,USD,117750.71,fulfilled,Clark PLC,Germany,69.9,CHEM-Account-10,Chemicals,2025-06-15,paid,2025-07-27,2025-06,8.4,0.058,False
PO001499,SUP0008,PRD0001,2025-03-17,355,336.88,USD,119592.4,fulfilled,Davis Inc,Pakistan,69.7,MACH-Down-1,Machinery,2025-03-29,paid,2025-04-29,2025-03,70.6,0.187,False
PO001500,SUP0008,PRD0102,2025-07-17,161,2.31,USD,371.91,fulfilled,Davis Inc,Pakistan,69.7,TEXT-Artist-102,Textiles,2025-07-19,overdue,,2025-07,57.0,0.24,False
PO001501,SUP0006,PRD0057,2025-07-19,70,22.9,USD,1603.0,fulfilled,Blake and Sons,China,58.0,CHEM-Ask-57,Chemicals,2025-08-01,overdue,,2025-07,23.1,0.07,False
PO001502,SUP0040,PRD0034,2025-07-06,31,9.39,USD,291.09,cancelled,"Santos, Kim and Holmes",Turkey,71.1,CHEM-Part-34,Chemicals,,,,2025-07,61.6,0.237,False
PO001503,SUP0014,PRD0028,2026-03-16,170,133.41,USD,22679.7,fulfilled,"Flowers, Martin and Kelly",United States,46.7,AUTO-Notice-28,Automotive Parts,2026-03-26,pending,,2026-03,7.3,0.025,False
PO001504,SUP0030,PRD0103,2026-05-18,213,5027.15,USD,1070782.95,fulfilled,Stanton-Gill,Indonesia,60.5,AUTO-Community-103,Automotive Parts,2026-05-23,pending,,2026-05,39.8,0.126,False
PO001505,SUP0010,PRD0007,2026-09-01,53,52.0,USD,2756.0,cancelled,"Martinez, Nielsen and Miller",Egypt,43.6,TEXT-Drug-7,Textiles,,,,2026-09,57.7,0.173,False
PO001506,SUP0019,PRD0105,2025-10-18,350,681.71,USD,238598.5,fulfilled,Clark PLC,Germany,69.9,FOOD-Able-105,Food & Beverage,2025-10-27,pending,,2025-10,7.6,0.055,False
PO001507,SUP0018,PRD0089,2025-06-08,229,1602.41,USD,366951.89,fulfilled,Underwood LLC,Philippines,54.2,ELEC-Better-89,Electronics,2025-06-17,paid,2025-07-03,2025-06,42.1,0.16,False
PO001508,SUP0037,PRD0037,2025-03-15,989,39.66,USD,39223.74,fulfilled,"Cannon, Anderson and Alvarez",United States,65.1,CHEM-Still-37,Chemicals,2025-03-18,overdue,,2025-03,9.2,0.022,False
PO001509,SUP0030,PRD0145,2025-12-31,959,1048.34,USD,1005358.06,cancelled,Stanton-Gill,Indonesia,60.5,MACH-Cultural-145,Machinery,,,,2025-12,46.3,0.143,False
PO001510,SUP0020,PRD0060,2024-09-21,187,904.25,USD,169094.75,open,Lewis-Porter,Pakistan,59.2,TEXT-Group-60,Textiles,2024-10-02,paid,2024-11-13,2024-09,,,
PO001511,SUP0034,PRD0109,2024-09-25,590,513.15,USD,302758.5,fulfilled,Koch-Decker,India,69.9,CHEM-Step-109,Chemicals,2024-10-01,overdue,,2024-09,,,
PO001512,SUP0010,PRD0142,2025-11-13,130,609.64,USD,79253.2,cancelled,"Martinez, Nielsen and Miller",Egypt,43.6,TEXT-Movie-142,Textiles,,,,2025-11,57.4,0.196,False
PO001513,SUP0021,PRD0001,2024-10-20,244,4.14,USD,1010.16,fulfilled,"Ellis, Baker and Wright",India,80.5,MACH-Down-1,Machinery,2024-11-01,paid,2024-11-09,2024-10,42.1,0.126,False
PO001514,SUP0012,PRD0133,2026-04-22,100,757.7,USD,75770.0,fulfilled,Stanley LLC,Japan,60.6,PACK-Apply-133,Packaging,2026-05-03,overdue,,2026-04,9.4,0.044,False
PO001515,SUP0016,PRD0028,2026-05-23,59,283.35,USD,16717.65,fulfilled,"Sanchez, Ford and Nelson",Mexico,67.6,AUTO-Notice-28,Automotive Parts,2026-05-28,paid,2026-06-05,2026-05,34.0,0.093,False
PO001516,SUP0004,PRD0049,2024-11-02,381,187.29,USD,71357.49,open,"Johnson, Gonzalez and Santos",Mexico,76.5,AUTO-Manage-49,Automotive Parts,2024-11-11,paid,2024-12-06,2024-11,34.3,0.129,False
PO001517,SUP0015,PRD0140,2026-08-19,213,105.84,USD,22543.92,fulfilled,"Zuniga, Wong and Lynch",India,76.1,FURN-Coach-140,Furniture,2026-08-28,paid,2026-09-17,2026-08,40.1,0.1,False
PO001518,SUP0020,PRD0091,2025-09-21,761,458.68,USD,349055.48,cancelled,Lewis-Porter,Pakistan,59.2,FOOD-Some-91,Food & Beverage,,,,2025-09,62.3,0.151,False
PO001519,SUP0012,PRD0044,2025-01-02,434,271.69,USD,117913.46,fulfilled,Stanley LLC,Japan,60.6,MACH-Reason-44,Machinery,2025-01-15,overdue,,2025-01,5.0,0.047,False
PO001520,SUP0009,PRD0132,2025-10-01,202,20.38,USD,4116.76,fulfilled,Munoz-Roman,United States,66.0,CHEM-Art-132,Chemicals,2025-10-10,paid,2025-10-17,2025-10,11.7,0.021,False
PO001521,SUP0002,PRD0031,2026-06-29,298,25.15,USD,7494.7,fulfilled,Rhodes PLC,Germany,87.8,FOOD-Worry-31,Food & Beverage,2026-07-04,overdue,,2026-06,6.5,0.039,False
PO001522,SUP0021,PRD0070,2025-01-24,439,308.7,USD,135519.3,fulfilled,"Ellis, Baker and Wright",India,80.5,PACK-Knowledge-70,Packaging,2025-02-03,paid,2025-03-09,2025-01,41.3,0.071,False
PO001523,SUP0009,PRD0074,2024-12-16,63,2.31,USD,145.53,fulfilled,Munoz-Roman,United States,66.0,MACH-Enjoy-74,Machinery,2024-12-27,overdue,,2024-12,10.0,0.031,False
PO001524,SUP0005,PRD0095,2025-07-27,211,1638.43,USD,345708.73,fulfilled,Cole LLC,Mexico,58.0,PACK-Investment-95,Packaging,2025-07-29,paid,2025-08-20,2025-07,35.6,0.151,False
PO001525,SUP0036,PRD0137,2026-04-26,198,42.3,USD,8375.4,fulfilled,Dennis Inc,South Korea,60.1,FOOD-Wide-137,Food & Beverage,2026-05-10,pending,,2026-04,24.0,0.088,False
PO001526,SUP0036,PRD0109,2026-04-25,498,175.85,USD,87573.3,fulfilled,Dennis Inc,South Korea,60.1,CHEM-Step-109,Chemicals,2026-05-06,paid,2026-05-18,2026-04,24.0,0.088,False
PO001527,SUP0004,PRD0038,2026-05-15,525,2851.61,USD,1497095.25,fulfilled,"Johnson, Gonzalez and Santos",Mexico,76.5,ELEC-Material-38,Electronics,2026-05-18,pending,,2026-05,43.6,0.119,False
PO001528,SUP0010,PRD0103,2026-04-05,163,991.71,USD,161648.73,fulfilled,"Martinez, Nielsen and Miller",Egypt,43.6,AUTO-Community-103,Automotive Parts,2026-04-06,paid,2026-05-20,2026-04,52.2,0.22,False
PO001529,SUP0004,PRD0051,2025-01-23,408,1788.33,USD,729638.64,fulfilled,"Johnson, Gonzalez and Santos",Mexico,76.5,AUTO-Shoulder-51,Automotive Parts,2025-01-24,paid,2025-02-27,2025-01,38.1,0.07,False
PO001530,SUP0027,PRD0040,2026-01-18,529,153.55,USD,81227.95,open,"Valencia, Smith and Le",Vietnam,70.4,FURN-Investment-40,Furniture,2026-01-27,paid,2026-02-11,2026-01,48.2,0.109,False
PO001531,SUP0024,PRD0137,2025-02-26,182,5.11,USD,930.02,fulfilled,Campos Inc,Mexico,79.6,FOOD-Wide-137,Food & Beverage,2025-03-12,paid,2025-03-31,2025-02,45.3,0.125,False
PO001532,SUP0025,PRD0057,2024-11-15,278,6.65,USD,1848.7,fulfilled,Conner Group,Bangladesh,77.2,CHEM-Ask-57,Chemicals,2024-11-27,pending,,2024-11,58.4,0.152,False
PO001533,SUP0006,PRD0081,2025-09-05,38,89.42,USD,3397.96,fulfilled,Blake and Sons,China,58.0,PACK-Total-81,Packaging,2025-09-13,pending,,2025-09,23.1,0.072,False
PO001534,SUP0005,PRD0009,2024-11-23,273,2.39,USD,652.47,fulfilled,Cole LLC,Mexico,58.0,MACH-Discussion-9,Machinery,2024-11-24,overdue,,2024-11,30.2,0.105,False
PO001535,SUP0037,PRD0066,2025-05-10,260,1101.55,USD,286403.0,fulfilled,"Cannon, Anderson and Alvarez",United States,65.1,TEXT-Customer-66,Textiles,2025-05-11,paid,2025-05-31,2025-05,20.4,0.038,False
PO001536,SUP0021,PRD0075,2025-09-03,276,12.94,USD,3571.44,fulfilled,"Ellis, Baker and Wright",India,80.5,TEXT-Two-75,Textiles,2025-09-11,pending,,2025-09,41.7,0.069,False
PO001537,SUP0031,PRD0072,2025-05-28,291,60.96,USD,17739.36,open,Harrell LLC,Brazil,87.2,TEXT-Family-72,Textiles,2025-06-11,paid,2025-07-21,2025-05,52.6,0.139,False
PO001538,SUP0030,PRD0084,2026-07-25,79,9.93,USD,784.47,fulfilled,Stanton-Gill,Indonesia,60.5,PACK-Apply-84,Packaging,2026-08-05,paid,2026-08-26,2026-07,40.0,0.137,False
PO001539,SUP0020,PRD0058,2024-12-30,468,1041.68,USD,487506.24,fulfilled,Lewis-Porter,Pakistan,59.2,AUTO-Interesting-58,Automotive Parts,2025-01-13,paid,2025-02-13,2024-12,66.3,0.239,False
PO001540,SUP0013,PRD0122,2025-03-26,119,925.03,USD,110078.57,fulfilled,Delacruz Group,Germany,77.3,CHEM-Customer-122,Chemicals,2025-04-01,pending,,2025-03,13.1,0.046,False
PO001541,SUP0017,PRD0122,2026-04-05,267,4994.62,USD,1333563.54,open,"Hawkins, Cohen and Cameron",Nigeria,42.8,CHEM-Customer-122,Chemicals,2026-04-17,paid,2026-05-26,2026-04,76.5,0.271,False
PO001542,SUP0012,PRD0044,2025-09-25,381,4666.84,USD,1778066.04,fulfilled,Stanley LLC,Japan,60.6,MACH-Reason-44,Machinery,2025-09-29,paid,2025-10-07,2025-09,14.5,0.057,False
PO001543,SUP0032,PRD0040,2025-02-16,831,531.65,USD,441801.15,fulfilled,"Lynch, Hernandez and Farmer",Vietnam,57.2,FURN-Investment-40,Furniture,2025-02-18,paid,2025-04-03,2025-02,38.5,0.081,False
PO001544,SUP0014,PRD0090,2026-05-09,242,8.92,USD,2158.64,fulfilled,"Flowers, Martin and Kelly",United States,46.7,MACH-With-90,Machinery,2026-05-18,paid,2026-05-23,2026-05,21.3,0.027,False
PO001545,SUP0025,PRD0078,2026-08-16,147,4.78,USD,702.66,fulfilled,Conner Group,Bangladesh,77.2,AUTO-Level-78,Automotive Parts,2026-08-25,paid,2026-09-27,2026-08,55.7,0.18,False
PO001546,SUP0006,PRD0139,2026-03-22,366,3929.16,USD,1438072.56,fulfilled,Blake and Sons,China,58.0,FOOD-Nice-139,Food & Beverage,2026-03-26,paid,2026-05-08,2026-03,27.3,0.072,False
PO001547,SUP0020,PRD0075,2025-11-16,199,8.6,USD,1711.4,fulfilled,Lewis-Porter,Pakistan,59.2,TEXT-Two-75,Textiles,2025-11-18,paid,2025-12-03,2025-11,68.8,0.243,False
PO001548,SUP0035,PRD0074,2025-10-07,682,1670.85,USD,1139519.7,fulfilled,Allen PLC,Brazil,54.5,MACH-Enjoy-74,Machinery,2025-10-21,paid,2025-11-30,2025-10,53.8,0.155,False
PO001549,SUP0032,PRD0054,2025-07-14,190,2.33,USD,442.7,fulfilled,"Lynch, Hernandez and Farmer",Vietnam,57.2,FURN-Ready-54,Furniture,2025-07-27,paid,2025-09-02,2025-07,41.6,0.072,False
PO001550,SUP0012,PRD0091,2024-10-30,87,55.55,USD,4832.85,fulfilled,Stanley LLC,Japan,60.6,FOOD-Some-91,Food & Beverage,2024-11-06,paid,2024-11-28,2024-10,15.5,0.052,False
PO001551,SUP0027,PRD0066,2025-08-08,72,52.07,USD,3749.04,fulfilled,"Valencia, Smith and Le",Vietnam,70.4,TEXT-Customer-66,Textiles,2025-08-10,pending,,2025-08,42.4,0.113,False
PO001552,SUP0026,PRD0141,2026-03-25,257,2.31,USD,593.67,fulfilled,James-Ferrell,Egypt,85.3,CHEM-Art-141,Chemicals,2026-03-30,pending,,2026-03,55.8,0.205,False
PO001553,SUP0036,PRD0102,2025-11-19,157,5.39,USD,846.23,fulfilled,Dennis Inc,South Korea,60.1,TEXT-Artist-102,Textiles,2025-11-20,pending,,2025-11,25.4,0.069,False
PO001554,SUP0016,PRD0020,2026-02-14,406,95.82,USD,38902.92,fulfilled,"Sanchez, Ford and Nelson",Mexico,67.6,FOOD-Give-20,Food & Beverage,2026-02-20,paid,2026-03-12,2026-02,43.0,0.102,False
PO001555,SUP0002,PRD0058,2025-04-13,635,164.3,USD,104330.5,fulfilled,Rhodes PLC,Germany,87.8,AUTO-Interesting-58,Automotive Parts,2025-04-22,paid,2025-05-25,2025-04,10.7,0.038,False
PO001556,SUP0019,PRD0094,2026-07-20,225,1197.81,USD,269507.25,fulfilled,Clark PLC,Germany,69.9,MACH-Compare-94,Machinery,2026-07-27,paid,2026-08-01,2026-07,12.9,0.032,False
PO001557,SUP0035,PRD0147,2025-07-10,372,3.02,USD,1123.44,fulfilled,Allen PLC,Brazil,54.5,FURN-Physical-147,Furniture,2025-07-23,paid,2025-08-27,2025-07,58.2,0.161,False
PO001558,SUP0021,PRD0035,2024-10-17,355,1622.87,USD,576118.85,fulfilled,"Ellis, Baker and Wright",India,80.5,MACH-Material-35,Machinery,2024-10-30,paid,2024-11-25,2024-10,42.1,0.126,False
PO001559,SUP0001,PRD0092,2026-04-08,588,2.67,USD,1569.96,fulfilled,"Rodriguez, Figueroa and Sanchez",South Korea,74.7,ELEC-Time-92,Electronics,2026-04-20,paid,2026-05-19,2026-04,15.1,0.06,False
PO001560,SUP0036,PRD0102,2024-10-28,119,2.64,USD,314.16,fulfilled,Dennis Inc,South Korea,60.1,TEXT-Artist-102,Textiles,2024-11-11,paid,2024-12-04,2024-10,23.2,0.052,False
PO001561,SUP0020,PRD0064,2025-05-28,346,3457.04,USD,1196135.84,fulfilled,Lewis-Porter,Pakistan,59.2,AUTO-Energy-64,Automotive Parts,2025-06-09,pending,,2025-05,71.6,0.207,False
PO001562,SUP0031,PRD0147,2025-09-20,154,165.55,USD,25494.7,fulfilled,Harrell LLC,Brazil,87.2,FURN-Physical-147,Furniture,2025-09-23,paid,2025-10-31,2025-09,51.5,0.138,False
PO001563,SUP0006,PRD0055,2026-06-14,69,364.55,USD,25153.95,fulfilled,Blake and Sons,China,58.0,FURN-Race-55,Furniture,2026-06-16,paid,2026-07-09,2026-06,25.4,0.077,False
PO001564,SUP0030,PRD0021,2026-05-03,57,2440.39,USD,139102.23,fulfilled,Stanton-Gill,Indonesia,60.5,MACH-Avoid-21,Machinery,2026-05-07,pending,,2026-05,39.8,0.126,False
PO001565,SUP0005,PRD0120,2025-05-08,133,1900.7,USD,252793.1,fulfilled,Cole LLC,Mexico,58.0,MACH-Message-120,Machinery,2025-05-11,paid,2025-06-19,2025-05,40.9,0.098,False
PO001566,SUP0030,PRD0142,2025-09-09,428,3726.98,USD,1595147.44,fulfilled,Stanton-Gill,Indonesia,60.5,TEXT-Movie-142,Textiles,2025-09-17,paid,2025-09-24,2025-09,45.1,0.109,False
PO001567,SUP0033,PRD0109,2026-02-17,618,753.63,USD,465743.34,cancelled,"Sellers, George and Burns",China,78.7,CHEM-Step-109,Chemicals,,,,2026-02,37.8,0.067,False
PO001568,SUP0006,PRD0091,2025-09-21,568,1489.69,USD,846143.92,fulfilled,Blake and Sons,China,58.0,FOOD-Some-91,Food & Beverage,2025-09-26,paid,2025-10-19,2025-09,23.1,0.072,False
PO001569,SUP0019,PRD0060,2024-09-14,515,669.22,USD,344648.3,fulfilled,Clark PLC,Germany,69.9,TEXT-Group-60,Textiles,2024-09-17,paid,2024-10-11,2024-09,,,
PO001570,SUP0038,PRD0090,2025-01-04,885,1348.99,USD,1193856.15,fulfilled,Rose-Obrien,South Africa,61.5,MACH-With-90,Machinery,2025-01-16,paid,2025-01-30,2025-01,52.0,0.253,False
PO001571,SUP0037,PRD0023,2025-01-26,134,2046.26,USD,274198.84,fulfilled,"Cannon, Anderson and Alvarez",United States,65.1,MACH-Economy-23,Machinery,2025-01-31,pending,,2025-01,12.1,0.034,False
PO001572,SUP0026,PRD0079,2025-12-17,209,349.22,USD,72986.98,open,James-Ferrell,Egypt,85.3,FOOD-System-79,Food & Beverage,2025-12-21,pending,,2025-12,60.8,0.179,False
PO001573,SUP0019,PRD0091,2025-11-25,665,188.23,USD,125172.95,fulfilled,Clark PLC,Germany,69.9,FOOD-Some-91,Food & Beverage,2025-12-09,paid,2026-01-04,2025-11,11.7,0.031,False
PO001574,SUP0032,PRD0081,2026-06-15,256,365.11,USD,93468.16,fulfilled,"Lynch, Hernandez and Farmer",Vietnam,57.2,PACK-Total-81,Packaging,2026-06-28,paid,2026-07-29,2026-06,45.6,0.092,False
PO001575,SUP0017,PRD0049,2024-11-10,26,2.89,USD,75.14,fulfilled,"Hawkins, Cohen and Cameron",Nigeria,42.8,AUTO-Manage-49,Automotive Parts,2024-11-14,paid,2024-12-03,2024-11,76.4,0.301,False
PO001576,SUP0009,PRD0112,2025-11-07,161,501.76,USD,80783.36,fulfilled,Munoz-Roman,United States,66.0,FURN-Feeling-112,Furniture,2025-11-21,paid,2025-12-05,2025-11,15.9,0.028,False
PO001577,SUP0032,PRD0090,2025-06-16,167,2.32,USD,387.44,open,"Lynch, Hernandez and Farmer",Vietnam,57.2,MACH-With-90,Machinery,2025-06-19,paid,2025-07-06,2025-06,38.4,0.093,False
PO001578,SUP0036,PRD0040,2025-07-10,230,2878.87,USD,662140.1,fulfilled,Dennis Inc,South Korea,60.1,FURN-Investment-40,Furniture,2025-07-17,pending,,2025-07,25.2,0.092,False
PO001579,SUP0012,PRD0066,2024-11-12,249,74.27,USD,18493.23,fulfilled,Stanley LLC,Japan,60.6,TEXT-Customer-66,Textiles,2024-11-14,pending,,2024-11,21.0,0.049,False
PO001580,SUP0019,PRD0010,2026-03-05,171,2.32,USD,396.72,fulfilled,Clark PLC,Germany,69.9,CHEM-Account-10,Chemicals,2026-03-14,paid,2026-03-24,2026-03,18.2,0.041,False
PO001581,SUP0008,PRD0066,2025-08-24,265,27.92,USD,7398.8,fulfilled,Davis Inc,Pakistan,69.7,TEXT-Customer-66,Textiles,2025-09-06,pending,,2025-08,56.9,0.306,False
PO001582,SUP0016,PRD0005,2025-05-24,1092,710.38,USD,775734.96,fulfilled,"Sanchez, Ford and Nelson",Mexico,67.6,TEXT-Per-5,Textiles,2025-06-03,paid,2025-07-09,2025-05,35.3,0.115,False
PO001583,SUP0001,PRD0122,2025-11-06,987,2476.29,USD,2444098.23,open,"Rodriguez, Figueroa and Sanchez",South Korea,74.7,CHEM-Customer-122,Chemicals,2025-11-18,paid,2025-12-13,2025-11,26.0,0.073,False
PO001584,SUP0001,PRD0147,2025-01-17,114,2.43,USD,277.02,open,"Rodriguez, Figueroa and Sanchez",South Korea,74.7,FURN-Physical-147,Furniture,2025-01-31,paid,2025-02-06,2025-01,19.2,0.072,False
PO001585,SUP0030,PRD0012,2025-12-28,446,666.48,USD,297250.08,fulfilled,Stanton-Gill,Indonesia,60.5,ELEC-Second-12,Electronics,2026-01-02,paid,2026-01-07,2025-12,46.3,0.143,False
PO001586,SUP0013,PRD0142,2026-05-20,248,2304.01,USD,571394.48,fulfilled,Delacruz Group,Germany,77.3,TEXT-Movie-142,Textiles,2026-05-26,paid,2026-06-29,2026-05,10.2,0.042,False
PO001587,SUP0026,PRD0040,2026-05-04,273,958.74,USD,261736.02,cancelled,James-Ferrell,Egypt,85.3,FURN-Investment-40,Furniture,,,,2026-05,56.0,0.211,True
PO001588,SUP0038,PRD0112,2025-07-31,248,5.05,USD,1252.4,fulfilled,Rose-Obrien,South Africa,61.5,FURN-Feeling-112,Furniture,2025-08-09,pending,,2025-07,57.4,0.211,False
PO001589,SUP0025,PRD0028,2025-10-11,442,2.31,USD,1021.02,fulfilled,Conner Group,Bangladesh,77.2,AUTO-Notice-28,Automotive Parts,2025-10-21,paid,2025-10-28,2025-10,57.7,0.144,False
PO001590,SUP0030,PRD0004,2024-09-14,426,2509.22,USD,1068927.72,fulfilled,Stanton-Gill,Indonesia,60.5,FOOD-Against-4,Food & Beverage,2024-09-22,paid,2024-10-17,2024-09,,,
PO001591,SUP0035,PRD0066,2025-07-20,171,3.08,USD,526.68,open,Allen PLC,Brazil,54.5,TEXT-Customer-66,Textiles,2025-07-22,pending,,2025-07,58.2,0.161,False
PO001592,SUP0035,PRD0133,2025-03-13,472,189.7,USD,89538.4,fulfilled,Allen PLC,Brazil,54.5,PACK-Apply-133,Packaging,2025-03-23,paid,2025-04-09,2025-03,54.9,0.137,False
PO001593,SUP0034,PRD0018,2026-03-15,270,160.75,USD,43402.5,cancelled,Koch-Decker,India,69.9,FURN-Almost-18,Furniture,,,,2026-03,44.4,0.088,False
PO001594,SUP0021,PRD0118,2025-06-06,200,91.99,USD,18398.0,fulfilled,"Ellis, Baker and Wright",India,80.5,CHEM-Recently-118,Chemicals,2025-06-09,paid,2025-06-29,2025-06,35.0,0.09,False
PO001595,SUP0020,PRD0128,2026-03-08,246,10.39,USD,2555.94,cancelled,Lewis-Porter,Pakistan,59.2,TEXT-Occur-128,Textiles,,,,2026-03,71.3,0.275,True
PO001596,SUP0001,PRD0072,2025-11-28,390,7342.33,USD,2863508.7,fulfilled,"Rodriguez, Figueroa and Sanchez",South Korea,74.7,TEXT-Family-72,Textiles,2025-12-10,pending,,2025-11,26.0,0.073,False
PO001597,SUP0021,PRD0093,2026-03-24,42,106.6,USD,4477.2,fulfilled,"Ellis, Baker and Wright",India,80.5,TEXT-Economic-93,Textiles,2026-03-25,overdue,,2026-03,42.6,0.107,False
PO001598,SUP0035,PRD0049,2025-07-21,370,8.19,USD,3030.3,fulfilled,Allen PLC,Brazil,54.5,AUTO-Manage-49,Automotive Parts,2025-07-23,pending,,2025-07,58.2,0.161,False
PO001599,SUP0026,PRD0017,2025-06-06,44,286.27,USD,12595.88,fulfilled,James-Ferrell,Egypt,85.3,TEXT-Western-17,Textiles,2025-06-18,paid,2025-07-06,2025-06,53.2,0.177,False
PO001600,SUP0005,PRD0028,2025-03-16,67,2516.4,USD,168598.8,fulfilled,Cole LLC,Mexico,58.0,AUTO-Notice-28,Automotive Parts,2025-03-28,pending,,2025-03,42.2,0.118,False
PO001601,SUP0019,PRD0035,2025-01-05,811,891.26,USD,722811.86,fulfilled,Clark PLC,Germany,69.9,MACH-Material-35,Machinery,2025-01-10,paid,2025-01-17,2025-01,16.9,0.043,False
PO001602,SUP0037,PRD0044,2024-10-14,274,886.64,USD,242939.36,open,"Cannon, Anderson and Alvarez",United States,65.1,MACH-Reason-44,Machinery,2024-10-20,paid,2024-12-03,2024-10,13.9,0.028,False
PO001603,SUP0027,PRD0026,2025-01-22,198,3692.45,USD,731105.1,fulfilled,"Valencia, Smith and Le",Vietnam,70.4,PACK-Mention-26,Packaging,2025-02-01,pending,,2025-01,41.4,0.132,False
PO001604,SUP0034,PRD0122,2025-08-27,65,1657.41,USD,107731.65,fulfilled,Koch-Decker,India,69.9,CHEM-Customer-122,Chemicals,2025-08-30,overdue,,2025-08,39.7,0.107,False
PO001605,SUP0037,PRD0102,2025-07-16,124,66.85,USD,8289.4,fulfilled,"Cannon, Anderson and Alvarez",United States,65.1,TEXT-Artist-102,Textiles,2025-07-22,pending,,2025-07,5.0,0.033,False
PO001606,SUP0002,PRD0015,2025-02-23,124,25.4,USD,3149.6,fulfilled,Rhodes PLC,Germany,87.8,TEXT-Drop-15,Textiles,2025-03-05,pending,,2025-02,10.7,0.048,False
PO001607,SUP0039,PRD0076,2025-08-14,414,3.12,USD,1291.68,fulfilled,"Campos, Vaughn and Marquez",South Korea,62.6,PACK-Wind-76,Packaging,2025-08-23,overdue,,2025-08,18.0,0.075,False
PO001608,SUP0040,PRD0109,2025-10-09,608,401.12,USD,243880.96,fulfilled,"Santos, Kim and Holmes",Turkey,71.1,CHEM-Step-109,Chemicals,2025-10-22,paid,2025-12-01,2025-10,58.9,0.256,False
PO001609,SUP0012,PRD0083,2024-09-24,403,8.06,USD,3248.18,fulfilled,Stanley LLC,Japan,60.6,TEXT-Billion-83,Textiles,2024-10-03,paid,2024-11-14,2024-09,,,
PO001610,SUP0034,PRD0104,2025-12-21,1237,128.02,USD,158360.74,cancelled,Koch-Decker,India,69.9,AUTO-Hundred-104,Automotive Parts,,,,2025-12,37.0,0.11,False
PO001611,SUP0019,PRD0057,2024-12-06,141,236.32,USD,33321.12,fulfilled,Clark PLC,Germany,69.9,CHEM-Ask-57,Chemicals,2024-12-17,paid,2024-12-30,2024-12,14.4,0.028,False
PO001612,SUP0039,PRD0133,2025-11-28,467,3704.43,USD,1729968.81,fulfilled,"Campos, Vaughn and Marquez",South Korea,62.6,PACK-Apply-133,Packaging,2025-12-04,paid,2025-12-27,2025-11,22.6,0.072,False
PO001613,SUP0021,PRD0036,2025-12-23,112,107.98,USD,12093.76,fulfilled,"Ellis, Baker and Wright",India,80.5,ELEC-Eight-36,Electronics,2025-12-24,overdue,,2025-12,43.7,0.087,False
PO001614,SUP0008,PRD0012,2025-07-21,695,77.92,USD,54154.4,open,Davis Inc,Pakistan,69.7,ELEC-Second-12,Electronics,2025-08-03,paid,2025-08-08,2025-07,57.0,0.24,False
PO001615,SUP0028,PRD0078,2024-12-10,84,7.87,USD,661.08,fulfilled,"Potter, Mack and Peterson",Germany,88.1,AUTO-Level-78,Automotive Parts,2024-12-24,pending,,2024-12,10.2,0.038,False
PO001616,SUP0007,PRD0143,2025-07-10,305,2.45,USD,747.25,fulfilled,Ramirez-Lewis,South Korea,49.8,TEXT-Be-143,Textiles,2025-07-21,overdue,,2025-07,16.4,0.066,False
PO001617,SUP0002,PRD0136,2026-05-16,58,29.88,USD,1733.04,fulfilled,Rhodes PLC,Germany,87.8,AUTO-Morning-136,Automotive Parts,2026-05-17,paid,2026-06-12,2026-05,19.8,0.031,False
PO001618,SUP0026,PRD0045,2026-07-17,157,5.12,USD,803.84,fulfilled,James-Ferrell,Egypt,85.3,CHEM-Lawyer-45,Chemicals,2026-07-25,paid,2026-08-10,2026-07,50.7,0.201,False
PO001619,SUP0028,PRD0097,2024-10-11,362,32.86,USD,11895.32,fulfilled,"Potter, Mack and Peterson",Germany,88.1,ELEC-Medical-97,Electronics,2024-10-13,paid,2024-11-22,2024-10,18.0,0.039,False
PO001620,SUP0014,PRD0114,2025-03-20,598,1911.38,USD,1143005.24,fulfilled,"Flowers, Martin and Kelly",United States,46.7,FOOD-Same-114,Food & Beverage,2025-04-03,overdue,,2025-03,17.2,0.033,False
PO001621,SUP0017,PRD0133,2026-07-18,623,75.6,USD,47098.8,fulfilled,"Hawkins, Cohen and Cameron",Nigeria,42.8,PACK-Apply-133,Packaging,2026-07-27,pending,,2026-07,69.5,0.215,False
PO001622,SUP0019,PRD0053,2025-05-11,260,373.24,USD,97042.4,open,Clark PLC,Germany,69.9,PACK-Report-53,Packaging,2025-05-12,paid,2025-06-18,2025-05,10.9,0.032,False
PO001623,SUP0019,PRD0020,2024-10-09,535,2665.85,USD,1426229.75,open,Clark PLC,Germany,69.9,FOOD-Give-20,Food & Beverage,2024-10-19,paid,2024-11-26,2024-10,12.4,0.036,False
PO001624,SUP0001,PRD0075,2025-06-21,101,6.59,USD,665.59,fulfilled,"Rodriguez, Figueroa and Sanchez",South Korea,74.7,TEXT-Two-75,Textiles,2025-06-28,overdue,,2025-06,20.7,0.075,False
PO001625,SUP0031,PRD0112,2025-08-17,293,259.11,USD,75919.23,fulfilled,Harrell LLC,Brazil,87.2,FURN-Feeling-112,Furniture,2025-08-21,pending,,2025-08,53.2,0.175,False
PO001626,SUP0032,PRD0086,2025-05-14,402,161.86,USD,65067.72,fulfilled,"Lynch, Hernandez and Farmer",Vietnam,57.2,AUTO-Now-86,Automotive Parts,2025-05-18,pending,,2025-05,39.3,0.123,False
PO001627,SUP0037,PRD0018,2026-08-21,414,1730.0,USD,716220.0,fulfilled,"Cannon, Anderson and Alvarez",United States,65.1,FURN-Almost-18,Furniture,2026-08-30,paid,2026-09-17,2026-08,15.8,0.024,False
PO001628,SUP0006,PRD0060,2024-10-04,168,155.97,USD,26202.96,open,Blake and Sons,China,58.0,TEXT-Group-60,Textiles,2024-10-18,pending,,2024-10,31.4,0.103,False
PO001629,SUP0022,PRD0106,2025-08-21,533,1048.19,USD,558685.27,open,Burgess-Patterson,Pakistan,79.0,AUTO-In-106,Automotive Parts,2025-09-04,paid,2025-10-05,2025-08,66.5,0.206,False
PO001630,SUP0040,PRD0066,2024-12-08,263,2.55,USD,670.65,fulfilled,"Santos, Kim and Holmes",Turkey,71.1,TEXT-Customer-66,Textiles,2024-12-16,pending,,2024-12,58.2,0.241,False
PO001631,SUP0026,PRD0141,2025-06-06,362,799.15,USD,289292.3,fulfilled,James-Ferrell,Egypt,85.3,CHEM-Art-141,Chemicals,2025-06-14,pending,,2025-06,53.2,0.177,False
PO001632,SUP0028,PRD0010,2024-10-02,260,175.17,USD,45544.2,cancelled,"Potter, Mack and Peterson",Germany,88.1,CHEM-Account-10,Chemicals,,,,2024-10,18.0,0.039,False
PO001633,SUP0022,PRD0108,2026-05-14,285,1459.71,USD,416017.35,fulfilled,Burgess-Patterson,Pakistan,79.0,FURN-With-108,Furniture,2026-05-21,paid,2026-06-12,2026-05,64.2,0.305,False
PO001634,SUP0015,PRD0106,2024-10-01,600,891.35,USD,534810.0,fulfilled,"Zuniga, Wong and Lynch",India,76.1,AUTO-In-106,Automotive Parts,2024-10-05,paid,2024-11-15,2024-10,36.0,0.142,False
PO001635,SUP0012,PRD0097,2026-05-01,207,16.9,USD,3498.3,cancelled,Stanley LLC,Japan,60.6,ELEC-Medical-97,Electronics,,,,2026-05,15.6,0.066,False
PO001636,SUP0005,PRD0074,2026-06-07,95,552.64,USD,52500.8,open,Cole LLC,Mexico,58.0,MACH-Enjoy-74,Machinery,2026-06-12,paid,2026-07-11,2026-06,40.7,0.128,False
PO001637,SUP0004,PRD0037,2026-05-07,99,15.62,USD,1546.38,fulfilled,"Johnson, Gonzalez and Santos",Mexico,76.5,CHEM-Still-37,Chemicals,2026-05-16,paid,2026-06-08,2026-05,43.6,0.119,False
PO001638,SUP0032,PRD0048,2024-10-11,338,1134.72,USD,383535.36,fulfilled,"Lynch, Hernandez and Farmer",Vietnam,57.2,FOOD-Item-48,Food & Beverage,2024-10-19,pending,,2024-10,46.5,0.103,False
PO001639,SUP0016,PRD0065,2025-02-11,359,83.9,USD,30120.1,fulfilled,"Sanchez, Ford and Nelson",Mexico,67.6,FURN-Dark-65,Furniture,2025-02-23,paid,2025-03-10,2025-02,44.0,0.116,False
PO001640,SUP0005,PRD0020,2025-05-25,964,515.53,USD,496970.92,fulfilled,Cole LLC,Mexico,58.0,FOOD-Give-20,Food & Beverage,2025-05-26,paid,2025-07-08,2025-05,40.9,0.098,False
PO001641,SUP0030,PRD0073,2026-08-05,199,5160.42,USD,1026923.58,fulfilled,Stanton-Gill,Indonesia,60.5,PACK-Maintain-73,Packaging,2026-08-07,paid,2026-08-27,2026-08,46.8,0.199,False
PO001642,SUP0013,PRD0057,2026-09-03,366,2336.37,USD,855111.42,fulfilled,Delacruz Group,Germany,77.3,CHEM-Ask-57,Chemicals,2026-09-11,paid,2026-10-22,2026-09,9.5,0.062,False
PO001643,SUP0009,PRD0024,2025-01-26,763,10.28,USD,7843.64,fulfilled,Munoz-Roman,United States,66.0,MACH-Family-24,Machinery,2025-02-03,paid,2025-03-15,2025-01,11.0,0.029,False
PO001644,SUP0004,PRD0097,2025-06-08,382,116.24,USD,44403.68,fulfilled,"Johnson, Gonzalez and Santos",Mexico,76.5,ELEC-Medical-97,Electronics,2025-06-15,paid,2025-07-11,2025-06,44.3,0.142,False
PO001645,SUP0017,PRD0044,2025-09-16,249,912.65,USD,227249.85,fulfilled,"Hawkins, Cohen and Cameron",Nigeria,42.8,MACH-Reason-44,Machinery,2025-09-21,paid,2025-10-13,2025-09,67.2,0.203,False
PO001646,SUP0020,PRD0066,2026-04-20,115,671.11,USD,77177.65,fulfilled,Lewis-Porter,Pakistan,59.2,TEXT-Customer-66,Textiles,2026-05-01,paid,2026-05-13,2026-04,63.1,0.22,False
PO001647,SUP0034,PRD0082,2025-10-17,289,947.11,USD,273714.79,fulfilled,Koch-Decker,India,69.9,AUTO-Oil-82,Automotive Parts,2025-10-21,overdue,,2025-10,32.9,0.098,False
PO001648,SUP0014,PRD0114,2024-11-15,102,434.41,USD,44309.82,open,"Flowers, Martin and Kelly",United States,46.7,FOOD-Same-114,Food & Beverage,2024-11-26,paid,2024-12-19,2024-11,11.4,0.031,False
PO001649,SUP0032,PRD0122,2025-05-26,181,4.24,USD,767.44,fulfilled,"Lynch, Hernandez and Farmer",Vietnam,57.2,CHEM-Customer-122,Chemicals,2025-06-08,paid,2025-07-21,2025-05,39.3,0.123,False
PO001650,SUP0011,PRD0121,2025-09-04,205,48.85,USD,10014.25,cancelled,"Montgomery, Hensley and Ray",Indonesia,56.0,ELEC-Clear-121,Electronics,,,,2025-09,39.1,0.151,False
PO001651,SUP0015,PRD0055,2024-10-04,35,2.48,USD,86.8,fulfilled,"Zuniga, Wong and Lynch",India,76.1,FURN-Race-55,Furniture,2024-10-16,overdue,,2024-10,36.0,0.142,False
PO001652,SUP0034,PRD0018,2025-06-11,86,391.06,USD,33631.16,fulfilled,Koch-Decker,India,69.9,FURN-Almost-18,Furniture,2025-06-18,paid,2025-07-25,2025-06,35.4,0.085,False
PO001653,SUP0036,PRD0141,2026-02-11,624,8.51,USD,5310.24,fulfilled,Dennis Inc,South Korea,60.1,CHEM-Art-141,Chemicals,2026-02-22,pending,,2026-02,21.2,0.077,False
PO001654,SUP0030,PRD0048,2025-04-19,522,8.11,USD,4233.42,open,Stanton-Gill,Indonesia,60.5,FOOD-Item-48,Food & Beverage,2025-05-03,overdue,,2025-04,40.8,0.151,False
PO001655,SUP0029,PRD0056,2025-07-18,547,1249.27,USD,683350.69,cancelled,Chavez Ltd,Poland,66.3,MACH-Billion-56,Machinery,,,,2025-07,34.0,0.1,False
PO001656,SUP0012,PRD0078,2026-01-22,614,15.79,USD,9695.06,open,Stanley LLC,Japan,60.6,AUTO-Level-78,Automotive Parts,2026-01-23,overdue,,2026-01,21.6,0.072,False
PO001657,SUP0036,PRD0021,2024-11-17,116,2.44,USD,283.04,fulfilled,Dennis Inc,South Korea,60.1,MACH-Avoid-21,Machinery,2024-11-21,paid,2024-12-19,2024-11,13.9,0.067,False
PO001658,SUP0004,PRD0078,2025-03-25,375,3.62,USD,1357.5,fulfilled,"Johnson, Gonzalez and Santos",Mexico,76.5,AUTO-Level-78,Automotive Parts,2025-04-02,paid,2025-04-12,2025-03,44.0,0.115,False
PO001659,SUP0032,PRD0117,2025-04-24,674,4304.19,USD,2901024.06,fulfilled,"Lynch, Hernandez and Farmer",Vietnam,57.2,CHEM-Only-117,Chemicals,2025-05-02,paid,2025-05-15,2025-04,43.2,0.103,False
PO001660,SUP0036,PRD0040,2025-12-19,139,25.51,USD,3545.89,open,Dennis Inc,South Korea,60.1,FURN-Investment-40,Furniture,2025-12-28,paid,2026-02-09,2025-12,24.1,0.077,False
PO001661,SUP0039,PRD0062,2025-01-11,489,2163.42,USD,1057912.38,fulfilled,"Campos, Vaughn and Marquez",South Korea,62.6,TEXT-Training-62,Textiles,2025-01-15,paid,2025-02-01,2025-01,20.5,0.094,False
PO001662,SUP0020,PRD0055,2025-06-05,239,397.75,USD,95062.25,open,Lewis-Porter,Pakistan,59.2,FURN-Race-55,Furniture,2025-06-12,paid,2025-07-07,2025-06,74.1,0.266,False
PO001663,SUP0008,PRD0020,2024-10-17,140,2886.33,USD,404086.2,fulfilled,Davis Inc,Pakistan,69.7,FOOD-Give-20,Food & Beverage,2024-10-22,paid,2024-11-10,2024-10,62.8,0.317,False
PO001664,SUP0035,PRD0001,2026-01-02,349,2.31,USD,806.19,fulfilled,Allen PLC,Brazil,54.5,MACH-Down-1,Machinery,2026-01-07,paid,2026-02-16,2026-01,47.9,0.095,False
PO001665,SUP0039,PRD0028,2026-07-28,57,146.55,USD,8353.35,fulfilled,"Campos, Vaughn and Marquez",South Korea,62.6,AUTO-Notice-28,Automotive Parts,2026-07-29,overdue,,2026-07,26.4,0.097,False
PO001666,SUP0026,PRD0091,2025-07-05,271,5045.76,USD,1367400.96,fulfilled,James-Ferrell,Egypt,85.3,FOOD-Some-91,Food & Beverage,2025-07-12,paid,2025-07-26,2025-07,51.2,0.211,False
PO001667,SUP0022,PRD0036,2025-07-23,74,32.01,USD,2368.74,fulfilled,Burgess-Patterson,Pakistan,79.0,ELEC-Eight-36,Electronics,2025-07-25,paid,2025-08-10,2025-07,67.6,0.189,False
PO001668,SUP0036,PRD0141,2026-01-21,310,202.33,USD,62722.3,fulfilled,Dennis Inc,South Korea,60.1,CHEM-Art-141,Chemicals,2026-02-03,paid,2026-03-18,2026-01,24.1,0.074,False
PO001669,SUP0021,PRD0091,2025-09-02,561,9.79,USD,5492.19,fulfilled,"Ellis, Baker and Wright",India,80.5,FOOD-Some-91,Food & Beverage,2025-09-04,paid,2025-09-30,2025-09,41.7,0.069,False
PO001670,SUP0005,PRD0057,2025-03-08,354,2.43,USD,860.22,fulfilled,Cole LLC,Mexico,58.0,CHEM-Ask-57,Chemicals,2025-03-18,pending,,2025-03,42.2,0.118,False
PO001671,SUP0031,PRD0141,2025-06-09,83,2558.31,USD,212339.73,open,Harrell LLC,Brazil,87.2,CHEM-Art-141,Chemicals,2025-06-23,paid,2025-07-17,2025-06,53.4,0.168,False
PO001672,SUP0012,PRD0041,2025-07-11,421,1925.45,USD,810614.45,fulfilled,Stanley LLC,Japan,60.6,PACK-Customer-41,Packaging,2025-07-17,paid,2025-08-27,2025-07,15.1,0.039,False
PO001673,SUP0036,PRD0097,2026-03-05,359,62.39,USD,22398.01,fulfilled,Dennis Inc,South Korea,60.1,ELEC-Medical-97,Electronics,2026-03-10,overdue,,2026-03,22.8,0.042,False
PO001674,SUP0030,PRD0046,2024-12-11,219,2272.0,USD,497568.0,cancelled,Stanton-Gill,Indonesia,60.5,FOOD-Health-46,Food & Beverage,,,,2024-12,43.5,0.102,False
PO001675,SUP0013,PRD0105,2025-02-07,195,58.36,USD,11380.2,fulfilled,Delacruz Group,Germany,77.3,FOOD-Able-105,Food & Beverage,2025-02-18,paid,2025-03-28,2025-02,10.2,0.029,False
PO001676,SUP0011,PRD0013,2026-06-24,489,179.19,USD,87623.91,fulfilled,"Montgomery, Hensley and Ray",Indonesia,56.0,CHEM-Program-13,Chemicals,2026-07-03,paid,2026-08-04,2026-06,49.6,0.109,False
PO001677,SUP0019,PRD0120,2025-09-30,133,111.87,USD,14878.71,fulfilled,Clark PLC,Germany,69.9,MACH-Message-120,Machinery,2025-10-07,paid,2025-11-19,2025-09,5.0,0.031,False
PO001678,SUP0019,PRD0112,2026-06-08,304,2927.6,USD,889990.4,fulfilled,Clark PLC,Germany,69.9,FURN-Feeling-112,Furniture,2026-06-11,paid,2026-06-30,2026-06,9.4,0.061,False
PO001679,SUP0020,PRD0145,2025-01-31,566,2.86,USD,1618.76,fulfilled,Lewis-Porter,Pakistan,59.2,MACH-Cultural-145,Machinery,2025-02-08,paid,2025-03-10,2025-01,67.2,0.244,False
PO001680,SUP0021,PRD0120,2026-05-20,366,13.04,USD,4772.64,fulfilled,"Ellis, Baker and Wright",India,80.5,MACH-Message-120,Machinery,2026-05-29,paid,2026-06-03,2026-05,41.8,0.109,False
PO001681,SUP0036,PRD0090,2024-09-07,500,286.21,USD,143105.0,fulfilled,Dennis Inc,South Korea,60.1,MACH-With-90,Machinery,2024-09-15,paid,2024-09-23,2024-09,,,
PO001682,SUP0013,PRD0051,2026-03-25,414,4.29,USD,1776.06,fulfilled,Delacruz Group,Germany,77.3,AUTO-Shoulder-51,Automotive Parts,2026-04-01,pending,,2026-03,11.2,0.047,False
PO001683,SUP0036,PRD0141,2025-01-20,167,4269.09,USD,712938.03,fulfilled,Dennis Inc,South Korea,60.1,CHEM-Art-141,Chemicals,2025-01-23,paid,2025-02-25,2025-01,19.3,0.048,False
PO001684,SUP0013,PRD0057,2026-07-31,140,68.98,USD,9657.2,fulfilled,Delacruz Group,Germany,77.3,CHEM-Ask-57,Chemicals,2026-08-01,paid,2026-08-20,2026-07,15.3,0.038,False
PO001685,SUP0038,PRD0097,2025-04-29,161,2127.11,USD,342464.71,fulfilled,Rose-Obrien,South Africa,61.5,ELEC-Medical-97,Electronics,2025-05-01,paid,2025-06-11,2025-04,58.9,0.123,False
PO001686,SUP0035,PRD0068,2024-09-05,29,297.62,USD,8630.98,fulfilled,Allen PLC,Brazil,54.5,FURN-List-68,Furniture,2024-09-11,paid,2024-10-14,2024-09,,,
PO001687,SUP0019,PRD0091,2026-03-05,365,58.89,USD,21494.85,fulfilled,Clark PLC,Germany,69.9,FOOD-Some-91,Food & Beverage,2026-03-13,paid,2026-03-31,2026-03,18.2,0.041,False
PO001688,SUP0006,PRD0075,2025-05-01,258,115.09,USD,29693.22,fulfilled,Blake and Sons,China,58.0,TEXT-Two-75,Textiles,2025-05-09,paid,2025-06-16,2025-05,30.3,0.116,False
PO001689,SUP0030,PRD0056,2025-12-05,1216,19.2,USD,23347.2,fulfilled,Stanton-Gill,Indonesia,60.5,MACH-Billion-56,Machinery,2025-12-18,pending,,2025-12,46.3,0.143,False
PO001690,SUP0034,PRD0133,2026-05-30,229,621.29,USD,142275.41,fulfilled,Koch-Decker,India,69.9,PACK-Apply-133,Packaging,2026-06-03,paid,2026-06-17,2026-05,40.0,0.113,False
PO001691,SUP0015,PRD0084,2026-08-02,164,2.32,USD,380.48,fulfilled,"Zuniga, Wong and Lynch",India,76.1,PACK-Apply-84,Packaging,2026-08-10,overdue,,2026-08,40.1,0.1,False
PO001692,SUP0008,PRD0044,2024-10-06,1081,575.5,USD,622115.5,fulfilled,Davis Inc,Pakistan,69.7,MACH-Reason-44,Machinery,2024-10-13,paid,2024-10-22,2024-10,62.8,0.317,False
PO001693,SUP0005,PRD0021,2025-09-21,174,1016.48,USD,176867.52,fulfilled,Cole LLC,Mexico,58.0,MACH-Avoid-21,Machinery,2025-09-29,paid,2025-10-24,2025-09,40.5,0.089,False
PO001694,SUP0010,PRD0137,2025-03-23,147,14.78,USD,2172.66,fulfilled,"Martinez, Nielsen and Miller",Egypt,43.6,FOOD-Wide-137,Food & Beverage,2025-04-02,paid,2025-05-07,2025-03,58.9,0.129,False
PO001695,SUP0008,PRD0031,2026-05-22,137,21.01,USD,2878.37,fulfilled,Davis Inc,Pakistan,69.7,FOOD-Worry-31,Food & Beverage,2026-06-04,paid,2026-06-14,2026-05,67.5,0.153,False
PO001696,SUP0026,PRD0117,2025-08-03,125,2.42,USD,302.5,fulfilled,James-Ferrell,Egypt,85.3,CHEM-Only-117,Chemicals,2025-08-14,paid,2025-09-23,2025-08,52.4,0.149,False
PO001697,SUP0012,PRD0125,2024-10-27,677,547.88,USD,370914.76,open,Stanley LLC,Japan,60.6,TEXT-Article-125,Textiles,2024-10-29,paid,2024-11-23,2024-10,15.5,0.052,False
PO001698,SUP0014,PRD0070,2025-11-23,244,15.43,USD,3764.92,fulfilled,"Flowers, Martin and Kelly",United States,46.7,PACK-Knowledge-70,Packaging,2025-11-25,paid,2025-12-18,2025-11,9.4,0.029,False
PO001699,SUP0034,PRD0103,2025-10-12,844,259.28,USD,218832.32,open,Koch-Decker,India,69.9,AUTO-Community-103,Automotive Parts,2025-10-13,paid,2025-11-26,2025-10,32.9,0.098,False
PO001700,SUP0015,PRD0044,2025-08-09,108,3.78,USD,408.24,fulfilled,"Zuniga, Wong and Lynch",India,76.1,MACH-Reason-44,Machinery,2025-08-10,paid,2025-09-02,2025-08,38.6,0.06,False
PO001701,SUP0002,PRD0105,2024-12-29,217,59.96,USD,13011.32,fulfilled,Rhodes PLC,Germany,87.8,FOOD-Able-105,Food & Beverage,2025-01-05,overdue,,2024-12,8.4,0.045,False
PO001702,SUP0013,PRD0028,2025-12-03,86,2611.66,USD,224602.76,fulfilled,Delacruz Group,Germany,77.3,AUTO-Notice-28,Automotive Parts,2025-12-12,paid,2026-01-08,2025-12,13.3,0.048,False
PO001703,SUP0026,PRD0141,2025-09-28,55,8.18,USD,449.9,fulfilled,James-Ferrell,Egypt,85.3,CHEM-Art-141,Chemicals,2025-09-30,paid,2025-11-10,2025-09,52.8,0.21,False
PO001704,SUP0019,PRD0025,2025-06-07,1463,152.17,USD,222624.71,fulfilled,Clark PLC,Germany,69.9,CHEM-Relationship-25,Chemicals,2025-06-09,pending,,2025-06,8.4,0.058,False
PO001705,SUP0002,PRD0122,2025-03-09,160,62.17,USD,9947.2,fulfilled,Rhodes PLC,Germany,87.8,CHEM-Customer-122,Chemicals,2025-03-19,overdue,,2025-03,11.9,0.046,False
PO001706,SUP0040,PRD0041,2024-09-12,1123,14.92,USD,16755.16,fulfilled,"Santos, Kim and Holmes",Turkey,71.1,PACK-Customer-41,Packaging,2024-09-16,overdue,,2024-09,,,
PO001707,SUP0026,PRD0019,2026-01-27,89,1562.76,USD,139085.64,open,James-Ferrell,Egypt,85.3,PACK-Trade-19,Packaging,2026-02-10,paid,2026-03-10,2026-01,52.0,0.187,False
PO001708,SUP0008,PRD0132,2026-02-04,101,277.39,USD,28016.39,fulfilled,Davis Inc,Pakistan,69.7,CHEM-Art-132,Chemicals,2026-02-09,paid,2026-03-25,2026-02,67.2,0.238,False
PO001709,SUP0027,PRD0111,2024-10-29,209,12.15,USD,2539.35,fulfilled,"Valencia, Smith and Le",Vietnam,70.4,PACK-Look-111,Packaging,2024-11-02,paid,2024-11-26,2024-10,42.1,0.146,False
PO001710,SUP0001,PRD0003,2025-12-01,307,84.22,USD,25855.54,fulfilled,"Rodriguez, Figueroa and Sanchez",South Korea,74.7,ELEC-Ground-3,Electronics,2025-12-03,paid,2025-12-29,2025-12,22.1,0.084,False
PO001711,SUP0030,PRD0112,2026-03-09,87,67.01,USD,5829.87,fulfilled,Stanton-Gill,Indonesia,60.5,FURN-Feeling-112,Furniture,2026-03-13,paid,2026-04-14,2026-03,43.1,0.125,False
PO001712,SUP0014,PRD0035,2025-01-08,314,11.37,USD,3570.18,fulfilled,"Flowers, Martin and Kelly",United States,46.7,MACH-Material-35,Machinery,2025-01-12,paid,2025-02-08,2025-01,13.9,0.018,False
PO001713,SUP0023,PRD0052,2025-12-02,1159,295.16,USD,342090.44,fulfilled,Robinson-Bright,Indonesia,70.0,CHEM-Arm-52,Chemicals,2025-12-15,paid,2025-12-24,2025-12,40.7,0.163,False
PO001714,SUP0013,PRD0144,2026-05-22,272,249.4,USD,67836.8,fulfilled,Delacruz Group,Germany,77.3,FURN-Today-144,Furniture,2026-05-25,paid,2026-06-03,2026-05,10.2,0.042,False
PO001715,SUP0012,PRD0094,2025-11-27,263,2.36,USD,620.68,fulfilled,Stanley LLC,Japan,60.6,MACH-Compare-94,Machinery,2025-12-11,paid,2025-12-20,2025-11,10.8,0.045,False
PO001716,SUP0017,PRD0015,2025-10-29,285,242.67,USD,69160.95,fulfilled,"Hawkins, Cohen and Cameron",Nigeria,42.8,TEXT-Drop-15,Textiles,2025-11-06,paid,2025-11-12,2025-10,67.8,0.34,False
PO001717,SUP0022,PRD0083,2024-11-25,600,140.34,USD,84204.0,open,Burgess-Patterson,Pakistan,79.0,TEXT-Billion-83,Textiles,2024-12-01,paid,2024-12-27,2024-11,63.2,0.25,False
PO001718,SUP0008,PRD0036,2026-04-13,508,970.78,USD,493156.24,fulfilled,Davis Inc,Pakistan,69.7,ELEC-Eight-36,Electronics,2026-04-17,pending,,2026-04,58.2,0.24,False
PO001719,SUP0030,PRD0137,2024-09-06,361,12.32,USD,4447.52,open,Stanton-Gill,Indonesia,60.5,FOOD-Wide-137,Food & Beverage,2024-09-12,paid,2024-10-09,2024-09,,,
PO001720,SUP0013,PRD0117,2025-04-09,78,1334.83,USD,104116.74,fulfilled,Delacruz Group,Germany,77.3,CHEM-Only-117,Chemicals,2025-04-12,paid,2025-04-25,2025-04,7.2,0.043,False
PO001721,SUP0038,PRD0045,2025-08-28,349,649.86,USD,226801.14,fulfilled,Rose-Obrien,South Africa,61.5,CHEM-Lawyer-45,Chemicals,2025-09-04,paid,2025-10-15,2025-08,58.1,0.195,False
PO001722,SUP0017,PRD0108,2025-06-08,109,3.02,USD,329.18,fulfilled,"Hawkins, Cohen and Cameron",Nigeria,42.8,FURN-With-108,Furniture,2025-06-16,paid,2025-07-27,2025-06,67.9,0.249,False
PO001723,SUP0037,PRD0015,2025-08-13,93,133.67,USD,12431.31,fulfilled,"Cannon, Anderson and Alvarez",United States,65.1,TEXT-Drop-15,Textiles,2025-08-19,pending,,2025-08,18.8,0.029,False
PO001724,SUP0002,PRD0084,2025-09-29,301,1545.63,USD,465234.63,cancelled,Rhodes PLC,Germany,87.8,PACK-Apply-84,Packaging,,,,2025-09,10.6,0.047,False
PO001725,SUP0002,PRD0150,2025-05-27,255,41.68,USD,10628.4,fulfilled,Rhodes PLC,Germany,87.8,TEXT-Training-150,Textiles,2025-06-05,paid,2025-06-14,2025-05,15.1,0.034,False
PO001726,SUP0032,PRD0148,2024-12-01,306,88.92,USD,27209.52,fulfilled,"Lynch, Hernandez and Farmer",Vietnam,57.2,FOOD-Author-148,Food & Beverage,2024-12-13,paid,2025-01-05,2024-12,40.4,0.085,False
PO001727,SUP0025,PRD0036,2025-09-07,485,1889.05,USD,916189.25,fulfilled,Conner Group,Bangladesh,77.2,ELEC-Eight-36,Electronics,2025-09-20,overdue,,2025-09,58.4,0.124,False
PO001728,SUP0027,PRD0148,2025-06-27,334,57.5,USD,19205.0,fulfilled,"Valencia, Smith and Le",Vietnam,70.4,FOOD-Author-148,Food & Beverage,2025-07-04,overdue,,2025-06,38.4,0.116,False
PO001729,SUP0007,PRD0041,2025-03-19,322,352.7,USD,113569.4,fulfilled,Ramirez-Lewis,South Korea,49.8,PACK-Customer-41,Packaging,2025-03-29,paid,2025-05-04,2025-03,19.4,0.055,False
PO001730,SUP0007,PRD0111,2025-05-08,100,140.71,USD,14071.0,fulfilled,Ramirez-Lewis,South Korea,49.8,PACK-Look-111,Packaging,2025-05-09,pending,,2025-05,24.5,0.103,False
PO001731,SUP0019,PRD0076,2024-12-14,227,341.03,USD,77413.81,fulfilled,Clark PLC,Germany,69.9,PACK-Wind-76,Packaging,2024-12-15,paid,2025-01-15,2024-12,14.4,0.028,False
PO001732,SUP0013,PRD0004,2025-11-26,414,14.08,USD,5829.12,fulfilled,Delacruz Group,Germany,77.3,FOOD-Against-4,Food & Beverage,2025-12-05,paid,2026-01-16,2025-11,6.9,0.045,False
PO001733,SUP0028,PRD0036,2025-07-15,243,275.31,USD,66900.33,fulfilled,"Potter, Mack and Peterson",Germany,88.1,ELEC-Eight-36,Electronics,2025-07-22,paid,2025-09-03,2025-07,14.5,0.024,False
PO001734,SUP0009,PRD0055,2025-01-07,197,89.34,USD,17599.98,fulfilled,Munoz-Roman,United States,66.0,FURN-Race-55,Furniture,2025-01-09,paid,2025-01-16,2025-01,11.0,0.029,False
PO001735,SUP0001,PRD0093,2026-06-16,391,468.14,USD,183042.74,fulfilled,"Rodriguez, Figueroa and Sanchez",South Korea,74.7,TEXT-Economic-93,Textiles,2026-06-30,paid,2026-07-20,2026-06,24.7,0.077,False
PO001736,SUP0035,PRD0063,2025-07-11,49,2.37,USD,116.13,cancelled,Allen PLC,Brazil,54.5,AUTO-Boy-63,Automotive Parts,,,,2025-07,58.2,0.161,False
PO001737,SUP0039,PRD0055,2026-05-31,1434,259.4,USD,371979.6,open,"Campos, Vaughn and Marquez",South Korea,62.6,FURN-Race-55,Furniture,2026-06-12,pending,,2026-05,26.6,0.096,False
PO001738,SUP0026,PRD0094,2025-11-04,630,30.22,USD,19038.6,open,James-Ferrell,Egypt,85.3,MACH-Compare-94,Machinery,2025-11-16,paid,2025-11-24,2025-11,43.9,0.173,False
PO001739,SUP0032,PRD0091,2026-06-02,387,2.49,USD,963.63,fulfilled,"Lynch, Hernandez and Farmer",Vietnam,57.2,FOOD-Some-91,Food & Beverage,2026-06-10,paid,2026-07-04,2026-06,45.6,0.092,False
PO001740,SUP0030,PRD0040,2025-08-21,160,17.36,USD,2777.6,fulfilled,Stanton-Gill,Indonesia,60.5,FURN-Investment-40,Furniture,2025-08-26,paid,2025-10-04,2025-08,36.5,0.188,False
PO001741,SUP0007,PRD0122,2025-10-31,164,327.99,USD,53790.36,cancelled,Ramirez-Lewis,South Korea,49.8,CHEM-Customer-122,Chemicals,,,,2025-10,15.3,0.072,False
PO001742,SUP0036,PRD0136,2025-04-25,362,51.84,USD,18766.08,fulfilled,Dennis Inc,South Korea,60.1,AUTO-Morning-136,Automotive Parts,2025-05-08,paid,2025-06-01,2025-04,23.2,0.075,False
PO001743,SUP0033,PRD0079,2024-11-16,95,66.55,USD,6322.25,open,"Sellers, George and Burns",China,78.7,FOOD-System-79,Food & Beverage,2024-11-26,paid,2025-01-05,2024-11,34.8,0.067,False
PO001744,SUP0030,PRD0041,2026-01-31,700,29.75,USD,20825.0,open,Stanton-Gill,Indonesia,60.5,PACK-Customer-41,Packaging,2026-02-06,paid,2026-03-01,2026-01,43.7,0.163,False
PO001745,SUP0028,PRD0021,2025-03-01,323,191.24,USD,61770.52,fulfilled,"Potter, Mack and Peterson",Germany,88.1,MACH-Avoid-21,Machinery,2025-03-09,paid,2025-04-22,2025-03,7.9,0.033,False
PO001746,SUP0036,PRD0057,2026-04-21,185,1162.08,USD,214984.8,fulfilled,Dennis Inc,South Korea,60.1,CHEM-Ask-57,Chemicals,2026-05-04,pending,,2026-04,24.0,0.088,False
PO001747,SUP0004,PRD0136,2026-07-23,114,138.52,USD,15791.28,fulfilled,"Johnson, Gonzalez and Santos",Mexico,76.5,AUTO-Morning-136,Automotive Parts,2026-07-25,pending,,2026-07,36.7,0.112,False
PO001748,SUP0004,PRD0109,2025-08-17,92,945.16,USD,86954.72,cancelled,"Johnson, Gonzalez and Santos",Mexico,76.5,CHEM-Step-109,Chemicals,,,,2025-08,45.5,0.092,False
PO001749,SUP0034,PRD0070,2026-05-24,1725,24.05,USD,41486.25,fulfilled,Koch-Decker,India,69.9,PACK-Knowledge-70,Packaging,2026-06-03,paid,2026-06-10,2026-05,40.0,0.113,False
PO001750,SUP0017,PRD0071,2025-01-28,251,73.75,USD,18511.25,fulfilled,"Hawkins, Cohen and Cameron",Nigeria,42.8,ELEC-Cover-71,Electronics,2025-02-09,paid,2025-03-18,2025-01,71.1,0.232,False
PO001751,SUP0017,PRD0066,2026-04-13,122,11.87,USD,1448.14,fulfilled,"Hawkins, Cohen and Cameron",Nigeria,42.8,TEXT-Customer-66,Textiles,2026-04-21,overdue,,2026-04,76.5,0.271,False
PO001752,SUP0006,PRD0066,2025-03-23,155,2.94,USD,455.7,fulfilled,Blake and Sons,China,58.0,TEXT-Customer-66,Textiles,2025-03-31,overdue,,2025-03,35.7,0.096,False
PO001753,SUP0025,PRD0083,2024-11-19,543,4.92,USD,2671.56,fulfilled,Conner Group,Bangladesh,77.2,TEXT-Billion-83,Textiles,2024-11-20,overdue,,2024-11,58.4,0.152,False
PO001754,SUP0015,PRD0010,2026-02-04,390,16.71,USD,6516.9,cancelled,"Zuniga, Wong and Lynch",India,76.1,CHEM-Account-10,Chemicals,,,,2026-02,43.0,0.103,False
PO001755,SUP0015,PRD0059,2024-10-07,150,192.85,USD,28927.5,fulfilled,"Zuniga, Wong and Lynch",India,76.1,FOOD-Should-59,Food & Beverage,2024-10-13,paid,2024-11-09,2024-10,36.0,0.142,False
PO001756,SUP0008,PRD0095,2026-07-01,51,502.18,USD,25611.18,cancelled,Davis Inc,Pakistan,69.7,PACK-Investment-95,Packaging,,,,2026-07,61.8,0.257,False
PO001757,SUP0003,PRD0064,2025-10-11,32,3.77,USD,120.64,fulfilled,Johnson-Davis,Vietnam,88.7,AUTO-Energy-64,Automotive Parts,2025-10-12,pending,,2025-10,50.1,0.139,False
PO001758,SUP0024,PRD0075,2024-12-23,69,4585.47,USD,316397.43,fulfilled,Campos Inc,Mexico,79.6,TEXT-Two-75,Textiles,2025-01-03,pending,,2024-12,41.5,0.1,False
PO001759,SUP0035,PRD0019,2026-06-17,144,2.44,USD,351.36,fulfilled,Allen PLC,Brazil,54.5,PACK-Trade-19,Packaging,2026-06-25,overdue,,2026-06,57.0,0.161,False
PO001760,SUP0037,PRD0052,2025-10-23,123,264.11,USD,32485.53,fulfilled,"Cannon, Anderson and Alvarez",United States,65.1,CHEM-Arm-52,Chemicals,2025-10-29,paid,2025-12-05,2025-10,17.3,0.03,False
PO001761,SUP0028,PRD0110,2025-03-27,215,18.27,USD,3928.05,fulfilled,"Potter, Mack and Peterson",Germany,88.1,CHEM-Still-110,Chemicals,2025-03-30,pending,,2025-03,7.9,0.033,False
PO001762,SUP0010,PRD0059,2025-01-11,814,52.46,USD,42702.44,fulfilled,"Martinez, Nielsen and Miller",Egypt,43.6,FOOD-Should-59,Food & Beverage,2025-01-12,pending,,2025-01,51.8,0.183,False
PO001763,SUP0038,PRD0066,2025-10-06,125,371.5,USD,46437.5,fulfilled,Rose-Obrien,South Africa,61.5,TEXT-Customer-66,Textiles,2025-10-15,paid,2025-11-23,2025-10,44.9,0.165,False
PO001764,SUP0030,PRD0108,2024-12-14,319,227.35,USD,72524.65,fulfilled,Stanton-Gill,Indonesia,60.5,FURN-With-108,Furniture,2024-12-26,paid,2025-02-04,2024-12,43.5,0.102,False
PO001765,SUP0022,PRD0095,2026-06-30,75,536.41,USD,40230.75,cancelled,Burgess-Patterson,Pakistan,79.0,PACK-Investment-95,Packaging,,,,2026-06,67.0,0.256,False
PO001766,SUP0021,PRD0132,2026-01-18,271,895.34,USD,242637.14,fulfilled,"Ellis, Baker and Wright",India,80.5,CHEM-Art-132,Chemicals,2026-01-27,pending,,2026-01,39.3,0.067,False
PO001767,SUP0031,PRD0121,2025-10-16,65,1026.71,USD,66736.15,fulfilled,Harrell LLC,Brazil,87.2,ELEC-Clear-121,Electronics,2025-10-21,paid,2025-11-24,2025-10,42.5,0.182,False
PO001768,SUP0019,PRD0075,2024-10-30,331,2207.82,USD,730788.42,open,Clark PLC,Germany,69.9,TEXT-Two-75,Textiles,2024-10-31,pending,,2024-10,12.4,0.036,False
PO001769,SUP0030,PRD0121,2025-11-14,103,536.93,USD,55303.79,fulfilled,Stanton-Gill,Indonesia,60.5,ELEC-Clear-121,Electronics,2025-11-24,paid,2025-12-03,2025-11,45.3,0.143,False
PO001770,SUP0036,PRD0133,2025-02-24,416,874.38,USD,363742.08,open,Dennis Inc,South Korea,60.1,PACK-Apply-133,Packaging,2025-03-10,paid,2025-03-29,2025-02,29.9,0.059,False
PO001771,SUP0025,PRD0075,2024-12-03,116,228.49,USD,26504.84,fulfilled,Conner Group,Bangladesh,77.2,TEXT-Two-75,Textiles,2024-12-17,paid,2025-01-28,2024-12,58.3,0.159,False
PO001772,SUP0034,PRD0070,2026-08-29,189,2239.65,USD,423293.85,cancelled,Koch-Decker,India,69.9,PACK-Knowledge-70,Packaging,,,,2026-08,36.4,0.093,False
PO001773,SUP0038,PRD0103,2025-06-05,198,591.72,USD,117160.56,open,Rose-Obrien,South Africa,61.5,AUTO-Community-103,Automotive Parts,2025-06-17,paid,2025-07-01,2025-06,52.2,0.169,False
PO001774,SUP0035,PRD0081,2025-10-11,845,298.8,USD,252486.0,fulfilled,Allen PLC,Brazil,54.5,PACK-Total-81,Packaging,2025-10-23,paid,2025-11-24,2025-10,53.8,0.155,False
PO001775,SUP0028,PRD0082,2025-05-30,342,5.53,USD,1891.26,fulfilled,"Potter, Mack and Peterson",Germany,88.1,AUTO-Oil-82,Automotive Parts,2025-06-05,pending,,2025-05,17.0,0.048,False
PO001776,SUP0014,PRD0074,2026-01-07,240,1198.75,USD,287700.0,fulfilled,"Flowers, Martin and Kelly",United States,46.7,MACH-Enjoy-74,Machinery,2026-01-11,overdue,,2026-01,15.7,0.029,False
PO001777,SUP0020,PRD0015,2025-08-10,369,3.17,USD,1169.73,fulfilled,Lewis-Porter,Pakistan,59.2,TEXT-Drop-15,Textiles,2025-08-24,paid,2025-09-10,2025-08,63.6,0.226,False
PO001778,SUP0015,PRD0015,2025-10-13,205,560.8,USD,114964.0,fulfilled,"Zuniga, Wong and Lynch",India,76.1,TEXT-Drop-15,Textiles,2025-10-22,paid,2025-11-19,2025-10,29.8,0.089,False
PO001779,SUP0028,PRD0039,2026-08-14,95,301.44,USD,28636.8,open,"Potter, Mack and Peterson",Germany,88.1,MACH-Surface-39,Machinery,2026-08-27,paid,2026-09-04,2026-08,13.2,0.037,False
PO001780,SUP0017,PRD0021,2024-09-13,77,43.12,USD,3320.24,open,"Hawkins, Cohen and Cameron",Nigeria,42.8,MACH-Avoid-21,Machinery,2024-09-16,paid,2024-09-28,2024-09,,,
PO001781,SUP0014,PRD0121,2025-01-30,114,2.74,USD,312.36,cancelled,"Flowers, Martin and Kelly",United States,46.7,ELEC-Clear-121,Electronics,,,,2025-01,13.9,0.018,False
PO001782,SUP0026,PRD0105,2024-11-04,275,225.97,USD,62141.75,fulfilled,James-Ferrell,Egypt,85.3,FOOD-Able-105,Food & Beverage,2024-11-12,paid,2024-11-17,2024-11,58.5,0.192,False
PO001783,SUP0001,PRD0102,2024-10-22,319,764.0,USD,243716.0,cancelled,"Rodriguez, Figueroa and Sanchez",South Korea,74.7,TEXT-Artist-102,Textiles,,,,2024-10,17.6,0.067,False
PO001784,SUP0020,PRD0141,2025-12-06,67,22.89,USD,1533.63,fulfilled,Lewis-Porter,Pakistan,59.2,CHEM-Art-141,Chemicals,2025-12-20,overdue,,2025-12,58.6,0.255,False
PO001785,SUP0026,PRD0018,2025-06-26,409,2.49,USD,1018.41,fulfilled,James-Ferrell,Egypt,85.3,FURN-Almost-18,Furniture,2025-07-02,pending,,2025-06,53.2,0.177,False
PO001786,SUP0004,PRD0110,2025-08-15,533,20.18,USD,10755.94,fulfilled,"Johnson, Gonzalez and Santos",Mexico,76.5,CHEM-Still-110,Chemicals,2025-08-28,overdue,,2025-08,45.5,0.092,False
PO001787,SUP0026,PRD0040,2026-06-14,499,1377.34,USD,687292.66,fulfilled,James-Ferrell,Egypt,85.3,FURN-Investment-40,Furniture,2026-06-25,paid,2026-07-24,2026-06,53.8,0.195,False
PO001788,SUP0032,PRD0112,2026-02-16,228,157.14,USD,35827.92,fulfilled,"Lynch, Hernandez and Farmer",Vietnam,57.2,FURN-Feeling-112,Furniture,2026-02-26,paid,2026-04-02,2026-02,43.6,0.133,False
PO001789,SUP0018,PRD0018,2025-08-16,77,68.93,USD,5307.61,fulfilled,Underwood LLC,Philippines,54.2,FURN-Almost-18,Furniture,2025-08-17,paid,2025-09-15,2025-08,30.1,0.133,False
PO001790,SUP0026,PRD0136,2026-05-20,309,56.12,USD,17341.08,fulfilled,James-Ferrell,Egypt,85.3,AUTO-Morning-136,Automotive Parts,2026-05-31,paid,2026-07-12,2026-05,56.0,0.211,True
PO001791,SUP0011,PRD0109,2025-11-05,824,78.59,USD,64758.16,cancelled,"Montgomery, Hensley and Ray",Indonesia,56.0,CHEM-Step-109,Chemicals,,,,2025-11,38.5,0.105,False
PO001792,SUP0006,PRD0024,2025-11-09,136,2782.18,USD,378376.48,fulfilled,Blake and Sons,China,58.0,MACH-Family-24,Machinery,2025-11-11,paid,2025-11-22,2025-11,21.8,0.072,False
PO001793,SUP0038,PRD0139,2026-04-09,406,933.78,USD,379114.68,fulfilled,Rose-Obrien,South Africa,61.5,FOOD-Nice-139,Food & Beverage,2026-04-10,pending,,2026-04,54.3,0.178,False
PO001794,SUP0009,PRD0139,2025-01-11,611,2503.41,USD,1529583.51,fulfilled,Munoz-Roman,United States,66.0,FOOD-Nice-139,Food & Beverage,2025-01-17,paid,2025-01-25,2025-01,11.0,0.029,False
PO001795,SUP0013,PRD0044,2026-06-14,294,18.46,USD,5427.24,fulfilled,Delacruz Group,Germany,77.3,MACH-Reason-44,Machinery,2026-06-25,pending,,2026-06,7.3,0.038,False
PO001796,SUP0030,PRD0143,2025-03-19,226,2.52,USD,569.52,open,Stanton-Gill,Indonesia,60.5,TEXT-Be-143,Textiles,2025-03-27,paid,2025-05-10,2025-03,42.4,0.13,False
PO001797,SUP0036,PRD0078,2025-05-13,531,111.64,USD,59280.84,fulfilled,Dennis Inc,South Korea,60.1,AUTO-Level-78,Automotive Parts,2025-05-24,paid,2025-07-06,2025-05,16.8,0.078,False
PO001798,SUP0004,PRD0147,2025-11-23,1009,2.67,USD,2694.03,fulfilled,"Johnson, Gonzalez and Santos",Mexico,76.5,FURN-Physical-147,Furniture,2025-11-30,paid,2025-12-14,2025-11,42.2,0.105,False
PO001799,SUP0005,PRD0015,2025-04-16,975,85.91,USD,83762.25,fulfilled,Cole LLC,Mexico,58.0,TEXT-Drop-15,Textiles,2025-04-22,paid,2025-05-21,2025-04,38.1,0.128,False
PO001800,SUP0009,PRD0023,2025-11-19,154,119.99,USD,18478.46,fulfilled,Munoz-Roman,United States,66.0,MACH-Economy-23,Machinery,2025-11-21,paid,2025-12-03,2025-11,15.9,0.028,False
PO001801,SUP0033,PRD0141,2025-10-05,35,6.27,USD,219.45,open,"Sellers, George and Burns",China,78.7,CHEM-Art-141,Chemicals,2025-10-06,paid,2025-10-24,2025-10,27.0,0.108,False
PO001802,SUP0037,PRD0032,2025-05-11,306,75.89,USD,23222.34,fulfilled,"Cannon, Anderson and Alvarez",United States,65.1,FURN-Us-32,Furniture,2025-05-25,pending,,2025-05,20.4,0.038,False
PO001803,SUP0033,PRD0103,2025-09-04,511,345.2,USD,176397.2,cancelled,"Sellers, George and Burns",China,78.7,AUTO-Community-103,Automotive Parts,,,,2025-09,27.9,0.076,False
PO001804,SUP0009,PRD0064,2026-02-05,401,566.59,USD,227202.59,fulfilled,Munoz-Roman,United States,66.0,AUTO-Energy-64,Automotive Parts,2026-02-19,pending,,2026-02,19.2,0.032,False
PO001805,SUP0035,PRD0055,2025-08-30,104,2164.43,USD,225100.72,fulfilled,Allen PLC,Brazil,54.5,FURN-Race-55,Furniture,2025-09-04,pending,,2025-08,57.4,0.074,False
PO001806,SUP0002,PRD0074,2025-07-12,1454,3990.75,USD,5802550.5,fulfilled,Rhodes PLC,Germany,87.8,MACH-Enjoy-74,Machinery,2025-07-19,paid,2025-08-30,2025-07,12.5,0.035,False
PO001807,SUP0019,PRD0068,2024-09-17,97,120.46,USD,11684.62,fulfilled,Clark PLC,Germany,69.9,FURN-List-68,Furniture,2024-09-22,paid,2024-10-12,2024-09,,,
PO001808,SUP0001,PRD0064,2025-07-24,395,31.36,USD,12387.2,open,"Rodriguez, Figueroa and Sanchez",South Korea,74.7,AUTO-Energy-64,Automotive Parts,2025-07-30,pending,,2025-07,19.1,0.063,False
PO001809,SUP0017,PRD0024,2025-10-02,291,134.36,USD,39098.76,fulfilled,"Hawkins, Cohen and Cameron",Nigeria,42.8,MACH-Family-24,Machinery,2025-10-15,pending,,2025-10,67.8,0.34,False
PO001810,SUP0025,PRD0064,2025-08-10,579,365.01,USD,211340.79,fulfilled,Conner Group,Bangladesh,77.2,AUTO-Energy-64,Automotive Parts,2025-08-15,paid,2025-09-16,2025-08,56.9,0.201,False
PO001811,SUP0013,PRD0083,2026-01-11,273,5.59,USD,1526.07,fulfilled,Delacruz Group,Germany,77.3,TEXT-Billion-83,Textiles,2026-01-12,pending,,2026-01,17.5,0.046,False
PO001812,SUP0005,PRD0019,2026-04-19,253,187.88,USD,47533.64,fulfilled,Cole LLC,Mexico,58.0,PACK-Trade-19,Packaging,2026-04-22,paid,2026-05-15,2026-04,35.6,0.124,False
PO001813,SUP0035,PRD0095,2025-09-15,106,13.88,USD,1471.28,fulfilled,Allen PLC,Brazil,54.5,PACK-Investment-95,Packaging,2025-09-21,pending,,2025-09,43.5,0.223,False
PO001814,SUP0010,PRD0040,2025-06-24,99,3091.65,USD,306073.35,fulfilled,"Martinez, Nielsen and Miller",Egypt,43.6,FURN-Investment-40,Furniture,2025-07-04,pending,,2025-06,51.9,0.188,False
PO001815,SUP0007,PRD0020,2024-10-27,283,2.31,USD,653.73,fulfilled,Ramirez-Lewis,South Korea,49.8,FOOD-Give-20,Food & Beverage,2024-11-07,overdue,,2024-10,23.4,0.074,False
PO001816,SUP0001,PRD0040,2024-12-24,394,1227.46,USD,483619.24,open,"Rodriguez, Figueroa and Sanchez",South Korea,74.7,FURN-Investment-40,Furniture,2024-12-30,paid,2025-01-11,2024-12,22.4,0.058,False
PO001817,SUP0003,PRD0079,2025-05-18,171,588.5,USD,100633.5,open,Johnson-Davis,Vietnam,88.7,FOOD-System-79,Food & Beverage,2025-05-31,paid,2025-07-06,2025-05,46.1,0.135,False
PO001818,SUP0002,PRD0016,2025-10-27,107,5.63,USD,602.41,fulfilled,Rhodes PLC,Germany,87.8,CHEM-Author-16,Chemicals,2025-10-29,paid,2025-11-28,2025-10,7.2,0.034,False
PO001819,SUP0010,PRD0083,2026-03-25,548,124.24,USD,68083.52,fulfilled,"Martinez, Nielsen and Miller",Egypt,43.6,TEXT-Billion-83,Textiles,2026-03-29,paid,2026-04-25,2026-03,53.6,0.158,False
PO001820,SUP0015,PRD0095,2025-11-07,485,2.31,USD,1120.35,fulfilled,"Zuniga, Wong and Lynch",India,76.1,PACK-Investment-95,Packaging,2025-11-16,paid,2025-11-28,2025-11,38.9,0.113,False
PO001821,SUP0038,PRD0112,2026-08-26,51,804.65,USD,41037.15,fulfilled,Rose-Obrien,South Africa,61.5,FURN-Feeling-112,Furniture,2026-08-29,overdue,,2026-08,53.0,0.242,False
PO001822,SUP0016,PRD0111,2025-12-24,1031,23.66,USD,24393.46,fulfilled,"Sanchez, Ford and Nelson",Mexico,67.6,PACK-Look-111,Packaging,2025-12-25,overdue,,2025-12,42.0,0.132,False
PO001823,SUP0031,PRD0016,2026-07-17,54,151.98,USD,8206.92,fulfilled,Harrell LLC,Brazil,87.2,CHEM-Author-16,Chemicals,2026-07-23,pending,,2026-07,48.2,0.19,False
PO001824,SUP0002,PRD0063,2026-04-14,706,2.71,USD,1913.26,fulfilled,Rhodes PLC,Germany,87.8,AUTO-Boy-63,Automotive Parts,2026-04-28,pending,,2026-04,15.0,0.026,False
PO001825,SUP0008,PRD0054,2026-01-04,652,297.4,USD,193904.8,fulfilled,Davis Inc,Pakistan,69.7,FURN-Ready-54,Furniture,2026-01-15,paid,2026-02-10,2026-01,68.5,0.174,False
PO001826,SUP0019,PRD0137,2024-09-24,227,2.9,USD,658.3,fulfilled,Clark PLC,Germany,69.9,FOOD-Wide-137,Food & Beverage,2024-10-06,paid,2024-10-25,2024-09,,,
PO001827,SUP0028,PRD0056,2025-09-25,203,49.5,USD,10048.5,fulfilled,"Potter, Mack and Peterson",Germany,88.1,MACH-Billion-56,Machinery,2025-10-03,paid,2025-11-10,2025-09,10.4,0.045,False
PO001828,SUP0033,PRD0137,2026-05-25,37,1342.9,USD,49687.3,fulfilled,"Sellers, George and Burns",China,78.7,FOOD-Wide-137,Food & Beverage,2026-06-02,paid,2026-06-09,2026-05,27.4,0.117,False
PO001829,SUP0004,PRD0034,2026-08-09,308,2.35,USD,723.8,fulfilled,"Johnson, Gonzalez and Santos",Mexico,76.5,CHEM-Part-34,Chemicals,2026-08-16,paid,2026-09-04,2026-08,45.2,0.127,False
PO001830,SUP0026,PRD0148,2025-10-19,526,2038.54,USD,1072272.04,fulfilled,James-Ferrell,Egypt,85.3,FOOD-Author-148,Food & Beverage,2025-10-30,pending,,2025-10,51.4,0.157,False
PO001831,SUP0014,PRD0077,2025-01-06,440,398.62,USD,175392.8,fulfilled,"Flowers, Martin and Kelly",United States,46.7,FURN-Bag-77,Furniture,2025-01-07,paid,2025-01-30,2025-01,13.9,0.018,False
PO001832,SUP0028,PRD0040,2025-12-23,184,68.85,USD,12668.4,fulfilled,"Potter, Mack and Peterson",Germany,88.1,FURN-Investment-40,Furniture,2025-12-25,paid,2026-01-01,2025-12,14.9,0.046,False
PO001833,SUP0032,PRD0021,2024-10-04,659,50.61,USD,33351.99,fulfilled,"Lynch, Hernandez and Farmer",Vietnam,57.2,MACH-Avoid-21,Machinery,2024-10-07,paid,2024-11-03,2024-10,46.5,0.103,False
PO001834,SUP0010,PRD0068,2024-12-02,93,3.36,USD,312.48,fulfilled,"Martinez, Nielsen and Miller",Egypt,43.6,FURN-List-68,Furniture,2024-12-09,paid,2025-01-22,2024-12,48.1,0.214,False
PO001835,SUP0038,PRD0040,2025-07-27,381,1714.93,USD,653388.33,fulfilled,Rose-Obrien,South Africa,61.5,FURN-Investment-40,Furniture,2025-08-02,paid,2025-08-24,2025-07,57.4,0.211,False
PO001836,SUP0010,PRD0051,2025-08-18,193,535.67,USD,103384.31,fulfilled,"Martinez, Nielsen and Miller",Egypt,43.6,AUTO-Shoulder-51,Automotive Parts,2025-08-24,paid,2025-10-04,2025-08,53.1,0.132,False
PO001837,SUP0027,PRD0048,2026-01-09,552,73.26,USD,40439.52,fulfilled,"Valencia, Smith and Le",Vietnam,70.4,FOOD-Item-48,Food & Beverage,2026-01-23,paid,2026-02-26,2026-01,48.2,0.109,False
PO001838,SUP0023,PRD0005,2025-11-05,61,12.35,USD,753.35,fulfilled,Robinson-Bright,Indonesia,70.0,TEXT-Per-5,Textiles,2025-11-17,pending,,2025-11,43.6,0.138,False
PO001839,SUP0007,PRD0020,2025-02-14,663,3.6,USD,2386.8,fulfilled,Ramirez-Lewis,South Korea,49.8,FOOD-Give-20,Food & Beverage,2025-02-28,pending,,2025-02,20.4,0.054,False
PO001840,SUP0036,PRD0104,2025-07-22,57,599.37,USD,34164.09,fulfilled,Dennis Inc,South Korea,60.1,AUTO-Hundred-104,Automotive Parts,2025-07-26,paid,2025-08-30,2025-07,25.2,0.092,False
PO001841,SUP0007,PRD0139,2025-04-30,162,367.32,USD,59505.84,fulfilled,Ramirez-Lewis,South Korea,49.8,FOOD-Nice-139,Food & Beverage,2025-05-09,paid,2025-06-21,2025-04,17.9,0.089,False
PO001842,SUP0038,PRD0019,2026-08-03,160,403.08,USD,64492.8,fulfilled,Rose-Obrien,South Africa,61.5,PACK-Trade-19,Packaging,2026-08-17,paid,2026-09-01,2026-08,53.0,0.242,False
PO001843,SUP0020,PRD0137,2025-09-16,201,11.84,USD,2379.84,fulfilled,Lewis-Porter,Pakistan,59.2,FOOD-Wide-137,Food & Beverage,2025-09-18,overdue,,2025-09,62.3,0.151,False
PO001844,SUP0006,PRD0091,2025-10-18,264,128.74,USD,33987.36,open,Blake and Sons,China,58.0,FOOD-Some-91,Food & Beverage,2025-10-28,overdue,,2025-10,30.7,0.06,False
PO001845,SUP0031,PRD0084,2026-07-25,345,693.95,USD,239412.75,fulfilled,Harrell LLC,Brazil,87.2,PACK-Apply-84,Packaging,2026-07-30,pending,,2026-07,48.2,0.19,False
PO001846,SUP0007,PRD0082,2025-11-29,632,593.53,USD,375110.96,open,Ramirez-Lewis,South Korea,49.8,AUTO-Oil-82,Automotive Parts,2025-12-01,paid,2025-12-29,2025-11,18.8,0.052,False
PO001847,SUP0032,PRD0148,2025-04-05,612,504.62,USD,308827.44,fulfilled,"Lynch, Hernandez and Farmer",Vietnam,57.2,FOOD-Author-148,Food & Beverage,2025-04-15,paid,2025-05-27,2025-04,43.2,0.103,False
PO001848,SUP0017,PRD0025,2026-07-01,582,5.1,USD,2968.2,open,"Hawkins, Cohen and Cameron",Nigeria,42.8,CHEM-Relationship-25,Chemicals,2026-07-07,paid,2026-07-23,2026-07,69.5,0.215,False
PO001849,SUP0021,PRD0100,2024-12-30,920,924.74,USD,850760.8,cancelled,"Ellis, Baker and Wright",India,80.5,TEXT-Institution-100,Textiles,,,,2024-12,38.4,0.078,False
PO001850,SUP0026,PRD0122,2025-07-23,58,10.99,USD,637.42,open,James-Ferrell,Egypt,85.3,CHEM-Customer-122,Chemicals,2025-08-01,pending,,2025-07,51.2,0.211,False
PO001851,SUP0036,PRD0070,2025-07-01,203,2.32,USD,470.96,fulfilled,Dennis Inc,South Korea,60.1,PACK-Knowledge-70,Packaging,2025-07-09,paid,2025-08-14,2025-07,25.2,0.092,False
PO001852,SUP0010,PRD0012,2025-06-30,176,30.98,USD,5452.48,open,"Martinez, Nielsen and Miller",Egypt,43.6,ELEC-Second-12,Electronics,2025-07-07,paid,2025-08-05,2025-06,51.9,0.188,False
PO001853,SUP0032,PRD0016,2025-02-14,73,1079.36,USD,78793.28,fulfilled,"Lynch, Hernandez and Farmer",Vietnam,57.2,CHEM-Author-16,Chemicals,2025-02-15,overdue,,2025-02,38.5,0.081,False
PO001854,SUP0010,PRD0023,2026-07-07,281,1778.38,USD,499724.78,open,"Martinez, Nielsen and Miller",Egypt,43.6,MACH-Economy-23,Machinery,2026-07-13,overdue,,2026-07,57.2,0.202,False
PO001855,SUP0031,PRD0094,2026-04-19,154,697.8,USD,107461.2,open,Harrell LLC,Brazil,87.2,MACH-Compare-94,Machinery,2026-04-26,paid,2026-05-02,2026-04,48.8,0.136,False
PO001856,SUP0010,PRD0032,2026-02-15,199,701.49,USD,139596.51,fulfilled,"Martinez, Nielsen and Miller",Egypt,43.6,FURN-Us-32,Furniture,2026-03-01,paid,2026-03-27,2026-02,53.6,0.19,False
PO001857,SUP0009,PRD0030,2026-02-21,41,319.26,USD,13089.66,fulfilled,Munoz-Roman,United States,66.0,AUTO-Several-30,Automotive Parts,2026-03-06,paid,2026-03-20,2026-02,19.2,0.032,False
PO001858,SUP0005,PRD0111,2026-01-13,391,1784.96,USD,697919.36,open,Cole LLC,Mexico,58.0,PACK-Look-111,Packaging,2026-01-15,paid,2026-02-19,2026-01,42.9,0.086,False
PO001859,SUP0040,PRD0073,2025-12-11,232,2017.58,USD,468078.56,fulfilled,"Santos, Kim and Holmes",Turkey,71.1,PACK-Maintain-73,Packaging,2025-12-21,pending,,2025-12,58.9,0.243,False
PO001860,SUP0037,PRD0048,2026-04-19,698,2869.02,USD,2002575.96,fulfilled,"Cannon, Anderson and Alvarez",United States,65.1,FOOD-Item-48,Food & Beverage,2026-04-28,paid,2026-05-08,2026-04,15.1,0.033,False
PO001861,SUP0008,PRD0028,2024-12-08,227,1493.57,USD,339040.39,fulfilled,Davis Inc,Pakistan,69.7,AUTO-Notice-28,Automotive Parts,2024-12-17,overdue,,2024-12,65.3,0.247,False
PO001862,SUP0014,PRD0084,2026-02-21,311,2.7,USD,839.7,fulfilled,"Flowers, Martin and Kelly",United States,46.7,PACK-Apply-84,Packaging,2026-02-25,paid,2026-03-25,2026-02,12.4,0.034,False
PO001863,SUP0021,PRD0081,2025-05-26,118,1253.49,USD,147911.82,fulfilled,"Ellis, Baker and Wright",India,80.5,PACK-Total-81,Packaging,2025-06-03,pending,,2025-05,43.6,0.104,False
PO001864,SUP0023,PRD0049,2026-08-26,124,424.16,USD,52595.84,fulfilled,Robinson-Bright,Indonesia,70.0,AUTO-Manage-49,Automotive Parts,2026-09-02,paid,2026-09-18,2026-08,42.8,0.151,False
PO001865,SUP0031,PRD0020,2025-12-31,542,171.17,USD,92774.14,fulfilled,Harrell LLC,Brazil,87.2,FOOD-Give-20,Food & Beverage,2026-01-04,paid,2026-02-17,2025-12,50.6,0.115,False
PO001866,SUP0007,PRD0031,2026-03-07,66,322.13,USD,21260.58,fulfilled,Ramirez-Lewis,South Korea,49.8,FOOD-Worry-31,Food & Beverage,2026-03-20,paid,2026-04-21,2026-03,8.6,0.084,False
PO001867,SUP0038,PRD0066,2024-11-26,253,617.25,USD,156164.25,fulfilled,Rose-Obrien,South Africa,61.5,TEXT-Customer-66,Textiles,2024-11-27,paid,2024-12-26,2024-11,49.7,0.162,False
PO001868,SUP0037,PRD0111,2026-08-18,423,281.94,USD,119260.62,fulfilled,"Cannon, Anderson and Alvarez",United States,65.1,PACK-Look-111,Packaging,2026-08-29,paid,2026-09-05,2026-08,15.8,0.024,False
PO001869,SUP0013,PRD0072,2026-07-12,224,7458.29,USD,1670656.96,fulfilled,Delacruz Group,Germany,77.3,TEXT-Family-72,Textiles,2026-07-21,pending,,2026-07,15.3,0.038,False
PO001870,SUP0022,PRD0032,2025-09-28,1260,412.58,USD,519850.8,cancelled,Burgess-Patterson,Pakistan,79.0,FURN-Us-32,Furniture,,,,2025-09,69.5,0.302,False
PO001871,SUP0022,PRD0012,2025-08-07,389,65.6,USD,25518.4,fulfilled,Burgess-Patterson,Pakistan,79.0,ELEC-Second-12,Electronics,2025-08-15,pending,,2025-08,66.5,0.206,False
PO001872,SUP0038,PRD0057,2026-04-10,722,2490.96,USD,1798473.12,fulfilled,Rose-Obrien,South Africa,61.5,CHEM-Ask-57,Chemicals,2026-04-22,paid,2026-05-16,2026-04,54.3,0.178,False
PO001873,SUP0008,PRD0133,2025-03-27,95,17.21,USD,1634.95,cancelled,Davis Inc,Pakistan,69.7,PACK-Apply-133,Packaging,,,,2025-03,70.6,0.187,False
PO001874,SUP0005,PRD0020,2024-09-08,122,353.86,USD,43170.92,cancelled,Cole LLC,Mexico,58.0,FOOD-Give-20,Food & Beverage,,,,2024-09,,,
PO001875,SUP0034,PRD0084,2026-08-04,252,4.4,USD,1108.8,fulfilled,Koch-Decker,India,69.9,PACK-Apply-84,Packaging,2026-08-06,overdue,,2026-08,36.4,0.093,False
PO001876,SUP0012,PRD0103,2025-06-26,244,77.77,USD,18975.88,fulfilled,Stanley LLC,Japan,60.6,AUTO-Community-103,Automotive Parts,2025-07-07,pending,,2025-06,16.0,0.035,False
PO001877,SUP0037,PRD0150,2025-04-15,469,2.46,USD,1153.74,fulfilled,"Cannon, Anderson and Alvarez",United States,65.1,TEXT-Training-150,Textiles,2025-04-27,paid,2025-06-03,2025-04,13.3,0.037,False
PO001878,SUP0012,PRD0036,2024-12-08,111,2.72,USD,301.92,open,Stanley LLC,Japan,60.6,ELEC-Eight-36,Electronics,2024-12-12,overdue,,2024-12,20.0,0.052,False
PO001879,SUP0009,PRD0064,2025-11-25,142,60.78,USD,8630.76,fulfilled,Munoz-Roman,United States,66.0,AUTO-Energy-64,Automotive Parts,2025-12-08,pending,,2025-11,15.9,0.028,False
PO001880,SUP0025,PRD0055,2025-01-20,513,363.01,USD,186224.13,fulfilled,Conner Group,Bangladesh,77.2,FURN-Race-55,Furniture,2025-01-30,paid,2025-02-09,2025-01,62.4,0.132,False
PO001881,SUP0022,PRD0122,2026-05-11,312,322.4,USD,100588.8,fulfilled,Burgess-Patterson,Pakistan,79.0,CHEM-Customer-122,Chemicals,2026-05-14,pending,,2026-05,64.2,0.305,False
PO001882,SUP0031,PRD0117,2024-09-28,196,301.57,USD,59107.72,cancelled,Harrell LLC,Brazil,87.2,CHEM-Only-117,Chemicals,,,,2024-09,,,
PO001883,SUP0010,PRD0121,2026-06-01,57,12.0,USD,684.0,fulfilled,"Martinez, Nielsen and Miller",Egypt,43.6,ELEC-Clear-121,Electronics,2026-06-11,paid,2026-06-17,2026-06,60.8,0.185,False
PO001884,SUP0007,PRD0141,2026-06-27,470,2.38,USD,1118.6,fulfilled,Ramirez-Lewis,South Korea,49.8,CHEM-Art-141,Chemicals,2026-07-10,paid,2026-08-13,2026-06,23.9,0.084,False
PO001885,SUP0005,PRD0049,2026-02-24,817,247.16,USD,201929.72,open,Cole LLC,Mexico,58.0,AUTO-Manage-49,Automotive Parts,2026-03-10,paid,2026-03-28,2026-02,36.4,0.071,False
PO001886,SUP0024,PRD0058,2026-03-19,418,5.54,USD,2315.72,fulfilled,Campos Inc,Mexico,79.6,AUTO-Interesting-58,Automotive Parts,2026-03-26,paid,2026-04-18,2026-03,42.9,0.12,False
PO001887,SUP0019,PRD0021,2026-02-14,73,395.0,USD,28835.0,fulfilled,Clark PLC,Germany,69.9,MACH-Avoid-21,Machinery,2026-02-22,paid,2026-03-10,2026-02,11.1,0.05,False
PO001888,SUP0022,PRD0012,2026-01-17,93,16.55,USD,1539.15,fulfilled,Burgess-Patterson,Pakistan,79.0,ELEC-Second-12,Electronics,2026-01-21,paid,2026-03-02,2026-01,64.2,0.296,False
PO001889,SUP0015,PRD0059,2025-07-27,742,19.19,USD,14238.98,open,"Zuniga, Wong and Lynch",India,76.1,FOOD-Should-59,Food & Beverage,2025-08-01,paid,2025-09-09,2025-07,41.4,0.105,False
PO001890,SUP0037,PRD0054,2026-03-20,79,1548.19,USD,122307.01,cancelled,"Cannon, Anderson and Alvarez",United States,65.1,FURN-Ready-54,Furniture,,,,2026-03,13.9,0.03,False
PO001891,SUP0006,PRD0037,2025-09-11,93,1064.58,USD,99005.94,fulfilled,Blake and Sons,China,58.0,CHEM-Still-37,Chemicals,2025-09-19,paid,2025-10-31,2025-09,23.1,0.072,False
PO001892,SUP0030,PRD0013,2026-05-09,179,1010.85,USD,180942.15,fulfilled,Stanton-Gill,Indonesia,60.5,CHEM-Program-13,Chemicals,2026-05-11,paid,2026-05-17,2026-05,39.8,0.126,False
PO001893,SUP0032,PRD0114,2026-05-08,89,2.61,USD,232.29,fulfilled,"Lynch, Hernandez and Farmer",Vietnam,57.2,FOOD-Same-114,Food & Beverage,2026-05-12,paid,2026-06-15,2026-05,44.9,0.097,False
PO001894,SUP0021,PRD0071,2025-11-04,45,5.86,USD,263.7,fulfilled,"Ellis, Baker and Wright",India,80.5,ELEC-Cover-71,Electronics,2025-11-06,paid,2025-12-03,2025-11,39.8,0.084,False
PO001895,SUP0024,PRD0015,2024-12-03,37,849.94,USD,31447.78,fulfilled,Campos Inc,Mexico,79.6,TEXT-Drop-15,Textiles,2024-12-08,paid,2025-01-18,2024-12,41.5,0.1,False
PO001896,SUP0012,PRD0076,2025-07-04,489,3296.35,USD,1611915.15,fulfilled,Stanley LLC,Japan,60.6,PACK-Wind-76,Packaging,2025-07-14,paid,2025-08-26,2025-07,15.1,0.039,False
PO001897,SUP0006,PRD0019,2025-01-16,112,856.69,USD,95949.28,open,Blake and Sons,China,58.0,PACK-Trade-19,Packaging,2025-01-17,paid,2025-02-21,2025-01,26.5,0.063,False
PO001898,SUP0011,PRD0021,2026-06-17,138,472.44,USD,65196.72,open,"Montgomery, Hensley and Ray",Indonesia,56.0,MACH-Avoid-21,Machinery,2026-06-24,paid,2026-07-10,2026-06,49.6,0.109,False
PO001899,SUP0032,PRD0111,2025-02-26,500,12.02,USD,6010.0,fulfilled,"Lynch, Hernandez and Farmer",Vietnam,57.2,PACK-Look-111,Packaging,2025-03-08,paid,2025-04-06,2025-02,38.5,0.081,False
PO001900,SUP0035,PRD0095,2024-11-04,161,2.32,USD,373.52,fulfilled,Allen PLC,Brazil,54.5,PACK-Investment-95,Packaging,2024-11-08,paid,2024-12-03,2024-11,44.8,0.149,False
PO001901,SUP0030,PRD0112,2025-04-17,61,339.87,USD,20732.07,open,Stanton-Gill,Indonesia,60.5,FURN-Feeling-112,Furniture,2025-04-26,paid,2025-06-07,2025-04,40.8,0.151,False
PO001902,SUP0014,PRD0008,2025-03-21,359,93.36,USD,33516.24,open,"Flowers, Martin and Kelly",United States,46.7,PACK-Per-8,Packaging,2025-03-26,overdue,,2025-03,17.2,0.033,False
PO001903,SUP0013,PRD0105,2026-08-30,597,1639.9,USD,979020.3,fulfilled,Delacruz Group,Germany,77.3,FOOD-Able-105,Food & Beverage,2026-08-31,paid,2026-10-11,2026-08,6.2,0.05,False
PO001904,SUP0006,PRD0059,2025-08-02,38,894.5,USD,33991.0,fulfilled,Blake and Sons,China,58.0,FOOD-Should-59,Food & Beverage,2025-08-15,paid,2025-09-22,2025-08,35.4,0.045,False
PO001905,SUP0021,PRD0020,2024-09-21,324,2.52,USD,816.48,open,"Ellis, Baker and Wright",India,80.5,FOOD-Give-20,Food & Beverage,2024-09-23,paid,2024-10-16,2024-09,,,
PO001906,SUP0008,PRD0036,2025-08-20,319,869.17,USD,277265.23,fulfilled,Davis Inc,Pakistan,69.7,ELEC-Eight-36,Electronics,2025-09-01,paid,2025-09-22,2025-08,56.9,0.306,False
PO001907,SUP0037,PRD0093,2025-02-26,215,433.85,USD,93277.75,fulfilled,"Cannon, Anderson and Alvarez",United States,65.1,TEXT-Economic-93,Textiles,2025-02-28,paid,2025-03-18,2025-02,11.5,0.04,False
PO001908,SUP0007,PRD0089,2025-01-17,323,2050.6,USD,662343.8,fulfilled,Ramirez-Lewis,South Korea,49.8,ELEC-Better-89,Electronics,2025-01-26,paid,2025-02-28,2025-01,21.8,0.073,False
PO001909,SUP0014,PRD0070,2025-03-07,107,439.4,USD,47015.8,cancelled,"Flowers, Martin and Kelly",United States,46.7,PACK-Knowledge-70,Packaging,,,,2025-03,17.2,0.033,False
PO001910,SUP0026,PRD0144,2024-09-28,115,232.02,USD,26682.3,fulfilled,James-Ferrell,Egypt,85.3,FURN-Today-144,Furniture,2024-10-01,paid,2024-10-06,2024-09,,,
PO001911,SUP0010,PRD0110,2026-08-21,552,15.52,USD,8567.04,fulfilled,"Martinez, Nielsen and Miller",Egypt,43.6,CHEM-Still-110,Chemicals,2026-08-26,paid,2026-09-13,2026-08,53.4,0.16,False
PO001912,SUP0032,PRD0117,2025-03-04,618,24.42,USD,15091.56,fulfilled,"Lynch, Hernandez and Farmer",Vietnam,57.2,CHEM-Only-117,Chemicals,2025-03-07,paid,2025-03-28,2025-03,42.0,0.108,False
PO001913,SUP0032,PRD0053,2025-05-05,31,285.84,USD,8861.04,open,"Lynch, Hernandez and Farmer",Vietnam,57.2,PACK-Report-53,Packaging,2025-05-07,paid,2025-05-19,2025-05,39.3,0.123,False
PO001914,SUP0007,PRD0040,2025-09-10,456,1638.26,USD,747046.56,fulfilled,Ramirez-Lewis,South Korea,49.8,FURN-Investment-40,Furniture,2025-09-24,paid,2025-10-24,2025-09,24.9,0.066,False
PO001915,SUP0031,PRD0035,2025-10-26,259,859.92,USD,222719.28,fulfilled,Harrell LLC,Brazil,87.2,MACH-Material-35,Machinery,2025-11-08,paid,2025-12-22,2025-10,42.5,0.182,False
PO001916,SUP0035,PRD0057,2025-10-14,178,118.76,USD,21139.28,fulfilled,Allen PLC,Brazil,54.5,CHEM-Ask-57,Chemicals,2025-10-21,paid,2025-11-24,2025-10,53.8,0.155,False
PO001917,SUP0004,PRD0055,2024-11-12,166,22.01,USD,3653.66,fulfilled,"Johnson, Gonzalez and Santos",Mexico,76.5,FURN-Race-55,Furniture,2024-11-22,paid,2024-11-28,2024-11,34.3,0.129,False
PO001918,SUP0015,PRD0070,2024-10-10,1042,86.84,USD,90487.28,open,"Zuniga, Wong and Lynch",India,76.1,PACK-Knowledge-70,Packaging,2024-10-22,paid,2024-10-31,2024-10,36.0,0.142,False
PO001919,SUP0010,PRD0066,2025-07-19,392,21.46,USD,8412.32,fulfilled,"Martinez, Nielsen and Miller",Egypt,43.6,TEXT-Customer-66,Textiles,2025-07-21,paid,2025-08-18,2025-07,54.1,0.156,True
PO001920,SUP0037,PRD0043,2025-03-11,840,23.22,USD,19504.8,fulfilled,"Cannon, Anderson and Alvarez",United States,65.1,CHEM-Bill-43,Chemicals,2025-03-19,paid,2025-03-27,2025-03,9.2,0.022,False
PO001921,SUP0039,PRD0137,2025-12-12,308,2.86,USD,880.88,fulfilled,"Campos, Vaughn and Marquez",South Korea,62.6,FOOD-Wide-137,Food & Beverage,2025-12-24,paid,2026-01-02,2025-12,17.1,0.061,False
PO001922,SUP0013,PRD0083,2024-10-11,246,2.32,USD,570.72,open,Delacruz Group,Germany,77.3,TEXT-Billion-83,Textiles,2024-10-16,paid,2024-10-29,2024-10,16.9,0.031,False
PO001923,SUP0002,PRD0011,2026-03-04,129,611.8,USD,78922.2,open,Rhodes PLC,Germany,87.8,TEXT-Avoid-11,Textiles,2026-03-18,paid,2026-04-15,2026-03,14.7,0.046,False
PO001924,SUP0029,PRD0117,2026-03-06,959,12.21,USD,11709.39,fulfilled,Chavez Ltd,Poland,66.3,CHEM-Only-117,Chemicals,2026-03-17,paid,2026-04-06,2026-03,19.5,0.073,False
PO001925,SUP0006,PRD0056,2025-02-13,275,2.56,USD,704.0,fulfilled,Blake and Sons,China,58.0,MACH-Billion-56,Machinery,2025-02-20,paid,2025-03-16,2025-02,32.5,0.071,False
PO001926,SUP0028,PRD0136,2024-12-29,62,2671.52,USD,165634.24,open,"Potter, Mack and Peterson",Germany,88.1,AUTO-Morning-136,Automotive Parts,2024-12-30,paid,2025-01-11,2024-12,10.2,0.038,False
PO001927,SUP0010,PRD0141,2024-12-15,102,936.27,USD,95499.54,open,"Martinez, Nielsen and Miller",Egypt,43.6,CHEM-Art-141,Chemicals,2024-12-17,paid,2025-01-27,2024-12,48.1,0.214,False
PO001928,SUP0008,PRD0038,2024-10-24,380,2363.26,USD,898038.8,fulfilled,Davis Inc,Pakistan,69.7,ELEC-Material-38,Electronics,2024-11-07,paid,2024-11-29,2024-10,62.8,0.317,False
PO001929,SUP0034,PRD0132,2026-02-25,357,11.51,USD,4109.07,fulfilled,Koch-Decker,India,69.9,CHEM-Art-132,Chemicals,2026-03-01,paid,2026-03-24,2026-02,42.3,0.09,False
PO001930,SUP0014,PRD0128,2025-09-26,81,93.97,USD,7611.57,fulfilled,"Flowers, Martin and Kelly",United States,46.7,TEXT-Occur-128,Textiles,2025-10-01,paid,2025-11-02,2025-09,13.9,0.025,False
PO001931,SUP0035,PRD0117,2025-08-03,276,1504.07,USD,415123.32,fulfilled,Allen PLC,Brazil,54.5,CHEM-Only-117,Chemicals,2025-08-07,overdue,,2025-08,57.4,0.074,False
PO001932,SUP0006,PRD0078,2025-08-04,1468,1325.12,USD,1945276.16,fulfilled,Blake and Sons,China,58.0,AUTO-Level-78,Automotive Parts,2025-08-10,paid,2025-09-09,2025-08,35.4,0.045,False
PO001933,SUP0005,PRD0133,2025-03-17,85,277.63,USD,23598.55,fulfilled,Cole LLC,Mexico,58.0,PACK-Apply-133,Packaging,2025-03-18,pending,,2025-03,42.2,0.118,False
PO001934,SUP0013,PRD0020,2026-07-11,356,3.7,USD,1317.2,open,Delacruz Group,Germany,77.3,FOOD-Give-20,Food & Beverage,2026-07-13,paid,2026-08-21,2026-07,15.3,0.038,False
PO001935,SUP0006,PRD0105,2025-09-10,779,322.36,USD,251118.44,fulfilled,Blake and Sons,China,58.0,FOOD-Able-105,Food & Beverage,2025-09-21,paid,2025-10-15,2025-09,23.1,0.072,False
PO001936,SUP0010,PRD0069,2025-03-04,381,2.31,USD,880.11,fulfilled,"Martinez, Nielsen and Miller",Egypt,43.6,FOOD-Challenge-69,Food & Beverage,2025-03-15,paid,2025-03-27,2025-03,58.9,0.129,False
PO001937,SUP0038,PRD0079,2026-03-14,307,327.09,USD,100416.63,fulfilled,Rose-Obrien,South Africa,61.5,FOOD-System-79,Food & Beverage,2026-03-23,paid,2026-04-22,2026-03,54.8,0.196,False
PO001938,SUP0037,PRD0024,2025-03-09,244,3.6,USD,878.4,fulfilled,"Cannon, Anderson and Alvarez",United States,65.1,MACH-Family-24,Machinery,2025-03-16,paid,2025-04-19,2025-03,9.2,0.022,False
PO001939,SUP0040,PRD0015,2024-10-26,330,8.64,USD,2851.2,fulfilled,"Santos, Kim and Holmes",Turkey,71.1,TEXT-Drop-15,Textiles,2024-10-27,paid,2024-11-20,2024-10,53.2,0.237,False
PO001940,SUP0007,PRD0147,2025-11-30,267,2.52,USD,672.84,open,Ramirez-Lewis,South Korea,49.8,FURN-Physical-147,Furniture,2025-12-04,paid,2026-01-09,2025-11,18.8,0.052,False
PO001941,SUP0040,PRD0100,2025-01-07,533,30.48,USD,16245.84,fulfilled,"Santos, Kim and Holmes",Turkey,71.1,TEXT-Institution-100,Textiles,2025-01-12,pending,,2025-01,59.7,0.235,False
PO001942,SUP0001,PRD0030,2024-09-22,140,928.09,USD,129932.6,fulfilled,"Rodriguez, Figueroa and Sanchez",South Korea,74.7,AUTO-Several-30,Automotive Parts,2024-10-02,paid,2024-10-30,2024-09,,,
PO001943,SUP0028,PRD0035,2025-01-14,301,2.31,USD,695.31,fulfilled,"Potter, Mack and Peterson",Germany,88.1,MACH-Material-35,Machinery,2025-01-25,paid,2025-03-10,2025-01,9.2,0.037,False
PO001944,SUP0015,PRD0148,2024-11-16,36,28.91,USD,1040.76,fulfilled,"Zuniga, Wong and Lynch",India,76.1,FOOD-Author-148,Food & Beverage,2024-11-20,paid,2024-12-31,2024-11,38.1,0.084,False
PO001945,SUP0028,PRD0064,2026-04-05,54,2.5,USD,135.0,fulfilled,"Potter, Mack and Peterson",Germany,88.1,AUTO-Energy-64,Automotive Parts,2026-04-10,paid,2026-04-28,2026-04,14.0,0.027,False
PO001946,SUP0005,PRD0095,2025-07-17,316,256.79,USD,81145.64,fulfilled,Cole LLC,Mexico,58.0,PACK-Investment-95,Packaging,2025-07-22,paid,2025-08-17,2025-07,35.6,0.151,False
PO001947,SUP0019,PRD0054,2026-03-01,337,4.82,USD,1624.34,fulfilled,Clark PLC,Germany,69.9,FURN-Ready-54,Furniture,2026-03-12,pending,,2026-03,18.2,0.041,False
PO001948,SUP0027,PRD0112,2026-06-17,190,36.39,USD,6914.1,fulfilled,"Valencia, Smith and Le",Vietnam,70.4,FURN-Feeling-112,Furniture,2026-06-28,paid,2026-08-01,2026-06,45.3,0.102,False
PO001949,SUP0023,PRD0033,2026-05-09,723,60.38,USD,43654.74,open,Robinson-Bright,Indonesia,70.0,PACK-Own-33,Packaging,2026-05-10,paid,2026-06-20,2026-05,47.6,0.133,False
PO001950,SUP0010,PRD0148,2024-09-19,175,709.57,USD,124174.75,fulfilled,"Martinez, Nielsen and Miller",Egypt,43.6,FOOD-Author-148,Food & Beverage,2024-09-21,paid,2024-10-02,2024-09,,,
PO001951,SUP0026,PRD0060,2026-05-02,142,115.94,USD,16463.48,open,James-Ferrell,Egypt,85.3,TEXT-Group-60,Textiles,2026-05-05,pending,,2026-05,56.0,0.211,True
PO001952,SUP0030,PRD0102,2025-05-15,185,21.31,USD,3942.35,fulfilled,Stanton-Gill,Indonesia,60.5,TEXT-Artist-102,Textiles,2025-05-23,paid,2025-06-15,2025-05,44.2,0.119,False
PO001953,SUP0013,PRD0095,2025-06-27,40,953.8,USD,38152.0,fulfilled,Delacruz Group,Germany,77.3,PACK-Investment-95,Packaging,2025-07-11,paid,2025-08-09,2025-06,18.5,0.04,False
PO001954,SUP0034,PRD0053,2026-05-02,264,1034.66,USD,273150.24,cancelled,Koch-Decker,India,69.9,PACK-Report-53,Packaging,,,,2026-05,40.0,0.113,False
PO001955,SUP0017,PRD0096,2024-10-05,228,51.47,USD,11735.16,fulfilled,"Hawkins, Cohen and Cameron",Nigeria,42.8,CHEM-Mention-96,Chemicals,2024-10-18,pending,,2024-10,63.5,0.323,False
PO001956,SUP0019,PRD0121,2025-10-24,644,1488.0,USD,958272.0,fulfilled,Clark PLC,Germany,69.9,ELEC-Clear-121,Electronics,2025-11-01,paid,2025-12-02,2025-10,7.6,0.055,False
PO001957,SUP0015,PRD0136,2025-07-07,602,12.84,USD,7729.68,fulfilled,"Zuniga, Wong and Lynch",India,76.1,AUTO-Morning-136,Automotive Parts,2025-07-20,overdue,,2025-07,41.4,0.105,False
PO001958,SUP0038,PRD0111,2025-06-23,250,77.0,USD,19250.0,fulfilled,Rose-Obrien,South Africa,61.5,PACK-Look-111,Packaging,2025-06-29,pending,,2025-06,52.2,0.169,False
PO001959,SUP0012,PRD0074,2026-05-31,357,2.35,USD,838.95,fulfilled,Stanley LLC,Japan,60.6,MACH-Enjoy-74,Machinery,2026-06-06,pending,,2026-05,15.6,0.066,False
PO001960,SUP0032,PRD0004,2026-02-01,97,2.75,USD,266.75,fulfilled,"Lynch, Hernandez and Farmer",Vietnam,57.2,FOOD-Against-4,Food & Beverage,2026-02-15,pending,,2026-02,43.6,0.133,False
PO001961,SUP0027,PRD0108,2024-10-12,270,5.19,USD,1401.3,fulfilled,"Valencia, Smith and Le",Vietnam,70.4,FURN-With-108,Furniture,2024-10-19,pending,,2024-10,42.1,0.146,False
PO001962,SUP0011,PRD0037,2026-06-04,238,2.73,USD,649.74,fulfilled,"Montgomery, Hensley and Ray",Indonesia,56.0,CHEM-Still-37,Chemicals,2026-06-07,paid,2026-06-17,2026-06,49.6,0.109,False
PO001963,SUP0034,PRD0118,2025-11-17,246,15.73,USD,3869.58,fulfilled,Koch-Decker,India,69.9,CHEM-Recently-118,Chemicals,2025-11-30,paid,2026-01-05,2025-11,45.0,0.103,False
PO001964,SUP0022,PRD0137,2026-04-20,277,2.33,USD,645.41,open,Burgess-Patterson,Pakistan,79.0,FOOD-Wide-137,Food & Beverage,2026-04-24,paid,2026-04-30,2026-04,65.0,0.201,False
PO001965,SUP0020,PRD0103,2026-02-11,143,542.78,USD,77617.54,fulfilled,Lewis-Porter,Pakistan,59.2,AUTO-Community-103,Automotive Parts,2026-02-15,paid,2026-03-03,2026-02,67.5,0.261,False
PO001966,SUP0030,PRD0024,2025-08-16,50,2.33,USD,116.5,fulfilled,Stanton-Gill,Indonesia,60.5,MACH-Family-24,Machinery,2025-08-29,paid,2025-09-30,2025-08,36.5,0.188,False
PO001967,SUP0037,PRD0019,2025-08-03,285,2.51,USD,715.35,fulfilled,"Cannon, Anderson and Alvarez",United States,65.1,PACK-Trade-19,Packaging,2025-08-12,pending,,2025-08,18.8,0.029,False
PO001968,SUP0003,PRD0062,2026-07-08,371,1046.99,USD,388433.29,open,Johnson-Davis,Vietnam,88.7,TEXT-Training-62,Textiles,2026-07-19,paid,2026-07-25,2026-07,40.6,0.138,False
PO001969,SUP0037,PRD0048,2025-05-04,168,597.34,USD,100353.12,fulfilled,"Cannon, Anderson and Alvarez",United States,65.1,FOOD-Item-48,Food & Beverage,2025-05-10,pending,,2025-05,20.4,0.038,False
PO001970,SUP0029,PRD0095,2025-12-04,135,6.65,USD,897.75,fulfilled,Chavez Ltd,Poland,66.3,PACK-Investment-95,Packaging,2025-12-05,paid,2025-12-30,2025-12,23.8,0.099,False
PO001971,SUP0007,PRD0100,2025-08-06,145,18.94,USD,2746.3,cancelled,Ramirez-Lewis,South Korea,49.8,TEXT-Institution-100,Textiles,,,,2025-08,28.7,0.076,False
PO001972,SUP0015,PRD0062,2025-06-04,483,2.31,USD,1115.73,fulfilled,"Zuniga, Wong and Lynch",India,76.1,TEXT-Training-62,Textiles,2025-06-11,paid,2025-07-06,2025-06,45.4,0.087,False
PO001973,SUP0029,PRD0132,2024-09-11,252,16.59,USD,4180.68,fulfilled,Chavez Ltd,Poland,66.3,CHEM-Art-132,Chemicals,2024-09-18,paid,2024-10-24,2024-09,,,
PO001974,SUP0013,PRD0037,2024-11-24,180,8.83,USD,1589.4,fulfilled,Delacruz Group,Germany,77.3,CHEM-Still-37,Chemicals,2024-11-25,pending,,2024-11,16.0,0.028,False
PO001975,SUP0032,PRD0102,2024-12-09,439,873.17,USD,383321.63,open,"Lynch, Hernandez and Farmer",Vietnam,57.2,TEXT-Artist-102,Textiles,2024-12-22,paid,2025-01-06,2024-12,40.4,0.085,False
PO001976,SUP0025,PRD0033,2025-11-20,241,5.64,USD,1359.24,fulfilled,Conner Group,Bangladesh,77.2,PACK-Own-33,Packaging,2025-11-23,paid,2025-11-29,2025-11,57.7,0.167,False
PO001977,SUP0040,PRD0110,2025-05-29,111,2.94,USD,326.34,open,"Santos, Kim and Holmes",Turkey,71.1,CHEM-Still-110,Chemicals,2025-06-12,paid,2025-07-25,2025-05,51.0,0.243,False
PO001978,SUP0002,PRD0094,2025-11-22,111,89.1,USD,9890.1,open,Rhodes PLC,Germany,87.8,MACH-Compare-94,Machinery,2025-12-03,paid,2025-12-29,2025-11,11.3,0.042,False
PO001979,SUP0015,PRD0039,2024-09-19,102,2.8,USD,285.6,fulfilled,"Zuniga, Wong and Lynch",India,76.1,MACH-Surface-39,Machinery,2024-09-28,paid,2024-10-21,2024-09,,,
PO001980,SUP0018,PRD0083,2024-12-24,476,11.9,USD,5664.4,fulfilled,Underwood LLC,Philippines,54.2,TEXT-Billion-83,Textiles,2024-12-25,paid,2025-01-25,2024-12,32.1,0.11,False
PO001981,SUP0002,PRD0020,2026-05-20,216,210.06,USD,45372.96,fulfilled,Rhodes PLC,Germany,87.8,FOOD-Give-20,Food & Beverage,2026-05-31,overdue,,2026-05,19.8,0.031,False
PO001982,SUP0025,PRD0145,2025-01-22,523,496.88,USD,259868.24,open,Conner Group,Bangladesh,77.2,MACH-Cultural-145,Machinery,2025-02-01,paid,2025-03-09,2025-01,62.4,0.132,False
PO001983,SUP0022,PRD0079,2025-04-05,107,8.43,USD,902.01,fulfilled,Burgess-Patterson,Pakistan,79.0,FOOD-System-79,Food & Beverage,2025-04-10,paid,2025-04-24,2025-04,71.7,0.187,False
PO001984,SUP0019,PRD0079,2025-06-02,237,88.87,USD,21062.19,open,Clark PLC,Germany,69.9,FOOD-System-79,Food & Beverage,2025-06-13,paid,2025-07-16,2025-06,8.4,0.058,False
PO001985,SUP0025,PRD0117,2024-09-16,492,1358.84,USD,668549.28,fulfilled,Conner Group,Bangladesh,77.2,CHEM-Only-117,Chemicals,2024-09-27,pending,,2024-09,,,
PO001986,SUP0022,PRD0028,2026-07-18,47,260.29,USD,12233.63,fulfilled,Burgess-Patterson,Pakistan,79.0,AUTO-Notice-28,Automotive Parts,2026-07-23,pending,,2026-07,63.6,0.211,False
PO001987,SUP0039,PRD0147,2026-08-25,90,4804.59,USD,432413.1,fulfilled,"Campos, Vaughn and Marquez",South Korea,62.6,FURN-Physical-147,Furniture,2026-09-05,paid,2026-09-10,2026-08,22.7,0.076,False
PO001988,SUP0030,PRD0109,2026-06-12,476,177.74,USD,84604.24,open,Stanton-Gill,Indonesia,60.5,CHEM-Step-109,Chemicals,2026-06-21,paid,2026-07-25,2026-06,47.0,0.089,False
PO001989,SUP0012,PRD0095,2025-11-19,376,21.59,USD,8117.84,open,Stanley LLC,Japan,60.6,PACK-Investment-95,Packaging,2025-11-20,paid,2025-12-30,2025-11,10.8,0.045,False
PO001990,SUP0039,PRD0001,2025-02-17,338,1884.65,USD,637011.7,fulfilled,"Campos, Vaughn and Marquez",South Korea,62.6,MACH-Down-1,Machinery,2025-03-03,pending,,2025-02,24.5,0.084,False
PO001991,SUP0001,PRD0141,2026-04-23,490,268.97,USD,131795.3,fulfilled,"Rodriguez, Figueroa and Sanchez",South Korea,74.7,CHEM-Art-141,Chemicals,2026-05-04,paid,2026-05-23,2026-04,15.1,0.06,False
PO001992,SUP0030,PRD0086,2024-11-18,675,62.03,USD,41870.25,fulfilled,Stanton-Gill,Indonesia,60.5,AUTO-Now-86,Automotive Parts,2024-11-24,paid,2024-12-12,2024-11,40.4,0.073,False
PO001993,SUP0002,PRD0097,2024-09-10,247,1900.02,USD,469304.94,fulfilled,Rhodes PLC,Germany,87.8,ELEC-Medical-97,Electronics,2024-09-18,paid,2024-09-24,2024-09,,,
PO001994,SUP0020,PRD0016,2026-05-26,1560,4.07,USD,6349.2,open,Lewis-Porter,Pakistan,59.2,CHEM-Author-16,Chemicals,2026-05-29,paid,2026-06-25,2026-05,62.0,0.242,False
PO001995,SUP0038,PRD0024,2025-07-12,185,1714.86,USD,317249.1,fulfilled,Rose-Obrien,South Africa,61.5,MACH-Family-24,Machinery,2025-07-20,overdue,,2025-07,57.4,0.211,False
PO001996,SUP0009,PRD0038,2026-08-31,239,508.84,USD,121612.76,open,Munoz-Roman,United States,66.0,ELEC-Material-38,Electronics,2026-09-13,paid,2026-10-20,2026-08,19.3,0.05,False
PO001997,SUP0021,PRD0052,2026-04-13,140,2.32,USD,324.8,fulfilled,"Ellis, Baker and Wright",India,80.5,CHEM-Arm-52,Chemicals,2026-04-17,paid,2026-05-28,2026-04,39.7,0.087,False
PO001998,SUP0015,PRD0132,2025-07-10,137,9.4,USD,1287.8,fulfilled,"Zuniga, Wong and Lynch",India,76.1,CHEM-Art-132,Chemicals,2025-07-22,paid,2025-08-19,2025-07,41.4,0.105,False
PO001999,SUP0026,PRD0108,2025-07-16,668,1817.37,USD,1214003.16,fulfilled,James-Ferrell,Egypt,85.3,FURN-With-108,Furniture,2025-07-19,paid,2025-08-01,2025-07,51.2,0.211,False
PO002000,SUP0026,PRD0015,2025-06-07,406,40.15,USD,16300.9,open,James-Ferrell,Egypt,85.3,TEXT-Drop-15,Textiles,2025-06-13,pending,,2025-06,53.2,0.177,False
PO002001,SUP0010,PRD0071,2025-12-01,653,1398.8,USD,913416.4,cancelled,"Martinez, Nielsen and Miller",Egypt,43.6,ELEC-Cover-71,Electronics,,,,2025-12,54.0,0.195,False
PO002002,SUP0036,PRD0109,2025-02-27,27,2.43,USD,65.61,fulfilled,Dennis Inc,South Korea,60.1,CHEM-Step-109,Chemicals,2025-03-03,paid,2025-03-19,2025-02,29.9,0.059,False
PO002003,SUP0039,PRD0056,2024-10-16,617,370.35,USD,228505.95,fulfilled,"Campos, Vaughn and Marquez",South Korea,62.6,MACH-Billion-56,Machinery,2024-10-23,paid,2024-11-04,2024-10,20.7,0.083,False
PO002004,SUP0028,PRD0114,2026-06-25,220,157.69,USD,34691.8,fulfilled,"Potter, Mack and Peterson",Germany,88.1,FOOD-Same-114,Food & Beverage,2026-07-05,pending,,2026-06,16.3,0.035,False
PO002005,SUP0007,PRD0016,2025-07-14,112,1361.28,USD,152463.36,fulfilled,Ramirez-Lewis,South Korea,49.8,CHEM-Author-16,Chemicals,2025-07-27,paid,2025-09-01,2025-07,16.4,0.066,False
PO002006,SUP0004,PRD0082,2026-03-25,193,233.64,USD,45092.52,fulfilled,"Johnson, Gonzalez and Santos",Mexico,76.5,AUTO-Oil-82,Automotive Parts,2026-04-02,paid,2026-05-15,2026-03,32.4,0.136,False
PO002007,SUP0022,PRD0019,2025-04-29,223,2800.42,USD,624493.66,cancelled,Burgess-Patterson,Pakistan,79.0,PACK-Trade-19,Packaging,,,,2025-04,71.7,0.187,False
PO002008,SUP0019,PRD0135,2025-10-17,44,2766.31,USD,121717.64,open,Clark PLC,Germany,69.9,CHEM-Me-135,Chemicals,2025-10-18,pending,,2025-10,7.6,0.055,False
PO002009,SUP0015,PRD0121,2026-01-11,91,3051.59,USD,277694.69,fulfilled,"Zuniga, Wong and Lynch",India,76.1,ELEC-Clear-121,Electronics,2026-01-23,pending,,2026-01,38.8,0.119,False
PO002010,SUP0020,PRD0051,2026-08-14,134,807.58,USD,108215.72,fulfilled,Lewis-Porter,Pakistan,59.2,AUTO-Shoulder-51,Automotive Parts,2026-08-24,pending,,2026-08,67.7,0.303,False
PO002011,SUP0022,PRD0135,2025-06-04,158,64.2,USD,10143.6,fulfilled,Burgess-Patterson,Pakistan,79.0,CHEM-Me-135,Chemicals,2025-06-09,pending,,2025-06,70.9,0.238,False
PO002012,SUP0016,PRD0064,2026-03-24,306,4.41,USD,1349.46,fulfilled,"Sanchez, Ford and Nelson",Mexico,67.6,AUTO-Energy-64,Automotive Parts,2026-03-29,paid,2026-05-01,2026-03,43.8,0.131,False
PO002013,SUP0010,PRD0079,2024-10-26,1020,113.51,USD,115780.2,fulfilled,"Martinez, Nielsen and Miller",Egypt,43.6,FOOD-System-79,Food & Beverage,2024-11-02,pending,,2024-10,57.4,0.226,False
PO002014,SUP0014,PRD0045,2025-11-12,255,1325.33,USD,337959.15,fulfilled,"Flowers, Martin and Kelly",United States,46.7,CHEM-Lawyer-45,Chemicals,2025-11-20,paid,2025-12-03,2025-11,9.4,0.029,False
PO002015,SUP0013,PRD0076,2026-09-03,622,72.86,USD,45318.92,fulfilled,Delacruz Group,Germany,77.3,PACK-Wind-76,Packaging,2026-09-08,paid,2026-09-29,2026-09,9.5,0.062,False
PO002016,SUP0030,PRD0091,2025-09-27,279,14.76,USD,4118.04,fulfilled,Stanton-Gill,Indonesia,60.5,FOOD-Some-91,Food & Beverage,2025-10-05,paid,2025-11-01,2025-09,45.1,0.109,False
PO002017,SUP0026,PRD0032,2026-02-21,168,6.18,USD,1038.24,fulfilled,James-Ferrell,Egypt,85.3,FURN-Us-32,Furniture,2026-02-22,pending,,2026-02,51.5,0.18,False
PO002018,SUP0039,PRD0032,2025-03-25,142,3.34,USD,474.28,open,"Campos, Vaughn and Marquez",South Korea,62.6,FURN-Us-32,Furniture,2025-03-31,paid,2025-04-06,2025-03,23.7,0.065,False
PO002019,SUP0006,PRD0133,2026-06-02,408,69.82,USD,28486.56,fulfilled,Blake and Sons,China,58.0,PACK-Apply-133,Packaging,2026-06-15,paid,2026-06-26,2026-06,25.4,0.077,False
PO002020,SUP0035,PRD0009,2026-08-07,162,2.86,USD,463.32,fulfilled,Allen PLC,Brazil,54.5,MACH-Discussion-9,Machinery,2026-08-18,paid,2026-09-12,2026-08,51.8,0.145,False
PO002021,SUP0026,PRD0078,2025-02-01,181,2.32,USD,419.92,fulfilled,James-Ferrell,Egypt,85.3,AUTO-Level-78,Automotive Parts,2025-02-02,paid,2025-02-15,2025-02,62.8,0.159,False
PO002022,SUP0001,PRD0120,2026-06-02,378,35.64,USD,13471.92,open,"Rodriguez, Figueroa and Sanchez",South Korea,74.7,MACH-Message-120,Machinery,2026-06-07,pending,,2026-06,24.7,0.077,False
PO002023,SUP0003,PRD0066,2025-05-22,461,1457.42,USD,671870.62,fulfilled,Johnson-Davis,Vietnam,88.7,TEXT-Customer-66,Textiles,2025-05-25,paid,2025-06-04,2025-05,46.1,0.135,False
PO002024,SUP0020,PRD0043,2025-02-23,127,10.06,USD,1277.62,open,Lewis-Porter,Pakistan,59.2,CHEM-Bill-43,Chemicals,2025-02-24,overdue,,2025-02,61.8,0.272,False
PO002025,SUP0011,PRD0024,2024-10-24,454,3354.39,USD,1522893.06,open,"Montgomery, Hensley and Ray",Indonesia,56.0,MACH-Family-24,Machinery,2024-10-29,paid,2024-11-28,2024-10,46.8,0.124,False
PO002026,SUP0001,PRD0023,2026-05-26,638,903.79,USD,576618.02,fulfilled,"Rodriguez, Figueroa and Sanchez",South Korea,74.7,MACH-Economy-23,Machinery,2026-05-27,paid,2026-06-22,2026-05,21.1,0.078,False
PO002027,SUP0019,PRD0075,2025-01-20,195,728.86,USD,142127.7,cancelled,Clark PLC,Germany,69.9,TEXT-Two-75,Textiles,,,,2025-01,16.9,0.043,False
PO002028,SUP0028,PRD0023,2026-01-07,323,6.49,USD,2096.27,fulfilled,"Potter, Mack and Peterson",Germany,88.1,MACH-Economy-23,Machinery,2026-01-13,paid,2026-02-14,2026-01,9.7,0.035,False
PO002029,SUP0017,PRD0028,2025-02-25,1122,9.21,USD,10333.62,open,"Hawkins, Cohen and Cameron",Nigeria,42.8,AUTO-Notice-28,Automotive Parts,2025-03-02,paid,2025-03-28,2025-02,63.5,0.287,False
PO002030,SUP0037,PRD0078,2025-01-15,324,514.54,USD,166710.96,cancelled,"Cannon, Anderson and Alvarez",United States,65.1,AUTO-Level-78,Automotive Parts,,,,2025-01,12.1,0.034,False
PO002031,SUP0011,PRD0075,2026-05-28,479,109.99,USD,52685.21,open,"Montgomery, Hensley and Ray",Indonesia,56.0,TEXT-Two-75,Textiles,2026-06-01,paid,2026-07-04,2026-05,50.4,0.108,False
PO002032,SUP0031,PRD0040,2025-01-02,288,543.6,USD,156556.8,fulfilled,Harrell LLC,Brazil,87.2,FURN-Investment-40,Furniture,2025-01-15,paid,2025-02-23,2025-01,54.3,0.107,False
PO002033,SUP0030,PRD0031,2025-07-14,358,98.87,USD,35395.46,fulfilled,Stanton-Gill,Indonesia,60.5,FOOD-Worry-31,Food & Beverage,2025-07-23,overdue,,2025-07,48.1,0.118,False
PO002034,SUP0006,PRD0018,2025-06-13,177,1162.2,USD,205709.4,open,Blake and Sons,China,58.0,FURN-Almost-18,Furniture,2025-06-17,pending,,2025-06,19.7,0.072,False
PO002035,SUP0018,PRD0141,2025-01-23,292,623.34,USD,182015.28,open,Underwood LLC,Philippines,54.2,CHEM-Art-141,Chemicals,2025-02-06,overdue,,2025-01,34.1,0.075,False
PO002036,SUP0022,PRD0070,2025-10-08,313,2182.74,USD,683197.62,open,Burgess-Patterson,Pakistan,79.0,PACK-Knowledge-70,Packaging,2025-10-21,paid,2025-11-09,2025-10,62.6,0.286,False
PO002037,SUP0025,PRD0142,2025-10-14,66,2.72,USD,179.52,fulfilled,Conner Group,Bangladesh,77.2,TEXT-Movie-142,Textiles,2025-10-21,pending,,2025-10,57.7,0.144,False
PO002038,SUP0005,PRD0144,2026-06-02,109,282.4,USD,30781.6,fulfilled,Cole LLC,Mexico,58.0,FURN-Today-144,Furniture,2026-06-15,paid,2026-07-04,2026-06,40.7,0.128,False
PO002039,SUP0025,PRD0120,2025-03-15,125,105.2,USD,13150.0,fulfilled,Conner Group,Bangladesh,77.2,MACH-Message-120,Machinery,2025-03-20,overdue,,2025-03,53.0,0.165,False
PO002040,SUP0015,PRD0035,2025-11-20,199,1363.22,USD,271280.78,cancelled,"Zuniga, Wong and Lynch",India,76.1,MACH-Material-35,Machinery,,,,2025-11,38.9,0.113,False
PO002041,SUP0021,PRD0150,2025-10-04,125,1004.71,USD,125588.75,cancelled,"Ellis, Baker and Wright",India,80.5,TEXT-Training-150,Textiles,,,,2025-10,38.7,0.131,False
PO002042,SUP0027,PRD0147,2026-05-10,158,6098.1,USD,963499.8,fulfilled,"Valencia, Smith and Le",Vietnam,70.4,FURN-Physical-147,Furniture,2026-05-19,paid,2026-06-25,2026-05,48.1,0.102,False
PO002043,SUP0001,PRD0015,2024-12-19,349,6873.68,USD,2398914.32,open,"Rodriguez, Figueroa and Sanchez",South Korea,74.7,TEXT-Drop-15,Textiles,2024-12-26,paid,2025-01-01,2024-12,22.4,0.058,False
PO002044,SUP0020,PRD0032,2026-05-17,385,337.86,USD,130076.1,fulfilled,Lewis-Porter,Pakistan,59.2,FURN-Us-32,Furniture,2026-05-26,paid,2026-07-02,2026-05,62.0,0.242,False
PO002045,SUP0031,PRD0085,2025-05-02,53,39.51,USD,2094.03,fulfilled,Harrell LLC,Brazil,87.2,CHEM-Reach-85,Chemicals,2025-05-05,paid,2025-05-28,2025-05,52.6,0.139,False
PO002046,SUP0021,PRD0120,2024-09-13,82,2.51,USD,205.82,fulfilled,"Ellis, Baker and Wright",India,80.5,MACH-Message-120,Machinery,2024-09-22,paid,2024-10-27,2024-09,,,
PO002047,SUP0031,PRD0011,2026-05-12,580,27.69,USD,16060.2,fulfilled,Harrell LLC,Brazil,87.2,TEXT-Avoid-11,Textiles,2026-05-22,overdue,,2026-05,54.7,0.138,False
PO002048,SUP0006,PRD0032,2024-09-09,179,178.77,USD,31999.83,fulfilled,Blake and Sons,China,58.0,FURN-Us-32,Furniture,2024-09-11,pending,,2024-09,,,
PO002049,SUP0036,PRD0041,2025-09-28,521,218.24,USD,113703.04,fulfilled,Dennis Inc,South Korea,60.1,PACK-Customer-41,Packaging,2025-10-08,paid,2025-10-21,2025-09,25.6,0.077,False
PO002050,SUP0009,PRD0117,2026-07-19,349,904.0,USD,315496.0,fulfilled,Munoz-Roman,United States,66.0,CHEM-Only-117,Chemicals,2026-08-02,paid,2026-08-30,2026-07,20.1,0.034,False
PO002051,SUP0026,PRD0091,2025-01-07,198,7.47,USD,1479.06,fulfilled,James-Ferrell,Egypt,85.3,FOOD-Some-91,Food & Beverage,2025-01-21,paid,2025-01-27,2025-01,61.6,0.192,False
PO002052,SUP0012,PRD0114,2024-09-12,193,62.79,USD,12118.47,fulfilled,Stanley LLC,Japan,60.6,FOOD-Same-114,Food & Beverage,2024-09-23,paid,2024-09-30,2024-09,,,
PO002053,SUP0013,PRD0066,2026-04-13,723,1841.45,USD,1331368.35,fulfilled,Delacruz Group,Germany,77.3,TEXT-Customer-66,Textiles,2026-04-26,paid,2026-05-16,2026-04,12.5,0.043,False
PO002054,SUP0022,PRD0039,2025-11-15,434,551.06,USD,239160.04,fulfilled,Burgess-Patterson,Pakistan,79.0,MACH-Surface-39,Machinery,2025-11-21,overdue,,2025-11,56.6,0.235,False
PO002055,SUP0021,PRD0051,2026-07-10,82,1240.75,USD,101741.5,cancelled,"Ellis, Baker and Wright",India,80.5,AUTO-Shoulder-51,Automotive Parts,,,,2026-07,39.7,0.105,False
PO002056,SUP0021,PRD0027,2026-04-12,366,115.24,USD,42177.84,fulfilled,"Ellis, Baker and Wright",India,80.5,TEXT-Difficult-27,Textiles,2026-04-14,pending,,2026-04,39.7,0.087,False
PO002057,SUP0034,PRD0066,2026-04-25,182,3.01,USD,547.82,fulfilled,Koch-Decker,India,69.9,TEXT-Customer-66,Textiles,2026-05-09,paid,2026-05-27,2026-04,31.2,0.068,True
PO002058,SUP0010,PRD0019,2025-04-21,162,421.1,USD,68218.2,fulfilled,"Martinez, Nielsen and Miller",Egypt,43.6,PACK-Trade-19,Packaging,2025-04-28,paid,2025-05-07,2025-04,51.5,0.206,False
PO002059,SUP0014,PRD0150,2026-02-19,136,2.35,USD,319.6,cancelled,"Flowers, Martin and Kelly",United States,46.7,TEXT-Training-150,Textiles,,,,2026-02,12.4,0.034,False
PO002060,SUP0008,PRD0040,2024-11-14,342,1593.47,USD,544966.74,fulfilled,Davis Inc,Pakistan,69.7,FURN-Investment-40,Furniture,2024-11-25,pending,,2024-11,59.6,0.179,False
PO002061,SUP0009,PRD0111,2026-05-06,94,25.65,USD,2411.1,open,Munoz-Roman,United States,66.0,PACK-Look-111,Packaging,2026-05-16,pending,,2026-05,16.2,0.031,False
PO002062,SUP0016,PRD0011,2024-11-07,109,1157.67,USD,126186.03,cancelled,"Sanchez, Ford and Nelson",Mexico,67.6,TEXT-Avoid-11,Textiles,,,,2024-11,44.8,0.118,False
PO002063,SUP0037,PRD0091,2025-07-10,110,11.53,USD,1268.3,fulfilled,"Cannon, Anderson and Alvarez",United States,65.1,FOOD-Some-91,Food & Beverage,2025-07-24,paid,2025-08-24,2025-07,5.0,0.033,False
PO002064,SUP0016,PRD0087,2026-04-18,203,103.9,USD,21091.7,fulfilled,"Sanchez, Ford and Nelson",Mexico,67.6,MACH-Think-87,Machinery,2026-04-27,overdue,,2026-04,41.0,0.106,False
PO002065,SUP0008,PRD0011,2025-02-26,153,49.34,USD,7549.02,fulfilled,Davis Inc,Pakistan,69.7,TEXT-Avoid-11,Textiles,2025-03-03,paid,2025-03-09,2025-02,63.9,0.253,False
PO002066,SUP0040,PRD0057,2024-11-22,692,22.15,USD,15327.8,fulfilled,"Santos, Kim and Holmes",Turkey,71.1,CHEM-Ask-57,Chemicals,2024-11-25,paid,2025-01-01,2024-11,60.2,0.228,False
PO002067,SUP0022,PRD0083,2025-06-27,201,187.06,USD,37599.06,fulfilled,Burgess-Patterson,Pakistan,79.0,TEXT-Billion-83,Textiles,2025-07-09,paid,2025-08-18,2025-06,70.9,0.238,False
PO002068,SUP0014,PRD0054,2026-01-01,51,2.31,USD,117.81,fulfilled,"Flowers, Martin and Kelly",United States,46.7,FURN-Ready-54,Furniture,2026-01-03,pending,,2026-01,15.7,0.029,False
PO002069,SUP0010,PRD0084,2026-01-25,247,2.48,USD,612.56,fulfilled,"Martinez, Nielsen and Miller",Egypt,43.6,PACK-Apply-84,Packaging,2026-01-31,paid,2026-03-14,2026-01,57.0,0.183,False
PO002070,SUP0039,PRD0069,2026-01-14,71,5.66,USD,401.86,fulfilled,"Campos, Vaughn and Marquez",South Korea,62.6,FOOD-Challenge-69,Food & Beverage,2026-01-16,paid,2026-02-25,2026-01,21.4,0.062,False
PO002071,SUP0013,PRD0074,2024-10-30,537,274.47,USD,147390.39,fulfilled,Delacruz Group,Germany,77.3,MACH-Enjoy-74,Machinery,2024-11-12,paid,2024-12-18,2024-10,16.9,0.031,False
PO002072,SUP0035,PRD0084,2024-12-15,285,2566.23,USD,731375.55,open,Allen PLC,Brazil,54.5,PACK-Apply-84,Packaging,2024-12-23,paid,2025-01-13,2024-12,55.3,0.177,False
PO002073,SUP0031,PRD0066,2026-08-23,130,1216.08,USD,158090.4,open,Harrell LLC,Brazil,87.2,TEXT-Customer-66,Textiles,2026-08-28,paid,2026-09-25,2026-08,56.9,0.166,False
PO002074,SUP0035,PRD0139,2025-07-18,526,111.24,USD,58512.24,fulfilled,Allen PLC,Brazil,54.5,FOOD-Nice-139,Food & Beverage,2025-07-26,paid,2025-08-27,2025-07,58.2,0.161,False
PO002075,SUP0032,PRD0081,2025-02-18,198,2663.67,USD,527406.66,fulfilled,"Lynch, Hernandez and Farmer",Vietnam,57.2,PACK-Total-81,Packaging,2025-02-21,pending,,2025-02,38.5,0.081,False
PO002076,SUP0030,PRD0078,2024-09-13,207,820.86,USD,169918.02,open,Stanton-Gill,Indonesia,60.5,AUTO-Level-78,Automotive Parts,2024-09-20,paid,2024-09-25,2024-09,,,
PO002077,SUP0024,PRD0108,2024-12-03,357,49.84,USD,17792.88,fulfilled,Campos Inc,Mexico,79.6,FURN-With-108,Furniture,2024-12-08,paid,2025-01-01,2024-12,41.5,0.1,False
PO002078,SUP0040,PRD0012,2025-07-18,166,53.16,USD,8824.56,fulfilled,"Santos, Kim and Holmes",Turkey,71.1,ELEC-Second-12,Electronics,2025-07-30,paid,2025-08-06,2025-07,61.6,0.237,False
PO002079,SUP0001,PRD0074,2026-02-13,60,50.28,USD,3016.8,fulfilled,"Rodriguez, Figueroa and Sanchez",South Korea,74.7,MACH-Enjoy-74,Machinery,2026-02-27,paid,2026-03-31,2026-02,24.6,0.07,False
PO002080,SUP0019,PRD0079,2026-02-15,220,4.59,USD,1009.8,fulfilled,Clark PLC,Germany,69.9,FOOD-System-79,Food & Beverage,2026-02-16,pending,,2026-02,11.1,0.05,False
PO002081,SUP0039,PRD0051,2026-02-04,221,17.19,USD,3798.99,fulfilled,"Campos, Vaughn and Marquez",South Korea,62.6,AUTO-Shoulder-51,Automotive Parts,2026-02-11,paid,2026-03-21,2026-02,28.3,0.078,False
PO002082,SUP0031,PRD0105,2024-11-01,196,10.83,USD,2122.68,fulfilled,Harrell LLC,Brazil,87.2,FOOD-Able-105,Food & Beverage,2024-11-05,paid,2024-12-17,2024-11,54.4,0.219,False
PO002083,SUP0024,PRD0145,2026-03-29,672,443.75,USD,298200.0,fulfilled,Campos Inc,Mexico,79.6,MACH-Cultural-145,Machinery,2026-03-31,pending,,2026-03,42.9,0.12,False
PO002084,SUP0036,PRD0124,2024-12-24,433,111.06,USD,48088.98,fulfilled,Dennis Inc,South Korea,60.1,ELEC-Director-124,Electronics,2024-12-27,paid,2025-01-29,2024-12,26.8,0.062,False
PO002085,SUP0025,PRD0064,2024-09-21,1202,1052.37,USD,1264948.74,open,Conner Group,Bangladesh,77.2,AUTO-Energy-64,Automotive Parts,2024-10-03,pending,,2024-09,,,
PO002086,SUP0005,PRD0025,2025-03-06,197,1413.22,USD,278404.34,fulfilled,Cole LLC,Mexico,58.0,CHEM-Relationship-25,Chemicals,2025-03-19,paid,2025-04-13,2025-03,42.2,0.118,False
PO002087,SUP0001,PRD0081,2025-01-06,135,194.24,USD,26222.4,fulfilled,"Rodriguez, Figueroa and Sanchez",South Korea,74.7,PACK-Total-81,Packaging,2025-01-18,paid,2025-02-08,2025-01,19.2,0.072,False
PO002088,SUP0006,PRD0062,2026-04-19,54,803.66,USD,43397.64,fulfilled,Blake and Sons,China,58.0,TEXT-Training-62,Textiles,2026-05-02,pending,,2026-04,27.5,0.096,False
PO002089,SUP0004,PRD0137,2025-02-16,187,3193.79,USD,597238.73,fulfilled,"Johnson, Gonzalez and Santos",Mexico,76.5,FOOD-Wide-137,Food & Beverage,2025-03-02,pending,,2025-02,44.6,0.113,False
PO002090,SUP0028,PRD0072,2025-09-26,994,884.24,USD,878934.56,fulfilled,"Potter, Mack and Peterson",Germany,88.1,TEXT-Family-72,Textiles,2025-10-03,paid,2025-10-16,2025-09,10.4,0.045,False
PO002091,SUP0028,PRD0036,2025-12-21,319,66.61,USD,21248.59,fulfilled,"Potter, Mack and Peterson",Germany,88.1,ELEC-Eight-36,Electronics,2025-12-23,paid,2026-01-18,2025-12,14.9,0.046,False
PO002092,SUP0017,PRD0020,2025-03-22,44,291.82,USD,12840.08,fulfilled,"Hawkins, Cohen and Cameron",Nigeria,42.8,FOOD-Give-20,Food & Beverage,2025-03-31,paid,2025-04-14,2025-03,65.3,0.241,False
PO002093,SUP0014,PRD0020,2025-10-06,200,1986.9,USD,397380.0,fulfilled,"Flowers, Martin and Kelly",United States,46.7,FOOD-Give-20,Food & Beverage,2025-10-07,paid,2025-10-23,2025-10,17.3,0.029,False
PO002094,SUP0001,PRD0007,2026-01-09,65,20.56,USD,1336.4,fulfilled,"Rodriguez, Figueroa and Sanchez",South Korea,74.7,TEXT-Drug-7,Textiles,2026-01-23,paid,2026-02-08,2026-01,25.8,0.073,False
PO002095,SUP0017,PRD0031,2025-10-11,328,190.77,USD,62572.56,open,"Hawkins, Cohen and Cameron",Nigeria,42.8,FOOD-Worry-31,Food & Beverage,2025-10-17,paid,2025-10-27,2025-10,67.8,0.34,False
PO002096,SUP0030,PRD0119,2026-03-13,559,2.9,USD,1621.1,fulfilled,Stanton-Gill,Indonesia,60.5,TEXT-Serious-119,Textiles,2026-03-19,pending,,2026-03,43.1,0.125,False
PO002097,SUP0026,PRD0018,2026-02-09,677,3195.86,USD,2163597.22,fulfilled,James-Ferrell,Egypt,85.3,FURN-Almost-18,Furniture,2026-02-19,paid,2026-03-01,2026-02,51.5,0.18,False
PO002098,SUP0021,PRD0057,2026-06-17,292,22.41,USD,6543.72,fulfilled,"Ellis, Baker and Wright",India,80.5,CHEM-Ask-57,Chemicals,2026-06-19,paid,2026-07-15,2026-06,41.0,0.1,False
PO002099,SUP0013,PRD0021,2024-11-05,205,933.21,USD,191308.05,fulfilled,Delacruz Group,Germany,77.3,MACH-Avoid-21,Machinery,2024-11-18,paid,2024-12-24,2024-11,16.0,0.028,False
PO002100,SUP0032,PRD0004,2025-08-14,233,486.91,USD,113450.03,open,"Lynch, Hernandez and Farmer",Vietnam,57.2,FOOD-Against-4,Food & Beverage,2025-08-22,paid,2025-09-05,2025-08,38.8,0.131,False
PO002101,SUP0001,PRD0068,2024-12-08,138,259.44,USD,35802.72,fulfilled,"Rodriguez, Figueroa and Sanchez",South Korea,74.7,FURN-List-68,Furniture,2024-12-09,paid,2024-12-26,2024-12,22.4,0.058,False
PO002102,SUP0020,PRD0084,2025-01-06,146,309.82,USD,45233.72,fulfilled,Lewis-Porter,Pakistan,59.2,PACK-Apply-84,Packaging,2025-01-12,paid,2025-02-16,2025-01,67.2,0.244,False
PO002103,SUP0029,PRD0076,2025-03-22,295,732.88,USD,216199.6,open,Chavez Ltd,Poland,66.3,PACK-Wind-76,Packaging,2025-04-04,paid,2025-04-21,2025-03,31.5,0.11,False
PO002104,SUP0031,PRD0083,2025-01-13,132,31.39,USD,4143.48,fulfilled,Harrell LLC,Brazil,87.2,TEXT-Billion-83,Textiles,2025-01-22,paid,2025-01-30,2025-01,54.3,0.107,False
PO002105,SUP0028,PRD0005,2024-10-17,149,51.74,USD,7709.26,open,"Potter, Mack and Peterson",Germany,88.1,TEXT-Per-5,Textiles,2024-10-23,paid,2024-11-17,2024-10,18.0,0.039,False
PO002106,SUP0005,PRD0114,2025-12-18,710,763.62,USD,542170.2,fulfilled,Cole LLC,Mexico,58.0,FOOD-Same-114,Food & Beverage,2025-12-30,paid,2026-01-11,2025-12,39.8,0.113,False
PO002107,SUP0012,PRD0048,2025-09-28,125,1234.11,USD,154263.75,open,Stanley LLC,Japan,60.6,FOOD-Item-48,Food & Beverage,2025-10-08,overdue,,2025-09,14.5,0.057,False
PO002108,SUP0040,PRD0097,2026-05-10,292,822.53,USD,240178.76,fulfilled,"Santos, Kim and Holmes",Turkey,71.1,ELEC-Medical-97,Electronics,2026-05-15,paid,2026-05-31,2026-05,62.6,0.151,False
PO002109,SUP0013,PRD0146,2025-10-03,212,353.62,USD,74967.44,fulfilled,Delacruz Group,Germany,77.3,FURN-Authority-146,Furniture,2025-10-12,paid,2025-10-18,2025-10,9.1,0.04,False
PO002110,SUP0014,PRD0033,2025-05-22,61,35.83,USD,2185.63,fulfilled,"Flowers, Martin and Kelly",United States,46.7,PACK-Own-33,Packaging,2025-05-27,paid,2025-06-22,2025-05,8.8,0.035,False
PO002111,SUP0034,PRD0055,2026-07-12,174,2.37,USD,412.38,fulfilled,Koch-Decker,India,69.9,FURN-Race-55,Furniture,2026-07-21,pending,,2026-07,29.6,0.108,False
PO002112,SUP0009,PRD0141,2025-06-19,963,11.52,USD,11093.76,open,Munoz-Roman,United States,66.0,CHEM-Art-141,Chemicals,2025-07-03,paid,2025-07-20,2025-06,16.8,0.038,False
PO002113,SUP0029,PRD0051,2026-01-20,91,372.6,USD,33906.6,cancelled,Chavez Ltd,Poland,66.3,AUTO-Shoulder-51,Automotive Parts,,,,2026-01,29.2,0.105,False
PO002114,SUP0013,PRD0045,2026-04-03,781,54.75,USD,42759.75,fulfilled,Delacruz Group,Germany,77.3,CHEM-Lawyer-45,Chemicals,2026-04-06,paid,2026-04-15,2026-04,12.5,0.043,False
PO002115,SUP0031,PRD0064,2026-07-16,284,371.16,USD,105409.44,fulfilled,Harrell LLC,Brazil,87.2,AUTO-Energy-64,Automotive Parts,2026-07-18,pending,,2026-07,48.2,0.19,False
PO002116,SUP0036,PRD0059,2026-06-08,104,874.16,USD,90912.64,fulfilled,Dennis Inc,South Korea,60.1,FOOD-Should-59,Food & Beverage,2026-06-21,paid,2026-07-17,2026-06,17.0,0.053,False
PO002117,SUP0021,PRD0016,2025-09-13,241,5.57,USD,1342.37,fulfilled,"Ellis, Baker and Wright",India,80.5,CHEM-Author-16,Chemicals,2025-09-25,paid,2025-11-05,2025-09,41.7,0.069,False
PO002118,SUP0017,PRD0035,2025-07-02,596,14.96,USD,8916.16,fulfilled,"Hawkins, Cohen and Cameron",Nigeria,42.8,MACH-Material-35,Machinery,2025-07-04,paid,2025-08-11,2025-07,67.7,0.288,False
PO002119,SUP0010,PRD0091,2026-06-14,102,1122.99,USD,114544.98,fulfilled,"Martinez, Nielsen and Miller",Egypt,43.6,FOOD-Some-91,Food & Beverage,2026-06-24,paid,2026-07-01,2026-06,60.8,0.185,False
PO002120,SUP0002,PRD0033,2025-05-15,172,254.67,USD,43803.24,fulfilled,Rhodes PLC,Germany,87.8,PACK-Own-33,Packaging,2025-05-23,paid,2025-06-19,2025-05,15.1,0.034,False
PO002121,SUP0016,PRD0135,2025-05-15,359,2.78,USD,998.02,fulfilled,"Sanchez, Ford and Nelson",Mexico,67.6,CHEM-Me-135,Chemicals,2025-05-29,paid,2025-06-26,2025-05,35.3,0.115,False
PO002122,SUP0012,PRD0105,2026-05-01,568,1241.97,USD,705438.96,fulfilled,Stanley LLC,Japan,60.6,FOOD-Able-105,Food & Beverage,2026-05-13,paid,2026-06-13,2026-05,15.6,0.066,False
PO002123,SUP0023,PRD0056,2024-12-03,81,617.42,USD,50011.02,fulfilled,Robinson-Bright,Indonesia,70.0,MACH-Billion-56,Machinery,2024-12-16,paid,2025-01-24,2024-12,46.4,0.115,False
PO002124,SUP0040,PRD0095,2024-12-28,281,184.1,USD,51732.1,fulfilled,"Santos, Kim and Holmes",Turkey,71.1,PACK-Investment-95,Packaging,2025-01-11,paid,2025-01-17,2024-12,58.2,0.241,False
PO002125,SUP0030,PRD0133,2026-08-12,229,38.41,USD,8795.89,fulfilled,Stanton-Gill,Indonesia,60.5,PACK-Apply-133,Packaging,2026-08-23,paid,2026-08-28,2026-08,46.8,0.199,False
PO002126,SUP0019,PRD0078,2026-05-25,262,1891.23,USD,495502.26,fulfilled,Clark PLC,Germany,69.9,AUTO-Level-78,Automotive Parts,2026-06-07,paid,2026-06-13,2026-05,8.6,0.043,False
PO002127,SUP0004,PRD0133,2026-08-09,520,1314.8,USD,683696.0,fulfilled,"Johnson, Gonzalez and Santos",Mexico,76.5,PACK-Apply-133,Packaging,2026-08-18,paid,2026-08-27,2026-08,45.2,0.127,False
PO002128,SUP0030,PRD0064,2025-11-08,110,12.85,USD,1413.5,open,Stanton-Gill,Indonesia,60.5,AUTO-Energy-64,Automotive Parts,2025-11-13,paid,2025-12-03,2025-11,45.3,0.143,False
PO002129,SUP0010,PRD0040,2026-06-06,155,3.72,USD,576.6,open,"Martinez, Nielsen and Miller",Egypt,43.6,FURN-Investment-40,Furniture,2026-06-16,paid,2026-07-22,2026-06,60.8,0.185,False
PO002130,SUP0037,PRD0003,2025-02-24,432,2008.22,USD,867551.04,fulfilled,"Cannon, Anderson and Alvarez",United States,65.1,ELEC-Ground-3,Electronics,2025-02-27,paid,2025-03-18,2025-02,11.5,0.04,False
PO002131,SUP0022,PRD0043,2025-03-03,928,68.22,USD,63308.16,fulfilled,Burgess-Patterson,Pakistan,79.0,CHEM-Bill-43,Chemicals,2025-03-12,overdue,,2025-03,62.3,0.253,False
PO002132,SUP0025,PRD0023,2024-09-11,206,5252.3,USD,1081973.8,fulfilled,Conner Group,Bangladesh,77.2,MACH-Economy-23,Machinery,2024-09-19,paid,2024-10-26,2024-09,,,
PO002133,SUP0019,PRD0105,2024-10-27,56,4.15,USD,232.4,open,Clark PLC,Germany,69.9,FOOD-Able-105,Food & Beverage,2024-11-10,paid,2024-12-20,2024-10,12.4,0.036,False
PO002134,SUP0026,PRD0032,2025-10-28,130,4067.69,USD,528799.7,fulfilled,James-Ferrell,Egypt,85.3,FURN-Us-32,Furniture,2025-10-30,pending,,2025-10,51.4,0.157,False
PO002135,SUP0005,PRD0078,2025-06-01,278,436.59,USD,121372.02,fulfilled,Cole LLC,Mexico,58.0,AUTO-Level-78,Automotive Parts,2025-06-12,paid,2025-07-24,2025-06,30.7,0.147,False
PO002136,SUP0035,PRD0102,2025-05-16,296,512.1,USD,151581.6,open,Allen PLC,Brazil,54.5,TEXT-Artist-102,Textiles,2025-05-23,paid,2025-05-30,2025-05,54.1,0.173,False
PO002137,SUP0001,PRD0111,2026-05-22,459,2.37,USD,1087.83,fulfilled,"Rodriguez, Figueroa and Sanchez",South Korea,74.7,PACK-Look-111,Packaging,2026-05-27,pending,,2026-05,21.1,0.078,False
PO002138,SUP0021,PRD0142,2025-12-09,895,240.53,USD,215274.35,fulfilled,"Ellis, Baker and Wright",India,80.5,TEXT-Movie-142,Textiles,2025-12-15,paid,2026-01-22,2025-12,43.7,0.087,False
PO002139,SUP0002,PRD0067,2026-04-30,101,237.15,USD,23952.15,fulfilled,Rhodes PLC,Germany,87.8,FURN-Not-67,Furniture,2026-05-07,paid,2026-05-28,2026-04,15.0,0.026,False
PO002140,SUP0012,PRD0056,2025-06-18,51,4910.64,USD,250442.64,fulfilled,Stanley LLC,Japan,60.6,MACH-Billion-56,Machinery,2025-07-02,paid,2025-07-13,2025-06,16.0,0.035,False
PO002141,SUP0005,PRD0078,2025-07-29,374,20.23,USD,7566.02,fulfilled,Cole LLC,Mexico,58.0,AUTO-Level-78,Automotive Parts,2025-08-11,pending,,2025-07,35.6,0.151,False
PO002142,SUP0028,PRD0097,2025-01-27,315,69.94,USD,22031.1,cancelled,"Potter, Mack and Peterson",Germany,88.1,ELEC-Medical-97,Electronics,,,,2025-01,9.2,0.037,False
PO002143,SUP0033,PRD0015,2026-06-03,912,10.09,USD,9202.08,fulfilled,"Sellers, George and Burns",China,78.7,TEXT-Drop-15,Textiles,2026-06-07,paid,2026-06-14,2026-06,32.0,0.065,False
PO002144,SUP0035,PRD0005,2026-05-13,620,2375.71,USD,1472940.2,fulfilled,Allen PLC,Brazil,54.5,TEXT-Per-5,Textiles,2026-05-17,paid,2026-05-29,2026-05,57.2,0.171,False
PO002145,SUP0009,PRD0040,2025-09-17,603,226.39,USD,136513.17,fulfilled,Munoz-Roman,United States,66.0,FURN-Investment-40,Furniture,2025-09-27,pending,,2025-09,15.4,0.033,False
PO002146,SUP0002,PRD0117,2026-08-14,187,427.3,USD,79905.1,fulfilled,Rhodes PLC,Germany,87.8,CHEM-Only-117,Chemicals,2026-08-19,paid,2026-10-01,2026-08,8.8,0.035,False
PO002147,SUP0022,PRD0019,2025-07-17,684,88.36,USD,60438.24,fulfilled,Burgess-Patterson,Pakistan,79.0,PACK-Trade-19,Packaging,2025-07-29,paid,2025-08-10,2025-07,67.6,0.189,False
PO002148,SUP0007,PRD0024,2026-05-26,81,1643.25,USD,133103.25,cancelled,Ramirez-Lewis,South Korea,49.8,MACH-Family-24,Machinery,,,,2026-05,20.0,0.074,False
PO002149,SUP0029,PRD0141,2026-03-24,291,360.2,USD,104818.2,fulfilled,Chavez Ltd,Poland,66.3,CHEM-Art-141,Chemicals,2026-04-03,paid,2026-04-29,2026-03,19.5,0.073,False
PO002150,SUP0034,PRD0090,2026-08-25,185,2084.9,USD,385706.5,fulfilled,Koch-Decker,India,69.9,MACH-With-90,Machinery,2026-08-27,paid,2026-09-27,2026-08,36.4,0.093,False
PO002151,SUP0035,PRD0103,2025-02-16,446,2145.97,USD,957102.62,open,Allen PLC,Brazil,54.5,AUTO-Community-103,Automotive Parts,2025-02-26,paid,2025-03-07,2025-02,54.5,0.176,False
PO002152,SUP0040,PRD0114,2024-09-30,43,4.52,USD,194.36,fulfilled,"Santos, Kim and Holmes",Turkey,71.1,FOOD-Same-114,Food & Beverage,2024-10-01,paid,2024-10-24,2024-09,,,
PO002153,SUP0026,PRD0132,2024-11-28,52,648.36,USD,33714.72,fulfilled,James-Ferrell,Egypt,85.3,CHEM-Art-132,Chemicals,2024-12-11,paid,2025-01-06,2024-11,58.5,0.192,False
PO002154,SUP0038,PRD0048,2026-09-01,262,505.66,USD,132482.92,fulfilled,Rose-Obrien,South Africa,61.5,FOOD-Item-48,Food & Beverage,2026-09-02,pending,,2026-09,54.1,0.191,False
PO002155,SUP0016,PRD0070,2025-01-01,74,32.85,USD,2430.9,fulfilled,"Sanchez, Ford and Nelson",Mexico,67.6,PACK-Knowledge-70,Packaging,2025-01-05,paid,2025-01-14,2025-01,38.0,0.122,False
PO002156,SUP0030,PRD0048,2026-01-25,772,112.72,USD,87019.84,fulfilled,Stanton-Gill,Indonesia,60.5,FOOD-Item-48,Food & Beverage,2026-02-03,paid,2026-02-21,2026-01,43.7,0.163,False
PO002157,SUP0017,PRD0004,2026-06-12,203,11.09,USD,2251.27,cancelled,"Hawkins, Cohen and Cameron",Nigeria,42.8,FOOD-Against-4,Food & Beverage,,,,2026-06,69.0,0.224,False
PO002158,SUP0022,PRD0066,2026-02-11,1259,7458.29,USD,9389987.11,open,Burgess-Patterson,Pakistan,79.0,TEXT-Customer-66,Textiles,2026-02-25,paid,2026-03-21,2026-02,66.6,0.204,False
PO002159,SUP0024,PRD0115,2026-05-15,199,253.32,USD,50410.68,fulfilled,Campos Inc,Mexico,79.6,FOOD-Side-115,Food & Beverage,2026-05-16,overdue,,2026-05,40.3,0.102,False
PO002160,SUP0020,PRD0013,2025-03-08,31,153.82,USD,4768.42,fulfilled,Lewis-Porter,Pakistan,59.2,CHEM-Program-13,Chemicals,2025-03-17,paid,2025-04-14,2025-03,73.8,0.269,False
PO002161,SUP0027,PRD0097,2026-06-28,130,2.31,USD,300.3,fulfilled,"Valencia, Smith and Le",Vietnam,70.4,ELEC-Medical-97,Electronics,2026-07-01,paid,2026-07-30,2026-06,45.3,0.102,False
PO002162,SUP0034,PRD0082,2024-11-23,176,3.34,USD,587.84,fulfilled,Koch-Decker,India,69.9,AUTO-Oil-82,Automotive Parts,2024-12-04,pending,,2024-11,36.4,0.057,False
PO002163,SUP0019,PRD0018,2024-12-27,283,11.12,USD,3146.96,fulfilled,Clark PLC,Germany,69.9,FURN-Almost-18,Furniture,2025-01-03,paid,2025-02-05,2024-12,14.4,0.028,False
PO002164,SUP0017,PRD0036,2026-05-09,39,136.13,USD,5309.07,cancelled,"Hawkins, Cohen and Cameron",Nigeria,42.8,ELEC-Eight-36,Electronics,,,,2026-05,65.5,0.322,False
PO002165,SUP0001,PRD0066,2024-11-20,463,2785.69,USD,1289774.47,cancelled,"Rodriguez, Figueroa and Sanchez",South Korea,74.7,TEXT-Customer-66,Textiles,,,,2024-11,26.9,0.07,False
PO002166,SUP0011,PRD0066,2025-06-01,257,104.63,USD,26889.91,open,"Montgomery, Hensley and Ray",Indonesia,56.0,TEXT-Customer-66,Textiles,2025-06-09,overdue,,2025-06,45.6,0.135,False
PO002167,SUP0017,PRD0135,2026-01-04,229,424.89,USD,97299.81,fulfilled,"Hawkins, Cohen and Cameron",Nigeria,42.8,CHEM-Me-135,Chemicals,2026-01-12,paid,2026-01-26,2026-01,78.2,0.308,False
PO002168,SUP0032,PRD0057,2026-02-15,25,1139.54,USD,28488.5,fulfilled,"Lynch, Hernandez and Farmer",Vietnam,57.2,CHEM-Ask-57,Chemicals,2026-02-27,paid,2026-03-11,2026-02,43.6,0.133,False
PO002169,SUP0019,PRD0056,2026-02-24,994,4318.05,USD,4292141.7,fulfilled,Clark PLC,Germany,69.9,MACH-Billion-56,Machinery,2026-02-26,paid,2026-04-01,2026-02,11.1,0.05,False
PO002170,SUP0004,PRD0112,2024-12-29,497,869.62,USD,432201.14,fulfilled,"Johnson, Gonzalez and Santos",Mexico,76.5,FURN-Feeling-112,Furniture,2025-01-07,paid,2025-02-05,2024-12,38.0,0.144,False
PO002171,SUP0021,PRD0070,2025-06-10,661,2339.12,USD,1546158.32,cancelled,"Ellis, Baker and Wright",India,80.5,PACK-Knowledge-70,Packaging,,,,2025-06,35.0,0.09,False
PO002172,SUP0019,PRD0010,2025-03-25,273,3.83,USD,1045.59,open,Clark PLC,Germany,69.9,CHEM-Account-10,Chemicals,2025-04-08,pending,,2025-03,5.0,0.033,False
PO002173,SUP0038,PRD0016,2026-03-26,36,584.67,USD,21048.12,fulfilled,Rose-Obrien,South Africa,61.5,CHEM-Author-16,Chemicals,2026-04-08,paid,2026-04-22,2026-03,54.8,0.196,False
PO002174,SUP0031,PRD0053,2025-05-28,26,297.48,USD,7734.48,fulfilled,Harrell LLC,Brazil,87.2,PACK-Report-53,Packaging,2025-06-07,paid,2025-07-09,2025-05,52.6,0.139,False
PO002175,SUP0001,PRD0136,2025-06-02,163,870.14,USD,141832.82,fulfilled,"Rodriguez, Figueroa and Sanchez",South Korea,74.7,AUTO-Morning-136,Automotive Parts,2025-06-06,paid,2025-06-19,2025-06,20.7,0.075,False
PO002176,SUP0005,PRD0142,2024-10-15,861,5728.93,USD,4932608.73,fulfilled,Cole LLC,Mexico,58.0,TEXT-Movie-142,Textiles,2024-10-16,paid,2024-10-25,2024-10,37.9,0.124,False
PO002177,SUP0022,PRD0078,2026-04-29,71,626.44,USD,44477.24,fulfilled,Burgess-Patterson,Pakistan,79.0,AUTO-Level-78,Automotive Parts,2026-05-05,paid,2026-06-05,2026-04,65.0,0.201,False
PO002178,SUP0009,PRD0097,2025-01-13,307,15.64,USD,4801.48,cancelled,Munoz-Roman,United States,66.0,ELEC-Medical-97,Electronics,,,,2025-01,11.0,0.029,False
PO002179,SUP0019,PRD0013,2024-12-23,366,3762.65,USD,1377129.9,fulfilled,Clark PLC,Germany,69.9,CHEM-Program-13,Chemicals,2025-01-06,paid,2025-02-04,2024-12,14.4,0.028,False
PO002180,SUP0014,PRD0044,2025-11-07,66,922.18,USD,60863.88,fulfilled,"Flowers, Martin and Kelly",United States,46.7,MACH-Reason-44,Machinery,2025-11-11,pending,,2025-11,9.4,0.029,False
PO002181,SUP0030,PRD0112,2026-01-15,322,204.72,USD,65919.84,fulfilled,Stanton-Gill,Indonesia,60.5,FURN-Feeling-112,Furniture,2026-01-28,pending,,2026-01,43.7,0.163,False
PO002182,SUP0036,PRD0084,2024-09-04,308,374.48,USD,115339.84,fulfilled,Dennis Inc,South Korea,60.1,PACK-Apply-84,Packaging,2024-09-13,paid,2024-10-22,2024-09,,,
PO002183,SUP0005,PRD0016,2024-09-28,418,2.35,USD,982.3,fulfilled,Cole LLC,Mexico,58.0,CHEM-Author-16,Chemicals,2024-10-01,paid,2024-10-18,2024-09,,,
PO002184,SUP0016,PRD0082,2024-10-01,42,33.64,USD,1412.88,fulfilled,"Sanchez, Ford and Nelson",Mexico,67.6,AUTO-Oil-82,Automotive Parts,2024-10-02,paid,2024-10-31,2024-10,39.4,0.169,False
PO002185,SUP0008,PRD0063,2024-12-17,635,2790.17,USD,1771757.95,fulfilled,Davis Inc,Pakistan,69.7,AUTO-Boy-63,Automotive Parts,2024-12-26,paid,2025-01-02,2024-12,65.3,0.247,False
PO002186,SUP0005,PRD0102,2025-09-03,345,2.39,USD,824.55,fulfilled,Cole LLC,Mexico,58.0,TEXT-Artist-102,Textiles,2025-09-16,overdue,,2025-09,40.5,0.089,False
PO002187,SUP0040,PRD0056,2025-10-07,93,846.65,USD,78738.45,fulfilled,"Santos, Kim and Holmes",Turkey,71.1,MACH-Billion-56,Machinery,2025-10-19,paid,2025-11-09,2025-10,58.9,0.256,False
PO002188,SUP0030,PRD0133,2025-07-25,1046,1110.34,USD,1161415.64,fulfilled,Stanton-Gill,Indonesia,60.5,PACK-Apply-133,Packaging,2025-08-03,paid,2025-08-13,2025-07,48.1,0.118,False
PO002189,SUP0003,PRD0147,2026-08-30,92,359.46,USD,33070.32,fulfilled,Johnson-Davis,Vietnam,88.7,FURN-Physical-147,Furniture,2026-09-08,paid,2026-10-06,2026-08,43.9,0.09,False
PO002190,SUP0019,PRD0118,2026-03-08,141,251.13,USD,35409.33,fulfilled,Clark PLC,Germany,69.9,CHEM-Recently-118,Chemicals,2026-03-10,paid,2026-03-25,2026-03,18.2,0.041,False
PO002191,SUP0040,PRD0042,2025-07-05,43,125.77,USD,5408.11,fulfilled,"Santos, Kim and Holmes",Turkey,71.1,TEXT-Between-42,Textiles,2025-07-13,overdue,,2025-07,61.6,0.237,False
PO002192,SUP0032,PRD0067,2025-11-06,265,48.68,USD,12900.2,fulfilled,"Lynch, Hernandez and Farmer",Vietnam,57.2,FURN-Not-67,Furniture,2025-11-19,paid,2025-12-23,2025-11,43.3,0.103,False
PO002193,SUP0004,PRD0010,2025-05-03,731,2.4,USD,1754.4,fulfilled,"Johnson, Gonzalez and Santos",Mexico,76.5,CHEM-Account-10,Chemicals,2025-05-14,overdue,,2025-05,40.2,0.147,False
PO002194,SUP0002,PRD0094,2025-06-05,276,119.72,USD,33042.72,fulfilled,Rhodes PLC,Germany,87.8,MACH-Compare-94,Machinery,2025-06-17,paid,2025-07-17,2025-06,13.9,0.049,False
PO002195,SUP0002,PRD0039,2024-10-14,245,3.33,USD,815.85,fulfilled,Rhodes PLC,Germany,87.8,MACH-Surface-39,Machinery,2024-10-16,paid,2024-11-10,2024-10,10.5,0.038,False
PO002196,SUP0024,PRD0040,2025-03-01,48,19.64,USD,942.72,fulfilled,Campos Inc,Mexico,79.6,FURN-Investment-40,Furniture,2025-03-08,paid,2025-03-22,2025-03,46.5,0.115,False
PO002197,SUP0007,PRD0066,2025-12-18,207,125.35,USD,25947.45,open,Ramirez-Lewis,South Korea,49.8,TEXT-Customer-66,Textiles,2025-12-21,pending,,2025-12,16.5,0.07,False
PO002198,SUP0026,PRD0119,2025-06-25,114,330.18,USD,37640.52,fulfilled,James-Ferrell,Egypt,85.3,TEXT-Serious-119,Textiles,2025-07-07,pending,,2025-06,53.2,0.177,False
PO002199,SUP0001,PRD0020,2025-09-27,236,2.31,USD,545.16,fulfilled,"Rodriguez, Figueroa and Sanchez",South Korea,74.7,FOOD-Give-20,Food & Beverage,2025-10-05,paid,2025-10-29,2025-09,18.8,0.059,False
PO002200,SUP0021,PRD0028,2026-01-05,171,435.74,USD,74511.54,open,"Ellis, Baker and Wright",India,80.5,AUTO-Notice-28,Automotive Parts,2026-01-12,paid,2026-01-24,2026-01,39.3,0.067,False
PO002201,SUP0031,PRD0079,2026-06-05,439,4.06,USD,1782.34,fulfilled,Harrell LLC,Brazil,87.2,FOOD-System-79,Food & Beverage,2026-06-16,paid,2026-07-26,2026-06,51.9,0.194,False
PO002202,SUP0031,PRD0033,2025-10-06,71,523.6,USD,37175.6,fulfilled,Harrell LLC,Brazil,87.2,PACK-Own-33,Packaging,2025-10-10,paid,2025-11-10,2025-10,42.5,0.182,False
PO002203,SUP0040,PRD0064,2025-02-03,524,2.37,USD,1241.88,open,"Santos, Kim and Holmes",Turkey,71.1,AUTO-Energy-64,Automotive Parts,2025-02-07,pending,,2025-02,60.3,0.164,False
PO002204,SUP0040,PRD0055,2024-09-06,268,151.17,USD,40513.56,fulfilled,"Santos, Kim and Holmes",Turkey,71.1,FURN-Race-55,Furniture,2024-09-19,paid,2024-10-23,2024-09,,,
PO002205,SUP0035,PRD0111,2026-08-22,60,2.65,USD,159.0,fulfilled,Allen PLC,Brazil,54.5,PACK-Look-111,Packaging,2026-08-28,paid,2026-09-13,2026-08,51.8,0.145,False
PO002206,SUP0002,PRD0026,2025-09-26,45,2.48,USD,111.6,fulfilled,Rhodes PLC,Germany,87.8,PACK-Mention-26,Packaging,2025-10-03,paid,2025-10-18,2025-09,10.6,0.047,False
PO002207,SUP0035,PRD0024,2025-10-13,785,572.3,USD,449255.5,fulfilled,Allen PLC,Brazil,54.5,MACH-Family-24,Machinery,2025-10-20,pending,,2025-10,53.8,0.155,False
PO002208,SUP0009,PRD0041,2025-09-26,414,152.96,USD,63325.44,fulfilled,Munoz-Roman,United States,66.0,PACK-Customer-41,Packaging,2025-10-05,paid,2025-10-13,2025-09,15.4,0.033,False
PO002209,SUP0021,PRD0017,2026-05-29,194,118.28,USD,22946.32,open,"Ellis, Baker and Wright",India,80.5,TEXT-Western-17,Textiles,2026-05-31,paid,2026-07-13,2026-05,41.8,0.109,False
PO002210,SUP0035,PRD0105,2026-05-13,47,156.52,USD,7356.44,fulfilled,Allen PLC,Brazil,54.5,FOOD-Able-105,Food & Beverage,2026-05-22,pending,,2026-05,57.2,0.171,False
PO002211,SUP0023,PRD0074,2026-07-04,165,417.1,USD,68821.5,fulfilled,Robinson-Bright,Indonesia,70.0,MACH-Enjoy-74,Machinery,2026-07-09,paid,2026-08-10,2026-07,48.5,0.105,False
PO002212,SUP0012,PRD0005,2026-01-15,34,2722.1,USD,92551.4,fulfilled,Stanley LLC,Japan,60.6,TEXT-Per-5,Textiles,2026-01-25,paid,2026-02-25,2026-01,21.6,0.072,False
PO002213,SUP0026,PRD0040,2026-08-26,288,3551.89,USD,1022944.32,fulfilled,James-Ferrell,Egypt,85.3,FURN-Investment-40,Furniture,2026-08-30,paid,2026-09-20,2026-08,63.3,0.217,False
PO002214,SUP0003,PRD0095,2026-09-01,359,1991.11,USD,714808.49,cancelled,Johnson-Davis,Vietnam,88.7,PACK-Investment-95,Packaging,,,,2026-09,39.1,0.173,False
PO002215,SUP0029,PRD0070,2025-04-24,391,1803.4,USD,705129.4,fulfilled,Chavez Ltd,Poland,66.3,PACK-Knowledge-70,Packaging,2025-04-26,paid,2025-05-23,2025-04,26.6,0.105,False
PO002216,SUP0023,PRD0020,2024-09-24,264,588.74,USD,155427.36,fulfilled,Robinson-Bright,Indonesia,70.0,FOOD-Give-20,Food & Beverage,2024-10-07,paid,2024-11-11,2024-09,,,
PO002217,SUP0019,PRD0020,2025-11-25,145,794.84,USD,115251.8,open,Clark PLC,Germany,69.9,FOOD-Give-20,Food & Beverage,2025-11-28,overdue,,2025-11,11.7,0.031,False
PO002218,SUP0036,PRD0091,2025-05-23,87,2846.26,USD,247624.62,fulfilled,Dennis Inc,South Korea,60.1,FOOD-Some-91,Food & Beverage,2025-05-25,paid,2025-07-02,2025-05,16.8,0.078,False
PO002219,SUP0017,PRD0070,2026-01-11,40,260.23,USD,10409.2,fulfilled,"Hawkins, Cohen and Cameron",Nigeria,42.8,PACK-Knowledge-70,Packaging,2026-01-25,paid,2026-02-04,2026-01,78.2,0.308,False
PO002220,SUP0037,PRD0142,2025-11-21,265,1331.94,USD,352964.1,cancelled,"Cannon, Anderson and Alvarez",United States,65.1,TEXT-Movie-142,Textiles,,,,2025-11,10.2,0.028,False
PO002221,SUP0006,PRD0104,2025-02-17,118,1337.34,USD,157806.12,open,Blake and Sons,China,58.0,AUTO-Hundred-104,Automotive Parts,2025-03-01,paid,2025-03-23,2025-02,32.5,0.071,False
PO002222,SUP0040,PRD0128,2025-04-14,252,6869.41,USD,1731091.32,fulfilled,"Santos, Kim and Holmes",Turkey,71.1,TEXT-Occur-128,Textiles,2025-04-18,paid,2025-05-14,2025-04,71.0,0.215,True
PO002223,SUP0031,PRD0056,2025-10-31,930,2.4,USD,2232.0,fulfilled,Harrell LLC,Brazil,87.2,MACH-Billion-56,Machinery,2025-11-14,paid,2025-12-17,2025-10,42.5,0.182,False
PO002224,SUP0006,PRD0054,2024-12-05,1008,77.04,USD,77656.32,fulfilled,Blake and Sons,China,58.0,FURN-Ready-54,Furniture,2024-12-12,paid,2024-12-19,2024-12,27.0,0.072,False
PO002225,SUP0035,PRD0078,2026-04-17,591,4.05,USD,2393.55,fulfilled,Allen PLC,Brazil,54.5,AUTO-Level-78,Automotive Parts,2026-04-22,paid,2026-05-05,2026-04,55.9,0.186,False
PO002226,SUP0009,PRD0043,2024-10-30,273,157.0,USD,42861.0,fulfilled,Munoz-Roman,United States,66.0,CHEM-Bill-43,Chemicals,2024-11-08,overdue,,2024-10,8.7,0.026,False
PO002227,SUP0038,PRD0147,2025-09-19,452,603.3,USD,272691.6,fulfilled,Rose-Obrien,South Africa,61.5,FURN-Physical-147,Furniture,2025-10-03,paid,2025-10-09,2025-09,52.5,0.23,False
PO002228,SUP0026,PRD0055,2025-04-06,462,6.5,USD,3003.0,open,James-Ferrell,Egypt,85.3,FURN-Race-55,Furniture,2025-04-11,paid,2025-04-24,2025-04,48.3,0.222,False
PO002229,SUP0035,PRD0145,2025-08-20,157,1439.52,USD,226004.64,open,Allen PLC,Brazil,54.5,MACH-Cultural-145,Machinery,2025-08-24,pending,,2025-08,57.4,0.074,False
PO002230,SUP0004,PRD0040,2025-04-27,332,2292.58,USD,761136.56,fulfilled,"Johnson, Gonzalez and Santos",Mexico,76.5,FURN-Investment-40,Furniture,2025-05-01,paid,2025-05-24,2025-04,38.1,0.127,False
PO002231,SUP0019,PRD0021,2025-08-30,209,42.98,USD,8982.82,fulfilled,Clark PLC,Germany,69.9,MACH-Avoid-21,Machinery,2025-09-03,paid,2025-09-12,2025-08,9.7,0.033,False
PO002232,SUP0040,PRD0137,2025-01-29,633,1283.76,USD,812620.08,open,"Santos, Kim and Holmes",Turkey,71.1,FOOD-Wide-137,Food & Beverage,2025-02-08,paid,2025-02-26,2025-01,59.7,0.235,False
PO002233,SUP0030,PRD0095,2026-01-17,104,2191.87,USD,227954.48,open,Stanton-Gill,Indonesia,60.5,PACK-Investment-95,Packaging,2026-01-29,paid,2026-02-27,2026-01,43.7,0.163,False
PO002234,SUP0022,PRD0147,2026-05-20,334,86.98,USD,29051.32,fulfilled,Burgess-Patterson,Pakistan,79.0,FURN-Physical-147,Furniture,2026-05-24,paid,2026-07-02,2026-05,64.2,0.305,False
PO002235,SUP0007,PRD0025,2024-10-20,66,2.31,USD,152.46,open,Ramirez-Lewis,South Korea,49.8,CHEM-Relationship-25,Chemicals,2024-11-01,overdue,,2024-10,23.4,0.074,False
PO002236,SUP0036,PRD0003,2026-02-18,52,2779.06,USD,144511.12,fulfilled,Dennis Inc,South Korea,60.1,ELEC-Ground-3,Electronics,2026-02-25,paid,2026-03-11,2026-02,21.2,0.077,False
PO002237,SUP0034,PRD0128,2026-06-10,926,23.17,USD,21455.42,cancelled,Koch-Decker,India,69.9,TEXT-Occur-128,Textiles,,,,2026-06,36.1,0.089,False
PO002238,SUP0014,PRD0140,2025-04-23,81,275.85,USD,22343.85,fulfilled,"Flowers, Martin and Kelly",United States,46.7,FURN-Coach-140,Furniture,2025-05-01,paid,2025-05-28,2025-04,19.1,0.024,False
PO002239,SUP0026,PRD0078,2026-03-24,275,738.28,USD,203027.0,fulfilled,James-Ferrell,Egypt,85.3,AUTO-Level-78,Automotive Parts,2026-03-30,pending,,2026-03,55.8,0.205,False
PO002240,SUP0040,PRD0135,2025-08-28,120,13.0,USD,1560.0,open,"Santos, Kim and Holmes",Turkey,71.1,CHEM-Me-135,Chemicals,2025-09-05,paid,2025-10-19,2025-08,48.1,0.254,False
PO002241,SUP0028,PRD0086,2026-01-13,201,36.15,USD,7266.15,fulfilled,"Potter, Mack and Peterson",Germany,88.1,AUTO-Now-86,Automotive Parts,2026-01-19,paid,2026-03-02,2026-01,9.7,0.035,False
PO002242,SUP0032,PRD0064,2026-01-11,559,37.44,USD,20928.96,fulfilled,"Lynch, Hernandez and Farmer",Vietnam,57.2,AUTO-Energy-64,Automotive Parts,2026-01-25,paid,2026-02-23,2026-01,39.1,0.105,False
PO002243,SUP0012,PRD0109,2025-01-01,414,367.16,USD,152004.24,fulfilled,Stanley LLC,Japan,60.6,CHEM-Step-109,Chemicals,2025-01-09,pending,,2025-01,5.0,0.047,False
PO002244,SUP0002,PRD0142,2026-06-05,319,25.87,USD,8252.53,fulfilled,Rhodes PLC,Germany,87.8,TEXT-Movie-142,Textiles,2026-06-08,paid,2026-07-08,2026-06,6.5,0.039,False
PO002245,SUP0040,PRD0105,2025-10-21,504,15.93,USD,8028.72,fulfilled,"Santos, Kim and Holmes",Turkey,71.1,FOOD-Able-105,Food & Beverage,2025-11-04,paid,2025-11-17,2025-10,58.9,0.256,False
PO002246,SUP0013,PRD0032,2025-02-16,37,60.7,USD,2245.9,fulfilled,Delacruz Group,Germany,77.3,FURN-Us-32,Furniture,2025-03-01,paid,2025-04-14,2025-02,10.2,0.029,False
PO002247,SUP0039,PRD0054,2026-02-15,384,47.38,USD,18193.92,open,"Campos, Vaughn and Marquez",South Korea,62.6,FURN-Ready-54,Furniture,2026-03-01,paid,2026-04-11,2026-02,28.3,0.078,False
PO002248,SUP0017,PRD0112,2025-05-25,435,2.32,USD,1009.2,open,"Hawkins, Cohen and Cameron",Nigeria,42.8,FURN-Feeling-112,Furniture,2025-06-04,paid,2025-06-30,2025-05,68.4,0.32,False
PO002249,SUP0001,PRD0102,2025-02-22,393,969.8,USD,381131.4,open,"Rodriguez, Figueroa and Sanchez",South Korea,74.7,TEXT-Artist-102,Textiles,2025-03-06,paid,2025-04-11,2025-02,21.1,0.081,False
PO002250,SUP0021,PRD0094,2026-01-29,94,2.35,USD,220.9,fulfilled,"Ellis, Baker and Wright",India,80.5,MACH-Compare-94,Machinery,2026-02-12,pending,,2026-01,39.3,0.067,False
PO002251,SUP0037,PRD0048,2025-09-28,272,61.85,USD,16823.2,fulfilled,"Cannon, Anderson and Alvarez",United States,65.1,FOOD-Item-48,Food & Beverage,2025-10-08,overdue,,2025-09,8.2,0.017,False
PO002252,SUP0034,PRD0036,2025-07-31,174,181.07,USD,31506.18,open,Koch-Decker,India,69.9,ELEC-Eight-36,Electronics,2025-08-08,pending,,2025-07,37.5,0.123,False
PO002253,SUP0006,PRD0078,2025-10-20,301,32.79,USD,9869.79,fulfilled,Blake and Sons,China,58.0,AUTO-Level-78,Automotive Parts,2025-10-29,paid,2025-11-29,2025-10,30.7,0.06,False
PO002254,SUP0013,PRD0064,2024-11-16,136,96.79,USD,13163.44,fulfilled,Delacruz Group,Germany,77.3,AUTO-Energy-64,Automotive Parts,2024-11-20,paid,2024-12-27,2024-11,16.0,0.028,False
PO002255,SUP0040,PRD0148,2026-05-01,314,4.2,USD,1318.8,fulfilled,"Santos, Kim and Holmes",Turkey,71.1,FOOD-Author-148,Food & Beverage,2026-05-06,paid,2026-05-14,2026-05,62.6,0.151,False
PO002256,SUP0004,PRD0044,2024-09-13,225,2.34,USD,526.5,fulfilled,"Johnson, Gonzalez and Santos",Mexico,76.5,MACH-Reason-44,Machinery,2024-09-18,paid,2024-10-25,2024-09,,,
PO002257,SUP0021,PRD0134,2026-07-31,79,1081.76,USD,85459.04,fulfilled,"Ellis, Baker and Wright",India,80.5,FOOD-Pattern-134,Food & Beverage,2026-08-02,paid,2026-09-05,2026-07,39.7,0.105,False
PO002258,SUP0017,PRD0019,2026-03-19,52,5.3,USD,275.6,fulfilled,"Hawkins, Cohen and Cameron",Nigeria,42.8,PACK-Trade-19,Packaging,2026-03-24,paid,2026-04-20,2026-03,71.0,0.233,False
PO002259,SUP0028,PRD0137,2024-10-30,875,47.22,USD,41317.5,fulfilled,"Potter, Mack and Peterson",Germany,88.1,FOOD-Wide-137,Food & Beverage,2024-11-12,pending,,2024-10,18.0,0.039,False
PO002260,SUP0010,PRD0001,2025-06-20,391,3803.16,USD,1487035.56,fulfilled,"Martinez, Nielsen and Miller",Egypt,43.6,MACH-Down-1,Machinery,2025-07-03,paid,2025-07-16,2025-06,51.9,0.188,False
PO002261,SUP0018,PRD0132,2025-02-04,405,98.49,USD,39888.45,open,Underwood LLC,Philippines,54.2,CHEM-Art-132,Chemicals,2025-02-18,overdue,,2025-02,41.1,0.126,False
PO002262,SUP0018,PRD0132,2026-08-07,61,21.13,USD,1288.93,fulfilled,Underwood LLC,Philippines,54.2,CHEM-Art-132,Chemicals,2026-08-09,paid,2026-08-29,2026-08,46.3,0.127,False
PO002263,SUP0002,PRD0005,2026-04-29,185,3243.92,USD,600125.2,open,Rhodes PLC,Germany,87.8,TEXT-Per-5,Textiles,2026-05-13,paid,2026-06-04,2026-04,15.0,0.026,False
PO002264,SUP0022,PRD0121,2026-08-18,447,234.3,USD,104732.1,fulfilled,Burgess-Patterson,Pakistan,79.0,ELEC-Clear-121,Electronics,2026-08-30,paid,2026-10-06,2026-08,59.3,0.25,False
PO002265,SUP0019,PRD0013,2024-09-08,150,2.31,USD,346.5,open,Clark PLC,Germany,69.9,CHEM-Program-13,Chemicals,2024-09-14,paid,2024-09-24,2024-09,,,
PO002266,SUP0029,PRD0122,2024-11-09,503,2.31,USD,1161.93,fulfilled,Chavez Ltd,Poland,66.3,CHEM-Customer-122,Chemicals,2024-11-13,pending,,2024-11,28.3,0.097,False
PO002267,SUP0015,PRD0062,2026-04-22,1109,485.0,USD,537865.0,cancelled,"Zuniga, Wong and Lynch",India,76.1,TEXT-Training-62,Textiles,,,,2026-04,37.4,0.087,False
PO002268,SUP0011,PRD0048,2025-09-29,390,788.87,USD,307659.3,fulfilled,"Montgomery, Hensley and Ray",Indonesia,56.0,FOOD-Item-48,Food & Beverage,2025-10-01,paid,2025-11-04,2025-09,39.1,0.151,False
PO002269,SUP0003,PRD0146,2024-10-06,1006,2.61,USD,2625.66,fulfilled,Johnson-Davis,Vietnam,88.7,FURN-Authority-146,Furniture,2024-10-08,pending,,2024-10,35.5,0.129,False
PO002270,SUP0019,PRD0120,2024-11-27,267,695.7,USD,185751.9,fulfilled,Clark PLC,Germany,69.9,MACH-Message-120,Machinery,2024-12-03,paid,2024-12-15,2024-11,16.4,0.037,False
PO002271,SUP0023,PRD0142,2025-08-05,240,2580.9,USD,619416.0,fulfilled,Robinson-Bright,Indonesia,70.0,TEXT-Movie-142,Textiles,2025-08-13,paid,2025-09-06,2025-08,42.7,0.186,False
PO002272,SUP0017,PRD0069,2025-06-11,29,2.31,USD,66.99,cancelled,"Hawkins, Cohen and Cameron",Nigeria,42.8,FOOD-Challenge-69,Food & Beverage,,,,2025-06,67.9,0.249,False
PO002273,SUP0022,PRD0054,2024-12-11,495,269.13,USD,133219.35,fulfilled,Burgess-Patterson,Pakistan,79.0,FURN-Ready-54,Furniture,2024-12-16,paid,2025-01-09,2024-12,71.8,0.224,True
PO002274,SUP0021,PRD0141,2026-05-04,814,219.33,USD,178534.62,cancelled,"Ellis, Baker and Wright",India,80.5,CHEM-Art-141,Chemicals,,,,2026-05,41.8,0.109,False
PO002275,SUP0001,PRD0064,2025-05-06,377,635.04,USD,239410.08,fulfilled,"Rodriguez, Figueroa and Sanchez",South Korea,74.7,AUTO-Energy-64,Automotive Parts,2025-05-15,paid,2025-06-06,2025-05,25.3,0.072,False
PO002276,SUP0016,PRD0140,2024-10-27,217,38.92,USD,8445.64,fulfilled,"Sanchez, Ford and Nelson",Mexico,67.6,FURN-Coach-140,Furniture,2024-11-02,paid,2024-12-13,2024-10,39.4,0.169,False
PO002277,SUP0009,PRD0016,2025-06-09,305,740.43,USD,225831.15,fulfilled,Munoz-Roman,United States,66.0,CHEM-Author-16,Chemicals,2025-06-20,overdue,,2025-06,16.8,0.038,False
PO002278,SUP0040,PRD0023,2026-07-09,217,119.75,USD,25985.75,fulfilled,"Santos, Kim and Holmes",Turkey,71.1,MACH-Economy-23,Machinery,2026-07-19,paid,2026-08-12,2026-07,53.9,0.206,False
PO002279,SUP0002,PRD0105,2024-09-26,356,148.09,USD,52720.04,fulfilled,Rhodes PLC,Germany,87.8,FOOD-Able-105,Food & Beverage,2024-10-08,paid,2024-11-21,2024-09,,,
PO002280,SUP0021,PRD0086,2025-11-30,296,12.13,USD,3590.48,fulfilled,"Ellis, Baker and Wright",India,80.5,AUTO-Now-86,Automotive Parts,2025-12-10,paid,2025-12-18,2025-11,39.8,0.084,False
PO002281,SUP0010,PRD0114,2026-04-29,57,2.31,USD,131.67,fulfilled,"Martinez, Nielsen and Miller",Egypt,43.6,FOOD-Same-114,Food & Beverage,2026-05-01,paid,2026-06-11,2026-04,52.2,0.22,False
PO002282,SUP0005,PRD0112,2025-02-22,630,1446.89,USD,911540.7,open,Cole LLC,Mexico,58.0,FURN-Feeling-112,Furniture,2025-02-24,paid,2025-03-23,2025-02,42.0,0.104,False
PO002283,SUP0001,PRD0048,2024-09-15,148,69.11,USD,10228.28,fulfilled,"Rodriguez, Figueroa and Sanchez",South Korea,74.7,FOOD-Item-48,Food & Beverage,2024-09-24,paid,2024-10-13,2024-09,,,
PO002284,SUP0031,PRD0142,2026-07-15,68,284.13,USD,19320.84,fulfilled,Harrell LLC,Brazil,87.2,TEXT-Movie-142,Textiles,2026-07-20,paid,2026-09-01,2026-07,48.2,0.19,False
PO002285,SUP0037,PRD0079,2024-10-08,384,258.59,USD,99298.56,fulfilled,"Cannon, Anderson and Alvarez",United States,65.1,FOOD-System-79,Food & Beverage,2024-10-13,pending,,2024-10,13.9,0.028,False
PO002286,SUP0008,PRD0015,2025-10-08,249,10.55,USD,2626.95,fulfilled,Davis Inc,Pakistan,69.7,TEXT-Drop-15,Textiles,2025-10-21,paid,2025-10-29,2025-10,55.3,0.256,False
PO002287,SUP0012,PRD0065,2025-04-22,382,3.78,USD,1443.96,fulfilled,Stanley LLC,Japan,60.6,FURN-Dark-65,Furniture,2025-04-29,pending,,2025-04,10.5,0.055,False
PO002288,SUP0034,PRD0069,2025-11-20,615,455.66,USD,280230.9,open,Koch-Decker,India,69.9,FOOD-Challenge-69,Food & Beverage,2025-11-22,overdue,,2025-11,45.0,0.103,False
PO002289,SUP0010,PRD0034,2026-03-05,158,821.13,USD,129738.54,fulfilled,"Martinez, Nielsen and Miller",Egypt,43.6,CHEM-Part-34,Chemicals,2026-03-08,paid,2026-03-17,2026-03,53.6,0.158,False
PO002290,SUP0012,PRD0028,2025-01-20,127,18.69,USD,2373.63,fulfilled,Stanley LLC,Japan,60.6,AUTO-Notice-28,Automotive Parts,2025-01-27,paid,2025-02-25,2025-01,5.0,0.047,False
PO002291,SUP0036,PRD0117,2025-04-22,298,129.2,USD,38501.6,fulfilled,Dennis Inc,South Korea,60.1,CHEM-Only-117,Chemicals,2025-04-28,paid,2025-05-30,2025-04,23.2,0.075,False
PO002292,SUP0030,PRD0079,2026-09-03,488,1935.46,USD,944504.48,fulfilled,Stanton-Gill,Indonesia,60.5,FOOD-System-79,Food & Beverage,2026-09-16,paid,2026-09-27,2026-09,47.8,0.132,False
PO002293,SUP0020,PRD0075,2025-06-17,141,1500.88,USD,211624.08,fulfilled,Lewis-Porter,Pakistan,59.2,TEXT-Two-75,Textiles,2025-07-01,pending,,2025-06,74.1,0.266,False
PO002294,SUP0032,PRD0084,2026-07-04,28,239.96,USD,6718.88,fulfilled,"Lynch, Hernandez and Farmer",Vietnam,57.2,PACK-Apply-84,Packaging,2026-07-05,pending,,2026-07,45.3,0.105,False
PO002295,SUP0026,PRD0057,2024-10-10,179,392.45,USD,70248.55,open,James-Ferrell,Egypt,85.3,CHEM-Ask-57,Chemicals,2024-10-23,paid,2024-11-15,2024-10,55.1,0.243,False
PO002296,SUP0022,PRD0139,2024-12-24,245,1030.38,USD,252443.1,fulfilled,Burgess-Patterson,Pakistan,79.0,FOOD-Nice-139,Food & Beverage,2025-01-03,overdue,,2024-12,71.8,0.224,True
PO002297,SUP0008,PRD0102,2025-05-13,451,565.94,USD,255238.94,fulfilled,Davis Inc,Pakistan,69.7,TEXT-Artist-102,Textiles,2025-05-15,paid,2025-05-26,2025-05,63.8,0.268,False
PO002298,SUP0017,PRD0018,2025-01-09,401,297.56,USD,119321.56,fulfilled,"Hawkins, Cohen and Cameron",Nigeria,42.8,FURN-Almost-18,Furniture,2025-01-21,overdue,,2025-01,71.1,0.232,False
PO002299,SUP0035,PRD0095,2026-06-14,334,55.62,USD,18577.08,fulfilled,Allen PLC,Brazil,54.5,PACK-Investment-95,Packaging,2026-06-18,paid,2026-07-16,2026-06,57.0,0.161,False
PO002300,SUP0007,PRD0104,2025-07-20,353,194.48,USD,68651.44,fulfilled,Ramirez-Lewis,South Korea,49.8,AUTO-Hundred-104,Automotive Parts,2025-07-31,overdue,,2025-07,16.4,0.066,False
PO002301,SUP0021,PRD0074,2025-01-05,156,1160.21,USD,180992.76,fulfilled,"Ellis, Baker and Wright",India,80.5,MACH-Enjoy-74,Machinery,2025-01-16,paid,2025-01-30,2025-01,41.3,0.071,False
PO002302,SUP0040,PRD0091,2026-08-21,91,245.21,USD,22314.11,fulfilled,"Santos, Kim and Holmes",Turkey,71.1,FOOD-Some-91,Food & Beverage,2026-08-29,paid,2026-09-22,2026-08,58.2,0.17,False
PO002303,SUP0010,PRD0097,2024-11-29,60,1337.5,USD,80250.0,fulfilled,"Martinez, Nielsen and Miller",Egypt,43.6,ELEC-Medical-97,Electronics,2024-12-09,paid,2025-01-04,2024-11,56.9,0.198,False
PO002304,SUP0002,PRD0049,2025-04-02,412,86.29,USD,35551.48,fulfilled,Rhodes PLC,Germany,87.8,AUTO-Manage-49,Automotive Parts,2025-04-05,paid,2025-05-15,2025-04,10.7,0.038,False
PO002305,SUP0008,PRD0014,2025-09-07,555,6.57,USD,3646.35,fulfilled,Davis Inc,Pakistan,69.7,PACK-Artist-14,Packaging,2025-09-21,pending,,2025-09,64.2,0.282,False
PO002306,SUP0037,PRD0037,2024-12-16,307,1048.61,USD,321923.27,fulfilled,"Cannon, Anderson and Alvarez",United States,65.1,CHEM-Still-37,Chemicals,2024-12-30,paid,2025-01-07,2024-12,8.1,0.015,False
PO002307,SUP0036,PRD0031,2026-03-01,330,11.27,USD,3719.1,fulfilled,Dennis Inc,South Korea,60.1,FOOD-Worry-31,Food & Beverage,2026-03-10,pending,,2026-03,22.8,0.042,False
PO002308,SUP0019,PRD0037,2026-05-13,160,1542.8,USD,246848.0,fulfilled,Clark PLC,Germany,69.9,CHEM-Still-37,Chemicals,2026-05-19,paid,2026-06-04,2026-05,8.6,0.043,False
PO002309,SUP0030,PRD0002,2026-02-02,86,35.09,USD,3017.74,fulfilled,Stanton-Gill,Indonesia,60.5,PACK-Attack-2,Packaging,2026-02-15,overdue,,2026-02,49.4,0.152,False
PO002310,SUP0035,PRD0028,2026-01-28,483,1323.33,USD,639168.39,fulfilled,Allen PLC,Brazil,54.5,AUTO-Notice-28,Automotive Parts,2026-02-03,paid,2026-02-19,2026-01,47.9,0.095,False
PO002311,SUP0017,PRD0081,2025-09-13,168,6.44,USD,1081.92,fulfilled,"Hawkins, Cohen and Cameron",Nigeria,42.8,PACK-Total-81,Packaging,2025-09-22,paid,2025-11-04,2025-09,67.2,0.203,False
PO002312,SUP0037,PRD0020,2025-11-16,186,257.49,USD,47893.14,fulfilled,"Cannon, Anderson and Alvarez",United States,65.1,FOOD-Give-20,Food & Beverage,2025-11-26,paid,2025-12-28,2025-11,10.2,0.028,False
PO002313,SUP0025,PRD0071,2024-10-02,86,391.47,USD,33666.42,fulfilled,Conner Group,Bangladesh,77.2,ELEC-Cover-71,Electronics,2024-10-12,paid,2024-11-25,2024-10,49.3,0.179,False
PO002314,SUP0021,PRD0103,2025-05-31,293,134.75,USD,39481.75,fulfilled,"Ellis, Baker and Wright",India,80.5,AUTO-Community-103,Automotive Parts,2025-06-06,pending,,2025-05,43.6,0.104,False
PO002315,SUP0036,PRD0074,2025-06-01,229,881.54,USD,201872.66,open,Dennis Inc,South Korea,60.1,MACH-Enjoy-74,Machinery,2025-06-14,pending,,2025-06,16.2,0.07,False
PO002316,SUP0003,PRD0057,2026-07-20,276,336.02,USD,92741.52,fulfilled,Johnson-Davis,Vietnam,88.7,CHEM-Ask-57,Chemicals,2026-07-27,paid,2026-08-11,2026-07,40.6,0.138,False
PO002317,SUP0015,PRD0071,2025-04-11,537,3.49,USD,1874.13,fulfilled,"Zuniga, Wong and Lynch",India,76.1,ELEC-Cover-71,Electronics,2025-04-25,paid,2025-05-11,2025-04,38.5,0.117,False
PO002318,SUP0004,PRD0125,2025-12-10,515,802.49,USD,413282.35,fulfilled,"Johnson, Gonzalez and Santos",Mexico,76.5,TEXT-Article-125,Textiles,2025-12-20,paid,2026-01-02,2025-12,36.2,0.148,False
PO002319,SUP0012,PRD0106,2024-09-19,199,37.56,USD,7474.44,fulfilled,Stanley LLC,Japan,60.6,AUTO-In-106,Automotive Parts,2024-09-25,paid,2024-10-02,2024-09,,,
PO002320,SUP0007,PRD0074,2025-03-18,58,6.23,USD,361.34,fulfilled,Ramirez-Lewis,South Korea,49.8,MACH-Enjoy-74,Machinery,2025-03-25,paid,2025-04-28,2025-03,19.4,0.055,False
PO002321,SUP0029,PRD0001,2024-12-25,127,2.31,USD,293.37,fulfilled,Chavez Ltd,Poland,66.3,MACH-Down-1,Machinery,2025-01-03,paid,2025-02-08,2024-12,31.4,0.096,False
PO002322,SUP0028,PRD0120,2026-05-09,400,2.36,USD,944.0,fulfilled,"Potter, Mack and Peterson",Germany,88.1,MACH-Message-120,Machinery,2026-05-15,paid,2026-05-21,2026-05,12.4,0.037,False
PO002323,SUP0005,PRD0041,2026-02-01,187,660.5,USD,123513.5,fulfilled,Cole LLC,Mexico,58.0,PACK-Customer-41,Packaging,2026-02-15,paid,2026-03-14,2026-02,36.4,0.071,False
PO002324,SUP0017,PRD0139,2024-12-22,749,10.16,USD,7609.84,open,"Hawkins, Cohen and Cameron",Nigeria,42.8,FOOD-Nice-139,Food & Beverage,2025-01-03,pending,,2024-12,64.7,0.214,False
PO002325,SUP0030,PRD0065,2024-12-25,112,216.18,USD,24212.16,fulfilled,Stanton-Gill,Indonesia,60.5,FURN-Dark-65,Furniture,2025-01-02,paid,2025-01-10,2024-12,43.5,0.102,False
PO002326,SUP0031,PRD0121,2025-07-11,162,607.59,USD,98429.58,fulfilled,Harrell LLC,Brazil,87.2,ELEC-Clear-121,Electronics,2025-07-21,paid,2025-09-01,2025-07,50.3,0.167,False
PO002327,SUP0038,PRD0039,2025-08-20,226,242.84,USD,54881.84,open,Rose-Obrien,South Africa,61.5,MACH-Surface-39,Machinery,2025-08-22,pending,,2025-08,58.1,0.195,False
PO002328,SUP0006,PRD0137,2026-05-01,221,6.74,USD,1489.54,fulfilled,Blake and Sons,China,58.0,FOOD-Wide-137,Food & Beverage,2026-05-04,overdue,,2026-05,24.1,0.065,False
PO002329,SUP0036,PRD0036,2025-09-06,125,894.67,USD,111833.75,fulfilled,Dennis Inc,South Korea,60.1,ELEC-Eight-36,Electronics,2025-09-10,paid,2025-09-25,2025-09,25.6,0.077,False
PO002330,SUP0001,PRD0011,2024-10-17,578,21.71,USD,12548.38,fulfilled,"Rodriguez, Figueroa and Sanchez",South Korea,74.7,TEXT-Avoid-11,Textiles,2024-10-20,pending,,2024-10,17.6,0.067,False
PO002331,SUP0009,PRD0053,2025-09-05,170,2.37,USD,402.9,open,Munoz-Roman,United States,66.0,PACK-Report-53,Packaging,2025-09-14,paid,2025-10-02,2025-09,15.4,0.033,False
PO002332,SUP0040,PRD0117,2024-12-22,241,32.58,USD,7851.78,open,"Santos, Kim and Holmes",Turkey,71.1,CHEM-Only-117,Chemicals,2024-12-25,paid,2025-01-27,2024-12,58.2,0.241,False
PO002333,SUP0035,PRD0040,2025-04-14,1239,5.16,USD,6393.24,fulfilled,Allen PLC,Brazil,54.5,FURN-Investment-40,Furniture,2025-04-15,overdue,,2025-04,50.9,0.162,False
PO002334,SUP0016,PRD0144,2025-04-24,336,50.69,USD,17031.84,fulfilled,"Sanchez, Ford and Nelson",Mexico,67.6,FURN-Today-144,Furniture,2025-04-29,paid,2025-05-24,2025-04,36.2,0.082,False
PO002335,SUP0015,PRD0112,2026-01-24,463,6865.12,USD,3178550.56,open,"Zuniga, Wong and Lynch",India,76.1,FURN-Feeling-112,Furniture,2026-01-27,paid,2026-02-22,2026-01,38.8,0.119,False
PO002336,SUP0008,PRD0114,2025-09-01,172,288.49,USD,49620.28,fulfilled,Davis Inc,Pakistan,69.7,FOOD-Same-114,Food & Beverage,2025-09-05,paid,2025-09-13,2025-09,64.2,0.282,False
PO002337,SUP0021,PRD0117,2026-04-24,69,1495.41,USD,103183.29,open,"Ellis, Baker and Wright",India,80.5,CHEM-Only-117,Chemicals,2026-05-02,pending,,2026-04,39.7,0.087,False
PO002338,SUP0019,PRD0090,2026-04-14,94,2704.92,USD,254262.48,fulfilled,Clark PLC,Germany,69.9,MACH-With-90,Machinery,2026-04-17,paid,2026-05-17,2026-04,12.5,0.048,False
PO002339,SUP0011,PRD0150,2025-03-01,76,2.91,USD,221.16,fulfilled,"Montgomery, Hensley and Ray",Indonesia,56.0,TEXT-Training-150,Textiles,2025-03-07,paid,2025-03-20,2025-03,44.9,0.142,False
PO002340,SUP0040,PRD0068,2025-09-02,97,3.31,USD,321.07,fulfilled,"Santos, Kim and Holmes",Turkey,71.1,FURN-List-68,Furniture,2025-09-05,paid,2025-09-28,2025-09,53.6,0.209,False
PO002341,SUP0025,PRD0057,2025-11-18,480,1684.99,USD,808795.2,fulfilled,Conner Group,Bangladesh,77.2,CHEM-Ask-57,Chemicals,2025-11-30,overdue,,2025-11,57.7,0.167,False
PO002342,SUP0029,PRD0103,2025-04-20,226,298.55,USD,67472.3,fulfilled,Chavez Ltd,Poland,66.3,AUTO-Community-103,Automotive Parts,2025-05-03,paid,2025-06-16,2025-04,26.6,0.105,False
PO002343,SUP0035,PRD0044,2025-12-05,100,1965.33,USD,196533.0,fulfilled,Allen PLC,Brazil,54.5,MACH-Reason-44,Machinery,2025-12-12,paid,2026-01-09,2025-12,43.5,0.166,False
PO002344,SUP0040,PRD0026,2026-07-01,1024,3.91,USD,4003.84,fulfilled,"Santos, Kim and Holmes",Turkey,71.1,PACK-Mention-26,Packaging,2026-07-14,paid,2026-08-13,2026-07,53.9,0.206,False
PO002345,SUP0006,PRD0143,2024-09-13,286,16.18,USD,4627.48,fulfilled,Blake and Sons,China,58.0,TEXT-Be-143,Textiles,2024-09-17,overdue,,2024-09,,,
PO002346,SUP0012,PRD0111,2025-03-15,170,1184.12,USD,201300.4,fulfilled,Stanley LLC,Japan,60.6,PACK-Look-111,Packaging,2025-03-17,overdue,,2025-03,9.9,0.06,False
PO002347,SUP0013,PRD0049,2025-10-28,969,2803.99,USD,2717066.31,open,Delacruz Group,Germany,77.3,AUTO-Manage-49,Automotive Parts,2025-11-03,paid,2025-11-30,2025-10,9.1,0.04,False
PO002348,SUP0025,PRD0038,2025-04-06,418,89.06,USD,37227.08,fulfilled,Conner Group,Bangladesh,77.2,ELEC-Material-38,Electronics,2025-04-10,pending,,2025-04,53.6,0.114,False
PO002349,SUP0012,PRD0004,2025-01-22,405,2475.45,USD,1002557.25,fulfilled,Stanley LLC,Japan,60.6,FOOD-Against-4,Food & Beverage,2025-01-27,paid,2025-02-06,2025-01,5.0,0.047,False
PO002350,SUP0005,PRD0121,2026-02-07,134,24.38,USD,3266.92,open,Cole LLC,Mexico,58.0,ELEC-Clear-121,Electronics,2026-02-19,paid,2026-03-15,2026-02,36.4,0.071,False
PO002351,SUP0008,PRD0058,2025-09-07,437,5159.32,USD,2254622.84,fulfilled,Davis Inc,Pakistan,69.7,AUTO-Interesting-58,Automotive Parts,2025-09-20,paid,2025-10-09,2025-09,64.2,0.282,False
PO002352,SUP0019,PRD0096,2025-03-26,826,961.6,USD,794281.6,fulfilled,Clark PLC,Germany,69.9,CHEM-Mention-96,Chemicals,2025-03-30,paid,2025-04-05,2025-03,5.0,0.033,False
PO002353,SUP0020,PRD0136,2026-06-29,368,58.67,USD,21590.56,open,Lewis-Porter,Pakistan,59.2,AUTO-Morning-136,Automotive Parts,2026-07-07,pending,,2026-06,67.4,0.376,False
PO002354,SUP0017,PRD0082,2025-06-23,722,338.48,USD,244382.56,fulfilled,"Hawkins, Cohen and Cameron",Nigeria,42.8,AUTO-Oil-82,Automotive Parts,2025-06-27,paid,2025-07-19,2025-06,67.9,0.249,False
PO002355,SUP0030,PRD0128,2025-01-31,241,2.46,USD,592.86,fulfilled,Stanton-Gill,Indonesia,60.5,TEXT-Occur-128,Textiles,2025-02-07,paid,2025-03-22,2025-01,41.7,0.083,False
PO002356,SUP0026,PRD0016,2025-05-08,195,275.67,USD,53755.65,fulfilled,James-Ferrell,Egypt,85.3,CHEM-Author-16,Chemicals,2025-05-17,paid,2025-05-31,2025-05,52.8,0.219,False
PO002357,SUP0003,PRD0081,2026-08-22,355,36.88,USD,13092.4,fulfilled,Johnson-Davis,Vietnam,88.7,PACK-Total-81,Packaging,2026-09-01,paid,2026-10-15,2026-08,43.9,0.09,False
PO002358,SUP0027,PRD0133,2026-08-24,42,1882.63,USD,79070.46,fulfilled,"Valencia, Smith and Le",Vietnam,70.4,PACK-Apply-133,Packaging,2026-09-03,paid,2026-10-13,2026-08,46.2,0.094,False
PO002359,SUP0008,PRD0147,2026-02-13,524,80.18,USD,42014.32,fulfilled,Davis Inc,Pakistan,69.7,FURN-Physical-147,Furniture,2026-02-15,paid,2026-03-20,2026-02,67.2,0.238,False
PO002360,SUP0020,PRD0040,2025-03-28,190,454.25,USD,86307.5,fulfilled,Lewis-Porter,Pakistan,59.2,FURN-Investment-40,Furniture,2025-04-09,paid,2025-05-08,2025-03,73.8,0.269,False
PO002361,SUP0028,PRD0062,2025-01-02,28,323.61,USD,9061.08,open,"Potter, Mack and Peterson",Germany,88.1,TEXT-Training-62,Textiles,2025-01-10,paid,2025-01-21,2025-01,9.2,0.037,False
PO002362,SUP0034,PRD0046,2026-05-10,78,1382.24,USD,107814.72,fulfilled,Koch-Decker,India,69.9,FOOD-Health-46,Food & Beverage,2026-05-12,paid,2026-05-24,2026-05,40.0,0.113,False
PO002363,SUP0025,PRD0075,2025-04-02,93,13.5,USD,1255.5,fulfilled,Conner Group,Bangladesh,77.2,TEXT-Two-75,Textiles,2025-04-09,pending,,2025-04,53.6,0.114,False
PO002364,SUP0039,PRD0114,2025-01-16,321,91.52,USD,29377.92,open,"Campos, Vaughn and Marquez",South Korea,62.6,FOOD-Same-114,Food & Beverage,2025-01-23,overdue,,2025-01,20.5,0.094,False
PO002365,SUP0009,PRD0074,2025-07-17,58,2.66,USD,154.28,open,Munoz-Roman,United States,66.0,MACH-Enjoy-74,Machinery,2025-07-20,paid,2025-09-02,2025-07,17.9,0.023,False
PO002366,SUP0035,PRD0045,2026-07-19,174,843.1,USD,146699.4,open,Allen PLC,Brazil,54.5,CHEM-Lawyer-45,Chemicals,2026-08-01,paid,2026-09-03,2026-07,46.8,0.198,False
PO002367,SUP0012,PRD0097,2025-05-20,216,2.37,USD,511.92,fulfilled,Stanley LLC,Japan,60.6,ELEC-Medical-97,Electronics,2025-05-28,pending,,2025-05,11.4,0.038,False
PO002368,SUP0021,PRD0023,2025-09-04,1036,1410.85,USD,1461640.6,fulfilled,"Ellis, Baker and Wright",India,80.5,MACH-Economy-23,Machinery,2025-09-15,paid,2025-10-16,2025-09,41.7,0.069,False
PO002369,SUP0019,PRD0121,2025-04-15,197,260.89,USD,51395.33,open,Clark PLC,Germany,69.9,ELEC-Clear-121,Electronics,2025-04-28,paid,2025-05-27,2025-04,9.6,0.04,False
PO002370,SUP0006,PRD0013,2026-03-08,88,347.76,USD,30602.88,cancelled,Blake and Sons,China,58.0,CHEM-Program-13,Chemicals,,,,2026-03,27.3,0.072,False
PO002371,SUP0004,PRD0075,2024-12-02,61,2.31,USD,140.91,fulfilled,"Johnson, Gonzalez and Santos",Mexico,76.5,TEXT-Two-75,Textiles,2024-12-14,paid,2025-01-13,2024-12,38.0,0.144,False
PO002372,SUP0025,PRD0021,2025-09-12,187,869.3,USD,162559.1,cancelled,Conner Group,Bangladesh,77.2,MACH-Avoid-21,Machinery,,,,2025-09,58.4,0.124,False
PO002373,SUP0036,PRD0141,2025-08-25,72,1950.61,USD,140443.92,fulfilled,Dennis Inc,South Korea,60.1,CHEM-Art-141,Chemicals,2025-09-06,paid,2025-10-02,2025-08,23.0,0.072,False
PO002374,SUP0027,PRD0056,2025-03-30,59,12.39,USD,731.01,fulfilled,"Valencia, Smith and Le",Vietnam,70.4,MACH-Billion-56,Machinery,2025-03-31,overdue,,2025-03,33.7,0.101,False
PO002375,SUP0032,PRD0133,2025-06-30,256,101.59,USD,26007.04,fulfilled,"Lynch, Hernandez and Farmer",Vietnam,57.2,PACK-Apply-133,Packaging,2025-07-08,paid,2025-08-04,2025-06,38.4,0.093,False
PO002376,SUP0040,PRD0121,2025-04-05,78,1576.94,USD,123001.32,open,"Santos, Kim and Holmes",Turkey,71.1,ELEC-Clear-121,Electronics,2025-04-07,overdue,,2025-04,71.0,0.215,True
PO002377,SUP0030,PRD0097,2025-10-29,182,112.69,USD,20509.58,fulfilled,Stanton-Gill,Indonesia,60.5,ELEC-Medical-97,Electronics,2025-11-01,paid,2025-11-25,2025-10,41.1,0.128,False
PO002378,SUP0040,PRD0066,2024-10-08,990,2.87,USD,2841.3,fulfilled,"Santos, Kim and Holmes",Turkey,71.1,TEXT-Customer-66,Textiles,2024-10-13,overdue,,2024-10,53.2,0.237,False
PO002379,SUP0023,PRD0117,2026-02-05,556,111.75,USD,62133.0,fulfilled,Robinson-Bright,Indonesia,70.0,CHEM-Only-117,Chemicals,2026-02-09,overdue,,2026-02,43.0,0.08,False
PO002380,SUP0019,PRD0079,2025-03-02,344,737.22,USD,253603.68,fulfilled,Clark PLC,Germany,69.9,FOOD-System-79,Food & Beverage,2025-03-14,pending,,2025-03,5.0,0.033,False
PO002381,SUP0039,PRD0120,2026-02-05,1158,399.84,USD,463014.72,cancelled,"Campos, Vaughn and Marquez",South Korea,62.6,MACH-Message-120,Machinery,,,,2026-02,28.3,0.078,False
PO002382,SUP0026,PRD0150,2025-11-29,179,213.85,USD,38279.15,open,James-Ferrell,Egypt,85.3,TEXT-Training-150,Textiles,2025-11-30,pending,,2025-11,43.9,0.173,False
PO002383,SUP0012,PRD0136,2024-10-16,96,13.17,USD,1264.32,cancelled,Stanley LLC,Japan,60.6,AUTO-Morning-136,Automotive Parts,,,,2024-10,15.5,0.052,False
PO002384,SUP0006,PRD0065,2025-06-24,407,5.99,USD,2437.93,cancelled,Blake and Sons,China,58.0,FURN-Dark-65,Furniture,,,,2025-06,19.7,0.072,False
PO002385,SUP0030,PRD0076,2025-07-17,101,429.4,USD,43369.4,fulfilled,Stanton-Gill,Indonesia,60.5,PACK-Wind-76,Packaging,2025-07-18,paid,2025-08-06,2025-07,48.1,0.118,False
PO002386,SUP0031,PRD0016,2024-09-09,335,1078.14,USD,361176.9,open,Harrell LLC,Brazil,87.2,CHEM-Author-16,Chemicals,2024-09-13,pending,,2024-09,,,
PO002387,SUP0039,PRD0004,2026-08-23,53,93.63,USD,4962.39,fulfilled,"Campos, Vaughn and Marquez",South Korea,62.6,FOOD-Against-4,Food & Beverage,2026-08-31,paid,2026-09-05,2026-08,22.7,0.076,False
PO002388,SUP0037,PRD0103,2025-08-26,310,21.33,USD,6612.3,fulfilled,"Cannon, Anderson and Alvarez",United States,65.1,AUTO-Community-103,Automotive Parts,2025-09-02,paid,2025-09-14,2025-08,18.8,0.029,False
PO002389,SUP0022,PRD0093,2025-03-28,699,2.36,USD,1649.64,fulfilled,Burgess-Patterson,Pakistan,79.0,TEXT-Economic-93,Textiles,2025-03-30,paid,2025-05-10,2025-03,62.3,0.253,False
PO002390,SUP0039,PRD0103,2026-08-27,122,63.06,USD,7693.32,fulfilled,"Campos, Vaughn and Marquez",South Korea,62.6,AUTO-Community-103,Automotive Parts,2026-09-02,paid,2026-09-14,2026-08,22.7,0.076,False
PO002391,SUP0026,PRD0058,2026-06-23,55,351.21,USD,19316.55,open,James-Ferrell,Egypt,85.3,AUTO-Interesting-58,Automotive Parts,2026-07-02,paid,2026-07-09,2026-06,53.8,0.195,False
PO002392,SUP0009,PRD0075,2026-08-09,928,121.83,USD,113058.24,fulfilled,Munoz-Roman,United States,66.0,TEXT-Two-75,Textiles,2026-08-16,paid,2026-09-17,2026-08,19.3,0.05,False
PO002393,SUP0017,PRD0040,2026-01-31,237,2506.1,USD,593945.7,fulfilled,"Hawkins, Cohen and Cameron",Nigeria,42.8,FURN-Investment-40,Furniture,2026-02-05,paid,2026-02-18,2026-01,78.2,0.308,False
PO002394,SUP0025,PRD0144,2025-04-05,614,162.59,USD,99830.26,open,Conner Group,Bangladesh,77.2,FURN-Today-144,Furniture,2025-04-16,paid,2025-05-12,2025-04,53.6,0.114,False
PO002395,SUP0006,PRD0100,2025-12-12,308,488.48,USD,150451.84,fulfilled,Blake and Sons,China,58.0,TEXT-Institution-100,Textiles,2025-12-14,paid,2025-12-29,2025-12,29.1,0.074,False
PO002396,SUP0010,PRD0075,2025-10-10,386,947.77,USD,365839.22,fulfilled,"Martinez, Nielsen and Miller",Egypt,43.6,TEXT-Two-75,Textiles,2025-10-15,paid,2025-11-14,2025-10,54.7,0.205,False
PO002397,SUP0021,PRD0079,2025-08-24,275,620.58,USD,170659.5,fulfilled,"Ellis, Baker and Wright",India,80.5,FOOD-System-79,Food & Beverage,2025-08-27,paid,2025-09-28,2025-08,38.9,0.141,False
PO002398,SUP0034,PRD0106,2025-02-10,1054,646.46,USD,681368.84,fulfilled,Koch-Decker,India,69.9,AUTO-In-106,Automotive Parts,2025-02-13,paid,2025-03-01,2025-02,37.7,0.09,False
PO002399,SUP0017,PRD0112,2025-01-17,173,75.78,USD,13109.94,fulfilled,"Hawkins, Cohen and Cameron",Nigeria,42.8,FURN-Feeling-112,Furniture,2025-01-27,pending,,2025-01,71.1,0.232,False
PO002400,SUP0023,PRD0004,2025-12-25,37,570.43,USD,21105.91,open,Robinson-Bright,Indonesia,70.0,FOOD-Against-4,Food & Beverage,2025-12-31,paid,2026-02-10,2025-12,40.7,0.163,False
PO002401,SUP0005,PRD0105,2025-09-08,219,72.91,USD,15967.29,fulfilled,Cole LLC,Mexico,58.0,FOOD-Able-105,Food & Beverage,2025-09-21,paid,2025-11-01,2025-09,40.5,0.089,False
PO002402,SUP0037,PRD0091,2025-10-11,151,28.52,USD,4306.52,fulfilled,"Cannon, Anderson and Alvarez",United States,65.1,FOOD-Some-91,Food & Beverage,2025-10-19,paid,2025-11-23,2025-10,17.3,0.03,False
PO002403,SUP0012,PRD0133,2026-01-24,161,2.39,USD,384.79,fulfilled,Stanley LLC,Japan,60.6,PACK-Apply-133,Packaging,2026-01-26,paid,2026-02-03,2026-01,21.6,0.072,False
PO002404,SUP0017,PRD0064,2025-07-21,33,2.37,USD,78.21,open,"Hawkins, Cohen and Cameron",Nigeria,42.8,AUTO-Energy-64,Automotive Parts,2025-07-22,pending,,2025-07,67.7,0.288,False
PO002405,SUP0013,PRD0137,2026-08-15,423,1295.58,USD,548030.34,fulfilled,Delacruz Group,Germany,77.3,FOOD-Wide-137,Food & Beverage,2026-08-29,paid,2026-09-07,2026-08,6.2,0.05,False
PO002406,SUP0004,PRD0133,2025-10-28,205,207.36,USD,42508.8,fulfilled,"Johnson, Gonzalez and Santos",Mexico,76.5,PACK-Apply-133,Packaging,2025-11-05,paid,2025-12-05,2025-10,35.5,0.148,False
PO002407,SUP0032,PRD0111,2025-04-21,203,282.97,USD,57442.91,cancelled,"Lynch, Hernandez and Farmer",Vietnam,57.2,PACK-Look-111,Packaging,,,,2025-04,43.2,0.103,False
PO002408,SUP0020,PRD0016,2026-04-11,237,385.64,USD,91396.68,fulfilled,Lewis-Porter,Pakistan,59.2,CHEM-Author-16,Chemicals,2026-04-23,paid,2026-05-25,2026-04,63.1,0.22,False
PO002409,SUP0012,PRD0065,2025-03-11,241,2408.4,USD,580424.4,cancelled,Stanley LLC,Japan,60.6,FURN-Dark-65,Furniture,,,,2025-03,9.9,0.06,False
PO002410,SUP0025,PRD0097,2025-09-09,66,33.63,USD,2219.58,fulfilled,Conner Group,Bangladesh,77.2,ELEC-Medical-97,Electronics,2025-09-12,paid,2025-10-05,2025-09,58.4,0.124,False
PO002411,SUP0026,PRD0110,2025-11-05,351,19.45,USD,6826.95,cancelled,James-Ferrell,Egypt,85.3,CHEM-Still-110,Chemicals,,,,2025-11,43.9,0.173,False
PO002412,SUP0036,PRD0078,2024-12-04,537,1215.31,USD,652621.47,cancelled,Dennis Inc,South Korea,60.1,AUTO-Level-78,Automotive Parts,,,,2024-12,26.8,0.062,False
PO002413,SUP0026,PRD0038,2025-08-04,430,2.31,USD,993.3,fulfilled,James-Ferrell,Egypt,85.3,ELEC-Material-38,Electronics,2025-08-09,paid,2025-09-08,2025-08,52.4,0.149,False
PO002414,SUP0021,PRD0064,2026-02-15,217,8.83,USD,1916.11,fulfilled,"Ellis, Baker and Wright",India,80.5,AUTO-Energy-64,Automotive Parts,2026-03-01,pending,,2026-02,41.4,0.122,False
PO002415,SUP0019,PRD0003,2024-11-01,352,2.31,USD,813.12,fulfilled,Clark PLC,Germany,69.9,ELEC-Ground-3,Electronics,2024-11-05,paid,2024-11-25,2024-11,16.4,0.037,False
PO002416,SUP0032,PRD0079,2024-10-27,387,1434.0,USD,554958.0,fulfilled,"Lynch, Hernandez and Farmer",Vietnam,57.2,FOOD-System-79,Food & Beverage,2024-11-08,paid,2024-11-18,2024-10,46.5,0.103,False
PO002417,SUP0027,PRD0070,2026-06-10,73,3.97,USD,289.81,fulfilled,"Valencia, Smith and Le",Vietnam,70.4,PACK-Knowledge-70,Packaging,2026-06-18,paid,2026-06-28,2026-06,45.3,0.102,False
PO002418,SUP0014,PRD0013,2024-12-30,149,2.45,USD,365.05,fulfilled,"Flowers, Martin and Kelly",United States,46.7,CHEM-Program-13,Chemicals,2024-12-31,paid,2025-02-01,2024-12,17.2,0.025,False
PO002419,SUP0020,PRD0083,2026-04-06,130,3952.52,USD,513827.6,fulfilled,Lewis-Porter,Pakistan,59.2,TEXT-Billion-83,Textiles,2026-04-19,pending,,2026-04,63.1,0.22,False
PO002420,SUP0002,PRD0018,2025-04-29,568,2.45,USD,1391.6,fulfilled,Rhodes PLC,Germany,87.8,FURN-Almost-18,Furniture,2025-05-05,pending,,2025-04,10.7,0.038,False
PO002421,SUP0003,PRD0045,2026-04-17,732,568.95,USD,416471.4,fulfilled,Johnson-Davis,Vietnam,88.7,CHEM-Lawyer-45,Chemicals,2026-04-28,paid,2026-05-07,2026-04,47.2,0.129,False
PO002422,SUP0026,PRD0122,2025-06-02,287,257.52,USD,73908.24,open,James-Ferrell,Egypt,85.3,CHEM-Customer-122,Chemicals,2025-06-13,paid,2025-07-08,2025-06,53.2,0.177,False
PO002423,SUP0014,PRD0036,2026-08-23,638,1219.1,USD,777785.8,fulfilled,"Flowers, Martin and Kelly",United States,46.7,ELEC-Eight-36,Electronics,2026-08-27,paid,2026-09-05,2026-08,9.6,0.02,False
PO002424,SUP0003,PRD0139,2025-02-09,249,2967.68,USD,738952.32,fulfilled,Johnson-Davis,Vietnam,88.7,FOOD-Nice-139,Food & Beverage,2025-02-10,paid,2025-03-05,2025-02,40.0,0.115,False
PO002425,SUP0004,PRD0135,2025-04-27,337,2.31,USD,778.47,fulfilled,"Johnson, Gonzalez and Santos",Mexico,76.5,CHEM-Me-135,Chemicals,2025-05-07,paid,2025-05-25,2025-04,38.1,0.127,False
PO002426,SUP0006,PRD0002,2025-12-07,308,93.6,USD,28828.8,open,Blake and Sons,China,58.0,PACK-Attack-2,Packaging,2025-12-15,paid,2025-12-30,2025-12,29.1,0.074,False
PO002427,SUP0012,PRD0102,2026-08-05,715,103.22,USD,73802.3,fulfilled,Stanley LLC,Japan,60.6,TEXT-Artist-102,Textiles,2026-08-17,paid,2026-09-22,2026-08,20.7,0.044,False
PO002428,SUP0008,PRD0019,2025-11-22,90,103.08,USD,9277.2,fulfilled,Davis Inc,Pakistan,69.7,PACK-Trade-19,Packaging,2025-12-04,paid,2025-12-29,2025-11,68.2,0.133,False
PO002429,SUP0036,PRD0103,2026-02-12,90,42.06,USD,3785.4,fulfilled,Dennis Inc,South Korea,60.1,AUTO-Community-103,Automotive Parts,2026-02-23,overdue,,2026-02,21.2,0.077,False
PO002430,SUP0004,PRD0040,2025-08-28,312,39.0,USD,12168.0,fulfilled,"Johnson, Gonzalez and Santos",Mexico,76.5,FURN-Investment-40,Furniture,2025-09-02,paid,2025-10-10,2025-08,45.5,0.092,False
PO002431,SUP0036,PRD0016,2025-04-20,179,2.32,USD,415.28,fulfilled,Dennis Inc,South Korea,60.1,CHEM-Author-16,Chemicals,2025-04-23,paid,2025-05-07,2025-04,23.2,0.075,False
PO002432,SUP0021,PRD0135,2024-12-15,498,2.31,USD,1150.38,fulfilled,"Ellis, Baker and Wright",India,80.5,CHEM-Me-135,Chemicals,2024-12-25,pending,,2024-12,38.4,0.078,False
PO002433,SUP0006,PRD0115,2026-01-10,960,1750.25,USD,1680240.0,fulfilled,Blake and Sons,China,58.0,FOOD-Side-115,Food & Beverage,2026-01-19,paid,2026-03-01,2026-01,23.7,0.078,False
PO002434,SUP0022,PRD0058,2026-01-25,36,2.32,USD,83.52,fulfilled,Burgess-Patterson,Pakistan,79.0,AUTO-Interesting-58,Automotive Parts,2026-02-02,overdue,,2026-01,64.2,0.296,False
PO002435,SUP0001,PRD0028,2026-07-06,64,278.49,USD,17823.36,fulfilled,"Rodriguez, Figueroa and Sanchez",South Korea,74.7,AUTO-Notice-28,Automotive Parts,2026-07-19,paid,2026-07-30,2026-07,25.5,0.07,False
PO002436,SUP0034,PRD0133,2025-03-09,65,7.53,USD,489.45,fulfilled,Koch-Decker,India,69.9,PACK-Apply-133,Packaging,2025-03-23,paid,2025-03-30,2025-03,31.3,0.126,False
PO002437,SUP0016,PRD0023,2026-02-03,107,68.57,USD,7336.99,fulfilled,"Sanchez, Ford and Nelson",Mexico,67.6,MACH-Economy-23,Machinery,2026-02-07,paid,2026-02-25,2026-02,43.0,0.102,False
PO002438,SUP0016,PRD0117,2024-09-30,128,2.35,USD,300.8,fulfilled,"Sanchez, Ford and Nelson",Mexico,67.6,CHEM-Only-117,Chemicals,2024-10-11,paid,2024-11-21,2024-09,,,
PO002439,SUP0018,PRD0100,2026-01-17,55,18.31,USD,1007.05,fulfilled,Underwood LLC,Philippines,54.2,TEXT-Institution-100,Textiles,2026-01-22,paid,2026-02-14,2026-01,38.7,0.107,False
PO002440,SUP0030,PRD0139,2025-12-18,959,327.67,USD,314235.53,open,Stanton-Gill,Indonesia,60.5,FOOD-Nice-139,Food & Beverage,2025-12-30,pending,,2025-12,46.3,0.143,False
PO002441,SUP0008,PRD0143,2024-10-23,449,47.98,USD,21543.02,open,Davis Inc,Pakistan,69.7,TEXT-Be-143,Textiles,2024-11-01,paid,2024-12-01,2024-10,62.8,0.317,False
PO002442,SUP0001,PRD0093,2025-08-31,34,419.97,USD,14278.98,cancelled,"Rodriguez, Figueroa and Sanchez",South Korea,74.7,TEXT-Economic-93,Textiles,,,,2025-08,21.1,0.105,False
PO002443,SUP0019,PRD0135,2024-12-06,108,142.36,USD,15374.88,fulfilled,Clark PLC,Germany,69.9,CHEM-Me-135,Chemicals,2024-12-17,pending,,2024-12,14.4,0.028,False
PO002444,SUP0027,PRD0015,2025-08-12,57,13.43,USD,765.51,fulfilled,"Valencia, Smith and Le",Vietnam,70.4,TEXT-Drop-15,Textiles,2025-08-26,pending,,2025-08,42.4,0.113,False
PO002445,SUP0008,PRD0117,2024-10-18,95,6.61,USD,627.95,fulfilled,Davis Inc,Pakistan,69.7,CHEM-Only-117,Chemicals,2024-10-22,paid,2024-12-01,2024-10,62.8,0.317,False
PO002446,SUP0035,PRD0095,2025-09-06,74,22.94,USD,1697.56,fulfilled,Allen PLC,Brazil,54.5,PACK-Investment-95,Packaging,2025-09-18,paid,2025-10-18,2025-09,43.5,0.223,False
PO002447,SUP0004,PRD0054,2026-03-19,413,14.65,USD,6050.45,open,"Johnson, Gonzalez and Santos",Mexico,76.5,FURN-Ready-54,Furniture,2026-03-20,overdue,,2026-03,32.4,0.136,False
PO002448,SUP0039,PRD0144,2026-04-22,1159,20.25,USD,23469.75,fulfilled,"Campos, Vaughn and Marquez",South Korea,62.6,FURN-Today-144,Furniture,2026-05-01,paid,2026-05-30,2026-04,19.5,0.063,False
PO002449,SUP0006,PRD0043,2026-03-09,89,220.57,USD,19630.73,cancelled,Blake and Sons,China,58.0,CHEM-Bill-43,Chemicals,,,,2026-03,27.3,0.072,False
PO002450,SUP0004,PRD0142,2024-10-25,74,95.38,USD,7058.12,fulfilled,"Johnson, Gonzalez and Santos",Mexico,76.5,TEXT-Movie-142,Textiles,2024-11-06,paid,2024-12-12,2024-10,42.4,0.12,False
PO002451,SUP0028,PRD0075,2026-01-05,288,14.43,USD,4155.84,cancelled,"Potter, Mack and Peterson",Germany,88.1,TEXT-Two-75,Textiles,,,,2026-01,9.7,0.035,False
PO002452,SUP0017,PRD0093,2026-04-28,265,672.29,USD,178156.85,fulfilled,"Hawkins, Cohen and Cameron",Nigeria,42.8,TEXT-Economic-93,Textiles,2026-04-29,pending,,2026-04,76.5,0.271,False
PO002453,SUP0015,PRD0091,2026-04-22,1137,1568.75,USD,1783668.75,cancelled,"Zuniga, Wong and Lynch",India,76.1,FOOD-Some-91,Food & Beverage,,,,2026-04,37.4,0.087,False
PO002454,SUP0001,PRD0026,2024-09-13,1153,321.35,USD,370516.55,fulfilled,"Rodriguez, Figueroa and Sanchez",South Korea,74.7,PACK-Mention-26,Packaging,2024-09-16,pending,,2024-09,,,
PO002455,SUP0032,PRD0146,2025-03-22,395,116.34,USD,45954.3,fulfilled,"Lynch, Hernandez and Farmer",Vietnam,57.2,FURN-Authority-146,Furniture,2025-03-30,paid,2025-05-09,2025-03,42.0,0.108,False
PO002456,SUP0001,PRD0075,2025-01-31,378,332.25,USD,125590.5,fulfilled,"Rodriguez, Figueroa and Sanchez",South Korea,74.7,TEXT-Two-75,Textiles,2025-02-11,paid,2025-03-26,2025-01,19.2,0.072,False
PO002457,SUP0020,PRD0102,2024-12-17,562,2503.9,USD,1407191.8,fulfilled,Lewis-Porter,Pakistan,59.2,TEXT-Artist-102,Textiles,2024-12-31,paid,2025-01-12,2024-12,66.3,0.239,False
PO002458,SUP0011,PRD0108,2025-12-05,36,3.06,USD,110.16,fulfilled,"Montgomery, Hensley and Ray",Indonesia,56.0,FURN-With-108,Furniture,2025-12-14,overdue,,2025-12,42.6,0.088,False
PO002459,SUP0021,PRD0112,2025-07-29,119,615.57,USD,73252.83,fulfilled,"Ellis, Baker and Wright",India,80.5,FURN-Feeling-112,Furniture,2025-08-04,paid,2025-08-31,2025-07,30.4,0.072,False
PO002460,SUP0014,PRD0062,2025-02-16,373,7.15,USD,2666.95,fulfilled,"Flowers, Martin and Kelly",United States,46.7,TEXT-Training-62,Textiles,2025-02-25,paid,2025-03-31,2025-02,12.9,0.024,False
PO002461,SUP0009,PRD0003,2026-03-29,369,304.32,USD,112294.08,fulfilled,Munoz-Roman,United States,66.0,ELEC-Ground-3,Electronics,2026-04-06,paid,2026-05-01,2026-03,18.9,0.021,False
PO002462,SUP0029,PRD0038,2025-12-25,318,27.32,USD,8687.76,fulfilled,Chavez Ltd,Poland,66.3,ELEC-Material-38,Electronics,2025-12-27,paid,2026-01-17,2025-12,23.8,0.099,False
PO002463,SUP0025,PRD0053,2025-03-06,217,21.01,USD,4559.17,cancelled,Conner Group,Bangladesh,77.2,PACK-Report-53,Packaging,,,,2025-03,53.0,0.165,False
PO002464,SUP0031,PRD0104,2025-09-20,114,12.63,USD,1439.82,fulfilled,Harrell LLC,Brazil,87.2,AUTO-Hundred-104,Automotive Parts,2025-09-25,pending,,2025-09,51.5,0.138,False
PO002465,SUP0001,PRD0097,2025-04-17,24,3.52,USD,84.48,open,"Rodriguez, Figueroa and Sanchez",South Korea,74.7,ELEC-Medical-97,Electronics,2025-04-24,paid,2025-06-05,2025-04,19.9,0.077,False
PO002466,SUP0004,PRD0110,2024-11-15,305,2869.67,USD,875249.35,fulfilled,"Johnson, Gonzalez and Santos",Mexico,76.5,CHEM-Still-110,Chemicals,2024-11-27,paid,2024-12-04,2024-11,34.3,0.129,False
PO002467,SUP0025,PRD0111,2026-04-23,335,813.53,USD,272532.55,fulfilled,Conner Group,Bangladesh,77.2,PACK-Look-111,Packaging,2026-04-26,paid,2026-06-03,2026-04,61.8,0.169,False
PO002468,SUP0017,PRD0038,2026-03-30,281,436.51,USD,122659.31,fulfilled,"Hawkins, Cohen and Cameron",Nigeria,42.8,ELEC-Material-38,Electronics,2026-04-02,paid,2026-04-11,2026-03,71.0,0.233,False
PO002469,SUP0015,PRD0097,2025-03-12,203,550.17,USD,111684.51,fulfilled,"Zuniga, Wong and Lynch",India,76.1,ELEC-Medical-97,Electronics,2025-03-25,paid,2025-04-03,2025-03,34.2,0.099,False
PO002470,SUP0002,PRD0092,2024-10-13,555,206.22,USD,114452.1,fulfilled,Rhodes PLC,Germany,87.8,ELEC-Time-92,Electronics,2024-10-26,paid,2024-11-23,2024-10,10.5,0.038,False
PO002471,SUP0025,PRD0048,2024-11-14,287,1021.67,USD,293219.29,fulfilled,Conner Group,Bangladesh,77.2,FOOD-Item-48,Food & Beverage,2024-11-21,pending,,2024-11,58.4,0.152,False
PO002472,SUP0002,PRD0064,2025-04-28,104,466.8,USD,48547.2,fulfilled,Rhodes PLC,Germany,87.8,AUTO-Energy-64,Automotive Parts,2025-05-09,paid,2025-05-31,2025-04,10.7,0.038,False
PO002473,SUP0026,PRD0015,2026-06-03,412,2358.43,USD,971673.16,fulfilled,James-Ferrell,Egypt,85.3,TEXT-Drop-15,Textiles,2026-06-09,paid,2026-06-29,2026-06,53.8,0.195,False
PO002474,SUP0026,PRD0066,2025-05-30,29,3949.79,USD,114543.91,fulfilled,James-Ferrell,Egypt,85.3,TEXT-Customer-66,Textiles,2025-06-02,paid,2025-07-12,2025-05,52.8,0.219,False
PO002475,SUP0008,PRD0003,2025-06-07,247,794.01,USD,196120.47,fulfilled,Davis Inc,Pakistan,69.7,ELEC-Ground-3,Electronics,2025-06-12,paid,2025-07-19,2025-06,67.0,0.252,True
PO002476,SUP0001,PRD0057,2026-04-16,431,9.64,USD,4154.84,fulfilled,"Rodriguez, Figueroa and Sanchez",South Korea,74.7,CHEM-Ask-57,Chemicals,2026-04-27,overdue,,2026-04,15.1,0.06,False
PO002477,SUP0035,PRD0133,2025-12-07,438,2550.34,USD,1117048.92,open,Allen PLC,Brazil,54.5,PACK-Apply-133,Packaging,2025-12-18,overdue,,2025-12,43.5,0.166,False
PO002478,SUP0025,PRD0078,2025-09-27,511,22.86,USD,11681.46,open,Conner Group,Bangladesh,77.2,AUTO-Level-78,Automotive Parts,2025-09-30,pending,,2025-09,58.4,0.124,False
PO002479,SUP0031,PRD0074,2026-01-30,298,90.27,USD,26900.46,fulfilled,Harrell LLC,Brazil,87.2,MACH-Enjoy-74,Machinery,2026-02-10,paid,2026-03-26,2026-01,56.3,0.178,False
PO002480,SUP0004,PRD0102,2026-06-10,434,57.48,USD,24946.32,fulfilled,"Johnson, Gonzalez and Santos",Mexico,76.5,TEXT-Artist-102,Textiles,2026-06-11,paid,2026-06-19,2026-06,35.6,0.151,False
PO002481,SUP0008,PRD0049,2025-01-30,98,7.73,USD,757.54,fulfilled,Davis Inc,Pakistan,69.7,AUTO-Manage-49,Automotive Parts,2025-02-01,paid,2025-03-11,2025-01,61.9,0.24,False
PO002482,SUP0007,PRD0122,2026-06-14,37,35.55,USD,1315.35,fulfilled,Ramirez-Lewis,South Korea,49.8,CHEM-Customer-122,Chemicals,2026-06-17,paid,2026-07-28,2026-06,23.9,0.084,False
PO002483,SUP0020,PRD0136,2026-06-23,529,3026.74,USD,1601145.46,fulfilled,Lewis-Porter,Pakistan,59.2,AUTO-Morning-136,Automotive Parts,2026-06-27,paid,2026-08-06,2026-06,67.4,0.376,False
PO002484,SUP0021,PRD0041,2025-05-02,479,2.44,USD,1168.76,open,"Ellis, Baker and Wright",India,80.5,PACK-Customer-41,Packaging,2025-05-05,paid,2025-05-19,2025-05,43.6,0.104,False
PO002485,SUP0023,PRD0070,2026-08-08,477,3344.55,USD,1595350.35,fulfilled,Robinson-Bright,Indonesia,70.0,PACK-Knowledge-70,Packaging,2026-08-09,paid,2026-08-21,2026-08,42.8,0.151,False
PO002486,SUP0030,PRD0008,2024-12-22,145,70.0,USD,10150.0,open,Stanton-Gill,Indonesia,60.5,PACK-Per-8,Packaging,2024-12-29,pending,,2024-12,43.5,0.102,False
PO002487,SUP0004,PRD0076,2026-07-28,609,757.56,USD,461354.04,fulfilled,"Johnson, Gonzalez and Santos",Mexico,76.5,PACK-Wind-76,Packaging,2026-08-08,paid,2026-08-16,2026-07,36.7,0.112,False
PO002488,SUP0030,PRD0017,2026-08-16,118,136.87,USD,16150.66,fulfilled,Stanton-Gill,Indonesia,60.5,TEXT-Western-17,Textiles,2026-08-26,paid,2026-09-26,2026-08,46.8,0.199,False
PO002489,SUP0010,PRD0005,2025-07-10,79,64.82,USD,5120.78,fulfilled,"Martinez, Nielsen and Miller",Egypt,43.6,TEXT-Per-5,Textiles,2025-07-23,paid,2025-08-30,2025-07,54.1,0.156,True
PO002490,SUP0009,PRD0007,2024-12-10,308,94.08,USD,28976.64,fulfilled,Munoz-Roman,United States,66.0,TEXT-Drug-7,Textiles,2024-12-11,pending,,2024-12,10.0,0.031,False
PO002491,SUP0017,PRD0068,2026-04-20,34,33.01,USD,1122.34,fulfilled,"Hawkins, Cohen and Cameron",Nigeria,42.8,FURN-List-68,Furniture,2026-04-24,overdue,,2026-04,76.5,0.271,False
PO002492,SUP0019,PRD0103,2026-04-22,122,716.1,USD,87364.2,open,Clark PLC,Germany,69.9,AUTO-Community-103,Automotive Parts,2026-04-27,paid,2026-05-28,2026-04,12.5,0.048,False
PO002493,SUP0010,PRD0097,2026-01-01,70,40.7,USD,2849.0,open,"Martinez, Nielsen and Miller",Egypt,43.6,ELEC-Medical-97,Electronics,2026-01-05,paid,2026-01-16,2026-01,57.0,0.183,False
PO002494,SUP0025,PRD0118,2026-05-18,377,3.93,USD,1481.61,fulfilled,Conner Group,Bangladesh,77.2,CHEM-Recently-118,Chemicals,2026-05-23,paid,2026-06-11,2026-05,51.6,0.176,False
PO002495,SUP0012,PRD0111,2025-04-20,71,2257.75,USD,160300.25,fulfilled,Stanley LLC,Japan,60.6,PACK-Look-111,Packaging,2025-04-22,pending,,2025-04,10.5,0.055,False
PO002496,SUP0002,PRD0069,2024-12-28,210,4.1,USD,861.0,fulfilled,Rhodes PLC,Germany,87.8,FOOD-Challenge-69,Food & Beverage,2025-01-07,paid,2025-02-05,2024-12,8.4,0.045,False
PO002497,SUP0014,PRD0062,2026-08-14,147,2072.0,USD,304584.0,fulfilled,"Flowers, Martin and Kelly",United States,46.7,TEXT-Training-62,Textiles,2026-08-15,paid,2026-09-25,2026-08,9.6,0.02,False
PO002498,SUP0008,PRD0048,2025-09-01,193,4.86,USD,937.98,fulfilled,Davis Inc,Pakistan,69.7,FOOD-Item-48,Food & Beverage,2025-09-07,overdue,,2025-09,64.2,0.282,False
PO002499,SUP0026,PRD0066,2026-03-28,620,70.37,USD,43629.4,fulfilled,James-Ferrell,Egypt,85.3,TEXT-Customer-66,Textiles,2026-04-10,paid,2026-05-07,2026-03,55.8,0.205,False
PO002500,SUP0022,PRD0057,2025-06-02,63,10.76,USD,677.88,fulfilled,Burgess-Patterson,Pakistan,79.0,CHEM-Ask-57,Chemicals,2025-06-05,paid,2025-07-16,2025-06,70.9,0.238,False
PO002501,SUP0025,PRD0072,2025-03-12,50,266.0,USD,13300.0,open,Conner Group,Bangladesh,77.2,TEXT-Family-72,Textiles,2025-03-24,paid,2025-04-17,2025-03,53.0,0.165,False
PO002502,SUP0013,PRD0141,2025-07-16,327,241.81,USD,79071.87,fulfilled,Delacruz Group,Germany,77.3,CHEM-Art-141,Chemicals,2025-07-18,paid,2025-08-17,2025-07,12.9,0.04,False
PO002503,SUP0001,PRD0147,2025-03-27,511,2.31,USD,1180.41,fulfilled,"Rodriguez, Figueroa and Sanchez",South Korea,74.7,FURN-Physical-147,Furniture,2025-04-08,paid,2025-05-14,2025-03,23.3,0.07,False
PO002504,SUP0035,PRD0044,2025-12-18,365,25.36,USD,9256.4,fulfilled,Allen PLC,Brazil,54.5,MACH-Reason-44,Machinery,2026-01-01,paid,2026-01-13,2025-12,43.5,0.166,False
PO002505,SUP0015,PRD0032,2025-06-09,247,1633.9,USD,403573.3,fulfilled,"Zuniga, Wong and Lynch",India,76.1,FURN-Us-32,Furniture,2025-06-10,overdue,,2025-06,45.4,0.087,False
PO002506,SUP0013,PRD0015,2025-11-05,231,5980.67,USD,1381534.77,fulfilled,Delacruz Group,Germany,77.3,TEXT-Drop-15,Textiles,2025-11-12,paid,2025-12-16,2025-11,6.9,0.045,False
PO002507,SUP0002,PRD0078,2025-12-17,353,307.99,USD,108720.47,fulfilled,Rhodes PLC,Germany,87.8,AUTO-Level-78,Automotive Parts,2025-12-22,paid,2026-01-23,2025-12,12.4,0.044,False
PO002508,SUP0010,PRD0055,2024-10-13,283,7.1,USD,2009.3,open,"Martinez, Nielsen and Miller",Egypt,43.6,FURN-Race-55,Furniture,2024-10-26,overdue,,2024-10,57.4,0.226,False
PO002509,SUP0019,PRD0132,2026-07-03,326,4.23,USD,1378.98,fulfilled,Clark PLC,Germany,69.9,CHEM-Art-132,Chemicals,2026-07-08,paid,2026-07-18,2026-07,12.9,0.032,False
PO002510,SUP0010,PRD0052,2026-03-03,130,2.32,USD,301.6,fulfilled,"Martinez, Nielsen and Miller",Egypt,43.6,CHEM-Arm-52,Chemicals,2026-03-07,overdue,,2026-03,53.6,0.158,False
PO002511,SUP0004,PRD0059,2025-08-09,724,5.01,USD,3627.24,fulfilled,"Johnson, Gonzalez and Santos",Mexico,76.5,FOOD-Should-59,Food & Beverage,2025-08-21,paid,2025-09-23,2025-08,45.5,0.092,False
PO002512,SUP0010,PRD0132,2025-03-18,91,2.46,USD,223.86,fulfilled,"Martinez, Nielsen and Miller",Egypt,43.6,CHEM-Art-132,Chemicals,2025-03-26,paid,2025-05-01,2025-03,58.9,0.129,False
PO002513,SUP0008,PRD0111,2025-11-17,119,107.15,USD,12750.85,fulfilled,Davis Inc,Pakistan,69.7,PACK-Look-111,Packaging,2025-11-23,paid,2025-12-31,2025-11,68.2,0.133,False
PO002514,SUP0008,PRD0005,2026-03-07,1513,884.12,USD,1337673.56,fulfilled,Davis Inc,Pakistan,69.7,TEXT-Per-5,Textiles,2026-03-12,paid,2026-04-17,2026-03,71.9,0.327,False
PO002515,SUP0026,PRD0028,2025-04-07,1049,2.4,USD,2517.6,fulfilled,James-Ferrell,Egypt,85.3,AUTO-Notice-28,Automotive Parts,2025-04-10,paid,2025-05-05,2025-04,48.3,0.222,False
PO002516,SUP0030,PRD0136,2026-05-09,73,1069.45,USD,78069.85,fulfilled,Stanton-Gill,Indonesia,60.5,AUTO-Morning-136,Automotive Parts,2026-05-21,pending,,2026-05,39.8,0.126,False
PO002517,SUP0024,PRD0019,2025-11-23,111,3019.73,USD,335190.03,cancelled,Campos Inc,Mexico,79.6,PACK-Trade-19,Packaging,,,,2025-11,46.2,0.103,False
PO002518,SUP0031,PRD0064,2026-08-26,360,9.55,USD,3438.0,fulfilled,Harrell LLC,Brazil,87.2,AUTO-Energy-64,Automotive Parts,2026-08-30,pending,,2026-08,56.9,0.166,False
PO002519,SUP0019,PRD0142,2026-04-18,285,2.73,USD,778.05,fulfilled,Clark PLC,Germany,69.9,TEXT-Movie-142,Textiles,2026-04-19,paid,2026-05-08,2026-04,12.5,0.048,False
PO002520,SUP0015,PRD0033,2024-09-28,54,7215.52,USD,389638.08,fulfilled,"Zuniga, Wong and Lynch",India,76.1,PACK-Own-33,Packaging,2024-10-11,paid,2024-10-23,2024-09,,,
PO002521,SUP0012,PRD0070,2025-12-13,363,71.69,USD,26023.47,fulfilled,Stanley LLC,Japan,60.6,PACK-Knowledge-70,Packaging,2025-12-23,paid,2026-01-07,2025-12,7.7,0.059,False
PO002522,SUP0006,PRD0052,2025-10-30,244,56.9,USD,13883.6,fulfilled,Blake and Sons,China,58.0,CHEM-Arm-52,Chemicals,2025-11-10,paid,2025-12-16,2025-10,30.7,0.06,False
PO002523,SUP0029,PRD0001,2024-12-18,468,2647.01,USD,1238800.68,fulfilled,Chavez Ltd,Poland,66.3,MACH-Down-1,Machinery,2025-01-01,paid,2025-01-08,2024-12,31.4,0.096,False
PO002524,SUP0005,PRD0081,2025-03-10,43,21.27,USD,914.61,fulfilled,Cole LLC,Mexico,58.0,PACK-Total-81,Packaging,2025-03-20,paid,2025-05-02,2025-03,42.2,0.118,False
PO002525,SUP0035,PRD0147,2026-04-30,1442,125.37,USD,180783.54,cancelled,Allen PLC,Brazil,54.5,FURN-Physical-147,Furniture,,,,2026-04,55.9,0.186,False
PO002526,SUP0028,PRD0150,2025-09-24,183,3021.64,USD,552960.12,fulfilled,"Potter, Mack and Peterson",Germany,88.1,TEXT-Training-150,Textiles,2025-09-28,paid,2025-10-16,2025-09,10.4,0.045,False
PO002527,SUP0019,PRD0019,2025-02-07,265,6.43,USD,1703.95,fulfilled,Clark PLC,Germany,69.9,PACK-Trade-19,Packaging,2025-02-11,paid,2025-03-06,2025-02,14.6,0.049,False
PO002528,SUP0009,PRD0016,2025-02-07,316,46.06,USD,14554.96,fulfilled,Munoz-Roman,United States,66.0,CHEM-Author-16,Chemicals,2025-02-08,paid,2025-02-24,2025-02,20.6,0.039,False
PO002529,SUP0030,PRD0085,2025-01-13,87,2.31,USD,200.97,fulfilled,Stanton-Gill,Indonesia,60.5,CHEM-Reach-85,Chemicals,2025-01-14,overdue,,2025-01,41.7,0.083,False
PO002530,SUP0004,PRD0091,2025-02-20,312,2028.89,USD,633013.68,fulfilled,"Johnson, Gonzalez and Santos",Mexico,76.5,FOOD-Some-91,Food & Beverage,2025-03-03,pending,,2025-02,44.6,0.113,False
PO002531,SUP0011,PRD0044,2025-02-10,897,738.61,USD,662533.17,open,"Montgomery, Hensley and Ray",Indonesia,56.0,MACH-Reason-44,Machinery,2025-02-22,paid,2025-03-16,2025-02,39.5,0.111,False
PO002532,SUP0010,PRD0076,2026-05-17,84,11.27,USD,946.68,fulfilled,"Martinez, Nielsen and Miller",Egypt,43.6,PACK-Wind-76,Packaging,2026-05-19,paid,2026-06-13,2026-05,47.5,0.178,False
PO002533,SUP0035,PRD0150,2026-01-26,87,2.33,USD,202.71,fulfilled,Allen PLC,Brazil,54.5,TEXT-Training-150,Textiles,2026-02-06,paid,2026-02-20,2026-01,47.9,0.095,False
PO002534,SUP0016,PRD0021,2024-12-23,142,289.58,USD,41120.36,open,"Sanchez, Ford and Nelson",Mexico,67.6,MACH-Avoid-21,Machinery,2024-12-25,overdue,,2024-12,48.2,0.088,False
PO002535,SUP0013,PRD0085,2024-10-12,222,2.71,USD,601.62,fulfilled,Delacruz Group,Germany,77.3,CHEM-Reach-85,Chemicals,2024-10-22,paid,2024-10-29,2024-10,16.9,0.031,False
PO002536,SUP0009,PRD0048,2026-07-20,206,5.04,USD,1038.24,fulfilled,Munoz-Roman,United States,66.0,FOOD-Item-48,Food & Beverage,2026-07-24,paid,2026-08-03,2026-07,20.1,0.034,False
PO002537,SUP0036,PRD0045,2025-03-12,1180,2165.62,USD,2555431.6,fulfilled,Dennis Inc,South Korea,60.1,CHEM-Lawyer-45,Chemicals,2025-03-21,paid,2025-04-06,2025-03,27.0,0.071,False
PO002538,SUP0020,PRD0068,2026-01-29,28,735.53,USD,20594.84,fulfilled,Lewis-Porter,Pakistan,59.2,FURN-List-68,Furniture,2026-01-30,paid,2026-02-06,2026-01,64.1,0.172,False
PO002539,SUP0029,PRD0048,2025-11-30,181,373.91,USD,67677.71,fulfilled,Chavez Ltd,Poland,66.3,FOOD-Item-48,Food & Beverage,2025-12-05,paid,2025-12-24,2025-11,26.7,0.107,False
PO002540,SUP0037,PRD0125,2025-09-17,150,131.75,USD,19762.5,open,"Cannon, Anderson and Alvarez",United States,65.1,TEXT-Article-125,Textiles,2025-09-21,paid,2025-10-03,2025-09,8.2,0.017,False
PO002541,SUP0036,PRD0144,2026-06-22,179,1086.32,USD,194451.28,fulfilled,Dennis Inc,South Korea,60.1,FURN-Today-144,Furniture,2026-06-27,paid,2026-07-25,2026-06,17.0,0.053,False
PO002542,SUP0013,PRD0096,2025-07-10,335,1897.77,USD,635752.95,open,Delacruz Group,Germany,77.3,CHEM-Mention-96,Chemicals,2025-07-13,paid,2025-08-07,2025-07,12.9,0.04,False
PO002543,SUP0022,PRD0112,2024-11-06,168,133.77,USD,22473.36,fulfilled,Burgess-Patterson,Pakistan,79.0,FURN-Feeling-112,Furniture,2024-11-07,paid,2024-11-30,2024-11,63.2,0.25,False
PO002544,SUP0022,PRD0143,2025-05-20,87,66.7,USD,5802.9,fulfilled,Burgess-Patterson,Pakistan,79.0,TEXT-Be-143,Textiles,2025-05-31,paid,2025-06-27,2025-05,67.1,0.312,False
PO002545,SUP0009,PRD0044,2026-05-11,42,3.78,USD,158.76,open,Munoz-Roman,United States,66.0,MACH-Reason-44,Machinery,2026-05-16,pending,,2026-05,16.2,0.031,False
PO002546,SUP0001,PRD0044,2025-05-16,44,41.04,USD,1805.76,fulfilled,"Rodriguez, Figueroa and Sanchez",South Korea,74.7,MACH-Reason-44,Machinery,2025-05-28,paid,2025-06-15,2025-05,25.3,0.072,False
PO002547,SUP0020,PRD0071,2026-05-27,543,677.35,USD,367801.05,fulfilled,Lewis-Porter,Pakistan,59.2,ELEC-Cover-71,Electronics,2026-06-03,paid,2026-07-12,2026-05,62.0,0.242,False
PO002548,SUP0008,PRD0027,2025-04-03,47,105.24,USD,4946.28,open,Davis Inc,Pakistan,69.7,TEXT-Difficult-27,Textiles,2025-04-17,pending,,2025-04,64.8,0.289,False
PO002549,SUP0013,PRD0073,2025-02-18,86,68.76,USD,5913.36,fulfilled,Delacruz Group,Germany,77.3,PACK-Maintain-73,Packaging,2025-03-04,paid,2025-03-26,2025-02,10.2,0.029,False
PO002550,SUP0010,PRD0133,2025-10-04,503,721.21,USD,362768.63,fulfilled,"Martinez, Nielsen and Miller",Egypt,43.6,PACK-Apply-133,Packaging,2025-10-07,paid,2025-10-15,2025-10,54.7,0.205,False
PO002551,SUP0022,PRD0048,2025-04-24,452,1506.76,USD,681055.52,fulfilled,Burgess-Patterson,Pakistan,79.0,FOOD-Item-48,Food & Beverage,2025-04-25,paid,2025-05-27,2025-04,71.7,0.187,False
PO002552,SUP0026,PRD0132,2026-04-25,73,130.38,USD,9517.74,fulfilled,James-Ferrell,Egypt,85.3,CHEM-Art-132,Chemicals,2026-04-27,paid,2026-06-05,2026-04,49.2,0.146,False
PO002553,SUP0012,PRD0066,2026-07-23,321,20.0,USD,6420.0,fulfilled,Stanley LLC,Japan,60.6,TEXT-Customer-66,Textiles,2026-08-06,paid,2026-08-31,2026-07,14.8,0.04,False
PO002554,SUP0010,PRD0054,2025-01-04,456,1840.78,USD,839395.68,fulfilled,"Martinez, Nielsen and Miller",Egypt,43.6,FURN-Ready-54,Furniture,2025-01-12,paid,2025-01-25,2025-01,51.8,0.183,False
PO002555,SUP0004,PRD0074,2024-10-31,285,780.19,USD,222354.15,cancelled,"Johnson, Gonzalez and Santos",Mexico,76.5,MACH-Enjoy-74,Machinery,,,,2024-10,42.4,0.12,False
PO002556,SUP0028,PRD0044,2025-05-22,231,5.27,USD,1217.37,fulfilled,"Potter, Mack and Peterson",Germany,88.1,MACH-Reason-44,Machinery,2025-05-29,overdue,,2025-05,17.0,0.048,False
PO002557,SUP0015,PRD0066,2025-08-14,158,69.8,USD,11028.4,fulfilled,"Zuniga, Wong and Lynch",India,76.1,TEXT-Customer-66,Textiles,2025-08-20,paid,2025-09-16,2025-08,38.6,0.06,False
PO002558,SUP0013,PRD0114,2025-12-15,187,1524.41,USD,285064.67,fulfilled,Delacruz Group,Germany,77.3,FOOD-Same-114,Food & Beverage,2025-12-21,paid,2025-12-30,2025-12,13.3,0.048,False
PO002559,SUP0019,PRD0148,2025-12-18,353,101.18,USD,35716.54,fulfilled,Clark PLC,Germany,69.9,FOOD-Author-148,Food & Beverage,2025-12-31,paid,2026-01-17,2025-12,13.8,0.044,False
PO002560,SUP0004,PRD0132,2025-12-30,79,5247.57,USD,414558.03,open,"Johnson, Gonzalez and Santos",Mexico,76.5,CHEM-Art-132,Chemicals,2026-01-02,paid,2026-02-06,2025-12,36.2,0.148,False
PO002561,SUP0020,PRD0142,2026-08-28,37,1075.0,USD,39775.0,fulfilled,Lewis-Porter,Pakistan,59.2,TEXT-Movie-142,Textiles,2026-09-07,pending,,2026-08,67.7,0.303,False
PO002562,SUP0035,PRD0011,2024-11-16,109,589.19,USD,64221.71,open,Allen PLC,Brazil,54.5,TEXT-Avoid-11,Textiles,2024-11-24,paid,2024-12-09,2024-11,44.8,0.149,False
PO002563,SUP0012,PRD0079,2026-05-14,847,22.78,USD,19294.66,fulfilled,Stanley LLC,Japan,60.6,FOOD-System-79,Food & Beverage,2026-05-23,paid,2026-05-28,2026-05,15.6,0.066,False
PO002564,SUP0008,PRD0037,2024-09-23,431,65.47,USD,28217.57,fulfilled,Davis Inc,Pakistan,69.7,CHEM-Still-37,Chemicals,2024-09-26,pending,,2024-09,,,
PO002565,SUP0018,PRD0010,2026-05-05,68,292.5,USD,19890.0,fulfilled,Underwood LLC,Philippines,54.2,CHEM-Account-10,Chemicals,2026-05-08,paid,2026-06-11,2026-05,40.1,0.135,False
PO002566,SUP0006,PRD0057,2025-03-14,342,28.92,USD,9890.64,fulfilled,Blake and Sons,China,58.0,CHEM-Ask-57,Chemicals,2025-03-15,paid,2025-04-01,2025-03,35.7,0.096,False
PO002567,SUP0026,PRD0072,2026-07-15,489,27.14,USD,13271.46,fulfilled,James-Ferrell,Egypt,85.3,TEXT-Family-72,Textiles,2026-07-23,paid,2026-08-24,2026-07,50.7,0.201,False
PO002568,SUP0038,PRD0119,2026-01-13,524,275.87,USD,144555.88,cancelled,Rose-Obrien,South Africa,61.5,TEXT-Serious-119,Textiles,,,,2026-01,53.7,0.237,False
PO002569,SUP0036,PRD0089,2026-02-23,252,2.53,USD,637.56,fulfilled,Dennis Inc,South Korea,60.1,ELEC-Better-89,Electronics,2026-03-03,paid,2026-03-14,2026-02,21.2,0.077,False
PO002570,SUP0005,PRD0103,2025-03-03,542,1610.79,USD,873048.18,fulfilled,Cole LLC,Mexico,58.0,AUTO-Community-103,Automotive Parts,2025-03-12,paid,2025-04-21,2025-03,42.2,0.118,False
PO002571,SUP0020,PRD0137,2025-07-20,344,267.64,USD,92068.16,fulfilled,Lewis-Porter,Pakistan,59.2,FOOD-Wide-137,Food & Beverage,2025-07-21,paid,2025-08-29,2025-07,65.6,0.136,False
PO002572,SUP0026,PRD0092,2025-03-25,126,612.96,USD,77232.96,fulfilled,James-Ferrell,Egypt,85.3,ELEC-Time-92,Electronics,2025-03-26,pending,,2025-03,53.8,0.202,False
PO002573,SUP0004,PRD0128,2024-10-08,189,334.68,USD,63254.52,fulfilled,"Johnson, Gonzalez and Santos",Mexico,76.5,TEXT-Occur-128,Textiles,2024-10-11,pending,,2024-10,42.4,0.12,False
PO002574,SUP0021,PRD0141,2025-10-07,132,2702.18,USD,356687.76,fulfilled,"Ellis, Baker and Wright",India,80.5,CHEM-Art-141,Chemicals,2025-10-21,paid,2025-11-12,2025-10,38.7,0.131,False
PO002575,SUP0008,PRD0091,2026-05-13,272,327.26,USD,89014.72,fulfilled,Davis Inc,Pakistan,69.7,FOOD-Some-91,Food & Beverage,2026-05-16,paid,2026-06-28,2026-05,67.5,0.153,False
PO002576,SUP0022,PRD0095,2026-04-15,492,672.87,USD,331052.04,fulfilled,Burgess-Patterson,Pakistan,79.0,PACK-Investment-95,Packaging,2026-04-26,paid,2026-05-17,2026-04,65.0,0.201,False
PO002577,SUP0026,PRD0004,2026-08-30,192,117.39,USD,22538.88,fulfilled,James-Ferrell,Egypt,85.3,FOOD-Against-4,Food & Beverage,2026-09-11,paid,2026-09-20,2026-08,63.3,0.217,False
PO002578,SUP0030,PRD0121,2026-08-29,496,8.56,USD,4245.76,fulfilled,Stanton-Gill,Indonesia,60.5,ELEC-Clear-121,Electronics,2026-09-12,paid,2026-10-15,2026-08,46.8,0.199,False
PO002579,SUP0040,PRD0023,2026-05-13,244,507.31,USD,123783.64,fulfilled,"Santos, Kim and Holmes",Turkey,71.1,MACH-Economy-23,Machinery,2026-05-24,overdue,,2026-05,62.6,0.151,False
PO002580,SUP0001,PRD0018,2026-05-23,95,5.48,USD,520.6,fulfilled,"Rodriguez, Figueroa and Sanchez",South Korea,74.7,FURN-Almost-18,Furniture,2026-06-02,overdue,,2026-05,21.1,0.078,False
PO002581,SUP0019,PRD0041,2025-03-06,218,3569.74,USD,778203.32,cancelled,Clark PLC,Germany,69.9,PACK-Customer-41,Packaging,,,,2025-03,5.0,0.033,False
PO002582,SUP0017,PRD0104,2026-07-29,999,22.49,USD,22467.51,fulfilled,"Hawkins, Cohen and Cameron",Nigeria,42.8,AUTO-Hundred-104,Automotive Parts,2026-08-10,paid,2026-09-07,2026-07,69.5,0.215,False
PO002583,SUP0012,PRD0051,2026-03-22,142,38.45,USD,5459.9,open,Stanley LLC,Japan,60.6,AUTO-Shoulder-51,Automotive Parts,2026-04-04,paid,2026-05-18,2026-03,12.0,0.034,False
PO002584,SUP0029,PRD0023,2025-02-13,611,80.83,USD,49387.13,fulfilled,Chavez Ltd,Poland,66.3,MACH-Economy-23,Machinery,2025-02-23,paid,2025-03-29,2025-02,34.6,0.086,False
PO002585,SUP0030,PRD0120,2025-04-22,352,1044.2,USD,367558.4,fulfilled,Stanton-Gill,Indonesia,60.5,MACH-Message-120,Machinery,2025-05-01,paid,2025-06-12,2025-04,40.8,0.151,False
PO002586,SUP0005,PRD0095,2025-04-21,28,31.17,USD,872.76,fulfilled,Cole LLC,Mexico,58.0,PACK-Investment-95,Packaging,2025-04-23,paid,2025-06-04,2025-04,38.1,0.128,False
PO002587,SUP0025,PRD0118,2026-07-26,333,8.97,USD,2987.01,open,Conner Group,Bangladesh,77.2,CHEM-Recently-118,Chemicals,2026-07-31,paid,2026-09-09,2026-07,49.7,0.098,False
PO002588,SUP0004,PRD0132,2026-08-16,258,1242.03,USD,320443.74,fulfilled,"Johnson, Gonzalez and Santos",Mexico,76.5,CHEM-Art-132,Chemicals,2026-08-26,paid,2026-09-02,2026-08,45.2,0.127,False
PO002589,SUP0022,PRD0084,2025-04-21,133,3397.28,USD,451838.24,fulfilled,Burgess-Patterson,Pakistan,79.0,PACK-Apply-84,Packaging,2025-05-02,paid,2025-05-13,2025-04,71.7,0.187,False
PO002590,SUP0030,PRD0145,2025-05-16,388,69.12,USD,26818.56,fulfilled,Stanton-Gill,Indonesia,60.5,MACH-Cultural-145,Machinery,2025-05-18,paid,2025-06-08,2025-05,44.2,0.119,False
PO002591,SUP0012,PRD0114,2024-09-05,222,49.42,USD,10971.24,fulfilled,Stanley LLC,Japan,60.6,FOOD-Same-114,Food & Beverage,2024-09-16,paid,2024-10-24,2024-09,,,
PO002592,SUP0014,PRD0066,2025-05-04,63,3.56,USD,224.28,fulfilled,"Flowers, Martin and Kelly",United States,46.7,TEXT-Customer-66,Textiles,2025-05-17,overdue,,2025-05,8.8,0.035,False
PO002593,SUP0008,PRD0044,2025-12-29,235,49.63,USD,11663.05,fulfilled,Davis Inc,Pakistan,69.7,MACH-Reason-44,Machinery,2025-12-31,pending,,2025-12,66.7,0.291,False
PO002594,SUP0038,PRD0102,2026-05-25,381,35.66,USD,13586.46,fulfilled,Rose-Obrien,South Africa,61.5,TEXT-Artist-102,Textiles,2026-05-28,paid,2026-06-26,2026-05,60.0,0.187,False
PO002595,SUP0002,PRD0036,2024-10-17,291,676.4,USD,196832.4,fulfilled,Rhodes PLC,Germany,87.8,ELEC-Eight-36,Electronics,2024-10-29,paid,2024-12-08,2024-10,10.5,0.038,False
PO002596,SUP0030,PRD0070,2025-12-04,468,5464.96,USD,2557601.28,fulfilled,Stanton-Gill,Indonesia,60.5,PACK-Knowledge-70,Packaging,2025-12-18,paid,2026-01-12,2025-12,46.3,0.143,False
PO002597,SUP0002,PRD0034,2025-01-09,51,786.39,USD,40105.89,open,Rhodes PLC,Germany,87.8,CHEM-Part-34,Chemicals,2025-01-13,paid,2025-02-20,2025-01,12.6,0.045,False
PO002598,SUP0025,PRD0102,2026-08-24,130,244.02,USD,31722.6,fulfilled,Conner Group,Bangladesh,77.2,TEXT-Artist-102,Textiles,2026-09-03,paid,2026-09-24,2026-08,55.7,0.18,False
PO002599,SUP0032,PRD0004,2026-08-15,176,479.58,USD,84406.08,fulfilled,"Lynch, Hernandez and Farmer",Vietnam,57.2,FOOD-Against-4,Food & Beverage,2026-08-27,paid,2026-09-14,2026-08,45.2,0.147,False
PO002600,SUP0037,PRD0018,2026-01-17,271,890.72,USD,241385.12,fulfilled,"Cannon, Anderson and Alvarez",United States,65.1,FURN-Almost-18,Furniture,2026-01-21,paid,2026-02-12,2026-01,22.9,0.041,False
PO002601,SUP0016,PRD0139,2026-03-15,149,2375.93,USD,354013.57,open,"Sanchez, Ford and Nelson",Mexico,67.6,FOOD-Nice-139,Food & Beverage,2026-03-28,paid,2026-04-10,2026-03,43.8,0.131,False
PO002602,SUP0009,PRD0038,2025-05-18,125,159.19,USD,19898.75,fulfilled,Munoz-Roman,United States,66.0,ELEC-Material-38,Electronics,2025-05-29,pending,,2025-05,17.6,0.026,False
PO002603,SUP0033,PRD0010,2026-01-06,26,145.32,USD,3778.32,fulfilled,"Sellers, George and Burns",China,78.7,CHEM-Account-10,Chemicals,2026-01-18,paid,2026-01-30,2026-01,26.4,0.07,False
PO002604,SUP0015,PRD0011,2026-04-16,561,640.93,USD,359561.73,fulfilled,"Zuniga, Wong and Lynch",India,76.1,TEXT-Avoid-11,Textiles,2026-04-17,overdue,,2026-04,37.4,0.087,False
PO002605,SUP0006,PRD0112,2026-08-21,250,118.77,USD,29692.5,fulfilled,Blake and Sons,China,58.0,FURN-Feeling-112,Furniture,2026-08-25,paid,2026-09-19,2026-08,29.7,0.069,False
PO002606,SUP0029,PRD0108,2026-08-06,134,862.58,USD,115585.72,cancelled,Chavez Ltd,Poland,66.3,FURN-With-108,Furniture,,,,2026-08,35.9,0.092,False
PO002607,SUP0034,PRD0078,2025-07-27,550,9.52,USD,5236.0,fulfilled,Koch-Decker,India,69.9,AUTO-Level-78,Automotive Parts,2025-08-09,overdue,,2025-07,37.5,0.123,False
PO002608,SUP0028,PRD0017,2025-04-05,140,3601.75,USD,504245.0,fulfilled,"Potter, Mack and Peterson",Germany,88.1,TEXT-Western-17,Textiles,2025-04-07,overdue,,2025-04,5.9,0.024,False
PO002609,SUP0005,PRD0094,2025-02-27,142,4.11,USD,583.62,fulfilled,Cole LLC,Mexico,58.0,MACH-Compare-94,Machinery,2025-03-07,paid,2025-03-23,2025-02,42.0,0.104,False
PO002610,SUP0025,PRD0001,2026-07-18,1029,296.8,USD,305407.2,fulfilled,Conner Group,Bangladesh,77.2,MACH-Down-1,Machinery,2026-07-20,paid,2026-08-10,2026-07,49.7,0.098,False
PO002611,SUP0005,PRD0057,2024-11-11,65,3545.83,USD,230478.95,fulfilled,Cole LLC,Mexico,58.0,CHEM-Ask-57,Chemicals,2024-11-24,pending,,2024-11,30.2,0.105,False
PO002612,SUP0008,PRD0048,2025-07-15,110,562.28,USD,61850.8,fulfilled,Davis Inc,Pakistan,69.7,FOOD-Item-48,Food & Beverage,2025-07-24,paid,2025-08-23,2025-07,57.0,0.24,False
PO002613,SUP0022,PRD0065,2026-08-29,103,384.99,USD,39653.97,open,Burgess-Patterson,Pakistan,79.0,FURN-Dark-65,Furniture,2026-09-02,paid,2026-09-19,2026-08,59.3,0.25,False
PO002614,SUP0030,PRD0103,2026-07-02,615,99.93,USD,61456.95,cancelled,Stanton-Gill,Indonesia,60.5,AUTO-Community-103,Automotive Parts,,,,2026-07,40.0,0.137,False
PO002615,SUP0021,PRD0026,2026-02-18,572,113.91,USD,65156.52,fulfilled,"Ellis, Baker and Wright",India,80.5,PACK-Mention-26,Packaging,2026-02-20,paid,2026-03-05,2026-02,41.4,0.122,False
PO002616,SUP0003,PRD0005,2025-06-17,188,1802.35,USD,338841.8,fulfilled,Johnson-Davis,Vietnam,88.7,TEXT-Per-5,Textiles,2025-06-20,paid,2025-07-22,2025-06,43.1,0.095,False
PO002617,SUP0022,PRD0048,2025-12-22,246,2.33,USD,573.18,fulfilled,Burgess-Patterson,Pakistan,79.0,FOOD-Item-48,Food & Beverage,2026-01-05,paid,2026-01-23,2025-12,64.8,0.254,False
PO002618,SUP0037,PRD0062,2025-06-12,684,9.98,USD,6826.32,open,"Cannon, Anderson and Alvarez",United States,65.1,TEXT-Training-62,Textiles,2025-06-14,paid,2025-06-20,2025-06,18.8,0.032,False
PO002619,SUP0037,PRD0111,2025-04-18,197,1125.77,USD,221776.69,fulfilled,"Cannon, Anderson and Alvarez",United States,65.1,PACK-Look-111,Packaging,2025-04-30,paid,2025-05-16,2025-04,13.3,0.037,False
PO002620,SUP0015,PRD0017,2026-08-01,224,18.27,USD,4092.48,fulfilled,"Zuniga, Wong and Lynch",India,76.1,TEXT-Western-17,Textiles,2026-08-15,paid,2026-09-28,2026-08,40.1,0.1,False
PO002621,SUP0018,PRD0114,2026-08-12,229,753.83,USD,172627.07,fulfilled,Underwood LLC,Philippines,54.2,FOOD-Same-114,Food & Beverage,2026-08-20,paid,2026-09-07,2026-08,46.3,0.127,False
PO002622,SUP0036,PRD0055,2026-04-16,69,11.79,USD,813.51,fulfilled,Dennis Inc,South Korea,60.1,FURN-Race-55,Furniture,2026-04-25,overdue,,2026-04,24.0,0.088,False
PO002623,SUP0037,PRD0062,2026-06-15,329,2.88,USD,947.52,fulfilled,"Cannon, Anderson and Alvarez",United States,65.1,TEXT-Training-62,Textiles,2026-06-28,paid,2026-07-11,2026-06,21.7,0.029,False
PO002624,SUP0004,PRD0145,2024-09-22,39,9.77,USD,381.03,fulfilled,"Johnson, Gonzalez and Santos",Mexico,76.5,MACH-Cultural-145,Machinery,2024-10-03,paid,2024-10-20,2024-09,,,
PO002625,SUP0008,PRD0044,2026-07-22,97,737.07,USD,71495.79,fulfilled,Davis Inc,Pakistan,69.7,MACH-Reason-44,Machinery,2026-07-23,pending,,2026-07,61.8,0.257,False
PO002626,SUP0010,PRD0082,2025-12-29,208,12.59,USD,2618.72,fulfilled,"Martinez, Nielsen and Miller",Egypt,43.6,AUTO-Oil-82,Automotive Parts,2026-01-07,paid,2026-02-04,2025-12,54.0,0.195,False
PO002627,SUP0033,PRD0141,2026-08-21,726,816.43,USD,592728.18,open,"Sellers, George and Burns",China,78.7,CHEM-Art-141,Chemicals,2026-08-25,pending,,2026-08,28.7,0.091,False
PO002628,SUP0036,PRD0023,2026-03-04,1459,369.06,USD,538458.54,fulfilled,Dennis Inc,South Korea,60.1,MACH-Economy-23,Machinery,2026-03-10,paid,2026-04-05,2026-03,22.8,0.042,False
PO002629,SUP0030,PRD0027,2025-11-04,640,918.28,USD,587699.2,cancelled,Stanton-Gill,Indonesia,60.5,TEXT-Difficult-27,Textiles,,,,2025-11,45.3,0.143,False
PO002630,SUP0033,PRD0052,2026-04-24,143,257.9,USD,36879.7,fulfilled,"Sellers, George and Burns",China,78.7,CHEM-Arm-52,Chemicals,2026-04-26,paid,2026-06-03,2026-04,31.1,0.073,False
PO002631,SUP0011,PRD0122,2026-07-15,154,246.86,USD,38016.44,fulfilled,"Montgomery, Hensley and Ray",Indonesia,56.0,CHEM-Customer-122,Chemicals,2026-07-21,paid,2026-08-25,2026-07,48.7,0.08,False
PO002632,SUP0036,PRD0079,2025-02-13,275,1085.09,USD,298399.75,fulfilled,Dennis Inc,South Korea,60.1,FOOD-System-79,Food & Beverage,2025-02-27,paid,2025-04-05,2025-02,29.9,0.059,False
PO002633,SUP0036,PRD0137,2026-05-18,327,2.37,USD,774.99,fulfilled,Dennis Inc,South Korea,60.1,FOOD-Wide-137,Food & Beverage,2026-05-27,paid,2026-06-23,2026-05,22.8,0.085,False
PO002634,SUP0035,PRD0005,2026-01-20,31,718.92,USD,22286.52,fulfilled,Allen PLC,Brazil,54.5,TEXT-Per-5,Textiles,2026-01-30,pending,,2026-01,47.9,0.095,False
PO002635,SUP0031,PRD0016,2026-08-06,210,190.8,USD,40068.0,fulfilled,Harrell LLC,Brazil,87.2,CHEM-Author-16,Chemicals,2026-08-16,paid,2026-09-16,2026-08,56.9,0.166,False
PO002636,SUP0035,PRD0119,2025-07-16,208,56.67,USD,11787.36,open,Allen PLC,Brazil,54.5,TEXT-Serious-119,Textiles,2025-07-24,paid,2025-08-22,2025-07,58.2,0.161,False
PO002637,SUP0002,PRD0037,2026-08-19,166,2.86,USD,474.76,open,Rhodes PLC,Germany,87.8,CHEM-Still-37,Chemicals,2026-08-20,paid,2026-08-31,2026-08,8.8,0.035,False
PO002638,SUP0012,PRD0013,2024-10-08,146,98.11,USD,14324.06,fulfilled,Stanley LLC,Japan,60.6,CHEM-Program-13,Chemicals,2024-10-15,paid,2024-11-16,2024-10,15.5,0.052,False
PO002639,SUP0038,PRD0081,2025-06-05,286,3275.8,USD,936878.8,fulfilled,Rose-Obrien,South Africa,61.5,PACK-Total-81,Packaging,2025-06-06,paid,2025-07-16,2025-06,52.2,0.169,False
PO002640,SUP0030,PRD0087,2024-11-30,142,516.93,USD,73404.06,fulfilled,Stanton-Gill,Indonesia,60.5,MACH-Think-87,Machinery,2024-12-03,paid,2024-12-31,2024-11,40.4,0.073,False
PO002641,SUP0014,PRD0018,2025-03-14,77,2.52,USD,194.04,fulfilled,"Flowers, Martin and Kelly",United States,46.7,FURN-Almost-18,Furniture,2025-03-24,paid,2025-04-02,2025-03,17.2,0.033,False
PO002642,SUP0037,PRD0001,2025-10-21,539,621.69,USD,335090.91,fulfilled,"Cannon, Anderson and Alvarez",United States,65.1,MACH-Down-1,Machinery,2025-10-27,paid,2025-12-02,2025-10,17.3,0.03,False
PO002643,SUP0013,PRD0078,2025-05-20,532,6.95,USD,3697.4,open,Delacruz Group,Germany,77.3,AUTO-Level-78,Automotive Parts,2025-05-29,paid,2025-06-29,2025-05,11.2,0.028,False
PO002644,SUP0030,PRD0049,2026-01-24,89,239.97,USD,21357.33,fulfilled,Stanton-Gill,Indonesia,60.5,AUTO-Manage-49,Automotive Parts,2026-02-01,paid,2026-02-17,2026-01,43.7,0.163,False
PO002645,SUP0012,PRD0111,2025-01-15,165,123.11,USD,20313.15,fulfilled,Stanley LLC,Japan,60.6,PACK-Look-111,Packaging,2025-01-20,paid,2025-02-01,2025-01,5.0,0.047,False
PO002646,SUP0025,PRD0092,2026-06-02,154,153.44,USD,23629.76,open,Conner Group,Bangladesh,77.2,ELEC-Time-92,Electronics,2026-06-04,paid,2026-06-18,2026-06,56.0,0.186,False
PO002647,SUP0035,PRD0105,2024-10-16,498,10.26,USD,5109.48,fulfilled,Allen PLC,Brazil,54.5,FOOD-Able-105,Food & Beverage,2024-10-23,paid,2024-11-01,2024-10,55.5,0.177,False
PO002648,SUP0036,PRD0076,2024-11-14,557,26.04,USD,14504.28,fulfilled,Dennis Inc,South Korea,60.1,PACK-Wind-76,Packaging,2024-11-25,paid,2024-12-10,2024-11,13.9,0.067,False
PO002649,SUP0023,PRD0009,2025-01-11,605,1333.13,USD,806543.65,fulfilled,Robinson-Bright,Indonesia,70.0,MACH-Discussion-9,Machinery,2025-01-14,paid,2025-01-21,2025-01,41.7,0.088,False
PO002650,SUP0036,PRD0121,2024-09-05,76,122.56,USD,9314.56,fulfilled,Dennis Inc,South Korea,60.1,ELEC-Clear-121,Electronics,2024-09-13,pending,,2024-09,,,
PO002651,SUP0015,PRD0003,2025-07-28,340,94.88,USD,32259.2,fulfilled,"Zuniga, Wong and Lynch",India,76.1,ELEC-Ground-3,Electronics,2025-08-08,paid,2025-09-17,2025-07,41.4,0.105,False
PO002652,SUP0040,PRD0143,2025-02-10,332,36.66,USD,12171.12,fulfilled,"Santos, Kim and Holmes",Turkey,71.1,TEXT-Be-143,Textiles,2025-02-21,paid,2025-04-06,2025-02,60.3,0.164,False
PO002653,SUP0031,PRD0114,2025-02-14,454,3246.69,USD,1473997.26,open,Harrell LLC,Brazil,87.2,FOOD-Same-114,Food & Beverage,2025-02-28,paid,2025-03-27,2025-02,52.1,0.166,False
PO002654,SUP0019,PRD0065,2026-02-05,571,495.59,USD,282981.89,fulfilled,Clark PLC,Germany,69.9,FURN-Dark-65,Furniture,2026-02-09,overdue,,2026-02,11.1,0.05,False
PO002655,SUP0033,PRD0031,2025-03-18,729,529.09,USD,385706.61,fulfilled,"Sellers, George and Burns",China,78.7,FOOD-Worry-31,Food & Beverage,2025-03-24,paid,2025-05-01,2025-03,27.9,0.116,False
PO002656,SUP0002,PRD0134,2026-02-21,274,2.31,USD,632.94,open,Rhodes PLC,Germany,87.8,FOOD-Pattern-134,Food & Beverage,2026-03-07,paid,2026-04-16,2026-02,14.4,0.047,False
PO002657,SUP0035,PRD0013,2026-06-25,89,44.14,USD,3928.46,open,Allen PLC,Brazil,54.5,CHEM-Program-13,Chemicals,2026-07-02,pending,,2026-06,57.0,0.161,False
PO002658,SUP0012,PRD0003,2025-02-04,149,213.8,USD,31856.2,fulfilled,Stanley LLC,Japan,60.6,ELEC-Ground-3,Electronics,2025-02-05,paid,2025-02-18,2025-02,13.0,0.055,False
PO002659,SUP0001,PRD0033,2024-10-19,259,583.23,USD,151056.57,fulfilled,"Rodriguez, Figueroa and Sanchez",South Korea,74.7,PACK-Own-33,Packaging,2024-10-31,paid,2024-12-11,2024-10,17.6,0.067,False
PO002660,SUP0037,PRD0136,2025-09-28,61,3.37,USD,205.57,fulfilled,"Cannon, Anderson and Alvarez",United States,65.1,AUTO-Morning-136,Automotive Parts,2025-09-29,paid,2025-11-10,2025-09,8.2,0.017,False
PO002661,SUP0019,PRD0076,2026-01-27,161,11.34,USD,1825.74,fulfilled,Clark PLC,Germany,69.9,PACK-Wind-76,Packaging,2026-02-09,paid,2026-03-23,2026-01,8.9,0.043,False
PO002662,SUP0018,PRD0019,2026-04-10,73,24.1,USD,1759.3,fulfilled,Underwood LLC,Philippines,54.2,PACK-Trade-19,Packaging,2026-04-15,paid,2026-05-08,2026-04,40.4,0.156,False
PO002663,SUP0034,PRD0141,2025-04-29,718,276.68,USD,198656.24,fulfilled,Koch-Decker,India,69.9,CHEM-Art-141,Chemicals,2025-05-10,paid,2025-05-27,2025-04,42.0,0.12,False
PO002664,SUP0034,PRD0132,2025-09-05,1107,712.54,USD,788781.78,open,Koch-Decker,India,69.9,CHEM-Art-132,Chemicals,2025-09-09,paid,2025-10-02,2025-09,36.3,0.088,False
PO002665,SUP0012,PRD0090,2025-03-11,805,2.41,USD,1940.05,open,Stanley LLC,Japan,60.6,MACH-With-90,Machinery,2025-03-14,overdue,,2025-03,9.9,0.06,False
PO002666,SUP0030,PRD0019,2024-10-29,113,2058.88,USD,232653.44,fulfilled,Stanton-Gill,Indonesia,60.5,PACK-Trade-19,Packaging,2024-11-08,paid,2024-12-20,2024-10,45.8,0.054,False
PO002667,SUP0030,PRD0104,2025-08-04,313,1375.83,USD,430634.79,fulfilled,Stanton-Gill,Indonesia,60.5,AUTO-Hundred-104,Automotive Parts,2025-08-15,paid,2025-08-29,2025-08,36.5,0.188,False
PO002668,SUP0027,PRD0119,2025-11-21,126,8.74,USD,1101.24,fulfilled,"Valencia, Smith and Le",Vietnam,70.4,TEXT-Serious-119,Textiles,2025-11-28,pending,,2025-11,42.7,0.13,False
PO002669,SUP0016,PRD0105,2026-01-25,236,62.18,USD,14674.48,fulfilled,"Sanchez, Ford and Nelson",Mexico,67.6,FOOD-Able-105,Food & Beverage,2026-02-06,paid,2026-02-12,2026-01,38.2,0.133,False
PO002670,SUP0020,PRD0119,2026-07-04,41,19.15,USD,785.15,fulfilled,Lewis-Porter,Pakistan,59.2,TEXT-Serious-119,Textiles,2026-07-18,paid,2026-08-14,2026-07,64.5,0.191,False
PO002671,SUP0020,PRD0023,2026-05-27,183,71.11,USD,13013.13,fulfilled,Lewis-Porter,Pakistan,59.2,MACH-Economy-23,Machinery,2026-05-28,pending,,2026-05,62.0,0.242,False
PO002672,SUP0031,PRD0011,2025-03-09,540,1311.88,USD,708415.2,cancelled,Harrell LLC,Brazil,87.2,TEXT-Avoid-11,Textiles,,,,2025-03,50.3,0.164,False
PO002673,SUP0006,PRD0026,2025-02-09,477,6.43,USD,3067.11,fulfilled,Blake and Sons,China,58.0,PACK-Mention-26,Packaging,2025-02-23,pending,,2025-02,32.5,0.071,False
PO002674,SUP0010,PRD0079,2026-07-29,465,105.84,USD,49215.6,open,"Martinez, Nielsen and Miller",Egypt,43.6,FOOD-System-79,Food & Beverage,2026-08-12,paid,2026-09-23,2026-07,57.2,0.202,False
PO002675,SUP0002,PRD0141,2025-06-07,471,2.63,USD,1238.73,fulfilled,Rhodes PLC,Germany,87.8,CHEM-Art-141,Chemicals,2025-06-17,paid,2025-07-07,2025-06,13.9,0.049,False
PO002676,SUP0011,PRD0117,2025-03-26,1007,2.37,USD,2386.59,fulfilled,"Montgomery, Hensley and Ray",Indonesia,56.0,CHEM-Only-117,Chemicals,2025-03-28,paid,2025-04-11,2025-03,44.9,0.142,False
PO002677,SUP0015,PRD0135,2025-06-11,209,70.54,USD,14742.86,fulfilled,"Zuniga, Wong and Lynch",India,76.1,CHEM-Me-135,Chemicals,2025-06-14,paid,2025-06-25,2025-06,45.4,0.087,False
PO002678,SUP0039,PRD0042,2025-01-05,315,29.0,USD,9135.0,fulfilled,"Campos, Vaughn and Marquez",South Korea,62.6,TEXT-Between-42,Textiles,2025-01-08,paid,2025-01-17,2025-01,20.5,0.094,False
PO002679,SUP0037,PRD0135,2026-08-03,82,90.38,USD,7411.16,fulfilled,"Cannon, Anderson and Alvarez",United States,65.1,CHEM-Me-135,Chemicals,2026-08-10,paid,2026-09-16,2026-08,15.8,0.024,False
PO002680,SUP0037,PRD0040,2026-01-05,412,472.08,USD,194496.96,fulfilled,"Cannon, Anderson and Alvarez",United States,65.1,FURN-Investment-40,Furniture,2026-01-08,paid,2026-02-15,2026-01,22.9,0.041,False
PO002681,SUP0033,PRD0103,2025-04-21,564,2.31,USD,1302.84,open,"Sellers, George and Burns",China,78.7,AUTO-Community-103,Automotive Parts,2025-04-30,paid,2025-06-12,2025-04,28.2,0.064,False
PO002682,SUP0009,PRD0030,2025-11-06,170,339.17,USD,57658.9,open,Munoz-Roman,United States,66.0,AUTO-Several-30,Automotive Parts,2025-11-16,paid,2025-12-19,2025-11,15.9,0.028,False
PO002683,SUP0036,PRD0053,2025-08-08,350,33.23,USD,11630.5,fulfilled,Dennis Inc,South Korea,60.1,PACK-Report-53,Packaging,2025-08-11,pending,,2025-08,23.0,0.072,False
PO002684,SUP0006,PRD0028,2026-06-23,332,10.78,USD,3578.96,open,Blake and Sons,China,58.0,AUTO-Notice-28,Automotive Parts,2026-06-30,overdue,,2026-06,25.4,0.077,False
PO002685,SUP0012,PRD0048,2026-06-21,183,2183.28,USD,399540.24,fulfilled,Stanley LLC,Japan,60.6,FOOD-Item-48,Food & Beverage,2026-06-29,paid,2026-07-30,2026-06,13.0,0.055,False
PO002686,SUP0031,PRD0103,2025-02-12,285,639.78,USD,182337.3,open,Harrell LLC,Brazil,87.2,AUTO-Community-103,Automotive Parts,2025-02-17,pending,,2025-02,52.1,0.166,False
PO002687,SUP0012,PRD0013,2024-11-25,81,2.4,USD,194.4,fulfilled,Stanley LLC,Japan,60.6,CHEM-Program-13,Chemicals,2024-12-06,pending,,2024-11,21.0,0.049,False
PO002688,SUP0033,PRD0112,2024-10-01,175,8.7,USD,1522.5,open,"Sellers, George and Burns",China,78.7,FURN-Feeling-112,Furniture,2024-10-03,paid,2024-10-10,2024-10,32.3,0.066,False
PO002689,SUP0015,PRD0003,2025-05-09,85,2.31,USD,196.35,fulfilled,"Zuniga, Wong and Lynch",India,76.1,ELEC-Ground-3,Electronics,2025-05-23,paid,2025-07-05,2025-05,43.1,0.138,False
PO002690,SUP0026,PRD0066,2026-08-19,508,224.11,USD,113847.88,fulfilled,James-Ferrell,Egypt,85.3,TEXT-Customer-66,Textiles,2026-08-20,pending,,2026-08,63.3,0.217,False
PO002691,SUP0010,PRD0083,2025-07-12,263,2.32,USD,610.16,fulfilled,"Martinez, Nielsen and Miller",Egypt,43.6,TEXT-Billion-83,Textiles,2025-07-24,paid,2025-08-11,2025-07,54.1,0.156,True
PO002692,SUP0008,PRD0055,2025-06-09,50,109.78,USD,5489.0,open,Davis Inc,Pakistan,69.7,FURN-Race-55,Furniture,2025-06-10,paid,2025-06-21,2025-06,67.0,0.252,True
PO002693,SUP0008,PRD0087,2025-10-10,367,5488.55,USD,2014297.85,open,Davis Inc,Pakistan,69.7,MACH-Think-87,Machinery,2025-10-20,paid,2025-11-17,2025-10,55.3,0.256,False
PO002694,SUP0017,PRD0117,2026-03-01,633,5.33,USD,3373.89,fulfilled,"Hawkins, Cohen and Cameron",Nigeria,42.8,CHEM-Only-117,Chemicals,2026-03-11,paid,2026-04-03,2026-03,71.0,0.233,False
PO002695,SUP0037,PRD0110,2025-01-28,197,2345.82,USD,462126.54,fulfilled,"Cannon, Anderson and Alvarez",United States,65.1,CHEM-Still-110,Chemicals,2025-02-02,paid,2025-03-12,2025-01,12.1,0.034,False
PO002696,SUP0030,PRD0137,2024-11-12,962,6569.54,USD,6319897.48,fulfilled,Stanton-Gill,Indonesia,60.5,FOOD-Wide-137,Food & Beverage,2024-11-26,paid,2025-01-05,2024-11,40.4,0.073,False
PO002697,SUP0037,PRD0121,2025-03-22,67,16.34,USD,1094.78,fulfilled,"Cannon, Anderson and Alvarez",United States,65.1,ELEC-Clear-121,Electronics,2025-03-25,paid,2025-04-03,2025-03,9.2,0.022,False
PO002698,SUP0010,PRD0091,2026-08-17,489,740.93,USD,362314.77,fulfilled,"Martinez, Nielsen and Miller",Egypt,43.6,FOOD-Some-91,Food & Beverage,2026-08-24,paid,2026-08-29,2026-08,53.4,0.16,False
PO002699,SUP0037,PRD0091,2026-05-31,300,26.6,USD,7980.0,fulfilled,"Cannon, Anderson and Alvarez",United States,65.1,FOOD-Some-91,Food & Beverage,2026-06-09,paid,2026-07-19,2026-05,13.4,0.028,False
PO002700,SUP0040,PRD0150,2026-05-22,513,18.5,USD,9490.5,fulfilled,"Santos, Kim and Holmes",Turkey,71.1,TEXT-Training-150,Textiles,2026-06-01,paid,2026-07-13,2026-05,62.6,0.151,False
PO002701,SUP0026,PRD0074,2025-03-28,398,209.47,USD,83369.06,fulfilled,James-Ferrell,Egypt,85.3,MACH-Enjoy-74,Machinery,2025-04-01,paid,2025-04-20,2025-03,53.8,0.202,False
PO002702,SUP0017,PRD0065,2025-01-16,122,2.39,USD,291.58,fulfilled,"Hawkins, Cohen and Cameron",Nigeria,42.8,FURN-Dark-65,Furniture,2025-01-19,paid,2025-03-01,2025-01,71.1,0.232,False
PO002703,SUP0027,PRD0002,2025-10-14,91,216.42,USD,19694.22,fulfilled,"Valencia, Smith and Le",Vietnam,70.4,PACK-Attack-2,Packaging,2025-10-25,paid,2025-11-22,2025-10,45.5,0.109,False
PO002704,SUP0025,PRD0016,2026-07-31,414,268.63,USD,111212.82,fulfilled,Conner Group,Bangladesh,77.2,CHEM-Author-16,Chemicals,2026-08-14,paid,2026-09-22,2026-07,49.7,0.098,False
PO002705,SUP0026,PRD0068,2024-11-11,963,270.27,USD,260270.01,fulfilled,James-Ferrell,Egypt,85.3,FURN-List-68,Furniture,2024-11-18,paid,2024-11-30,2024-11,58.5,0.192,False
PO002706,SUP0021,PRD0012,2026-08-02,227,2.75,USD,624.25,fulfilled,"Ellis, Baker and Wright",India,80.5,ELEC-Second-12,Electronics,2026-08-14,paid,2026-09-03,2026-08,39.2,0.102,False
PO002707,SUP0015,PRD0003,2026-03-04,357,1187.15,USD,423812.55,open,"Zuniga, Wong and Lynch",India,76.1,ELEC-Ground-3,Electronics,2026-03-07,paid,2026-04-15,2026-03,38.6,0.115,False
PO002708,SUP0026,PRD0021,2025-02-17,71,12.1,USD,859.1,fulfilled,James-Ferrell,Egypt,85.3,MACH-Avoid-21,Machinery,2025-03-02,paid,2025-04-07,2025-02,62.8,0.159,False
PO002709,SUP0032,PRD0083,2026-09-03,53,605.12,USD,32071.36,fulfilled,"Lynch, Hernandez and Farmer",Vietnam,57.2,TEXT-Billion-83,Textiles,2026-09-15,paid,2026-10-04,2026-09,53.4,0.142,False
PO002710,SUP0028,PRD0013,2026-01-27,643,8.33,USD,5356.19,fulfilled,"Potter, Mack and Peterson",Germany,88.1,CHEM-Program-13,Chemicals,2026-01-30,pending,,2026-01,9.7,0.035,False
PO002711,SUP0037,PRD0074,2024-11-11,709,521.61,USD,369821.49,fulfilled,"Cannon, Anderson and Alvarez",United States,65.1,MACH-Enjoy-74,Machinery,2024-11-13,overdue,,2024-11,14.8,0.037,False
PO002712,SUP0030,PRD0041,2024-12-12,44,121.2,USD,5332.8,fulfilled,Stanton-Gill,Indonesia,60.5,PACK-Customer-41,Packaging,2024-12-21,paid,2025-01-25,2024-12,43.5,0.102,False
PO002713,SUP0011,PRD0147,2025-04-14,342,1332.37,USD,455670.54,fulfilled,"Montgomery, Hensley and Ray",Indonesia,56.0,FURN-Physical-147,Furniture,2025-04-16,paid,2025-04-23,2025-04,44.3,0.107,False
PO002714,SUP0037,PRD0093,2026-09-01,265,2067.19,USD,547805.35,fulfilled,"Cannon, Anderson and Alvarez",United States,65.1,TEXT-Economic-93,Textiles,2026-09-08,paid,2026-09-28,2026-09,10.7,0.043,False
PO002715,SUP0013,PRD0110,2026-07-23,83,114.64,USD,9515.12,fulfilled,Delacruz Group,Germany,77.3,CHEM-Still-110,Chemicals,2026-07-27,paid,2026-08-28,2026-07,15.3,0.038,False
PO002716,SUP0032,PRD0114,2024-10-14,588,263.88,USD,155161.44,fulfilled,"Lynch, Hernandez and Farmer",Vietnam,57.2,FOOD-Same-114,Food & Beverage,2024-10-16,paid,2024-11-17,2024-10,46.5,0.103,False
PO002717,SUP0002,PRD0146,2024-09-26,304,32.88,USD,9995.52,fulfilled,Rhodes PLC,Germany,87.8,FURN-Authority-146,Furniture,2024-10-07,paid,2024-11-06,2024-09,,,
PO002718,SUP0020,PRD0095,2025-01-24,272,4591.81,USD,1248972.32,fulfilled,Lewis-Porter,Pakistan,59.2,PACK-Investment-95,Packaging,2025-01-31,paid,2025-02-17,2025-01,67.2,0.244,False
PO002719,SUP0038,PRD0058,2025-08-23,222,45.8,USD,10167.6,fulfilled,Rose-Obrien,South Africa,61.5,AUTO-Interesting-58,Automotive Parts,2025-08-31,paid,2025-09-20,2025-08,58.1,0.195,False
PO002720,SUP0006,PRD0081,2025-10-06,389,25.74,USD,10012.86,fulfilled,Blake and Sons,China,58.0,PACK-Total-81,Packaging,2025-10-15,paid,2025-11-01,2025-10,30.7,0.06,False
PO002721,SUP0021,PRD0106,2025-10-02,40,2526.27,USD,101050.8,fulfilled,"Ellis, Baker and Wright",India,80.5,AUTO-In-106,Automotive Parts,2025-10-12,pending,,2025-10,38.7,0.131,False
PO002722,SUP0034,PRD0147,2026-07-24,501,1665.33,USD,834330.33,cancelled,Koch-Decker,India,69.9,FURN-Physical-147,Furniture,,,,2026-07,29.6,0.108,False
PO002723,SUP0037,PRD0048,2025-07-10,282,2698.59,USD,761002.38,fulfilled,"Cannon, Anderson and Alvarez",United States,65.1,FOOD-Item-48,Food & Beverage,2025-07-14,paid,2025-08-17,2025-07,5.0,0.033,False
PO002724,SUP0016,PRD0064,2025-11-22,167,47.72,USD,7969.24,fulfilled,"Sanchez, Ford and Nelson",Mexico,67.6,AUTO-Energy-64,Automotive Parts,2025-12-01,paid,2026-01-05,2025-11,37.2,0.164,False
PO002725,SUP0017,PRD0068,2026-02-22,93,42.12,USD,3917.16,fulfilled,"Hawkins, Cohen and Cameron",Nigeria,42.8,FURN-List-68,Furniture,2026-02-26,paid,2026-03-03,2026-02,68.3,0.212,False
PO002726,SUP0012,PRD0003,2024-12-17,159,136.98,USD,21779.82,fulfilled,Stanley LLC,Japan,60.6,ELEC-Ground-3,Electronics,2024-12-26,paid,2025-01-11,2024-12,20.0,0.052,False
PO002727,SUP0009,PRD0132,2026-03-12,39,922.46,USD,35975.94,cancelled,Munoz-Roman,United States,66.0,CHEM-Art-132,Chemicals,,,,2026-03,18.9,0.021,False
PO002728,SUP0007,PRD0136,2026-02-13,254,1172.24,USD,297748.96,fulfilled,Ramirez-Lewis,South Korea,49.8,AUTO-Morning-136,Automotive Parts,2026-02-23,paid,2026-03-25,2026-02,28.4,0.062,False
PO002729,SUP0010,PRD0125,2026-04-23,59,9.24,USD,545.16,open,"Martinez, Nielsen and Miller",Egypt,43.6,TEXT-Article-125,Textiles,2026-05-07,paid,2026-05-27,2026-04,52.2,0.22,False
PO002730,SUP0004,PRD0106,2026-07-11,798,30.3,USD,24179.4,fulfilled,"Johnson, Gonzalez and Santos",Mexico,76.5,AUTO-In-106,Automotive Parts,2026-07-24,paid,2026-08-01,2026-07,36.7,0.112,False
PO002731,SUP0031,PRD0015,2025-04-14,136,1270.33,USD,172764.88,cancelled,Harrell LLC,Brazil,87.2,TEXT-Drop-15,Textiles,,,,2025-04,48.7,0.171,False
PO002732,SUP0024,PRD0059,2024-10-18,46,350.31,USD,16114.26,fulfilled,Campos Inc,Mexico,79.6,FOOD-Should-59,Food & Beverage,2024-10-21,overdue,,2024-10,36.3,0.161,False
PO002733,SUP0012,PRD0068,2026-05-21,490,34.77,USD,17037.3,fulfilled,Stanley LLC,Japan,60.6,FURN-List-68,Furniture,2026-06-02,paid,2026-06-18,2026-05,15.6,0.066,False
PO002734,SUP0037,PRD0010,2025-03-18,144,32.98,USD,4749.12,fulfilled,"Cannon, Anderson and Alvarez",United States,65.1,CHEM-Account-10,Chemicals,2025-03-26,paid,2025-05-03,2025-03,9.2,0.022,False
PO002735,SUP0028,PRD0097,2025-12-01,235,39.24,USD,9221.4,cancelled,"Potter, Mack and Peterson",Germany,88.1,ELEC-Medical-97,Electronics,,,,2025-12,14.9,0.046,False
PO002736,SUP0029,PRD0106,2024-10-13,1706,5.72,USD,9758.32,cancelled,Chavez Ltd,Poland,66.3,AUTO-In-106,Automotive Parts,,,,2024-10,29.5,0.121,False
PO002737,SUP0035,PRD0083,2026-06-03,149,3552.84,USD,529373.16,fulfilled,Allen PLC,Brazil,54.5,TEXT-Billion-83,Textiles,2026-06-06,paid,2026-07-07,2026-06,57.0,0.161,False
PO002738,SUP0010,PRD0079,2024-12-26,302,2.54,USD,767.08,fulfilled,"Martinez, Nielsen and Miller",Egypt,43.6,FOOD-System-79,Food & Beverage,2024-12-31,paid,2025-01-20,2024-12,48.1,0.214,False
PO002739,SUP0021,PRD0030,2025-01-14,34,5.31,USD,180.54,open,"Ellis, Baker and Wright",India,80.5,AUTO-Several-30,Automotive Parts,2025-01-28,paid,2025-02-18,2025-01,41.3,0.071,False
PO002740,SUP0016,PRD0005,2025-09-17,703,1772.67,USD,1246187.01,fulfilled,"Sanchez, Ford and Nelson",Mexico,67.6,TEXT-Per-5,Textiles,2025-09-22,paid,2025-10-23,2025-09,39.7,0.136,False
PO002741,SUP0006,PRD0049,2026-05-22,58,65.53,USD,3800.74,fulfilled,Blake and Sons,China,58.0,AUTO-Manage-49,Automotive Parts,2026-05-28,paid,2026-06-27,2026-05,24.1,0.065,False
PO002742,SUP0036,PRD0030,2024-10-19,481,18.53,USD,8912.93,fulfilled,Dennis Inc,South Korea,60.1,AUTO-Several-30,Automotive Parts,2024-10-26,paid,2024-11-06,2024-10,23.2,0.052,False
PO002743,SUP0009,PRD0110,2025-06-19,594,179.18,USD,106432.92,fulfilled,Munoz-Roman,United States,66.0,CHEM-Still-110,Chemicals,2025-06-30,paid,2025-07-28,2025-06,16.8,0.038,False
PO002744,SUP0036,PRD0045,2026-01-24,395,2.35,USD,928.25,fulfilled,Dennis Inc,South Korea,60.1,CHEM-Lawyer-45,Chemicals,2026-02-01,paid,2026-03-06,2026-01,24.1,0.074,False
PO002745,SUP0013,PRD0147,2026-08-14,526,1311.92,USD,690069.92,open,Delacruz Group,Germany,77.3,FURN-Physical-147,Furniture,2026-08-20,paid,2026-09-14,2026-08,6.2,0.05,False
PO002746,SUP0035,PRD0035,2026-06-01,484,13.86,USD,6708.24,fulfilled,Allen PLC,Brazil,54.5,MACH-Material-35,Machinery,2026-06-14,paid,2026-07-18,2026-06,57.0,0.161,False
PO002747,SUP0002,PRD0046,2025-01-18,97,7.2,USD,698.4,fulfilled,Rhodes PLC,Germany,87.8,FOOD-Health-46,Food & Beverage,2025-01-30,paid,2025-03-05,2025-01,12.6,0.045,False
PO002748,SUP0034,PRD0091,2024-10-26,42,2.31,USD,97.02,fulfilled,Koch-Decker,India,69.9,FOOD-Some-91,Food & Beverage,2024-11-07,overdue,,2024-10,28.8,0.105,False
PO002749,SUP0031,PRD0143,2026-01-23,107,2.81,USD,300.67,fulfilled,Harrell LLC,Brazil,87.2,TEXT-Be-143,Textiles,2026-02-03,overdue,,2026-01,56.3,0.178,False
PO002750,SUP0006,PRD0003,2026-03-29,503,158.82,USD,79886.46,open,Blake and Sons,China,58.0,ELEC-Ground-3,Electronics,2026-03-30,paid,2026-05-04,2026-03,27.3,0.072,False
PO002751,SUP0002,PRD0075,2025-10-13,60,132.97,USD,7978.2,fulfilled,Rhodes PLC,Germany,87.8,TEXT-Two-75,Textiles,2025-10-15,paid,2025-11-27,2025-10,7.2,0.034,False
PO002752,SUP0019,PRD0079,2026-05-11,274,168.92,USD,46284.08,open,Clark PLC,Germany,69.9,FOOD-System-79,Food & Beverage,2026-05-21,overdue,,2026-05,8.6,0.043,False
PO002753,SUP0006,PRD0094,2024-09-30,482,2.31,USD,1113.42,fulfilled,Blake and Sons,China,58.0,MACH-Compare-94,Machinery,2024-10-06,paid,2024-11-15,2024-09,,,
PO002754,SUP0027,PRD0108,2024-09-06,238,1256.41,USD,299025.58,fulfilled,"Valencia, Smith and Le",Vietnam,70.4,FURN-With-108,Furniture,2024-09-18,pending,,2024-09,,,
PO002755,SUP0026,PRD0048,2026-03-05,344,423.25,USD,145598.0,open,James-Ferrell,Egypt,85.3,FOOD-Item-48,Food & Beverage,2026-03-12,overdue,,2026-03,55.8,0.205,False
PO002756,SUP0010,PRD0109,2025-04-30,243,621.85,USD,151109.55,open,"Martinez, Nielsen and Miller",Egypt,43.6,CHEM-Step-109,Chemicals,2025-05-14,pending,,2025-04,51.5,0.206,False
PO002757,SUP0025,PRD0035,2025-04-13,119,608.4,USD,72399.6,open,Conner Group,Bangladesh,77.2,MACH-Material-35,Machinery,2025-04-25,paid,2025-05-27,2025-04,53.6,0.114,False
PO002758,SUP0008,PRD0057,2024-12-08,382,9.07,USD,3464.74,fulfilled,Davis Inc,Pakistan,69.7,CHEM-Ask-57,Chemicals,2024-12-11,paid,2025-01-13,2024-12,65.3,0.247,False
PO002759,SUP0010,PRD0108,2025-08-03,167,1842.78,USD,307744.26,fulfilled,"Martinez, Nielsen and Miller",Egypt,43.6,FURN-With-108,Furniture,2025-08-05,paid,2025-08-27,2025-08,53.1,0.132,False
PO002760,SUP0023,PRD0012,2025-09-10,78,1399.66,USD,109173.48,open,Robinson-Bright,Indonesia,70.0,ELEC-Second-12,Electronics,2025-09-23,paid,2025-10-21,2025-09,42.2,0.1,False
PO002761,SUP0016,PRD0106,2025-09-19,115,627.26,USD,72134.9,fulfilled,"Sanchez, Ford and Nelson",Mexico,67.6,AUTO-In-106,Automotive Parts,2025-09-25,paid,2025-10-17,2025-09,39.7,0.136,False
PO002762,SUP0023,PRD0128,2025-04-08,54,249.78,USD,13488.12,open,Robinson-Bright,Indonesia,70.0,TEXT-Occur-128,Textiles,2025-04-20,pending,,2025-04,46.5,0.108,False
PO002763,SUP0005,PRD0121,2024-10-18,522,2.32,USD,1211.04,open,Cole LLC,Mexico,58.0,ELEC-Clear-121,Electronics,2024-10-31,paid,2024-12-09,2024-10,37.9,0.124,False
PO002764,SUP0034,PRD0148,2026-01-24,327,192.18,USD,62842.86,fulfilled,Koch-Decker,India,69.9,FOOD-Author-148,Food & Beverage,2026-01-28,paid,2026-03-06,2026-01,34.7,0.097,False
PO002765,SUP0015,PRD0108,2025-12-30,47,5.07,USD,238.29,fulfilled,"Zuniga, Wong and Lynch",India,76.1,FURN-With-108,Furniture,2025-12-31,paid,2026-01-07,2025-12,34.7,0.082,False
PO002766,SUP0025,PRD0141,2025-06-17,346,38.27,USD,13241.42,fulfilled,Conner Group,Bangladesh,77.2,CHEM-Art-141,Chemicals,2025-06-20,pending,,2025-06,55.2,0.11,False
PO002767,SUP0019,PRD0036,2026-02-22,153,69.79,USD,10677.87,fulfilled,Clark PLC,Germany,69.9,ELEC-Eight-36,Electronics,2026-02-24,paid,2026-03-09,2026-02,11.1,0.05,False
PO002768,SUP0010,PRD0077,2024-12-30,398,56.24,USD,22383.52,fulfilled,"Martinez, Nielsen and Miller",Egypt,43.6,FURN-Bag-77,Furniture,2025-01-01,pending,,2024-12,48.1,0.214,False
PO002769,SUP0025,PRD0072,2026-08-10,279,2.32,USD,647.28,fulfilled,Conner Group,Bangladesh,77.2,TEXT-Family-72,Textiles,2026-08-14,paid,2026-09-06,2026-08,55.7,0.18,False
PO002770,SUP0013,PRD0121,2025-10-30,784,373.37,USD,292722.08,fulfilled,Delacruz Group,Germany,77.3,ELEC-Clear-121,Electronics,2025-11-09,pending,,2025-10,9.1,0.04,False
PO002771,SUP0011,PRD0136,2025-05-29,121,593.42,USD,71803.82,cancelled,"Montgomery, Hensley and Ray",Indonesia,56.0,AUTO-Morning-136,Automotive Parts,,,,2025-05,47.0,0.137,False
PO002772,SUP0006,PRD0074,2026-01-13,112,848.52,USD,95034.24,fulfilled,Blake and Sons,China,58.0,MACH-Enjoy-74,Machinery,2026-01-15,paid,2026-02-07,2026-01,23.7,0.078,False
PO002773,SUP0028,PRD0033,2026-05-18,53,668.66,USD,35438.98,fulfilled,"Potter, Mack and Peterson",Germany,88.1,PACK-Own-33,Packaging,2026-06-01,pending,,2026-05,12.4,0.037,False
PO002774,SUP0006,PRD0103,2024-12-29,314,2580.19,USD,810179.66,fulfilled,Blake and Sons,China,58.0,AUTO-Community-103,Automotive Parts,2025-01-03,paid,2025-02-06,2024-12,27.0,0.072,False
PO002775,SUP0020,PRD0084,2024-10-14,103,98.27,USD,10121.81,fulfilled,Lewis-Porter,Pakistan,59.2,PACK-Apply-84,Packaging,2024-10-15,pending,,2024-10,63.3,0.232,False
PO002776,SUP0014,PRD0028,2025-06-17,410,269.18,USD,110363.8,cancelled,"Flowers, Martin and Kelly",United States,46.7,AUTO-Notice-28,Automotive Parts,,,,2025-06,10.0,0.023,False
PO002777,SUP0006,PRD0111,2025-10-17,237,7.91,USD,1874.67,cancelled,Blake and Sons,China,58.0,PACK-Look-111,Packaging,,,,2025-10,30.7,0.06,False
PO002778,SUP0021,PRD0062,2025-12-19,203,2231.04,USD,452901.12,fulfilled,"Ellis, Baker and Wright",India,80.5,TEXT-Training-62,Textiles,2025-12-28,pending,,2025-12,43.7,0.087,False
PO002779,SUP0019,PRD0144,2026-04-09,396,1261.67,USD,499621.32,fulfilled,Clark PLC,Germany,69.9,FURN-Today-144,Furniture,2026-04-23,paid,2026-05-21,2026-04,12.5,0.048,False
PO002780,SUP0030,PRD0083,2024-11-27,324,104.24,USD,33773.76,open,Stanton-Gill,Indonesia,60.5,TEXT-Billion-83,Textiles,2024-12-07,paid,2025-01-15,2024-11,40.4,0.073,False
PO002781,SUP0010,PRD0085,2024-09-27,61,1067.97,USD,65146.17,fulfilled,"Martinez, Nielsen and Miller",Egypt,43.6,CHEM-Reach-85,Chemicals,2024-10-02,paid,2024-11-12,2024-09,,,
PO002782,SUP0009,PRD0084,2026-01-19,140,153.86,USD,21540.4,cancelled,Munoz-Roman,United States,66.0,PACK-Apply-84,Packaging,,,,2026-01,12.6,0.038,True
PO002783,SUP0001,PRD0070,2026-02-07,209,2.32,USD,484.88,fulfilled,"Rodriguez, Figueroa and Sanchez",South Korea,74.7,PACK-Knowledge-70,Packaging,2026-02-14,paid,2026-03-15,2026-02,24.6,0.07,False
PO002784,SUP0015,PRD0078,2025-07-20,824,24.03,USD,19800.72,fulfilled,"Zuniga, Wong and Lynch",India,76.1,AUTO-Level-78,Automotive Parts,2025-07-23,paid,2025-08-28,2025-07,41.4,0.105,False
PO002785,SUP0027,PRD0145,2024-09-15,61,823.53,USD,50235.33,fulfilled,"Valencia, Smith and Le",Vietnam,70.4,MACH-Cultural-145,Machinery,2024-09-19,paid,2024-09-25,2024-09,,,
PO002786,SUP0030,PRD0081,2026-05-12,358,151.51,USD,54240.58,fulfilled,Stanton-Gill,Indonesia,60.5,PACK-Total-81,Packaging,2026-05-17,paid,2026-06-10,2026-05,39.8,0.126,False
PO002787,SUP0032,PRD0002,2025-02-08,495,2.31,USD,1143.45,fulfilled,"Lynch, Hernandez and Farmer",Vietnam,57.2,PACK-Attack-2,Packaging,2025-02-14,paid,2025-03-08,2025-02,38.5,0.081,False
PO002788,SUP0032,PRD0011,2026-03-25,150,61.24,USD,9186.0,fulfilled,"Lynch, Hernandez and Farmer",Vietnam,57.2,TEXT-Avoid-11,Textiles,2026-04-05,paid,2026-04-30,2026-03,40.5,0.12,False
PO002789,SUP0017,PRD0073,2025-02-10,149,377.93,USD,56311.57,fulfilled,"Hawkins, Cohen and Cameron",Nigeria,42.8,PACK-Maintain-73,Packaging,2025-02-14,paid,2025-03-21,2025-02,63.5,0.287,False
PO002790,SUP0036,PRD0105,2024-09-21,209,6.43,USD,1343.87,cancelled,Dennis Inc,South Korea,60.1,FOOD-Able-105,Food & Beverage,,,,2024-09,,,
PO002791,SUP0040,PRD0040,2025-01-12,210,684.38,USD,143719.8,cancelled,"Santos, Kim and Holmes",Turkey,71.1,FURN-Investment-40,Furniture,,,,2025-01,59.7,0.235,False
PO002792,SUP0009,PRD0081,2025-11-27,75,47.69,USD,3576.75,fulfilled,Munoz-Roman,United States,66.0,PACK-Total-81,Packaging,2025-12-06,paid,2026-01-12,2025-11,15.9,0.028,False
PO002793,SUP0012,PRD0007,2024-11-12,66,4023.21,USD,265531.86,fulfilled,Stanley LLC,Japan,60.6,TEXT-Drug-7,Textiles,2024-11-13,paid,2024-12-26,2024-11,21.0,0.049,False
PO002794,SUP0011,PRD0070,2025-08-31,477,1127.9,USD,538008.3,fulfilled,"Montgomery, Hensley and Ray",Indonesia,56.0,PACK-Knowledge-70,Packaging,2025-09-12,paid,2025-09-29,2025-08,42.9,0.172,False
PO002795,SUP0026,PRD0019,2025-04-04,672,2381.96,USD,1600677.12,cancelled,James-Ferrell,Egypt,85.3,PACK-Trade-19,Packaging,,,,2025-04,48.3,0.222,False
PO002796,SUP0002,PRD0066,2024-09-12,308,41.4,USD,12751.2,fulfilled,Rhodes PLC,Germany,87.8,TEXT-Customer-66,Textiles,2024-09-14,paid,2024-10-15,2024-09,,,
PO002797,SUP0037,PRD0083,2025-08-12,82,1389.93,USD,113974.26,fulfilled,"Cannon, Anderson and Alvarez",United States,65.1,TEXT-Billion-83,Textiles,2025-08-25,paid,2025-09-12,2025-08,18.8,0.029,False
PO002798,SUP0030,PRD0070,2025-05-13,404,3283.63,USD,1326586.52,fulfilled,Stanton-Gill,Indonesia,60.5,PACK-Knowledge-70,Packaging,2025-05-18,paid,2025-06-29,2025-05,44.2,0.119,False
PO002799,SUP0032,PRD0048,2025-12-29,1342,50.97,USD,68401.74,fulfilled,"Lynch, Hernandez and Farmer",Vietnam,57.2,FOOD-Item-48,Food & Beverage,2026-01-04,paid,2026-02-10,2025-12,43.1,0.119,False
PO002800,SUP0029,PRD0063,2026-03-10,105,1598.07,USD,167797.35,open,Chavez Ltd,Poland,66.3,AUTO-Boy-63,Automotive Parts,2026-03-19,paid,2026-03-26,2026-03,19.5,0.073,False
PO002801,SUP0036,PRD0023,2026-03-24,401,589.48,USD,236381.48,cancelled,Dennis Inc,South Korea,60.1,MACH-Economy-23,Machinery,,,,2026-03,22.8,0.042,False
PO002802,SUP0037,PRD0117,2026-04-01,111,27.09,USD,3006.99,open,"Cannon, Anderson and Alvarez",United States,65.1,CHEM-Only-117,Chemicals,2026-04-08,paid,2026-04-20,2026-04,15.1,0.033,False
PO002803,SUP0032,PRD0021,2025-02-03,141,2.72,USD,383.52,fulfilled,"Lynch, Hernandez and Farmer",Vietnam,57.2,MACH-Avoid-21,Machinery,2025-02-07,pending,,2025-02,38.5,0.081,False
PO002804,SUP0016,PRD0026,2025-02-04,437,1638.07,USD,715836.59,fulfilled,"Sanchez, Ford and Nelson",Mexico,67.6,PACK-Mention-26,Packaging,2025-02-08,paid,2025-03-22,2025-02,44.0,0.116,False
PO002805,SUP0004,PRD0057,2025-01-25,298,512.53,USD,152733.94,fulfilled,"Johnson, Gonzalez and Santos",Mexico,76.5,CHEM-Ask-57,Chemicals,2025-01-29,paid,2025-03-08,2025-01,38.1,0.07,False
PO002806,SUP0006,PRD0114,2024-12-17,122,5.73,USD,699.06,fulfilled,Blake and Sons,China,58.0,FOOD-Same-114,Food & Beverage,2024-12-27,paid,2025-02-04,2024-12,27.0,0.072,False
PO002807,SUP0026,PRD0111,2026-06-13,381,388.17,USD,147892.77,fulfilled,James-Ferrell,Egypt,85.3,PACK-Look-111,Packaging,2026-06-24,pending,,2026-06,53.8,0.195,False
PO002808,SUP0038,PRD0060,2025-06-28,260,3325.77,USD,864700.2,cancelled,Rose-Obrien,South Africa,61.5,TEXT-Group-60,Textiles,,,,2025-06,52.2,0.169,False
PO002809,SUP0004,PRD0049,2026-06-16,172,1959.45,USD,337025.4,fulfilled,"Johnson, Gonzalez and Santos",Mexico,76.5,AUTO-Manage-49,Automotive Parts,2026-06-17,paid,2026-07-13,2026-06,35.6,0.151,False
PO002810,SUP0017,PRD0078,2026-02-21,264,37.39,USD,9870.96,open,"Hawkins, Cohen and Cameron",Nigeria,42.8,AUTO-Level-78,Automotive Parts,2026-03-02,pending,,2026-02,68.3,0.212,False
PO002811,SUP0030,PRD0043,2024-12-01,477,53.62,USD,25576.74,fulfilled,Stanton-Gill,Indonesia,60.5,CHEM-Bill-43,Chemicals,2024-12-14,paid,2025-01-09,2024-12,43.5,0.102,False
PO002812,SUP0028,PRD0032,2025-11-12,76,25.61,USD,1946.36,fulfilled,"Potter, Mack and Peterson",Germany,88.1,FURN-Us-32,Furniture,2025-11-18,paid,2026-01-01,2025-11,19.8,0.036,False
PO002813,SUP0016,PRD0016,2025-02-21,972,1325.76,USD,1288638.72,fulfilled,"Sanchez, Ford and Nelson",Mexico,67.6,CHEM-Author-16,Chemicals,2025-03-06,overdue,,2025-02,44.0,0.116,False
PO002814,SUP0036,PRD0024,2026-04-09,43,21.06,USD,905.58,open,Dennis Inc,South Korea,60.1,MACH-Family-24,Machinery,2026-04-20,pending,,2026-04,24.0,0.088,False
PO002815,SUP0025,PRD0097,2026-07-24,111,25.01,USD,2776.11,fulfilled,Conner Group,Bangladesh,77.2,ELEC-Medical-97,Electronics,2026-08-04,paid,2026-08-11,2026-07,49.7,0.098,False
PO002816,SUP0021,PRD0114,2026-05-04,175,7.58,USD,1326.5,fulfilled,"Ellis, Baker and Wright",India,80.5,FOOD-Same-114,Food & Beverage,2026-05-16,pending,,2026-05,41.8,0.109,False
PO002817,SUP0021,PRD0084,2025-03-10,149,1074.79,USD,160143.71,open,"Ellis, Baker and Wright",India,80.5,PACK-Apply-84,Packaging,2025-03-14,paid,2025-04-18,2025-03,29.9,0.104,False
PO002818,SUP0025,PRD0041,2026-02-18,114,8.29,USD,945.06,fulfilled,Conner Group,Bangladesh,77.2,PACK-Customer-41,Packaging,2026-02-26,paid,2026-03-10,2026-02,58.5,0.121,True
PO002819,SUP0037,PRD0147,2026-08-29,457,40.07,USD,18311.99,fulfilled,"Cannon, Anderson and Alvarez",United States,65.1,FURN-Physical-147,Furniture,2026-09-08,paid,2026-10-03,2026-08,15.8,0.024,False
PO002820,SUP0035,PRD0083,2025-03-24,221,11.79,USD,2605.59,fulfilled,Allen PLC,Brazil,54.5,TEXT-Billion-83,Textiles,2025-04-03,paid,2025-05-15,2025-03,54.9,0.137,False
PO002821,SUP0039,PRD0120,2026-05-11,444,639.14,USD,283778.16,fulfilled,"Campos, Vaughn and Marquez",South Korea,62.6,MACH-Message-120,Machinery,2026-05-18,pending,,2026-05,26.6,0.096,False
PO002822,SUP0036,PRD0111,2025-04-10,578,56.01,USD,32373.78,fulfilled,Dennis Inc,South Korea,60.1,PACK-Look-111,Packaging,2025-04-13,paid,2025-05-10,2025-04,23.2,0.075,False
PO002823,SUP0012,PRD0030,2025-09-12,143,153.69,USD,21977.67,fulfilled,Stanley LLC,Japan,60.6,AUTO-Several-30,Automotive Parts,2025-09-26,paid,2025-10-29,2025-09,14.5,0.057,False
PO002824,SUP0020,PRD0114,2025-01-06,458,5.58,USD,2555.64,fulfilled,Lewis-Porter,Pakistan,59.2,FOOD-Same-114,Food & Beverage,2025-01-10,paid,2025-02-03,2025-01,67.2,0.244,False
PO002825,SUP0001,PRD0010,2024-09-29,30,42.41,USD,1272.3,fulfilled,"Rodriguez, Figueroa and Sanchez",South Korea,74.7,CHEM-Account-10,Chemicals,2024-10-02,paid,2024-10-14,2024-09,,,
PO002826,SUP0035,PRD0028,2026-08-09,91,834.22,USD,75914.02,open,Allen PLC,Brazil,54.5,AUTO-Notice-28,Automotive Parts,2026-08-15,paid,2026-08-27,2026-08,51.8,0.145,False
PO002827,SUP0006,PRD0066,2024-11-26,436,416.45,USD,181572.2,cancelled,Blake and Sons,China,58.0,TEXT-Customer-66,Textiles,,,,2024-11,32.3,0.059,False
PO002828,SUP0005,PRD0021,2025-08-08,672,5240.88,USD,3521871.36,open,Cole LLC,Mexico,58.0,MACH-Avoid-21,Machinery,2025-08-11,paid,2025-08-25,2025-08,40.0,0.107,False
PO002829,SUP0007,PRD0148,2026-02-28,304,2.52,USD,766.08,fulfilled,Ramirez-Lewis,South Korea,49.8,FOOD-Author-148,Food & Beverage,2026-03-07,paid,2026-03-19,2026-02,28.4,0.062,False
PO002830,SUP0019,PRD0040,2024-11-18,170,201.72,USD,34292.4,open,Clark PLC,Germany,69.9,FURN-Investment-40,Furniture,2024-11-26,paid,2024-12-20,2024-11,16.4,0.037,False
PO002831,SUP0032,PRD0028,2025-02-10,351,246.22,USD,86423.22,fulfilled,"Lynch, Hernandez and Farmer",Vietnam,57.2,AUTO-Notice-28,Automotive Parts,2025-02-17,pending,,2025-02,38.5,0.081,False
PO002832,SUP0031,PRD0082,2025-09-07,45,588.12,USD,26465.4,fulfilled,Harrell LLC,Brazil,87.2,AUTO-Oil-82,Automotive Parts,2025-09-08,pending,,2025-09,51.5,0.138,False
PO002833,SUP0026,PRD0019,2025-04-03,491,2363.53,USD,1160493.23,fulfilled,James-Ferrell,Egypt,85.3,PACK-Trade-19,Packaging,2025-04-05,paid,2025-04-24,2025-04,48.3,0.222,False
PO002834,SUP0034,PRD0025,2026-03-05,55,365.6,USD,20108.0,fulfilled,Koch-Decker,India,69.9,CHEM-Relationship-25,Chemicals,2026-03-18,paid,2026-04-22,2026-03,44.4,0.088,False
PO002835,SUP0014,PRD0094,2026-07-07,87,41.58,USD,3617.46,open,"Flowers, Martin and Kelly",United States,46.7,MACH-Compare-94,Machinery,2026-07-19,paid,2026-08-15,2026-07,11.2,0.019,False
PO002836,SUP0019,PRD0120,2025-05-18,132,10.79,USD,1424.28,fulfilled,Clark PLC,Germany,69.9,MACH-Message-120,Machinery,2025-05-31,paid,2025-06-26,2025-05,10.9,0.032,False
PO002837,SUP0027,PRD0012,2025-05-23,41,8.36,USD,342.76,fulfilled,"Valencia, Smith and Le",Vietnam,70.4,ELEC-Second-12,Electronics,2025-06-01,paid,2025-07-05,2025-05,45.1,0.097,False
PO002838,SUP0008,PRD0083,2025-09-04,449,25.0,USD,11225.0,open,Davis Inc,Pakistan,69.7,TEXT-Billion-83,Textiles,2025-09-09,pending,,2025-09,64.2,0.282,False
PO002839,SUP0020,PRD0120,2025-12-10,1286,31.79,USD,40881.94,fulfilled,Lewis-Porter,Pakistan,59.2,MACH-Message-120,Machinery,2025-12-19,paid,2026-01-14,2025-12,58.6,0.255,False
PO002840,SUP0034,PRD0021,2026-04-08,407,225.25,USD,91676.75,fulfilled,Koch-Decker,India,69.9,MACH-Avoid-21,Machinery,2026-04-18,overdue,,2026-04,31.2,0.068,True
PO002841,SUP0030,PRD0092,2025-01-14,913,77.55,USD,70803.15,cancelled,Stanton-Gill,Indonesia,60.5,ELEC-Time-92,Electronics,,,,2025-01,41.7,0.083,False
PO002842,SUP0008,PRD0015,2026-01-03,403,3.87,USD,1559.61,open,Davis Inc,Pakistan,69.7,TEXT-Drop-15,Textiles,2026-01-09,paid,2026-02-20,2026-01,68.5,0.174,False
PO002843,SUP0040,PRD0081,2026-02-05,217,158.66,USD,34429.22,fulfilled,"Santos, Kim and Holmes",Turkey,71.1,PACK-Total-81,Packaging,2026-02-13,paid,2026-03-25,2026-02,57.6,0.165,False
PO002844,SUP0016,PRD0020,2025-02-15,208,835.28,USD,173738.24,fulfilled,"Sanchez, Ford and Nelson",Mexico,67.6,FOOD-Give-20,Food & Beverage,2025-03-01,paid,2025-04-06,2025-02,44.0,0.116,False
PO002845,SUP0012,PRD0071,2025-10-16,35,1047.29,USD,36655.15,fulfilled,Stanley LLC,Japan,60.6,ELEC-Cover-71,Electronics,2025-10-18,paid,2025-10-24,2025-10,16.9,0.047,False
PO002846,SUP0038,PRD0040,2025-06-01,77,12.25,USD,943.25,fulfilled,Rose-Obrien,South Africa,61.5,FURN-Investment-40,Furniture,2025-06-15,overdue,,2025-06,52.2,0.169,False
PO002847,SUP0032,PRD0134,2025-07-03,100,108.98,USD,10898.0,fulfilled,"Lynch, Hernandez and Farmer",Vietnam,57.2,FOOD-Pattern-134,Food & Beverage,2025-07-05,overdue,,2025-07,41.6,0.072,False
PO002848,SUP0017,PRD0064,2026-01-19,40,451.91,USD,18076.4,fulfilled,"Hawkins, Cohen and Cameron",Nigeria,42.8,AUTO-Energy-64,Automotive Parts,2026-01-25,paid,2026-03-07,2026-01,78.2,0.308,False
PO002849,SUP0010,PRD0037,2024-12-25,121,155.34,USD,18796.14,open,"Martinez, Nielsen and Miller",Egypt,43.6,CHEM-Still-37,Chemicals,2024-12-27,pending,,2024-12,48.1,0.214,False
PO002850,SUP0009,PRD0078,2026-05-25,39,71.09,USD,2772.51,fulfilled,Munoz-Roman,United States,66.0,AUTO-Level-78,Automotive Parts,2026-06-04,paid,2026-07-18,2026-05,16.2,0.031,False
PO002851,SUP0035,PRD0026,2025-04-01,214,421.36,USD,90171.04,fulfilled,Allen PLC,Brazil,54.5,PACK-Mention-26,Packaging,2025-04-08,paid,2025-05-14,2025-04,50.9,0.162,False
PO002852,SUP0017,PRD0043,2025-07-12,1509,248.84,USD,375499.56,open,"Hawkins, Cohen and Cameron",Nigeria,42.8,CHEM-Bill-43,Chemicals,2025-07-18,paid,2025-08-21,2025-07,67.7,0.288,False
PO002853,SUP0014,PRD0033,2025-10-06,171,12.7,USD,2171.7,fulfilled,"Flowers, Martin and Kelly",United States,46.7,PACK-Own-33,Packaging,2025-10-20,pending,,2025-10,17.3,0.029,False
PO002854,SUP0013,PRD0068,2024-11-28,157,316.52,USD,49693.64,fulfilled,Delacruz Group,Germany,77.3,FURN-List-68,Furniture,2024-12-07,paid,2024-12-18,2024-11,16.0,0.028,False
PO002855,SUP0037,PRD0112,2024-12-21,42,2.38,USD,99.96,fulfilled,"Cannon, Anderson and Alvarez",United States,65.1,FURN-Feeling-112,Furniture,2025-01-02,paid,2025-01-27,2024-12,8.1,0.015,False
PO002856,SUP0031,PRD0120,2025-07-06,143,3.09,USD,441.87,open,Harrell LLC,Brazil,87.2,MACH-Message-120,Machinery,2025-07-18,paid,2025-07-27,2025-07,50.3,0.167,False
PO002857,SUP0035,PRD0019,2026-05-03,72,525.63,USD,37845.36,cancelled,Allen PLC,Brazil,54.5,PACK-Trade-19,Packaging,,,,2026-05,57.2,0.171,False
PO002858,SUP0017,PRD0071,2026-03-22,100,5.49,USD,549.0,fulfilled,"Hawkins, Cohen and Cameron",Nigeria,42.8,ELEC-Cover-71,Electronics,2026-03-24,paid,2026-04-04,2026-03,71.0,0.233,False
PO002859,SUP0008,PRD0062,2026-02-17,434,302.83,USD,131428.22,fulfilled,Davis Inc,Pakistan,69.7,TEXT-Training-62,Textiles,2026-03-02,paid,2026-03-12,2026-02,67.2,0.238,False
PO002860,SUP0017,PRD0064,2025-10-31,72,2468.9,USD,177760.8,fulfilled,"Hawkins, Cohen and Cameron",Nigeria,42.8,AUTO-Energy-64,Automotive Parts,2025-11-12,paid,2025-12-17,2025-10,67.8,0.34,False
PO002861,SUP0030,PRD0141,2024-12-19,140,587.78,USD,82289.2,fulfilled,Stanton-Gill,Indonesia,60.5,CHEM-Art-141,Chemicals,2024-12-27,paid,2025-01-15,2024-12,43.5,0.102,False
PO002862,SUP0010,PRD0103,2025-08-17,171,1553.28,USD,265610.88,fulfilled,"Martinez, Nielsen and Miller",Egypt,43.6,AUTO-Community-103,Automotive Parts,2025-08-24,paid,2025-09-04,2025-08,53.1,0.132,False
PO002863,SUP0035,PRD0058,2025-05-15,97,39.61,USD,3842.17,fulfilled,Allen PLC,Brazil,54.5,AUTO-Interesting-58,Automotive Parts,2025-05-24,overdue,,2025-05,54.1,0.173,False
PO002864,SUP0019,PRD0087,2025-04-08,339,408.64,USD,138528.96,open,Clark PLC,Germany,69.9,MACH-Think-87,Machinery,2025-04-15,pending,,2025-04,9.6,0.04,False
PO002865,SUP0007,PRD0111,2026-06-17,213,332.31,USD,70782.03,fulfilled,Ramirez-Lewis,South Korea,49.8,PACK-Look-111,Packaging,2026-06-23,paid,2026-07-07,2026-06,23.9,0.084,False
PO002866,SUP0036,PRD0009,2025-11-22,91,44.08,USD,4011.28,fulfilled,Dennis Inc,South Korea,60.1,MACH-Discussion-9,Machinery,2025-11-25,overdue,,2025-11,25.4,0.069,False
PO002867,SUP0001,PRD0003,2025-08-26,327,387.88,USD,126836.76,fulfilled,"Rodriguez, Figueroa and Sanchez",South Korea,74.7,ELEC-Ground-3,Electronics,2025-09-06,paid,2025-10-08,2025-08,21.1,0.105,False
PO002868,SUP0028,PRD0100,2026-04-16,246,1076.25,USD,264757.5,open,"Potter, Mack and Peterson",Germany,88.1,TEXT-Institution-100,Textiles,2026-04-18,paid,2026-04-25,2026-04,14.0,0.027,False
PO002869,SUP0021,PRD0045,2024-11-02,349,423.5,USD,147801.5,open,"Ellis, Baker and Wright",India,80.5,CHEM-Lawyer-45,Chemicals,2024-11-13,paid,2024-12-26,2024-11,35.5,0.104,False
PO002870,SUP0028,PRD0086,2026-03-24,661,2.32,USD,1533.52,cancelled,"Potter, Mack and Peterson",Germany,88.1,AUTO-Now-86,Automotive Parts,,,,2026-03,10.6,0.036,False
PO002871,SUP0036,PRD0078,2025-03-14,647,863.9,USD,558943.3,fulfilled,Dennis Inc,South Korea,60.1,AUTO-Level-78,Automotive Parts,2025-03-20,pending,,2025-03,27.0,0.071,False
PO002872,SUP0026,PRD0083,2026-07-16,69,365.93,USD,25249.17,fulfilled,James-Ferrell,Egypt,85.3,TEXT-Billion-83,Textiles,2026-07-17,overdue,,2026-07,50.7,0.201,False
PO002873,SUP0002,PRD0064,2025-05-19,126,2023.02,USD,254900.52,fulfilled,Rhodes PLC,Germany,87.8,AUTO-Energy-64,Automotive Parts,2025-05-28,paid,2025-06-28,2025-05,15.1,0.034,False
PO002874,SUP0004,PRD0024,2024-12-29,305,297.96,USD,90877.8,open,"Johnson, Gonzalez and Santos",Mexico,76.5,MACH-Family-24,Machinery,2024-12-31,paid,2025-02-01,2024-12,38.0,0.144,False
PO002875,SUP0036,PRD0079,2024-09-29,201,90.29,USD,18148.29,fulfilled,Dennis Inc,South Korea,60.1,FOOD-System-79,Food & Beverage,2024-10-01,overdue,,2024-09,,,
PO002876,SUP0035,PRD0010,2025-11-04,650,25.5,USD,16575.0,fulfilled,Allen PLC,Brazil,54.5,CHEM-Account-10,Chemicals,2025-11-06,pending,,2025-11,47.0,0.179,False
PO002877,SUP0040,PRD0044,2025-04-08,230,45.81,USD,10536.3,fulfilled,"Santos, Kim and Holmes",Turkey,71.1,MACH-Reason-44,Machinery,2025-04-14,paid,2025-05-22,2025-04,71.0,0.215,True
PO002878,SUP0037,PRD0084,2026-02-10,612,23.05,USD,14106.6,fulfilled,"Cannon, Anderson and Alvarez",United States,65.1,PACK-Apply-84,Packaging,2026-02-11,paid,2026-03-06,2026-02,22.9,0.036,False
PO002879,SUP0015,PRD0097,2024-12-21,245,163.26,USD,39998.7,open,"Zuniga, Wong and Lynch",India,76.1,ELEC-Medical-97,Electronics,2024-12-24,paid,2025-01-26,2024-12,41.3,0.09,False
PO002880,SUP0018,PRD0103,2025-12-07,515,4981.02,USD,2565225.3,fulfilled,Underwood LLC,Philippines,54.2,AUTO-Community-103,Automotive Parts,2025-12-18,paid,2026-01-08,2025-12,37.3,0.134,False
PO002881,SUP0010,PRD0074,2025-04-19,70,533.52,USD,37346.4,fulfilled,"Martinez, Nielsen and Miller",Egypt,43.6,MACH-Enjoy-74,Machinery,2025-04-25,overdue,,2025-04,51.5,0.206,False
PO002882,SUP0040,PRD0150,2026-08-22,74,670.07,USD,49585.18,open,"Santos, Kim and Holmes",Turkey,71.1,TEXT-Training-150,Textiles,2026-08-31,paid,2026-10-10,2026-08,58.2,0.17,False
PO002883,SUP0013,PRD0117,2025-06-27,168,1173.77,USD,197193.36,fulfilled,Delacruz Group,Germany,77.3,CHEM-Only-117,Chemicals,2025-07-03,paid,2025-07-24,2025-06,18.5,0.04,False
PO002884,SUP0024,PRD0102,2025-06-17,357,77.71,USD,27742.47,fulfilled,Campos Inc,Mexico,79.6,TEXT-Artist-102,Textiles,2025-06-21,pending,,2025-06,37.7,0.13,False
PO002885,SUP0009,PRD0096,2026-01-03,191,186.1,USD,35545.1,fulfilled,Munoz-Roman,United States,66.0,CHEM-Mention-96,Chemicals,2026-01-10,pending,,2026-01,12.6,0.038,True
PO002886,SUP0010,PRD0109,2026-02-24,768,473.39,USD,363563.52,fulfilled,"Martinez, Nielsen and Miller",Egypt,43.6,CHEM-Step-109,Chemicals,2026-03-06,paid,2026-03-30,2026-02,53.6,0.19,False
PO002887,SUP0030,PRD0132,2025-12-10,265,1406.44,USD,372706.6,fulfilled,Stanton-Gill,Indonesia,60.5,CHEM-Art-132,Chemicals,2025-12-19,paid,2025-12-30,2025-12,46.3,0.143,False
PO002888,SUP0009,PRD0055,2025-08-11,217,4.15,USD,900.55,fulfilled,Munoz-Roman,United States,66.0,FURN-Race-55,Furniture,2025-08-17,paid,2025-08-25,2025-08,11.7,0.027,False
PO002889,SUP0016,PRD0128,2025-01-27,181,2.98,USD,539.38,fulfilled,"Sanchez, Ford and Nelson",Mexico,67.6,TEXT-Occur-128,Textiles,2025-01-28,paid,2025-02-27,2025-01,38.0,0.122,False
PO002890,SUP0008,PRD0043,2026-03-21,45,10.87,USD,489.15,open,Davis Inc,Pakistan,69.7,CHEM-Bill-43,Chemicals,2026-03-30,paid,2026-05-01,2026-03,71.9,0.327,False
PO002891,SUP0030,PRD0035,2025-06-29,49,11.66,USD,571.34,fulfilled,Stanton-Gill,Indonesia,60.5,MACH-Material-35,Machinery,2025-07-07,paid,2025-08-15,2025-06,45.6,0.136,False
PO002892,SUP0036,PRD0095,2026-09-03,606,490.03,USD,296958.18,open,Dennis Inc,South Korea,60.1,PACK-Investment-95,Packaging,2026-09-14,paid,2026-10-24,2026-09,23.4,0.098,False
PO002893,SUP0030,PRD0066,2025-04-05,273,11.35,USD,3098.55,fulfilled,Stanton-Gill,Indonesia,60.5,TEXT-Customer-66,Textiles,2025-04-06,overdue,,2025-04,40.8,0.151,False
PO002894,SUP0012,PRD0059,2026-04-01,903,8.81,USD,7955.43,fulfilled,Stanley LLC,Japan,60.6,FOOD-Should-59,Food & Beverage,2026-04-11,paid,2026-05-07,2026-04,9.4,0.044,False
PO002895,SUP0025,PRD0064,2026-01-18,36,4458.41,USD,160502.76,fulfilled,Conner Group,Bangladesh,77.2,AUTO-Energy-64,Automotive Parts,2026-01-28,paid,2026-03-01,2026-01,60.7,0.114,False
PO002896,SUP0019,PRD0121,2025-11-29,452,52.41,USD,23689.32,fulfilled,Clark PLC,Germany,69.9,ELEC-Clear-121,Electronics,2025-12-03,paid,2025-12-27,2025-11,11.7,0.031,False
PO002897,SUP0038,PRD0118,2025-03-24,540,45.07,USD,24337.8,fulfilled,Rose-Obrien,South Africa,61.5,CHEM-Recently-118,Chemicals,2025-04-01,paid,2025-04-13,2025-03,57.9,0.217,False
PO002898,SUP0021,PRD0105,2026-06-13,73,151.78,USD,11079.94,open,"Ellis, Baker and Wright",India,80.5,FOOD-Able-105,Food & Beverage,2026-06-20,paid,2026-07-24,2026-06,41.0,0.1,False
PO002899,SUP0008,PRD0078,2024-10-19,500,2.31,USD,1155.0,open,Davis Inc,Pakistan,69.7,AUTO-Level-78,Automotive Parts,2024-10-21,paid,2024-11-16,2024-10,62.8,0.317,False
PO002900,SUP0030,PRD0084,2025-06-02,131,559.64,USD,73312.84,fulfilled,Stanton-Gill,Indonesia,60.5,PACK-Apply-84,Packaging,2025-06-11,paid,2025-07-24,2025-06,45.6,0.136,False
PO002901,SUP0039,PRD0068,2026-02-16,806,2.35,USD,1894.1,open,"Campos, Vaughn and Marquez",South Korea,62.6,FURN-List-68,Furniture,2026-02-24,paid,2026-03-12,2026-02,28.3,0.078,False
PO002902,SUP0016,PRD0103,2024-11-04,571,2133.23,USD,1218074.33,open,"Sanchez, Ford and Nelson",Mexico,67.6,AUTO-Community-103,Automotive Parts,2024-11-18,paid,2024-11-28,2024-11,44.8,0.118,False
PO002903,SUP0007,PRD0045,2024-09-28,184,10.17,USD,1871.28,cancelled,Ramirez-Lewis,South Korea,49.8,CHEM-Lawyer-45,Chemicals,,,,2024-09,,,
PO002904,SUP0012,PRD0056,2025-03-05,919,34.37,USD,31586.03,fulfilled,Stanley LLC,Japan,60.6,MACH-Billion-56,Machinery,2025-03-12,pending,,2025-03,9.9,0.06,False
PO002905,SUP0008,PRD0078,2025-12-01,301,93.9,USD,28263.9,fulfilled,Davis Inc,Pakistan,69.7,AUTO-Level-78,Automotive Parts,2025-12-04,paid,2025-12-27,2025-12,66.7,0.291,False
PO002906,SUP0005,PRD0001,2024-12-11,225,2.34,USD,526.5,fulfilled,Cole LLC,Mexico,58.0,MACH-Down-1,Machinery,2024-12-23,paid,2025-01-09,2024-12,33.6,0.149,False
PO002907,SUP0040,PRD0048,2025-06-01,855,461.91,USD,394933.05,fulfilled,"Santos, Kim and Holmes",Turkey,71.1,FOOD-Item-48,Food & Beverage,2025-06-05,pending,,2025-06,60.7,0.298,False
PO002908,SUP0034,PRD0118,2025-04-21,468,21.54,USD,10080.72,fulfilled,Koch-Decker,India,69.9,CHEM-Recently-118,Chemicals,2025-04-29,pending,,2025-04,42.0,0.12,False
PO002909,SUP0022,PRD0057,2026-08-14,228,1972.41,USD,449709.48,open,Burgess-Patterson,Pakistan,79.0,CHEM-Ask-57,Chemicals,2026-08-28,pending,,2026-08,59.3,0.25,False
PO002910,SUP0034,PRD0004,2025-04-25,639,2.6,USD,1661.4,fulfilled,Koch-Decker,India,69.9,FOOD-Against-4,Food & Beverage,2025-05-06,paid,2025-06-13,2025-04,42.0,0.12,False
PO002911,SUP0005,PRD0102,2026-01-06,364,491.81,USD,179018.84,fulfilled,Cole LLC,Mexico,58.0,TEXT-Artist-102,Textiles,2026-01-08,paid,2026-02-19,2026-01,42.9,0.086,False
PO002912,SUP0026,PRD0044,2025-05-25,303,67.72,USD,20519.16,fulfilled,James-Ferrell,Egypt,85.3,MACH-Reason-44,Machinery,2025-06-05,pending,,2025-05,52.8,0.219,False
PO002913,SUP0025,PRD0048,2025-10-14,545,230.92,USD,125851.4,fulfilled,Conner Group,Bangladesh,77.2,FOOD-Item-48,Food & Beverage,2025-10-18,paid,2025-11-05,2025-10,57.7,0.144,False
PO002914,SUP0034,PRD0121,2026-06-13,65,455.38,USD,29599.7,fulfilled,Koch-Decker,India,69.9,ELEC-Clear-121,Electronics,2026-06-15,paid,2026-07-02,2026-06,36.1,0.089,False
PO002915,SUP0010,PRD0003,2026-01-03,676,255.77,USD,172900.52,cancelled,"Martinez, Nielsen and Miller",Egypt,43.6,ELEC-Ground-3,Electronics,,,,2026-01,57.0,0.183,False
PO002916,SUP0001,PRD0078,2025-01-27,464,2.33,USD,1081.12,fulfilled,"Rodriguez, Figueroa and Sanchez",South Korea,74.7,AUTO-Level-78,Automotive Parts,2025-02-03,pending,,2025-01,19.2,0.072,False
PO002917,SUP0012,PRD0048,2025-04-03,108,68.45,USD,7392.6,fulfilled,Stanley LLC,Japan,60.6,FOOD-Item-48,Food & Beverage,2025-04-14,paid,2025-05-11,2025-04,10.5,0.055,False
PO002918,SUP0035,PRD0097,2025-11-02,202,2.35,USD,474.7,fulfilled,Allen PLC,Brazil,54.5,ELEC-Medical-97,Electronics,2025-11-14,paid,2025-12-19,2025-11,47.0,0.179,False
PO002919,SUP0019,PRD0003,2025-02-03,429,3909.62,USD,1677226.98,open,Clark PLC,Germany,69.9,ELEC-Ground-3,Electronics,2025-02-09,overdue,,2025-02,14.6,0.049,False
PO002920,SUP0014,PRD0008,2025-04-17,49,3.64,USD,178.36,fulfilled,"Flowers, Martin and Kelly",United States,46.7,PACK-Per-8,Packaging,2025-05-01,paid,2025-05-31,2025-04,19.1,0.024,False
PO002921,SUP0036,PRD0108,2025-01-31,532,872.02,USD,463914.64,open,Dennis Inc,South Korea,60.1,FURN-With-108,Furniture,2025-02-01,paid,2025-03-14,2025-01,19.3,0.048,False
PO002922,SUP0025,PRD0055,2026-06-26,73,37.11,USD,2709.03,fulfilled,Conner Group,Bangladesh,77.2,FURN-Race-55,Furniture,2026-07-07,paid,2026-08-05,2026-06,56.0,0.186,False
PO002923,SUP0010,PRD0076,2026-04-29,262,139.41,USD,36525.42,cancelled,"Martinez, Nielsen and Miller",Egypt,43.6,PACK-Wind-76,Packaging,,,,2026-04,52.2,0.22,False
PO002924,SUP0028,PRD0064,2026-08-30,303,3072.84,USD,931070.52,fulfilled,"Potter, Mack and Peterson",Germany,88.1,AUTO-Energy-64,Automotive Parts,2026-09-05,pending,,2026-08,13.2,0.037,False
PO002925,SUP0027,PRD0141,2024-09-26,84,10.41,USD,874.44,fulfilled,"Valencia, Smith and Le",Vietnam,70.4,CHEM-Art-141,Chemicals,2024-09-27,paid,2024-11-04,2024-09,,,
PO002926,SUP0008,PRD0077,2025-10-12,88,1393.66,USD,122642.08,cancelled,Davis Inc,Pakistan,69.7,FURN-Bag-77,Furniture,,,,2025-10,55.3,0.256,False
PO002927,SUP0026,PRD0064,2025-04-01,446,1777.26,USD,792657.96,fulfilled,James-Ferrell,Egypt,85.3,AUTO-Energy-64,Automotive Parts,2025-04-13,paid,2025-05-08,2025-04,48.3,0.222,False
PO002928,SUP0020,PRD0023,2024-11-23,72,1964.94,USD,141475.68,fulfilled,Lewis-Porter,Pakistan,59.2,MACH-Economy-23,Machinery,2024-11-24,pending,,2024-11,68.8,0.234,False
PO002929,SUP0038,PRD0071,2024-10-13,617,537.44,USD,331600.48,fulfilled,Rose-Obrien,South Africa,61.5,ELEC-Cover-71,Electronics,2024-10-26,overdue,,2024-10,58.5,0.16,False
PO002930,SUP0026,PRD0145,2025-09-04,199,42.36,USD,8429.64,open,James-Ferrell,Egypt,85.3,MACH-Cultural-145,Machinery,2025-09-15,paid,2025-10-07,2025-09,52.8,0.21,False
PO002931,SUP0025,PRD0074,2026-05-31,52,99.93,USD,5196.36,fulfilled,Conner Group,Bangladesh,77.2,MACH-Enjoy-74,Machinery,2026-06-14,paid,2026-07-06,2026-05,51.6,0.176,False
PO002932,SUP0007,PRD0083,2024-09-27,211,174.88,USD,36899.68,fulfilled,Ramirez-Lewis,South Korea,49.8,TEXT-Billion-83,Textiles,2024-09-28,paid,2024-10-06,2024-09,,,
PO002933,SUP0036,PRD0077,2025-03-29,958,3187.49,USD,3053615.42,fulfilled,Dennis Inc,South Korea,60.1,FURN-Bag-77,Furniture,2025-04-05,paid,2025-04-15,2025-03,27.0,0.071,False
PO002934,SUP0014,PRD0023,2026-04-06,516,133.5,USD,68886.0,fulfilled,"Flowers, Martin and Kelly",United States,46.7,MACH-Economy-23,Machinery,2026-04-11,overdue,,2026-04,11.1,0.042,False
PO002935,SUP0002,PRD0040,2025-07-02,369,4.15,USD,1531.35,fulfilled,Rhodes PLC,Germany,87.8,FURN-Investment-40,Furniture,2025-07-06,overdue,,2025-07,12.5,0.035,False
PO002936,SUP0040,PRD0033,2025-04-09,68,10.09,USD,686.12,fulfilled,"Santos, Kim and Holmes",Turkey,71.1,PACK-Own-33,Packaging,2025-04-14,paid,2025-05-19,2025-04,71.0,0.215,True
PO002937,SUP0011,PRD0026,2026-02-23,596,2.35,USD,1400.6,fulfilled,"Montgomery, Hensley and Ray",Indonesia,56.0,PACK-Mention-26,Packaging,2026-02-27,paid,2026-03-11,2026-02,36.9,0.116,False
PO002938,SUP0036,PRD0004,2024-12-14,30,23.98,USD,719.4,open,Dennis Inc,South Korea,60.1,FOOD-Against-4,Food & Beverage,2024-12-15,paid,2025-01-17,2024-12,26.8,0.062,False
PO002939,SUP0032,PRD0001,2025-12-24,143,150.24,USD,21484.32,open,"Lynch, Hernandez and Farmer",Vietnam,57.2,MACH-Down-1,Machinery,2025-12-28,paid,2026-01-29,2025-12,43.1,0.119,False
PO002940,SUP0019,PRD0141,2025-10-28,304,671.73,USD,204205.92,fulfilled,Clark PLC,Germany,69.9,CHEM-Art-141,Chemicals,2025-11-05,paid,2025-12-13,2025-10,7.6,0.055,False
PO002941,SUP0015,PRD0051,2025-09-08,246,639.01,USD,157196.46,fulfilled,"Zuniga, Wong and Lynch",India,76.1,AUTO-Shoulder-51,Automotive Parts,2025-09-12,paid,2025-10-08,2025-09,37.6,0.105,False
PO002942,SUP0037,PRD0109,2024-11-27,196,2451.19,USD,480433.24,open,"Cannon, Anderson and Alvarez",United States,65.1,CHEM-Step-109,Chemicals,2024-11-30,paid,2024-12-07,2024-11,14.8,0.037,False
PO002943,SUP0025,PRD0051,2025-02-07,238,433.74,USD,103230.12,fulfilled,Conner Group,Bangladesh,77.2,AUTO-Shoulder-51,Automotive Parts,2025-02-15,overdue,,2025-02,59.8,0.172,False
PO002944,SUP0013,PRD0108,2025-06-20,863,109.88,USD,94826.44,cancelled,Delacruz Group,Germany,77.3,FURN-With-108,Furniture,,,,2025-06,18.5,0.04,False
PO002945,SUP0035,PRD0104,2026-03-19,668,384.85,USD,257079.8,fulfilled,Allen PLC,Brazil,54.5,AUTO-Hundred-104,Automotive Parts,2026-03-26,pending,,2026-03,54.4,0.19,False
PO002946,SUP0039,PRD0058,2026-06-20,311,189.48,USD,58928.28,fulfilled,"Campos, Vaughn and Marquez",South Korea,62.6,AUTO-Interesting-58,Automotive Parts,2026-06-25,paid,2026-07-23,2026-06,25.2,0.055,False
PO002947,SUP0022,PRD0110,2025-10-20,289,4679.72,USD,1352439.08,fulfilled,Burgess-Patterson,Pakistan,79.0,CHEM-Still-110,Chemicals,2025-10-25,pending,,2025-10,62.6,0.286,False
PO002948,SUP0024,PRD0066,2025-05-20,231,22.16,USD,5118.96,fulfilled,Campos Inc,Mexico,79.6,TEXT-Customer-66,Textiles,2025-05-29,paid,2025-06-21,2025-05,43.8,0.143,False
PO002949,SUP0019,PRD0150,2025-07-11,497,5.74,USD,2852.78,fulfilled,Clark PLC,Germany,69.9,TEXT-Training-150,Textiles,2025-07-19,paid,2025-08-30,2025-07,13.9,0.036,False
PO002950,SUP0013,PRD0122,2025-06-29,223,4.12,USD,918.76,fulfilled,Delacruz Group,Germany,77.3,CHEM-Customer-122,Chemicals,2025-07-06,paid,2025-07-23,2025-06,18.5,0.04,False
PO002951,SUP0014,PRD0020,2024-12-06,179,118.8,USD,21265.2,fulfilled,"Flowers, Martin and Kelly",United States,46.7,FOOD-Give-20,Food & Beverage,2024-12-19,paid,2025-01-29,2024-12,17.2,0.025,False
PO002952,SUP0001,PRD0091,2026-08-19,465,1956.64,USD,909837.6,fulfilled,"Rodriguez, Figueroa and Sanchez",South Korea,74.7,FOOD-Some-91,Food & Beverage,2026-08-25,paid,2026-09-24,2026-08,29.1,0.075,False
PO002953,SUP0036,PRD0013,2025-09-11,425,387.48,USD,164679.0,fulfilled,Dennis Inc,South Korea,60.1,CHEM-Program-13,Chemicals,2025-09-21,paid,2025-10-11,2025-09,25.6,0.077,False
PO002954,SUP0006,PRD0027,2024-09-04,144,4.13,USD,594.72,cancelled,Blake and Sons,China,58.0,TEXT-Difficult-27,Textiles,,,,2024-09,,,
PO002955,SUP0036,PRD0079,2026-04-06,135,1340.52,USD,180970.2,fulfilled,Dennis Inc,South Korea,60.1,FOOD-System-79,Food & Beverage,2026-04-08,overdue,,2026-04,24.0,0.088,False
PO002956,SUP0009,PRD0031,2025-04-20,481,12.19,USD,5863.39,open,Munoz-Roman,United States,66.0,FOOD-Worry-31,Food & Beverage,2025-04-23,paid,2025-04-30,2025-04,12.4,0.029,False
PO002957,SUP0001,PRD0076,2024-09-26,339,1186.09,USD,402084.51,open,"Rodriguez, Figueroa and Sanchez",South Korea,74.7,PACK-Wind-76,Packaging,2024-10-10,paid,2024-10-22,2024-09,,,
PO002958,SUP0004,PRD0019,2025-12-01,361,977.08,USD,352725.88,fulfilled,"Johnson, Gonzalez and Santos",Mexico,76.5,PACK-Trade-19,Packaging,2025-12-15,paid,2026-01-25,2025-12,36.2,0.148,False
PO002959,SUP0011,PRD0004,2025-10-06,360,3.57,USD,1285.2,fulfilled,"Montgomery, Hensley and Ray",Indonesia,56.0,FOOD-Against-4,Food & Beverage,2025-10-11,paid,2025-11-22,2025-10,44.2,0.121,False
PO002960,SUP0040,PRD0143,2025-08-26,1111,414.24,USD,460220.64,fulfilled,"Santos, Kim and Holmes",Turkey,71.1,TEXT-Be-143,Textiles,2025-09-09,paid,2025-10-07,2025-08,48.1,0.254,False
PO002961,SUP0002,PRD0133,2025-11-13,845,3222.59,USD,2723088.55,open,Rhodes PLC,Germany,87.8,PACK-Apply-133,Packaging,2025-11-19,paid,2025-12-17,2025-11,11.3,0.042,False
PO002962,SUP0001,PRD0112,2024-12-26,304,541.94,USD,164749.76,fulfilled,"Rodriguez, Figueroa and Sanchez",South Korea,74.7,FURN-Feeling-112,Furniture,2025-01-03,paid,2025-02-09,2024-12,22.4,0.058,False
PO002963,SUP0035,PRD0147,2026-06-03,298,93.51,USD,27865.98,fulfilled,Allen PLC,Brazil,54.5,FURN-Physical-147,Furniture,2026-06-15,pending,,2026-06,57.0,0.161,False
PO002964,SUP0019,PRD0071,2026-04-30,209,230.71,USD,48218.39,fulfilled,Clark PLC,Germany,69.9,ELEC-Cover-71,Electronics,2026-05-02,paid,2026-05-21,2026-04,12.5,0.048,False
PO002965,SUP0002,PRD0094,2025-08-26,210,458.56,USD,96297.6,fulfilled,Rhodes PLC,Germany,87.8,MACH-Compare-94,Machinery,2025-09-01,paid,2025-09-23,2025-08,16.1,0.042,False
PO002966,SUP0001,PRD0072,2026-07-26,559,86.74,USD,48487.66,cancelled,"Rodriguez, Figueroa and Sanchez",South Korea,74.7,TEXT-Family-72,Textiles,,,,2026-07,25.5,0.07,False
PO002967,SUP0034,PRD0095,2025-07-14,54,273.55,USD,14771.7,cancelled,Koch-Decker,India,69.9,PACK-Investment-95,Packaging,,,,2025-07,37.5,0.123,False
PO002968,SUP0004,PRD0068,2025-10-23,335,373.21,USD,125025.35,fulfilled,"Johnson, Gonzalez and Santos",Mexico,76.5,FURN-List-68,Furniture,2025-10-28,paid,2025-12-01,2025-10,35.5,0.148,False
PO002969,SUP0007,PRD0051,2025-01-18,809,210.55,USD,170334.95,fulfilled,Ramirez-Lewis,South Korea,49.8,AUTO-Shoulder-51,Automotive Parts,2025-01-27,paid,2025-02-17,2025-01,21.8,0.073,False
PO002970,SUP0026,PRD0041,2026-08-02,421,4145.22,USD,1745137.62,fulfilled,James-Ferrell,Egypt,85.3,PACK-Customer-41,Packaging,2026-08-13,paid,2026-09-24,2026-08,63.3,0.217,False
PO002971,SUP0016,PRD0010,2026-08-19,295,58.66,USD,17304.7,open,"Sanchez, Ford and Nelson",Mexico,67.6,CHEM-Account-10,Chemicals,2026-09-01,overdue,,2026-08,39.1,0.153,False
PO002972,SUP0037,PRD0064,2025-05-09,387,4.71,USD,1822.77,fulfilled,"Cannon, Anderson and Alvarez",United States,65.1,AUTO-Energy-64,Automotive Parts,2025-05-17,paid,2025-06-14,2025-05,20.4,0.038,False
PO002973,SUP0007,PRD0102,2025-08-02,187,22.38,USD,4185.06,cancelled,Ramirez-Lewis,South Korea,49.8,TEXT-Artist-102,Textiles,,,,2025-08,28.7,0.076,False
PO002974,SUP0035,PRD0064,2025-11-28,503,404.46,USD,203443.38,fulfilled,Allen PLC,Brazil,54.5,AUTO-Energy-64,Automotive Parts,2025-12-10,paid,2026-01-08,2025-11,47.0,0.179,False
PO002975,SUP0040,PRD0072,2026-05-13,1034,2214.53,USD,2289824.02,fulfilled,"Santos, Kim and Holmes",Turkey,71.1,TEXT-Family-72,Textiles,2026-05-18,paid,2026-06-21,2026-05,62.6,0.151,False
PO002976,SUP0030,PRD0103,2025-07-05,174,132.93,USD,23129.82,fulfilled,Stanton-Gill,Indonesia,60.5,AUTO-Community-103,Automotive Parts,2025-07-07,paid,2025-08-08,2025-07,48.1,0.118,False
PO002977,SUP0021,PRD0095,2025-07-16,297,822.34,USD,244234.98,cancelled,"Ellis, Baker and Wright",India,80.5,PACK-Investment-95,Packaging,,,,2025-07,30.4,0.072,False
PO002978,SUP0040,PRD0066,2025-09-06,93,268.11,USD,24934.23,fulfilled,"Santos, Kim and Holmes",Turkey,71.1,TEXT-Customer-66,Textiles,2025-09-14,paid,2025-10-04,2025-09,53.6,0.209,False
PO002979,SUP0017,PRD0063,2025-10-28,1110,788.64,USD,875390.4,fulfilled,"Hawkins, Cohen and Cameron",Nigeria,42.8,AUTO-Boy-63,Automotive Parts,2025-11-07,paid,2025-12-12,2025-10,67.8,0.34,False
PO002980,SUP0033,PRD0133,2026-05-15,182,1325.52,USD,241244.64,fulfilled,"Sellers, George and Burns",China,78.7,PACK-Apply-133,Packaging,2026-05-28,paid,2026-06-10,2026-05,27.4,0.117,False
PO002981,SUP0005,PRD0133,2024-12-27,740,1122.83,USD,830894.2,fulfilled,Cole LLC,Mexico,58.0,PACK-Apply-133,Packaging,2025-01-06,paid,2025-01-23,2024-12,33.6,0.149,False
PO002982,SUP0030,PRD0132,2025-07-06,178,2.35,USD,418.3,fulfilled,Stanton-Gill,Indonesia,60.5,CHEM-Art-132,Chemicals,2025-07-07,paid,2025-08-11,2025-07,48.1,0.118,False
PO002983,SUP0010,PRD0148,2025-09-30,447,124.57,USD,55682.79,fulfilled,"Martinez, Nielsen and Miller",Egypt,43.6,FOOD-Author-148,Food & Beverage,2025-10-05,overdue,,2025-09,47.1,0.185,False
PO002984,SUP0039,PRD0108,2025-10-28,475,6.62,USD,3144.5,fulfilled,"Campos, Vaughn and Marquez",South Korea,62.6,FURN-With-108,Furniture,2025-11-07,paid,2025-12-06,2025-10,21.2,0.085,False
PO002985,SUP0030,PRD0097,2024-12-03,511,3.32,USD,1696.52,fulfilled,Stanton-Gill,Indonesia,60.5,ELEC-Medical-97,Electronics,2024-12-09,paid,2025-01-15,2024-12,43.5,0.102,False
PO002986,SUP0022,PRD0064,2025-02-12,1250,4291.31,USD,5364137.5,fulfilled,Burgess-Patterson,Pakistan,79.0,AUTO-Energy-64,Automotive Parts,2025-02-17,paid,2025-03-17,2025-02,64.7,0.273,False
PO002987,SUP0006,PRD0013,2025-10-09,332,33.24,USD,11035.68,fulfilled,Blake and Sons,China,58.0,CHEM-Program-13,Chemicals,2025-10-22,paid,2025-11-01,2025-10,30.7,0.06,False
PO002988,SUP0032,PRD0106,2025-06-09,144,2.36,USD,339.84,fulfilled,"Lynch, Hernandez and Farmer",Vietnam,57.2,AUTO-In-106,Automotive Parts,2025-06-11,paid,2025-07-08,2025-06,38.4,0.093,False
PO002989,SUP0032,PRD0016,2025-06-07,1034,40.67,USD,42052.78,open,"Lynch, Hernandez and Farmer",Vietnam,57.2,CHEM-Author-16,Chemicals,2025-06-09,paid,2025-07-11,2025-06,38.4,0.093,False
PO002990,SUP0008,PRD0117,2025-01-31,875,37.84,USD,33110.0,fulfilled,Davis Inc,Pakistan,69.7,CHEM-Only-117,Chemicals,2025-02-12,paid,2025-02-23,2025-01,61.9,0.24,False
PO002991,SUP0009,PRD0124,2026-01-06,239,442.25,USD,105697.75,fulfilled,Munoz-Roman,United States,66.0,ELEC-Director-124,Electronics,2026-01-07,paid,2026-02-10,2026-01,12.6,0.038,True
PO002992,SUP0036,PRD0043,2025-02-22,225,2.67,USD,600.75,fulfilled,Dennis Inc,South Korea,60.1,CHEM-Bill-43,Chemicals,2025-03-03,overdue,,2025-02,29.9,0.059,False
PO002993,SUP0026,PRD0031,2024-12-15,207,6857.28,USD,1419456.96,fulfilled,James-Ferrell,Egypt,85.3,FOOD-Worry-31,Food & Beverage,2024-12-29,paid,2025-01-27,2024-12,59.3,0.256,False
PO002994,SUP0025,PRD0030,2026-05-13,70,11.35,USD,794.5,fulfilled,Conner Group,Bangladesh,77.2,AUTO-Several-30,Automotive Parts,2026-05-20,paid,2026-06-26,2026-05,51.6,0.176,False
PO002995,SUP0013,PRD0141,2025-05-21,128,921.99,USD,118014.72,fulfilled,Delacruz Group,Germany,77.3,CHEM-Art-141,Chemicals,2025-05-24,paid,2025-06-17,2025-05,11.2,0.028,False
PO002996,SUP0036,PRD0036,2025-06-23,97,1198.37,USD,116241.89,fulfilled,Dennis Inc,South Korea,60.1,ELEC-Eight-36,Electronics,2025-07-01,overdue,,2025-06,16.2,0.07,False
PO002997,SUP0030,PRD0137,2025-11-07,27,2.31,USD,62.37,fulfilled,Stanton-Gill,Indonesia,60.5,FOOD-Wide-137,Food & Beverage,2025-11-13,pending,,2025-11,45.3,0.143,False
PO002998,SUP0034,PRD0117,2025-08-10,680,827.8,USD,562904.0,fulfilled,Koch-Decker,India,69.9,CHEM-Only-117,Chemicals,2025-08-13,pending,,2025-08,39.7,0.107,False
PO002999,SUP0006,PRD0084,2025-11-24,69,341.86,USD,23588.34,fulfilled,Blake and Sons,China,58.0,PACK-Apply-84,Packaging,2025-12-06,paid,2026-01-10,2025-11,21.8,0.072,False
PO003000,SUP0013,PRD0064,2025-11-02,397,2.31,USD,917.07,fulfilled,Delacruz Group,Germany,77.3,AUTO-Energy-64,Automotive Parts,2025-11-07,paid,2025-12-09,2025-11,6.9,0.045,False
PO003001,SUP0034,PRD0051,2025-04-13,394,425.27,USD,167556.38,cancelled,Koch-Decker,India,69.9,AUTO-Shoulder-51,Automotive Parts,,,,2025-04,42.0,0.12,False
PO003002,SUP0039,PRD0090,2025-08-30,799,25.58,USD,20438.42,fulfilled,"Campos, Vaughn and Marquez",South Korea,62.6,MACH-With-90,Machinery,2025-09-04,paid,2025-10-16,2025-08,18.0,0.075,False
PO003003,SUP0036,PRD0119,2024-10-16,145,1190.82,USD,172668.9,fulfilled,Dennis Inc,South Korea,60.1,TEXT-Serious-119,Textiles,2024-10-27,paid,2024-12-07,2024-10,23.2,0.052,False
PO003004,SUP0028,PRD0045,2025-10-31,75,17.83,USD,1337.25,fulfilled,"Potter, Mack and Peterson",Germany,88.1,CHEM-Lawyer-45,Chemicals,2025-11-05,paid,2025-11-20,2025-10,14.8,0.032,False
PO003005,SUP0005,PRD0042,2024-10-01,38,13.51,USD,513.38,open,Cole LLC,Mexico,58.0,TEXT-Between-42,Textiles,2024-10-02,paid,2024-11-11,2024-10,37.9,0.124,False
PO003006,SUP0008,PRD0007,2026-05-12,89,2.34,USD,208.26,fulfilled,Davis Inc,Pakistan,69.7,TEXT-Drug-7,Textiles,2026-05-22,paid,2026-06-22,2026-05,67.5,0.153,False
PO003007,SUP0002,PRD0002,2026-03-18,681,2.61,USD,1777.41,fulfilled,Rhodes PLC,Germany,87.8,PACK-Attack-2,Packaging,2026-03-28,overdue,,2026-03,14.7,0.046,False
PO003008,SUP0020,PRD0040,2026-01-11,72,184.97,USD,13317.84,fulfilled,Lewis-Porter,Pakistan,59.2,FURN-Investment-40,Furniture,2026-01-12,paid,2026-02-19,2026-01,64.1,0.172,False
PO003009,SUP0009,PRD0084,2025-08-27,680,1299.59,USD,883721.2,fulfilled,Munoz-Roman,United States,66.0,PACK-Apply-84,Packaging,2025-09-08,paid,2025-10-06,2025-08,11.7,0.027,False
PO003010,SUP0007,PRD0049,2025-10-21,144,598.33,USD,86159.52,fulfilled,Ramirez-Lewis,South Korea,49.8,AUTO-Manage-49,Automotive Parts,2025-11-02,overdue,,2025-10,15.3,0.072,False
PO003011,SUP0010,PRD0063,2024-09-04,199,2.65,USD,527.35,fulfilled,"Martinez, Nielsen and Miller",Egypt,43.6,AUTO-Boy-63,Automotive Parts,2024-09-09,paid,2024-09-20,2024-09,,,
PO003012,SUP0031,PRD0148,2024-10-31,132,71.09,USD,9383.88,fulfilled,Harrell LLC,Brazil,87.2,FOOD-Author-148,Food & Beverage,2024-11-13,paid,2024-12-11,2024-10,49.4,0.171,False
PO003013,SUP0035,PRD0041,2025-01-18,261,2.51,USD,655.11,open,Allen PLC,Brazil,54.5,PACK-Customer-41,Packaging,2025-01-25,paid,2025-02-12,2025-01,53.3,0.132,False
PO003014,SUP0006,PRD0040,2024-12-08,480,199.85,USD,95928.0,open,Blake and Sons,China,58.0,FURN-Investment-40,Furniture,2024-12-19,paid,2024-12-24,2024-12,27.0,0.072,False
PO003015,SUP0014,PRD0091,2024-11-05,228,236.42,USD,53903.76,fulfilled,"Flowers, Martin and Kelly",United States,46.7,FOOD-Some-91,Food & Beverage,2024-11-13,paid,2024-11-30,2024-11,11.4,0.031,False
PO003016,SUP0028,PRD0115,2025-10-03,98,4341.57,USD,425473.86,open,"Potter, Mack and Peterson",Germany,88.1,FOOD-Side-115,Food & Beverage,2025-10-09,paid,2025-10-26,2025-10,14.8,0.032,False
PO003017,SUP0022,PRD0133,2025-04-20,370,65.02,USD,24057.4,fulfilled,Burgess-Patterson,Pakistan,79.0,PACK-Apply-133,Packaging,2025-05-01,paid,2025-06-06,2025-04,71.7,0.187,False
PO003018,SUP0038,PRD0147,2026-07-26,320,6.67,USD,2134.4,fulfilled,Rose-Obrien,South Africa,61.5,FURN-Physical-147,Furniture,2026-08-09,paid,2026-08-26,2026-07,54.4,0.208,False
PO003019,SUP0013,PRD0035,2025-07-23,585,674.5,USD,394582.5,fulfilled,Delacruz Group,Germany,77.3,MACH-Material-35,Machinery,2025-07-25,paid,2025-08-16,2025-07,12.9,0.04,False
PO003020,SUP0040,PRD0066,2026-05-22,298,24.11,USD,7184.78,fulfilled,"Santos, Kim and Holmes",Turkey,71.1,TEXT-Customer-66,Textiles,2026-05-23,overdue,,2026-05,62.6,0.151,False
PO003021,SUP0019,PRD0004,2026-04-07,140,3.07,USD,429.8,fulfilled,Clark PLC,Germany,69.9,FOOD-Against-4,Food & Beverage,2026-04-21,paid,2026-05-07,2026-04,12.5,0.048,False
PO003022,SUP0029,PRD0133,2026-02-08,282,211.1,USD,59530.2,fulfilled,Chavez Ltd,Poland,66.3,PACK-Apply-133,Packaging,2026-02-10,pending,,2026-02,30.8,0.089,False
PO003023,SUP0037,PRD0066,2025-04-05,256,1730.63,USD,443041.28,open,"Cannon, Anderson and Alvarez",United States,65.1,TEXT-Customer-66,Textiles,2025-04-07,pending,,2025-04,13.3,0.037,False
PO003024,SUP0017,PRD0103,2026-05-30,918,2.31,USD,2120.58,open,"Hawkins, Cohen and Cameron",Nigeria,42.8,AUTO-Community-103,Automotive Parts,2026-06-04,pending,,2026-05,65.5,0.322,False
PO003025,SUP0016,PRD0091,2025-07-12,276,3.33,USD,919.08,fulfilled,"Sanchez, Ford and Nelson",Mexico,67.6,FOOD-Some-91,Food & Beverage,2025-07-17,paid,2025-08-24,2025-07,53.1,0.136,False
PO003026,SUP0005,PRD0104,2024-09-20,47,319.37,USD,15010.39,fulfilled,Cole LLC,Mexico,58.0,AUTO-Hundred-104,Automotive Parts,2024-09-25,paid,2024-10-12,2024-09,,,
PO003027,SUP0035,PRD0135,2025-10-14,546,1087.51,USD,593780.46,fulfilled,Allen PLC,Brazil,54.5,CHEM-Me-135,Chemicals,2025-10-27,paid,2025-11-23,2025-10,53.8,0.155,False
PO003028,SUP0010,PRD0059,2025-08-26,441,96.6,USD,42600.6,fulfilled,"Martinez, Nielsen and Miller",Egypt,43.6,FOOD-Should-59,Food & Beverage,2025-09-03,paid,2025-09-20,2025-08,53.1,0.132,False
PO003029,SUP0030,PRD0081,2025-06-27,85,76.7,USD,6519.5,fulfilled,Stanton-Gill,Indonesia,60.5,PACK-Total-81,Packaging,2025-07-02,paid,2025-07-08,2025-06,45.6,0.136,False
PO003030,SUP0019,PRD0114,2024-12-28,526,8.38,USD,4407.88,cancelled,Clark PLC,Germany,69.9,FOOD-Same-114,Food & Beverage,,,,2024-12,14.4,0.028,False
PO003031,SUP0015,PRD0036,2025-08-19,927,28.89,USD,26781.03,fulfilled,"Zuniga, Wong and Lynch",India,76.1,ELEC-Eight-36,Electronics,2025-08-30,pending,,2025-08,38.6,0.06,False
PO003032,SUP0017,PRD0016,2026-05-09,95,2.33,USD,221.35,open,"Hawkins, Cohen and Cameron",Nigeria,42.8,CHEM-Author-16,Chemicals,2026-05-14,paid,2026-06-18,2026-05,65.5,0.322,False
PO003033,SUP0015,PRD0119,2026-01-03,318,33.01,USD,10497.18,fulfilled,"Zuniga, Wong and Lynch",India,76.1,TEXT-Serious-119,Textiles,2026-01-17,pending,,2026-01,38.8,0.119,False
PO003034,SUP0032,PRD0068,2024-10-21,90,7458.29,USD,671246.1,fulfilled,"Lynch, Hernandez and Farmer",Vietnam,57.2,FURN-List-68,Furniture,2024-10-25,overdue,,2024-10,46.5,0.103,False
PO003035,SUP0009,PRD0094,2025-07-09,697,7.65,USD,5332.05,fulfilled,Munoz-Roman,United States,66.0,MACH-Compare-94,Machinery,2025-07-16,paid,2025-08-15,2025-07,17.9,0.023,False
PO003036,SUP0008,PRD0035,2025-09-19,404,6.68,USD,2698.72,fulfilled,Davis Inc,Pakistan,69.7,MACH-Material-35,Machinery,2025-09-30,overdue,,2025-09,64.2,0.282,False
PO003037,SUP0006,PRD0112,2025-03-10,355,2226.61,USD,790446.55,fulfilled,Blake and Sons,China,58.0,FURN-Feeling-112,Furniture,2025-03-11,pending,,2025-03,35.7,0.096,False
PO003038,SUP0039,PRD0005,2024-09-04,129,16.6,USD,2141.4,fulfilled,"Campos, Vaughn and Marquez",South Korea,62.6,TEXT-Per-5,Textiles,2024-09-11,paid,2024-10-05,2024-09,,,
PO003039,SUP0010,PRD0108,2024-09-16,483,2.34,USD,1130.22,fulfilled,"Martinez, Nielsen and Miller",Egypt,43.6,FURN-With-108,Furniture,2024-09-22,paid,2024-11-01,2024-09,,,
PO003040,SUP0010,PRD0066,2025-05-17,46,742.92,USD,34174.32,fulfilled,"Martinez, Nielsen and Miller",Egypt,43.6,TEXT-Customer-66,Textiles,2025-05-30,pending,,2025-05,54.0,0.191,False
PO003041,SUP0012,PRD0091,2025-08-16,869,309.12,USD,268625.28,fulfilled,Stanley LLC,Japan,60.6,FOOD-Some-91,Food & Beverage,2025-08-30,paid,2025-09-30,2025-08,19.5,0.058,False
PO003042,SUP0011,PRD0020,2025-02-04,201,2304.1,USD,463124.1,fulfilled,"Montgomery, Hensley and Ray",Indonesia,56.0,FOOD-Give-20,Food & Beverage,2025-02-07,overdue,,2025-02,39.5,0.111,False
PO003043,SUP0013,PRD0147,2024-09-09,170,3.07,USD,521.9,fulfilled,Delacruz Group,Germany,77.3,FURN-Physical-147,Furniture,2024-09-23,paid,2024-10-30,2024-09,,,
PO003044,SUP0022,PRD0046,2026-02-06,482,158.45,USD,76372.9,fulfilled,Burgess-Patterson,Pakistan,79.0,FOOD-Health-46,Food & Beverage,2026-02-16,pending,,2026-02,66.6,0.204,False
PO003045,SUP0007,PRD0001,2025-07-12,484,1056.41,USD,511302.44,cancelled,Ramirez-Lewis,South Korea,49.8,MACH-Down-1,Machinery,,,,2025-07,16.4,0.066,False
PO003046,SUP0030,PRD0133,2026-05-28,96,1729.28,USD,166010.88,fulfilled,Stanton-Gill,Indonesia,60.5,PACK-Apply-133,Packaging,2026-05-31,pending,,2026-05,39.8,0.126,False
PO003047,SUP0027,PRD0106,2025-11-27,534,4820.34,USD,2574061.56,fulfilled,"Valencia, Smith and Le",Vietnam,70.4,AUTO-In-106,Automotive Parts,2025-12-02,pending,,2025-11,42.7,0.13,False
PO003048,SUP0008,PRD0092,2026-01-06,156,516.15,USD,80519.4,open,Davis Inc,Pakistan,69.7,ELEC-Time-92,Electronics,2026-01-20,pending,,2026-01,68.5,0.174,False
PO003049,SUP0035,PRD0043,2025-10-04,571,2.31,USD,1319.01,fulfilled,Allen PLC,Brazil,54.5,CHEM-Bill-43,Chemicals,2025-10-08,paid,2025-10-31,2025-10,53.8,0.155,False
PO003050,SUP0012,PRD0115,2025-08-28,334,919.3,USD,307046.2,fulfilled,Stanley LLC,Japan,60.6,FOOD-Side-115,Food & Beverage,2025-09-04,paid,2025-10-03,2025-08,19.5,0.058,False
PO003051,SUP0009,PRD0007,2026-07-03,290,45.94,USD,13322.6,fulfilled,Munoz-Roman,United States,66.0,TEXT-Drug-7,Textiles,2026-07-09,paid,2026-07-20,2026-07,20.1,0.034,False
PO003052,SUP0012,PRD0083,2025-03-22,263,2129.05,USD,559940.15,fulfilled,Stanley LLC,Japan,60.6,TEXT-Billion-83,Textiles,2025-04-02,pending,,2025-03,9.9,0.06,False
PO003053,SUP0014,PRD0060,2025-12-02,28,9.19,USD,257.32,fulfilled,"Flowers, Martin and Kelly",United States,46.7,TEXT-Group-60,Textiles,2025-12-09,paid,2025-12-19,2025-12,17.7,0.032,False
PO003054,SUP0017,PRD0097,2025-06-29,726,2702.3,USD,1961869.8,fulfilled,"Hawkins, Cohen and Cameron",Nigeria,42.8,ELEC-Medical-97,Electronics,2025-07-02,paid,2025-07-12,2025-06,67.9,0.249,False
PO003055,SUP0002,PRD0048,2024-12-12,261,1741.06,USD,454416.66,open,Rhodes PLC,Germany,87.8,FOOD-Item-48,Food & Beverage,2024-12-13,pending,,2024-12,8.4,0.045,False
PO003056,SUP0025,PRD0110,2025-12-12,573,453.56,USD,259889.88,fulfilled,Conner Group,Bangladesh,77.2,CHEM-Still-110,Chemicals,2025-12-16,paid,2025-12-23,2025-12,55.0,0.145,False
PO003057,SUP0007,PRD0011,2025-02-12,992,2.34,USD,2321.28,fulfilled,Ramirez-Lewis,South Korea,49.8,TEXT-Avoid-11,Textiles,2025-02-18,overdue,,2025-02,20.4,0.054,False
PO003058,SUP0006,PRD0069,2025-08-05,656,321.05,USD,210608.8,cancelled,Blake and Sons,China,58.0,FOOD-Challenge-69,Food & Beverage,,,,2025-08,35.4,0.045,False
PO003059,SUP0013,PRD0109,2024-10-12,311,47.04,USD,14629.44,fulfilled,Delacruz Group,Germany,77.3,CHEM-Step-109,Chemicals,2024-10-13,paid,2024-11-02,2024-10,16.9,0.031,False
PO003060,SUP0010,PRD0007,2025-09-09,36,64.96,USD,2338.56,fulfilled,"Martinez, Nielsen and Miller",Egypt,43.6,TEXT-Drug-7,Textiles,2025-09-10,paid,2025-10-05,2025-09,47.1,0.185,False
PO003061,SUP0032,PRD0057,2025-03-15,566,34.36,USD,19447.76,fulfilled,"Lynch, Hernandez and Farmer",Vietnam,57.2,CHEM-Ask-57,Chemicals,2025-03-24,paid,2025-04-07,2025-03,42.0,0.108,False
PO003062,SUP0005,PRD0106,2024-11-19,182,42.71,USD,7773.22,fulfilled,Cole LLC,Mexico,58.0,AUTO-In-106,Automotive Parts,2024-11-28,pending,,2024-11,30.2,0.105,False
PO003063,SUP0011,PRD0096,2025-03-12,431,129.55,USD,55836.05,cancelled,"Montgomery, Hensley and Ray",Indonesia,56.0,CHEM-Mention-96,Chemicals,,,,2025-03,44.9,0.142,False
PO003064,SUP0035,PRD0141,2025-02-21,158,52.34,USD,8269.72,cancelled,Allen PLC,Brazil,54.5,CHEM-Art-141,Chemicals,,,,2025-02,54.5,0.176,False
PO003065,SUP0032,PRD0036,2024-11-26,56,3.44,USD,192.64,fulfilled,"Lynch, Hernandez and Farmer",Vietnam,57.2,ELEC-Eight-36,Electronics,2024-11-27,paid,2025-01-07,2024-11,35.4,0.102,False
PO003066,SUP0039,PRD0059,2025-08-08,655,2.35,USD,1539.25,fulfilled,"Campos, Vaughn and Marquez",South Korea,62.6,FOOD-Should-59,Food & Beverage,2025-08-14,paid,2025-09-15,2025-08,18.0,0.075,False
PO003067,SUP0035,PRD0094,2026-02-02,481,132.15,USD,63564.15,fulfilled,Allen PLC,Brazil,54.5,MACH-Compare-94,Machinery,2026-02-10,paid,2026-03-21,2026-02,55.7,0.113,False
PO003068,SUP0021,PRD0048,2025-10-21,554,450.37,USD,249504.98,cancelled,"Ellis, Baker and Wright",India,80.5,FOOD-Item-48,Food & Beverage,,,,2025-10,38.7,0.131,False
PO003069,SUP0030,PRD0015,2025-07-01,260,93.54,USD,24320.4,open,Stanton-Gill,Indonesia,60.5,TEXT-Drop-15,Textiles,2025-07-07,overdue,,2025-07,48.1,0.118,False
PO003070,SUP0037,PRD0041,2025-02-17,570,265.21,USD,151169.7,fulfilled,"Cannon, Anderson and Alvarez",United States,65.1,PACK-Customer-41,Packaging,2025-03-03,overdue,,2025-02,11.5,0.04,False
PO003071,SUP0026,PRD0020,2024-11-26,319,14.97,USD,4775.43,fulfilled,James-Ferrell,Egypt,85.3,FOOD-Give-20,Food & Beverage,2024-12-01,overdue,,2024-11,58.5,0.192,False
PO003072,SUP0013,PRD0114,2025-09-27,26,17.68,USD,459.68,fulfilled,Delacruz Group,Germany,77.3,FOOD-Same-114,Food & Beverage,2025-10-08,pending,,2025-09,8.4,0.037,False
PO003073,SUP0037,PRD0119,2026-07-18,129,141.63,USD,18270.27,fulfilled,"Cannon, Anderson and Alvarez",United States,65.1,TEXT-Serious-119,Textiles,2026-07-27,paid,2026-08-30,2026-07,16.3,0.039,False
PO003074,SUP0027,PRD0075,2025-09-29,275,1451.68,USD,399212.0,open,"Valencia, Smith and Le",Vietnam,70.4,TEXT-Two-75,Textiles,2025-10-13,pending,,2025-09,41.1,0.072,False
PO003075,SUP0017,PRD0071,2026-02-23,114,4.2,USD,478.8,cancelled,"Hawkins, Cohen and Cameron",Nigeria,42.8,ELEC-Cover-71,Electronics,,,,2026-02,68.3,0.212,False
PO003076,SUP0015,PRD0064,2026-04-08,39,78.17,USD,3048.63,open,"Zuniga, Wong and Lynch",India,76.1,AUTO-Energy-64,Automotive Parts,2026-04-10,paid,2026-04-21,2026-04,37.4,0.087,False
PO003077,SUP0030,PRD0084,2025-10-21,219,36.66,USD,8028.54,fulfilled,Stanton-Gill,Indonesia,60.5,PACK-Apply-84,Packaging,2025-10-27,overdue,,2025-10,41.1,0.128,False
PO003078,SUP0015,PRD0023,2026-05-08,257,13.85,USD,3559.45,fulfilled,"Zuniga, Wong and Lynch",India,76.1,MACH-Economy-23,Machinery,2026-05-19,paid,2026-06-09,2026-05,31.4,0.069,False
PO003079,SUP0011,PRD0083,2025-09-30,89,603.66,USD,53725.74,fulfilled,"Montgomery, Hensley and Ray",Indonesia,56.0,TEXT-Billion-83,Textiles,2025-10-01,pending,,2025-09,39.1,0.151,False
PO003080,SUP0027,PRD0011,2026-05-10,114,136.95,USD,15612.3,fulfilled,"Valencia, Smith and Le",Vietnam,70.4,TEXT-Avoid-11,Textiles,2026-05-20,paid,2026-06-10,2026-05,48.1,0.102,False
PO003081,SUP0030,PRD0021,2024-09-04,591,65.93,USD,38964.63,fulfilled,Stanton-Gill,Indonesia,60.5,MACH-Avoid-21,Machinery,2024-09-18,paid,2024-10-31,2024-09,,,
PO003082,SUP0032,PRD0103,2024-10-13,157,2.31,USD,362.67,cancelled,"Lynch, Hernandez and Farmer",Vietnam,57.2,AUTO-Community-103,Automotive Parts,,,,2024-10,46.5,0.103,False
PO003083,SUP0026,PRD0041,2026-02-13,234,1503.81,USD,351891.54,fulfilled,James-Ferrell,Egypt,85.3,PACK-Customer-41,Packaging,2026-02-21,overdue,,2026-02,51.5,0.18,False
PO003084,SUP0013,PRD0083,2025-05-27,1068,736.08,USD,786133.44,open,Delacruz Group,Germany,77.3,TEXT-Billion-83,Textiles,2025-06-08,pending,,2025-05,11.2,0.028,False
PO003085,SUP0027,PRD0081,2025-09-20,112,1031.86,USD,115568.32,fulfilled,"Valencia, Smith and Le",Vietnam,70.4,PACK-Total-81,Packaging,2025-09-25,paid,2025-11-01,2025-09,41.1,0.072,False
PO003086,SUP0017,PRD0117,2026-01-29,146,134.17,USD,19588.82,cancelled,"Hawkins, Cohen and Cameron",Nigeria,42.8,CHEM-Only-117,Chemicals,,,,2026-01,78.2,0.308,False
PO003087,SUP0023,PRD0144,2024-09-19,100,82.78,USD,8278.0,fulfilled,Robinson-Bright,Indonesia,70.0,FURN-Today-144,Furniture,2024-09-26,paid,2024-11-03,2024-09,,,
PO003088,SUP0002,PRD0069,2026-02-05,332,4103.92,USD,1362501.44,open,Rhodes PLC,Germany,87.8,FOOD-Challenge-69,Food & Beverage,2026-02-06,paid,2026-02-28,2026-02,14.4,0.047,False
PO003089,SUP0021,PRD0066,2026-04-22,1327,263.7,USD,349929.9,open,"Ellis, Baker and Wright",India,80.5,TEXT-Customer-66,Textiles,2026-04-27,paid,2026-05-21,2026-04,39.7,0.087,False
PO003090,SUP0004,PRD0040,2024-11-29,102,598.1,USD,61006.2,fulfilled,"Johnson, Gonzalez and Santos",Mexico,76.5,FURN-Investment-40,Furniture,2024-12-12,paid,2025-01-12,2024-11,34.3,0.129,False
PO003091,SUP0025,PRD0132,2025-01-19,201,8.82,USD,1772.82,fulfilled,Conner Group,Bangladesh,77.2,CHEM-Art-132,Chemicals,2025-01-22,paid,2025-02-26,2025-01,62.4,0.132,False
PO003092,SUP0031,PRD0046,2024-12-28,192,151.63,USD,29112.96,fulfilled,Harrell LLC,Brazil,87.2,FOOD-Health-46,Food & Beverage,2025-01-11,paid,2025-02-20,2024-12,52.0,0.188,False
PO003093,SUP0015,PRD0095,2026-05-10,220,83.78,USD,18431.6,fulfilled,"Zuniga, Wong and Lynch",India,76.1,PACK-Investment-95,Packaging,2026-05-15,paid,2026-06-10,2026-05,31.4,0.069,False
PO003094,SUP0034,PRD0057,2026-04-23,398,451.11,USD,179541.78,fulfilled,Koch-Decker,India,69.9,CHEM-Ask-57,Chemicals,2026-05-04,paid,2026-05-14,2026-04,31.2,0.068,True
PO003095,SUP0010,PRD0051,2026-02-13,168,70.26,USD,11803.68,fulfilled,"Martinez, Nielsen and Miller",Egypt,43.6,AUTO-Shoulder-51,Automotive Parts,2026-02-20,paid,2026-03-16,2026-02,53.6,0.19,False
PO003096,SUP0015,PRD0070,2026-05-01,671,60.9,USD,40863.9,fulfilled,"Zuniga, Wong and Lynch",India,76.1,PACK-Knowledge-70,Packaging,2026-05-07,pending,,2026-05,31.4,0.069,False
PO003097,SUP0017,PRD0078,2026-07-23,731,3052.99,USD,2231735.69,fulfilled,"Hawkins, Cohen and Cameron",Nigeria,42.8,AUTO-Level-78,Automotive Parts,2026-08-05,overdue,,2026-07,69.5,0.215,False
PO003098,SUP0007,PRD0012,2025-09-28,235,1309.82,USD,307807.7,fulfilled,Ramirez-Lewis,South Korea,49.8,ELEC-Second-12,Electronics,2025-10-07,paid,2025-10-14,2025-09,24.9,0.066,False
PO003099,SUP0031,PRD0147,2025-12-06,461,352.97,USD,162719.17,fulfilled,Harrell LLC,Brazil,87.2,FURN-Physical-147,Furniture,2025-12-17,paid,2026-01-14,2025-12,50.6,0.115,False
PO003100,SUP0010,PRD0051,2026-01-30,331,593.03,USD,196292.93,fulfilled,"Martinez, Nielsen and Miller",Egypt,43.6,AUTO-Shoulder-51,Automotive Parts,2026-02-08,paid,2026-03-22,2026-01,57.0,0.183,False
PO003101,SUP0034,PRD0069,2025-09-30,111,903.99,USD,100342.89,open,Koch-Decker,India,69.9,FOOD-Challenge-69,Food & Beverage,2025-10-06,pending,,2025-09,36.3,0.088,False
PO003102,SUP0013,PRD0066,2026-06-01,952,25.72,USD,24485.44,fulfilled,Delacruz Group,Germany,77.3,TEXT-Customer-66,Textiles,2026-06-12,paid,2026-07-11,2026-06,7.3,0.038,False
PO003103,SUP0022,PRD0019,2025-07-12,313,5.95,USD,1862.35,fulfilled,Burgess-Patterson,Pakistan,79.0,PACK-Trade-19,Packaging,2025-07-16,paid,2025-08-04,2025-07,67.6,0.189,False
PO003104,SUP0017,PRD0020,2026-05-17,417,69.32,USD,28906.44,fulfilled,"Hawkins, Cohen and Cameron",Nigeria,42.8,FOOD-Give-20,Food & Beverage,2026-05-27,paid,2026-07-04,2026-05,65.5,0.322,False
PO003105,SUP0021,PRD0100,2025-05-15,113,24.75,USD,2796.75,fulfilled,"Ellis, Baker and Wright",India,80.5,TEXT-Institution-100,Textiles,2025-05-19,pending,,2025-05,43.6,0.104,False
PO003106,SUP0015,PRD0064,2026-05-24,1091,576.44,USD,628896.04,fulfilled,"Zuniga, Wong and Lynch",India,76.1,AUTO-Energy-64,Automotive Parts,2026-05-31,overdue,,2026-05,31.4,0.069,False
PO003107,SUP0039,PRD0141,2026-07-09,1581,1291.72,USD,2042209.32,fulfilled,"Campos, Vaughn and Marquez",South Korea,62.6,CHEM-Art-141,Chemicals,2026-07-12,pending,,2026-07,26.4,0.097,False
PO003108,SUP0013,PRD0132,2025-06-07,1185,3962.24,USD,4695254.4,fulfilled,Delacruz Group,Germany,77.3,CHEM-Art-132,Chemicals,2025-06-08,overdue,,2025-06,18.5,0.04,False
PO003109,SUP0004,PRD0020,2025-12-27,1044,1590.53,USD,1660513.32,fulfilled,"Johnson, Gonzalez and Santos",Mexico,76.5,FOOD-Give-20,Food & Beverage,2026-01-10,overdue,,2025-12,36.2,0.148,False
PO003110,SUP0014,PRD0026,2025-05-23,94,2.31,USD,217.14,cancelled,"Flowers, Martin and Kelly",United States,46.7,PACK-Mention-26,Packaging,,,,2025-05,8.8,0.035,False
PO003111,SUP0034,PRD0001,2025-08-31,224,57.71,USD,12927.04,fulfilled,Koch-Decker,India,69.9,MACH-Down-1,Machinery,2025-09-11,paid,2025-09-27,2025-08,39.7,0.107,False
PO003112,SUP0002,PRD0119,2026-08-11,87,2.53,USD,220.11,open,Rhodes PLC,Germany,87.8,TEXT-Serious-119,Textiles,2026-08-12,pending,,2026-08,8.8,0.035,False
PO003113,SUP0019,PRD0058,2026-02-15,196,511.53,USD,100259.88,fulfilled,Clark PLC,Germany,69.9,AUTO-Interesting-58,Automotive Parts,2026-02-20,paid,2026-03-23,2026-02,11.1,0.05,False
PO003114,SUP0010,PRD0121,2026-05-12,72,644.54,USD,46406.88,fulfilled,"Martinez, Nielsen and Miller",Egypt,43.6,ELEC-Clear-121,Electronics,2026-05-16,paid,2026-06-24,2026-05,47.5,0.178,False
PO003115,SUP0013,PRD0037,2026-09-03,246,1437.68,USD,353669.28,fulfilled,Delacruz Group,Germany,77.3,CHEM-Still-37,Chemicals,2026-09-11,pending,,2026-09,9.5,0.062,False
PO003116,SUP0008,PRD0056,2024-11-19,495,493.38,USD,244223.1,open,Davis Inc,Pakistan,69.7,MACH-Billion-56,Machinery,2024-11-25,paid,2024-12-31,2024-11,59.6,0.179,False
PO003117,SUP0031,PRD0066,2024-10-17,976,2374.57,USD,2317580.32,fulfilled,Harrell LLC,Brazil,87.2,TEXT-Customer-66,Textiles,2024-10-28,pending,,2024-10,49.4,0.171,False
PO003118,SUP0030,PRD0097,2026-01-22,137,2027.51,USD,277768.87,fulfilled,Stanton-Gill,Indonesia,60.5,ELEC-Medical-97,Electronics,2026-02-01,paid,2026-02-15,2026-01,43.7,0.163,False
PO003119,SUP0009,PRD0063,2026-02-14,110,22.33,USD,2456.3,fulfilled,Munoz-Roman,United States,66.0,AUTO-Boy-63,Automotive Parts,2026-02-16,paid,2026-03-18,2026-02,19.2,0.032,False
PO003120,SUP0009,PRD0114,2025-06-19,169,2.47,USD,417.43,fulfilled,Munoz-Roman,United States,66.0,FOOD-Same-114,Food & Beverage,2025-06-27,paid,2025-08-02,2025-06,16.8,0.038,False
PO003121,SUP0034,PRD0027,2026-08-22,361,6.3,USD,2274.3,fulfilled,Koch-Decker,India,69.9,TEXT-Difficult-27,Textiles,2026-08-27,paid,2026-09-12,2026-08,36.4,0.093,False
PO003122,SUP0004,PRD0122,2025-09-18,827,340.23,USD,281370.21,fulfilled,"Johnson, Gonzalez and Santos",Mexico,76.5,CHEM-Customer-122,Chemicals,2025-09-25,pending,,2025-09,40.9,0.106,False
PO003123,SUP0013,PRD0081,2025-09-13,121,7.62,USD,922.02,fulfilled,Delacruz Group,Germany,77.3,PACK-Total-81,Packaging,2025-09-19,paid,2025-10-24,2025-09,8.4,0.037,False
PO003124,SUP0034,PRD0147,2026-06-01,55,1055.75,USD,58066.25,fulfilled,Koch-Decker,India,69.9,FURN-Physical-147,Furniture,2026-06-04,overdue,,2026-06,36.1,0.089,False
PO003125,SUP0035,PRD0056,2025-12-19,166,103.96,USD,17257.36,fulfilled,Allen PLC,Brazil,54.5,MACH-Billion-56,Machinery,2025-12-24,pending,,2025-12,43.5,0.166,False
PO003126,SUP0010,PRD0064,2025-05-26,476,30.08,USD,14318.08,fulfilled,"Martinez, Nielsen and Miller",Egypt,43.6,AUTO-Energy-64,Automotive Parts,2025-05-27,paid,2025-06-03,2025-05,54.0,0.191,False
PO003127,SUP0010,PRD0074,2026-05-26,161,2.37,USD,381.57,fulfilled,"Martinez, Nielsen and Miller",Egypt,43.6,MACH-Enjoy-74,Machinery,2026-06-06,paid,2026-07-08,2026-05,47.5,0.178,False
PO003128,SUP0035,PRD0070,2024-09-07,28,3106.87,USD,86992.36,fulfilled,Allen PLC,Brazil,54.5,PACK-Knowledge-70,Packaging,2024-09-16,pending,,2024-09,,,
PO003129,SUP0026,PRD0076,2025-06-15,542,43.57,USD,23614.94,fulfilled,James-Ferrell,Egypt,85.3,PACK-Wind-76,Packaging,2025-06-25,paid,2025-07-31,2025-06,53.2,0.177,False
PO003130,SUP0036,PRD0015,2025-06-14,508,973.67,USD,494624.36,fulfilled,Dennis Inc,South Korea,60.1,TEXT-Drop-15,Textiles,2025-06-16,pending,,2025-06,16.2,0.07,False
PO003131,SUP0037,PRD0058,2025-08-21,147,397.34,USD,58408.98,fulfilled,"Cannon, Anderson and Alvarez",United States,65.1,AUTO-Interesting-58,Automotive Parts,2025-08-27,paid,2025-09-25,2025-08,18.8,0.029,False
PO003132,SUP0018,PRD0110,2026-06-17,564,15.28,USD,8617.92,open,Underwood LLC,Philippines,54.2,CHEM-Still-110,Chemicals,2026-06-27,overdue,,2026-06,38.6,0.104,False
PO003133,SUP0008,PRD0100,2026-06-19,634,150.89,USD,95664.26,fulfilled,Davis Inc,Pakistan,69.7,TEXT-Institution-100,Textiles,2026-07-01,paid,2026-07-12,2026-06,68.5,0.276,False
PO003134,SUP0025,PRD0002,2025-10-17,29,408.76,USD,11854.04,fulfilled,Conner Group,Bangladesh,77.2,PACK-Attack-2,Packaging,2025-10-21,paid,2025-11-02,2025-10,57.7,0.144,False
PO003135,SUP0001,PRD0040,2025-08-13,44,325.91,USD,14340.04,fulfilled,"Rodriguez, Figueroa and Sanchez",South Korea,74.7,FURN-Investment-40,Furniture,2025-08-27,paid,2025-10-05,2025-08,21.1,0.105,False
PO003136,SUP0036,PRD0046,2024-10-07,878,98.35,USD,86351.3,fulfilled,Dennis Inc,South Korea,60.1,FOOD-Health-46,Food & Beverage,2024-10-18,pending,,2024-10,23.2,0.052,False
PO003137,SUP0040,PRD0084,2025-03-19,611,225.35,USD,137688.85,fulfilled,"Santos, Kim and Holmes",Turkey,71.1,PACK-Apply-84,Packaging,2025-03-20,pending,,2025-03,58.0,0.235,False
PO003138,SUP0021,PRD0139,2024-10-13,322,5.76,USD,1854.72,fulfilled,"Ellis, Baker and Wright",India,80.5,FOOD-Nice-139,Food & Beverage,2024-10-16,pending,,2024-10,42.1,0.126,False
PO003139,SUP0038,PRD0064,2026-01-10,676,346.97,USD,234551.72,fulfilled,Rose-Obrien,South Africa,61.5,AUTO-Energy-64,Automotive Parts,2026-01-21,paid,2026-02-10,2026-01,53.7,0.237,False
PO003140,SUP0017,PRD0115,2024-11-08,367,12.43,USD,4561.81,fulfilled,"Hawkins, Cohen and Cameron",Nigeria,42.8,FOOD-Side-115,Food & Beverage,2024-11-13,paid,2024-12-16,2024-11,76.4,0.301,False
PO003141,SUP0012,PRD0133,2025-03-23,644,2884.3,USD,1857489.2,fulfilled,Stanley LLC,Japan,60.6,PACK-Apply-133,Packaging,2025-03-30,paid,2025-04-13,2025-03,9.9,0.06,False
PO003142,SUP0034,PRD0082,2025-08-14,285,1149.34,USD,327561.9,fulfilled,Koch-Decker,India,69.9,AUTO-Oil-82,Automotive Parts,2025-08-16,paid,2025-08-22,2025-08,39.7,0.107,False
PO003143,SUP0013,PRD0147,2025-04-05,231,976.11,USD,225481.41,fulfilled,Delacruz Group,Germany,77.3,FURN-Physical-147,Furniture,2025-04-15,pending,,2025-04,7.2,0.043,False
PO003144,SUP0039,PRD0040,2025-10-03,398,439.6,USD,174960.8,cancelled,"Campos, Vaughn and Marquez",South Korea,62.6,FURN-Investment-40,Furniture,,,,2025-10,21.2,0.085,False
PO003145,SUP0005,PRD0109,2025-04-28,323,15.62,USD,5045.26,fulfilled,Cole LLC,Mexico,58.0,CHEM-Step-109,Chemicals,2025-05-01,paid,2025-06-12,2025-04,38.1,0.128,False
PO003146,SUP0019,PRD0011,2025-01-15,579,22.23,USD,12871.17,fulfilled,Clark PLC,Germany,69.9,TEXT-Avoid-11,Textiles,2025-01-19,paid,2025-02-15,2025-01,16.9,0.043,False
PO003147,SUP0019,PRD0145,2024-12-09,185,436.98,USD,80841.3,fulfilled,Clark PLC,Germany,69.9,MACH-Cultural-145,Machinery,2024-12-16,paid,2024-12-27,2024-12,14.4,0.028,False
PO003148,SUP0032,PRD0133,2026-08-05,96,104.33,USD,10015.68,fulfilled,"Lynch, Hernandez and Farmer",Vietnam,57.2,PACK-Apply-133,Packaging,2026-08-18,paid,2026-09-24,2026-08,45.2,0.147,False
PO003149,SUP0026,PRD0097,2026-05-30,90,309.67,USD,27870.3,fulfilled,James-Ferrell,Egypt,85.3,ELEC-Medical-97,Electronics,2026-06-01,paid,2026-06-30,2026-05,56.0,0.211,True
PO003150,SUP0006,PRD0016,2025-02-20,343,87.9,USD,30149.7,cancelled,Blake and Sons,China,58.0,CHEM-Author-16,Chemicals,,,,2025-02,32.5,0.071,False
PO003151,SUP0040,PRD0021,2026-04-25,278,202.65,USD,56336.7,fulfilled,"Santos, Kim and Holmes",Turkey,71.1,MACH-Avoid-21,Machinery,2026-05-02,pending,,2026-04,55.4,0.198,False
PO003152,SUP0039,PRD0049,2026-04-22,673,50.79,USD,34181.67,fulfilled,"Campos, Vaughn and Marquez",South Korea,62.6,AUTO-Manage-49,Automotive Parts,2026-04-30,paid,2026-06-06,2026-04,19.5,0.063,False
PO003153,SUP0015,PRD0147,2025-12-03,350,2.79,USD,976.5,cancelled,"Zuniga, Wong and Lynch",India,76.1,FURN-Physical-147,Furniture,,,,2025-12,34.7,0.082,False
PO003154,SUP0035,PRD0002,2025-05-08,146,469.71,USD,68577.66,fulfilled,Allen PLC,Brazil,54.5,PACK-Attack-2,Packaging,2025-05-13,pending,,2025-05,54.1,0.173,False
PO003155,SUP0002,PRD0135,2025-03-05,78,206.02,USD,16069.56,fulfilled,Rhodes PLC,Germany,87.8,CHEM-Me-135,Chemicals,2025-03-09,paid,2025-04-20,2025-03,11.9,0.046,False
PO003156,SUP0022,PRD0004,2026-04-16,523,795.86,USD,416234.78,fulfilled,Burgess-Patterson,Pakistan,79.0,FOOD-Against-4,Food & Beverage,2026-04-23,paid,2026-05-21,2026-04,65.0,0.201,False
PO003157,SUP0026,PRD0141,2026-01-14,482,2467.67,USD,1189416.94,open,James-Ferrell,Egypt,85.3,CHEM-Art-141,Chemicals,2026-01-27,paid,2026-02-15,2026-01,52.0,0.187,False
PO003158,SUP0023,PRD0002,2025-10-12,138,421.74,USD,58200.12,open,Robinson-Bright,Indonesia,70.0,PACK-Attack-2,Packaging,2025-10-26,paid,2025-12-03,2025-10,35.8,0.118,False
PO003159,SUP0025,PRD0087,2025-04-28,423,173.07,USD,73208.61,fulfilled,Conner Group,Bangladesh,77.2,MACH-Think-87,Machinery,2025-05-11,paid,2025-06-07,2025-04,53.6,0.114,False
PO003160,SUP0008,PRD0056,2025-12-26,82,667.6,USD,54743.2,fulfilled,Davis Inc,Pakistan,69.7,MACH-Billion-56,Machinery,2025-12-28,paid,2026-01-10,2025-12,66.7,0.291,False
PO003161,SUP0015,PRD0044,2024-12-06,690,62.78,USD,43318.2,fulfilled,"Zuniga, Wong and Lynch",India,76.1,MACH-Reason-44,Machinery,2024-12-10,paid,2025-01-04,2024-12,41.3,0.09,False
PO003162,SUP0012,PRD0003,2026-04-17,188,883.3,USD,166060.4,fulfilled,Stanley LLC,Japan,60.6,ELEC-Ground-3,Electronics,2026-04-29,paid,2026-05-06,2026-04,9.4,0.044,False
PO003163,SUP0033,PRD0011,2025-07-18,97,995.9,USD,96602.3,cancelled,"Sellers, George and Burns",China,78.7,TEXT-Avoid-11,Textiles,,,,2025-07,31.0,0.088,False
PO003164,SUP0040,PRD0078,2026-04-02,292,5.69,USD,1661.48,fulfilled,"Santos, Kim and Holmes",Turkey,71.1,AUTO-Level-78,Automotive Parts,2026-04-15,pending,,2026-04,55.4,0.198,False
PO003165,SUP0012,PRD0056,2026-05-28,1031,2801.35,USD,2888191.85,fulfilled,Stanley LLC,Japan,60.6,MACH-Billion-56,Machinery,2026-05-31,overdue,,2026-05,15.6,0.066,False
PO003166,SUP0007,PRD0001,2025-07-07,276,2.31,USD,637.56,fulfilled,Ramirez-Lewis,South Korea,49.8,MACH-Down-1,Machinery,2025-07-08,paid,2025-08-19,2025-07,16.4,0.066,False
PO003167,SUP0031,PRD0104,2026-06-21,99,297.15,USD,29417.85,fulfilled,Harrell LLC,Brazil,87.2,AUTO-Hundred-104,Automotive Parts,2026-07-03,overdue,,2026-06,51.9,0.194,False
PO003168,SUP0030,PRD0112,2025-05-02,525,3155.46,USD,1656616.5,fulfilled,Stanton-Gill,Indonesia,60.5,FURN-Feeling-112,Furniture,2025-05-08,pending,,2025-05,44.2,0.119,False
PO003169,SUP0001,PRD0032,2024-11-24,116,11.44,USD,1327.04,fulfilled,"Rodriguez, Figueroa and Sanchez",South Korea,74.7,FURN-Us-32,Furniture,2024-11-25,pending,,2024-11,26.9,0.07,False
PO003170,SUP0022,PRD0021,2024-11-09,881,3681.13,USD,3243075.53,fulfilled,Burgess-Patterson,Pakistan,79.0,MACH-Avoid-21,Machinery,2024-11-11,paid,2024-12-10,2024-11,63.2,0.25,False
PO003171,SUP0005,PRD0139,2025-06-27,609,57.09,USD,34767.81,fulfilled,Cole LLC,Mexico,58.0,FOOD-Nice-139,Food & Beverage,2025-07-03,paid,2025-08-02,2025-06,30.7,0.147,False
PO003172,SUP0014,PRD0074,2026-01-07,78,1576.19,USD,122942.82,fulfilled,"Flowers, Martin and Kelly",United States,46.7,MACH-Enjoy-74,Machinery,2026-01-16,paid,2026-02-02,2026-01,15.7,0.029,False
PO003173,SUP0028,PRD0133,2025-01-23,268,1928.06,USD,516720.08,fulfilled,"Potter, Mack and Peterson",Germany,88.1,PACK-Apply-133,Packaging,2025-01-30,paid,2025-03-06,2025-01,9.2,0.037,False
PO003174,SUP0010,PRD0058,2025-08-27,607,2975.58,USD,1806177.06,fulfilled,"Martinez, Nielsen and Miller",Egypt,43.6,AUTO-Interesting-58,Automotive Parts,2025-09-09,paid,2025-09-16,2025-08,53.1,0.132,False
PO003175,SUP0005,PRD0072,2025-05-02,376,964.94,USD,362817.44,fulfilled,Cole LLC,Mexico,58.0,TEXT-Family-72,Textiles,2025-05-10,paid,2025-06-11,2025-05,40.9,0.098,False
PO003176,SUP0016,PRD0141,2025-04-02,293,1032.03,USD,302384.79,fulfilled,"Sanchez, Ford and Nelson",Mexico,67.6,CHEM-Art-141,Chemicals,2025-04-14,paid,2025-04-22,2025-04,36.2,0.082,False
PO003177,SUP0008,PRD0057,2026-07-02,123,3.12,USD,383.76,fulfilled,Davis Inc,Pakistan,69.7,CHEM-Ask-57,Chemicals,2026-07-09,paid,2026-07-24,2026-07,61.8,0.257,False
PO003178,SUP0036,PRD0055,2024-12-31,537,38.18,USD,20502.66,fulfilled,Dennis Inc,South Korea,60.1,FURN-Race-55,Furniture,2025-01-01,paid,2025-01-29,2024-12,26.8,0.062,False
PO003179,SUP0029,PRD0045,2024-12-12,178,1929.24,USD,343404.72,fulfilled,Chavez Ltd,Poland,66.3,CHEM-Lawyer-45,Chemicals,2024-12-18,paid,2025-01-08,2024-12,31.4,0.096,False
PO003180,SUP0035,PRD0043,2026-04-13,268,5.45,USD,1460.6,open,Allen PLC,Brazil,54.5,CHEM-Bill-43,Chemicals,2026-04-23,pending,,2026-04,55.9,0.186,False
PO003181,SUP0019,PRD0004,2025-10-24,165,19.78,USD,3263.7,fulfilled,Clark PLC,Germany,69.9,FOOD-Against-4,Food & Beverage,2025-10-27,pending,,2025-10,7.6,0.055,False
PO003182,SUP0008,PRD0081,2024-11-08,385,1753.86,USD,675236.1,fulfilled,Davis Inc,Pakistan,69.7,PACK-Total-81,Packaging,2024-11-12,paid,2024-11-25,2024-11,59.6,0.179,False
PO003183,SUP0015,PRD0118,2025-12-13,206,20.04,USD,4128.24,fulfilled,"Zuniga, Wong and Lynch",India,76.1,CHEM-Recently-118,Chemicals,2025-12-21,paid,2026-01-12,2025-12,34.7,0.082,False
PO003184,SUP0001,PRD0125,2025-09-21,290,301.43,USD,87414.7,fulfilled,"Rodriguez, Figueroa and Sanchez",South Korea,74.7,TEXT-Article-125,Textiles,2025-09-22,pending,,2025-09,18.8,0.059,False
PO003185,SUP0030,PRD0120,2026-04-30,126,2.86,USD,360.36,fulfilled,Stanton-Gill,Indonesia,60.5,MACH-Message-120,Machinery,2026-05-05,paid,2026-05-14,2026-04,43.4,0.117,False
PO003186,SUP0021,PRD0030,2025-02-14,172,2.42,USD,416.24,fulfilled,"Ellis, Baker and Wright",India,80.5,AUTO-Several-30,Automotive Parts,2025-02-22,paid,2025-04-07,2025-02,43.3,0.085,False
PO003187,SUP0032,PRD0068,2025-02-15,81,83.16,USD,6735.96,fulfilled,"Lynch, Hernandez and Farmer",Vietnam,57.2,FURN-List-68,Furniture,2025-02-26,paid,2025-03-17,2025-02,38.5,0.081,False
PO003188,SUP0032,PRD0066,2026-04-19,381,1788.95,USD,681589.95,fulfilled,"Lynch, Hernandez and Farmer",Vietnam,57.2,TEXT-Customer-66,Textiles,2026-04-30,paid,2026-06-12,2026-04,45.3,0.131,False
PO003189,SUP0037,PRD0064,2026-03-11,428,9.6,USD,4108.8,fulfilled,"Cannon, Anderson and Alvarez",United States,65.1,AUTO-Energy-64,Automotive Parts,2026-03-12,paid,2026-03-18,2026-03,13.9,0.03,False
PO003190,SUP0020,PRD0102,2025-02-26,374,2.66,USD,994.84,fulfilled,Lewis-Porter,Pakistan,59.2,TEXT-Artist-102,Textiles,2025-03-01,paid,2025-03-23,2025-02,61.8,0.272,False
PO003191,SUP0005,PRD0070,2026-07-17,104,408.36,USD,42469.44,fulfilled,Cole LLC,Mexico,58.0,PACK-Knowledge-70,Packaging,2026-07-27,overdue,,2026-07,36.8,0.117,False
PO003192,SUP0017,PRD0083,2025-09-10,233,58.42,USD,13611.86,fulfilled,"Hawkins, Cohen and Cameron",Nigeria,42.8,TEXT-Billion-83,Textiles,2025-09-17,paid,2025-09-22,2025-09,67.2,0.203,False
PO003193,SUP0010,PRD0078,2025-02-19,47,300.97,USD,14145.59,fulfilled,"Martinez, Nielsen and Miller",Egypt,43.6,AUTO-Level-78,Automotive Parts,2025-03-01,paid,2025-03-11,2025-02,50.8,0.226,False
PO003194,SUP0017,PRD0051,2024-10-26,173,651.59,USD,112725.07,fulfilled,"Hawkins, Cohen and Cameron",Nigeria,42.8,AUTO-Shoulder-51,Automotive Parts,2024-10-27,pending,,2024-10,63.5,0.323,False
PO003195,SUP0010,PRD0083,2024-09-25,446,18.01,USD,8032.46,fulfilled,"Martinez, Nielsen and Miller",Egypt,43.6,TEXT-Billion-83,Textiles,2024-10-03,overdue,,2024-09,,,
PO003196,SUP0010,PRD0136,2024-10-28,142,3.8,USD,539.6,fulfilled,"Martinez, Nielsen and Miller",Egypt,43.6,AUTO-Morning-136,Automotive Parts,2024-10-29,paid,2024-11-12,2024-10,57.4,0.226,False
PO003197,SUP0021,PRD0084,2025-04-16,197,11.14,USD,2194.58,fulfilled,"Ellis, Baker and Wright",India,80.5,PACK-Apply-84,Packaging,2025-04-27,paid,2025-06-01,2025-04,41.6,0.097,False
PO003198,SUP0032,PRD0109,2026-02-03,206,19.18,USD,3951.08,fulfilled,"Lynch, Hernandez and Farmer",Vietnam,57.2,CHEM-Step-109,Chemicals,2026-02-10,pending,,2026-02,43.6,0.133,False
PO003199,SUP0032,PRD0026,2025-01-31,73,28.43,USD,2075.39,open,"Lynch, Hernandez and Farmer",Vietnam,57.2,PACK-Mention-26,Packaging,2025-02-04,paid,2025-03-07,2025-01,35.3,0.102,False
PO003200,SUP0022,PRD0023,2026-05-15,275,1182.23,USD,325113.25,cancelled,Burgess-Patterson,Pakistan,79.0,MACH-Economy-23,Machinery,,,,2026-05,64.2,0.305,False
PO003201,SUP0025,PRD0041,2024-12-17,58,39.83,USD,2310.14,open,Conner Group,Bangladesh,77.2,PACK-Customer-41,Packaging,2024-12-23,paid,2025-01-10,2024-12,58.3,0.159,False
PO003202,SUP0018,PRD0078,2026-01-18,145,343.86,USD,49859.7,fulfilled,Underwood LLC,Philippines,54.2,AUTO-Level-78,Automotive Parts,2026-01-31,paid,2026-02-05,2026-01,38.7,0.107,False
PO003203,SUP0017,PRD0096,2024-11-09,225,2.72,USD,612.0,open,"Hawkins, Cohen and Cameron",Nigeria,42.8,CHEM-Mention-96,Chemicals,2024-11-14,pending,,2024-11,76.4,0.301,False
PO003204,SUP0010,PRD0135,2024-11-17,400,350.19,USD,140076.0,fulfilled,"Martinez, Nielsen and Miller",Egypt,43.6,CHEM-Me-135,Chemicals,2024-11-27,paid,2025-01-04,2024-11,56.9,0.198,False
PO003205,SUP0010,PRD0046,2024-09-20,320,56.71,USD,18147.2,cancelled,"Martinez, Nielsen and Miller",Egypt,43.6,FOOD-Health-46,Food & Beverage,,,,2024-09,,,
PO003206,SUP0040,PRD0066,2025-04-30,295,417.78,USD,123245.1,fulfilled,"Santos, Kim and Holmes",Turkey,71.1,TEXT-Customer-66,Textiles,2025-05-07,paid,2025-05-15,2025-04,71.0,0.215,True
PO003207,SUP0004,PRD0012,2024-12-17,208,465.08,USD,96736.64,fulfilled,"Johnson, Gonzalez and Santos",Mexico,76.5,ELEC-Second-12,Electronics,2024-12-27,overdue,,2024-12,38.0,0.144,False
PO003208,SUP0027,PRD0072,2024-10-10,27,92.75,USD,2504.25,fulfilled,"Valencia, Smith and Le",Vietnam,70.4,TEXT-Family-72,Textiles,2024-10-23,pending,,2024-10,42.1,0.146,False
PO003209,SUP0031,PRD0016,2024-09-21,42,13.79,USD,579.18,fulfilled,Harrell LLC,Brazil,87.2,CHEM-Author-16,Chemicals,2024-10-03,paid,2024-10-26,2024-09,,,
PO003210,SUP0001,PRD0119,2026-07-16,661,1592.0,USD,1052312.0,open,"Rodriguez, Figueroa and Sanchez",South Korea,74.7,TEXT-Serious-119,Textiles,2026-07-18,paid,2026-08-27,2026-07,25.5,0.07,False
PO003211,SUP0019,PRD0091,2025-04-24,31,4.18,USD,129.58,fulfilled,Clark PLC,Germany,69.9,FOOD-Some-91,Food & Beverage,2025-04-27,pending,,2025-04,9.6,0.04,False
PO003212,SUP0029,PRD0091,2026-03-27,171,409.08,USD,69952.68,fulfilled,Chavez Ltd,Poland,66.3,FOOD-Some-91,Food & Beverage,2026-04-08,paid,2026-04-18,2026-03,19.5,0.073,False
PO003213,SUP0007,PRD0027,2026-02-07,57,21.72,USD,1238.04,open,Ramirez-Lewis,South Korea,49.8,TEXT-Difficult-27,Textiles,2026-02-16,paid,2026-03-05,2026-02,28.4,0.062,False
PO003214,SUP0025,PRD0137,2026-01-20,206,1530.92,USD,315369.52,fulfilled,Conner Group,Bangladesh,77.2,FOOD-Wide-137,Food & Beverage,2026-01-21,paid,2026-02-04,2026-01,60.7,0.114,False
PO003215,SUP0006,PRD0114,2025-06-24,327,3131.68,USD,1024059.36,cancelled,Blake and Sons,China,58.0,FOOD-Same-114,Food & Beverage,,,,2025-06,19.7,0.072,False
PO003216,SUP0016,PRD0097,2024-11-06,512,2.31,USD,1182.72,fulfilled,"Sanchez, Ford and Nelson",Mexico,67.6,ELEC-Medical-97,Electronics,2024-11-13,paid,2024-11-21,2024-11,44.8,0.118,False
PO003217,SUP0017,PRD0081,2025-04-05,298,2.31,USD,688.38,open,"Hawkins, Cohen and Cameron",Nigeria,42.8,PACK-Total-81,Packaging,2025-04-13,paid,2025-05-02,2025-04,76.2,0.216,False
PO003218,SUP0007,PRD0111,2025-03-17,49,2.31,USD,113.19,fulfilled,Ramirez-Lewis,South Korea,49.8,PACK-Look-111,Packaging,2025-03-30,paid,2025-04-09,2025-03,19.4,0.055,False
PO003219,SUP0039,PRD0003,2024-12-30,150,117.3,USD,17595.0,fulfilled,"Campos, Vaughn and Marquez",South Korea,62.6,ELEC-Ground-3,Electronics,2025-01-04,paid,2025-02-09,2024-12,22.2,0.063,False
PO003220,SUP0010,PRD0130,2025-01-11,68,2.99,USD,203.32,cancelled,"Martinez, Nielsen and Miller",Egypt,43.6,MACH-Small-130,Machinery,,,,2025-01,51.8,0.183,False
PO003221,SUP0021,PRD0021,2025-05-31,202,37.87,USD,7649.74,open,"Ellis, Baker and Wright",India,80.5,MACH-Avoid-21,Machinery,2025-06-11,paid,2025-06-26,2025-05,43.6,0.104,False
PO003222,SUP0010,PRD0106,2026-07-27,1400,2649.18,USD,3708852.0,fulfilled,"Martinez, Nielsen and Miller",Egypt,43.6,AUTO-In-106,Automotive Parts,2026-08-02,paid,2026-09-12,2026-07,57.2,0.202,False
PO003223,SUP0013,PRD0114,2026-01-31,293,47.08,USD,13794.44,fulfilled,Delacruz Group,Germany,77.3,FOOD-Same-114,Food & Beverage,2026-02-07,overdue,,2026-01,17.5,0.046,False
PO003224,SUP0008,PRD0097,2025-03-11,535,62.76,USD,33576.6,fulfilled,Davis Inc,Pakistan,69.7,ELEC-Medical-97,Electronics,2025-03-22,paid,2025-04-15,2025-03,70.6,0.187,False
PO003225,SUP0035,PRD0004,2025-05-31,440,19.64,USD,8641.6,fulfilled,Allen PLC,Brazil,54.5,FOOD-Against-4,Food & Beverage,2025-06-10,paid,2025-07-24,2025-05,54.1,0.173,False
PO003226,SUP0021,PRD0147,2025-06-30,102,9.16,USD,934.32,fulfilled,"Ellis, Baker and Wright",India,80.5,FURN-Physical-147,Furniture,2025-07-11,paid,2025-07-26,2025-06,35.0,0.09,False
PO003227,SUP0018,PRD0094,2025-11-17,138,78.02,USD,10766.76,fulfilled,Underwood LLC,Philippines,54.2,MACH-Compare-94,Machinery,2025-11-23,paid,2025-12-27,2025-11,53.3,0.127,False
PO003228,SUP0014,PRD0040,2024-12-10,362,4.14,USD,1498.68,fulfilled,"Flowers, Martin and Kelly",United States,46.7,FURN-Investment-40,Furniture,2024-12-24,overdue,,2024-12,17.2,0.025,False
PO003229,SUP0014,PRD0136,2026-04-30,336,19.69,USD,6615.84,fulfilled,"Flowers, Martin and Kelly",United States,46.7,AUTO-Morning-136,Automotive Parts,2026-05-13,overdue,,2026-04,11.1,0.042,False
PO003230,SUP0013,PRD0040,2026-05-10,232,804.27,USD,186590.64,open,Delacruz Group,Germany,77.3,FURN-Investment-40,Furniture,2026-05-17,pending,,2026-05,10.2,0.042,False
PO003231,SUP0037,PRD0074,2025-04-22,589,532.47,USD,313624.83,fulfilled,"Cannon, Anderson and Alvarez",United States,65.1,MACH-Enjoy-74,Machinery,2025-05-04,pending,,2025-04,13.3,0.037,False
PO003232,SUP0028,PRD0041,2026-04-17,493,43.09,USD,21243.37,fulfilled,"Potter, Mack and Peterson",Germany,88.1,PACK-Customer-41,Packaging,2026-04-27,overdue,,2026-04,14.0,0.027,False
PO003233,SUP0001,PRD0033,2024-09-06,587,3.2,USD,1878.4,fulfilled,"Rodriguez, Figueroa and Sanchez",South Korea,74.7,PACK-Own-33,Packaging,2024-09-07,paid,2024-10-12,2024-09,,,
PO003234,SUP0012,PRD0108,2025-11-08,257,80.0,USD,20560.0,open,Stanley LLC,Japan,60.6,FURN-With-108,Furniture,2025-11-19,paid,2025-11-24,2025-11,10.8,0.045,False
PO003235,SUP0022,PRD0035,2025-10-18,490,560.09,USD,274444.1,fulfilled,Burgess-Patterson,Pakistan,79.0,MACH-Material-35,Machinery,2025-10-22,paid,2025-11-01,2025-10,62.6,0.286,False
PO003236,SUP0010,PRD0072,2025-06-22,373,682.57,USD,254598.61,fulfilled,"Martinez, Nielsen and Miller",Egypt,43.6,TEXT-Family-72,Textiles,2025-07-05,overdue,,2025-06,51.9,0.188,False
PO003237,SUP0013,PRD0108,2024-09-11,299,2632.88,USD,787231.12,fulfilled,Delacruz Group,Germany,77.3,FURN-With-108,Furniture,2024-09-24,paid,2024-10-10,2024-09,,,
PO003238,SUP0028,PRD0105,2025-01-03,115,8.22,USD,945.3,cancelled,"Potter, Mack and Peterson",Germany,88.1,FOOD-Able-105,Food & Beverage,,,,2025-01,9.2,0.037,False
PO003239,SUP0017,PRD0128,2026-06-03,535,47.75,USD,25546.25,open,"Hawkins, Cohen and Cameron",Nigeria,42.8,TEXT-Occur-128,Textiles,2026-06-17,paid,2026-07-30,2026-06,69.0,0.224,False
PO003240,SUP0004,PRD0083,2025-11-15,244,86.36,USD,21071.84,fulfilled,"Johnson, Gonzalez and Santos",Mexico,76.5,TEXT-Billion-83,Textiles,2025-11-25,paid,2025-12-07,2025-11,42.2,0.105,False
PO003241,SUP0034,PRD0056,2026-04-19,768,218.77,USD,168015.36,fulfilled,Koch-Decker,India,69.9,MACH-Billion-56,Machinery,2026-04-23,paid,2026-05-13,2026-04,31.2,0.068,True
PO003242,SUP0008,PRD0075,2024-09-17,88,2027.45,USD,178415.6,open,Davis Inc,Pakistan,69.7,TEXT-Two-75,Textiles,2024-09-25,pending,,2024-09,,,
PO003243,SUP0037,PRD0120,2025-11-27,618,2.31,USD,1427.58,fulfilled,"Cannon, Anderson and Alvarez",United States,65.1,MACH-Message-120,Machinery,2025-12-10,paid,2026-01-02,2025-11,10.2,0.028,False
PO003244,SUP0036,PRD0005,2025-07-20,101,3.27,USD,330.27,fulfilled,Dennis Inc,South Korea,60.1,TEXT-Per-5,Textiles,2025-07-24,paid,2025-09-06,2025-07,25.2,0.092,False
PO003245,SUP0034,PRD0003,2026-07-16,142,79.93,USD,11350.06,open,Koch-Decker,India,69.9,ELEC-Ground-3,Electronics,2026-07-20,paid,2026-08-02,2026-07,29.6,0.108,False
PO003246,SUP0037,PRD0128,2025-05-01,425,1482.7,USD,630147.5,fulfilled,"Cannon, Anderson and Alvarez",United States,65.1,TEXT-Occur-128,Textiles,2025-05-10,paid,2025-05-16,2025-05,20.4,0.038,False
PO003247,SUP0039,PRD0132,2025-08-12,76,446.63,USD,33943.88,fulfilled,"Campos, Vaughn and Marquez",South Korea,62.6,CHEM-Art-132,Chemicals,2025-08-19,pending,,2025-08,18.0,0.075,False
PO003248,SUP0025,PRD0146,2025-02-23,178,2023.46,USD,360175.88,open,Conner Group,Bangladesh,77.2,FURN-Authority-146,Furniture,2025-03-01,pending,,2025-02,59.8,0.172,False
PO003249,SUP0024,PRD0038,2025-09-26,463,2.31,USD,1069.53,fulfilled,Campos Inc,Mexico,79.6,ELEC-Material-38,Electronics,2025-10-07,paid,2025-10-25,2025-09,48.6,0.095,False
PO003250,SUP0010,PRD0112,2024-09-12,408,10.79,USD,4402.32,fulfilled,"Martinez, Nielsen and Miller",Egypt,43.6,FURN-Feeling-112,Furniture,2024-09-26,pending,,2024-09,,,
PO003251,SUP0019,PRD0073,2025-07-28,245,58.97,USD,14447.65,fulfilled,Clark PLC,Germany,69.9,PACK-Maintain-73,Packaging,2025-08-03,paid,2025-09-09,2025-07,13.9,0.036,False
PO003252,SUP0015,PRD0128,2026-08-21,61,94.85,USD,5785.85,fulfilled,"Zuniga, Wong and Lynch",India,76.1,TEXT-Occur-128,Textiles,2026-08-30,paid,2026-09-21,2026-08,40.1,0.1,False
PO003253,SUP0001,PRD0145,2025-11-04,483,346.83,USD,167518.89,fulfilled,"Rodriguez, Figueroa and Sanchez",South Korea,74.7,MACH-Cultural-145,Machinery,2025-11-16,paid,2025-12-27,2025-11,26.0,0.073,False
PO003254,SUP0030,PRD0133,2024-10-16,294,3193.75,USD,938962.5,fulfilled,Stanton-Gill,Indonesia,60.5,PACK-Apply-133,Packaging,2024-10-29,paid,2024-12-06,2024-10,45.8,0.054,False
PO003255,SUP0039,PRD0136,2025-05-08,539,577.82,USD,311444.98,fulfilled,"Campos, Vaughn and Marquez",South Korea,62.6,AUTO-Morning-136,Automotive Parts,2025-05-15,pending,,2025-05,19.4,0.054,False
PO003256,SUP0036,PRD0141,2024-10-10,294,190.36,USD,55965.84,fulfilled,Dennis Inc,South Korea,60.1,CHEM-Art-141,Chemicals,2024-10-16,paid,2024-11-09,2024-10,23.2,0.052,False
PO003257,SUP0008,PRD0069,2025-05-29,336,1059.49,USD,355988.64,fulfilled,Davis Inc,Pakistan,69.7,FOOD-Challenge-69,Food & Beverage,2025-06-01,overdue,,2025-05,63.8,0.268,False
PO003258,SUP0032,PRD0078,2026-07-15,274,2.31,USD,632.94,fulfilled,"Lynch, Hernandez and Farmer",Vietnam,57.2,AUTO-Level-78,Automotive Parts,2026-07-24,paid,2026-08-06,2026-07,45.3,0.105,False
PO003259,SUP0026,PRD0114,2026-03-07,494,2419.49,USD,1195228.06,fulfilled,James-Ferrell,Egypt,85.3,FOOD-Same-114,Food & Beverage,2026-03-10,pending,,2026-03,55.8,0.205,False
PO003260,SUP0019,PRD0064,2025-06-08,58,136.54,USD,7919.32,fulfilled,Clark PLC,Germany,69.9,AUTO-Energy-64,Automotive Parts,2025-06-13,paid,2025-07-16,2025-06,8.4,0.058,False
PO003261,SUP0038,PRD0091,2025-12-10,451,69.98,USD,31560.98,fulfilled,Rose-Obrien,South Africa,61.5,FOOD-Some-91,Food & Beverage,2025-12-24,pending,,2025-12,60.4,0.18,False
PO003262,SUP0029,PRD0132,2025-12-21,244,3.47,USD,846.68,fulfilled,Chavez Ltd,Poland,66.3,CHEM-Art-132,Chemicals,2025-12-23,paid,2026-01-22,2025-12,23.8,0.099,False
PO003263,SUP0039,PRD0037,2025-10-01,287,2.32,USD,665.84,fulfilled,"Campos, Vaughn and Marquez",South Korea,62.6,CHEM-Still-37,Chemicals,2025-10-13,paid,2025-11-11,2025-10,21.2,0.085,False
PO003264,SUP0031,PRD0064,2026-08-25,147,245.91,USD,36148.77,fulfilled,Harrell LLC,Brazil,87.2,AUTO-Energy-64,Automotive Parts,2026-08-30,paid,2026-10-03,2026-08,56.9,0.166,False
PO003265,SUP0022,PRD0136,2025-11-13,101,101.86,USD,10287.86,fulfilled,Burgess-Patterson,Pakistan,79.0,AUTO-Morning-136,Automotive Parts,2025-11-18,paid,2025-12-01,2025-11,56.6,0.235,False
PO003266,SUP0008,PRD0118,2025-12-06,753,2.35,USD,1769.55,fulfilled,Davis Inc,Pakistan,69.7,CHEM-Recently-118,Chemicals,2025-12-08,overdue,,2025-12,66.7,0.291,False
PO003267,SUP0027,PRD0132,2025-05-11,163,2.31,USD,376.53,open,"Valencia, Smith and Le",Vietnam,70.4,CHEM-Art-132,Chemicals,2025-05-13,paid,2025-06-08,2025-05,45.1,0.097,False
PO003268,SUP0026,PRD0039,2024-09-22,547,27.69,USD,15146.43,open,James-Ferrell,Egypt,85.3,MACH-Surface-39,Machinery,2024-10-02,paid,2024-11-12,2024-09,,,
PO003269,SUP0004,PRD0040,2025-07-26,136,4.35,USD,591.6,fulfilled,"Johnson, Gonzalez and Santos",Mexico,76.5,FURN-Investment-40,Furniture,2025-08-05,pending,,2025-07,42.3,0.114,False
PO003270,SUP0017,PRD0031,2026-05-06,27,2424.36,USD,65457.72,fulfilled,"Hawkins, Cohen and Cameron",Nigeria,42.8,FOOD-Worry-31,Food & Beverage,2026-05-15,paid,2026-05-20,2026-05,65.5,0.322,False
PO003271,SUP0010,PRD0087,2025-11-19,133,2.64,USD,351.12,fulfilled,"Martinez, Nielsen and Miller",Egypt,43.6,MACH-Think-87,Machinery,2025-11-24,paid,2025-12-12,2025-11,57.4,0.196,False
PO003272,SUP0012,PRD0034,2024-09-23,295,3.84,USD,1132.8,fulfilled,Stanley LLC,Japan,60.6,CHEM-Part-34,Chemicals,2024-10-02,pending,,2024-09,,,
PO003273,SUP0016,PRD0057,2025-08-05,462,1876.13,USD,866772.06,fulfilled,"Sanchez, Ford and Nelson",Mexico,67.6,CHEM-Ask-57,Chemicals,2025-08-16,pending,,2025-08,34.2,0.131,False
PO003274,SUP0007,PRD0024,2024-10-13,121,539.95,USD,65333.95,fulfilled,Ramirez-Lewis,South Korea,49.8,MACH-Family-24,Machinery,2024-10-21,overdue,,2024-10,23.4,0.074,False
PO003275,SUP0008,PRD0015,2025-06-23,199,3.2,USD,636.8,fulfilled,Davis Inc,Pakistan,69.7,TEXT-Drop-15,Textiles,2025-06-30,paid,2025-08-11,2025-06,67.0,0.252,True
PO003276,SUP0035,PRD0132,2025-02-19,170,458.21,USD,77895.7,open,Allen PLC,Brazil,54.5,CHEM-Art-132,Chemicals,2025-02-23,pending,,2025-02,54.5,0.176,False
PO003277,SUP0037,PRD0046,2026-04-13,327,2.31,USD,755.37,fulfilled,"Cannon, Anderson and Alvarez",United States,65.1,FOOD-Health-46,Food & Beverage,2026-04-18,paid,2026-05-02,2026-04,15.1,0.033,False
PO003278,SUP0037,PRD0110,2026-06-16,160,236.37,USD,37819.2,open,"Cannon, Anderson and Alvarez",United States,65.1,CHEM-Still-110,Chemicals,2026-06-24,pending,,2026-06,21.7,0.029,False
PO003279,SUP0025,PRD0055,2025-11-05,309,160.53,USD,49603.77,fulfilled,Conner Group,Bangladesh,77.2,FURN-Race-55,Furniture,2025-11-19,paid,2025-12-21,2025-11,57.7,0.167,False
PO003280,SUP0008,PRD0103,2025-10-31,475,2.8,USD,1330.0,cancelled,Davis Inc,Pakistan,69.7,AUTO-Community-103,Automotive Parts,,,,2025-10,55.3,0.256,False
PO003281,SUP0028,PRD0117,2025-12-10,377,411.72,USD,155218.44,open,"Potter, Mack and Peterson",Germany,88.1,CHEM-Only-117,Chemicals,2025-12-16,paid,2025-12-25,2025-12,14.9,0.046,False
PO003282,SUP0028,PRD0077,2026-02-24,122,7.42,USD,905.24,open,"Potter, Mack and Peterson",Germany,88.1,FURN-Bag-77,Furniture,2026-02-26,paid,2026-04-11,2026-02,10.4,0.027,False
PO003283,SUP0006,PRD0009,2025-04-08,172,99.68,USD,17144.96,fulfilled,Blake and Sons,China,58.0,MACH-Discussion-9,Machinery,2025-04-22,paid,2025-06-04,2025-04,31.7,0.087,False
PO003284,SUP0015,PRD0057,2025-08-12,208,2156.33,USD,448516.64,fulfilled,"Zuniga, Wong and Lynch",India,76.1,CHEM-Ask-57,Chemicals,2025-08-21,paid,2025-09-09,2025-08,38.6,0.06,False
PO003285,SUP0032,PRD0095,2025-01-12,762,78.69,USD,59961.78,cancelled,"Lynch, Hernandez and Farmer",Vietnam,57.2,PACK-Investment-95,Packaging,,,,2025-01,35.3,0.102,False
PO003286,SUP0015,PRD0122,2024-11-01,919,1619.89,USD,1488678.91,fulfilled,"Zuniga, Wong and Lynch",India,76.1,CHEM-Customer-122,Chemicals,2024-11-10,paid,2024-12-12,2024-11,38.1,0.084,False
PO003287,SUP0010,PRD0091,2025-08-29,116,5148.86,USD,597267.76,cancelled,"Martinez, Nielsen and Miller",Egypt,43.6,FOOD-Some-91,Food & Beverage,,,,2025-08,53.1,0.132,False
PO003288,SUP0037,PRD0096,2025-06-03,207,2.36,USD,488.52,fulfilled,"Cannon, Anderson and Alvarez",United States,65.1,CHEM-Mention-96,Chemicals,2025-06-14,paid,2025-07-21,2025-06,18.8,0.032,False
PO003289,SUP0013,PRD0150,2024-10-11,135,305.13,USD,41192.55,fulfilled,Delacruz Group,Germany,77.3,TEXT-Training-150,Textiles,2024-10-14,paid,2024-11-25,2024-10,16.9,0.031,False
PO003290,SUP0019,PRD0076,2026-08-14,447,28.63,USD,12797.61,cancelled,Clark PLC,Germany,69.9,PACK-Wind-76,Packaging,,,,2026-08,7.9,0.027,False
PO003291,SUP0036,PRD0040,2025-02-10,166,391.39,USD,64970.74,open,Dennis Inc,South Korea,60.1,FURN-Investment-40,Furniture,2025-02-18,pending,,2025-02,29.9,0.059,False
PO003292,SUP0022,PRD0020,2025-02-23,559,4.11,USD,2297.49,fulfilled,Burgess-Patterson,Pakistan,79.0,FOOD-Give-20,Food & Beverage,2025-03-06,paid,2025-04-10,2025-02,64.7,0.273,False
PO003293,SUP0024,PRD0048,2025-04-02,175,314.11,USD,54969.25,fulfilled,Campos Inc,Mexico,79.6,FOOD-Item-48,Food & Beverage,2025-04-12,paid,2025-04-24,2025-04,45.0,0.168,False
PO003294,SUP0012,PRD0137,2025-09-21,549,3491.54,USD,1916855.46,open,Stanley LLC,Japan,60.6,FOOD-Wide-137,Food & Beverage,2025-10-05,paid,2025-11-13,2025-09,14.5,0.057,False
PO003295,SUP0002,PRD0079,2025-04-24,55,60.73,USD,3340.15,cancelled,Rhodes PLC,Germany,87.8,FOOD-System-79,Food & Beverage,,,,2025-04,10.7,0.038,False
PO003296,SUP0012,PRD0049,2025-02-18,732,8.51,USD,6229.32,fulfilled,Stanley LLC,Japan,60.6,AUTO-Manage-49,Automotive Parts,2025-03-04,paid,2025-04-06,2025-02,13.0,0.055,False
PO003297,SUP0031,PRD0105,2026-02-12,749,5.96,USD,4464.04,open,Harrell LLC,Brazil,87.2,FOOD-Able-105,Food & Beverage,2026-02-22,paid,2026-03-02,2026-02,59.1,0.172,False
PO003298,SUP0021,PRD0120,2025-08-09,39,1251.98,USD,48827.22,open,"Ellis, Baker and Wright",India,80.5,MACH-Message-120,Machinery,2025-08-11,paid,2025-08-26,2025-08,38.9,0.141,False
PO003299,SUP0004,PRD0146,2026-07-31,527,600.98,USD,316716.46,open,"Johnson, Gonzalez and Santos",Mexico,76.5,FURN-Authority-146,Furniture,2026-08-07,paid,2026-09-18,2026-07,36.7,0.112,False
PO003300,SUP0012,PRD0057,2025-12-29,446,4.2,USD,1873.2,fulfilled,Stanley LLC,Japan,60.6,CHEM-Ask-57,Chemicals,2025-12-31,paid,2026-01-05,2025-12,7.7,0.059,False
PO003301,SUP0002,PRD0132,2025-06-20,400,7458.29,USD,2983316.0,fulfilled,Rhodes PLC,Germany,87.8,CHEM-Art-132,Chemicals,2025-07-03,paid,2025-08-13,2025-06,13.9,0.049,False
PO003302,SUP0014,PRD0056,2025-10-26,50,29.8,USD,1490.0,fulfilled,"Flowers, Martin and Kelly",United States,46.7,MACH-Billion-56,Machinery,2025-11-02,paid,2025-11-24,2025-10,17.3,0.029,False
PO003303,SUP0010,PRD0087,2024-09-25,383,1536.28,USD,588395.24,open,"Martinez, Nielsen and Miller",Egypt,43.6,MACH-Think-87,Machinery,2024-10-05,paid,2024-10-16,2024-09,,,
PO003304,SUP0027,PRD0049,2026-07-21,387,2835.99,USD,1097528.13,open,"Valencia, Smith and Le",Vietnam,70.4,AUTO-Manage-49,Automotive Parts,2026-07-24,paid,2026-08-18,2026-07,47.2,0.1,False
PO003305,SUP0012,PRD0037,2025-10-20,382,3.45,USD,1317.9,fulfilled,Stanley LLC,Japan,60.6,CHEM-Still-37,Chemicals,2025-10-25,paid,2025-11-27,2025-10,16.9,0.047,False
PO003306,SUP0025,PRD0048,2026-04-21,514,421.23,USD,216512.22,fulfilled,Conner Group,Bangladesh,77.2,FOOD-Item-48,Food & Beverage,2026-05-01,overdue,,2026-04,61.8,0.169,False
PO003307,SUP0001,PRD0137,2025-03-04,962,6354.06,USD,6112605.72,fulfilled,"Rodriguez, Figueroa and Sanchez",South Korea,74.7,FOOD-Wide-137,Food & Beverage,2025-03-09,paid,2025-04-07,2025-03,23.3,0.07,False
PO003308,SUP0026,PRD0121,2026-07-22,153,2960.05,USD,452887.65,fulfilled,James-Ferrell,Egypt,85.3,ELEC-Clear-121,Electronics,2026-07-25,pending,,2026-07,50.7,0.201,False
PO003309,SUP0035,PRD0064,2025-05-09,189,22.87,USD,4322.43,fulfilled,Allen PLC,Brazil,54.5,AUTO-Energy-64,Automotive Parts,2025-05-20,paid,2025-06-18,2025-05,54.1,0.173,False
PO003310,SUP0005,PRD0038,2024-09-24,1079,2990.91,USD,3227191.89,fulfilled,Cole LLC,Mexico,58.0,ELEC-Material-38,Electronics,2024-10-06,paid,2024-11-16,2024-09,,,
PO003311,SUP0039,PRD0026,2025-01-02,106,402.72,USD,42688.32,open,"Campos, Vaughn and Marquez",South Korea,62.6,PACK-Mention-26,Packaging,2025-01-14,paid,2025-02-25,2025-01,20.5,0.094,False
PO003312,SUP0008,PRD0001,2025-05-24,751,1268.42,USD,952583.42,cancelled,Davis Inc,Pakistan,69.7,MACH-Down-1,Machinery,,,,2025-05,63.8,0.268,False
PO003313,SUP0031,PRD0023,2026-01-17,296,468.44,USD,138658.24,fulfilled,Harrell LLC,Brazil,87.2,MACH-Economy-23,Machinery,2026-01-26,overdue,,2026-01,56.3,0.178,False
PO003314,SUP0017,PRD0051,2025-01-15,697,198.3,USD,138215.1,fulfilled,"Hawkins, Cohen and Cameron",Nigeria,42.8,AUTO-Shoulder-51,Automotive Parts,2025-01-27,pending,,2025-01,71.1,0.232,False
PO003315,SUP0030,PRD0019,2026-08-18,46,832.89,USD,38312.94,fulfilled,Stanton-Gill,Indonesia,60.5,PACK-Trade-19,Packaging,2026-08-20,paid,2026-09-07,2026-08,46.8,0.199,False
PO003316,SUP0013,PRD0139,2026-05-15,557,554.98,USD,309123.86,fulfilled,Delacruz Group,Germany,77.3,FOOD-Nice-139,Food & Beverage,2026-05-28,pending,,2026-05,10.2,0.042,False
PO003317,SUP0010,PRD0081,2025-08-14,751,921.09,USD,691738.59,fulfilled,"Martinez, Nielsen and Miller",Egypt,43.6,PACK-Total-81,Packaging,2025-08-18,pending,,2025-08,53.1,0.132,False
PO003318,SUP0036,PRD0081,2024-10-07,81,294.01,USD,23814.81,open,Dennis Inc,South Korea,60.1,PACK-Total-81,Packaging,2024-10-17,overdue,,2024-10,23.2,0.052,False
PO003319,SUP0031,PRD0141,2024-12-31,170,2.32,USD,394.4,fulfilled,Harrell LLC,Brazil,87.2,CHEM-Art-141,Chemicals,2025-01-03,paid,2025-01-24,2024-12,52.0,0.188,False
PO003320,SUP0026,PRD0040,2024-10-06,702,2.8,USD,1965.6,fulfilled,James-Ferrell,Egypt,85.3,FURN-Investment-40,Furniture,2024-10-08,paid,2024-11-06,2024-10,55.1,0.243,False
PO003321,SUP0020,PRD0018,2025-11-06,54,2191.87,USD,118360.98,fulfilled,Lewis-Porter,Pakistan,59.2,FURN-Almost-18,Furniture,2025-11-09,paid,2025-12-08,2025-11,68.8,0.243,False
PO003322,SUP0025,PRD0010,2025-11-18,104,2621.69,USD,272655.76,fulfilled,Conner Group,Bangladesh,77.2,CHEM-Account-10,Chemicals,2025-11-25,paid,2025-12-23,2025-11,57.7,0.167,False
PO003323,SUP0029,PRD0137,2026-01-04,407,944.75,USD,384513.25,open,Chavez Ltd,Poland,66.3,FOOD-Wide-137,Food & Beverage,2026-01-09,paid,2026-01-22,2026-01,29.2,0.105,False
PO003324,SUP0033,PRD0019,2024-12-11,497,287.54,USD,142907.38,fulfilled,"Sellers, George and Burns",China,78.7,PACK-Trade-19,Packaging,2024-12-16,paid,2025-01-08,2024-12,25.5,0.091,False
PO003325,SUP0019,PRD0103,2026-04-25,90,78.58,USD,7072.2,fulfilled,Clark PLC,Germany,69.9,AUTO-Community-103,Automotive Parts,2026-05-01,paid,2026-05-24,2026-04,12.5,0.048,False
PO003326,SUP0035,PRD0141,2025-10-12,531,5.41,USD,2872.71,fulfilled,Allen PLC,Brazil,54.5,CHEM-Art-141,Chemicals,2025-10-14,paid,2025-10-23,2025-10,53.8,0.155,False
PO003327,SUP0033,PRD0035,2025-07-30,188,686.61,USD,129082.68,fulfilled,"Sellers, George and Burns",China,78.7,MACH-Material-35,Machinery,2025-08-09,paid,2025-09-02,2025-07,31.0,0.088,False
PO003328,SUP0038,PRD0042,2024-10-13,468,13.73,USD,6425.64,fulfilled,Rose-Obrien,South Africa,61.5,TEXT-Between-42,Textiles,2024-10-26,paid,2024-11-15,2024-10,58.5,0.16,False
PO003329,SUP0022,PRD0058,2025-12-31,464,2.31,USD,1071.84,fulfilled,Burgess-Patterson,Pakistan,79.0,AUTO-Interesting-58,Automotive Parts,2026-01-10,paid,2026-01-15,2025-12,64.8,0.254,False
PO003330,SUP0008,PRD0058,2026-08-22,332,39.41,USD,13084.12,fulfilled,Davis Inc,Pakistan,69.7,AUTO-Interesting-58,Automotive Parts,2026-08-27,paid,2026-09-21,2026-08,58.8,0.31,False
PO003331,SUP0002,PRD0001,2024-12-24,206,3.13,USD,644.78,open,Rhodes PLC,Germany,87.8,MACH-Down-1,Machinery,2025-01-05,paid,2025-01-20,2024-12,8.4,0.045,False
PO003332,SUP0036,PRD0066,2025-06-05,127,163.85,USD,20808.95,fulfilled,Dennis Inc,South Korea,60.1,TEXT-Customer-66,Textiles,2025-06-15,paid,2025-06-28,2025-06,16.2,0.07,False
PO003333,SUP0011,PRD0018,2024-12-28,206,3144.51,USD,647769.06,fulfilled,"Montgomery, Hensley and Ray",Indonesia,56.0,FURN-Almost-18,Furniture,2025-01-07,paid,2025-02-09,2024-12,38.7,0.122,False
PO003334,SUP0032,PRD0132,2025-06-06,183,108.96,USD,19939.68,fulfilled,"Lynch, Hernandez and Farmer",Vietnam,57.2,CHEM-Art-132,Chemicals,2025-06-20,paid,2025-07-19,2025-06,38.4,0.093,False
PO003335,SUP0013,PRD0031,2024-10-13,202,49.54,USD,10007.08,fulfilled,Delacruz Group,Germany,77.3,FOOD-Worry-31,Food & Beverage,2024-10-15,paid,2024-10-27,2024-10,16.9,0.031,False
PO003336,SUP0030,PRD0007,2025-09-29,106,3.03,USD,321.18,fulfilled,Stanton-Gill,Indonesia,60.5,TEXT-Drug-7,Textiles,2025-10-01,paid,2025-11-13,2025-09,45.1,0.109,False
PO003337,SUP0014,PRD0112,2026-01-07,182,163.5,USD,29757.0,open,"Flowers, Martin and Kelly",United States,46.7,FURN-Feeling-112,Furniture,2026-01-17,paid,2026-02-04,2026-01,15.7,0.029,False
PO003338,SUP0038,PRD0141,2025-06-21,307,308.44,USD,94691.08,fulfilled,Rose-Obrien,South Africa,61.5,CHEM-Art-141,Chemicals,2025-06-24,paid,2025-07-15,2025-06,52.2,0.169,False
PO003339,SUP0030,PRD0070,2026-04-21,297,1443.85,USD,428823.45,fulfilled,Stanton-Gill,Indonesia,60.5,PACK-Knowledge-70,Packaging,2026-04-29,paid,2026-06-01,2026-04,43.4,0.117,False
PO003340,SUP0007,PRD0094,2025-08-03,596,3.21,USD,1913.16,fulfilled,Ramirez-Lewis,South Korea,49.8,MACH-Compare-94,Machinery,2025-08-07,paid,2025-09-04,2025-08,28.7,0.076,False
PO003341,SUP0001,PRD0066,2025-03-11,126,123.49,USD,15559.74,fulfilled,"Rodriguez, Figueroa and Sanchez",South Korea,74.7,TEXT-Customer-66,Textiles,2025-03-14,paid,2025-04-24,2025-03,23.3,0.07,False
PO003342,SUP0005,PRD0070,2025-12-06,238,196.01,USD,46650.38,fulfilled,Cole LLC,Mexico,58.0,PACK-Knowledge-70,Packaging,2025-12-09,paid,2026-01-22,2025-12,39.8,0.113,False
PO003343,SUP0035,PRD0114,2025-03-07,893,21.49,USD,19190.57,cancelled,Allen PLC,Brazil,54.5,FOOD-Same-114,Food & Beverage,,,,2025-03,54.9,0.137,False
PO003344,SUP0025,PRD0122,2024-11-25,107,472.06,USD,50510.42,fulfilled,Conner Group,Bangladesh,77.2,CHEM-Customer-122,Chemicals,2024-12-04,paid,2025-01-12,2024-11,58.4,0.152,False
PO003345,SUP0034,PRD0103,2025-05-23,469,2.31,USD,1083.39,fulfilled,Koch-Decker,India,69.9,AUTO-Community-103,Automotive Parts,2025-05-31,paid,2025-06-29,2025-05,48.1,0.128,False
PO003346,SUP0016,PRD0114,2025-11-27,152,182.75,USD,27778.0,fulfilled,"Sanchez, Ford and Nelson",Mexico,67.6,FOOD-Same-114,Food & Beverage,2025-12-07,pending,,2025-11,37.2,0.164,False
PO003347,SUP0036,PRD0137,2025-08-08,303,182.27,USD,55227.81,fulfilled,Dennis Inc,South Korea,60.1,FOOD-Wide-137,Food & Beverage,2025-08-09,pending,,2025-08,23.0,0.072,False
PO003348,SUP0013,PRD0137,2026-06-12,169,2.31,USD,390.39,fulfilled,Delacruz Group,Germany,77.3,FOOD-Wide-137,Food & Beverage,2026-06-17,overdue,,2026-06,7.3,0.038,False
PO003349,SUP0003,PRD0043,2025-06-12,136,146.28,USD,19894.08,open,Johnson-Davis,Vietnam,88.7,CHEM-Bill-43,Chemicals,2025-06-13,paid,2025-07-03,2025-06,43.1,0.095,False
PO003350,SUP0030,PRD0082,2024-09-10,233,1003.94,USD,233918.02,fulfilled,Stanton-Gill,Indonesia,60.5,AUTO-Oil-82,Automotive Parts,2024-09-16,paid,2024-10-04,2024-09,,,
PO003351,SUP0019,PRD0071,2024-11-19,290,386.17,USD,111989.3,fulfilled,Clark PLC,Germany,69.9,ELEC-Cover-71,Electronics,2024-11-23,paid,2024-12-30,2024-11,16.4,0.037,False
PO003352,SUP0039,PRD0117,2025-06-09,438,742.74,USD,325320.12,fulfilled,"Campos, Vaughn and Marquez",South Korea,62.6,CHEM-Only-117,Chemicals,2025-06-14,paid,2025-07-04,2025-06,18.9,0.093,False
PO003353,SUP0005,PRD0078,2025-04-15,61,24.84,USD,1515.24,fulfilled,Cole LLC,Mexico,58.0,AUTO-Level-78,Automotive Parts,2025-04-23,paid,2025-05-31,2025-04,38.1,0.128,False
PO003354,SUP0036,PRD0069,2024-09-24,288,1691.66,USD,487198.08,fulfilled,Dennis Inc,South Korea,60.1,FOOD-Challenge-69,Food & Beverage,2024-09-30,paid,2024-11-02,2024-09,,,
PO003355,SUP0035,PRD0115,2025-04-29,50,160.51,USD,8025.5,fulfilled,Allen PLC,Brazil,54.5,FOOD-Side-115,Food & Beverage,2025-05-13,paid,2025-05-18,2025-04,50.9,0.162,False
PO003356,SUP0030,PRD0091,2026-01-06,212,7.75,USD,1643.0,open,Stanton-Gill,Indonesia,60.5,FOOD-Some-91,Food & Beverage,2026-01-14,paid,2026-01-24,2026-01,43.7,0.163,False
PO003357,SUP0035,PRD0036,2026-06-20,836,221.19,USD,184914.84,cancelled,Allen PLC,Brazil,54.5,ELEC-Eight-36,Electronics,,,,2026-06,57.0,0.161,False
PO003358,SUP0012,PRD0150,2024-12-19,661,1037.36,USD,685694.96,fulfilled,Stanley LLC,Japan,60.6,TEXT-Training-150,Textiles,2024-12-26,pending,,2024-12,20.0,0.052,False
PO003359,SUP0014,PRD0150,2025-05-11,547,1836.48,USD,1004554.56,fulfilled,"Flowers, Martin and Kelly",United States,46.7,TEXT-Training-150,Textiles,2025-05-21,paid,2025-07-04,2025-05,8.8,0.035,False
PO003360,SUP0019,PRD0062,2026-03-31,479,20.13,USD,9642.27,open,Clark PLC,Germany,69.9,TEXT-Training-62,Textiles,2026-04-12,overdue,,2026-03,18.2,0.041,False
PO003361,SUP0006,PRD0020,2026-04-15,392,478.69,USD,187646.48,fulfilled,Blake and Sons,China,58.0,FOOD-Give-20,Food & Beverage,2026-04-22,paid,2026-05-08,2026-04,27.5,0.096,False
PO003362,SUP0036,PRD0128,2025-10-02,330,65.71,USD,21684.3,open,Dennis Inc,South Korea,60.1,TEXT-Occur-128,Textiles,2025-10-08,paid,2025-11-06,2025-10,21.9,0.062,False
PO003363,SUP0027,PRD0078,2025-11-26,232,522.02,USD,121108.64,fulfilled,"Valencia, Smith and Le",Vietnam,70.4,AUTO-Level-78,Automotive Parts,2025-12-03,paid,2025-12-20,2025-11,42.7,0.13,False
PO003364,SUP0032,PRD0054,2025-05-26,31,2.31,USD,71.61,fulfilled,"Lynch, Hernandez and Farmer",Vietnam,57.2,FURN-Ready-54,Furniture,2025-06-01,paid,2025-06-27,2025-05,39.3,0.123,False
PO003365,SUP0040,PRD0148,2025-03-28,200,1568.98,USD,313796.0,fulfilled,"Santos, Kim and Holmes",Turkey,71.1,FOOD-Author-148,Food & Beverage,2025-04-06,paid,2025-04-13,2025-03,58.0,0.235,False
PO003366,SUP0030,PRD0068,2024-10-06,915,2674.88,USD,2447515.2,fulfilled,Stanton-Gill,Indonesia,60.5,FURN-List-68,Furniture,2024-10-09,pending,,2024-10,45.8,0.054,False
PO003367,SUP0026,PRD0075,2025-01-06,58,482.5,USD,27985.0,fulfilled,James-Ferrell,Egypt,85.3,TEXT-Two-75,Textiles,2025-01-13,paid,2025-02-13,2025-01,61.6,0.192,False
PO003368,SUP0030,PRD0141,2025-09-01,76,30.97,USD,2353.72,fulfilled,Stanton-Gill,Indonesia,60.5,CHEM-Art-141,Chemicals,2025-09-12,paid,2025-09-27,2025-09,45.1,0.109,False
PO003369,SUP0022,PRD0075,2024-10-03,355,113.73,USD,40374.15,fulfilled,Burgess-Patterson,Pakistan,79.0,TEXT-Two-75,Textiles,2024-10-09,paid,2024-10-20,2024-10,63.4,0.24,False
PO003370,SUP0030,PRD0003,2025-10-21,539,460.78,USD,248360.42,fulfilled,Stanton-Gill,Indonesia,60.5,ELEC-Ground-3,Electronics,2025-10-25,paid,2025-11-03,2025-10,41.1,0.128,False
PO003371,SUP0039,PRD0109,2025-02-22,292,285.46,USD,83354.32,fulfilled,"Campos, Vaughn and Marquez",South Korea,62.6,CHEM-Step-109,Chemicals,2025-03-05,paid,2025-04-10,2025-02,24.5,0.084,False
PO003372,SUP0009,PRD0049,2025-10-03,208,65.07,USD,13534.56,fulfilled,Munoz-Roman,United States,66.0,AUTO-Manage-49,Automotive Parts,2025-10-12,paid,2025-11-19,2025-10,11.7,0.021,False
PO003373,SUP0017,PRD0004,2025-01-28,258,3502.3,USD,903593.4,fulfilled,"Hawkins, Cohen and Cameron",Nigeria,42.8,FOOD-Against-4,Food & Beverage,2025-02-06,paid,2025-03-02,2025-01,71.1,0.232,False
PO003374,SUP0034,PRD0020,2025-05-14,30,157.13,USD,4713.9,fulfilled,Koch-Decker,India,69.9,FOOD-Give-20,Food & Beverage,2025-05-22,paid,2025-06-29,2025-05,48.1,0.128,False
PO003375,SUP0031,PRD0076,2025-11-08,287,608.12,USD,174530.44,fulfilled,Harrell LLC,Brazil,87.2,PACK-Wind-76,Packaging,2025-11-11,paid,2025-12-06,2025-11,52.5,0.164,False
PO003376,SUP0035,PRD0053,2025-07-30,489,2.31,USD,1129.59,fulfilled,Allen PLC,Brazil,54.5,PACK-Report-53,Packaging,2025-07-31,pending,,2025-07,58.2,0.161,False
PO003377,SUP0030,PRD0040,2025-04-24,411,399.42,USD,164161.62,fulfilled,Stanton-Gill,Indonesia,60.5,FURN-Investment-40,Furniture,2025-05-06,paid,2025-06-04,2025-04,40.8,0.151,False
PO003378,SUP0007,PRD0076,2026-01-08,81,2.31,USD,187.11,fulfilled,Ramirez-Lewis,South Korea,49.8,PACK-Wind-76,Packaging,2026-01-15,paid,2026-01-29,2026-01,14.9,0.1,False
PO003379,SUP0009,PRD0040,2026-02-28,110,16.51,USD,1816.1,fulfilled,Munoz-Roman,United States,66.0,FURN-Investment-40,Furniture,2026-03-10,paid,2026-03-24,2026-02,19.2,0.032,False
PO003380,SUP0039,PRD0041,2025-10-09,538,765.57,USD,411876.66,fulfilled,"Campos, Vaughn and Marquez",South Korea,62.6,PACK-Customer-41,Packaging,2025-10-20,paid,2025-11-23,2025-10,21.2,0.085,False
PO003381,SUP0040,PRD0048,2026-01-11,619,82.13,USD,50838.47,fulfilled,"Santos, Kim and Holmes",Turkey,71.1,FOOD-Item-48,Food & Beverage,2026-01-22,paid,2026-01-27,2026-01,52.2,0.219,False
PO003382,SUP0034,PRD0142,2025-09-25,780,117.45,USD,91611.0,fulfilled,Koch-Decker,India,69.9,TEXT-Movie-142,Textiles,2025-09-26,paid,2025-11-03,2025-09,36.3,0.088,False
PO003383,SUP0039,PRD0102,2025-11-05,536,235.42,USD,126185.12,fulfilled,"Campos, Vaughn and Marquez",South Korea,62.6,TEXT-Artist-102,Textiles,2025-11-11,paid,2025-11-16,2025-11,22.6,0.072,False
PO003384,SUP0006,PRD0074,2024-09-10,42,278.81,USD,11710.02,fulfilled,Blake and Sons,China,58.0,MACH-Enjoy-74,Machinery,2024-09-19,overdue,,2024-09,,,
PO003385,SUP0030,PRD0112,2025-05-23,119,9.61,USD,1143.59,open,Stanton-Gill,Indonesia,60.5,FURN-Feeling-112,Furniture,2025-06-06,pending,,2025-05,44.2,0.119,False
PO003386,SUP0023,PRD0103,2026-03-17,238,3664.89,USD,872243.82,fulfilled,Robinson-Bright,Indonesia,70.0,AUTO-Community-103,Automotive Parts,2026-03-18,pending,,2026-03,41.8,0.145,False
PO003387,SUP0019,PRD0118,2025-02-16,650,2302.39,USD,1496553.5,fulfilled,Clark PLC,Germany,69.9,CHEM-Recently-118,Chemicals,2025-03-01,paid,2025-03-16,2025-02,14.6,0.049,False
PO003388,SUP0040,PRD0065,2025-06-26,229,1834.76,USD,420160.04,open,"Santos, Kim and Holmes",Turkey,71.1,FURN-Dark-65,Furniture,2025-07-02,paid,2025-07-20,2025-06,60.7,0.298,False
PO003389,SUP0025,PRD0109,2025-01-11,379,1570.22,USD,595113.38,fulfilled,Conner Group,Bangladesh,77.2,CHEM-Step-109,Chemicals,2025-01-19,paid,2025-02-23,2025-01,62.4,0.132,False
PO003390,SUP0035,PRD0045,2025-02-25,247,42.19,USD,10420.93,cancelled,Allen PLC,Brazil,54.5,CHEM-Lawyer-45,Chemicals,,,,2025-02,54.5,0.176,False
PO003391,SUP0040,PRD0077,2024-10-15,202,2976.11,USD,601174.22,cancelled,"Santos, Kim and Holmes",Turkey,71.1,FURN-Bag-77,Furniture,,,,2024-10,53.2,0.237,False
PO003392,SUP0025,PRD0071,2025-06-27,312,268.21,USD,83681.52,fulfilled,Conner Group,Bangladesh,77.2,ELEC-Cover-71,Electronics,2025-07-02,paid,2025-07-20,2025-06,55.2,0.11,False
PO003393,SUP0007,PRD0133,2025-08-23,826,176.19,USD,145532.94,fulfilled,Ramirez-Lewis,South Korea,49.8,PACK-Apply-133,Packaging,2025-08-27,paid,2025-09-28,2025-08,28.7,0.076,False
PO003394,SUP0037,PRD0141,2026-03-22,512,612.51,USD,313605.12,open,"Cannon, Anderson and Alvarez",United States,65.1,CHEM-Art-141,Chemicals,2026-03-26,overdue,,2026-03,13.9,0.03,False
PO003395,SUP0011,PRD0122,2025-05-16,289,5.97,USD,1725.33,fulfilled,"Montgomery, Hensley and Ray",Indonesia,56.0,CHEM-Customer-122,Chemicals,2025-05-28,paid,2025-06-23,2025-05,47.0,0.137,False
PO003396,SUP0002,PRD0049,2026-03-02,43,133.0,USD,5719.0,fulfilled,Rhodes PLC,Germany,87.8,AUTO-Manage-49,Automotive Parts,2026-03-08,paid,2026-03-18,2026-03,14.7,0.046,False
PO003397,SUP0021,PRD0102,2026-04-10,83,249.65,USD,20720.95,fulfilled,"Ellis, Baker and Wright",India,80.5,TEXT-Artist-102,Textiles,2026-04-17,paid,2026-05-02,2026-04,39.7,0.087,False
PO003398,SUP0009,PRD0023,2025-08-10,457,263.76,USD,120538.32,fulfilled,Munoz-Roman,United States,66.0,MACH-Economy-23,Machinery,2025-08-11,paid,2025-08-28,2025-08,11.7,0.027,False
PO003399,SUP0002,PRD0057,2024-12-04,225,3865.64,USD,869769.0,fulfilled,Rhodes PLC,Germany,87.8,CHEM-Ask-57,Chemicals,2024-12-13,paid,2025-01-22,2024-12,8.4,0.045,False
PO003400,SUP0040,PRD0147,2025-07-12,126,916.44,USD,115471.44,fulfilled,"Santos, Kim and Holmes",Turkey,71.1,FURN-Physical-147,Furniture,2025-07-18,paid,2025-08-09,2025-07,61.6,0.237,False
PO003401,SUP0039,PRD0027,2026-06-08,163,153.34,USD,24994.42,fulfilled,"Campos, Vaughn and Marquez",South Korea,62.6,TEXT-Difficult-27,Textiles,2026-06-18,paid,2026-07-17,2026-06,25.2,0.055,False
PO003402,SUP0015,PRD0045,2025-01-10,179,728.61,USD,130421.19,fulfilled,"Zuniga, Wong and Lynch",India,76.1,CHEM-Lawyer-45,Chemicals,2025-01-11,paid,2025-01-23,2025-01,31.9,0.11,False
PO003403,SUP0025,PRD0078,2025-05-21,127,2057.53,USD,261306.31,fulfilled,Conner Group,Bangladesh,77.2,AUTO-Level-78,Automotive Parts,2025-06-03,paid,2025-07-10,2025-05,60.0,0.182,False
PO003404,SUP0023,PRD0132,2025-08-04,186,1346.85,USD,250514.1,fulfilled,Robinson-Bright,Indonesia,70.0,CHEM-Art-132,Chemicals,2025-08-05,pending,,2025-08,42.7,0.186,False
PO003405,SUP0002,PRD0091,2024-09-04,73,732.26,USD,53454.98,fulfilled,Rhodes PLC,Germany,87.8,FOOD-Some-91,Food & Beverage,2024-09-11,paid,2024-09-26,2024-09,,,
PO003406,SUP0032,PRD0064,2025-06-27,185,595.74,USD,110211.9,fulfilled,"Lynch, Hernandez and Farmer",Vietnam,57.2,AUTO-Energy-64,Automotive Parts,2025-06-30,paid,2025-08-05,2025-06,38.4,0.093,False
PO003407,SUP0018,PRD0114,2026-03-16,856,674.38,USD,577269.28,fulfilled,Underwood LLC,Philippines,54.2,FOOD-Same-114,Food & Beverage,2026-03-22,pending,,2026-03,38.1,0.171,False
PO003408,SUP0004,PRD0094,2024-10-25,321,38.21,USD,12265.41,fulfilled,"Johnson, Gonzalez and Santos",Mexico,76.5,MACH-Compare-94,Machinery,2024-10-27,paid,2024-12-05,2024-10,42.4,0.12,False
PO003409,SUP0034,PRD0010,2026-04-10,596,336.35,USD,200464.6,fulfilled,Koch-Decker,India,69.9,CHEM-Account-10,Chemicals,2026-04-16,pending,,2026-04,31.2,0.068,True
PO003410,SUP0006,PRD0066,2026-08-28,462,2.48,USD,1145.76,open,Blake and Sons,China,58.0,TEXT-Customer-66,Textiles,2026-09-06,paid,2026-09-26,2026-08,29.7,0.069,False
PO003411,SUP0039,PRD0057,2025-12-05,432,171.04,USD,73889.28,fulfilled,"Campos, Vaughn and Marquez",South Korea,62.6,CHEM-Ask-57,Chemicals,2025-12-09,pending,,2025-12,17.1,0.061,False
PO003412,SUP0028,PRD0091,2026-04-05,179,92.26,USD,16514.54,fulfilled,"Potter, Mack and Peterson",Germany,88.1,FOOD-Some-91,Food & Beverage,2026-04-07,overdue,,2026-04,14.0,0.027,False
PO003413,SUP0040,PRD0095,2026-05-16,95,19.25,USD,1828.75,fulfilled,"Santos, Kim and Holmes",Turkey,71.1,PACK-Investment-95,Packaging,2026-05-30,pending,,2026-05,62.6,0.151,False
PO003414,SUP0030,PRD0125,2025-06-15,367,251.46,USD,92285.82,open,Stanton-Gill,Indonesia,60.5,TEXT-Article-125,Textiles,2025-06-16,paid,2025-06-28,2025-06,45.6,0.136,False
PO003415,SUP0002,PRD0019,2025-10-11,50,444.64,USD,22232.0,fulfilled,Rhodes PLC,Germany,87.8,PACK-Trade-19,Packaging,2025-10-16,overdue,,2025-10,7.2,0.034,False
PO003416,SUP0040,PRD0075,2025-02-27,192,985.33,USD,189183.36,cancelled,"Santos, Kim and Holmes",Turkey,71.1,TEXT-Two-75,Textiles,,,,2025-02,60.3,0.164,False
PO003417,SUP0032,PRD0106,2024-12-07,536,2018.29,USD,1081803.44,fulfilled,"Lynch, Hernandez and Farmer",Vietnam,57.2,AUTO-In-106,Automotive Parts,2024-12-21,paid,2025-01-09,2024-12,40.4,0.085,False
PO003418,SUP0021,PRD0060,2025-08-08,450,32.52,USD,14634.0,fulfilled,"Ellis, Baker and Wright",India,80.5,TEXT-Group-60,Textiles,2025-08-18,paid,2025-09-19,2025-08,38.9,0.141,False
PO003419,SUP0019,PRD0142,2025-10-28,769,254.61,USD,195795.09,cancelled,Clark PLC,Germany,69.9,TEXT-Movie-142,Textiles,,,,2025-10,7.6,0.055,False
PO003420,SUP0036,PRD0097,2026-03-02,102,167.68,USD,17103.36,fulfilled,Dennis Inc,South Korea,60.1,ELEC-Medical-97,Electronics,2026-03-06,overdue,,2026-03,22.8,0.042,False
PO003421,SUP0028,PRD0091,2025-10-01,65,523.64,USD,34036.6,fulfilled,"Potter, Mack and Peterson",Germany,88.1,FOOD-Some-91,Food & Beverage,2025-10-10,paid,2025-10-26,2025-10,14.8,0.032,False
PO003422,SUP0012,PRD0035,2024-10-03,153,125.46,USD,19195.38,cancelled,Stanley LLC,Japan,60.6,MACH-Material-35,Machinery,,,,2024-10,15.5,0.052,False
PO003423,SUP0039,PRD0147,2025-08-25,28,135.24,USD,3786.72,fulfilled,"Campos, Vaughn and Marquez",South Korea,62.6,FURN-Physical-147,Furniture,2025-09-01,paid,2025-09-16,2025-08,18.0,0.075,False
PO003424,SUP0024,PRD0091,2024-12-31,93,1741.0,USD,161913.0,fulfilled,Campos Inc,Mexico,79.6,FOOD-Some-91,Food & Beverage,2025-01-01,pending,,2024-12,41.5,0.1,False
PO003425,SUP0027,PRD0048,2026-03-04,195,2021.01,USD,394096.95,fulfilled,"Valencia, Smith and Le",Vietnam,70.4,FOOD-Item-48,Food & Beverage,2026-03-17,pending,,2026-03,43.7,0.122,False
PO003426,SUP0034,PRD0083,2025-10-28,317,41.71,USD,13222.07,fulfilled,Koch-Decker,India,69.9,TEXT-Billion-83,Textiles,2025-11-06,pending,,2025-10,32.9,0.098,False
PO003427,SUP0007,PRD0150,2024-10-08,30,28.08,USD,842.4,fulfilled,Ramirez-Lewis,South Korea,49.8,TEXT-Training-150,Textiles,2024-10-19,paid,2024-10-26,2024-10,23.4,0.074,False
PO003428,SUP0016,PRD0110,2024-09-16,117,2.39,USD,279.63,fulfilled,"Sanchez, Ford and Nelson",Mexico,67.6,CHEM-Still-110,Chemicals,2024-09-29,pending,,2024-09,,,
PO003429,SUP0014,PRD0017,2025-11-10,41,39.56,USD,1621.96,fulfilled,"Flowers, Martin and Kelly",United States,46.7,TEXT-Western-17,Textiles,2025-11-16,overdue,,2025-11,9.4,0.029,False
PO003430,SUP0021,PRD0111,2025-02-20,314,80.77,USD,25361.78,fulfilled,"Ellis, Baker and Wright",India,80.5,PACK-Look-111,Packaging,2025-02-22,paid,2025-03-31,2025-02,43.3,0.085,False
PO003431,SUP0030,PRD0093,2026-08-29,404,33.27,USD,13441.08,fulfilled,Stanton-Gill,Indonesia,60.5,TEXT-Economic-93,Textiles,2026-08-30,paid,2026-09-12,2026-08,46.8,0.199,False
PO003432,SUP0030,PRD0128,2025-05-25,71,11.55,USD,820.05,fulfilled,Stanton-Gill,Indonesia,60.5,TEXT-Occur-128,Textiles,2025-05-29,paid,2025-06-15,2025-05,44.2,0.119,False
PO003433,SUP0010,PRD0079,2025-03-27,110,764.28,USD,84070.8,fulfilled,"Martinez, Nielsen and Miller",Egypt,43.6,FOOD-System-79,Food & Beverage,2025-04-02,paid,2025-05-02,2025-03,58.9,0.129,False
PO003434,SUP0010,PRD0064,2026-06-09,401,1650.83,USD,661982.83,open,"Martinez, Nielsen and Miller",Egypt,43.6,AUTO-Energy-64,Automotive Parts,2026-06-10,paid,2026-06-28,2026-06,60.8,0.185,False
PO003435,SUP0005,PRD0119,2026-06-01,282,925.96,USD,261120.72,fulfilled,Cole LLC,Mexico,58.0,TEXT-Serious-119,Textiles,2026-06-14,paid,2026-06-22,2026-06,40.7,0.128,False
PO003436,SUP0021,PRD0141,2026-04-25,53,517.17,USD,27410.01,fulfilled,"Ellis, Baker and Wright",India,80.5,CHEM-Art-141,Chemicals,2026-04-30,overdue,,2026-04,39.7,0.087,False
PO003437,SUP0011,PRD0104,2025-11-06,199,50.1,USD,9969.9,open,"Montgomery, Hensley and Ray",Indonesia,56.0,AUTO-Hundred-104,Automotive Parts,2025-11-17,paid,2025-12-20,2025-11,38.5,0.105,False
PO003438,SUP0017,PRD0104,2024-09-28,57,2.31,USD,131.67,open,"Hawkins, Cohen and Cameron",Nigeria,42.8,AUTO-Hundred-104,Automotive Parts,2024-10-05,paid,2024-10-25,2024-09,,,
PO003439,SUP0039,PRD0074,2024-12-26,269,33.43,USD,8992.67,fulfilled,"Campos, Vaughn and Marquez",South Korea,62.6,MACH-Enjoy-74,Machinery,2025-01-04,paid,2025-01-10,2024-12,22.2,0.063,False
PO003440,SUP0010,PRD0090,2025-01-20,199,34.49,USD,6863.51,fulfilled,"Martinez, Nielsen and Miller",Egypt,43.6,MACH-With-90,Machinery,2025-01-25,pending,,2025-01,51.8,0.183,False
PO003441,SUP0008,PRD0043,2025-11-21,794,1702.3,USD,1351626.2,fulfilled,Davis Inc,Pakistan,69.7,CHEM-Bill-43,Chemicals,2025-11-26,paid,2025-12-08,2025-11,68.2,0.133,False
PO003442,SUP0038,PRD0042,2025-04-10,873,555.56,USD,485003.88,fulfilled,Rose-Obrien,South Africa,61.5,TEXT-Between-42,Textiles,2025-04-21,paid,2025-04-28,2025-04,58.9,0.123,False
PO003443,SUP0001,PRD0095,2025-09-13,276,2416.09,USD,666840.84,open,"Rodriguez, Figueroa and Sanchez",South Korea,74.7,PACK-Investment-95,Packaging,2025-09-22,pending,,2025-09,18.8,0.059,False
PO003444,SUP0010,PRD0014,2025-03-14,222,919.09,USD,204037.98,fulfilled,"Martinez, Nielsen and Miller",Egypt,43.6,PACK-Artist-14,Packaging,2025-03-22,paid,2025-04-06,2025-03,58.9,0.129,False
PO003445,SUP0021,PRD0096,2024-09-16,339,2.32,USD,786.48,open,"Ellis, Baker and Wright",India,80.5,CHEM-Mention-96,Chemicals,2024-09-23,paid,2024-10-19,2024-09,,,
PO003446,SUP0009,PRD0034,2026-03-26,256,112.64,USD,28835.84,fulfilled,Munoz-Roman,United States,66.0,CHEM-Part-34,Chemicals,2026-04-02,paid,2026-05-06,2026-03,18.9,0.021,False
PO003447,SUP0036,PRD0056,2026-06-23,482,55.62,USD,26808.84,fulfilled,Dennis Inc,South Korea,60.1,MACH-Billion-56,Machinery,2026-07-01,paid,2026-08-11,2026-06,17.0,0.053,False
PO003448,SUP0031,PRD0032,2026-05-29,702,302.19,USD,212137.38,open,Harrell LLC,Brazil,87.2,FURN-Us-32,Furniture,2026-06-11,pending,,2026-05,54.7,0.138,False
PO003449,SUP0004,PRD0019,2026-06-28,666,945.15,USD,629469.9,fulfilled,"Johnson, Gonzalez and Santos",Mexico,76.5,PACK-Trade-19,Packaging,2026-06-30,pending,,2026-06,35.6,0.151,False
PO003450,SUP0030,PRD0020,2025-10-04,361,79.76,USD,28793.36,open,Stanton-Gill,Indonesia,60.5,FOOD-Give-20,Food & Beverage,2025-10-06,paid,2025-10-17,2025-10,41.1,0.128,False
PO003451,SUP0003,PRD0100,2025-07-03,510,340.89,USD,173853.9,fulfilled,Johnson-Davis,Vietnam,88.7,TEXT-Institution-100,Textiles,2025-07-11,paid,2025-07-21,2025-07,50.9,0.077,False
PO003452,SUP0006,PRD0130,2026-03-20,68,117.8,USD,8010.4,fulfilled,Blake and Sons,China,58.0,MACH-Small-130,Machinery,2026-03-26,paid,2026-04-12,2026-03,27.3,0.072,False
PO003453,SUP0015,PRD0064,2026-07-25,92,121.72,USD,11198.24,fulfilled,"Zuniga, Wong and Lynch",India,76.1,AUTO-Energy-64,Automotive Parts,2026-08-01,pending,,2026-07,37.4,0.085,False
PO003454,SUP0026,PRD0079,2024-10-30,261,1574.07,USD,410832.27,fulfilled,James-Ferrell,Egypt,85.3,FOOD-System-79,Food & Beverage,2024-11-13,paid,2024-12-24,2024-10,55.1,0.243,False
PO003455,SUP0028,PRD0058,2024-10-26,150,956.16,USD,143424.0,fulfilled,"Potter, Mack and Peterson",Germany,88.1,AUTO-Interesting-58,Automotive Parts,2024-10-31,paid,2024-12-04,2024-10,18.0,0.039,False
PO003456,SUP0012,PRD0007,2025-12-27,91,188.03,USD,17110.73,fulfilled,Stanley LLC,Japan,60.6,TEXT-Drug-7,Textiles,2025-12-31,paid,2026-01-20,2025-12,7.7,0.059,False
PO003457,SUP0009,PRD0025,2026-02-17,80,29.04,USD,2323.2,fulfilled,Munoz-Roman,United States,66.0,CHEM-Relationship-25,Chemicals,2026-02-19,paid,2026-04-02,2026-02,19.2,0.032,False
PO003458,SUP0026,PRD0056,2025-01-29,97,3166.19,USD,307120.43,fulfilled,James-Ferrell,Egypt,85.3,MACH-Billion-56,Machinery,2025-02-08,pending,,2025-01,61.6,0.192,False
PO003459,SUP0019,PRD0104,2025-05-06,550,72.02,USD,39611.0,fulfilled,Clark PLC,Germany,69.9,AUTO-Hundred-104,Automotive Parts,2025-05-15,pending,,2025-05,10.9,0.032,False
PO003460,SUP0039,PRD0091,2025-02-08,466,26.94,USD,12554.04,cancelled,"Campos, Vaughn and Marquez",South Korea,62.6,FOOD-Some-91,Food & Beverage,,,,2025-02,24.5,0.084,False
PO003461,SUP0023,PRD0048,2024-09-04,685,27.71,USD,18981.35,open,Robinson-Bright,Indonesia,70.0,FOOD-Item-48,Food & Beverage,2024-09-14,overdue,,2024-09,,,
PO003462,SUP0014,PRD0070,2025-01-03,193,47.07,USD,9084.51,fulfilled,"Flowers, Martin and Kelly",United States,46.7,PACK-Knowledge-70,Packaging,2025-01-12,paid,2025-02-06,2025-01,13.9,0.018,False
PO003463,SUP0009,PRD0035,2026-07-14,286,520.66,USD,148908.76,open,Munoz-Roman,United States,66.0,MACH-Material-35,Machinery,2026-07-17,pending,,2026-07,20.1,0.034,False
PO003464,SUP0014,PRD0109,2026-06-02,45,1210.47,USD,54471.15,fulfilled,"Flowers, Martin and Kelly",United States,46.7,CHEM-Step-109,Chemicals,2026-06-14,pending,,2026-06,13.5,0.033,False
PO003465,SUP0026,PRD0021,2025-06-24,175,528.36,USD,92463.0,cancelled,James-Ferrell,Egypt,85.3,MACH-Avoid-21,Machinery,,,,2025-06,53.2,0.177,False
PO003466,SUP0031,PRD0032,2024-12-02,87,2322.53,USD,202060.11,fulfilled,Harrell LLC,Brazil,87.2,FURN-Us-32,Furniture,2024-12-06,paid,2025-01-04,2024-12,52.0,0.188,False
PO003467,SUP0002,PRD0146,2025-06-05,237,771.87,USD,182933.19,fulfilled,Rhodes PLC,Germany,87.8,FURN-Authority-146,Furniture,2025-06-19,paid,2025-06-25,2025-06,13.9,0.049,False
PO003468,SUP0003,PRD0118,2025-12-09,92,3409.73,USD,313695.16,fulfilled,Johnson-Davis,Vietnam,88.7,CHEM-Recently-118,Chemicals,2025-12-11,pending,,2025-12,39.9,0.111,False
PO003469,SUP0002,PRD0066,2024-11-10,58,259.37,USD,15043.46,fulfilled,Rhodes PLC,Germany,87.8,TEXT-Customer-66,Textiles,2024-11-22,paid,2024-12-22,2024-11,12.8,0.034,False
PO003470,SUP0010,PRD0048,2025-06-01,723,688.44,USD,497742.12,fulfilled,"Martinez, Nielsen and Miller",Egypt,43.6,FOOD-Item-48,Food & Beverage,2025-06-06,paid,2025-07-16,2025-06,51.9,0.188,False
PO003471,SUP0003,PRD0122,2025-05-19,64,3.25,USD,208.0,fulfilled,Johnson-Davis,Vietnam,88.7,CHEM-Customer-122,Chemicals,2025-05-21,pending,,2025-05,46.1,0.135,False
PO003472,SUP0020,PRD0042,2026-05-14,146,2366.55,USD,345516.3,fulfilled,Lewis-Porter,Pakistan,59.2,TEXT-Between-42,Textiles,2026-05-15,pending,,2026-05,62.0,0.242,False
PO003473,SUP0017,PRD0019,2026-04-11,464,487.54,USD,226218.56,fulfilled,"Hawkins, Cohen and Cameron",Nigeria,42.8,PACK-Trade-19,Packaging,2026-04-12,paid,2026-05-13,2026-04,76.5,0.271,False
PO003474,SUP0026,PRD0091,2025-11-21,155,134.21,USD,20802.55,cancelled,James-Ferrell,Egypt,85.3,FOOD-Some-91,Food & Beverage,,,,2025-11,43.9,0.173,False
PO003475,SUP0026,PRD0133,2025-09-25,45,14.35,USD,645.75,fulfilled,James-Ferrell,Egypt,85.3,PACK-Apply-133,Packaging,2025-10-07,paid,2025-11-15,2025-09,52.8,0.21,False
PO003476,SUP0035,PRD0075,2025-06-19,263,80.54,USD,21182.02,fulfilled,Allen PLC,Brazil,54.5,TEXT-Two-75,Textiles,2025-06-20,paid,2025-07-02,2025-06,59.4,0.242,False
PO003477,SUP0030,PRD0018,2026-01-01,179,5451.99,USD,975906.21,fulfilled,Stanton-Gill,Indonesia,60.5,FURN-Almost-18,Furniture,2026-01-09,pending,,2026-01,43.7,0.163,False
PO003478,SUP0004,PRD0089,2025-05-30,226,454.54,USD,102726.04,fulfilled,"Johnson, Gonzalez and Santos",Mexico,76.5,ELEC-Better-89,Electronics,2025-06-01,paid,2025-06-09,2025-05,40.2,0.147,False
PO003479,SUP0037,PRD0057,2026-05-11,153,893.45,USD,136697.85,fulfilled,"Cannon, Anderson and Alvarez",United States,65.1,CHEM-Ask-57,Chemicals,2026-05-24,paid,2026-05-31,2026-05,13.4,0.028,False
PO003480,SUP0025,PRD0015,2024-09-13,67,94.7,USD,6344.9,open,Conner Group,Bangladesh,77.2,TEXT-Drop-15,Textiles,2024-09-23,paid,2024-10-06,2024-09,,,
PO003481,SUP0036,PRD0091,2025-07-01,444,46.72,USD,20743.68,fulfilled,Dennis Inc,South Korea,60.1,FOOD-Some-91,Food & Beverage,2025-07-06,pending,,2025-07,25.2,0.092,False
PO003482,SUP0026,PRD0150,2025-08-30,133,135.93,USD,18078.69,fulfilled,James-Ferrell,Egypt,85.3,TEXT-Training-150,Textiles,2025-09-01,paid,2025-09-30,2025-08,52.4,0.149,False
PO003483,SUP0030,PRD0122,2025-11-29,504,3.1,USD,1562.4,fulfilled,Stanton-Gill,Indonesia,60.5,CHEM-Customer-122,Chemicals,2025-12-01,paid,2025-12-06,2025-11,45.3,0.143,False
PO003484,SUP0022,PRD0005,2026-02-08,444,52.03,USD,23101.32,fulfilled,Burgess-Patterson,Pakistan,79.0,TEXT-Per-5,Textiles,2026-02-15,paid,2026-03-22,2026-02,66.6,0.204,False
PO003485,SUP0020,PRD0016,2026-07-02,618,2150.13,USD,1328780.34,fulfilled,Lewis-Porter,Pakistan,59.2,CHEM-Author-16,Chemicals,2026-07-16,paid,2026-08-14,2026-07,64.5,0.191,False
PO003486,SUP0008,PRD0068,2025-03-03,94,3.63,USD,341.22,fulfilled,Davis Inc,Pakistan,69.7,FURN-List-68,Furniture,2025-03-04,paid,2025-03-27,2025-03,70.6,0.187,False
PO003487,SUP0037,PRD0094,2026-04-24,404,2.87,USD,1159.48,fulfilled,"Cannon, Anderson and Alvarez",United States,65.1,MACH-Compare-94,Machinery,2026-05-05,pending,,2026-04,15.1,0.033,False
PO003488,SUP0030,PRD0064,2025-05-22,165,77.77,USD,12832.05,fulfilled,Stanton-Gill,Indonesia,60.5,AUTO-Energy-64,Automotive Parts,2025-06-02,pending,,2025-05,44.2,0.119,False
PO003489,SUP0007,PRD0038,2025-09-19,61,132.55,USD,8085.55,cancelled,Ramirez-Lewis,South Korea,49.8,ELEC-Material-38,Electronics,,,,2025-09,24.9,0.066,False
PO003490,SUP0010,PRD0064,2026-03-11,77,1740.64,USD,134029.28,fulfilled,"Martinez, Nielsen and Miller",Egypt,43.6,AUTO-Energy-64,Automotive Parts,2026-03-22,paid,2026-04-30,2026-03,53.6,0.158,False
PO003491,SUP0008,PRD0114,2025-01-31,299,2879.24,USD,860892.76,fulfilled,Davis Inc,Pakistan,69.7,FOOD-Same-114,Food & Beverage,2025-02-14,paid,2025-02-24,2025-01,61.9,0.24,False
PO003492,SUP0015,PRD0133,2026-04-29,300,1295.36,USD,388608.0,fulfilled,"Zuniga, Wong and Lynch",India,76.1,PACK-Apply-133,Packaging,2026-05-09,paid,2026-06-09,2026-04,37.4,0.087,False
PO003493,SUP0008,PRD0147,2026-08-01,120,2260.52,USD,271262.4,fulfilled,Davis Inc,Pakistan,69.7,FURN-Physical-147,Furniture,2026-08-11,paid,2026-08-19,2026-08,58.8,0.31,False
PO003494,SUP0036,PRD0038,2025-06-25,505,386.81,USD,195339.05,open,Dennis Inc,South Korea,60.1,ELEC-Material-38,Electronics,2025-07-05,paid,2025-07-25,2025-06,16.2,0.07,False
PO003495,SUP0032,PRD0078,2026-07-14,202,2.32,USD,468.64,fulfilled,"Lynch, Hernandez and Farmer",Vietnam,57.2,AUTO-Level-78,Automotive Parts,2026-07-28,paid,2026-09-09,2026-07,45.3,0.105,False
PO003496,SUP0027,PRD0001,2026-08-04,32,5.66,USD,181.12,fulfilled,"Valencia, Smith and Le",Vietnam,70.4,MACH-Down-1,Machinery,2026-08-13,pending,,2026-08,46.2,0.094,False
PO003497,SUP0027,PRD0077,2024-12-30,478,737.5,USD,352525.0,fulfilled,"Valencia, Smith and Le",Vietnam,70.4,FURN-Bag-77,Furniture,2025-01-02,pending,,2024-12,40.9,0.076,False
PO003498,SUP0015,PRD0007,2025-03-31,466,1654.78,USD,771127.48,fulfilled,"Zuniga, Wong and Lynch",India,76.1,TEXT-Drug-7,Textiles,2025-04-09,overdue,,2025-03,34.2,0.099,False
PO003499,SUP0019,PRD0074,2026-02-13,93,833.59,USD,77523.87,fulfilled,Clark PLC,Germany,69.9,MACH-Enjoy-74,Machinery,2026-02-22,paid,2026-03-04,2026-02,11.1,0.05,False
PO003500,SUP0020,PRD0014,2024-11-12,415,133.28,USD,55311.2,open,Lewis-Porter,Pakistan,59.2,PACK-Artist-14,Packaging,2024-11-13,paid,2024-12-14,2024-11,68.8,0.234,False
PO003501,SUP0030,PRD0141,2025-08-16,93,70.48,USD,6554.64,fulfilled,Stanton-Gill,Indonesia,60.5,CHEM-Art-141,Chemicals,2025-08-30,paid,2025-10-03,2025-08,36.5,0.188,False
PO003502,SUP0012,PRD0111,2025-02-24,431,375.2,USD,161711.2,fulfilled,Stanley LLC,Japan,60.6,PACK-Look-111,Packaging,2025-03-07,paid,2025-04-12,2025-02,13.0,0.055,False
PO003503,SUP0022,PRD0097,2026-04-09,436,179.48,USD,78253.28,open,Burgess-Patterson,Pakistan,79.0,ELEC-Medical-97,Electronics,2026-04-12,paid,2026-05-07,2026-04,65.0,0.201,False
PO003504,SUP0032,PRD0110,2025-12-04,37,2852.89,USD,105556.93,fulfilled,"Lynch, Hernandez and Farmer",Vietnam,57.2,CHEM-Still-110,Chemicals,2025-12-16,overdue,,2025-12,43.1,0.119,False
PO003505,SUP0016,PRD0102,2025-12-10,270,2398.56,USD,647611.2,fulfilled,"Sanchez, Ford and Nelson",Mexico,67.6,TEXT-Artist-102,Textiles,2025-12-21,paid,2026-01-03,2025-12,42.0,0.132,False
PO003506,SUP0032,PRD0091,2025-06-27,349,840.13,USD,293205.37,fulfilled,"Lynch, Hernandez and Farmer",Vietnam,57.2,FOOD-Some-91,Food & Beverage,2025-07-04,paid,2025-08-06,2025-06,38.4,0.093,False
PO003507,SUP0007,PRD0032,2026-06-25,414,2.78,USD,1150.92,cancelled,Ramirez-Lewis,South Korea,49.8,FURN-Us-32,Furniture,,,,2026-06,23.9,0.084,False
PO003508,SUP0010,PRD0106,2025-11-21,93,6.04,USD,561.72,open,"Martinez, Nielsen and Miller",Egypt,43.6,AUTO-In-106,Automotive Parts,2025-11-23,pending,,2025-11,57.4,0.196,False
PO003509,SUP0036,PRD0110,2025-05-04,1598,618.1,USD,987723.8,fulfilled,Dennis Inc,South Korea,60.1,CHEM-Still-110,Chemicals,2025-05-17,paid,2025-06-29,2025-05,16.8,0.078,False
PO003510,SUP0010,PRD0044,2024-12-29,225,440.76,USD,99171.0,fulfilled,"Martinez, Nielsen and Miller",Egypt,43.6,MACH-Reason-44,Machinery,2024-12-31,paid,2025-01-27,2024-12,48.1,0.214,False
PO003511,SUP0005,PRD0141,2026-05-17,591,224.62,USD,132750.42,open,Cole LLC,Mexico,58.0,CHEM-Art-141,Chemicals,2026-05-31,paid,2026-07-09,2026-05,37.7,0.134,False
PO003512,SUP0007,PRD0092,2025-01-27,223,1260.9,USD,281180.7,fulfilled,Ramirez-Lewis,South Korea,49.8,ELEC-Time-92,Electronics,2025-02-08,paid,2025-02-15,2025-01,21.8,0.073,False
PO003513,SUP0020,PRD0049,2026-05-23,86,3.61,USD,310.46,fulfilled,Lewis-Porter,Pakistan,59.2,AUTO-Manage-49,Automotive Parts,2026-05-30,paid,2026-06-22,2026-05,62.0,0.242,False
PO003514,SUP0032,PRD0124,2026-04-21,56,8.7,USD,487.2,fulfilled,"Lynch, Hernandez and Farmer",Vietnam,57.2,ELEC-Director-124,Electronics,2026-05-01,paid,2026-05-09,2026-04,45.3,0.131,False
PO003515,SUP0036,PRD0085,2025-06-16,154,5.94,USD,914.76,fulfilled,Dennis Inc,South Korea,60.1,CHEM-Reach-85,Chemicals,2025-06-22,paid,2025-07-12,2025-06,16.2,0.07,False
PO003516,SUP0008,PRD0057,2025-08-02,595,21.77,USD,12953.15,open,Davis Inc,Pakistan,69.7,CHEM-Ask-57,Chemicals,2025-08-10,paid,2025-09-18,2025-08,56.9,0.306,False
PO003517,SUP0011,PRD0140,2025-08-16,114,6.12,USD,697.68,fulfilled,"Montgomery, Hensley and Ray",Indonesia,56.0,FURN-Coach-140,Furniture,2025-08-25,paid,2025-09-19,2025-08,42.9,0.172,False
PO003518,SUP0001,PRD0108,2024-12-19,340,1659.26,USD,564148.4,fulfilled,"Rodriguez, Figueroa and Sanchez",South Korea,74.7,FURN-With-108,Furniture,2024-12-24,paid,2025-01-27,2024-12,22.4,0.058,False
PO003519,SUP0006,PRD0084,2026-06-26,272,1916.17,USD,521198.24,fulfilled,Blake and Sons,China,58.0,PACK-Apply-84,Packaging,2026-06-28,paid,2026-07-25,2026-06,25.4,0.077,False
PO003520,SUP0011,PRD0040,2026-03-10,30,2.33,USD,69.9,fulfilled,"Montgomery, Hensley and Ray",Indonesia,56.0,FURN-Investment-40,Furniture,2026-03-12,overdue,,2026-03,42.6,0.169,False
PO003521,SUP0035,PRD0112,2025-09-29,152,1521.42,USD,231255.84,fulfilled,Allen PLC,Brazil,54.5,FURN-Feeling-112,Furniture,2025-10-07,paid,2025-11-13,2025-09,43.5,0.223,False
PO003522,SUP0005,PRD0122,2024-10-27,96,54.18,USD,5201.28,fulfilled,Cole LLC,Mexico,58.0,CHEM-Customer-122,Chemicals,2024-11-05,paid,2024-11-11,2024-10,37.9,0.124,False
PO003523,SUP0036,PRD0039,2025-08-03,80,39.09,USD,3127.2,fulfilled,Dennis Inc,South Korea,60.1,MACH-Surface-39,Machinery,2025-08-13,paid,2025-09-26,2025-08,23.0,0.072,False
PO003524,SUP0034,PRD0017,2025-08-22,92,21.38,USD,1966.96,open,Koch-Decker,India,69.9,TEXT-Western-17,Textiles,2025-08-25,pending,,2025-08,39.7,0.107,False
PO003525,SUP0039,PRD0079,2024-12-28,150,4104.04,USD,615606.0,fulfilled,"Campos, Vaughn and Marquez",South Korea,62.6,FOOD-System-79,Food & Beverage,2024-12-30,paid,2025-01-29,2024-12,22.2,0.063,False
PO003526,SUP0040,PRD0142,2025-05-19,368,582.45,USD,214341.6,open,"Santos, Kim and Holmes",Turkey,71.1,TEXT-Movie-142,Textiles,2025-05-28,pending,,2025-05,51.0,0.243,False
PO003527,SUP0010,PRD0112,2025-07-01,884,151.25,USD,133705.0,fulfilled,"Martinez, Nielsen and Miller",Egypt,43.6,FURN-Feeling-112,Furniture,2025-07-09,overdue,,2025-07,54.1,0.156,True
PO003528,SUP0037,PRD0070,2026-01-05,90,5.54,USD,498.6,fulfilled,"Cannon, Anderson and Alvarez",United States,65.1,PACK-Knowledge-70,Packaging,2026-01-10,overdue,,2026-01,22.9,0.041,False
PO003529,SUP0030,PRD0035,2025-08-13,90,1427.42,USD,128467.8,fulfilled,Stanton-Gill,Indonesia,60.5,MACH-Material-35,Machinery,2025-08-15,paid,2025-09-07,2025-08,36.5,0.188,False
PO003530,SUP0036,PRD0056,2026-07-24,152,775.06,USD,117809.12,fulfilled,Dennis Inc,South Korea,60.1,MACH-Billion-56,Machinery,2026-08-06,paid,2026-09-06,2026-07,15.2,0.085,False
PO003531,SUP0038,PRD0062,2025-02-08,715,2.78,USD,1987.7,fulfilled,Rose-Obrien,South Africa,61.5,TEXT-Training-62,Textiles,2025-02-21,pending,,2025-02,55.3,0.194,False
PO003532,SUP0002,PRD0147,2024-10-21,189,13.55,USD,2560.95,fulfilled,Rhodes PLC,Germany,87.8,FURN-Physical-147,Furniture,2024-11-02,paid,2024-12-01,2024-10,10.5,0.038,False
PO003533,SUP0006,PRD0037,2026-05-08,118,10.04,USD,1184.72,fulfilled,Blake and Sons,China,58.0,CHEM-Still-37,Chemicals,2026-05-20,paid,2026-06-08,2026-05,24.1,0.065,False
PO003534,SUP0023,PRD0052,2026-05-05,159,1891.81,USD,300797.79,fulfilled,Robinson-Bright,Indonesia,70.0,CHEM-Arm-52,Chemicals,2026-05-18,overdue,,2026-05,47.6,0.133,False
PO003535,SUP0005,PRD0081,2025-11-24,776,968.08,USD,751230.08,fulfilled,Cole LLC,Mexico,58.0,PACK-Total-81,Packaging,2025-12-04,pending,,2025-11,43.6,0.105,False
PO003536,SUP0026,PRD0028,2025-10-26,444,149.23,USD,66258.12,open,James-Ferrell,Egypt,85.3,AUTO-Notice-28,Automotive Parts,2025-10-28,paid,2025-12-04,2025-10,51.4,0.157,False
PO003537,SUP0016,PRD0141,2024-11-07,151,40.0,USD,6040.0,fulfilled,"Sanchez, Ford and Nelson",Mexico,67.6,CHEM-Art-141,Chemicals,2024-11-19,paid,2024-12-24,2024-11,44.8,0.118,False
PO003538,SUP0009,PRD0133,2025-09-29,122,2013.44,USD,245639.68,fulfilled,Munoz-Roman,United States,66.0,PACK-Apply-133,Packaging,2025-09-30,pending,,2025-09,15.4,0.033,False
PO003539,SUP0032,PRD0001,2026-04-30,198,48.52,USD,9606.96,fulfilled,"Lynch, Hernandez and Farmer",Vietnam,57.2,MACH-Down-1,Machinery,2026-05-01,paid,2026-05-10,2026-04,45.3,0.131,False
PO003540,SUP0039,PRD0078,2026-01-27,488,137.51,USD,67104.88,open,"Campos, Vaughn and Marquez",South Korea,62.6,AUTO-Level-78,Automotive Parts,2026-01-31,paid,2026-03-13,2026-01,21.4,0.062,False
PO003541,SUP0037,PRD0016,2026-01-21,788,1778.38,USD,1401363.44,fulfilled,"Cannon, Anderson and Alvarez",United States,65.1,CHEM-Author-16,Chemicals,2026-01-28,pending,,2026-01,22.9,0.041,False
PO003542,SUP0009,PRD0103,2024-12-03,201,615.34,USD,123683.34,fulfilled,Munoz-Roman,United States,66.0,AUTO-Community-103,Automotive Parts,2024-12-09,pending,,2024-12,10.0,0.031,False
PO003543,SUP0013,PRD0020,2026-07-20,197,2.36,USD,464.92,fulfilled,Delacruz Group,Germany,77.3,FOOD-Give-20,Food & Beverage,2026-07-27,paid,2026-08-31,2026-07,15.3,0.038,False
PO003544,SUP0030,PRD0132,2025-10-25,81,81.83,USD,6628.23,open,Stanton-Gill,Indonesia,60.5,CHEM-Art-132,Chemicals,2025-11-01,paid,2025-11-23,2025-10,41.1,0.128,False
PO003545,SUP0021,PRD0079,2026-01-24,63,2.31,USD,145.53,cancelled,"Ellis, Baker and Wright",India,80.5,FOOD-System-79,Food & Beverage,,,,2026-01,39.3,0.067,False
PO003546,SUP0032,PRD0097,2026-08-27,288,73.32,USD,21116.16,fulfilled,"Lynch, Hernandez and Farmer",Vietnam,57.2,ELEC-Medical-97,Electronics,2026-09-04,paid,2026-09-26,2026-08,45.2,0.147,False
PO003547,SUP0011,PRD0141,2026-08-16,942,75.58,USD,71196.36,cancelled,"Montgomery, Hensley and Ray",Indonesia,56.0,CHEM-Art-141,Chemicals,,,,2026-08,45.1,0.135,False
PO003548,SUP0034,PRD0020,2026-09-03,403,95.47,USD,38474.41,fulfilled,Koch-Decker,India,69.9,FOOD-Give-20,Food & Beverage,2026-09-12,paid,2026-10-14,2026-09,43.8,0.095,False
PO003549,SUP0021,PRD0015,2026-04-19,120,52.39,USD,6286.8,fulfilled,"Ellis, Baker and Wright",India,80.5,TEXT-Drop-15,Textiles,2026-04-25,overdue,,2026-04,39.7,0.087,False
PO003550,SUP0003,PRD0083,2026-08-06,264,2.35,USD,620.4,open,Johnson-Davis,Vietnam,88.7,TEXT-Billion-83,Textiles,2026-08-14,paid,2026-09-22,2026-08,43.9,0.09,False
PO003551,SUP0028,PRD0114,2025-06-10,36,15.12,USD,544.32,open,"Potter, Mack and Peterson",Germany,88.1,FOOD-Same-114,Food & Beverage,2025-06-24,overdue,,2025-06,10.5,0.039,False
PO003552,SUP0036,PRD0062,2024-10-07,110,58.36,USD,6419.6,fulfilled,Dennis Inc,South Korea,60.1,TEXT-Training-62,Textiles,2024-10-20,paid,2024-12-02,2024-10,23.2,0.052,False
PO003553,SUP0019,PRD0070,2025-05-10,196,251.26,USD,49246.96,open,Clark PLC,Germany,69.9,PACK-Knowledge-70,Packaging,2025-05-18,paid,2025-06-21,2025-05,10.9,0.032,False
PO003554,SUP0019,PRD0032,2026-06-03,515,3.32,USD,1709.8,fulfilled,Clark PLC,Germany,69.9,FURN-Us-32,Furniture,2026-06-17,paid,2026-07-25,2026-06,9.4,0.061,False
PO003555,SUP0003,PRD0114,2024-10-20,829,2.31,USD,1914.99,open,Johnson-Davis,Vietnam,88.7,FOOD-Same-114,Food & Beverage,2024-10-24,overdue,,2024-10,35.5,0.129,False
PO003556,SUP0002,PRD0045,2026-03-03,100,64.96,USD,6496.0,fulfilled,Rhodes PLC,Germany,87.8,CHEM-Lawyer-45,Chemicals,2026-03-16,paid,2026-04-04,2026-03,14.7,0.046,False
PO003557,SUP0004,PRD0012,2026-04-28,193,1657.79,USD,319953.47,fulfilled,"Johnson, Gonzalez and Santos",Mexico,76.5,ELEC-Second-12,Electronics,2026-05-09,paid,2026-05-28,2026-04,37.9,0.118,False
PO003558,SUP0026,PRD0009,2024-10-15,1030,3.65,USD,3759.5,fulfilled,James-Ferrell,Egypt,85.3,MACH-Discussion-9,Machinery,2024-10-24,overdue,,2024-10,55.1,0.243,False
PO003559,SUP0020,PRD0020,2026-03-03,268,2.84,USD,761.12,fulfilled,Lewis-Porter,Pakistan,59.2,FOOD-Give-20,Food & Beverage,2026-03-10,paid,2026-03-24,2026-03,71.3,0.275,True
PO003560,SUP0025,PRD0011,2025-01-05,761,463.11,USD,352426.71,fulfilled,Conner Group,Bangladesh,77.2,TEXT-Avoid-11,Textiles,2025-01-09,paid,2025-01-15,2025-01,62.4,0.132,False
PO003561,SUP0036,PRD0057,2025-08-31,234,1057.35,USD,247419.9,open,Dennis Inc,South Korea,60.1,CHEM-Ask-57,Chemicals,2025-09-06,paid,2025-09-18,2025-08,23.0,0.072,False
PO003562,SUP0027,PRD0134,2026-01-23,251,2078.73,USD,521761.23,open,"Valencia, Smith and Le",Vietnam,70.4,FOOD-Pattern-134,Food & Beverage,2026-01-29,paid,2026-03-14,2026-01,48.2,0.109,False
PO003563,SUP0035,PRD0049,2025-02-04,110,373.35,USD,41068.5,open,Allen PLC,Brazil,54.5,AUTO-Manage-49,Automotive Parts,2025-02-10,pending,,2025-02,54.5,0.176,False
PO003564,SUP0035,PRD0093,2025-10-10,556,2486.7,USD,1382605.2,fulfilled,Allen PLC,Brazil,54.5,TEXT-Economic-93,Textiles,2025-10-24,pending,,2025-10,53.8,0.155,False
PO003565,SUP0035,PRD0102,2024-09-24,216,95.98,USD,20731.68,open,Allen PLC,Brazil,54.5,TEXT-Artist-102,Textiles,2024-10-07,pending,,2024-09,,,
PO003566,SUP0037,PRD0007,2025-12-02,255,97.08,USD,24755.4,fulfilled,"Cannon, Anderson and Alvarez",United States,65.1,TEXT-Drug-7,Textiles,2025-12-10,pending,,2025-12,16.5,0.034,False
PO003567,SUP0002,PRD0100,2025-07-26,457,2170.61,USD,991968.77,fulfilled,Rhodes PLC,Germany,87.8,TEXT-Institution-100,Textiles,2025-07-30,paid,2025-09-02,2025-07,12.5,0.035,False
PO003568,SUP0019,PRD0048,2025-08-31,98,208.22,USD,20405.56,fulfilled,Clark PLC,Germany,69.9,FOOD-Item-48,Food & Beverage,2025-09-07,pending,,2025-08,9.7,0.033,False
PO003569,SUP0006,PRD0143,2025-10-27,45,205.51,USD,9247.95,cancelled,Blake and Sons,China,58.0,TEXT-Be-143,Textiles,,,,2025-10,30.7,0.06,False
PO003570,SUP0036,PRD0048,2024-11-01,59,34.56,USD,2039.04,fulfilled,Dennis Inc,South Korea,60.1,FOOD-Item-48,Food & Beverage,2024-11-11,paid,2024-12-23,2024-11,13.9,0.067,False
PO003571,SUP0013,PRD0009,2025-06-28,318,270.33,USD,85964.94,fulfilled,Delacruz Group,Germany,77.3,MACH-Discussion-9,Machinery,2025-07-09,paid,2025-07-24,2025-06,18.5,0.04,False
PO003572,SUP0018,PRD0066,2025-01-02,154,10.29,USD,1584.66,fulfilled,Underwood LLC,Philippines,54.2,TEXT-Customer-66,Textiles,2025-01-06,paid,2025-01-23,2025-01,34.1,0.075,False
PO003573,SUP0017,PRD0133,2026-02-12,102,1306.89,USD,133302.78,fulfilled,"Hawkins, Cohen and Cameron",Nigeria,42.8,PACK-Apply-133,Packaging,2026-02-20,paid,2026-03-19,2026-02,68.3,0.212,False
PO003574,SUP0028,PRD0044,2026-03-02,242,379.18,USD,91761.56,open,"Potter, Mack and Peterson",Germany,88.1,MACH-Reason-44,Machinery,2026-03-13,pending,,2026-03,10.6,0.036,False
PO003575,SUP0024,PRD0091,2025-10-21,40,2350.63,USD,94025.2,fulfilled,Campos Inc,Mexico,79.6,FOOD-Some-91,Food & Beverage,2025-11-01,paid,2025-12-06,2025-10,42.5,0.154,False
PO003576,SUP0013,PRD0145,2026-05-17,401,26.39,USD,10582.39,fulfilled,Delacruz Group,Germany,77.3,MACH-Cultural-145,Machinery,2026-05-20,paid,2026-06-10,2026-05,10.2,0.042,False
PO003577,SUP0030,PRD0083,2025-03-18,98,21.51,USD,2107.98,open,Stanton-Gill,Indonesia,60.5,TEXT-Billion-83,Textiles,2025-03-25,paid,2025-05-01,2025-03,42.4,0.13,False
PO003578,SUP0026,PRD0064,2026-03-05,415,2383.61,USD,989198.15,fulfilled,James-Ferrell,Egypt,85.3,AUTO-Energy-64,Automotive Parts,2026-03-11,paid,2026-04-03,2026-03,55.8,0.205,False
PO003579,SUP0004,PRD0078,2025-12-05,718,2190.53,USD,1572800.54,fulfilled,"Johnson, Gonzalez and Santos",Mexico,76.5,AUTO-Level-78,Automotive Parts,2025-12-18,pending,,2025-12,36.2,0.148,False
PO003580,SUP0013,PRD0004,2025-07-30,1030,1765.37,USD,1818331.1,fulfilled,Delacruz Group,Germany,77.3,FOOD-Against-4,Food & Beverage,2025-08-07,paid,2025-08-18,2025-07,12.9,0.04,False
PO003581,SUP0001,PRD0141,2025-10-11,169,160.65,USD,27149.85,fulfilled,"Rodriguez, Figueroa and Sanchez",South Korea,74.7,CHEM-Art-141,Chemicals,2025-10-23,overdue,,2025-10,18.1,0.098,False
PO003582,SUP0023,PRD0137,2025-08-21,404,2.82,USD,1139.28,fulfilled,Robinson-Bright,Indonesia,70.0,FOOD-Wide-137,Food & Beverage,2025-08-27,paid,2025-09-04,2025-08,42.7,0.186,False
PO003583,SUP0010,PRD0117,2025-06-12,145,4414.91,USD,640161.95,fulfilled,"Martinez, Nielsen and Miller",Egypt,43.6,CHEM-Only-117,Chemicals,2025-06-17,pending,,2025-06,51.9,0.188,False
PO003584,SUP0037,PRD0146,2024-10-17,234,18.41,USD,4307.94,open,"Cannon, Anderson and Alvarez",United States,65.1,FURN-Authority-146,Furniture,2024-10-20,overdue,,2024-10,13.9,0.028,False
PO003585,SUP0004,PRD0100,2026-05-24,103,1892.43,USD,194920.29,fulfilled,"Johnson, Gonzalez and Santos",Mexico,76.5,TEXT-Institution-100,Textiles,2026-05-29,paid,2026-06-23,2026-05,43.6,0.119,False
PO003586,SUP0012,PRD0145,2024-10-09,246,6.26,USD,1539.96,fulfilled,Stanley LLC,Japan,60.6,MACH-Cultural-145,Machinery,2024-10-16,pending,,2024-10,15.5,0.052,False
PO003587,SUP0001,PRD0057,2025-07-22,505,135.21,USD,68281.05,fulfilled,"Rodriguez, Figueroa and Sanchez",South Korea,74.7,CHEM-Ask-57,Chemicals,2025-07-28,overdue,,2025-07,19.1,0.063,False
PO003588,SUP0009,PRD0016,2025-10-22,248,2814.78,USD,698065.44,fulfilled,Munoz-Roman,United States,66.0,CHEM-Author-16,Chemicals,2025-10-24,pending,,2025-10,11.7,0.021,False
PO003589,SUP0013,PRD0003,2024-10-13,411,6.84,USD,2811.24,open,Delacruz Group,Germany,77.3,ELEC-Ground-3,Electronics,2024-10-22,overdue,,2024-10,16.9,0.031,False
PO003590,SUP0009,PRD0040,2025-08-04,160,1249.63,USD,199940.8,cancelled,Munoz-Roman,United States,66.0,FURN-Investment-40,Furniture,,,,2025-08,11.7,0.027,False
PO003591,SUP0040,PRD0036,2025-07-10,186,928.6,USD,172719.6,open,"Santos, Kim and Holmes",Turkey,71.1,ELEC-Eight-36,Electronics,2025-07-19,paid,2025-08-15,2025-07,61.6,0.237,False
PO003592,SUP0037,PRD0128,2026-03-16,459,10.48,USD,4810.32,open,"Cannon, Anderson and Alvarez",United States,65.1,TEXT-Occur-128,Textiles,2026-03-23,paid,2026-04-21,2026-03,13.9,0.03,False
PO003593,SUP0017,PRD0094,2025-09-13,1138,129.86,USD,147780.68,open,"Hawkins, Cohen and Cameron",Nigeria,42.8,MACH-Compare-94,Machinery,2025-09-22,pending,,2025-09,67.2,0.203,False
PO003594,SUP0006,PRD0143,2026-06-21,336,1240.21,USD,416710.56,open,Blake and Sons,China,58.0,TEXT-Be-143,Textiles,2026-06-29,paid,2026-07-14,2026-06,25.4,0.077,False
PO003595,SUP0016,PRD0102,2025-09-30,208,656.39,USD,136529.12,fulfilled,"Sanchez, Ford and Nelson",Mexico,67.6,TEXT-Artist-102,Textiles,2025-10-04,paid,2025-10-29,2025-09,39.7,0.136,False
PO003596,SUP0026,PRD0028,2025-01-18,455,64.21,USD,29215.55,fulfilled,James-Ferrell,Egypt,85.3,AUTO-Notice-28,Automotive Parts,2025-01-30,overdue,,2025-01,61.6,0.192,False
PO003597,SUP0030,PRD0023,2026-03-02,267,130.42,USD,34822.14,fulfilled,Stanton-Gill,Indonesia,60.5,MACH-Economy-23,Machinery,2026-03-13,paid,2026-04-21,2026-03,43.1,0.125,False
PO003598,SUP0010,PRD0103,2025-03-26,232,2.32,USD,538.24,fulfilled,"Martinez, Nielsen and Miller",Egypt,43.6,AUTO-Community-103,Automotive Parts,2025-03-30,paid,2025-04-09,2025-03,58.9,0.129,False
PO003599,SUP0030,PRD0104,2024-11-16,92,169.41,USD,15585.72,fulfilled,Stanton-Gill,Indonesia,60.5,AUTO-Hundred-104,Automotive Parts,2024-11-28,pending,,2024-11,40.4,0.073,False
PO003600,SUP0009,PRD0094,2024-09-08,407,2.46,USD,1001.22,fulfilled,Munoz-Roman,United States,66.0,MACH-Compare-94,Machinery,2024-09-09,paid,2024-09-16,2024-09,,,
PO003601,SUP0009,PRD0054,2025-04-08,49,4.83,USD,236.67,fulfilled,Munoz-Roman,United States,66.0,FURN-Ready-54,Furniture,2025-04-22,pending,,2025-04,12.4,0.029,False
PO003602,SUP0015,PRD0025,2026-09-03,370,1108.73,USD,410230.1,fulfilled,"Zuniga, Wong and Lynch",India,76.1,CHEM-Relationship-25,Chemicals,2026-09-15,paid,2026-10-07,2026-09,35.1,0.093,False
PO003603,SUP0033,PRD0079,2026-02-14,328,4.49,USD,1472.72,fulfilled,"Sellers, George and Burns",China,78.7,FOOD-System-79,Food & Beverage,2026-02-16,pending,,2026-02,37.8,0.067,False
PO003604,SUP0005,PRD0147,2024-12-14,47,7.53,USD,353.91,fulfilled,Cole LLC,Mexico,58.0,FURN-Physical-147,Furniture,2024-12-26,paid,2025-01-10,2024-12,33.6,0.149,False
PO003605,SUP0030,PRD0141,2025-03-19,103,4.31,USD,443.93,fulfilled,Stanton-Gill,Indonesia,60.5,CHEM-Art-141,Chemicals,2025-03-26,paid,2025-05-04,2025-03,42.4,0.13,False
PO003606,SUP0040,PRD0091,2025-11-01,61,573.25,USD,34968.25,fulfilled,"Santos, Kim and Holmes",Turkey,71.1,FOOD-Some-91,Food & Beverage,2025-11-11,paid,2025-12-14,2025-11,50.3,0.246,True
PO003607,SUP0002,PRD0082,2026-05-19,277,6.87,USD,1902.99,fulfilled,Rhodes PLC,Germany,87.8,AUTO-Oil-82,Automotive Parts,2026-06-02,paid,2026-07-02,2026-05,19.8,0.031,False
PO003608,SUP0002,PRD0112,2025-12-19,152,61.62,USD,9366.24,fulfilled,Rhodes PLC,Germany,87.8,FURN-Feeling-112,Furniture,2025-12-28,paid,2026-01-14,2025-12,12.4,0.044,False
PO003609,SUP0019,PRD0058,2026-05-05,622,7458.29,USD,4639056.38,cancelled,Clark PLC,Germany,69.9,AUTO-Interesting-58,Automotive Parts,,,,2026-05,8.6,0.043,False
PO003610,SUP0028,PRD0033,2026-06-17,642,25.41,USD,16313.22,fulfilled,"Potter, Mack and Peterson",Germany,88.1,PACK-Own-33,Packaging,2026-06-27,overdue,,2026-06,16.3,0.035,False
PO003611,SUP0005,PRD0046,2025-05-13,132,14.7,USD,1940.4,fulfilled,Cole LLC,Mexico,58.0,FOOD-Health-46,Food & Beverage,2025-05-18,paid,2025-05-26,2025-05,40.9,0.098,False
PO003612,SUP0014,PRD0111,2025-04-22,40,215.83,USD,8633.2,cancelled,"Flowers, Martin and Kelly",United States,46.7,PACK-Look-111,Packaging,,,,2025-04,19.1,0.024,False
PO003613,SUP0004,PRD0079,2025-05-17,298,8.71,USD,2595.58,fulfilled,"Johnson, Gonzalez and Santos",Mexico,76.5,FOOD-System-79,Food & Beverage,2025-05-24,pending,,2025-05,40.2,0.147,False
PO003614,SUP0001,PRD0003,2026-06-15,355,203.21,USD,72139.55,open,"Rodriguez, Figueroa and Sanchez",South Korea,74.7,ELEC-Ground-3,Electronics,2026-06-26,paid,2026-07-14,2026-06,24.7,0.077,False
PO003615,SUP0004,PRD0139,2025-01-22,59,86.79,USD,5120.61,fulfilled,"Johnson, Gonzalez and Santos",Mexico,76.5,FOOD-Nice-139,Food & Beverage,2025-01-23,paid,2025-02-10,2025-01,38.1,0.07,False
PO003616,SUP0020,PRD0132,2026-02-05,782,908.85,USD,710720.7,fulfilled,Lewis-Porter,Pakistan,59.2,CHEM-Art-132,Chemicals,2026-02-12,paid,2026-03-08,2026-02,67.5,0.261,False
PO003617,SUP0021,PRD0010,2026-08-27,151,49.23,USD,7433.73,open,"Ellis, Baker and Wright",India,80.5,CHEM-Account-10,Chemicals,2026-09-02,paid,2026-09-07,2026-08,39.2,0.102,False
PO003618,SUP0019,PRD0104,2025-03-19,55,14.95,USD,822.25,fulfilled,Clark PLC,Germany,69.9,AUTO-Hundred-104,Automotive Parts,2025-03-30,overdue,,2025-03,5.0,0.033,False
PO003619,SUP0007,PRD0082,2025-05-19,362,1929.5,USD,698479.0,open,Ramirez-Lewis,South Korea,49.8,AUTO-Oil-82,Automotive Parts,2025-05-29,paid,2025-06-17,2025-05,24.5,0.103,False
PO003620,SUP0034,PRD0048,2024-09-19,284,104.0,USD,29536.0,fulfilled,Koch-Decker,India,69.9,FOOD-Item-48,Food & Beverage,2024-09-23,paid,2024-10-12,2024-09,,,
PO003621,SUP0015,PRD0095,2026-03-21,403,46.08,USD,18570.24,fulfilled,"Zuniga, Wong and Lynch",India,76.1,PACK-Investment-95,Packaging,2026-03-29,paid,2026-04-05,2026-03,38.6,0.115,False
PO003622,SUP0031,PRD0125,2025-04-26,313,2786.69,USD,872233.97,fulfilled,Harrell LLC,Brazil,87.2,TEXT-Article-125,Textiles,2025-05-02,paid,2025-05-14,2025-04,48.7,0.171,False
PO003623,SUP0027,PRD0048,2026-05-31,74,107.0,USD,7918.0,fulfilled,"Valencia, Smith and Le",Vietnam,70.4,FOOD-Item-48,Food & Beverage,2026-06-07,pending,,2026-05,48.1,0.102,False
PO003624,SUP0008,PRD0091,2026-07-16,43,19.66,USD,845.38,fulfilled,Davis Inc,Pakistan,69.7,FOOD-Some-91,Food & Beverage,2026-07-17,paid,2026-07-25,2026-07,61.8,0.257,False
PO003625,SUP0036,PRD0074,2025-11-05,27,2810.92,USD,75894.84,cancelled,Dennis Inc,South Korea,60.1,MACH-Enjoy-74,Machinery,,,,2025-11,25.4,0.069,False
PO003626,SUP0034,PRD0010,2026-02-05,789,744.38,USD,587315.82,fulfilled,Koch-Decker,India,69.9,CHEM-Account-10,Chemicals,2026-02-15,paid,2026-03-30,2026-02,42.3,0.09,False
PO003627,SUP0021,PRD0035,2026-07-16,1047,99.11,USD,103768.17,fulfilled,"Ellis, Baker and Wright",India,80.5,MACH-Material-35,Machinery,2026-07-18,paid,2026-07-26,2026-07,39.7,0.105,False
PO003628,SUP0030,PRD0121,2025-02-16,211,233.34,USD,49234.74,cancelled,Stanton-Gill,Indonesia,60.5,ELEC-Clear-121,Electronics,,,,2025-02,39.3,0.129,False
PO003629,SUP0015,PRD0122,2026-06-02,310,99.4,USD,30814.0,open,"Zuniga, Wong and Lynch",India,76.1,CHEM-Customer-122,Chemicals,2026-06-07,paid,2026-07-06,2026-06,34.7,0.138,False
PO003630,SUP0036,PRD0015,2025-06-17,31,945.37,USD,29306.47,fulfilled,Dennis Inc,South Korea,60.1,TEXT-Drop-15,Textiles,2025-06-19,paid,2025-07-15,2025-06,16.2,0.07,False
PO003631,SUP0012,PRD0076,2026-07-02,543,149.78,USD,81330.54,fulfilled,Stanley LLC,Japan,60.6,PACK-Wind-76,Packaging,2026-07-14,pending,,2026-07,14.8,0.04,False
PO003632,SUP0035,PRD0132,2026-04-09,232,92.74,USD,21515.68,open,Allen PLC,Brazil,54.5,CHEM-Art-132,Chemicals,2026-04-16,pending,,2026-04,55.9,0.186,False
PO003633,SUP0005,PRD0112,2025-12-28,31,2.76,USD,85.56,open,Cole LLC,Mexico,58.0,FURN-Feeling-112,Furniture,2026-01-03,overdue,,2025-12,39.8,0.113,False
PO003634,SUP0019,PRD0067,2024-11-21,325,1423.37,USD,462595.25,fulfilled,Clark PLC,Germany,69.9,FURN-Not-67,Furniture,2024-11-26,paid,2024-12-02,2024-11,16.4,0.037,False
PO003635,SUP0022,PRD0132,2024-09-22,88,891.06,USD,78413.28,fulfilled,Burgess-Patterson,Pakistan,79.0,CHEM-Art-132,Chemicals,2024-09-28,paid,2024-10-29,2024-09,,,
PO003636,SUP0010,PRD0057,2026-06-25,123,1377.5,USD,169432.5,cancelled,"Martinez, Nielsen and Miller",Egypt,43.6,CHEM-Ask-57,Chemicals,,,,2026-06,60.8,0.185,False
PO003637,SUP0015,PRD0083,2024-11-29,592,106.75,USD,63196.0,open,"Zuniga, Wong and Lynch",India,76.1,TEXT-Billion-83,Textiles,2024-12-06,paid,2024-12-31,2024-11,38.1,0.084,False
PO003638,SUP0009,PRD0103,2025-02-04,943,131.73,USD,124221.39,fulfilled,Munoz-Roman,United States,66.0,AUTO-Community-103,Automotive Parts,2025-02-10,paid,2025-03-24,2025-02,20.6,0.039,False
PO003639,SUP0025,PRD0150,2025-05-05,345,4.77,USD,1645.65,fulfilled,Conner Group,Bangladesh,77.2,TEXT-Training-150,Textiles,2025-05-19,paid,2025-06-28,2025-05,60.0,0.182,False
PO003640,SUP0025,PRD0115,2026-03-22,163,13.17,USD,2146.71,open,Conner Group,Bangladesh,77.2,FOOD-Side-115,Food & Beverage,2026-03-26,paid,2026-04-23,2026-03,48.7,0.12,False
PO003641,SUP0005,PRD0133,2025-10-18,469,55.67,USD,26109.23,fulfilled,Cole LLC,Mexico,58.0,PACK-Apply-133,Packaging,2025-10-24,paid,2025-11-22,2025-10,32.5,0.11,False
PO003642,SUP0007,PRD0064,2025-03-05,312,8.77,USD,2736.24,fulfilled,Ramirez-Lewis,South Korea,49.8,AUTO-Energy-64,Automotive Parts,2025-03-13,paid,2025-04-06,2025-03,19.4,0.055,False
PO003643,SUP0012,PRD0058,2025-02-08,102,12.08,USD,1232.16,fulfilled,Stanley LLC,Japan,60.6,AUTO-Interesting-58,Automotive Parts,2025-02-09,overdue,,2025-02,13.0,0.055,False
PO003644,SUP0020,PRD0075,2026-04-19,233,3680.7,USD,857603.1,fulfilled,Lewis-Porter,Pakistan,59.2,TEXT-Two-75,Textiles,2026-05-01,overdue,,2026-04,63.1,0.22,False
PO003645,SUP0001,PRD0119,2025-08-29,233,2.76,USD,643.08,fulfilled,"Rodriguez, Figueroa and Sanchez",South Korea,74.7,TEXT-Serious-119,Textiles,2025-09-01,pending,,2025-08,21.1,0.105,False
PO003646,SUP0025,PRD0147,2025-11-19,874,199.01,USD,173934.74,fulfilled,Conner Group,Bangladesh,77.2,FURN-Physical-147,Furniture,2025-11-23,paid,2025-11-30,2025-11,57.7,0.167,False
PO003647,SUP0014,PRD0136,2026-01-27,367,1611.11,USD,591277.37,fulfilled,"Flowers, Martin and Kelly",United States,46.7,AUTO-Morning-136,Automotive Parts,2026-01-28,paid,2026-02-28,2026-01,15.7,0.029,False
PO003648,SUP0037,PRD0049,2024-11-03,152,7458.29,USD,1133660.08,fulfilled,"Cannon, Anderson and Alvarez",United States,65.1,AUTO-Manage-49,Automotive Parts,2024-11-04,paid,2024-12-13,2024-11,14.8,0.037,False
PO003649,SUP0002,PRD0070,2026-07-10,94,59.83,USD,5624.02,fulfilled,Rhodes PLC,Germany,87.8,PACK-Knowledge-70,Packaging,2026-07-11,pending,,2026-07,19.8,0.037,False
PO003650,SUP0019,PRD0024,2024-09-06,185,287.28,USD,53146.8,fulfilled,Clark PLC,Germany,69.9,MACH-Family-24,Machinery,2024-09-17,paid,2024-10-02,2024-09,,,
PO003651,SUP0013,PRD0096,2026-07-02,101,13.64,USD,1377.64,fulfilled,Delacruz Group,Germany,77.3,CHEM-Mention-96,Chemicals,2026-07-05,paid,2026-08-06,2026-07,15.3,0.038,False
PO003652,SUP0003,PRD0064,2025-10-22,42,122.21,USD,5132.82,cancelled,Johnson-Davis,Vietnam,88.7,AUTO-Energy-64,Automotive Parts,,,,2025-10,50.1,0.139,False
PO003653,SUP0016,PRD0060,2026-01-01,118,2603.09,USD,307164.62,fulfilled,"Sanchez, Ford and Nelson",Mexico,67.6,TEXT-Group-60,Textiles,2026-01-11,paid,2026-02-18,2026-01,38.2,0.133,False
PO003654,SUP0006,PRD0146,2026-08-27,398,6.99,USD,2782.02,fulfilled,Blake and Sons,China,58.0,FURN-Authority-146,Furniture,2026-09-03,paid,2026-09-09,2026-08,29.7,0.069,False
PO003655,SUP0008,PRD0051,2026-03-23,337,43.88,USD,14787.56,fulfilled,Davis Inc,Pakistan,69.7,AUTO-Shoulder-51,Automotive Parts,2026-04-01,paid,2026-05-12,2026-03,71.9,0.327,False
PO003656,SUP0022,PRD0064,2025-01-10,106,687.48,USD,72872.88,fulfilled,Burgess-Patterson,Pakistan,79.0,AUTO-Energy-64,Automotive Parts,2025-01-18,paid,2025-02-02,2025-01,65.2,0.41,False
PO003657,SUP0030,PRD0136,2024-09-21,224,65.46,USD,14663.04,fulfilled,Stanton-Gill,Indonesia,60.5,AUTO-Morning-136,Automotive Parts,2024-10-04,pending,,2024-09,,,
PO003658,SUP0019,PRD0066,2024-12-25,31,1493.93,USD,46311.83,fulfilled,Clark PLC,Germany,69.9,TEXT-Customer-66,Textiles,2025-01-01,paid,2025-01-21,2024-12,14.4,0.028,False
PO003659,SUP0009,PRD0114,2024-10-17,504,13.53,USD,6819.12,fulfilled,Munoz-Roman,United States,66.0,FOOD-Same-114,Food & Beverage,2024-10-25,paid,2024-12-02,2024-10,8.7,0.026,False
PO003660,SUP0036,PRD0044,2025-05-06,762,95.62,USD,72862.44,fulfilled,Dennis Inc,South Korea,60.1,MACH-Reason-44,Machinery,2025-05-08,paid,2025-06-17,2025-05,16.8,0.078,False
PO003661,SUP0016,PRD0064,2026-03-24,215,14.31,USD,3076.65,fulfilled,"Sanchez, Ford and Nelson",Mexico,67.6,AUTO-Energy-64,Automotive Parts,2026-04-07,paid,2026-04-19,2026-03,43.8,0.131,False
PO003662,SUP0011,PRD0004,2026-03-13,107,455.66,USD,48755.62,fulfilled,"Montgomery, Hensley and Ray",Indonesia,56.0,FOOD-Against-4,Food & Beverage,2026-03-17,pending,,2026-03,42.6,0.169,False
PO003663,SUP0001,PRD0133,2026-01-01,213,1198.73,USD,255329.49,open,"Rodriguez, Figueroa and Sanchez",South Korea,74.7,PACK-Apply-133,Packaging,2026-01-15,paid,2026-02-06,2026-01,25.8,0.073,False
PO003664,SUP0025,PRD0117,2025-04-26,28,854.39,USD,23922.92,fulfilled,Conner Group,Bangladesh,77.2,CHEM-Only-117,Chemicals,2025-05-04,paid,2025-06-13,2025-04,53.6,0.114,False
PO003665,SUP0035,PRD0079,2025-03-26,75,24.39,USD,1829.25,fulfilled,Allen PLC,Brazil,54.5,FOOD-System-79,Food & Beverage,2025-03-30,pending,,2025-03,54.9,0.137,False
PO003666,SUP0036,PRD0087,2026-05-07,144,148.33,USD,21359.52,fulfilled,Dennis Inc,South Korea,60.1,MACH-Think-87,Machinery,2026-05-16,paid,2026-06-17,2026-05,22.8,0.085,False
PO003667,SUP0006,PRD0144,2024-10-02,252,201.7,USD,50828.4,fulfilled,Blake and Sons,China,58.0,FURN-Today-144,Furniture,2024-10-16,overdue,,2024-10,31.4,0.103,False
PO003668,SUP0017,PRD0030,2025-04-29,106,2510.95,USD,266160.7,fulfilled,"Hawkins, Cohen and Cameron",Nigeria,42.8,AUTO-Several-30,Automotive Parts,2025-05-09,paid,2025-05-14,2025-04,76.2,0.216,False
PO003669,SUP0029,PRD0048,2026-08-21,60,2.96,USD,177.6,fulfilled,Chavez Ltd,Poland,66.3,FOOD-Item-48,Food & Beverage,2026-08-23,paid,2026-09-15,2026-08,35.9,0.092,False
PO003670,SUP0025,PRD0035,2026-08-19,39,4.92,USD,191.88,cancelled,Conner Group,Bangladesh,77.2,MACH-Material-35,Machinery,,,,2026-08,55.7,0.18,False
PO003671,SUP0037,PRD0097,2025-11-27,59,13.44,USD,792.96,open,"Cannon, Anderson and Alvarez",United States,65.1,ELEC-Medical-97,Electronics,2025-11-29,paid,2025-12-10,2025-11,10.2,0.028,False
PO003672,SUP0003,PRD0063,2025-09-17,352,533.25,USD,187704.0,fulfilled,Johnson-Davis,Vietnam,88.7,AUTO-Boy-63,Automotive Parts,2025-09-19,paid,2025-10-21,2025-09,42.8,0.106,False
PO003673,SUP0016,PRD0070,2026-03-30,88,15.72,USD,1383.36,open,"Sanchez, Ford and Nelson",Mexico,67.6,PACK-Knowledge-70,Packaging,2026-04-09,paid,2026-05-04,2026-03,43.8,0.131,False
PO003674,SUP0014,PRD0011,2026-09-02,219,2.42,USD,529.98,fulfilled,"Flowers, Martin and Kelly",United States,46.7,TEXT-Avoid-11,Textiles,2026-09-07,overdue,,2026-09,17.1,0.036,False
PO003675,SUP0025,PRD0128,2025-03-09,899,1847.37,USD,1660785.63,cancelled,Conner Group,Bangladesh,77.2,TEXT-Occur-128,Textiles,,,,2025-03,53.0,0.165,False
PO003676,SUP0019,PRD0016,2026-05-16,339,343.65,USD,116497.35,fulfilled,Clark PLC,Germany,69.9,CHEM-Author-16,Chemicals,2026-05-20,paid,2026-06-07,2026-05,8.6,0.043,False
PO003677,SUP0021,PRD0114,2026-04-09,228,1658.99,USD,378249.72,cancelled,"Ellis, Baker and Wright",India,80.5,FOOD-Same-114,Food & Beverage,,,,2026-04,39.7,0.087,False
PO003678,SUP0001,PRD0046,2025-05-01,105,1250.94,USD,131348.7,open,"Rodriguez, Figueroa and Sanchez",South Korea,74.7,FOOD-Health-46,Food & Beverage,2025-05-12,overdue,,2025-05,25.3,0.072,False
PO003679,SUP0010,PRD0095,2026-01-27,48,2.31,USD,110.88,fulfilled,"Martinez, Nielsen and Miller",Egypt,43.6,PACK-Investment-95,Packaging,2026-02-06,paid,2026-03-05,2026-01,57.0,0.183,False
PO003680,SUP0030,PRD0100,2025-04-30,550,7.63,USD,4196.5,fulfilled,Stanton-Gill,Indonesia,60.5,TEXT-Institution-100,Textiles,2025-05-04,paid,2025-05-13,2025-04,40.8,0.151,False
PO003681,SUP0025,PRD0147,2026-08-04,178,22.87,USD,4070.86,cancelled,Conner Group,Bangladesh,77.2,FURN-Physical-147,Furniture,,,,2026-08,55.7,0.18,False
PO003682,SUP0009,PRD0096,2025-10-09,48,107.83,USD,5175.84,open,Munoz-Roman,United States,66.0,CHEM-Mention-96,Chemicals,2025-10-23,pending,,2025-10,11.7,0.021,False
PO003683,SUP0027,PRD0070,2025-01-13,70,118.08,USD,8265.6,fulfilled,"Valencia, Smith and Le",Vietnam,70.4,PACK-Knowledge-70,Packaging,2025-01-14,pending,,2025-01,41.4,0.132,False
PO003684,SUP0003,PRD0056,2026-07-13,141,11.17,USD,1574.97,cancelled,Johnson-Davis,Vietnam,88.7,MACH-Billion-56,Machinery,,,,2026-07,40.6,0.138,False
PO003685,SUP0010,PRD0013,2026-03-19,121,977.17,USD,118237.57,cancelled,"Martinez, Nielsen and Miller",Egypt,43.6,CHEM-Program-13,Chemicals,,,,2026-03,53.6,0.158,False
PO003686,SUP0020,PRD0020,2026-08-17,178,76.69,USD,13650.82,fulfilled,Lewis-Porter,Pakistan,59.2,FOOD-Give-20,Food & Beverage,2026-08-27,paid,2026-09-07,2026-08,67.7,0.303,False
PO003687,SUP0036,PRD0130,2025-05-02,272,3222.44,USD,876503.68,open,Dennis Inc,South Korea,60.1,MACH-Small-130,Machinery,2025-05-10,pending,,2025-05,16.8,0.078,False
PO003688,SUP0014,PRD0147,2026-05-17,137,399.98,USD,54797.26,fulfilled,"Flowers, Martin and Kelly",United States,46.7,FURN-Physical-147,Furniture,2026-05-29,pending,,2026-05,21.3,0.027,False
PO003689,SUP0039,PRD0146,2025-06-24,69,1570.89,USD,108391.41,fulfilled,"Campos, Vaughn and Marquez",South Korea,62.6,FURN-Authority-146,Furniture,2025-07-01,paid,2025-08-05,2025-06,18.9,0.093,False
PO003690,SUP0008,PRD0109,2025-03-03,129,79.56,USD,10263.24,fulfilled,Davis Inc,Pakistan,69.7,CHEM-Step-109,Chemicals,2025-03-09,paid,2025-04-19,2025-03,70.6,0.187,False
PO003691,SUP0031,PRD0117,2025-02-01,323,1381.67,USD,446279.41,fulfilled,Harrell LLC,Brazil,87.2,CHEM-Only-117,Chemicals,2025-02-11,paid,2025-02-26,2025-02,52.1,0.166,False
PO003692,SUP0006,PRD0043,2025-03-04,191,3.91,USD,746.81,fulfilled,Blake and Sons,China,58.0,CHEM-Bill-43,Chemicals,2025-03-14,overdue,,2025-03,35.7,0.096,False
PO003693,SUP0003,PRD0115,2026-05-03,84,1848.21,USD,155249.64,open,Johnson-Davis,Vietnam,88.7,FOOD-Side-115,Food & Beverage,2026-05-08,paid,2026-05-23,2026-05,39.6,0.047,False
PO003694,SUP0014,PRD0025,2026-07-18,435,126.75,USD,55136.25,fulfilled,"Flowers, Martin and Kelly",United States,46.7,CHEM-Relationship-25,Chemicals,2026-07-22,pending,,2026-07,11.2,0.019,False
PO003695,SUP0015,PRD0125,2026-08-06,438,41.25,USD,18067.5,open,"Zuniga, Wong and Lynch",India,76.1,TEXT-Article-125,Textiles,2026-08-09,paid,2026-09-03,2026-08,40.1,0.1,False
PO003696,SUP0016,PRD0081,2024-09-17,146,3322.09,USD,485025.14,fulfilled,"Sanchez, Ford and Nelson",Mexico,67.6,PACK-Total-81,Packaging,2024-09-29,paid,2024-11-03,2024-09,,,
PO003697,SUP0026,PRD0137,2026-03-02,42,26.58,USD,1116.36,fulfilled,James-Ferrell,Egypt,85.3,FOOD-Wide-137,Food & Beverage,2026-03-14,paid,2026-04-18,2026-03,55.8,0.205,False
PO003698,SUP0002,PRD0004,2026-05-07,330,15.05,USD,4966.5,fulfilled,Rhodes PLC,Germany,87.8,FOOD-Against-4,Food & Beverage,2026-05-16,paid,2026-06-06,2026-05,19.8,0.031,False
PO003699,SUP0036,PRD0013,2024-12-13,344,574.88,USD,197758.72,fulfilled,Dennis Inc,South Korea,60.1,CHEM-Program-13,Chemicals,2024-12-16,paid,2025-01-16,2024-12,26.8,0.062,False
PO003700,SUP0040,PRD0041,2025-03-09,169,68.64,USD,11600.16,fulfilled,"Santos, Kim and Holmes",Turkey,71.1,PACK-Customer-41,Packaging,2025-03-17,paid,2025-04-05,2025-03,58.0,0.235,False
PO003701,SUP0036,PRD0081,2025-01-31,524,350.28,USD,183546.72,fulfilled,Dennis Inc,South Korea,60.1,PACK-Total-81,Packaging,2025-02-07,paid,2025-02-19,2025-01,19.3,0.048,False
PO003702,SUP0033,PRD0110,2025-06-20,766,3.17,USD,2428.22,fulfilled,"Sellers, George and Burns",China,78.7,CHEM-Still-110,Chemicals,2025-06-23,paid,2025-07-23,2025-06,27.8,0.091,False
PO003703,SUP0029,PRD0021,2025-05-18,244,458.99,USD,111993.56,fulfilled,Chavez Ltd,Poland,66.3,MACH-Avoid-21,Machinery,2025-05-28,paid,2025-06-03,2025-05,23.8,0.072,False
PO003704,SUP0018,PRD0057,2026-03-24,196,7458.29,USD,1461824.84,cancelled,Underwood LLC,Philippines,54.2,CHEM-Ask-57,Chemicals,,,,2026-03,38.1,0.171,False
PO003705,SUP0019,PRD0016,2026-06-07,343,2616.11,USD,897325.73,open,Clark PLC,Germany,69.9,CHEM-Author-16,Chemicals,2026-06-16,pending,,2026-06,9.4,0.061,False
PO003706,SUP0014,PRD0132,2024-09-11,117,1934.82,USD,226373.94,fulfilled,"Flowers, Martin and Kelly",United States,46.7,CHEM-Art-132,Chemicals,2024-09-21,paid,2024-10-28,2024-09,,,
PO003707,SUP0014,PRD0056,2026-03-11,400,4.26,USD,1704.0,fulfilled,"Flowers, Martin and Kelly",United States,46.7,MACH-Billion-56,Machinery,2026-03-23,pending,,2026-03,7.3,0.025,False
PO003708,SUP0012,PRD0083,2025-06-01,398,467.51,USD,186068.98,fulfilled,Stanley LLC,Japan,60.6,TEXT-Billion-83,Textiles,2025-06-10,paid,2025-07-04,2025-06,16.0,0.035,False
PO003709,SUP0035,PRD0094,2026-03-25,950,248.87,USD,236426.5,fulfilled,Allen PLC,Brazil,54.5,MACH-Compare-94,Machinery,2026-04-04,paid,2026-04-10,2026-03,54.4,0.19,False
PO003710,SUP0002,PRD0143,2026-03-18,555,1918.56,USD,1064800.8,cancelled,Rhodes PLC,Germany,87.8,TEXT-Be-143,Textiles,,,,2026-03,14.7,0.046,False
PO003711,SUP0015,PRD0062,2025-08-09,253,458.99,USD,116124.47,fulfilled,"Zuniga, Wong and Lynch",India,76.1,TEXT-Training-62,Textiles,2025-08-18,paid,2025-09-10,2025-08,38.6,0.06,False
PO003712,SUP0031,PRD0110,2026-07-05,653,1835.19,USD,1198379.07,fulfilled,Harrell LLC,Brazil,87.2,CHEM-Still-110,Chemicals,2026-07-18,paid,2026-08-03,2026-07,48.2,0.19,False
PO003713,SUP0001,PRD0095,2024-11-01,146,1288.48,USD,188118.08,fulfilled,"Rodriguez, Figueroa and Sanchez",South Korea,74.7,PACK-Investment-95,Packaging,2024-11-03,paid,2024-11-30,2024-11,26.9,0.07,False
PO003714,SUP0030,PRD0121,2025-03-14,2156,4.94,USD,10650.64,fulfilled,Stanton-Gill,Indonesia,60.5,ELEC-Clear-121,Electronics,2025-03-21,pending,,2025-03,42.4,0.13,False
PO003715,SUP0012,PRD0052,2024-11-26,563,2.31,USD,1300.53,fulfilled,Stanley LLC,Japan,60.6,CHEM-Arm-52,Chemicals,2024-12-04,pending,,2024-11,21.0,0.049,False
PO003716,SUP0040,PRD0096,2025-04-11,147,16.05,USD,2359.35,fulfilled,"Santos, Kim and Holmes",Turkey,71.1,CHEM-Mention-96,Chemicals,2025-04-13,paid,2025-05-22,2025-04,71.0,0.215,True
PO003717,SUP0013,PRD0105,2025-10-02,39,11.49,USD,448.11,fulfilled,Delacruz Group,Germany,77.3,FOOD-Able-105,Food & Beverage,2025-10-13,paid,2025-11-17,2025-10,9.1,0.04,False
PO003718,SUP0030,PRD0141,2024-09-20,221,2.6,USD,574.6,fulfilled,Stanton-Gill,Indonesia,60.5,CHEM-Art-141,Chemicals,2024-09-23,paid,2024-10-26,2024-09,,,
PO003719,SUP0002,PRD0004,2025-08-10,198,4.44,USD,879.12,fulfilled,Rhodes PLC,Germany,87.8,FOOD-Against-4,Food & Beverage,2025-08-17,paid,2025-09-09,2025-08,16.1,0.042,False
PO003720,SUP0036,PRD0128,2025-11-24,287,38.1,USD,10934.7,open,Dennis Inc,South Korea,60.1,TEXT-Occur-128,Textiles,2025-11-27,paid,2026-01-07,2025-11,25.4,0.069,False
PO003721,SUP0015,PRD0023,2026-02-21,1011,194.7,USD,196841.7,open,"Zuniga, Wong and Lynch",India,76.1,MACH-Economy-23,Machinery,2026-02-24,overdue,,2026-02,43.0,0.103,False
PO003722,SUP0039,PRD0074,2026-04-13,223,109.38,USD,24391.74,fulfilled,"Campos, Vaughn and Marquez",South Korea,62.6,MACH-Enjoy-74,Machinery,2026-04-26,paid,2026-05-30,2026-04,19.5,0.063,False
PO003723,SUP0005,PRD0076,2026-07-26,199,59.01,USD,11742.99,fulfilled,Cole LLC,Mexico,58.0,PACK-Wind-76,Packaging,2026-08-01,paid,2026-09-08,2026-07,36.8,0.117,False
PO003724,SUP0013,PRD0003,2025-01-20,196,75.3,USD,14758.8,fulfilled,Delacruz Group,Germany,77.3,ELEC-Ground-3,Electronics,2025-01-24,paid,2025-02-13,2025-01,15.6,0.019,False
PO003725,SUP0017,PRD0117,2025-10-13,78,80.13,USD,6250.14,open,"Hawkins, Cohen and Cameron",Nigeria,42.8,CHEM-Only-117,Chemicals,2025-10-25,paid,2025-11-27,2025-10,67.8,0.34,False
PO003726,SUP0002,PRD0122,2025-09-02,356,798.94,USD,284422.64,cancelled,Rhodes PLC,Germany,87.8,CHEM-Customer-122,Chemicals,,,,2025-09,10.6,0.047,False
PO003727,SUP0025,PRD0111,2025-07-30,149,109.78,USD,16357.22,open,Conner Group,Bangladesh,77.2,PACK-Look-111,Packaging,2025-08-10,paid,2025-08-27,2025-07,51.7,0.17,False
PO003728,SUP0026,PRD0036,2024-09-12,408,3.91,USD,1595.28,fulfilled,James-Ferrell,Egypt,85.3,ELEC-Eight-36,Electronics,2024-09-20,paid,2024-10-08,2024-09,,,
PO003729,SUP0012,PRD0084,2024-12-10,200,288.44,USD,57688.0,fulfilled,Stanley LLC,Japan,60.6,PACK-Apply-84,Packaging,2024-12-18,paid,2025-01-19,2024-12,20.0,0.052,False
PO003730,SUP0005,PRD0014,2026-06-30,263,339.81,USD,89370.03,fulfilled,Cole LLC,Mexico,58.0,PACK-Artist-14,Packaging,2026-07-14,paid,2026-07-29,2026-06,40.7,0.128,False
PO003731,SUP0006,PRD0066,2026-06-21,449,1066.77,USD,478979.73,cancelled,Blake and Sons,China,58.0,TEXT-Customer-66,Textiles,,,,2026-06,25.4,0.077,False
PO003732,SUP0032,PRD0068,2026-04-03,1422,93.4,USD,132814.8,fulfilled,"Lynch, Hernandez and Farmer",Vietnam,57.2,FURN-List-68,Furniture,2026-04-14,pending,,2026-04,45.3,0.131,False
PO003733,SUP0033,PRD0085,2026-01-05,179,1903.92,USD,340801.68,open,"Sellers, George and Burns",China,78.7,CHEM-Reach-85,Chemicals,2026-01-14,paid,2026-02-05,2026-01,26.4,0.07,False
PO003734,SUP0025,PRD0070,2024-10-07,588,2.51,USD,1475.88,fulfilled,Conner Group,Bangladesh,77.2,PACK-Knowledge-70,Packaging,2024-10-20,paid,2024-10-26,2024-10,49.3,0.179,False
PO003735,SUP0002,PRD0074,2025-09-02,240,12.86,USD,3086.4,fulfilled,Rhodes PLC,Germany,87.8,MACH-Enjoy-74,Machinery,2025-09-06,paid,2025-09-14,2025-09,10.6,0.047,False
PO003736,SUP0035,PRD0096,2024-10-21,657,18.4,USD,12088.8,fulfilled,Allen PLC,Brazil,54.5,CHEM-Mention-96,Chemicals,2024-10-28,paid,2024-11-17,2024-10,55.5,0.177,False
PO003737,SUP0011,PRD0111,2024-12-07,307,47.43,USD,14561.01,open,"Montgomery, Hensley and Ray",Indonesia,56.0,PACK-Look-111,Packaging,2024-12-16,pending,,2024-12,38.7,0.122,False
PO003738,SUP0001,PRD0095,2024-11-12,212,1404.73,USD,297802.76,fulfilled,"Rodriguez, Figueroa and Sanchez",South Korea,74.7,PACK-Investment-95,Packaging,2024-11-19,pending,,2024-11,26.9,0.07,False
PO003739,SUP0010,PRD0097,2025-09-08,493,499.72,USD,246361.96,fulfilled,"Martinez, Nielsen and Miller",Egypt,43.6,ELEC-Medical-97,Electronics,2025-09-19,pending,,2025-09,47.1,0.185,False
PO003740,SUP0006,PRD0013,2025-10-05,221,105.23,USD,23255.83,open,Blake and Sons,China,58.0,CHEM-Program-13,Chemicals,2025-10-12,pending,,2025-10,30.7,0.06,False
PO003741,SUP0011,PRD0095,2026-03-13,843,407.4,USD,343438.2,cancelled,"Montgomery, Hensley and Ray",Indonesia,56.0,PACK-Investment-95,Packaging,,,,2026-03,42.6,0.169,False
PO003742,SUP0002,PRD0067,2026-03-21,84,19.57,USD,1643.88,fulfilled,Rhodes PLC,Germany,87.8,FURN-Not-67,Furniture,2026-04-03,paid,2026-04-23,2026-03,14.7,0.046,False
PO003743,SUP0019,PRD0132,2025-10-26,132,349.6,USD,46147.2,open,Clark PLC,Germany,69.9,CHEM-Art-132,Chemicals,2025-11-07,paid,2025-11-30,2025-10,7.6,0.055,False
PO003744,SUP0012,PRD0103,2025-07-16,97,286.92,USD,27831.24,fulfilled,Stanley LLC,Japan,60.6,AUTO-Community-103,Automotive Parts,2025-07-26,paid,2025-08-01,2025-07,15.1,0.039,False
PO003745,SUP0002,PRD0081,2025-07-18,117,1506.99,USD,176317.83,open,Rhodes PLC,Germany,87.8,PACK-Total-81,Packaging,2025-07-21,paid,2025-07-27,2025-07,12.5,0.035,False
PO003746,SUP0030,PRD0087,2026-05-29,975,291.88,USD,284583.0,open,Stanton-Gill,Indonesia,60.5,MACH-Think-87,Machinery,2026-06-07,paid,2026-06-26,2026-05,39.8,0.126,False
PO003747,SUP0015,PRD0007,2025-03-01,60,128.7,USD,7722.0,fulfilled,"Zuniga, Wong and Lynch",India,76.1,TEXT-Drug-7,Textiles,2025-03-03,paid,2025-04-03,2025-03,34.2,0.099,False
PO003748,SUP0013,PRD0058,2026-02-05,128,2841.39,USD,363697.92,fulfilled,Delacruz Group,Germany,77.3,AUTO-Interesting-58,Automotive Parts,2026-02-07,overdue,,2026-02,12.2,0.038,False
PO003749,SUP0034,PRD0117,2025-05-15,35,1198.78,USD,41957.3,fulfilled,Koch-Decker,India,69.9,CHEM-Only-117,Chemicals,2025-05-28,paid,2025-07-04,2025-05,48.1,0.128,False
PO003750,SUP0025,PRD0070,2025-04-09,163,3.24,USD,528.12,fulfilled,Conner Group,Bangladesh,77.2,PACK-Knowledge-70,Packaging,2025-04-11,paid,2025-05-08,2025-04,53.6,0.114,False
PO003751,SUP0008,PRD0084,2024-10-23,220,1039.3,USD,228646.0,fulfilled,Davis Inc,Pakistan,69.7,PACK-Apply-84,Packaging,2024-10-29,overdue,,2024-10,62.8,0.317,False
PO003752,SUP0020,PRD0144,2026-01-27,218,11.53,USD,2513.54,fulfilled,Lewis-Porter,Pakistan,59.2,FURN-Today-144,Furniture,2026-02-07,paid,2026-02-19,2026-01,64.1,0.172,False
PO003753,SUP0021,PRD0075,2025-01-11,659,2895.98,USD,1908450.82,fulfilled,"Ellis, Baker and Wright",India,80.5,TEXT-Two-75,Textiles,2025-01-16,paid,2025-02-18,2025-01,41.3,0.071,False
PO003754,SUP0026,PRD0102,2026-03-24,160,123.1,USD,19696.0,fulfilled,James-Ferrell,Egypt,85.3,TEXT-Artist-102,Textiles,2026-04-04,paid,2026-04-15,2026-03,55.8,0.205,False
PO003755,SUP0007,PRD0094,2026-03-19,244,4476.56,USD,1092280.64,open,Ramirez-Lewis,South Korea,49.8,MACH-Compare-94,Machinery,2026-03-30,paid,2026-05-09,2026-03,8.6,0.084,False
PO003756,SUP0030,PRD0136,2025-05-24,184,961.57,USD,176928.88,open,Stanton-Gill,Indonesia,60.5,AUTO-Morning-136,Automotive Parts,2025-06-07,pending,,2025-05,44.2,0.119,False
PO003757,SUP0036,PRD0141,2025-01-03,546,4.56,USD,2489.76,fulfilled,Dennis Inc,South Korea,60.1,CHEM-Art-141,Chemicals,2025-01-16,paid,2025-01-25,2025-01,19.3,0.048,False
PO003758,SUP0006,PRD0026,2026-08-01,46,4.38,USD,201.48,fulfilled,Blake and Sons,China,58.0,PACK-Mention-26,Packaging,2026-08-14,paid,2026-09-14,2026-08,29.7,0.069,False
PO003759,SUP0019,PRD0079,2026-04-16,1018,211.28,USD,215083.04,fulfilled,Clark PLC,Germany,69.9,FOOD-System-79,Food & Beverage,2026-04-17,paid,2026-05-03,2026-04,12.5,0.048,False
PO003760,SUP0027,PRD0104,2025-12-13,302,102.18,USD,30858.36,fulfilled,"Valencia, Smith and Le",Vietnam,70.4,AUTO-Hundred-104,Automotive Parts,2025-12-27,paid,2026-01-11,2025-12,46.5,0.058,False
PO003761,SUP0010,PRD0139,2025-05-13,71,12.4,USD,880.4,open,"Martinez, Nielsen and Miller",Egypt,43.6,FOOD-Nice-139,Food & Beverage,2025-05-17,paid,2025-06-14,2025-05,54.0,0.191,False
PO003762,SUP0012,PRD0082,2025-04-30,55,1796.17,USD,98789.35,fulfilled,Stanley LLC,Japan,60.6,AUTO-Oil-82,Automotive Parts,2025-05-02,paid,2025-05-15,2025-04,10.5,0.055,False
PO003763,SUP0016,PRD0040,2025-01-31,632,831.03,USD,525210.96,open,"Sanchez, Ford and Nelson",Mexico,67.6,FURN-Investment-40,Furniture,2025-02-01,paid,2025-03-10,2025-01,38.0,0.122,False
PO003764,SUP0037,PRD0027,2026-08-17,238,238.63,USD,56793.94,fulfilled,"Cannon, Anderson and Alvarez",United States,65.1,TEXT-Difficult-27,Textiles,2026-08-25,paid,2026-09-01,2026-08,15.8,0.024,False
PO003765,SUP0030,PRD0042,2026-07-28,809,991.86,USD,802414.74,fulfilled,Stanton-Gill,Indonesia,60.5,TEXT-Between-42,Textiles,2026-08-10,pending,,2026-07,40.0,0.137,False
PO003766,SUP0024,PRD0114,2025-04-30,138,53.57,USD,7392.66,fulfilled,Campos Inc,Mexico,79.6,FOOD-Same-114,Food & Beverage,2025-05-13,pending,,2025-04,45.0,0.168,False
PO003767,SUP0030,PRD0024,2024-09-28,310,3.09,USD,957.9,fulfilled,Stanton-Gill,Indonesia,60.5,MACH-Family-24,Machinery,2024-10-06,overdue,,2024-09,,,
PO003768,SUP0002,PRD0109,2025-12-13,170,279.27,USD,47475.9,fulfilled,Rhodes PLC,Germany,87.8,CHEM-Step-109,Chemicals,2025-12-16,paid,2026-01-21,2025-12,12.4,0.044,False
PO003769,SUP0038,PRD0048,2024-11-24,1004,1003.61,USD,1007624.44,fulfilled,Rose-Obrien,South Africa,61.5,FOOD-Item-48,Food & Beverage,2024-11-29,paid,2024-12-30,2024-11,49.7,0.162,False
PO003770,SUP0023,PRD0030,2025-06-10,961,12.54,USD,12050.94,fulfilled,Robinson-Bright,Indonesia,70.0,AUTO-Several-30,Automotive Parts,2025-06-19,paid,2025-07-28,2025-06,46.4,0.077,False
PO003771,SUP0002,PRD0040,2025-08-16,608,2388.87,USD,1452432.96,open,Rhodes PLC,Germany,87.8,FURN-Investment-40,Furniture,2025-08-18,paid,2025-10-01,2025-08,16.1,0.042,False
PO003772,SUP0040,PRD0093,2024-11-10,155,182.02,USD,28213.1,fulfilled,"Santos, Kim and Holmes",Turkey,71.1,TEXT-Economic-93,Textiles,2024-11-22,paid,2024-12-13,2024-11,60.2,0.228,False
PO003773,SUP0031,PRD0070,2025-12-16,625,2.86,USD,1787.5,fulfilled,Harrell LLC,Brazil,87.2,PACK-Knowledge-70,Packaging,2025-12-22,paid,2025-12-29,2025-12,50.6,0.115,False
PO003774,SUP0020,PRD0122,2025-02-24,808,7.99,USD,6455.92,fulfilled,Lewis-Porter,Pakistan,59.2,CHEM-Customer-122,Chemicals,2025-03-02,overdue,,2025-02,61.8,0.272,False
PO003775,SUP0019,PRD0043,2025-12-02,1395,79.63,USD,111083.85,fulfilled,Clark PLC,Germany,69.9,CHEM-Bill-43,Chemicals,2025-12-09,pending,,2025-12,13.8,0.044,False
PO003776,SUP0018,PRD0135,2025-11-20,499,2174.85,USD,1085250.15,fulfilled,Underwood LLC,Philippines,54.2,CHEM-Me-135,Chemicals,2025-11-21,pending,,2025-11,53.3,0.127,False
PO003777,SUP0006,PRD0066,2025-09-02,267,3.46,USD,923.82,fulfilled,Blake and Sons,China,58.0,TEXT-Customer-66,Textiles,2025-09-05,paid,2025-09-22,2025-09,23.1,0.072,False
PO003778,SUP0015,PRD0137,2025-07-20,206,1056.33,USD,217603.98,open,"Zuniga, Wong and Lynch",India,76.1,FOOD-Wide-137,Food & Beverage,2025-07-21,paid,2025-08-11,2025-07,41.4,0.105,False
PO003779,SUP0003,PRD0038,2025-10-20,757,455.64,USD,344919.48,open,Johnson-Davis,Vietnam,88.7,ELEC-Material-38,Electronics,2025-10-28,pending,,2025-10,50.1,0.139,False
PO003780,SUP0017,PRD0097,2025-10-26,224,1685.2,USD,377484.8,open,"Hawkins, Cohen and Cameron",Nigeria,42.8,ELEC-Medical-97,Electronics,2025-11-01,pending,,2025-10,67.8,0.34,False
PO003781,SUP0025,PRD0004,2025-05-07,533,7.56,USD,4029.48,fulfilled,Conner Group,Bangladesh,77.2,FOOD-Against-4,Food & Beverage,2025-05-18,paid,2025-06-27,2025-05,60.0,0.182,False
PO003782,SUP0035,PRD0141,2025-12-24,457,1215.39,USD,555433.23,fulfilled,Allen PLC,Brazil,54.5,CHEM-Art-141,Chemicals,2025-12-28,paid,2026-02-02,2025-12,43.5,0.166,False
PO003783,SUP0006,PRD0115,2026-07-21,405,642.18,USD,260082.9,fulfilled,Blake and Sons,China,58.0,FOOD-Side-115,Food & Beverage,2026-08-03,paid,2026-08-28,2026-07,30.6,0.073,False
PO003784,SUP0021,PRD0141,2025-05-06,670,2119.39,USD,1419991.3,fulfilled,"Ellis, Baker and Wright",India,80.5,CHEM-Art-141,Chemicals,2025-05-14,paid,2025-06-22,2025-05,43.6,0.104,False
PO003785,SUP0001,PRD0017,2025-10-13,319,49.22,USD,15701.18,fulfilled,"Rodriguez, Figueroa and Sanchez",South Korea,74.7,TEXT-Western-17,Textiles,2025-10-17,pending,,2025-10,18.1,0.098,False
PO003786,SUP0008,PRD0015,2026-08-11,127,77.54,USD,9847.58,open,Davis Inc,Pakistan,69.7,TEXT-Drop-15,Textiles,2026-08-15,paid,2026-09-09,2026-08,58.8,0.31,False
PO003787,SUP0027,PRD0048,2025-04-07,110,1835.26,USD,201878.6,fulfilled,"Valencia, Smith and Le",Vietnam,70.4,FOOD-Item-48,Food & Beverage,2025-04-15,paid,2025-05-26,2025-04,44.9,0.133,False
PO003788,SUP0013,PRD0120,2025-10-20,96,131.76,USD,12648.96,fulfilled,Delacruz Group,Germany,77.3,MACH-Message-120,Machinery,2025-11-01,paid,2025-11-25,2025-10,9.1,0.04,False
PO003789,SUP0021,PRD0016,2024-12-24,297,2692.43,USD,799651.71,fulfilled,"Ellis, Baker and Wright",India,80.5,CHEM-Author-16,Chemicals,2024-12-26,paid,2025-01-20,2024-12,38.4,0.078,False
PO003790,SUP0038,PRD0070,2026-05-25,358,842.56,USD,301636.48,cancelled,Rose-Obrien,South Africa,61.5,PACK-Knowledge-70,Packaging,,,,2026-05,60.0,0.187,False
PO003791,SUP0026,PRD0122,2026-04-11,47,10.65,USD,500.55,fulfilled,James-Ferrell,Egypt,85.3,CHEM-Customer-122,Chemicals,2026-04-12,paid,2026-05-22,2026-04,49.2,0.146,False
PO003792,SUP0004,PRD0075,2024-11-25,385,70.88,USD,27288.8,open,"Johnson, Gonzalez and Santos",Mexico,76.5,TEXT-Two-75,Textiles,2024-12-09,paid,2024-12-17,2024-11,34.3,0.129,False
PO003793,SUP0036,PRD0091,2024-12-02,934,334.91,USD,312805.94,fulfilled,Dennis Inc,South Korea,60.1,FOOD-Some-91,Food & Beverage,2024-12-08,paid,2024-12-25,2024-12,26.8,0.062,False
PO003794,SUP0024,PRD0027,2026-08-11,170,272.67,USD,46353.9,open,Campos Inc,Mexico,79.6,TEXT-Difficult-27,Textiles,2026-08-17,paid,2026-09-28,2026-08,42.9,0.103,False
PO003795,SUP0010,PRD0064,2025-03-23,653,2635.84,USD,1721203.52,fulfilled,"Martinez, Nielsen and Miller",Egypt,43.6,AUTO-Energy-64,Automotive Parts,2025-03-31,pending,,2025-03,58.9,0.129,False
PO003796,SUP0026,PRD0020,2026-08-09,605,2.34,USD,1415.7,cancelled,James-Ferrell,Egypt,85.3,FOOD-Give-20,Food & Beverage,,,,2026-08,63.3,0.217,False
PO003797,SUP0013,PRD0108,2024-09-05,813,97.64,USD,79381.32,fulfilled,Delacruz Group,Germany,77.3,FURN-With-108,Furniture,2024-09-12,overdue,,2024-09,,,
PO003798,SUP0003,PRD0070,2025-03-15,219,4.59,USD,1005.21,fulfilled,Johnson-Davis,Vietnam,88.7,PACK-Knowledge-70,Packaging,2025-03-25,pending,,2025-03,37.0,0.116,False
PO003799,SUP0028,PRD0008,2025-06-09,24,10.62,USD,254.88,fulfilled,"Potter, Mack and Peterson",Germany,88.1,PACK-Per-8,Packaging,2025-06-23,paid,2025-07-02,2025-06,10.5,0.039,False
PO003800,SUP0032,PRD0058,2025-11-15,358,9.03,USD,3232.74,fulfilled,"Lynch, Hernandez and Farmer",Vietnam,57.2,AUTO-Interesting-58,Automotive Parts,2025-11-19,paid,2025-12-02,2025-11,43.3,0.103,False
PO003801,SUP0014,PRD0024,2025-10-18,318,4.28,USD,1361.04,fulfilled,"Flowers, Martin and Kelly",United States,46.7,MACH-Family-24,Machinery,2025-10-25,paid,2025-11-27,2025-10,17.3,0.029,False
PO003802,SUP0010,PRD0036,2025-07-13,204,7.66,USD,1562.64,fulfilled,"Martinez, Nielsen and Miller",Egypt,43.6,ELEC-Eight-36,Electronics,2025-07-25,paid,2025-07-31,2025-07,54.1,0.156,True
PO003803,SUP0001,PRD0018,2026-04-23,531,34.74,USD,18446.94,open,"Rodriguez, Figueroa and Sanchez",South Korea,74.7,FURN-Almost-18,Furniture,2026-04-27,pending,,2026-04,15.1,0.06,False
PO003804,SUP0013,PRD0005,2026-06-03,242,2499.3,USD,604830.6,fulfilled,Delacruz Group,Germany,77.3,TEXT-Per-5,Textiles,2026-06-08,paid,2026-07-18,2026-06,7.3,0.038,False
PO003805,SUP0028,PRD0077,2025-08-15,441,2.31,USD,1018.71,cancelled,"Potter, Mack and Peterson",Germany,88.1,FURN-Bag-77,Furniture,,,,2025-08,9.0,0.041,False
PO003806,SUP0029,PRD0105,2025-11-20,438,1452.91,USD,636374.58,fulfilled,Chavez Ltd,Poland,66.3,FOOD-Able-105,Food & Beverage,2025-11-24,overdue,,2025-11,26.7,0.107,False
PO003807,SUP0002,PRD0092,2026-06-15,643,13.78,USD,8860.54,fulfilled,Rhodes PLC,Germany,87.8,ELEC-Time-92,Electronics,2026-06-28,paid,2026-07-20,2026-06,6.5,0.039,False
PO003808,SUP0015,PRD0060,2026-02-24,83,26.91,USD,2233.53,open,"Zuniga, Wong and Lynch",India,76.1,TEXT-Group-60,Textiles,2026-03-02,paid,2026-03-24,2026-02,43.0,0.103,False
PO003809,SUP0012,PRD0095,2026-08-18,349,2044.52,USD,713537.48,fulfilled,Stanley LLC,Japan,60.6,PACK-Investment-95,Packaging,2026-08-21,paid,2026-09-09,2026-08,20.7,0.044,False
PO003810,SUP0040,PRD0074,2025-11-01,567,102.7,USD,58230.9,fulfilled,"Santos, Kim and Holmes",Turkey,71.1,MACH-Enjoy-74,Machinery,2025-11-04,pending,,2025-11,50.3,0.246,True
PO003811,SUP0009,PRD0094,2025-01-03,218,116.45,USD,25386.1,open,Munoz-Roman,United States,66.0,MACH-Compare-94,Machinery,2025-01-14,pending,,2025-01,11.0,0.029,False
PO003812,SUP0008,PRD0086,2024-12-22,587,162.95,USD,95651.65,fulfilled,Davis Inc,Pakistan,69.7,AUTO-Now-86,Automotive Parts,2025-01-01,paid,2025-02-04,2024-12,65.3,0.247,False
PO003813,SUP0004,PRD0081,2026-03-03,195,92.79,USD,18094.05,cancelled,"Johnson, Gonzalez and Santos",Mexico,76.5,PACK-Total-81,Packaging,,,,2026-03,32.4,0.136,False
PO003814,SUP0019,PRD0021,2025-12-27,313,2823.19,USD,883658.47,fulfilled,Clark PLC,Germany,69.9,MACH-Avoid-21,Machinery,2026-01-07,paid,2026-01-18,2025-12,13.8,0.044,False
PO003815,SUP0029,PRD0015,2025-10-09,286,609.23,USD,174239.78,open,Chavez Ltd,Poland,66.3,TEXT-Drop-15,Textiles,2025-10-13,paid,2025-11-14,2025-10,35.9,0.082,False
PO003816,SUP0013,PRD0087,2025-03-23,145,1035.72,USD,150179.4,fulfilled,Delacruz Group,Germany,77.3,MACH-Think-87,Machinery,2025-04-04,paid,2025-04-24,2025-03,13.1,0.046,False
PO003817,SUP0032,PRD0005,2025-02-21,181,274.21,USD,49632.01,fulfilled,"Lynch, Hernandez and Farmer",Vietnam,57.2,TEXT-Per-5,Textiles,2025-03-03,pending,,2025-02,38.5,0.081,False
PO003818,SUP0021,PRD0058,2026-07-22,264,432.91,USD,114288.24,fulfilled,"Ellis, Baker and Wright",India,80.5,AUTO-Interesting-58,Automotive Parts,2026-07-29,paid,2026-09-05,2026-07,39.7,0.105,False
PO003819,SUP0037,PRD0121,2024-11-05,181,346.29,USD,62678.49,fulfilled,"Cannon, Anderson and Alvarez",United States,65.1,ELEC-Clear-121,Electronics,2024-11-14,paid,2024-12-02,2024-11,14.8,0.037,False
PO003820,SUP0015,PRD0091,2024-09-13,261,4.79,USD,1250.19,fulfilled,"Zuniga, Wong and Lynch",India,76.1,FOOD-Some-91,Food & Beverage,2024-09-25,paid,2024-10-16,2024-09,,,
PO003821,SUP0035,PRD0119,2026-03-02,503,1759.88,USD,885219.64,fulfilled,Allen PLC,Brazil,54.5,TEXT-Serious-119,Textiles,2026-03-15,paid,2026-04-01,2026-03,54.4,0.19,False
PO003822,SUP0015,PRD0109,2024-12-08,130,3.72,USD,483.6,fulfilled,"Zuniga, Wong and Lynch",India,76.1,CHEM-Step-109,Chemicals,2024-12-15,paid,2025-01-12,2024-12,41.3,0.09,False
PO003823,SUP0036,PRD0070,2025-01-11,277,6474.42,USD,1793414.34,fulfilled,Dennis Inc,South Korea,60.1,PACK-Knowledge-70,Packaging,2025-01-24,pending,,2025-01,19.3,0.048,False
PO003824,SUP0008,PRD0102,2025-02-18,89,337.18,USD,30009.02,open,Davis Inc,Pakistan,69.7,TEXT-Artist-102,Textiles,2025-02-23,paid,2025-03-07,2025-02,63.9,0.253,False
PO003825,SUP0019,PRD0103,2026-08-01,91,2.35,USD,213.85,fulfilled,Clark PLC,Germany,69.9,AUTO-Community-103,Automotive Parts,2026-08-08,paid,2026-08-24,2026-08,7.9,0.027,False
PO003826,SUP0039,PRD0147,2024-09-20,715,2302.19,USD,1646065.85,open,"Campos, Vaughn and Marquez",South Korea,62.6,FURN-Physical-147,Furniture,2024-10-02,paid,2024-11-03,2024-09,,,
PO003827,SUP0037,PRD0076,2026-01-06,167,2.34,USD,390.78,fulfilled,"Cannon, Anderson and Alvarez",United States,65.1,PACK-Wind-76,Packaging,2026-01-09,paid,2026-02-08,2026-01,22.9,0.041,False
PO003828,SUP0013,PRD0058,2025-03-06,33,201.5,USD,6649.5,fulfilled,Delacruz Group,Germany,77.3,AUTO-Interesting-58,Automotive Parts,2025-03-12,pending,,2025-03,13.1,0.046,False
PO003829,SUP0025,PRD0095,2025-07-28,443,203.18,USD,90008.74,fulfilled,Conner Group,Bangladesh,77.2,PACK-Investment-95,Packaging,2025-08-08,overdue,,2025-07,51.7,0.17,False
PO003830,SUP0025,PRD0083,2026-07-24,994,10.72,USD,10655.68,fulfilled,Conner Group,Bangladesh,77.2,TEXT-Billion-83,Textiles,2026-07-31,paid,2026-08-14,2026-07,49.7,0.098,False
PO003831,SUP0013,PRD0075,2025-04-15,1048,240.28,USD,251813.44,fulfilled,Delacruz Group,Germany,77.3,TEXT-Two-75,Textiles,2025-04-25,paid,2025-05-09,2025-04,7.2,0.043,False
PO003832,SUP0010,PRD0015,2024-11-04,210,4.98,USD,1045.8,fulfilled,"Martinez, Nielsen and Miller",Egypt,43.6,TEXT-Drop-15,Textiles,2024-11-11,paid,2024-11-21,2024-11,56.9,0.198,False
PO003833,SUP0039,PRD0013,2025-06-06,166,2.82,USD,468.12,fulfilled,"Campos, Vaughn and Marquez",South Korea,62.6,CHEM-Program-13,Chemicals,2025-06-09,paid,2025-07-17,2025-06,18.9,0.093,False
PO003834,SUP0025,PRD0057,2025-05-30,267,25.75,USD,6875.25,fulfilled,Conner Group,Bangladesh,77.2,CHEM-Ask-57,Chemicals,2025-06-10,paid,2025-07-03,2025-05,60.0,0.182,False
PO003835,SUP0032,PRD0037,2024-09-11,214,493.61,USD,105632.54,fulfilled,"Lynch, Hernandez and Farmer",Vietnam,57.2,CHEM-Still-37,Chemicals,2024-09-12,overdue,,2024-09,,,
PO003836,SUP0027,PRD0128,2026-05-21,489,19.92,USD,9740.88,fulfilled,"Valencia, Smith and Le",Vietnam,70.4,TEXT-Occur-128,Textiles,2026-06-04,paid,2026-06-19,2026-05,48.1,0.102,False
PO003837,SUP0023,PRD0070,2024-12-16,308,26.59,USD,8189.72,fulfilled,Robinson-Bright,Indonesia,70.0,PACK-Knowledge-70,Packaging,2024-12-18,paid,2024-12-23,2024-12,46.4,0.115,False
PO003838,SUP0010,PRD0148,2024-12-03,46,971.07,USD,44669.22,fulfilled,"Martinez, Nielsen and Miller",Egypt,43.6,FOOD-Author-148,Food & Beverage,2024-12-17,paid,2025-01-01,2024-12,48.1,0.214,False
PO003839,SUP0031,PRD0078,2026-04-02,159,2.35,USD,373.65,fulfilled,Harrell LLC,Brazil,87.2,AUTO-Level-78,Automotive Parts,2026-04-13,paid,2026-05-08,2026-04,48.8,0.136,False
PO003840,SUP0038,PRD0056,2025-02-05,110,1210.9,USD,133199.0,fulfilled,Rose-Obrien,South Africa,61.5,MACH-Billion-56,Machinery,2025-02-10,pending,,2025-02,55.3,0.194,False
PO003841,SUP0006,PRD0020,2025-01-22,138,1275.83,USD,176064.54,fulfilled,Blake and Sons,China,58.0,FOOD-Give-20,Food & Beverage,2025-02-01,paid,2025-02-10,2025-01,26.5,0.063,False
PO003842,SUP0015,PRD0102,2025-01-02,728,1006.72,USD,732892.16,fulfilled,"Zuniga, Wong and Lynch",India,76.1,TEXT-Artist-102,Textiles,2025-01-08,pending,,2025-01,31.9,0.11,False
PO003843,SUP0023,PRD0066,2025-07-05,536,9.62,USD,5156.32,open,Robinson-Bright,Indonesia,70.0,TEXT-Customer-66,Textiles,2025-07-17,paid,2025-08-28,2025-07,46.9,0.161,False
PO003844,SUP0013,PRD0059,2024-09-27,404,1607.82,USD,649559.28,fulfilled,Delacruz Group,Germany,77.3,FOOD-Should-59,Food & Beverage,2024-10-01,pending,,2024-09,,,
PO003845,SUP0008,PRD0141,2025-04-18,29,10.37,USD,300.73,fulfilled,Davis Inc,Pakistan,69.7,CHEM-Art-141,Chemicals,2025-04-22,paid,2025-05-04,2025-04,64.8,0.289,False
PO003846,SUP0036,PRD0059,2025-02-10,135,10.21,USD,1378.35,open,Dennis Inc,South Korea,60.1,FOOD-Should-59,Food & Beverage,2025-02-16,paid,2025-03-09,2025-02,29.9,0.059,False
PO003847,SUP0006,PRD0117,2025-09-18,145,2.38,USD,345.1,fulfilled,Blake and Sons,China,58.0,CHEM-Only-117,Chemicals,2025-09-23,overdue,,2025-09,23.1,0.072,False
PO003848,SUP0021,PRD0040,2024-10-01,405,2287.77,USD,926546.85,fulfilled,"Ellis, Baker and Wright",India,80.5,FURN-Investment-40,Furniture,2024-10-14,pending,,2024-10,42.1,0.126,False
PO003849,SUP0019,PRD0114,2026-03-17,246,5.29,USD,1301.34,fulfilled,Clark PLC,Germany,69.9,FOOD-Same-114,Food & Beverage,2026-03-20,pending,,2026-03,18.2,0.041,False
PO003850,SUP0013,PRD0045,2024-10-04,176,4.62,USD,813.12,fulfilled,Delacruz Group,Germany,77.3,CHEM-Lawyer-45,Chemicals,2024-10-16,overdue,,2024-10,16.9,0.031,False
PO003851,SUP0016,PRD0104,2025-09-08,301,256.06,USD,77074.06,fulfilled,"Sanchez, Ford and Nelson",Mexico,67.6,AUTO-Hundred-104,Automotive Parts,2025-09-19,paid,2025-10-21,2025-09,39.7,0.136,False
PO003852,SUP0025,PRD0114,2026-01-02,317,919.31,USD,291421.27,fulfilled,Conner Group,Bangladesh,77.2,FOOD-Same-114,Food & Beverage,2026-01-07,pending,,2026-01,60.7,0.114,False
PO003853,SUP0006,PRD0103,2025-05-14,261,2.58,USD,673.38,open,Blake and Sons,China,58.0,AUTO-Community-103,Automotive Parts,2025-05-25,overdue,,2025-05,30.3,0.116,False
PO003854,SUP0011,PRD0109,2025-11-28,1385,3.62,USD,5013.7,fulfilled,"Montgomery, Hensley and Ray",Indonesia,56.0,CHEM-Step-109,Chemicals,2025-12-11,paid,2025-12-17,2025-11,38.5,0.105,False
PO003855,SUP0008,PRD0066,2026-05-12,316,340.19,USD,107500.04,fulfilled,Davis Inc,Pakistan,69.7,TEXT-Customer-66,Textiles,2026-05-19,paid,2026-06-01,2026-05,67.5,0.153,False
PO003856,SUP0036,PRD0136,2025-04-17,143,4123.59,USD,589673.37,fulfilled,Dennis Inc,South Korea,60.1,AUTO-Morning-136,Automotive Parts,2025-04-19,paid,2025-05-01,2025-04,23.2,0.075,False
PO003857,SUP0025,PRD0122,2025-08-20,197,576.7,USD,113609.9,fulfilled,Conner Group,Bangladesh,77.2,CHEM-Customer-122,Chemicals,2025-08-30,paid,2025-09-27,2025-08,56.9,0.201,False
PO003858,SUP0039,PRD0132,2026-02-20,231,27.85,USD,6433.35,fulfilled,"Campos, Vaughn and Marquez",South Korea,62.6,CHEM-Art-132,Chemicals,2026-02-25,paid,2026-04-03,2026-02,28.3,0.078,False
PO003859,SUP0033,PRD0095,2025-03-02,712,5594.23,USD,3983091.76,open,"Sellers, George and Burns",China,78.7,PACK-Investment-95,Packaging,2025-03-08,paid,2025-03-23,2025-03,27.9,0.116,False
PO003860,SUP0020,PRD0133,2025-08-12,271,1149.05,USD,311392.55,fulfilled,Lewis-Porter,Pakistan,59.2,PACK-Apply-133,Packaging,2025-08-14,paid,2025-09-07,2025-08,63.6,0.226,False
PO003861,SUP0008,PRD0038,2024-11-07,643,10.9,USD,7008.7,open,Davis Inc,Pakistan,69.7,ELEC-Material-38,Electronics,2024-11-12,paid,2024-12-13,2024-11,59.6,0.179,False
PO003862,SUP0037,PRD0085,2026-07-07,137,3.07,USD,420.59,open,"Cannon, Anderson and Alvarez",United States,65.1,CHEM-Reach-85,Chemicals,2026-07-18,paid,2026-08-25,2026-07,16.3,0.039,False
PO003863,SUP0008,PRD0081,2026-04-20,1767,1478.24,USD,2612050.08,open,Davis Inc,Pakistan,69.7,PACK-Total-81,Packaging,2026-05-03,pending,,2026-04,58.2,0.24,False
PO003864,SUP0031,PRD0072,2025-09-20,554,52.27,USD,28957.58,fulfilled,Harrell LLC,Brazil,87.2,TEXT-Family-72,Textiles,2025-10-01,paid,2025-11-04,2025-09,51.5,0.138,False
PO003865,SUP0006,PRD0150,2026-07-06,140,871.81,USD,122053.4,fulfilled,Blake and Sons,China,58.0,TEXT-Training-150,Textiles,2026-07-10,overdue,,2026-07,30.6,0.073,False
PO003866,SUP0028,PRD0037,2025-11-10,384,1733.65,USD,665721.6,fulfilled,"Potter, Mack and Peterson",Germany,88.1,CHEM-Still-37,Chemicals,2025-11-24,pending,,2025-11,19.8,0.036,False
PO003867,SUP0008,PRD0058,2026-05-09,57,3.43,USD,195.51,fulfilled,Davis Inc,Pakistan,69.7,AUTO-Interesting-58,Automotive Parts,2026-05-10,paid,2026-05-27,2026-05,67.5,0.153,False
PO003868,SUP0004,PRD0084,2025-10-11,626,164.24,USD,102814.24,fulfilled,"Johnson, Gonzalez and Santos",Mexico,76.5,PACK-Apply-84,Packaging,2025-10-17,paid,2025-11-23,2025-10,35.5,0.148,False
PO003869,SUP0034,PRD0083,2024-11-15,394,120.31,USD,47402.14,cancelled,Koch-Decker,India,69.9,TEXT-Billion-83,Textiles,,,,2024-11,36.4,0.057,False
PO003870,SUP0037,PRD0021,2024-09-09,140,1347.35,USD,188629.0,cancelled,"Cannon, Anderson and Alvarez",United States,65.1,MACH-Avoid-21,Machinery,,,,2024-09,,,
PO003871,SUP0033,PRD0137,2025-08-18,85,5.05,USD,429.25,open,"Sellers, George and Burns",China,78.7,FOOD-Wide-137,Food & Beverage,2025-08-22,paid,2025-09-30,2025-08,32.7,0.095,False
PO003872,SUP0007,PRD0117,2026-06-14,327,6842.18,USD,2237392.86,cancelled,Ramirez-Lewis,South Korea,49.8,CHEM-Only-117,Chemicals,,,,2026-06,23.9,0.084,False
PO003873,SUP0030,PRD0084,2025-03-07,216,3507.72,USD,757667.52,fulfilled,Stanton-Gill,Indonesia,60.5,PACK-Apply-84,Packaging,2025-03-18,pending,,2025-03,42.4,0.13,False
PO003874,SUP0006,PRD0019,2026-07-30,103,3917.7,USD,403523.1,fulfilled,Blake and Sons,China,58.0,PACK-Trade-19,Packaging,2026-08-12,pending,,2026-07,30.6,0.073,False
PO003875,SUP0022,PRD0109,2024-09-22,199,2.35,USD,467.65,fulfilled,Burgess-Patterson,Pakistan,79.0,CHEM-Step-109,Chemicals,2024-10-03,paid,2024-11-08,2024-09,,,
PO003876,SUP0030,PRD0017,2024-10-17,163,2971.43,USD,484343.09,fulfilled,Stanton-Gill,Indonesia,60.5,TEXT-Western-17,Textiles,2024-10-29,paid,2024-11-20,2024-10,45.8,0.054,False
PO003877,SUP0040,PRD0070,2025-02-13,187,103.43,USD,19341.41,fulfilled,"Santos, Kim and Holmes",Turkey,71.1,PACK-Knowledge-70,Packaging,2025-02-17,paid,2025-03-25,2025-02,60.3,0.164,False
PO003878,SUP0009,PRD0055,2026-04-24,372,248.38,USD,92397.36,fulfilled,Munoz-Roman,United States,66.0,FURN-Race-55,Furniture,2026-05-05,pending,,2026-04,13.6,0.032,False
PO003879,SUP0001,PRD0124,2025-01-20,529,393.21,USD,208008.09,fulfilled,"Rodriguez, Figueroa and Sanchez",South Korea,74.7,ELEC-Director-124,Electronics,2025-01-29,paid,2025-02-24,2025-01,19.2,0.072,False
PO003880,SUP0001,PRD0111,2026-08-08,106,3.6,USD,381.6,fulfilled,"Rodriguez, Figueroa and Sanchez",South Korea,74.7,PACK-Look-111,Packaging,2026-08-10,paid,2026-09-17,2026-08,29.1,0.075,False
PO003881,SUP0034,PRD0090,2026-05-12,598,117.96,USD,70540.08,open,Koch-Decker,India,69.9,MACH-With-90,Machinery,2026-05-14,pending,,2026-05,40.0,0.113,False
PO003882,SUP0035,PRD0057,2025-03-22,103,1756.08,USD,180876.24,fulfilled,Allen PLC,Brazil,54.5,CHEM-Ask-57,Chemicals,2025-03-29,paid,2025-05-12,2025-03,54.9,0.137,False
PO003883,SUP0007,PRD0057,2024-11-12,208,5.91,USD,1229.28,open,Ramirez-Lewis,South Korea,49.8,CHEM-Ask-57,Chemicals,2024-11-20,paid,2024-11-28,2024-11,21.7,0.07,False
PO003884,SUP0017,PRD0032,2024-10-10,421,4.73,USD,1991.33,cancelled,"Hawkins, Cohen and Cameron",Nigeria,42.8,FURN-Us-32,Furniture,,,,2024-10,63.5,0.323,False
PO003885,SUP0024,PRD0001,2024-12-04,417,2.91,USD,1213.47,fulfilled,Campos Inc,Mexico,79.6,MACH-Down-1,Machinery,2024-12-06,paid,2024-12-29,2024-12,41.5,0.1,False
PO003886,SUP0017,PRD0109,2026-06-23,432,2496.25,USD,1078380.0,fulfilled,"Hawkins, Cohen and Cameron",Nigeria,42.8,CHEM-Step-109,Chemicals,2026-07-03,paid,2026-08-06,2026-06,69.0,0.224,False
PO003887,SUP0019,PRD0122,2024-09-04,139,3.81,USD,529.59,cancelled,Clark PLC,Germany,69.9,CHEM-Customer-122,Chemicals,,,,2024-09,,,
PO003888,SUP0028,PRD0110,2024-11-20,464,39.37,USD,18267.68,open,"Potter, Mack and Peterson",Germany,88.1,CHEM-Still-110,Chemicals,2024-11-26,paid,2024-12-01,2024-11,14.8,0.038,False
PO003889,SUP0021,PRD0150,2025-05-26,500,1216.25,USD,608125.0,fulfilled,"Ellis, Baker and Wright",India,80.5,TEXT-Training-150,Textiles,2025-06-09,paid,2025-07-09,2025-05,43.6,0.104,False
PO003890,SUP0035,PRD0003,2025-05-01,99,557.99,USD,55241.01,open,Allen PLC,Brazil,54.5,ELEC-Ground-3,Electronics,2025-05-09,paid,2025-06-13,2025-05,54.1,0.173,False
PO003891,SUP0006,PRD0010,2025-12-22,680,1357.01,USD,922766.8,fulfilled,Blake and Sons,China,58.0,CHEM-Account-10,Chemicals,2025-12-29,paid,2026-01-19,2025-12,29.1,0.074,False
PO003892,SUP0029,PRD0076,2026-07-12,53,2.78,USD,147.34,open,Chavez Ltd,Poland,66.3,PACK-Wind-76,Packaging,2026-07-14,paid,2026-08-11,2026-07,30.5,0.116,False
PO003893,SUP0017,PRD0066,2025-02-09,465,3.91,USD,1818.15,fulfilled,"Hawkins, Cohen and Cameron",Nigeria,42.8,TEXT-Customer-66,Textiles,2025-02-21,paid,2025-03-07,2025-02,63.5,0.287,False
PO003894,SUP0036,PRD0108,2025-04-02,230,824.3,USD,189589.0,fulfilled,Dennis Inc,South Korea,60.1,FURN-With-108,Furniture,2025-04-03,paid,2025-04-15,2025-04,23.2,0.075,False
PO003895,SUP0021,PRD0027,2025-05-10,103,26.78,USD,2758.34,fulfilled,"Ellis, Baker and Wright",India,80.5,TEXT-Difficult-27,Textiles,2025-05-21,pending,,2025-05,43.6,0.104,False
PO003896,SUP0007,PRD0028,2025-11-20,52,94.09,USD,4892.68,fulfilled,Ramirez-Lewis,South Korea,49.8,AUTO-Notice-28,Automotive Parts,2025-11-23,paid,2025-12-18,2025-11,18.8,0.052,False
PO003897,SUP0014,PRD0106,2025-11-06,172,3.69,USD,634.68,open,"Flowers, Martin and Kelly",United States,46.7,AUTO-In-106,Automotive Parts,2025-11-11,paid,2025-11-20,2025-11,9.4,0.029,False
PO003898,SUP0030,PRD0069,2024-11-17,333,2.31,USD,769.23,fulfilled,Stanton-Gill,Indonesia,60.5,FOOD-Challenge-69,Food & Beverage,2024-11-18,overdue,,2024-11,40.4,0.073,False
PO003899,SUP0013,PRD0097,2026-08-04,302,382.43,USD,115493.86,fulfilled,Delacruz Group,Germany,77.3,ELEC-Medical-97,Electronics,2026-08-06,paid,2026-09-04,2026-08,6.2,0.05,False
PO003900,SUP0016,PRD0111,2025-06-11,554,2793.42,USD,1547554.68,open,"Sanchez, Ford and Nelson",Mexico,67.6,PACK-Look-111,Packaging,2025-06-20,paid,2025-07-31,2025-06,39.6,0.109,False
PO003901,SUP0011,PRD0036,2025-07-09,200,739.45,USD,147890.0,fulfilled,"Montgomery, Hensley and Ray",Indonesia,56.0,ELEC-Eight-36,Electronics,2025-07-13,paid,2025-07-30,2025-07,44.2,0.143,False
PO003902,SUP0035,PRD0066,2026-07-16,320,10.4,USD,3328.0,fulfilled,Allen PLC,Brazil,54.5,TEXT-Customer-66,Textiles,2026-07-25,paid,2026-08-18,2026-07,46.8,0.198,False
PO003903,SUP0031,PRD0057,2025-09-09,78,2.31,USD,180.18,open,Harrell LLC,Brazil,87.2,CHEM-Ask-57,Chemicals,2025-09-15,paid,2025-10-14,2025-09,51.5,0.138,False
PO003904,SUP0033,PRD0033,2025-02-21,88,143.02,USD,12585.76,fulfilled,"Sellers, George and Burns",China,78.7,PACK-Own-33,Packaging,2025-03-03,paid,2025-03-11,2025-02,22.4,0.065,False
PO003905,SUP0006,PRD0100,2024-09-17,186,2.8,USD,520.8,fulfilled,Blake and Sons,China,58.0,TEXT-Institution-100,Textiles,2024-09-26,paid,2024-11-04,2024-09,,,
PO003906,SUP0010,PRD0103,2025-10-15,797,1059.24,USD,844214.28,fulfilled,"Martinez, Nielsen and Miller",Egypt,43.6,AUTO-Community-103,Automotive Parts,2025-10-24,paid,2025-11-02,2025-10,54.7,0.205,False
PO003907,SUP0025,PRD0147,2024-09-28,216,298.65,USD,64508.4,open,Conner Group,Bangladesh,77.2,FURN-Physical-147,Furniture,2024-09-29,paid,2024-10-24,2024-09,,,
PO003908,SUP0035,PRD0072,2025-07-21,496,3084.36,USD,1529842.56,fulfilled,Allen PLC,Brazil,54.5,TEXT-Family-72,Textiles,2025-07-26,paid,2025-09-06,2025-07,58.2,0.161,False
PO003909,SUP0004,PRD0102,2026-03-04,51,2.79,USD,142.29,fulfilled,"Johnson, Gonzalez and Santos",Mexico,76.5,TEXT-Artist-102,Textiles,2026-03-15,paid,2026-03-31,2026-03,32.4,0.136,False
PO003910,SUP0023,PRD0005,2025-08-21,227,2.4,USD,544.8,fulfilled,Robinson-Bright,Indonesia,70.0,TEXT-Per-5,Textiles,2025-08-24,paid,2025-09-20,2025-08,42.7,0.186,False
PO003911,SUP0019,PRD0117,2025-09-14,197,960.79,USD,189275.63,fulfilled,Clark PLC,Germany,69.9,CHEM-Only-117,Chemicals,2025-09-26,paid,2025-11-03,2025-09,5.0,0.031,False
PO003912,SUP0019,PRD0095,2024-10-22,133,93.61,USD,12450.13,fulfilled,Clark PLC,Germany,69.9,PACK-Investment-95,Packaging,2024-11-02,paid,2024-11-16,2024-10,12.4,0.036,False
PO003913,SUP0002,PRD0117,2025-07-10,147,2.31,USD,339.57,fulfilled,Rhodes PLC,Germany,87.8,CHEM-Only-117,Chemicals,2025-07-23,paid,2025-08-21,2025-07,12.5,0.035,False
PO003914,SUP0030,PRD0007,2025-07-09,875,3.47,USD,3036.25,fulfilled,Stanton-Gill,Indonesia,60.5,TEXT-Drug-7,Textiles,2025-07-22,overdue,,2025-07,48.1,0.118,False
PO003915,SUP0030,PRD0093,2026-07-27,464,3.16,USD,1466.24,fulfilled,Stanton-Gill,Indonesia,60.5,TEXT-Economic-93,Textiles,2026-08-02,paid,2026-09-03,2026-07,40.0,0.137,False
PO003916,SUP0002,PRD0057,2025-09-13,119,44.73,USD,5322.87,fulfilled,Rhodes PLC,Germany,87.8,CHEM-Ask-57,Chemicals,2025-09-17,pending,,2025-09,10.6,0.047,False
PO003917,SUP0022,PRD0016,2026-04-17,253,15.47,USD,3913.91,fulfilled,Burgess-Patterson,Pakistan,79.0,CHEM-Author-16,Chemicals,2026-04-21,paid,2026-05-17,2026-04,65.0,0.201,False
PO003918,SUP0034,PRD0057,2024-12-17,131,770.96,USD,100995.76,fulfilled,Koch-Decker,India,69.9,CHEM-Ask-57,Chemicals,2024-12-25,paid,2025-01-03,2024-12,33.0,0.125,False
PO003919,SUP0019,PRD0032,2026-06-26,1063,394.42,USD,419268.46,fulfilled,Clark PLC,Germany,69.9,FURN-Us-32,Furniture,2026-07-05,paid,2026-07-17,2026-06,9.4,0.061,False
PO003920,SUP0026,PRD0027,2026-08-12,877,553.81,USD,485691.37,open,James-Ferrell,Egypt,85.3,TEXT-Difficult-27,Textiles,2026-08-21,paid,2026-09-02,2026-08,63.3,0.217,False
PO003921,SUP0039,PRD0023,2026-05-22,96,877.32,USD,84222.72,fulfilled,"Campos, Vaughn and Marquez",South Korea,62.6,MACH-Economy-23,Machinery,2026-05-27,paid,2026-06-14,2026-05,26.6,0.096,False
PO003922,SUP0026,PRD0132,2025-01-19,135,190.03,USD,25654.05,open,James-Ferrell,Egypt,85.3,CHEM-Art-132,Chemicals,2025-01-30,paid,2025-02-08,2025-01,61.6,0.192,False
PO003923,SUP0037,PRD0066,2025-09-23,347,20.71,USD,7186.37,fulfilled,"Cannon, Anderson and Alvarez",United States,65.1,TEXT-Customer-66,Textiles,2025-10-05,paid,2025-10-21,2025-09,8.2,0.017,False
PO003924,SUP0002,PRD0055,2025-09-17,680,1451.4,USD,986952.0,fulfilled,Rhodes PLC,Germany,87.8,FURN-Race-55,Furniture,2025-09-27,paid,2025-10-02,2025-09,10.6,0.047,False
PO003925,SUP0039,PRD0133,2025-06-11,109,325.17,USD,35443.53,fulfilled,"Campos, Vaughn and Marquez",South Korea,62.6,PACK-Apply-133,Packaging,2025-06-14,paid,2025-07-18,2025-06,18.9,0.093,False
PO003926,SUP0010,PRD0095,2026-06-14,338,193.8,USD,65504.4,cancelled,"Martinez, Nielsen and Miller",Egypt,43.6,PACK-Investment-95,Packaging,,,,2026-06,60.8,0.185,False
PO003927,SUP0037,PRD0114,2025-11-25,116,11.31,USD,1311.96,fulfilled,"Cannon, Anderson and Alvarez",United States,65.1,FOOD-Same-114,Food & Beverage,2025-12-06,overdue,,2025-11,10.2,0.028,False
PO003928,SUP0024,PRD0032,2025-08-31,508,1876.44,USD,953231.52,fulfilled,Campos Inc,Mexico,79.6,FURN-Us-32,Furniture,2025-09-02,paid,2025-09-26,2025-08,38.8,0.115,False
PO003929,SUP0034,PRD0109,2026-03-17,1082,2.31,USD,2499.42,open,Koch-Decker,India,69.9,CHEM-Step-109,Chemicals,2026-03-28,paid,2026-04-12,2026-03,44.4,0.088,False
PO003930,SUP0006,PRD0148,2026-03-27,150,6.53,USD,979.5,fulfilled,Blake and Sons,China,58.0,FOOD-Author-148,Food & Beverage,2026-04-01,paid,2026-05-06,2026-03,27.3,0.072,False
PO003931,SUP0028,PRD0013,2026-03-17,256,2202.24,USD,563773.44,fulfilled,"Potter, Mack and Peterson",Germany,88.1,CHEM-Program-13,Chemicals,2026-03-19,paid,2026-04-29,2026-03,10.6,0.036,False
PO003932,SUP0026,PRD0021,2025-11-15,277,970.08,USD,268712.16,open,James-Ferrell,Egypt,85.3,MACH-Avoid-21,Machinery,2025-11-27,paid,2025-12-07,2025-11,43.9,0.173,False
PO003933,SUP0016,PRD0013,2024-10-18,588,44.37,USD,26089.56,fulfilled,"Sanchez, Ford and Nelson",Mexico,67.6,CHEM-Program-13,Chemicals,2024-10-24,overdue,,2024-10,39.4,0.169,False
PO003934,SUP0033,PRD0095,2025-01-19,74,325.38,USD,24078.12,open,"Sellers, George and Burns",China,78.7,PACK-Investment-95,Packaging,2025-01-28,paid,2025-02-07,2025-01,26.1,0.085,False
PO003935,SUP0001,PRD0056,2025-10-04,45,502.4,USD,22608.0,fulfilled,"Rodriguez, Figueroa and Sanchez",South Korea,74.7,MACH-Billion-56,Machinery,2025-10-05,paid,2025-11-13,2025-10,18.1,0.098,False
PO003936,SUP0005,PRD0024,2025-12-05,161,1562.58,USD,251575.38,cancelled,Cole LLC,Mexico,58.0,MACH-Family-24,Machinery,,,,2025-12,39.8,0.113,False
PO003937,SUP0011,PRD0145,2024-10-28,214,217.21,USD,46482.94,fulfilled,"Montgomery, Hensley and Ray",Indonesia,56.0,MACH-Cultural-145,Machinery,2024-11-05,paid,2024-12-19,2024-10,46.8,0.124,False
PO003938,SUP0021,PRD0114,2025-08-13,77,6.61,USD,508.97,open,"Ellis, Baker and Wright",India,80.5,FOOD-Same-114,Food & Beverage,2025-08-19,paid,2025-09-07,2025-08,38.9,0.141,False
PO003939,SUP0035,PRD0016,2025-11-21,388,443.63,USD,172128.44,fulfilled,Allen PLC,Brazil,54.5,CHEM-Author-16,Chemicals,2025-11-27,paid,2025-12-05,2025-11,47.0,0.179,False
PO003940,SUP0032,PRD0066,2024-10-29,109,190.67,USD,20783.03,fulfilled,"Lynch, Hernandez and Farmer",Vietnam,57.2,TEXT-Customer-66,Textiles,2024-11-06,paid,2024-12-02,2024-10,46.5,0.103,False
PO003941,SUP0008,PRD0103,2026-02-18,138,1878.94,USD,259293.72,open,Davis Inc,Pakistan,69.7,AUTO-Community-103,Automotive Parts,2026-02-25,paid,2026-03-28,2026-02,67.2,0.238,False
PO003942,SUP0034,PRD0105,2026-03-12,212,220.71,USD,46790.52,fulfilled,Koch-Decker,India,69.9,FOOD-Able-105,Food & Beverage,2026-03-16,pending,,2026-03,44.4,0.088,False
PO003943,SUP0012,PRD0087,2026-02-13,353,162.04,USD,57200.12,cancelled,Stanley LLC,Japan,60.6,MACH-Think-87,Machinery,,,,2026-02,13.8,0.053,False
PO003944,SUP0031,PRD0147,2025-08-19,197,26.26,USD,5173.22,fulfilled,Harrell LLC,Brazil,87.2,FURN-Physical-147,Furniture,2025-08-20,paid,2025-09-12,2025-08,53.2,0.175,False
PO003945,SUP0025,PRD0132,2025-01-24,87,1157.42,USD,100695.54,open,Conner Group,Bangladesh,77.2,CHEM-Art-132,Chemicals,2025-01-26,paid,2025-02-10,2025-01,62.4,0.132,False
PO003946,SUP0017,PRD0137,2024-09-14,385,167.23,USD,64383.55,fulfilled,"Hawkins, Cohen and Cameron",Nigeria,42.8,FOOD-Wide-137,Food & Beverage,2024-09-25,paid,2024-10-14,2024-09,,,
PO003947,SUP0037,PRD0079,2025-10-11,203,2.53,USD,513.59,fulfilled,"Cannon, Anderson and Alvarez",United States,65.1,FOOD-System-79,Food & Beverage,2025-10-20,paid,2025-11-18,2025-10,17.3,0.03,False
PO003948,SUP0026,PRD0078,2026-07-26,797,18.24,USD,14537.28,fulfilled,James-Ferrell,Egypt,85.3,AUTO-Level-78,Automotive Parts,2026-07-27,pending,,2026-07,50.7,0.201,False
PO003949,SUP0028,PRD0030,2025-10-04,318,2111.4,USD,671425.2,open,"Potter, Mack and Peterson",Germany,88.1,AUTO-Several-30,Automotive Parts,2025-10-15,pending,,2025-10,14.8,0.032,False
PO003950,SUP0013,PRD0103,2024-11-18,351,768.03,USD,269578.53,fulfilled,Delacruz Group,Germany,77.3,AUTO-Community-103,Automotive Parts,2024-11-30,paid,2025-01-05,2024-11,16.0,0.028,False
PO003951,SUP0027,PRD0145,2026-03-25,1039,256.44,USD,266441.16,fulfilled,"Valencia, Smith and Le",Vietnam,70.4,MACH-Cultural-145,Machinery,2026-04-05,overdue,,2026-03,43.7,0.122,False
PO003952,SUP0010,PRD0056,2024-10-02,964,1155.88,USD,1114268.32,fulfilled,"Martinez, Nielsen and Miller",Egypt,43.6,MACH-Billion-56,Machinery,2024-10-16,paid,2024-11-25,2024-10,57.4,0.226,False
PO003953,SUP0025,PRD0078,2025-11-30,107,5147.02,USD,550731.14,open,Conner Group,Bangladesh,77.2,AUTO-Level-78,Automotive Parts,2025-12-14,pending,,2025-11,57.7,0.167,False
PO003954,SUP0008,PRD0019,2026-08-12,172,2.33,USD,400.76,fulfilled,Davis Inc,Pakistan,69.7,PACK-Trade-19,Packaging,2026-08-26,pending,,2026-08,58.8,0.31,False
PO003955,SUP0003,PRD0147,2025-12-16,48,1911.11,USD,91733.28,fulfilled,Johnson-Davis,Vietnam,88.7,FURN-Physical-147,Furniture,2025-12-30,pending,,2025-12,39.9,0.111,False
PO003956,SUP0010,PRD0004,2025-12-31,144,1466.49,USD,211174.56,fulfilled,"Martinez, Nielsen and Miller",Egypt,43.6,FOOD-Against-4,Food & Beverage,2026-01-01,paid,2026-01-20,2025-12,54.0,0.195,False
PO003957,SUP0037,PRD0091,2025-11-01,1486,2.31,USD,3432.66,fulfilled,"Cannon, Anderson and Alvarez",United States,65.1,FOOD-Some-91,Food & Beverage,2025-11-10,paid,2025-12-02,2025-11,10.2,0.028,False
PO003958,SUP0034,PRD0015,2024-12-27,194,98.74,USD,19155.56,fulfilled,Koch-Decker,India,69.9,TEXT-Drop-15,Textiles,2025-01-07,overdue,,2024-12,33.0,0.125,False
PO003959,SUP0007,PRD0145,2026-04-22,155,1206.73,USD,187043.15,fulfilled,Ramirez-Lewis,South Korea,49.8,MACH-Cultural-145,Machinery,2026-04-26,pending,,2026-04,22.3,0.044,False
PO003960,SUP0031,PRD0073,2026-07-28,549,3420.81,USD,1878024.69,fulfilled,Harrell LLC,Brazil,87.2,PACK-Maintain-73,Packaging,2026-08-05,paid,2026-08-12,2026-07,48.2,0.19,False
PO003961,SUP0001,PRD0070,2026-01-02,611,732.08,USD,447300.88,fulfilled,"Rodriguez, Figueroa and Sanchez",South Korea,74.7,PACK-Knowledge-70,Packaging,2026-01-13,paid,2026-02-21,2026-01,25.8,0.073,False
PO003962,SUP0020,PRD0025,2026-02-04,118,1726.14,USD,203684.52,fulfilled,Lewis-Porter,Pakistan,59.2,CHEM-Relationship-25,Chemicals,2026-02-13,paid,2026-02-27,2026-02,67.5,0.261,False
PO003963,SUP0025,PRD0082,2024-09-10,519,2.4,USD,1245.6,fulfilled,Conner Group,Bangladesh,77.2,AUTO-Oil-82,Automotive Parts,2024-09-14,paid,2024-10-24,2024-09,,,
PO003964,SUP0021,PRD0072,2026-07-06,80,153.89,USD,12311.2,fulfilled,"Ellis, Baker and Wright",India,80.5,TEXT-Family-72,Textiles,2026-07-09,pending,,2026-07,39.7,0.105,False
PO003965,SUP0020,PRD0105,2026-02-22,718,7.82,USD,5614.76,fulfilled,Lewis-Porter,Pakistan,59.2,FOOD-Able-105,Food & Beverage,2026-02-23,pending,,2026-02,67.5,0.261,False
PO003966,SUP0002,PRD0079,2025-10-20,102,9.61,USD,980.22,fulfilled,Rhodes PLC,Germany,87.8,FOOD-System-79,Food & Beverage,2025-10-31,pending,,2025-10,7.2,0.034,False
PO003967,SUP0021,PRD0137,2026-05-22,289,1794.72,USD,518674.08,fulfilled,"Ellis, Baker and Wright",India,80.5,FOOD-Wide-137,Food & Beverage,2026-06-04,overdue,,2026-05,41.8,0.109,False
PO003968,SUP0031,PRD0082,2024-10-21,480,1019.14,USD,489187.2,cancelled,Harrell LLC,Brazil,87.2,AUTO-Oil-82,Automotive Parts,,,,2024-10,49.4,0.171,False
PO003969,SUP0002,PRD0064,2026-02-12,328,3.14,USD,1029.92,fulfilled,Rhodes PLC,Germany,87.8,AUTO-Energy-64,Automotive Parts,2026-02-24,paid,2026-03-28,2026-02,14.4,0.047,False
PO003970,SUP0020,PRD0074,2025-06-04,64,2129.99,USD,136319.36,cancelled,Lewis-Porter,Pakistan,59.2,MACH-Enjoy-74,Machinery,,,,2025-06,74.1,0.266,False
PO003971,SUP0038,PRD0136,2024-09-07,31,880.31,USD,27289.61,fulfilled,Rose-Obrien,South Africa,61.5,AUTO-Morning-136,Automotive Parts,2024-09-12,paid,2024-10-24,2024-09,,,
PO003972,SUP0015,PRD0075,2025-09-27,64,2143.02,USD,137153.28,fulfilled,"Zuniga, Wong and Lynch",India,76.1,TEXT-Two-75,Textiles,2025-10-10,paid,2025-11-02,2025-09,37.6,0.105,False
PO003973,SUP0012,PRD0114,2026-03-01,270,97.31,USD,26273.7,fulfilled,Stanley LLC,Japan,60.6,FOOD-Same-114,Food & Beverage,2026-03-03,paid,2026-03-09,2026-03,12.0,0.034,False
PO003974,SUP0025,PRD0122,2025-05-24,58,21.74,USD,1260.92,fulfilled,Conner Group,Bangladesh,77.2,CHEM-Customer-122,Chemicals,2025-05-27,paid,2025-06-08,2025-05,60.0,0.182,False
PO003975,SUP0009,PRD0020,2025-11-09,266,126.6,USD,33675.6,fulfilled,Munoz-Roman,United States,66.0,FOOD-Give-20,Food & Beverage,2025-11-18,paid,2025-11-30,2025-11,15.9,0.028,False
PO003976,SUP0004,PRD0133,2025-06-19,328,577.71,USD,189488.88,cancelled,"Johnson, Gonzalez and Santos",Mexico,76.5,PACK-Apply-133,Packaging,,,,2025-06,44.3,0.142,False
PO003977,SUP0008,PRD0040,2026-07-22,514,78.37,USD,40282.18,fulfilled,Davis Inc,Pakistan,69.7,FURN-Investment-40,Furniture,2026-07-31,paid,2026-08-16,2026-07,61.8,0.257,False
PO003978,SUP0031,PRD0068,2025-01-01,828,247.7,USD,205095.6,fulfilled,Harrell LLC,Brazil,87.2,FURN-List-68,Furniture,2025-01-10,paid,2025-02-01,2025-01,54.3,0.107,False
PO003979,SUP0019,PRD0110,2026-06-20,306,674.27,USD,206326.62,fulfilled,Clark PLC,Germany,69.9,CHEM-Still-110,Chemicals,2026-07-03,paid,2026-08-06,2026-06,9.4,0.061,False
PO003980,SUP0014,PRD0120,2024-12-21,498,3.36,USD,1673.28,fulfilled,"Flowers, Martin and Kelly",United States,46.7,MACH-Message-120,Machinery,2025-01-01,overdue,,2024-12,17.2,0.025,False
PO003981,SUP0026,PRD0091,2026-03-23,109,345.26,USD,37633.34,fulfilled,James-Ferrell,Egypt,85.3,FOOD-Some-91,Food & Beverage,2026-04-04,paid,2026-05-03,2026-03,55.8,0.205,False
PO003982,SUP0006,PRD0063,2025-10-21,291,251.62,USD,73221.42,open,Blake and Sons,China,58.0,AUTO-Boy-63,Automotive Parts,2025-10-23,paid,2025-11-27,2025-10,30.7,0.06,False
PO003983,SUP0040,PRD0142,2025-09-16,425,321.37,USD,136582.25,open,"Santos, Kim and Holmes",Turkey,71.1,TEXT-Movie-142,Textiles,2025-09-21,pending,,2025-09,53.6,0.209,False
PO003984,SUP0007,PRD0040,2025-08-04,354,350.65,USD,124130.1,fulfilled,Ramirez-Lewis,South Korea,49.8,FURN-Investment-40,Furniture,2025-08-05,paid,2025-09-08,2025-08,28.7,0.076,False
PO003985,SUP0030,PRD0037,2025-10-20,289,1365.12,USD,394519.68,open,Stanton-Gill,Indonesia,60.5,CHEM-Still-37,Chemicals,2025-10-22,pending,,2025-10,41.1,0.128,False
PO003986,SUP0022,PRD0091,2024-12-05,159,811.36,USD,129006.24,fulfilled,Burgess-Patterson,Pakistan,79.0,FOOD-Some-91,Food & Beverage,2024-12-19,paid,2025-01-09,2024-12,71.8,0.224,True
PO003987,SUP0031,PRD0009,2025-10-09,433,1382.56,USD,598648.48,fulfilled,Harrell LLC,Brazil,87.2,MACH-Discussion-9,Machinery,2025-10-18,pending,,2025-10,42.5,0.182,False
PO003988,SUP0036,PRD0104,2024-09-22,79,151.96,USD,12004.84,fulfilled,Dennis Inc,South Korea,60.1,AUTO-Hundred-104,Automotive Parts,2024-09-27,overdue,,2024-09,,,
PO003989,SUP0015,PRD0051,2024-11-15,187,4.21,USD,787.27,fulfilled,"Zuniga, Wong and Lynch",India,76.1,AUTO-Shoulder-51,Automotive Parts,2024-11-22,paid,2024-12-16,2024-11,38.1,0.084,False
PO003990,SUP0038,PRD0133,2025-08-21,174,2.5,USD,435.0,fulfilled,Rose-Obrien,South Africa,61.5,PACK-Apply-133,Packaging,2025-09-01,paid,2025-10-14,2025-08,58.1,0.195,False
PO003991,SUP0002,PRD0072,2025-07-21,435,3.39,USD,1474.65,fulfilled,Rhodes PLC,Germany,87.8,TEXT-Family-72,Textiles,2025-07-24,paid,2025-08-22,2025-07,12.5,0.035,False
PO003992,SUP0027,PRD0079,2024-10-28,63,3039.71,USD,191501.73,fulfilled,"Valencia, Smith and Le",Vietnam,70.4,FOOD-System-79,Food & Beverage,2024-11-11,paid,2024-12-21,2024-10,42.1,0.146,False
PO003993,SUP0015,PRD0143,2025-08-13,1090,92.46,USD,100781.4,fulfilled,"Zuniga, Wong and Lynch",India,76.1,TEXT-Be-143,Textiles,2025-08-18,pending,,2025-08,38.6,0.06,False
PO003994,SUP0033,PRD0136,2025-09-25,500,10.81,USD,5405.0,cancelled,"Sellers, George and Burns",China,78.7,AUTO-Morning-136,Automotive Parts,,,,2025-09,27.9,0.076,False
PO003995,SUP0029,PRD0069,2026-02-19,520,1038.04,USD,539780.8,fulfilled,Chavez Ltd,Poland,66.3,FOOD-Challenge-69,Food & Beverage,2026-03-03,pending,,2026-02,30.8,0.089,False
PO003996,SUP0003,PRD0064,2026-08-05,145,2433.26,USD,352822.7,fulfilled,Johnson-Davis,Vietnam,88.7,AUTO-Energy-64,Automotive Parts,2026-08-16,paid,2026-09-19,2026-08,43.9,0.09,False
PO003997,SUP0036,PRD0042,2026-03-06,404,8.32,USD,3361.28,fulfilled,Dennis Inc,South Korea,60.1,TEXT-Between-42,Textiles,2026-03-09,paid,2026-04-09,2026-03,22.8,0.042,False
PO003998,SUP0012,PRD0045,2025-03-09,46,7.45,USD,342.7,open,Stanley LLC,Japan,60.6,CHEM-Lawyer-45,Chemicals,2025-03-15,pending,,2025-03,9.9,0.06,False
PO003999,SUP0022,PRD0004,2026-02-26,152,2.31,USD,351.12,fulfilled,Burgess-Patterson,Pakistan,79.0,FOOD-Against-4,Food & Beverage,2026-03-01,paid,2026-04-09,2026-02,66.6,0.204,False
PO004000,SUP0034,PRD0072,2025-05-12,171,3139.2,USD,536803.2,fulfilled,Koch-Decker,India,69.9,TEXT-Family-72,Textiles,2025-05-19,pending,,2025-05,48.1,0.128,False
PO004001,SUP0004,PRD0117,2025-05-30,291,424.63,USD,123567.33,fulfilled,"Johnson, Gonzalez and Santos",Mexico,76.5,CHEM-Only-117,Chemicals,2025-06-04,paid,2025-06-22,2025-05,40.2,0.147,False
PO004002,SUP0040,PRD0056,2025-02-21,421,1430.21,USD,602118.41,fulfilled,"Santos, Kim and Holmes",Turkey,71.1,MACH-Billion-56,Machinery,2025-03-04,paid,2025-04-04,2025-02,60.3,0.164,False
PO004003,SUP0036,PRD0144,2025-09-28,44,2.39,USD,105.16,fulfilled,Dennis Inc,South Korea,60.1,FURN-Today-144,Furniture,2025-10-06,paid,2025-10-23,2025-09,25.6,0.077,False
PO004004,SUP0037,PRD0087,2024-12-25,29,3261.12,USD,94572.48,fulfilled,"Cannon, Anderson and Alvarez",United States,65.1,MACH-Think-87,Machinery,2025-01-05,overdue,,2024-12,8.1,0.015,False
PO004005,SUP0039,PRD0066,2026-03-11,743,2976.59,USD,2211606.37,open,"Campos, Vaughn and Marquez",South Korea,62.6,TEXT-Customer-66,Textiles,2026-03-14,pending,,2026-03,21.6,0.047,False
PO004006,SUP0005,PRD0078,2026-05-31,59,2148.78,USD,126778.02,open,Cole LLC,Mexico,58.0,AUTO-Level-78,Automotive Parts,2026-06-06,pending,,2026-05,37.7,0.134,False
PO004007,SUP0001,PRD0020,2026-07-09,126,2.91,USD,366.66,fulfilled,"Rodriguez, Figueroa and Sanchez",South Korea,74.7,FOOD-Give-20,Food & Beverage,2026-07-16,paid,2026-07-26,2026-07,25.5,0.07,False
PO004008,SUP0034,PRD0018,2026-02-07,38,3.01,USD,114.38,fulfilled,Koch-Decker,India,69.9,FURN-Almost-18,Furniture,2026-02-16,paid,2026-03-22,2026-02,42.3,0.09,False
PO004009,SUP0001,PRD0020,2025-12-27,207,809.58,USD,167583.06,fulfilled,"Rodriguez, Figueroa and Sanchez",South Korea,74.7,FOOD-Give-20,Food & Beverage,2026-01-06,overdue,,2025-12,22.1,0.084,False
PO004010,SUP0025,PRD0048,2025-09-29,55,3.22,USD,177.1,fulfilled,Conner Group,Bangladesh,77.2,FOOD-Item-48,Food & Beverage,2025-10-09,paid,2025-11-01,2025-09,58.4,0.124,False
PO004011,SUP0034,PRD0003,2026-02-24,161,436.3,USD,70244.3,fulfilled,Koch-Decker,India,69.9,ELEC-Ground-3,Electronics,2026-03-06,paid,2026-03-13,2026-02,42.3,0.09,False
PO004012,SUP0030,PRD0133,2024-10-05,61,1630.37,USD,99452.57,fulfilled,Stanton-Gill,Indonesia,60.5,PACK-Apply-133,Packaging,2024-10-09,paid,2024-11-02,2024-10,45.8,0.054,False
PO004013,SUP0034,PRD0141,2025-02-18,323,2.83,USD,914.09,fulfilled,Koch-Decker,India,69.9,CHEM-Art-141,Chemicals,2025-02-25,pending,,2025-02,37.7,0.09,False
PO004014,SUP0028,PRD0021,2026-04-09,320,2279.96,USD,729587.2,fulfilled,"Potter, Mack and Peterson",Germany,88.1,MACH-Avoid-21,Machinery,2026-04-16,pending,,2026-04,14.0,0.027,False
PO004015,SUP0014,PRD0150,2026-04-16,137,1287.3,USD,176360.1,fulfilled,"Flowers, Martin and Kelly",United States,46.7,TEXT-Training-150,Textiles,2026-04-29,paid,2026-05-28,2026-04,11.1,0.042,False
PO004016,SUP0033,PRD0117,2024-09-30,277,4.37,USD,1210.49,fulfilled,"Sellers, George and Burns",China,78.7,CHEM-Only-117,Chemicals,2024-10-08,paid,2024-11-11,2024-09,,,
PO004017,SUP0032,PRD0058,2026-03-20,430,2.48,USD,1066.4,fulfilled,"Lynch, Hernandez and Farmer",Vietnam,57.2,AUTO-Interesting-58,Automotive Parts,2026-04-01,paid,2026-05-04,2026-03,40.5,0.12,False
PO004018,SUP0038,PRD0141,2026-03-05,587,11.2,USD,6574.4,fulfilled,Rose-Obrien,South Africa,61.5,CHEM-Art-141,Chemicals,2026-03-19,paid,2026-04-19,2026-03,54.8,0.196,False
PO004019,SUP0016,PRD0147,2025-06-01,94,122.01,USD,11468.94,fulfilled,"Sanchez, Ford and Nelson",Mexico,67.6,FURN-Physical-147,Furniture,2025-06-07,pending,,2025-06,39.6,0.109,False
PO004020,SUP0004,PRD0141,2024-10-24,508,3072.81,USD,1560987.48,open,"Johnson, Gonzalez and Santos",Mexico,76.5,CHEM-Art-141,Chemicals,2024-11-02,pending,,2024-10,42.4,0.12,False
PO004021,SUP0007,PRD0137,2024-09-28,347,201.43,USD,69896.21,fulfilled,Ramirez-Lewis,South Korea,49.8,FOOD-Wide-137,Food & Beverage,2024-10-04,pending,,2024-09,,,
PO004022,SUP0031,PRD0032,2024-10-10,292,99.77,USD,29132.84,fulfilled,Harrell LLC,Brazil,87.2,FURN-Us-32,Furniture,2024-10-20,paid,2024-10-30,2024-10,49.4,0.171,False
PO004023,SUP0013,PRD0045,2026-08-27,99,520.62,USD,51541.38,fulfilled,Delacruz Group,Germany,77.3,CHEM-Lawyer-45,Chemicals,2026-09-06,paid,2026-10-09,2026-08,6.2,0.05,False
PO004024,SUP0025,PRD0139,2025-07-21,139,22.66,USD,3149.74,fulfilled,Conner Group,Bangladesh,77.2,FOOD-Nice-139,Food & Beverage,2025-07-28,paid,2025-08-11,2025-07,51.7,0.17,False
PO004025,SUP0015,PRD0004,2025-02-08,78,39.31,USD,3066.18,fulfilled,"Zuniga, Wong and Lynch",India,76.1,FOOD-Against-4,Food & Beverage,2025-02-19,paid,2025-03-09,2025-02,38.3,0.092,False
PO004026,SUP0039,PRD0057,2026-07-18,330,634.94,USD,209530.2,open,"Campos, Vaughn and Marquez",South Korea,62.6,CHEM-Ask-57,Chemicals,2026-07-21,paid,2026-08-24,2026-07,26.4,0.097,False
PO004027,SUP0031,PRD0001,2026-03-13,67,862.73,USD,57802.91,fulfilled,Harrell LLC,Brazil,87.2,MACH-Down-1,Machinery,2026-03-15,paid,2026-04-13,2026-03,48.8,0.125,False
PO004028,SUP0034,PRD0122,2025-07-26,170,2574.68,USD,437695.6,open,Koch-Decker,India,69.9,CHEM-Customer-122,Chemicals,2025-07-27,paid,2025-08-30,2025-07,37.5,0.123,False
PO004029,SUP0014,PRD0084,2026-05-06,74,11.37,USD,841.38,fulfilled,"Flowers, Martin and Kelly",United States,46.7,PACK-Apply-84,Packaging,2026-05-20,paid,2026-07-02,2026-05,21.3,0.027,False
PO004030,SUP0019,PRD0017,2026-08-30,1313,23.96,USD,31459.48,open,Clark PLC,Germany,69.9,TEXT-Western-17,Textiles,2026-09-10,paid,2026-10-16,2026-08,7.9,0.027,False
PO004031,SUP0015,PRD0026,2025-12-28,87,77.19,USD,6715.53,fulfilled,"Zuniga, Wong and Lynch",India,76.1,PACK-Mention-26,Packaging,2026-01-10,paid,2026-02-13,2025-12,34.7,0.082,False
PO004032,SUP0008,PRD0023,2025-01-03,153,1146.05,USD,175345.65,cancelled,Davis Inc,Pakistan,69.7,MACH-Economy-23,Machinery,,,,2025-01,61.9,0.24,False
PO004033,SUP0035,PRD0103,2026-05-26,329,388.96,USD,127967.84,fulfilled,Allen PLC,Brazil,54.5,AUTO-Community-103,Automotive Parts,2026-06-06,paid,2026-07-03,2026-05,57.2,0.171,False
PO004034,SUP0010,PRD0058,2025-06-15,416,120.08,USD,49953.28,fulfilled,"Martinez, Nielsen and Miller",Egypt,43.6,AUTO-Interesting-58,Automotive Parts,2025-06-22,paid,2025-07-10,2025-06,51.9,0.188,False
PO004035,SUP0014,PRD0103,2025-09-09,1034,1082.39,USD,1119191.26,fulfilled,"Flowers, Martin and Kelly",United States,46.7,AUTO-Community-103,Automotive Parts,2025-09-18,pending,,2025-09,13.9,0.025,False
PO004036,SUP0033,PRD0114,2025-08-17,375,2731.38,USD,1024267.5,fulfilled,"Sellers, George and Burns",China,78.7,FOOD-Same-114,Food & Beverage,2025-08-23,paid,2025-09-18,2025-08,32.7,0.095,False
PO004037,SUP0014,PRD0040,2026-05-03,256,1209.28,USD,309575.68,fulfilled,"Flowers, Martin and Kelly",United States,46.7,FURN-Investment-40,Furniture,2026-05-15,paid,2026-06-26,2026-05,21.3,0.027,False
PO004038,SUP0037,PRD0025,2026-08-21,182,369.17,USD,67188.94,cancelled,"Cannon, Anderson and Alvarez",United States,65.1,CHEM-Relationship-25,Chemicals,,,,2026-08,15.8,0.024,False
PO004039,SUP0014,PRD0016,2025-07-28,117,977.07,USD,114317.19,fulfilled,"Flowers, Martin and Kelly",United States,46.7,CHEM-Author-16,Chemicals,2025-08-03,paid,2025-08-28,2025-07,12.9,0.037,False
PO004040,SUP0026,PRD0064,2025-11-03,121,603.59,USD,73034.39,open,James-Ferrell,Egypt,85.3,AUTO-Energy-64,Automotive Parts,2025-11-12,paid,2025-11-18,2025-11,43.9,0.173,False
PO004041,SUP0035,PRD0137,2024-12-06,1254,3830.73,USD,4803735.42,open,Allen PLC,Brazil,54.5,FOOD-Wide-137,Food & Beverage,2024-12-20,paid,2025-01-27,2024-12,55.3,0.177,False
PO004042,SUP0009,PRD0076,2025-11-14,147,6.22,USD,914.34,cancelled,Munoz-Roman,United States,66.0,PACK-Wind-76,Packaging,,,,2025-11,15.9,0.028,False
PO004043,SUP0018,PRD0057,2024-10-19,447,405.07,USD,181066.29,fulfilled,Underwood LLC,Philippines,54.2,CHEM-Ask-57,Chemicals,2024-10-24,paid,2024-11-12,2024-10,38.8,0.103,False
PO004044,SUP0005,PRD0013,2026-04-03,219,2.33,USD,510.27,fulfilled,Cole LLC,Mexico,58.0,CHEM-Program-13,Chemicals,2026-04-10,pending,,2026-04,35.6,0.124,False
PO004045,SUP0010,PRD0017,2025-07-12,192,2.45,USD,470.4,fulfilled,"Martinez, Nielsen and Miller",Egypt,43.6,TEXT-Western-17,Textiles,2025-07-19,paid,2025-08-31,2025-07,54.1,0.156,True
PO004046,SUP0031,PRD0046,2026-07-31,230,455.26,USD,104709.8,fulfilled,Harrell LLC,Brazil,87.2,FOOD-Health-46,Food & Beverage,2026-08-06,paid,2026-09-07,2026-07,48.2,0.19,False
PO004047,SUP0014,PRD0128,2025-04-25,786,189.5,USD,148947.0,fulfilled,"Flowers, Martin and Kelly",United States,46.7,TEXT-Occur-128,Textiles,2025-04-27,paid,2025-05-10,2025-04,19.1,0.024,False
PO004048,SUP0023,PRD0133,2024-09-20,154,11.21,USD,1726.34,fulfilled,Robinson-Bright,Indonesia,70.0,PACK-Apply-133,Packaging,2024-09-22,paid,2024-10-28,2024-09,,,
PO004049,SUP0040,PRD0040,2024-12-18,841,704.83,USD,592762.03,fulfilled,"Santos, Kim and Holmes",Turkey,71.1,FURN-Investment-40,Furniture,2024-12-31,paid,2025-01-23,2024-12,58.2,0.241,False
PO004050,SUP0029,PRD0117,2026-03-30,209,431.47,USD,90177.23,open,Chavez Ltd,Poland,66.3,CHEM-Only-117,Chemicals,2026-04-05,overdue,,2026-03,19.5,0.073,False
PO004051,SUP0006,PRD0020,2024-12-27,306,455.7,USD,139444.2,fulfilled,Blake and Sons,China,58.0,FOOD-Give-20,Food & Beverage,2025-01-06,pending,,2024-12,27.0,0.072,False
PO004052,SUP0007,PRD0086,2025-09-05,73,460.88,USD,33644.24,fulfilled,Ramirez-Lewis,South Korea,49.8,AUTO-Now-86,Automotive Parts,2025-09-12,pending,,2025-09,24.9,0.066,False
PO004053,SUP0020,PRD0048,2024-11-10,52,2.31,USD,120.12,fulfilled,Lewis-Porter,Pakistan,59.2,FOOD-Item-48,Food & Beverage,2024-11-18,paid,2024-12-02,2024-11,68.8,0.234,False
PO004054,SUP0006,PRD0078,2025-07-23,36,126.67,USD,4560.12,open,Blake and Sons,China,58.0,AUTO-Level-78,Automotive Parts,2025-08-03,paid,2025-09-08,2025-07,23.1,0.07,False
PO004055,SUP0009,PRD0139,2026-03-26,375,2.47,USD,926.25,fulfilled,Munoz-Roman,United States,66.0,FOOD-Nice-139,Food & Beverage,2026-03-29,paid,2026-04-28,2026-03,18.9,0.021,False
PO004056,SUP0032,PRD0041,2025-06-01,506,18.93,USD,9578.58,fulfilled,"Lynch, Hernandez and Farmer",Vietnam,57.2,PACK-Customer-41,Packaging,2025-06-07,paid,2025-07-05,2025-06,38.4,0.093,False
PO004057,SUP0037,PRD0004,2025-05-01,488,4.44,USD,2166.72,fulfilled,"Cannon, Anderson and Alvarez",United States,65.1,FOOD-Against-4,Food & Beverage,2025-05-09,paid,2025-06-11,2025-05,20.4,0.038,False
PO004058,SUP0026,PRD0015,2025-02-24,72,2642.48,USD,190258.56,cancelled,James-Ferrell,Egypt,85.3,TEXT-Drop-15,Textiles,,,,2025-02,62.8,0.159,False
PO004059,SUP0031,PRD0143,2025-10-15,525,3.59,USD,1884.75,open,Harrell LLC,Brazil,87.2,TEXT-Be-143,Textiles,2025-10-25,paid,2025-11-11,2025-10,42.5,0.182,False
PO004060,SUP0024,PRD0114,2025-12-03,163,724.76,USD,118135.88,fulfilled,Campos Inc,Mexico,79.6,FOOD-Same-114,Food & Beverage,2025-12-09,paid,2025-12-25,2025-12,41.5,0.121,False
PO004061,SUP0003,PRD0003,2025-07-17,138,641.79,USD,88567.02,open,Johnson-Davis,Vietnam,88.7,ELEC-Ground-3,Electronics,2025-07-26,paid,2025-09-07,2025-07,50.9,0.077,False
PO004062,SUP0040,PRD0016,2026-07-05,83,204.63,USD,16984.29,open,"Santos, Kim and Holmes",Turkey,71.1,CHEM-Author-16,Chemicals,2026-07-16,pending,,2026-07,53.9,0.206,False
PO004063,SUP0001,PRD0128,2026-01-07,172,63.86,USD,10983.92,fulfilled,"Rodriguez, Figueroa and Sanchez",South Korea,74.7,TEXT-Occur-128,Textiles,2026-01-09,paid,2026-02-14,2026-01,25.8,0.073,False
PO004064,SUP0030,PRD0071,2026-06-18,583,163.13,USD,95104.79,cancelled,Stanton-Gill,Indonesia,60.5,ELEC-Cover-71,Electronics,,,,2026-06,47.0,0.089,False
PO004065,SUP0035,PRD0063,2025-12-28,71,265.6,USD,18857.6,fulfilled,Allen PLC,Brazil,54.5,AUTO-Boy-63,Automotive Parts,2026-01-02,paid,2026-02-08,2025-12,43.5,0.166,False
PO004066,SUP0036,PRD0102,2026-08-03,106,22.11,USD,2343.66,fulfilled,Dennis Inc,South Korea,60.1,TEXT-Artist-102,Textiles,2026-08-17,paid,2026-09-12,2026-08,13.6,0.053,False
PO004067,SUP0037,PRD0037,2025-11-08,390,728.27,USD,284025.3,fulfilled,"Cannon, Anderson and Alvarez",United States,65.1,CHEM-Still-37,Chemicals,2025-11-18,pending,,2025-11,10.2,0.028,False
PO004068,SUP0002,PRD0141,2024-12-01,63,280.27,USD,17657.01,fulfilled,Rhodes PLC,Germany,87.8,CHEM-Art-141,Chemicals,2024-12-09,paid,2025-01-18,2024-12,8.4,0.045,False
PO004069,SUP0026,PRD0044,2026-01-02,59,6.28,USD,370.52,fulfilled,James-Ferrell,Egypt,85.3,MACH-Reason-44,Machinery,2026-01-03,paid,2026-02-02,2026-01,52.0,0.187,False
PO004070,SUP0031,PRD0066,2026-02-18,303,2459.28,USD,745161.84,fulfilled,Harrell LLC,Brazil,87.2,TEXT-Customer-66,Textiles,2026-02-19,paid,2026-03-05,2026-02,59.1,0.172,False
PO004071,SUP0037,PRD0102,2025-02-16,322,39.55,USD,12735.1,fulfilled,"Cannon, Anderson and Alvarez",United States,65.1,TEXT-Artist-102,Textiles,2025-02-18,pending,,2025-02,11.5,0.04,False
PO004072,SUP0010,PRD0147,2024-10-05,109,720.52,USD,78536.68,fulfilled,"Martinez, Nielsen and Miller",Egypt,43.6,FURN-Physical-147,Furniture,2024-10-16,paid,2024-11-28,2024-10,57.4,0.226,False
PO004073,SUP0017,PRD0058,2024-12-21,495,823.08,USD,407424.6,fulfilled,"Hawkins, Cohen and Cameron",Nigeria,42.8,AUTO-Interesting-58,Automotive Parts,2024-12-31,paid,2025-02-09,2024-12,64.7,0.214,False
PO004074,SUP0022,PRD0078,2025-09-13,222,7.38,USD,1638.36,fulfilled,Burgess-Patterson,Pakistan,79.0,AUTO-Level-78,Automotive Parts,2025-09-27,paid,2025-10-08,2025-09,69.5,0.302,False
PO004075,SUP0031,PRD0070,2025-09-18,53,2.35,USD,124.55,cancelled,Harrell LLC,Brazil,87.2,PACK-Knowledge-70,Packaging,,,,2025-09,51.5,0.138,False
PO004076,SUP0037,PRD0143,2026-03-01,395,33.44,USD,13208.8,fulfilled,"Cannon, Anderson and Alvarez",United States,65.1,TEXT-Be-143,Textiles,2026-03-05,paid,2026-03-21,2026-03,13.9,0.03,False
PO004077,SUP0025,PRD0070,2024-12-07,283,879.85,USD,248997.55,fulfilled,Conner Group,Bangladesh,77.2,PACK-Knowledge-70,Packaging,2024-12-15,pending,,2024-12,58.3,0.159,False
PO004078,SUP0005,PRD0106,2024-09-21,681,338.54,USD,230545.74,fulfilled,Cole LLC,Mexico,58.0,AUTO-In-106,Automotive Parts,2024-09-30,paid,2024-11-13,2024-09,,,
PO004079,SUP0030,PRD0033,2026-03-07,524,774.92,USD,406058.08,fulfilled,Stanton-Gill,Indonesia,60.5,PACK-Own-33,Packaging,2026-03-08,paid,2026-04-20,2026-03,43.1,0.125,False
PO004080,SUP0026,PRD0059,2024-10-19,115,17.59,USD,2022.85,fulfilled,James-Ferrell,Egypt,85.3,FOOD-Should-59,Food & Beverage,2024-10-31,pending,,2024-10,55.1,0.243,False
PO004081,SUP0031,PRD0134,2026-08-17,134,782.98,USD,104919.32,fulfilled,Harrell LLC,Brazil,87.2,FOOD-Pattern-134,Food & Beverage,2026-08-18,pending,,2026-08,56.9,0.166,False
PO004082,SUP0013,PRD0133,2024-11-13,415,2095.84,USD,869773.6,open,Delacruz Group,Germany,77.3,PACK-Apply-133,Packaging,2024-11-20,paid,2024-12-09,2024-11,16.0,0.028,False
PO004083,SUP0008,PRD0086,2024-12-16,302,1893.2,USD,571746.4,open,Davis Inc,Pakistan,69.7,AUTO-Now-86,Automotive Parts,2024-12-17,overdue,,2024-12,65.3,0.247,False
PO004084,SUP0035,PRD0103,2025-05-28,66,4.42,USD,291.72,fulfilled,Allen PLC,Brazil,54.5,AUTO-Community-103,Automotive Parts,2025-06-02,paid,2025-07-03,2025-05,54.1,0.173,False
PO004085,SUP0002,PRD0015,2025-01-13,117,497.73,USD,58234.41,fulfilled,Rhodes PLC,Germany,87.8,TEXT-Drop-15,Textiles,2025-01-25,paid,2025-03-06,2025-01,12.6,0.045,False
PO004086,SUP0026,PRD0035,2025-03-07,207,264.02,USD,54652.14,open,James-Ferrell,Egypt,85.3,MACH-Material-35,Machinery,2025-03-19,paid,2025-04-29,2025-03,53.8,0.202,False
PO004087,SUP0022,PRD0018,2025-11-06,81,4.71,USD,381.51,fulfilled,Burgess-Patterson,Pakistan,79.0,FURN-Almost-18,Furniture,2025-11-13,paid,2025-11-18,2025-11,56.6,0.235,False
PO004088,SUP0030,PRD0079,2024-09-12,781,2.43,USD,1897.83,fulfilled,Stanton-Gill,Indonesia,60.5,FOOD-System-79,Food & Beverage,2024-09-24,pending,,2024-09,,,
PO004089,SUP0031,PRD0117,2025-03-23,101,16.93,USD,1709.93,fulfilled,Harrell LLC,Brazil,87.2,CHEM-Only-117,Chemicals,2025-04-05,paid,2025-04-25,2025-03,50.3,0.164,False
PO004090,SUP0039,PRD0004,2026-01-20,320,236.69,USD,75740.8,cancelled,"Campos, Vaughn and Marquez",South Korea,62.6,FOOD-Against-4,Food & Beverage,,,,2026-01,21.4,0.062,False
PO004091,SUP0035,PRD0067,2026-05-25,468,45.71,USD,21392.28,cancelled,Allen PLC,Brazil,54.5,FURN-Not-67,Furniture,,,,2026-05,57.2,0.171,False
PO004092,SUP0031,PRD0055,2025-01-23,24,2.86,USD,68.64,fulfilled,Harrell LLC,Brazil,87.2,FURN-Race-55,Furniture,2025-01-26,paid,2025-02-22,2025-01,54.3,0.107,False
PO004093,SUP0026,PRD0064,2025-10-05,52,711.07,USD,36975.64,fulfilled,James-Ferrell,Egypt,85.3,AUTO-Energy-64,Automotive Parts,2025-10-13,paid,2025-11-14,2025-10,51.4,0.157,False
PO004094,SUP0038,PRD0075,2024-10-18,708,100.7,USD,71295.6,open,Rose-Obrien,South Africa,61.5,TEXT-Two-75,Textiles,2024-10-28,paid,2024-11-03,2024-10,58.5,0.16,False
PO004095,SUP0013,PRD0097,2026-06-20,503,52.35,USD,26332.05,fulfilled,Delacruz Group,Germany,77.3,ELEC-Medical-97,Electronics,2026-06-23,pending,,2026-06,7.3,0.038,False
PO004096,SUP0035,PRD0112,2026-07-27,234,1184.19,USD,277100.46,open,Allen PLC,Brazil,54.5,FURN-Feeling-112,Furniture,2026-07-28,paid,2026-09-05,2026-07,46.8,0.198,False
PO004097,SUP0012,PRD0147,2025-12-22,232,168.34,USD,39054.88,fulfilled,Stanley LLC,Japan,60.6,FURN-Physical-147,Furniture,2025-12-26,paid,2026-01-11,2025-12,7.7,0.059,False
PO004098,SUP0007,PRD0139,2025-11-15,130,2.34,USD,304.2,open,Ramirez-Lewis,South Korea,49.8,FOOD-Nice-139,Food & Beverage,2025-11-23,paid,2025-12-08,2025-11,18.8,0.052,False
PO004099,SUP0025,PRD0103,2024-09-27,241,3.09,USD,744.69,fulfilled,Conner Group,Bangladesh,77.2,AUTO-Community-103,Automotive Parts,2024-10-03,paid,2024-11-10,2024-09,,,
PO004100,SUP0031,PRD0108,2025-03-14,64,420.0,USD,26880.0,cancelled,Harrell LLC,Brazil,87.2,FURN-With-108,Furniture,,,,2025-03,50.3,0.164,False
PO004101,SUP0007,PRD0057,2025-07-15,180,6.07,USD,1092.6,fulfilled,Ramirez-Lewis,South Korea,49.8,CHEM-Ask-57,Chemicals,2025-07-18,paid,2025-07-30,2025-07,16.4,0.066,False
PO004102,SUP0012,PRD0070,2025-02-10,400,164.88,USD,65952.0,fulfilled,Stanley LLC,Japan,60.6,PACK-Knowledge-70,Packaging,2025-02-12,paid,2025-03-02,2025-02,13.0,0.055,False
PO004103,SUP0025,PRD0083,2026-04-13,258,2.31,USD,595.98,fulfilled,Conner Group,Bangladesh,77.2,TEXT-Billion-83,Textiles,2026-04-16,paid,2026-05-28,2026-04,61.8,0.169,False
PO004104,SUP0029,PRD0036,2025-04-24,442,11.55,USD,5105.1,fulfilled,Chavez Ltd,Poland,66.3,ELEC-Eight-36,Electronics,2025-05-04,paid,2025-05-18,2025-04,26.6,0.105,False
PO004105,SUP0008,PRD0028,2025-07-13,221,2.38,USD,525.98,cancelled,Davis Inc,Pakistan,69.7,AUTO-Notice-28,Automotive Parts,,,,2025-07,57.0,0.24,False
PO004106,SUP0012,PRD0095,2025-09-19,222,421.92,USD,93666.24,fulfilled,Stanley LLC,Japan,60.6,PACK-Investment-95,Packaging,2025-09-28,paid,2025-10-16,2025-09,14.5,0.057,False
PO004107,SUP0019,PRD0141,2026-07-24,382,153.09,USD,58480.38,fulfilled,Clark PLC,Germany,69.9,CHEM-Art-141,Chemicals,2026-08-01,paid,2026-08-17,2026-07,12.9,0.032,False
PO004108,SUP0026,PRD0060,2024-11-23,278,3554.05,USD,988025.9,fulfilled,James-Ferrell,Egypt,85.3,TEXT-Group-60,Textiles,2024-12-03,paid,2025-01-13,2024-11,58.5,0.192,False
PO004109,SUP0008,PRD0087,2026-01-10,386,11.87,USD,4581.82,fulfilled,Davis Inc,Pakistan,69.7,MACH-Think-87,Machinery,2026-01-18,paid,2026-01-28,2026-01,68.5,0.174,False
PO004110,SUP0034,PRD0003,2025-05-21,260,2.31,USD,600.6,fulfilled,Koch-Decker,India,69.9,ELEC-Ground-3,Electronics,2025-06-04,paid,2025-07-13,2025-05,48.1,0.128,False
PO004111,SUP0020,PRD0036,2025-08-30,282,2.74,USD,772.68,open,Lewis-Porter,Pakistan,59.2,ELEC-Eight-36,Electronics,2025-09-12,paid,2025-10-07,2025-08,63.6,0.226,False
PO004112,SUP0032,PRD0097,2025-11-15,154,2.48,USD,381.92,fulfilled,"Lynch, Hernandez and Farmer",Vietnam,57.2,ELEC-Medical-97,Electronics,2025-11-20,paid,2025-12-25,2025-11,43.3,0.103,False
PO004113,SUP0035,PRD0048,2026-08-09,164,32.76,USD,5372.64,fulfilled,Allen PLC,Brazil,54.5,FOOD-Item-48,Food & Beverage,2026-08-22,overdue,,2026-08,51.8,0.145,False
PO004114,SUP0030,PRD0137,2025-02-22,43,881.4,USD,37900.2,fulfilled,Stanton-Gill,Indonesia,60.5,FOOD-Wide-137,Food & Beverage,2025-02-25,paid,2025-03-24,2025-02,39.3,0.129,False
PO004115,SUP0030,PRD0041,2024-12-04,84,1061.81,USD,89192.04,fulfilled,Stanton-Gill,Indonesia,60.5,PACK-Customer-41,Packaging,2024-12-12,paid,2024-12-22,2024-12,43.5,0.102,False
PO004116,SUP0025,PRD0082,2025-07-07,130,22.54,USD,2930.2,fulfilled,Conner Group,Bangladesh,77.2,AUTO-Oil-82,Automotive Parts,2025-07-19,paid,2025-07-30,2025-07,51.7,0.17,False
PO004117,SUP0005,PRD0144,2026-06-29,272,856.85,USD,233063.2,open,Cole LLC,Mexico,58.0,FURN-Today-144,Furniture,2026-07-11,paid,2026-07-22,2026-06,40.7,0.128,False
PO004118,SUP0017,PRD0096,2024-12-27,600,534.28,USD,320568.0,fulfilled,"Hawkins, Cohen and Cameron",Nigeria,42.8,CHEM-Mention-96,Chemicals,2025-01-05,paid,2025-01-22,2024-12,64.7,0.214,False
PO004119,SUP0028,PRD0148,2025-11-04,899,21.32,USD,19166.68,fulfilled,"Potter, Mack and Peterson",Germany,88.1,FOOD-Author-148,Food & Beverage,2025-11-08,paid,2025-11-23,2025-11,19.8,0.036,False
PO004120,SUP0013,PRD0102,2024-09-29,112,414.8,USD,46457.6,fulfilled,Delacruz Group,Germany,77.3,TEXT-Artist-102,Textiles,2024-10-06,pending,,2024-09,,,
PO004121,SUP0004,PRD0137,2025-03-09,176,13.82,USD,2432.32,fulfilled,"Johnson, Gonzalez and Santos",Mexico,76.5,FOOD-Wide-137,Food & Beverage,2025-03-10,overdue,,2025-03,44.0,0.115,False
PO004122,SUP0004,PRD0117,2026-03-31,262,4.09,USD,1071.58,fulfilled,"Johnson, Gonzalez and Santos",Mexico,76.5,CHEM-Only-117,Chemicals,2026-04-01,paid,2026-05-11,2026-03,32.4,0.136,False
PO004123,SUP0015,PRD0114,2024-11-08,100,112.17,USD,11217.0,fulfilled,"Zuniga, Wong and Lynch",India,76.1,FOOD-Same-114,Food & Beverage,2024-11-22,pending,,2024-11,38.1,0.084,False
PO004124,SUP0023,PRD0002,2026-02-02,160,3.38,USD,540.8,fulfilled,Robinson-Bright,Indonesia,70.0,PACK-Attack-2,Packaging,2026-02-07,paid,2026-02-18,2026-02,43.0,0.08,False
PO004125,SUP0039,PRD0017,2024-10-08,97,1480.33,USD,143592.01,open,"Campos, Vaughn and Marquez",South Korea,62.6,TEXT-Western-17,Textiles,2024-10-14,paid,2024-11-01,2024-10,20.7,0.083,False
PO004126,SUP0040,PRD0023,2025-01-06,106,513.64,USD,54445.84,fulfilled,"Santos, Kim and Holmes",Turkey,71.1,MACH-Economy-23,Machinery,2025-01-10,pending,,2025-01,59.7,0.235,False
PO004127,SUP0030,PRD0150,2025-12-28,413,3039.41,USD,1255276.33,fulfilled,Stanton-Gill,Indonesia,60.5,TEXT-Training-150,Textiles,2025-12-31,overdue,,2025-12,46.3,0.143,False
PO004128,SUP0008,PRD0011,2026-03-01,195,1785.61,USD,348193.95,fulfilled,Davis Inc,Pakistan,69.7,TEXT-Avoid-11,Textiles,2026-03-08,paid,2026-03-25,2026-03,71.9,0.327,False
PO004129,SUP0003,PRD0002,2026-06-11,1167,8.66,USD,10106.22,fulfilled,Johnson-Davis,Vietnam,88.7,PACK-Attack-2,Packaging,2026-06-14,paid,2026-06-22,2026-06,41.7,0.094,False
PO004130,SUP0028,PRD0008,2025-01-19,176,290.62,USD,51149.12,open,"Potter, Mack and Peterson",Germany,88.1,PACK-Per-8,Packaging,2025-01-21,paid,2025-02-10,2025-01,9.2,0.037,False
PO004131,SUP0036,PRD0091,2026-01-20,131,868.97,USD,113835.07,fulfilled,Dennis Inc,South Korea,60.1,FOOD-Some-91,Food & Beverage,2026-02-03,paid,2026-02-14,2026-01,24.1,0.074,False
PO004132,SUP0006,PRD0093,2026-04-12,204,746.24,USD,152232.96,fulfilled,Blake and Sons,China,58.0,TEXT-Economic-93,Textiles,2026-04-25,paid,2026-05-05,2026-04,27.5,0.096,False
PO004133,SUP0014,PRD0073,2026-06-06,736,56.97,USD,41929.92,fulfilled,"Flowers, Martin and Kelly",United States,46.7,PACK-Maintain-73,Packaging,2026-06-20,paid,2026-08-01,2026-06,13.5,0.033,False
PO004134,SUP0034,PRD0082,2025-06-08,57,550.22,USD,31362.54,fulfilled,Koch-Decker,India,69.9,AUTO-Oil-82,Automotive Parts,2025-06-19,overdue,,2025-06,35.4,0.085,False
PO004135,SUP0019,PRD0150,2024-10-18,392,2725.99,USD,1068588.08,fulfilled,Clark PLC,Germany,69.9,TEXT-Training-150,Textiles,2024-10-21,pending,,2024-10,12.4,0.036,False
PO004136,SUP0017,PRD0108,2026-02-28,483,259.91,USD,125536.53,fulfilled,"Hawkins, Cohen and Cameron",Nigeria,42.8,FURN-With-108,Furniture,2026-03-03,paid,2026-04-03,2026-02,68.3,0.212,False
PO004137,SUP0036,PRD0074,2026-08-31,102,455.27,USD,46437.54,fulfilled,Dennis Inc,South Korea,60.1,MACH-Enjoy-74,Machinery,2026-09-14,overdue,,2026-08,13.6,0.053,False
PO004138,SUP0034,PRD0062,2026-06-05,263,5.59,USD,1470.17,cancelled,Koch-Decker,India,69.9,TEXT-Training-62,Textiles,,,,2026-06,36.1,0.089,False
PO004139,SUP0002,PRD0066,2025-11-24,77,4598.49,USD,354083.73,fulfilled,Rhodes PLC,Germany,87.8,TEXT-Customer-66,Textiles,2025-11-27,paid,2025-12-17,2025-11,11.3,0.042,False
PO004140,SUP0035,PRD0056,2026-05-05,653,39.31,USD,25669.43,fulfilled,Allen PLC,Brazil,54.5,MACH-Billion-56,Machinery,2026-05-11,pending,,2026-05,57.2,0.171,False
PO004141,SUP0013,PRD0134,2025-01-12,63,68.31,USD,4303.53,fulfilled,Delacruz Group,Germany,77.3,FOOD-Pattern-134,Food & Beverage,2025-01-25,paid,2025-02-27,2025-01,15.6,0.019,False
PO004142,SUP0019,PRD0133,2026-08-10,244,19.79,USD,4828.76,fulfilled,Clark PLC,Germany,69.9,PACK-Apply-133,Packaging,2026-08-20,overdue,,2026-08,7.9,0.027,False
PO004143,SUP0018,PRD0103,2024-11-20,689,487.22,USD,335694.58,fulfilled,Underwood LLC,Philippines,54.2,AUTO-Community-103,Automotive Parts,2024-11-23,paid,2024-12-16,2024-11,39.9,0.07,False
PO004144,SUP0002,PRD0003,2025-03-01,681,30.1,USD,20498.1,open,Rhodes PLC,Germany,87.8,ELEC-Ground-3,Electronics,2025-03-11,paid,2025-04-16,2025-03,11.9,0.046,False
PO004145,SUP0030,PRD0125,2026-04-27,259,200.66,USD,51970.94,fulfilled,Stanton-Gill,Indonesia,60.5,TEXT-Article-125,Textiles,2026-05-04,pending,,2026-04,43.4,0.117,False
PO004146,SUP0005,PRD0074,2025-11-18,177,351.06,USD,62137.62,open,Cole LLC,Mexico,58.0,MACH-Enjoy-74,Machinery,2025-12-02,paid,2025-12-07,2025-11,43.6,0.105,False
PO004147,SUP0037,PRD0077,2026-08-21,221,2.44,USD,539.24,open,"Cannon, Anderson and Alvarez",United States,65.1,FURN-Bag-77,Furniture,2026-09-04,paid,2026-10-12,2026-08,15.8,0.024,False
PO004148,SUP0001,PRD0015,2026-07-14,304,6.88,USD,2091.52,fulfilled,"Rodriguez, Figueroa and Sanchez",South Korea,74.7,TEXT-Drop-15,Textiles,2026-07-27,paid,2026-08-31,2026-07,25.5,0.07,False
PO004149,SUP0038,PRD0094,2026-07-25,501,1085.13,USD,543650.13,fulfilled,Rose-Obrien,South Africa,61.5,MACH-Compare-94,Machinery,2026-08-06,paid,2026-08-30,2026-07,54.4,0.208,False
PO004150,SUP0014,PRD0040,2026-05-12,129,8.24,USD,1062.96,open,"Flowers, Martin and Kelly",United States,46.7,FURN-Investment-40,Furniture,2026-05-26,paid,2026-06-30,2026-05,21.3,0.027,False
PO004151,SUP0021,PRD0091,2025-09-04,259,109.08,USD,28251.72,fulfilled,"Ellis, Baker and Wright",India,80.5,FOOD-Some-91,Food & Beverage,2025-09-09,paid,2025-10-03,2025-09,41.7,0.069,False
PO004152,SUP0022,PRD0064,2025-02-25,194,345.15,USD,66959.1,fulfilled,Burgess-Patterson,Pakistan,79.0,AUTO-Energy-64,Automotive Parts,2025-03-03,paid,2025-04-16,2025-02,64.7,0.273,False
PO004153,SUP0014,PRD0096,2026-06-16,1073,3.65,USD,3916.45,open,"Flowers, Martin and Kelly",United States,46.7,CHEM-Mention-96,Chemicals,2026-06-26,paid,2026-08-06,2026-06,13.5,0.033,False
PO004154,SUP0005,PRD0075,2026-06-06,206,20.93,USD,4311.58,fulfilled,Cole LLC,Mexico,58.0,TEXT-Two-75,Textiles,2026-06-17,paid,2026-07-15,2026-06,40.7,0.128,False
PO004155,SUP0030,PRD0023,2025-06-22,1436,728.36,USD,1045924.96,fulfilled,Stanton-Gill,Indonesia,60.5,MACH-Economy-23,Machinery,2025-07-01,paid,2025-08-10,2025-06,45.6,0.136,False
PO004156,SUP0007,PRD0020,2026-01-26,228,2.32,USD,528.96,fulfilled,Ramirez-Lewis,South Korea,49.8,FOOD-Give-20,Food & Beverage,2026-02-05,pending,,2026-01,14.9,0.1,False
PO004157,SUP0008,PRD0143,2025-11-05,35,2020.19,USD,70706.65,open,Davis Inc,Pakistan,69.7,TEXT-Be-143,Textiles,2025-11-18,paid,2025-12-06,2025-11,68.2,0.133,False
PO004158,SUP0036,PRD0035,2026-07-22,279,1165.26,USD,325107.54,fulfilled,Dennis Inc,South Korea,60.1,MACH-Material-35,Machinery,2026-08-01,pending,,2026-07,15.2,0.085,False
PO004159,SUP0006,PRD0075,2024-12-10,399,29.55,USD,11790.45,open,Blake and Sons,China,58.0,TEXT-Two-75,Textiles,2024-12-17,paid,2025-01-06,2024-12,27.0,0.072,False
PO004160,SUP0020,PRD0097,2025-12-13,334,607.24,USD,202818.16,fulfilled,Lewis-Porter,Pakistan,59.2,ELEC-Medical-97,Electronics,2025-12-22,overdue,,2025-12,58.6,0.255,False
PO004161,SUP0029,PRD0105,2025-02-27,38,495.72,USD,18837.36,fulfilled,Chavez Ltd,Poland,66.3,FOOD-Able-105,Food & Beverage,2025-02-28,pending,,2025-02,34.6,0.086,False
PO004162,SUP0032,PRD0028,2025-10-01,193,8.83,USD,1704.19,fulfilled,"Lynch, Hernandez and Farmer",Vietnam,57.2,AUTO-Notice-28,Automotive Parts,2025-10-03,pending,,2025-10,43.2,0.118,False
PO004163,SUP0002,PRD0133,2025-03-02,92,2.34,USD,215.28,fulfilled,Rhodes PLC,Germany,87.8,PACK-Apply-133,Packaging,2025-03-03,paid,2025-03-28,2025-03,11.9,0.046,False
PO004164,SUP0020,PRD0016,2025-08-04,410,33.94,USD,13915.4,fulfilled,Lewis-Porter,Pakistan,59.2,CHEM-Author-16,Chemicals,2025-08-15,paid,2025-08-25,2025-08,63.6,0.226,False
PO004165,SUP0007,PRD0071,2025-07-05,349,96.7,USD,33748.3,cancelled,Ramirez-Lewis,South Korea,49.8,ELEC-Cover-71,Electronics,,,,2025-07,16.4,0.066,False
PO004166,SUP0013,PRD0048,2025-12-07,234,26.43,USD,6184.62,fulfilled,Delacruz Group,Germany,77.3,FOOD-Item-48,Food & Beverage,2025-12-14,paid,2025-12-30,2025-12,13.3,0.048,False
PO004167,SUP0010,PRD0112,2024-09-21,576,753.75,USD,434160.0,fulfilled,"Martinez, Nielsen and Miller",Egypt,43.6,FURN-Feeling-112,Furniture,2024-10-02,paid,2024-10-16,2024-09,,,
PO004168,SUP0026,PRD0076,2025-03-27,426,5488.86,USD,2338254.36,fulfilled,James-Ferrell,Egypt,85.3,PACK-Wind-76,Packaging,2025-03-30,paid,2025-04-27,2025-03,53.8,0.202,False
PO004169,SUP0033,PRD0081,2025-02-17,104,2.46,USD,255.84,fulfilled,"Sellers, George and Burns",China,78.7,PACK-Total-81,Packaging,2025-02-20,overdue,,2025-02,22.4,0.065,False
PO004170,SUP0038,PRD0110,2024-11-13,1741,30.03,USD,52282.23,fulfilled,Rose-Obrien,South Africa,61.5,CHEM-Still-110,Chemicals,2024-11-27,paid,2024-12-15,2024-11,49.7,0.162,False
PO004171,SUP0021,PRD0097,2026-08-21,122,670.53,USD,81804.66,open,"Ellis, Baker and Wright",India,80.5,ELEC-Medical-97,Electronics,2026-08-27,paid,2026-10-07,2026-08,39.2,0.102,False
PO004172,SUP0037,PRD0045,2025-01-18,29,1112.85,USD,32272.65,open,"Cannon, Anderson and Alvarez",United States,65.1,CHEM-Lawyer-45,Chemicals,2025-01-21,paid,2025-02-01,2025-01,12.1,0.034,False
PO004173,SUP0006,PRD0122,2026-03-24,350,105.9,USD,37065.0,cancelled,Blake and Sons,China,58.0,CHEM-Customer-122,Chemicals,,,,2026-03,27.3,0.072,False
PO004174,SUP0030,PRD0057,2025-04-14,374,910.67,USD,340590.58,fulfilled,Stanton-Gill,Indonesia,60.5,CHEM-Ask-57,Chemicals,2025-04-25,paid,2025-06-03,2025-04,40.8,0.151,False
PO004175,SUP0040,PRD0137,2026-06-09,198,20.22,USD,4003.56,fulfilled,"Santos, Kim and Holmes",Turkey,71.1,FOOD-Wide-137,Food & Beverage,2026-06-23,pending,,2026-06,54.0,0.234,False
PO004176,SUP0001,PRD0017,2026-03-16,140,564.19,USD,78986.6,fulfilled,"Rodriguez, Figueroa and Sanchez",South Korea,74.7,TEXT-Western-17,Textiles,2026-03-22,paid,2026-04-02,2026-03,19.2,0.071,False
PO004177,SUP0040,PRD0100,2026-02-05,71,65.01,USD,4615.71,open,"Santos, Kim and Holmes",Turkey,71.1,TEXT-Institution-100,Textiles,2026-02-10,paid,2026-02-15,2026-02,57.6,0.165,False
PO004178,SUP0028,PRD0095,2026-05-12,42,112.59,USD,4728.78,fulfilled,"Potter, Mack and Peterson",Germany,88.1,PACK-Investment-95,Packaging,2026-05-16,pending,,2026-05,12.4,0.037,False
PO004179,SUP0036,PRD0109,2024-11-15,124,130.73,USD,16210.52,fulfilled,Dennis Inc,South Korea,60.1,CHEM-Step-109,Chemicals,2024-11-28,paid,2024-12-21,2024-11,13.9,0.067,False
PO004180,SUP0040,PRD0079,2026-01-24,29,1583.16,USD,45911.64,cancelled,"Santos, Kim and Holmes",Turkey,71.1,FOOD-System-79,Food & Beverage,,,,2026-01,52.2,0.219,False
PO004181,SUP0032,PRD0064,2025-08-28,537,88.71,USD,47637.27,open,"Lynch, Hernandez and Farmer",Vietnam,57.2,AUTO-Energy-64,Automotive Parts,2025-09-03,paid,2025-09-27,2025-08,38.8,0.131,False
PO004182,SUP0035,PRD0054,2025-01-29,529,129.19,USD,68341.51,open,Allen PLC,Brazil,54.5,FURN-Ready-54,Furniture,2025-02-10,paid,2025-02-28,2025-01,53.3,0.132,False
PO004183,SUP0029,PRD0071,2026-01-31,454,3.22,USD,1461.88,fulfilled,Chavez Ltd,Poland,66.3,ELEC-Cover-71,Electronics,2026-02-14,paid,2026-03-28,2026-01,29.2,0.105,False
PO004184,SUP0026,PRD0039,2025-10-22,76,610.32,USD,46384.32,fulfilled,James-Ferrell,Egypt,85.3,MACH-Surface-39,Machinery,2025-10-24,pending,,2025-10,51.4,0.157,False
PO004185,SUP0026,PRD0034,2025-05-08,453,504.26,USD,228429.78,fulfilled,James-Ferrell,Egypt,85.3,CHEM-Part-34,Chemicals,2025-05-10,overdue,,2025-05,52.8,0.219,False
PO004186,SUP0036,PRD0150,2024-09-18,315,42.33,USD,13333.95,cancelled,Dennis Inc,South Korea,60.1,TEXT-Training-150,Textiles,,,,2024-09,,,
PO004187,SUP0033,PRD0003,2026-06-30,937,276.01,USD,258621.37,fulfilled,"Sellers, George and Burns",China,78.7,ELEC-Ground-3,Electronics,2026-07-14,paid,2026-08-17,2026-06,32.0,0.065,False
PO004188,SUP0004,PRD0066,2025-06-25,217,3567.2,USD,774082.4,fulfilled,"Johnson, Gonzalez and Santos",Mexico,76.5,TEXT-Customer-66,Textiles,2025-06-28,paid,2025-08-01,2025-06,44.3,0.142,False
PO004189,SUP0013,PRD0144,2025-04-26,365,797.37,USD,291040.05,fulfilled,Delacruz Group,Germany,77.3,FURN-Today-144,Furniture,2025-05-06,paid,2025-05-31,2025-04,7.2,0.043,False
PO004190,SUP0003,PRD0056,2025-12-16,47,287.07,USD,13492.29,fulfilled,Johnson-Davis,Vietnam,88.7,MACH-Billion-56,Machinery,2025-12-21,paid,2026-01-21,2025-12,39.9,0.111,False
PO004191,SUP0008,PRD0104,2025-06-17,181,119.71,USD,21667.51,fulfilled,Davis Inc,Pakistan,69.7,AUTO-Hundred-104,Automotive Parts,2025-06-24,paid,2025-07-29,2025-06,67.0,0.252,True
PO004192,SUP0010,PRD0064,2025-06-25,358,3.97,USD,1421.26,fulfilled,"Martinez, Nielsen and Miller",Egypt,43.6,AUTO-Energy-64,Automotive Parts,2025-06-29,paid,2025-07-28,2025-06,51.9,0.188,False
PO004193,SUP0018,PRD0008,2024-10-28,154,2.32,USD,357.28,open,Underwood LLC,Philippines,54.2,PACK-Per-8,Packaging,2024-10-29,paid,2024-11-17,2024-10,38.8,0.103,False
PO004194,SUP0015,PRD0136,2025-06-20,221,127.89,USD,28263.69,open,"Zuniga, Wong and Lynch",India,76.1,AUTO-Morning-136,Automotive Parts,2025-06-27,paid,2025-07-08,2025-06,45.4,0.087,False
PO004195,SUP0002,PRD0112,2026-01-16,201,113.38,USD,22789.38,open,Rhodes PLC,Germany,87.8,FURN-Feeling-112,Furniture,2026-01-23,pending,,2026-01,11.4,0.046,False
PO004196,SUP0010,PRD0082,2026-03-01,69,27.88,USD,1923.72,fulfilled,"Martinez, Nielsen and Miller",Egypt,43.6,AUTO-Oil-82,Automotive Parts,2026-03-08,pending,,2026-03,53.6,0.158,False
PO004197,SUP0033,PRD0111,2026-04-19,34,233.18,USD,7928.12,open,"Sellers, George and Burns",China,78.7,PACK-Look-111,Packaging,2026-05-01,paid,2026-06-11,2026-04,31.1,0.073,False
PO004198,SUP0011,PRD0079,2025-12-10,445,2.45,USD,1090.25,fulfilled,"Montgomery, Hensley and Ray",Indonesia,56.0,FOOD-System-79,Food & Beverage,2025-12-17,pending,,2025-12,42.6,0.088,False
PO004199,SUP0010,PRD0133,2025-03-29,53,212.92,USD,11284.76,fulfilled,"Martinez, Nielsen and Miller",Egypt,43.6,PACK-Apply-133,Packaging,2025-04-02,overdue,,2025-03,58.9,0.129,False
PO004200,SUP0030,PRD0003,2025-09-27,711,321.51,USD,228593.61,cancelled,Stanton-Gill,Indonesia,60.5,ELEC-Ground-3,Electronics,,,,2025-09,45.1,0.109,False
PO004201,SUP0015,PRD0040,2025-12-27,242,28.79,USD,6967.18,fulfilled,"Zuniga, Wong and Lynch",India,76.1,FURN-Investment-40,Furniture,2025-12-29,paid,2026-01-10,2025-12,34.7,0.082,False
PO004202,SUP0038,PRD0133,2024-10-12,468,309.88,USD,145023.84,fulfilled,Rose-Obrien,South Africa,61.5,PACK-Apply-133,Packaging,2024-10-25,pending,,2024-10,58.5,0.16,False
PO004203,SUP0028,PRD0130,2025-01-08,385,142.61,USD,54904.85,fulfilled,"Potter, Mack and Peterson",Germany,88.1,MACH-Small-130,Machinery,2025-01-15,paid,2025-02-20,2025-01,9.2,0.037,False
PO004204,SUP0011,PRD0097,2025-04-13,223,54.2,USD,12086.6,open,"Montgomery, Hensley and Ray",Indonesia,56.0,ELEC-Medical-97,Electronics,2025-04-20,overdue,,2025-04,44.3,0.107,False
PO004205,SUP0040,PRD0056,2025-10-02,201,1668.39,USD,335346.39,cancelled,"Santos, Kim and Holmes",Turkey,71.1,MACH-Billion-56,Machinery,,,,2025-10,58.9,0.256,False
PO004206,SUP0013,PRD0139,2025-03-20,554,6459.8,USD,3578729.2,fulfilled,Delacruz Group,Germany,77.3,FOOD-Nice-139,Food & Beverage,2025-04-02,paid,2025-05-15,2025-03,13.1,0.046,False
PO004207,SUP0014,PRD0081,2026-03-17,172,727.84,USD,125188.48,fulfilled,"Flowers, Martin and Kelly",United States,46.7,PACK-Total-81,Packaging,2026-03-19,paid,2026-04-23,2026-03,7.3,0.025,False
PO004208,SUP0015,PRD0018,2024-10-13,48,248.05,USD,11906.4,fulfilled,"Zuniga, Wong and Lynch",India,76.1,FURN-Almost-18,Furniture,2024-10-15,paid,2024-11-24,2024-10,36.0,0.142,False
PO004209,SUP0025,PRD0032,2024-12-30,446,223.51,USD,99685.46,fulfilled,Conner Group,Bangladesh,77.2,FURN-Us-32,Furniture,2025-01-02,paid,2025-01-30,2024-12,58.3,0.159,False
PO004210,SUP0034,PRD0057,2026-08-01,113,820.1,USD,92671.3,fulfilled,Koch-Decker,India,69.9,CHEM-Ask-57,Chemicals,2026-08-09,paid,2026-08-26,2026-08,36.4,0.093,False
PO004211,SUP0010,PRD0108,2026-01-27,153,3170.59,USD,485100.27,fulfilled,"Martinez, Nielsen and Miller",Egypt,43.6,FURN-With-108,Furniture,2026-02-08,paid,2026-03-16,2026-01,57.0,0.183,False
PO004212,SUP0025,PRD0147,2025-08-06,573,117.67,USD,67424.91,fulfilled,Conner Group,Bangladesh,77.2,FURN-Physical-147,Furniture,2025-08-19,paid,2025-09-06,2025-08,56.9,0.201,False
PO004213,SUP0028,PRD0078,2025-10-06,235,3.06,USD,719.1,open,"Potter, Mack and Peterson",Germany,88.1,AUTO-Level-78,Automotive Parts,2025-10-19,paid,2025-10-27,2025-10,14.8,0.032,False
PO004214,SUP0001,PRD0141,2025-02-13,1093,37.71,USD,41217.03,cancelled,"Rodriguez, Figueroa and Sanchez",South Korea,74.7,CHEM-Art-141,Chemicals,,,,2025-02,21.1,0.081,False
PO004215,SUP0010,PRD0030,2024-09-26,271,402.86,USD,109175.06,open,"Martinez, Nielsen and Miller",Egypt,43.6,AUTO-Several-30,Automotive Parts,2024-10-10,paid,2024-11-02,2024-09,,,
PO004216,SUP0025,PRD0089,2026-06-19,154,82.48,USD,12701.92,fulfilled,Conner Group,Bangladesh,77.2,ELEC-Better-89,Electronics,2026-06-21,paid,2026-07-24,2026-06,56.0,0.186,False
PO004217,SUP0001,PRD0136,2026-04-17,1021,3.16,USD,3226.36,open,"Rodriguez, Figueroa and Sanchez",South Korea,74.7,AUTO-Morning-136,Automotive Parts,2026-04-24,paid,2026-04-29,2026-04,15.1,0.06,False
PO004218,SUP0005,PRD0069,2026-03-16,818,287.82,USD,235436.76,fulfilled,Cole LLC,Mexico,58.0,FOOD-Challenge-69,Food & Beverage,2026-03-26,paid,2026-04-16,2026-03,37.2,0.126,False
PO004219,SUP0029,PRD0135,2026-03-06,59,132.48,USD,7816.32,open,Chavez Ltd,Poland,66.3,CHEM-Me-135,Chemicals,2026-03-09,pending,,2026-03,19.5,0.073,False
PO004220,SUP0001,PRD0055,2025-03-03,374,274.32,USD,102595.68,fulfilled,"Rodriguez, Figueroa and Sanchez",South Korea,74.7,FURN-Race-55,Furniture,2025-03-16,paid,2025-03-22,2025-03,23.3,0.07,False
PO004221,SUP0021,PRD0147,2025-01-03,40,12.82,USD,512.8,fulfilled,"Ellis, Baker and Wright",India,80.5,FURN-Physical-147,Furniture,2025-01-10,paid,2025-01-20,2025-01,41.3,0.071,False
PO004222,SUP0010,PRD0027,2025-02-08,312,729.16,USD,227497.92,cancelled,"Martinez, Nielsen and Miller",Egypt,43.6,TEXT-Difficult-27,Textiles,,,,2025-02,50.8,0.226,False
PO004223,SUP0006,PRD0106,2024-10-31,119,2.32,USD,276.08,fulfilled,Blake and Sons,China,58.0,AUTO-In-106,Automotive Parts,2024-11-02,overdue,,2024-10,31.4,0.103,False
PO004224,SUP0010,PRD0078,2024-09-17,896,290.43,USD,260225.28,open,"Martinez, Nielsen and Miller",Egypt,43.6,AUTO-Level-78,Automotive Parts,2024-10-01,paid,2024-10-10,2024-09,,,
PO004225,SUP0016,PRD0023,2025-05-28,222,3975.4,USD,882538.8,open,"Sanchez, Ford and Nelson",Mexico,67.6,MACH-Economy-23,Machinery,2025-06-11,paid,2025-07-24,2025-05,35.3,0.115,False
PO004226,SUP0022,PRD0087,2026-04-25,638,41.05,USD,26189.9,fulfilled,Burgess-Patterson,Pakistan,79.0,MACH-Think-87,Machinery,2026-05-02,paid,2026-05-28,2026-04,65.0,0.201,False
PO004227,SUP0017,PRD0020,2024-10-19,87,3.13,USD,272.31,open,"Hawkins, Cohen and Cameron",Nigeria,42.8,FOOD-Give-20,Food & Beverage,2024-11-01,pending,,2024-10,63.5,0.323,False
PO004228,SUP0013,PRD0003,2026-01-22,317,167.98,USD,53249.66,fulfilled,Delacruz Group,Germany,77.3,ELEC-Ground-3,Electronics,2026-01-25,paid,2026-02-26,2026-01,17.5,0.046,False
PO004229,SUP0008,PRD0137,2026-04-04,508,659.18,USD,334863.44,open,Davis Inc,Pakistan,69.7,FOOD-Wide-137,Food & Beverage,2026-04-14,paid,2026-05-28,2026-04,58.2,0.24,False
PO004230,SUP0018,PRD0005,2026-06-07,1088,5040.19,USD,5483726.72,open,Underwood LLC,Philippines,54.2,TEXT-Per-5,Textiles,2026-06-15,paid,2026-07-14,2026-06,38.6,0.104,False
PO004231,SUP0012,PRD0058,2024-11-03,109,13.32,USD,1451.88,fulfilled,Stanley LLC,Japan,60.6,AUTO-Interesting-58,Automotive Parts,2024-11-14,paid,2024-12-27,2024-11,21.0,0.049,False
PO004232,SUP0017,PRD0065,2026-04-18,414,41.09,USD,17011.26,fulfilled,"Hawkins, Cohen and Cameron",Nigeria,42.8,FURN-Dark-65,Furniture,2026-04-25,paid,2026-06-01,2026-04,76.5,0.271,False
PO004233,SUP0025,PRD0137,2025-03-16,377,46.36,USD,17477.72,fulfilled,Conner Group,Bangladesh,77.2,FOOD-Wide-137,Food & Beverage,2025-03-30,paid,2025-05-06,2025-03,53.0,0.165,False
PO004234,SUP0001,PRD0122,2026-01-30,648,854.75,USD,553878.0,fulfilled,"Rodriguez, Figueroa and Sanchez",South Korea,74.7,CHEM-Customer-122,Chemicals,2026-02-04,paid,2026-03-07,2026-01,25.8,0.073,False
PO004235,SUP0016,PRD0044,2025-12-22,657,1001.98,USD,658300.86,fulfilled,"Sanchez, Ford and Nelson",Mexico,67.6,MACH-Reason-44,Machinery,2026-01-02,paid,2026-02-10,2025-12,42.0,0.132,False
PO004236,SUP0014,PRD0064,2026-06-09,271,594.57,USD,161128.47,open,"Flowers, Martin and Kelly",United States,46.7,AUTO-Energy-64,Automotive Parts,2026-06-19,paid,2026-07-03,2026-06,13.5,0.033,False
PO004237,SUP0034,PRD0147,2026-05-19,233,2.35,USD,547.55,fulfilled,Koch-Decker,India,69.9,FURN-Physical-147,Furniture,2026-05-31,paid,2026-07-07,2026-05,40.0,0.113,False
PO004238,SUP0005,PRD0070,2025-06-12,382,2810.19,USD,1073492.58,cancelled,Cole LLC,Mexico,58.0,PACK-Knowledge-70,Packaging,,,,2025-06,30.7,0.147,False
PO004239,SUP0013,PRD0012,2025-01-09,70,335.61,USD,23492.7,fulfilled,Delacruz Group,Germany,77.3,ELEC-Second-12,Electronics,2025-01-22,pending,,2025-01,15.6,0.019,False
PO004240,SUP0004,PRD0035,2024-10-03,81,2.92,USD,236.52,fulfilled,"Johnson, Gonzalez and Santos",Mexico,76.5,MACH-Material-35,Machinery,2024-10-08,paid,2024-11-14,2024-10,42.4,0.12,False
PO004241,SUP0016,PRD0114,2026-07-20,35,1982.59,USD,69390.65,cancelled,"Sanchez, Ford and Nelson",Mexico,67.6,FOOD-Same-114,Food & Beverage,,,,2026-07,42.4,0.098,False
PO004242,SUP0012,PRD0044,2024-09-09,302,2528.36,USD,763564.72,fulfilled,Stanley LLC,Japan,60.6,MACH-Reason-44,Machinery,2024-09-12,paid,2024-09-30,2024-09,,,
PO004243,SUP0005,PRD0024,2024-10-23,279,2479.3,USD,691724.7,fulfilled,Cole LLC,Mexico,58.0,MACH-Family-24,Machinery,2024-10-27,paid,2024-12-04,2024-10,37.9,0.124,False
PO004244,SUP0007,PRD0015,2025-11-09,346,2.39,USD,826.94,open,Ramirez-Lewis,South Korea,49.8,TEXT-Drop-15,Textiles,2025-11-11,paid,2025-12-18,2025-11,18.8,0.052,False
PO004245,SUP0030,PRD0066,2026-05-17,31,2708.32,USD,83957.92,fulfilled,Stanton-Gill,Indonesia,60.5,TEXT-Customer-66,Textiles,2026-05-24,paid,2026-06-25,2026-05,39.8,0.126,False
PO004246,SUP0032,PRD0141,2024-09-15,348,5.4,USD,1879.2,fulfilled,"Lynch, Hernandez and Farmer",Vietnam,57.2,CHEM-Art-141,Chemicals,2024-09-25,paid,2024-10-29,2024-09,,,
PO004247,SUP0010,PRD0079,2026-01-13,134,1290.83,USD,172971.22,fulfilled,"Martinez, Nielsen and Miller",Egypt,43.6,FOOD-System-79,Food & Beverage,2026-01-21,pending,,2026-01,57.0,0.183,False
PO004248,SUP0036,PRD0023,2026-03-30,278,780.86,USD,217079.08,open,Dennis Inc,South Korea,60.1,MACH-Economy-23,Machinery,2026-04-13,pending,,2026-03,22.8,0.042,False
PO004249,SUP0022,PRD0043,2026-01-16,222,41.42,USD,9195.24,fulfilled,Burgess-Patterson,Pakistan,79.0,CHEM-Bill-43,Chemicals,2026-01-22,paid,2026-03-01,2026-01,64.2,0.296,False
PO004250,SUP0037,PRD0128,2025-03-05,264,561.98,USD,148362.72,open,"Cannon, Anderson and Alvarez",United States,65.1,TEXT-Occur-128,Textiles,2025-03-06,overdue,,2025-03,9.2,0.022,False
PO004251,SUP0030,PRD0040,2024-09-07,815,982.02,USD,800346.3,fulfilled,Stanton-Gill,Indonesia,60.5,FURN-Investment-40,Furniture,2024-09-11,paid,2024-10-05,2024-09,,,
PO004252,SUP0023,PRD0074,2025-04-25,495,1440.45,USD,713022.75,fulfilled,Robinson-Bright,Indonesia,70.0,MACH-Enjoy-74,Machinery,2025-05-06,paid,2025-05-21,2025-04,46.5,0.108,False
PO004253,SUP0004,PRD0012,2026-08-18,95,353.78,USD,33609.1,fulfilled,"Johnson, Gonzalez and Santos",Mexico,76.5,ELEC-Second-12,Electronics,2026-08-25,overdue,,2026-08,45.2,0.127,False
PO004254,SUP0006,PRD0139,2026-08-04,62,2483.33,USD,153966.46,fulfilled,Blake and Sons,China,58.0,FOOD-Nice-139,Food & Beverage,2026-08-05,paid,2026-09-14,2026-08,29.7,0.069,False
PO004255,SUP0004,PRD0144,2025-12-02,58,59.41,USD,3445.78,fulfilled,"Johnson, Gonzalez and Santos",Mexico,76.5,FURN-Today-144,Furniture,2025-12-13,paid,2025-12-30,2025-12,36.2,0.148,False
PO004256,SUP0037,PRD0074,2025-09-25,272,709.3,USD,192929.6,fulfilled,"Cannon, Anderson and Alvarez",United States,65.1,MACH-Enjoy-74,Machinery,2025-10-09,paid,2025-11-16,2025-09,8.2,0.017,False
PO004257,SUP0011,PRD0012,2025-06-04,146,28.51,USD,4162.46,fulfilled,"Montgomery, Hensley and Ray",Indonesia,56.0,ELEC-Second-12,Electronics,2025-06-14,paid,2025-06-30,2025-06,45.6,0.135,False
PO004258,SUP0012,PRD0003,2026-04-15,764,3.63,USD,2773.32,fulfilled,Stanley LLC,Japan,60.6,ELEC-Ground-3,Electronics,2026-04-21,paid,2026-04-26,2026-04,9.4,0.044,False
PO004259,SUP0032,PRD0002,2025-08-08,187,36.86,USD,6892.82,fulfilled,"Lynch, Hernandez and Farmer",Vietnam,57.2,PACK-Attack-2,Packaging,2025-08-18,paid,2025-09-12,2025-08,38.8,0.131,False
PO004260,SUP0037,PRD0072,2024-12-07,157,4137.46,USD,649581.22,fulfilled,"Cannon, Anderson and Alvarez",United States,65.1,TEXT-Family-72,Textiles,2024-12-16,pending,,2024-12,8.1,0.015,False
PO004261,SUP0013,PRD0059,2025-01-27,1623,4425.82,USD,7183105.86,cancelled,Delacruz Group,Germany,77.3,FOOD-Should-59,Food & Beverage,,,,2025-01,15.6,0.019,False
PO004262,SUP0003,PRD0117,2025-12-08,204,458.08,USD,93448.32,fulfilled,Johnson-Davis,Vietnam,88.7,CHEM-Only-117,Chemicals,2025-12-18,paid,2026-01-05,2025-12,39.9,0.111,False
PO004263,SUP0008,PRD0035,2025-08-27,367,326.72,USD,119906.24,fulfilled,Davis Inc,Pakistan,69.7,MACH-Material-35,Machinery,2025-09-10,paid,2025-10-08,2025-08,56.9,0.306,False
PO004264,SUP0030,PRD0040,2024-12-17,563,2.83,USD,1593.29,open,Stanton-Gill,Indonesia,60.5,FURN-Investment-40,Furniture,2024-12-25,pending,,2024-12,43.5,0.102,False
PO004265,SUP0036,PRD0071,2024-10-17,252,993.03,USD,250243.56,fulfilled,Dennis Inc,South Korea,60.1,ELEC-Cover-71,Electronics,2024-10-30,pending,,2024-10,23.2,0.052,False
PO004266,SUP0014,PRD0114,2025-10-15,103,70.09,USD,7219.27,fulfilled,"Flowers, Martin and Kelly",United States,46.7,FOOD-Same-114,Food & Beverage,2025-10-26,paid,2025-11-09,2025-10,17.3,0.029,False
PO004267,SUP0025,PRD0056,2026-03-26,304,76.77,USD,23338.08,fulfilled,Conner Group,Bangladesh,77.2,MACH-Billion-56,Machinery,2026-04-03,paid,2026-05-17,2026-03,48.7,0.12,False
PO004268,SUP0010,PRD0135,2026-03-04,985,17.3,USD,17040.5,fulfilled,"Martinez, Nielsen and Miller",Egypt,43.6,CHEM-Me-135,Chemicals,2026-03-06,paid,2026-03-11,2026-03,53.6,0.158,False
PO004269,SUP0007,PRD0032,2025-04-27,71,736.13,USD,52265.23,fulfilled,Ramirez-Lewis,South Korea,49.8,FURN-Us-32,Furniture,2025-04-30,pending,,2025-04,17.9,0.089,False
PO004270,SUP0023,PRD0091,2026-03-12,885,1032.48,USD,913744.8,fulfilled,Robinson-Bright,Indonesia,70.0,FOOD-Some-91,Food & Beverage,2026-03-20,paid,2026-04-17,2026-03,41.8,0.145,False
PO004271,SUP0013,PRD0023,2024-09-27,324,28.74,USD,9311.76,fulfilled,Delacruz Group,Germany,77.3,MACH-Economy-23,Machinery,2024-10-04,paid,2024-11-05,2024-09,,,
PO004272,SUP0037,PRD0146,2024-12-16,193,213.65,USD,41234.45,open,"Cannon, Anderson and Alvarez",United States,65.1,FURN-Authority-146,Furniture,2024-12-27,pending,,2024-12,8.1,0.015,False
PO004273,SUP0026,PRD0056,2025-07-06,399,3962.73,USD,1581129.27,fulfilled,James-Ferrell,Egypt,85.3,MACH-Billion-56,Machinery,2025-07-14,paid,2025-07-20,2025-07,51.2,0.211,False
PO004274,SUP0018,PRD0002,2026-01-15,124,313.7,USD,38898.8,fulfilled,Underwood LLC,Philippines,54.2,PACK-Attack-2,Packaging,2026-01-22,paid,2026-02-09,2026-01,38.7,0.107,False
PO004275,SUP0032,PRD0024,2025-07-28,146,30.06,USD,4388.76,fulfilled,"Lynch, Hernandez and Farmer",Vietnam,57.2,MACH-Family-24,Machinery,2025-08-11,paid,2025-09-07,2025-07,41.6,0.072,False
PO004276,SUP0008,PRD0132,2025-08-28,236,2.32,USD,547.52,fulfilled,Davis Inc,Pakistan,69.7,CHEM-Art-132,Chemicals,2025-09-01,paid,2025-10-06,2025-08,56.9,0.306,False
PO004277,SUP0030,PRD0109,2025-07-10,263,2.35,USD,618.05,fulfilled,Stanton-Gill,Indonesia,60.5,CHEM-Step-109,Chemicals,2025-07-21,paid,2025-07-30,2025-07,48.1,0.118,False
PO004278,SUP0030,PRD0058,2026-08-11,162,1655.36,USD,268168.32,fulfilled,Stanton-Gill,Indonesia,60.5,AUTO-Interesting-58,Automotive Parts,2026-08-25,paid,2026-09-21,2026-08,46.8,0.199,False
PO004279,SUP0012,PRD0056,2026-01-25,403,189.95,USD,76549.85,fulfilled,Stanley LLC,Japan,60.6,MACH-Billion-56,Machinery,2026-02-01,paid,2026-02-21,2026-01,21.6,0.072,False
PO004280,SUP0008,PRD0040,2025-10-10,75,405.96,USD,30447.0,fulfilled,Davis Inc,Pakistan,69.7,FURN-Investment-40,Furniture,2025-10-19,overdue,,2025-10,55.3,0.256,False
PO004281,SUP0031,PRD0103,2025-05-31,437,43.36,USD,18948.32,open,Harrell LLC,Brazil,87.2,AUTO-Community-103,Automotive Parts,2025-06-13,paid,2025-07-18,2025-05,52.6,0.139,False
PO004282,SUP0035,PRD0037,2025-01-08,1044,648.8,USD,677347.2,cancelled,Allen PLC,Brazil,54.5,CHEM-Still-37,Chemicals,,,,2025-01,53.3,0.132,False
PO004283,SUP0030,PRD0002,2025-11-21,207,987.46,USD,204404.22,fulfilled,Stanton-Gill,Indonesia,60.5,PACK-Attack-2,Packaging,2025-12-04,pending,,2025-11,45.3,0.143,False
PO004284,SUP0037,PRD0087,2026-03-21,68,60.2,USD,4093.6,open,"Cannon, Anderson and Alvarez",United States,65.1,MACH-Think-87,Machinery,2026-03-28,paid,2026-04-03,2026-03,13.9,0.03,False
PO004285,SUP0016,PRD0005,2025-02-28,265,2.41,USD,638.65,fulfilled,"Sanchez, Ford and Nelson",Mexico,67.6,TEXT-Per-5,Textiles,2025-03-06,paid,2025-04-13,2025-02,44.0,0.116,False
PO004286,SUP0018,PRD0115,2025-03-12,105,4.68,USD,491.4,fulfilled,Underwood LLC,Philippines,54.2,FOOD-Side-115,Food & Beverage,2025-03-13,paid,2025-04-06,2025-03,34.0,0.1,False
PO004287,SUP0035,PRD0109,2026-06-13,775,4.74,USD,3673.5,fulfilled,Allen PLC,Brazil,54.5,CHEM-Step-109,Chemicals,2026-06-22,overdue,,2026-06,57.0,0.161,False
PO004288,SUP0037,PRD0120,2025-03-02,179,468.84,USD,83922.36,fulfilled,"Cannon, Anderson and Alvarez",United States,65.1,MACH-Message-120,Machinery,2025-03-05,overdue,,2025-03,9.2,0.022,False
PO004289,SUP0017,PRD0133,2025-10-20,236,249.32,USD,58839.52,fulfilled,"Hawkins, Cohen and Cameron",Nigeria,42.8,PACK-Apply-133,Packaging,2025-11-02,paid,2025-12-07,2025-10,67.8,0.34,False
PO004290,SUP0010,PRD0071,2026-04-24,292,256.6,USD,74927.2,fulfilled,"Martinez, Nielsen and Miller",Egypt,43.6,ELEC-Cover-71,Electronics,2026-05-02,paid,2026-05-28,2026-04,52.2,0.22,False
PO004291,SUP0021,PRD0068,2025-06-09,224,1654.22,USD,370545.28,fulfilled,"Ellis, Baker and Wright",India,80.5,FURN-List-68,Furniture,2025-06-17,paid,2025-06-26,2025-06,35.0,0.09,False
PO004292,SUP0005,PRD0034,2026-05-16,196,21.55,USD,4223.8,cancelled,Cole LLC,Mexico,58.0,CHEM-Part-34,Chemicals,,,,2026-05,37.7,0.134,False
PO004293,SUP0036,PRD0078,2025-02-10,394,565.88,USD,222956.72,fulfilled,Dennis Inc,South Korea,60.1,AUTO-Level-78,Automotive Parts,2025-02-14,paid,2025-03-30,2025-02,29.9,0.059,False
PO004294,SUP0039,PRD0079,2025-08-06,184,359.21,USD,66094.64,fulfilled,"Campos, Vaughn and Marquez",South Korea,62.6,FOOD-System-79,Food & Beverage,2025-08-17,pending,,2025-08,18.0,0.075,False
PO004295,SUP0008,PRD0079,2026-06-04,336,1668.03,USD,560458.08,fulfilled,Davis Inc,Pakistan,69.7,FOOD-System-79,Food & Beverage,2026-06-11,pending,,2026-06,68.5,0.276,False
PO004296,SUP0021,PRD0041,2024-09-15,429,170.45,USD,73123.05,open,"Ellis, Baker and Wright",India,80.5,PACK-Customer-41,Packaging,2024-09-29,pending,,2024-09,,,
PO004297,SUP0033,PRD0034,2026-03-30,59,207.66,USD,12251.94,fulfilled,"Sellers, George and Burns",China,78.7,CHEM-Part-34,Chemicals,2026-04-11,paid,2026-05-24,2026-03,26.1,0.04,False
PO004298,SUP0020,PRD0041,2025-07-18,402,348.05,USD,139916.1,open,Lewis-Porter,Pakistan,59.2,PACK-Customer-41,Packaging,2025-07-22,paid,2025-07-30,2025-07,65.6,0.136,False
PO004299,SUP0029,PRD0079,2025-12-22,927,2.72,USD,2521.44,fulfilled,Chavez Ltd,Poland,66.3,FOOD-System-79,Food & Beverage,2025-12-25,overdue,,2025-12,23.8,0.099,False
PO004300,SUP0019,PRD0130,2026-01-26,236,2.49,USD,587.64,fulfilled,Clark PLC,Germany,69.9,MACH-Small-130,Machinery,2026-02-03,overdue,,2026-01,8.9,0.043,False
PO004301,SUP0026,PRD0064,2026-02-15,195,2728.05,USD,531969.75,fulfilled,James-Ferrell,Egypt,85.3,AUTO-Energy-64,Automotive Parts,2026-02-16,paid,2026-03-28,2026-02,51.5,0.18,False
PO004302,SUP0031,PRD0010,2025-12-12,110,2649.4,USD,291434.0,fulfilled,Harrell LLC,Brazil,87.2,CHEM-Account-10,Chemicals,2025-12-14,paid,2026-01-26,2025-12,50.6,0.115,False
PO004303,SUP0006,PRD0004,2024-11-10,65,54.74,USD,3558.1,cancelled,Blake and Sons,China,58.0,FOOD-Against-4,Food & Beverage,,,,2024-11,32.3,0.059,False
PO004304,SUP0003,PRD0051,2026-02-12,610,10.01,USD,6106.1,fulfilled,Johnson-Davis,Vietnam,88.7,AUTO-Shoulder-51,Automotive Parts,2026-02-25,pending,,2026-02,43.2,0.116,False
PO004305,SUP0013,PRD0114,2026-06-10,563,651.47,USD,366777.61,open,Delacruz Group,Germany,77.3,FOOD-Same-114,Food & Beverage,2026-06-21,paid,2026-07-24,2026-06,7.3,0.038,False
PO004306,SUP0011,PRD0040,2024-12-14,157,52.84,USD,8295.88,open,"Montgomery, Hensley and Ray",Indonesia,56.0,FURN-Investment-40,Furniture,2024-12-20,paid,2024-12-27,2024-12,38.7,0.122,False
PO004307,SUP0031,PRD0054,2025-05-21,174,1514.59,USD,263538.66,open,Harrell LLC,Brazil,87.2,FURN-Ready-54,Furniture,2025-05-23,paid,2025-06-10,2025-05,52.6,0.139,False
PO004308,SUP0022,PRD0002,2024-11-13,272,9.01,USD,2450.72,fulfilled,Burgess-Patterson,Pakistan,79.0,PACK-Attack-2,Packaging,2024-11-18,pending,,2024-11,63.2,0.25,False
PO004309,SUP0014,PRD0005,2024-12-15,521,1686.16,USD,878489.36,cancelled,"Flowers, Martin and Kelly",United States,46.7,TEXT-Per-5,Textiles,,,,2024-12,17.2,0.025,False
PO004310,SUP0020,PRD0057,2025-08-15,180,1733.4,USD,312012.0,cancelled,Lewis-Porter,Pakistan,59.2,CHEM-Ask-57,Chemicals,,,,2025-08,63.6,0.226,False
PO004311,SUP0014,PRD0102,2026-08-26,619,40.65,USD,25162.35,fulfilled,"Flowers, Martin and Kelly",United States,46.7,TEXT-Artist-102,Textiles,2026-09-09,paid,2026-10-02,2026-08,9.6,0.02,False
PO004312,SUP0037,PRD0104,2025-03-17,327,1023.0,USD,334521.0,fulfilled,"Cannon, Anderson and Alvarez",United States,65.1,AUTO-Hundred-104,Automotive Parts,2025-03-20,paid,2025-04-08,2025-03,9.2,0.022,False
PO004313,SUP0029,PRD0122,2025-01-28,152,2.33,USD,354.16,fulfilled,Chavez Ltd,Poland,66.3,CHEM-Customer-122,Chemicals,2025-02-10,paid,2025-03-08,2025-01,28.2,0.102,False
PO004314,SUP0006,PRD0023,2025-10-23,234,7059.11,USD,1651831.74,fulfilled,Blake and Sons,China,58.0,MACH-Economy-23,Machinery,2025-10-27,paid,2025-11-07,2025-10,30.7,0.06,False
PO004315,SUP0024,PRD0109,2025-07-08,32,3.84,USD,122.88,fulfilled,Campos Inc,Mexico,79.6,CHEM-Step-109,Chemicals,2025-07-12,pending,,2025-07,42.8,0.112,False
PO004316,SUP0020,PRD0103,2026-05-25,177,2407.11,USD,426058.47,fulfilled,Lewis-Porter,Pakistan,59.2,AUTO-Community-103,Automotive Parts,2026-06-01,pending,,2026-05,62.0,0.242,False
PO004317,SUP0005,PRD0057,2025-06-29,113,1177.42,USD,133048.46,fulfilled,Cole LLC,Mexico,58.0,CHEM-Ask-57,Chemicals,2025-07-08,paid,2025-07-21,2025-06,30.7,0.147,False
PO004318,SUP0031,PRD0041,2026-03-13,628,2.47,USD,1551.16,fulfilled,Harrell LLC,Brazil,87.2,PACK-Customer-41,Packaging,2026-03-23,pending,,2026-03,48.8,0.125,False
PO004319,SUP0036,PRD0069,2024-09-10,187,964.18,USD,180301.66,fulfilled,Dennis Inc,South Korea,60.1,FOOD-Challenge-69,Food & Beverage,2024-09-18,paid,2024-10-04,2024-09,,,
PO004320,SUP0031,PRD0150,2025-09-16,475,5028.1,USD,2388347.5,cancelled,Harrell LLC,Brazil,87.2,TEXT-Training-150,Textiles,,,,2025-09,51.5,0.138,False
PO004321,SUP0021,PRD0122,2025-11-23,313,734.08,USD,229767.04,fulfilled,"Ellis, Baker and Wright",India,80.5,CHEM-Customer-122,Chemicals,2025-12-06,paid,2025-12-26,2025-11,39.8,0.084,False
PO004322,SUP0016,PRD0084,2024-09-08,191,1486.69,USD,283957.79,open,"Sanchez, Ford and Nelson",Mexico,67.6,PACK-Apply-84,Packaging,2024-09-10,paid,2024-10-11,2024-09,,,
PO004323,SUP0031,PRD0132,2024-11-20,125,2.31,USD,288.75,fulfilled,Harrell LLC,Brazil,87.2,CHEM-Art-132,Chemicals,2024-11-23,paid,2024-12-27,2024-11,54.4,0.219,False
PO004324,SUP0002,PRD0056,2024-12-24,360,64.32,USD,23155.2,cancelled,Rhodes PLC,Germany,87.8,MACH-Billion-56,Machinery,,,,2024-12,8.4,0.045,False
PO004325,SUP0040,PRD0102,2025-10-14,528,3.15,USD,1663.2,fulfilled,"Santos, Kim and Holmes",Turkey,71.1,TEXT-Artist-102,Textiles,2025-10-21,paid,2025-11-29,2025-10,58.9,0.256,False
PO004326,SUP0033,PRD0034,2026-04-23,59,1535.62,USD,90601.58,cancelled,"Sellers, George and Burns",China,78.7,CHEM-Part-34,Chemicals,,,,2026-04,31.1,0.073,False
PO004327,SUP0002,PRD0095,2025-01-18,721,2.42,USD,1744.82,open,Rhodes PLC,Germany,87.8,PACK-Investment-95,Packaging,2025-01-19,paid,2025-02-08,2025-01,12.6,0.045,False
PO004328,SUP0016,PRD0030,2025-10-02,415,386.01,USD,160194.15,fulfilled,"Sanchez, Ford and Nelson",Mexico,67.6,AUTO-Several-30,Automotive Parts,2025-10-11,paid,2025-11-21,2025-10,40.8,0.138,False
PO004329,SUP0010,PRD0089,2026-03-04,294,12.49,USD,3672.06,fulfilled,"Martinez, Nielsen and Miller",Egypt,43.6,ELEC-Better-89,Electronics,2026-03-07,paid,2026-04-20,2026-03,53.6,0.158,False
PO004330,SUP0006,PRD0057,2025-03-12,350,3.47,USD,1214.5,fulfilled,Blake and Sons,China,58.0,CHEM-Ask-57,Chemicals,2025-03-13,paid,2025-04-11,2025-03,35.7,0.096,False
PO004331,SUP0035,PRD0087,2026-03-18,125,1057.9,USD,132237.5,fulfilled,Allen PLC,Brazil,54.5,MACH-Think-87,Machinery,2026-03-20,pending,,2026-03,54.4,0.19,False
PO004332,SUP0035,PRD0133,2025-07-26,406,2.44,USD,990.64,fulfilled,Allen PLC,Brazil,54.5,PACK-Apply-133,Packaging,2025-07-27,overdue,,2025-07,58.2,0.161,False
PO004333,SUP0027,PRD0109,2025-10-08,198,737.07,USD,145939.86,open,"Valencia, Smith and Le",Vietnam,70.4,CHEM-Step-109,Chemicals,2025-10-18,pending,,2025-10,45.5,0.109,False
PO004334,SUP0002,PRD0012,2025-01-04,73,7.05,USD,514.65,fulfilled,Rhodes PLC,Germany,87.8,ELEC-Second-12,Electronics,2025-01-16,paid,2025-02-21,2025-01,12.6,0.045,False
PO004335,SUP0026,PRD0109,2026-08-10,69,426.24,USD,29410.56,fulfilled,James-Ferrell,Egypt,85.3,CHEM-Step-109,Chemicals,2026-08-14,pending,,2026-08,63.3,0.217,False
PO004336,SUP0010,PRD0052,2024-10-17,628,5.93,USD,3724.04,fulfilled,"Martinez, Nielsen and Miller",Egypt,43.6,CHEM-Arm-52,Chemicals,2024-10-31,paid,2024-11-13,2024-10,57.4,0.226,False
PO004337,SUP0008,PRD0081,2026-05-17,368,18.23,USD,6708.64,fulfilled,Davis Inc,Pakistan,69.7,PACK-Total-81,Packaging,2026-05-29,paid,2026-06-26,2026-05,67.5,0.153,False
PO004338,SUP0013,PRD0119,2025-05-26,124,2.97,USD,368.28,fulfilled,Delacruz Group,Germany,77.3,TEXT-Serious-119,Textiles,2025-06-04,paid,2025-07-02,2025-05,11.2,0.028,False
PO004339,SUP0008,PRD0044,2025-05-23,142,157.11,USD,22309.62,fulfilled,Davis Inc,Pakistan,69.7,MACH-Reason-44,Machinery,2025-05-24,paid,2025-06-07,2025-05,63.8,0.268,False
PO004340,SUP0035,PRD0014,2024-11-22,683,2.32,USD,1584.56,fulfilled,Allen PLC,Brazil,54.5,PACK-Artist-14,Packaging,2024-11-23,paid,2025-01-01,2024-11,44.8,0.149,False
PO004341,SUP0015,PRD0032,2026-06-29,277,1683.0,USD,466191.0,fulfilled,"Zuniga, Wong and Lynch",India,76.1,FURN-Us-32,Furniture,2026-07-09,paid,2026-08-07,2026-06,34.7,0.138,False
PO004342,SUP0009,PRD0142,2026-06-05,222,8.7,USD,1931.4,open,Munoz-Roman,United States,66.0,TEXT-Movie-142,Textiles,2026-06-17,paid,2026-06-30,2026-06,15.7,0.018,False
PO004343,SUP0005,PRD0091,2024-12-27,114,1750.86,USD,199598.04,fulfilled,Cole LLC,Mexico,58.0,FOOD-Some-91,Food & Beverage,2025-01-04,pending,,2024-12,33.6,0.149,False
PO004344,SUP0021,PRD0001,2025-07-16,112,37.86,USD,4240.32,open,"Ellis, Baker and Wright",India,80.5,MACH-Down-1,Machinery,2025-07-21,paid,2025-08-31,2025-07,30.4,0.072,False
PO004345,SUP0011,PRD0078,2026-01-31,28,2.34,USD,65.52,fulfilled,"Montgomery, Hensley and Ray",Indonesia,56.0,AUTO-Level-78,Automotive Parts,2026-02-08,paid,2026-03-06,2026-01,42.3,0.123,False
PO004346,SUP0036,PRD0079,2025-06-15,875,1971.16,USD,1724765.0,cancelled,Dennis Inc,South Korea,60.1,FOOD-System-79,Food & Beverage,,,,2025-06,16.2,0.07,False
PO004347,SUP0026,PRD0145,2025-06-04,577,97.7,USD,56372.9,fulfilled,James-Ferrell,Egypt,85.3,MACH-Cultural-145,Machinery,2025-06-06,paid,2025-07-13,2025-06,53.2,0.177,False
PO004348,SUP0032,PRD0046,2025-08-09,1478,65.18,USD,96336.04,fulfilled,"Lynch, Hernandez and Farmer",Vietnam,57.2,FOOD-Health-46,Food & Beverage,2025-08-16,paid,2025-09-29,2025-08,38.8,0.131,False
PO004349,SUP0008,PRD0091,2024-09-25,500,235.27,USD,117635.0,fulfilled,Davis Inc,Pakistan,69.7,FOOD-Some-91,Food & Beverage,2024-09-30,paid,2024-11-10,2024-09,,,
PO004350,SUP0038,PRD0146,2024-11-08,229,330.17,USD,75608.93,fulfilled,Rose-Obrien,South Africa,61.5,FURN-Authority-146,Furniture,2024-11-19,pending,,2024-11,49.7,0.162,False
PO004351,SUP0010,PRD0100,2024-11-29,254,123.93,USD,31478.22,fulfilled,"Martinez, Nielsen and Miller",Egypt,43.6,TEXT-Institution-100,Textiles,2024-12-01,paid,2024-12-16,2024-11,56.9,0.198,False
PO004352,SUP0015,PRD0130,2026-05-26,413,2.4,USD,991.2,open,"Zuniga, Wong and Lynch",India,76.1,MACH-Small-130,Machinery,2026-05-30,paid,2026-07-06,2026-05,31.4,0.069,False
PO004353,SUP0005,PRD0059,2024-10-26,661,436.83,USD,288744.63,fulfilled,Cole LLC,Mexico,58.0,FOOD-Should-59,Food & Beverage,2024-11-04,paid,2024-11-20,2024-10,37.9,0.124,False
PO004354,SUP0022,PRD0135,2026-06-06,522,4.24,USD,2213.28,fulfilled,Burgess-Patterson,Pakistan,79.0,CHEM-Me-135,Chemicals,2026-06-16,paid,2026-07-01,2026-06,67.0,0.256,False
PO004355,SUP0030,PRD0132,2026-06-04,288,8.03,USD,2312.64,fulfilled,Stanton-Gill,Indonesia,60.5,CHEM-Art-132,Chemicals,2026-06-05,paid,2026-06-14,2026-06,47.0,0.089,False
PO004356,SUP0036,PRD0010,2024-11-12,268,64.34,USD,17243.12,fulfilled,Dennis Inc,South Korea,60.1,CHEM-Account-10,Chemicals,2024-11-20,pending,,2024-11,13.9,0.067,False
PO004357,SUP0028,PRD0096,2025-09-06,642,2493.71,USD,1600961.82,fulfilled,"Potter, Mack and Peterson",Germany,88.1,CHEM-Mention-96,Chemicals,2025-09-16,paid,2025-10-09,2025-09,10.4,0.045,False
PO004358,SUP0031,PRD0124,2025-09-12,661,537.7,USD,355419.7,fulfilled,Harrell LLC,Brazil,87.2,ELEC-Director-124,Electronics,2025-09-22,pending,,2025-09,51.5,0.138,False
PO004359,SUP0022,PRD0048,2025-12-09,903,183.92,USD,166079.76,open,Burgess-Patterson,Pakistan,79.0,FOOD-Item-48,Food & Beverage,2025-12-21,paid,2026-01-30,2025-12,64.8,0.254,False
PO004360,SUP0039,PRD0058,2025-12-09,92,6.33,USD,582.36,fulfilled,"Campos, Vaughn and Marquez",South Korea,62.6,AUTO-Interesting-58,Automotive Parts,2025-12-18,paid,2026-01-05,2025-12,17.1,0.061,False
PO004361,SUP0037,PRD0133,2026-03-31,238,462.55,USD,110086.9,fulfilled,"Cannon, Anderson and Alvarez",United States,65.1,PACK-Apply-133,Packaging,2026-04-08,pending,,2026-03,13.9,0.03,False
PO004362,SUP0001,PRD0055,2025-04-18,436,4745.46,USD,2069020.56,fulfilled,"Rodriguez, Figueroa and Sanchez",South Korea,74.7,FURN-Race-55,Furniture,2025-04-25,paid,2025-05-11,2025-04,19.9,0.077,False
PO004363,SUP0034,PRD0132,2026-01-21,607,147.04,USD,89253.28,fulfilled,Koch-Decker,India,69.9,CHEM-Art-132,Chemicals,2026-01-23,paid,2026-03-04,2026-01,34.7,0.097,False
PO004364,SUP0019,PRD0085,2026-05-26,571,111.25,USD,63523.75,fulfilled,Clark PLC,Germany,69.9,CHEM-Reach-85,Chemicals,2026-05-28,pending,,2026-05,8.6,0.043,False
PO004365,SUP0002,PRD0105,2025-10-10,1280,90.13,USD,115366.4,fulfilled,Rhodes PLC,Germany,87.8,FOOD-Able-105,Food & Beverage,2025-10-15,paid,2025-11-15,2025-10,7.2,0.034,False
PO004366,SUP0014,PRD0120,2026-04-21,278,179.12,USD,49795.36,open,"Flowers, Martin and Kelly",United States,46.7,MACH-Message-120,Machinery,2026-04-24,paid,2026-05-17,2026-04,11.1,0.042,False
PO004367,SUP0012,PRD0147,2026-06-02,255,868.39,USD,221439.45,fulfilled,Stanley LLC,Japan,60.6,FURN-Physical-147,Furniture,2026-06-13,paid,2026-07-03,2026-06,13.0,0.055,False
PO004368,SUP0040,PRD0084,2025-01-23,340,254.37,USD,86485.8,fulfilled,"Santos, Kim and Holmes",Turkey,71.1,PACK-Apply-84,Packaging,2025-01-26,pending,,2025-01,59.7,0.235,False
PO004369,SUP0017,PRD0079,2025-09-06,283,58.56,USD,16572.48,fulfilled,"Hawkins, Cohen and Cameron",Nigeria,42.8,FOOD-System-79,Food & Beverage,2025-09-11,paid,2025-09-16,2025-09,67.2,0.203,False
PO004370,SUP0013,PRD0068,2025-11-03,330,126.71,USD,41814.3,fulfilled,Delacruz Group,Germany,77.3,FURN-List-68,Furniture,2025-11-12,paid,2025-12-10,2025-11,6.9,0.045,False
PO004371,SUP0006,PRD0111,2025-05-14,521,609.51,USD,317554.71,cancelled,Blake and Sons,China,58.0,PACK-Look-111,Packaging,,,,2025-05,30.3,0.116,False
PO004372,SUP0008,PRD0009,2025-01-09,548,3.38,USD,1852.24,fulfilled,Davis Inc,Pakistan,69.7,MACH-Discussion-9,Machinery,2025-01-23,paid,2025-03-03,2025-01,61.9,0.24,False
PO004373,SUP0030,PRD0019,2026-03-31,354,151.39,USD,53592.06,cancelled,Stanton-Gill,Indonesia,60.5,PACK-Trade-19,Packaging,,,,2026-03,43.1,0.125,False
PO004374,SUP0033,PRD0132,2024-09-16,192,279.01,USD,53569.92,open,"Sellers, George and Burns",China,78.7,CHEM-Art-132,Chemicals,2024-09-24,paid,2024-10-12,2024-09,,,
PO004375,SUP0017,PRD0083,2025-10-07,280,2.31,USD,646.8,fulfilled,"Hawkins, Cohen and Cameron",Nigeria,42.8,TEXT-Billion-83,Textiles,2025-10-13,pending,,2025-10,67.8,0.34,False
PO004376,SUP0006,PRD0066,2025-04-11,208,2.32,USD,482.56,fulfilled,Blake and Sons,China,58.0,TEXT-Customer-66,Textiles,2025-04-17,paid,2025-05-08,2025-04,31.7,0.087,False
PO004377,SUP0038,PRD0130,2025-05-24,75,46.27,USD,3470.25,fulfilled,Rose-Obrien,South Africa,61.5,MACH-Small-130,Machinery,2025-05-29,paid,2025-07-09,2025-05,60.2,0.197,False
PO004378,SUP0032,PRD0040,2025-09-23,126,2.32,USD,292.32,cancelled,"Lynch, Hernandez and Farmer",Vietnam,57.2,FURN-Investment-40,Furniture,,,,2025-09,51.4,0.106,False
PO004379,SUP0002,PRD0136,2024-10-22,143,3559.32,USD,508982.76,cancelled,Rhodes PLC,Germany,87.8,AUTO-Morning-136,Automotive Parts,,,,2024-10,10.5,0.038,False
PO004380,SUP0006,PRD0137,2025-03-07,1181,82.3,USD,97196.3,fulfilled,Blake and Sons,China,58.0,FOOD-Wide-137,Food & Beverage,2025-03-11,pending,,2025-03,35.7,0.096,False
PO004381,SUP0010,PRD0072,2025-12-11,274,21.98,USD,6022.52,fulfilled,"Martinez, Nielsen and Miller",Egypt,43.6,TEXT-Family-72,Textiles,2025-12-21,paid,2026-01-02,2025-12,54.0,0.195,False
PO004382,SUP0030,PRD0066,2024-11-08,141,4881.96,USD,688356.36,fulfilled,Stanton-Gill,Indonesia,60.5,TEXT-Customer-66,Textiles,2024-11-21,paid,2025-01-01,2024-11,40.4,0.073,False
PO004383,SUP0002,PRD0071,2026-07-27,206,1997.32,USD,411447.92,open,Rhodes PLC,Germany,87.8,ELEC-Cover-71,Electronics,2026-08-03,paid,2026-08-12,2026-07,19.8,0.037,False
PO004384,SUP0030,PRD0015,2025-06-02,104,144.71,USD,15049.84,fulfilled,Stanton-Gill,Indonesia,60.5,TEXT-Drop-15,Textiles,2025-06-13,paid,2025-06-23,2025-06,45.6,0.136,False
PO004385,SUP0013,PRD0079,2025-09-09,637,583.46,USD,371664.02,open,Delacruz Group,Germany,77.3,FOOD-System-79,Food & Beverage,2025-09-16,paid,2025-10-11,2025-09,8.4,0.037,False
PO004386,SUP0036,PRD0001,2024-10-03,192,408.27,USD,78387.84,fulfilled,Dennis Inc,South Korea,60.1,MACH-Down-1,Machinery,2024-10-11,paid,2024-11-22,2024-10,23.2,0.052,False
PO004387,SUP0015,PRD0128,2025-12-05,108,321.4,USD,34711.2,fulfilled,"Zuniga, Wong and Lynch",India,76.1,TEXT-Occur-128,Textiles,2025-12-07,paid,2026-01-18,2025-12,34.7,0.082,False
PO004388,SUP0040,PRD0049,2025-09-07,105,1334.32,USD,140103.6,fulfilled,"Santos, Kim and Holmes",Turkey,71.1,AUTO-Manage-49,Automotive Parts,2025-09-18,pending,,2025-09,53.6,0.209,False
PO004389,SUP0006,PRD0020,2026-08-08,552,853.24,USD,470988.48,open,Blake and Sons,China,58.0,FOOD-Give-20,Food & Beverage,2026-08-15,overdue,,2026-08,29.7,0.069,False
PO004390,SUP0005,PRD0049,2025-07-04,370,69.43,USD,25689.1,fulfilled,Cole LLC,Mexico,58.0,AUTO-Manage-49,Automotive Parts,2025-07-16,paid,2025-07-30,2025-07,35.6,0.151,False
PO004391,SUP0037,PRD0120,2026-05-14,94,3654.41,USD,343514.54,fulfilled,"Cannon, Anderson and Alvarez",United States,65.1,MACH-Message-120,Machinery,2026-05-17,pending,,2026-05,13.4,0.028,False
PO004392,SUP0027,PRD0097,2026-05-09,95,2772.09,USD,263348.55,open,"Valencia, Smith and Le",Vietnam,70.4,ELEC-Medical-97,Electronics,2026-05-23,overdue,,2026-05,48.1,0.102,False
PO004393,SUP0027,PRD0057,2026-07-26,820,3.15,USD,2583.0,fulfilled,"Valencia, Smith and Le",Vietnam,70.4,CHEM-Ask-57,Chemicals,2026-07-27,pending,,2026-07,47.2,0.1,False
PO004394,SUP0036,PRD0041,2025-12-29,380,3352.01,USD,1273763.8,fulfilled,Dennis Inc,South Korea,60.1,PACK-Customer-41,Packaging,2026-01-03,paid,2026-01-28,2025-12,24.1,0.077,False
PO004395,SUP0006,PRD0007,2025-03-30,622,42.37,USD,26354.14,fulfilled,Blake and Sons,China,58.0,TEXT-Drug-7,Textiles,2025-04-10,paid,2025-05-19,2025-03,35.7,0.096,False
PO004396,SUP0025,PRD0128,2026-04-16,89,27.14,USD,2415.46,fulfilled,Conner Group,Bangladesh,77.2,TEXT-Occur-128,Textiles,2026-04-22,pending,,2026-04,61.8,0.169,False
PO004397,SUP0006,PRD0010,2025-03-13,115,2789.18,USD,320755.7,fulfilled,Blake and Sons,China,58.0,CHEM-Account-10,Chemicals,2025-03-23,paid,2025-04-02,2025-03,35.7,0.096,False
PO004398,SUP0037,PRD0145,2025-06-23,225,160.56,USD,36126.0,fulfilled,"Cannon, Anderson and Alvarez",United States,65.1,MACH-Cultural-145,Machinery,2025-07-07,paid,2025-08-17,2025-06,18.8,0.032,False
PO004399,SUP0034,PRD0030,2026-05-27,84,1335.6,USD,112190.4,open,Koch-Decker,India,69.9,AUTO-Several-30,Automotive Parts,2026-06-06,paid,2026-06-30,2026-05,40.0,0.113,False
PO004400,SUP0026,PRD0100,2024-10-31,823,3.66,USD,3012.18,open,James-Ferrell,Egypt,85.3,TEXT-Institution-100,Textiles,2024-11-14,pending,,2024-10,55.1,0.243,False
PO004401,SUP0029,PRD0046,2024-09-13,195,6.7,USD,1306.5,fulfilled,Chavez Ltd,Poland,66.3,FOOD-Health-46,Food & Beverage,2024-09-14,paid,2024-10-12,2024-09,,,
PO004402,SUP0006,PRD0077,2025-04-06,566,2103.69,USD,1190688.54,cancelled,Blake and Sons,China,58.0,FURN-Bag-77,Furniture,,,,2025-04,31.7,0.087,False
PO004403,SUP0012,PRD0016,2025-06-25,61,133.91,USD,8168.51,fulfilled,Stanley LLC,Japan,60.6,CHEM-Author-16,Chemicals,2025-06-30,paid,2025-07-15,2025-06,16.0,0.035,False
PO004404,SUP0010,PRD0064,2025-12-11,141,573.16,USD,80815.56,fulfilled,"Martinez, Nielsen and Miller",Egypt,43.6,AUTO-Energy-64,Automotive Parts,2025-12-16,paid,2026-01-07,2025-12,54.0,0.195,False
PO004405,SUP0001,PRD0078,2025-01-24,113,1720.89,USD,194460.57,fulfilled,"Rodriguez, Figueroa and Sanchez",South Korea,74.7,AUTO-Level-78,Automotive Parts,2025-02-01,paid,2025-02-15,2025-01,19.2,0.072,False
PO004406,SUP0019,PRD0051,2026-04-01,219,8.26,USD,1808.94,fulfilled,Clark PLC,Germany,69.9,AUTO-Shoulder-51,Automotive Parts,2026-04-08,paid,2026-05-20,2026-04,12.5,0.048,False
PO004407,SUP0019,PRD0030,2025-11-19,85,1099.03,USD,93417.55,fulfilled,Clark PLC,Germany,69.9,AUTO-Several-30,Automotive Parts,2025-11-28,paid,2025-12-28,2025-11,11.7,0.031,False
PO004408,SUP0008,PRD0070,2024-10-27,58,1103.18,USD,63984.44,fulfilled,Davis Inc,Pakistan,69.7,PACK-Knowledge-70,Packaging,2024-11-08,paid,2024-12-05,2024-10,62.8,0.317,False
PO004409,SUP0010,PRD0072,2024-12-06,135,683.78,USD,92310.3,fulfilled,"Martinez, Nielsen and Miller",Egypt,43.6,TEXT-Family-72,Textiles,2024-12-10,paid,2024-12-30,2024-12,48.1,0.214,False
PO004410,SUP0012,PRD0011,2025-05-14,125,2.39,USD,298.75,fulfilled,Stanley LLC,Japan,60.6,TEXT-Avoid-11,Textiles,2025-05-21,paid,2025-06-07,2025-05,11.4,0.038,False
PO004411,SUP0005,PRD0075,2025-02-06,321,52.37,USD,16810.77,open,Cole LLC,Mexico,58.0,TEXT-Two-75,Textiles,2025-02-13,paid,2025-03-22,2025-02,42.0,0.104,False
PO004412,SUP0001,PRD0003,2026-04-27,154,3.87,USD,595.98,fulfilled,"Rodriguez, Figueroa and Sanchez",South Korea,74.7,ELEC-Ground-3,Electronics,2026-05-08,paid,2026-05-14,2026-04,15.1,0.06,False
PO004413,SUP0015,PRD0136,2026-01-01,218,303.61,USD,66186.98,cancelled,"Zuniga, Wong and Lynch",India,76.1,AUTO-Morning-136,Automotive Parts,,,,2026-01,38.8,0.119,False
PO004414,SUP0032,PRD0018,2026-06-15,85,5.81,USD,493.85,fulfilled,"Lynch, Hernandez and Farmer",Vietnam,57.2,FURN-Almost-18,Furniture,2026-06-18,paid,2026-07-24,2026-06,45.6,0.092,False
PO004415,SUP0010,PRD0121,2025-08-09,232,3.57,USD,828.24,fulfilled,"Martinez, Nielsen and Miller",Egypt,43.6,ELEC-Clear-121,Electronics,2025-08-17,pending,,2025-08,53.1,0.132,False
PO004416,SUP0008,PRD0135,2026-02-28,353,2.37,USD,836.61,fulfilled,Davis Inc,Pakistan,69.7,CHEM-Me-135,Chemicals,2026-03-06,paid,2026-04-09,2026-02,67.2,0.238,False
PO004417,SUP0012,PRD0137,2024-12-22,177,442.87,USD,78387.99,open,Stanley LLC,Japan,60.6,FOOD-Wide-137,Food & Beverage,2024-12-29,paid,2025-01-25,2024-12,20.0,0.052,False
PO004418,SUP0014,PRD0024,2026-07-15,293,275.13,USD,80613.09,cancelled,"Flowers, Martin and Kelly",United States,46.7,MACH-Family-24,Machinery,,,,2026-07,11.2,0.019,False
PO004419,SUP0039,PRD0055,2024-11-12,73,573.69,USD,41879.37,fulfilled,"Campos, Vaughn and Marquez",South Korea,62.6,FURN-Race-55,Furniture,2024-11-22,paid,2024-12-10,2024-11,16.6,0.063,False
PO004420,SUP0031,PRD0079,2026-05-26,89,213.86,USD,19033.54,fulfilled,Harrell LLC,Brazil,87.2,FOOD-System-79,Food & Beverage,2026-06-05,paid,2026-07-15,2026-05,54.7,0.138,False
PO004421,SUP0006,PRD0109,2025-01-08,739,2.31,USD,1707.09,fulfilled,Blake and Sons,China,58.0,CHEM-Step-109,Chemicals,2025-01-18,pending,,2025-01,26.5,0.063,False
PO004422,SUP0012,PRD0025,2026-02-13,48,1253.96,USD,60190.08,fulfilled,Stanley LLC,Japan,60.6,CHEM-Relationship-25,Chemicals,2026-02-21,paid,2026-03-24,2026-02,13.8,0.053,False
PO004423,SUP0020,PRD0072,2025-08-21,237,997.57,USD,236424.09,fulfilled,Lewis-Porter,Pakistan,59.2,TEXT-Family-72,Textiles,2025-08-30,paid,2025-10-01,2025-08,63.6,0.226,False
PO004424,SUP0003,PRD0037,2024-12-09,127,3000.94,USD,381119.38,cancelled,Johnson-Davis,Vietnam,88.7,CHEM-Still-37,Chemicals,,,,2024-12,37.9,0.106,False
PO004425,SUP0001,PRD0103,2026-05-13,61,4.28,USD,261.08,fulfilled,"Rodriguez, Figueroa and Sanchez",South Korea,74.7,AUTO-Community-103,Automotive Parts,2026-05-21,overdue,,2026-05,21.1,0.078,False
PO004426,SUP0014,PRD0054,2026-04-06,244,3.63,USD,885.72,fulfilled,"Flowers, Martin and Kelly",United States,46.7,FURN-Ready-54,Furniture,2026-04-19,pending,,2026-04,11.1,0.042,False
PO004427,SUP0033,PRD0091,2025-02-20,253,1115.73,USD,282279.69,fulfilled,"Sellers, George and Burns",China,78.7,FOOD-Some-91,Food & Beverage,2025-03-04,paid,2025-04-09,2025-02,22.4,0.065,False
PO004428,SUP0004,PRD0016,2026-03-29,548,1665.01,USD,912425.48,fulfilled,"Johnson, Gonzalez and Santos",Mexico,76.5,CHEM-Author-16,Chemicals,2026-04-04,paid,2026-05-03,2026-03,32.4,0.136,False
PO004429,SUP0030,PRD0028,2025-07-15,319,314.99,USD,100481.81,fulfilled,Stanton-Gill,Indonesia,60.5,AUTO-Notice-28,Automotive Parts,2025-07-24,paid,2025-08-26,2025-07,48.1,0.118,False
PO004430,SUP0020,PRD0055,2025-04-02,30,30.9,USD,927.0,fulfilled,Lewis-Porter,Pakistan,59.2,FURN-Race-55,Furniture,2025-04-04,paid,2025-05-11,2025-04,66.7,0.245,False
PO004431,SUP0020,PRD0090,2026-08-09,539,54.86,USD,29569.54,fulfilled,Lewis-Porter,Pakistan,59.2,MACH-With-90,Machinery,2026-08-13,paid,2026-09-20,2026-08,67.7,0.303,False
PO004432,SUP0002,PRD0132,2024-10-22,451,19.41,USD,8753.91,fulfilled,Rhodes PLC,Germany,87.8,CHEM-Art-132,Chemicals,2024-10-28,pending,,2024-10,10.5,0.038,False
PO004433,SUP0016,PRD0132,2026-05-05,156,1587.47,USD,247645.32,open,"Sanchez, Ford and Nelson",Mexico,67.6,CHEM-Art-132,Chemicals,2026-05-15,paid,2026-06-15,2026-05,34.0,0.093,False
PO004434,SUP0015,PRD0024,2026-01-13,673,2.31,USD,1554.63,fulfilled,"Zuniga, Wong and Lynch",India,76.1,MACH-Family-24,Machinery,2026-01-21,paid,2026-02-16,2026-01,38.8,0.119,False
PO004435,SUP0029,PRD0019,2026-04-29,182,3863.49,USD,703155.18,open,Chavez Ltd,Poland,66.3,PACK-Trade-19,Packaging,2026-05-13,paid,2026-05-19,2026-04,28.1,0.08,False
PO004436,SUP0009,PRD0027,2025-10-19,317,14.74,USD,4672.58,open,Munoz-Roman,United States,66.0,TEXT-Difficult-27,Textiles,2025-10-29,paid,2025-11-29,2025-10,11.7,0.021,False
PO004437,SUP0017,PRD0119,2026-06-18,722,29.61,USD,21378.42,fulfilled,"Hawkins, Cohen and Cameron",Nigeria,42.8,TEXT-Serious-119,Textiles,2026-06-19,paid,2026-07-22,2026-06,69.0,0.224,False
PO004438,SUP0027,PRD0135,2025-10-31,164,988.13,USD,162053.32,fulfilled,"Valencia, Smith and Le",Vietnam,70.4,CHEM-Me-135,Chemicals,2025-11-05,paid,2025-11-27,2025-10,45.5,0.109,False
PO004439,SUP0040,PRD0024,2024-10-28,128,212.72,USD,27228.16,fulfilled,"Santos, Kim and Holmes",Turkey,71.1,MACH-Family-24,Machinery,2024-10-29,pending,,2024-10,53.2,0.237,False
PO004440,SUP0029,PRD0036,2025-11-13,354,61.46,USD,21756.84,fulfilled,Chavez Ltd,Poland,66.3,ELEC-Eight-36,Electronics,2025-11-27,paid,2026-01-06,2025-11,26.7,0.107,False
PO004441,SUP0025,PRD0112,2025-04-19,36,795.9,USD,28652.4,fulfilled,Conner Group,Bangladesh,77.2,FURN-Feeling-112,Furniture,2025-05-02,paid,2025-05-31,2025-04,53.6,0.114,False
PO004442,SUP0026,PRD0009,2026-06-21,31,2530.19,USD,78435.89,cancelled,James-Ferrell,Egypt,85.3,MACH-Discussion-9,Machinery,,,,2026-06,53.8,0.195,False
PO004443,SUP0001,PRD0114,2025-11-21,25,5.78,USD,144.5,fulfilled,"Rodriguez, Figueroa and Sanchez",South Korea,74.7,FOOD-Same-114,Food & Beverage,2025-11-30,paid,2025-12-10,2025-11,26.0,0.073,False
PO004444,SUP0035,PRD0135,2024-10-20,365,1830.3,USD,668059.5,open,Allen PLC,Brazil,54.5,CHEM-Me-135,Chemicals,2024-10-31,paid,2024-12-01,2024-10,55.5,0.177,False
PO004445,SUP0028,PRD0058,2026-05-22,476,1018.95,USD,485020.2,fulfilled,"Potter, Mack and Peterson",Germany,88.1,AUTO-Interesting-58,Automotive Parts,2026-05-29,paid,2026-06-14,2026-05,12.4,0.037,False
PO004446,SUP0001,PRD0064,2025-03-18,526,1061.89,USD,558554.14,fulfilled,"Rodriguez, Figueroa and Sanchez",South Korea,74.7,AUTO-Energy-64,Automotive Parts,2025-03-28,paid,2025-04-27,2025-03,23.3,0.07,False
PO004447,SUP0001,PRD0114,2025-12-04,423,261.41,USD,110576.43,cancelled,"Rodriguez, Figueroa and Sanchez",South Korea,74.7,FOOD-Same-114,Food & Beverage,,,,2025-12,22.1,0.084,False
PO004448,SUP0008,PRD0009,2025-04-13,282,176.18,USD,49682.76,fulfilled,Davis Inc,Pakistan,69.7,MACH-Discussion-9,Machinery,2025-04-17,paid,2025-05-12,2025-04,64.8,0.289,False
PO004449,SUP0025,PRD0144,2026-06-21,25,1325.43,USD,33135.75,open,Conner Group,Bangladesh,77.2,FURN-Today-144,Furniture,2026-06-22,paid,2026-08-03,2026-06,56.0,0.186,False
PO004450,SUP0006,PRD0122,2025-07-21,271,886.08,USD,240127.68,open,Blake and Sons,China,58.0,CHEM-Customer-122,Chemicals,2025-08-03,overdue,,2025-07,23.1,0.07,False
PO004451,SUP0014,PRD0007,2025-10-26,132,102.58,USD,13540.56,fulfilled,"Flowers, Martin and Kelly",United States,46.7,TEXT-Drug-7,Textiles,2025-11-05,pending,,2025-10,17.3,0.029,False
PO004452,SUP0031,PRD0097,2025-11-26,113,796.58,USD,90013.54,fulfilled,Harrell LLC,Brazil,87.2,ELEC-Medical-97,Electronics,2025-12-09,paid,2025-12-24,2025-11,52.5,0.164,False
PO004453,SUP0006,PRD0039,2026-01-19,910,278.77,USD,253680.7,fulfilled,Blake and Sons,China,58.0,MACH-Surface-39,Machinery,2026-01-29,pending,,2026-01,23.7,0.078,False
PO004454,SUP0007,PRD0033,2025-12-06,295,349.74,USD,103173.3,fulfilled,Ramirez-Lewis,South Korea,49.8,PACK-Own-33,Packaging,2025-12-20,paid,2026-01-02,2025-12,16.5,0.07,False
PO004455,SUP0027,PRD0066,2026-04-25,404,46.93,USD,18959.72,fulfilled,"Valencia, Smith and Le",Vietnam,70.4,TEXT-Customer-66,Textiles,2026-05-02,paid,2026-05-12,2026-04,34.6,0.133,False
PO004456,SUP0022,PRD0094,2025-05-07,82,5151.3,USD,422406.6,open,Burgess-Patterson,Pakistan,79.0,MACH-Compare-94,Machinery,2025-05-13,paid,2025-06-03,2025-05,67.1,0.312,False
PO004457,SUP0021,PRD0136,2025-11-11,184,7458.29,USD,1372325.36,fulfilled,"Ellis, Baker and Wright",India,80.5,AUTO-Morning-136,Automotive Parts,2025-11-20,paid,2025-12-11,2025-11,39.8,0.084,False
PO004458,SUP0004,PRD0012,2026-08-22,472,6.56,USD,3096.32,cancelled,"Johnson, Gonzalez and Santos",Mexico,76.5,ELEC-Second-12,Electronics,,,,2026-08,45.2,0.127,False
PO004459,SUP0040,PRD0068,2026-05-07,417,1631.57,USD,680364.69,cancelled,"Santos, Kim and Holmes",Turkey,71.1,FURN-List-68,Furniture,,,,2026-05,62.6,0.151,False
PO004460,SUP0001,PRD0108,2024-09-10,372,11.49,USD,4274.28,fulfilled,"Rodriguez, Figueroa and Sanchez",South Korea,74.7,FURN-With-108,Furniture,2024-09-23,paid,2024-09-30,2024-09,,,
PO004461,SUP0026,PRD0150,2025-08-27,59,46.73,USD,2757.07,open,James-Ferrell,Egypt,85.3,TEXT-Training-150,Textiles,2025-09-05,paid,2025-09-12,2025-08,52.4,0.149,False
PO004462,SUP0020,PRD0091,2025-06-07,297,248.17,USD,73706.49,fulfilled,Lewis-Porter,Pakistan,59.2,FOOD-Some-91,Food & Beverage,2025-06-16,paid,2025-07-04,2025-06,74.1,0.266,False
PO004463,SUP0016,PRD0118,2025-05-21,469,6.43,USD,3015.67,fulfilled,"Sanchez, Ford and Nelson",Mexico,67.6,CHEM-Recently-118,Chemicals,2025-06-04,paid,2025-07-05,2025-05,35.3,0.115,False
PO004464,SUP0040,PRD0066,2026-05-19,95,7.21,USD,684.95,cancelled,"Santos, Kim and Holmes",Turkey,71.1,TEXT-Customer-66,Textiles,,,,2026-05,62.6,0.151,False
PO004465,SUP0019,PRD0109,2025-02-27,209,68.39,USD,14293.51,fulfilled,Clark PLC,Germany,69.9,CHEM-Step-109,Chemicals,2025-02-28,paid,2025-04-09,2025-02,14.6,0.049,False
PO004466,SUP0009,PRD0078,2025-06-20,399,38.3,USD,15281.7,fulfilled,Munoz-Roman,United States,66.0,AUTO-Level-78,Automotive Parts,2025-06-30,paid,2025-07-25,2025-06,16.8,0.038,False
PO004467,SUP0026,PRD0079,2026-02-01,232,4.36,USD,1011.52,fulfilled,James-Ferrell,Egypt,85.3,FOOD-System-79,Food & Beverage,2026-02-06,paid,2026-03-10,2026-02,51.5,0.18,False
PO004468,SUP0010,PRD0003,2025-01-04,698,7.62,USD,5318.76,cancelled,"Martinez, Nielsen and Miller",Egypt,43.6,ELEC-Ground-3,Electronics,,,,2025-01,51.8,0.183,False
PO004469,SUP0013,PRD0132,2025-04-02,508,51.29,USD,26055.32,fulfilled,Delacruz Group,Germany,77.3,CHEM-Art-132,Chemicals,2025-04-11,paid,2025-04-24,2025-04,7.2,0.043,False
PO004470,SUP0015,PRD0091,2026-03-17,215,9.75,USD,2096.25,fulfilled,"Zuniga, Wong and Lynch",India,76.1,FOOD-Some-91,Food & Beverage,2026-03-31,pending,,2026-03,38.6,0.115,False
PO004471,SUP0018,PRD0035,2026-01-04,289,28.35,USD,8193.15,cancelled,Underwood LLC,Philippines,54.2,MACH-Material-35,Machinery,,,,2026-01,38.7,0.107,False
PO004472,SUP0021,PRD0045,2024-12-14,192,2292.15,USD,440092.8,cancelled,"Ellis, Baker and Wright",India,80.5,CHEM-Lawyer-45,Chemicals,,,,2024-12,38.4,0.078,False
PO004473,SUP0019,PRD0114,2025-12-19,203,554.74,USD,112612.22,fulfilled,Clark PLC,Germany,69.9,FOOD-Same-114,Food & Beverage,2025-12-27,paid,2026-01-13,2025-12,13.8,0.044,False
PO004474,SUP0030,PRD0141,2026-07-19,56,13.15,USD,736.4,fulfilled,Stanton-Gill,Indonesia,60.5,CHEM-Art-141,Chemicals,2026-08-02,overdue,,2026-07,40.0,0.137,False
PO004475,SUP0008,PRD0035,2025-02-17,222,88.17,USD,19573.74,fulfilled,Davis Inc,Pakistan,69.7,MACH-Material-35,Machinery,2025-02-18,paid,2025-03-20,2025-02,63.9,0.253,False
PO004476,SUP0013,PRD0011,2025-10-23,278,1854.63,USD,515587.14,fulfilled,Delacruz Group,Germany,77.3,TEXT-Avoid-11,Textiles,2025-10-26,paid,2025-11-15,2025-10,9.1,0.04,False
PO004477,SUP0029,PRD0053,2025-09-01,115,2.39,USD,274.85,fulfilled,Chavez Ltd,Poland,66.3,PACK-Report-53,Packaging,2025-09-14,paid,2025-09-29,2025-09,32.2,0.089,False
PO004478,SUP0039,PRD0070,2026-06-10,234,994.37,USD,232682.58,open,"Campos, Vaughn and Marquez",South Korea,62.6,PACK-Knowledge-70,Packaging,2026-06-21,pending,,2026-06,25.2,0.055,False
PO004479,SUP0010,PRD0048,2026-02-20,486,526.91,USD,256078.26,fulfilled,"Martinez, Nielsen and Miller",Egypt,43.6,FOOD-Item-48,Food & Beverage,2026-03-01,overdue,,2026-02,53.6,0.19,False
PO004480,SUP0020,PRD0087,2024-12-27,1255,4261.91,USD,5348697.05,open,Lewis-Porter,Pakistan,59.2,MACH-Think-87,Machinery,2024-12-29,pending,,2024-12,66.3,0.239,False
PO004481,SUP0030,PRD0078,2024-10-28,168,11.36,USD,1908.48,fulfilled,Stanton-Gill,Indonesia,60.5,AUTO-Level-78,Automotive Parts,2024-11-05,paid,2024-12-15,2024-10,45.8,0.054,False
PO004482,SUP0022,PRD0145,2025-02-28,256,10.47,USD,2680.32,open,Burgess-Patterson,Pakistan,79.0,MACH-Cultural-145,Machinery,2025-03-09,paid,2025-03-15,2025-02,64.7,0.273,False
PO004483,SUP0021,PRD0074,2025-02-07,312,666.83,USD,208050.96,open,"Ellis, Baker and Wright",India,80.5,MACH-Enjoy-74,Machinery,2025-02-14,paid,2025-03-12,2025-02,43.3,0.085,False
PO004484,SUP0037,PRD0076,2026-08-14,145,6.14,USD,890.3,fulfilled,"Cannon, Anderson and Alvarez",United States,65.1,PACK-Wind-76,Packaging,2026-08-23,overdue,,2026-08,15.8,0.024,False
PO004485,SUP0009,PRD0011,2025-05-05,478,4.68,USD,2237.04,fulfilled,Munoz-Roman,United States,66.0,TEXT-Avoid-11,Textiles,2025-05-10,paid,2025-06-10,2025-05,17.6,0.026,False
PO004486,SUP0028,PRD0066,2025-11-24,76,227.77,USD,17310.52,fulfilled,"Potter, Mack and Peterson",Germany,88.1,TEXT-Customer-66,Textiles,2025-12-08,paid,2025-12-18,2025-11,19.8,0.036,False
PO004487,SUP0021,PRD0060,2026-05-01,117,181.84,USD,21275.28,fulfilled,"Ellis, Baker and Wright",India,80.5,TEXT-Group-60,Textiles,2026-05-07,paid,2026-05-21,2026-05,41.8,0.109,False
PO004488,SUP0030,PRD0015,2024-11-01,598,41.19,USD,24631.62,fulfilled,Stanton-Gill,Indonesia,60.5,TEXT-Drop-15,Textiles,2024-11-02,pending,,2024-11,40.4,0.073,False
PO004489,SUP0029,PRD0084,2025-07-26,333,147.29,USD,49047.57,fulfilled,Chavez Ltd,Poland,66.3,PACK-Apply-84,Packaging,2025-07-31,paid,2025-09-07,2025-07,34.0,0.1,False
PO004490,SUP0035,PRD0041,2024-10-27,64,443.64,USD,28392.96,fulfilled,Allen PLC,Brazil,54.5,PACK-Customer-41,Packaging,2024-11-04,paid,2024-12-01,2024-10,55.5,0.177,False
PO004491,SUP0038,PRD0037,2026-05-20,1106,2.31,USD,2554.86,fulfilled,Rose-Obrien,South Africa,61.5,CHEM-Still-37,Chemicals,2026-05-31,pending,,2026-05,60.0,0.187,False
PO004492,SUP0010,PRD0041,2025-04-23,646,42.78,USD,27635.88,fulfilled,"Martinez, Nielsen and Miller",Egypt,43.6,PACK-Customer-41,Packaging,2025-04-30,overdue,,2025-04,51.5,0.206,False
PO004493,SUP0040,PRD0073,2025-06-25,80,1420.43,USD,113634.4,fulfilled,"Santos, Kim and Holmes",Turkey,71.1,PACK-Maintain-73,Packaging,2025-07-03,overdue,,2025-06,60.7,0.298,False
PO004494,SUP0034,PRD0128,2025-08-14,242,55.21,USD,13360.82,fulfilled,Koch-Decker,India,69.9,TEXT-Occur-128,Textiles,2025-08-17,paid,2025-09-19,2025-08,39.7,0.107,False
PO004495,SUP0025,PRD0147,2026-05-13,135,301.48,USD,40699.8,open,Conner Group,Bangladesh,77.2,FURN-Physical-147,Furniture,2026-05-17,paid,2026-06-24,2026-05,51.6,0.176,False
PO004496,SUP0038,PRD0023,2025-11-05,98,48.09,USD,4712.82,open,Rose-Obrien,South Africa,61.5,MACH-Economy-23,Machinery,2025-11-12,pending,,2025-11,55.7,0.107,False
PO004497,SUP0037,PRD0118,2024-10-09,150,2.53,USD,379.5,fulfilled,"Cannon, Anderson and Alvarez",United States,65.1,CHEM-Recently-118,Chemicals,2024-10-23,paid,2024-11-13,2024-10,13.9,0.028,False
PO004498,SUP0030,PRD0020,2025-11-16,319,2697.58,USD,860528.02,fulfilled,Stanton-Gill,Indonesia,60.5,FOOD-Give-20,Food & Beverage,2025-11-26,paid,2026-01-07,2025-11,45.3,0.143,False
PO004499,SUP0032,PRD0040,2024-10-30,513,3.14,USD,1610.82,fulfilled,"Lynch, Hernandez and Farmer",Vietnam,57.2,FURN-Investment-40,Furniture,2024-11-12,paid,2024-11-26,2024-10,46.5,0.103,False
PO004500,SUP0025,PRD0002,2026-09-01,144,590.54,USD,85037.76,fulfilled,Conner Group,Bangladesh,77.2,PACK-Attack-2,Packaging,2026-09-02,pending,,2026-09,57.9,0.158,False
PO004501,SUP0005,PRD0069,2025-04-23,994,5825.75,USD,5790795.5,fulfilled,Cole LLC,Mexico,58.0,FOOD-Challenge-69,Food & Beverage,2025-04-26,paid,2025-05-07,2025-04,38.1,0.128,False
PO004502,SUP0014,PRD0021,2024-09-18,667,1443.05,USD,962514.35,open,"Flowers, Martin and Kelly",United States,46.7,MACH-Avoid-21,Machinery,2024-09-21,pending,,2024-09,,,
PO004503,SUP0010,PRD0005,2026-04-04,1216,4.26,USD,5180.16,fulfilled,"Martinez, Nielsen and Miller",Egypt,43.6,TEXT-Per-5,Textiles,2026-04-11,paid,2026-05-23,2026-04,52.2,0.22,False
PO004504,SUP0009,PRD0130,2026-07-05,44,382.95,USD,16849.8,open,Munoz-Roman,United States,66.0,MACH-Small-130,Machinery,2026-07-13,pending,,2026-07,20.1,0.034,False
PO004505,SUP0013,PRD0105,2025-06-25,221,931.22,USD,205799.62,cancelled,Delacruz Group,Germany,77.3,FOOD-Able-105,Food & Beverage,,,,2025-06,18.5,0.04,False
PO004506,SUP0032,PRD0013,2026-08-01,725,6.29,USD,4560.25,fulfilled,"Lynch, Hernandez and Farmer",Vietnam,57.2,CHEM-Program-13,Chemicals,2026-08-11,paid,2026-09-10,2026-08,45.2,0.147,False
PO004507,SUP0029,PRD0084,2026-05-29,271,10.12,USD,2742.52,fulfilled,Chavez Ltd,Poland,66.3,PACK-Apply-84,Packaging,2026-06-03,pending,,2026-05,27.9,0.077,False
PO004508,SUP0001,PRD0027,2025-06-29,277,3081.1,USD,853464.7,open,"Rodriguez, Figueroa and Sanchez",South Korea,74.7,TEXT-Difficult-27,Textiles,2025-06-30,paid,2025-07-30,2025-06,20.7,0.075,False
PO004509,SUP0039,PRD0078,2026-07-21,168,363.76,USD,61111.68,fulfilled,"Campos, Vaughn and Marquez",South Korea,62.6,AUTO-Level-78,Automotive Parts,2026-08-04,paid,2026-09-10,2026-07,26.4,0.097,False
PO004510,SUP0035,PRD0141,2025-08-06,353,287.38,USD,101445.14,open,Allen PLC,Brazil,54.5,CHEM-Art-141,Chemicals,2025-08-16,paid,2025-09-21,2025-08,57.4,0.074,False
PO004511,SUP0005,PRD0052,2024-12-12,493,152.34,USD,75103.62,fulfilled,Cole LLC,Mexico,58.0,CHEM-Arm-52,Chemicals,2024-12-19,overdue,,2024-12,33.6,0.149,False
PO004512,SUP0031,PRD0064,2026-01-13,189,7.96,USD,1504.44,fulfilled,Harrell LLC,Brazil,87.2,AUTO-Energy-64,Automotive Parts,2026-01-23,pending,,2026-01,56.3,0.178,False
PO004513,SUP0025,PRD0142,2025-11-17,72,2819.24,USD,202985.28,fulfilled,Conner Group,Bangladesh,77.2,TEXT-Movie-142,Textiles,2025-11-21,paid,2025-12-24,2025-11,57.7,0.167,False
PO004514,SUP0030,PRD0134,2026-07-25,150,2.34,USD,351.0,fulfilled,Stanton-Gill,Indonesia,60.5,FOOD-Pattern-134,Food & Beverage,2026-07-28,paid,2026-09-05,2026-07,40.0,0.137,False
PO004515,SUP0013,PRD0036,2026-03-15,159,2651.57,USD,421599.63,fulfilled,Delacruz Group,Germany,77.3,ELEC-Eight-36,Electronics,2026-03-27,paid,2026-04-03,2026-03,11.2,0.047,False
PO004516,SUP0011,PRD0020,2025-04-08,171,218.22,USD,37315.62,fulfilled,"Montgomery, Hensley and Ray",Indonesia,56.0,FOOD-Give-20,Food & Beverage,2025-04-18,paid,2025-05-28,2025-04,44.3,0.107,False
PO004517,SUP0028,PRD0018,2026-08-06,120,63.2,USD,7584.0,fulfilled,"Potter, Mack and Peterson",Germany,88.1,FURN-Almost-18,Furniture,2026-08-07,paid,2026-08-15,2026-08,13.2,0.037,False
PO004518,SUP0014,PRD0036,2026-05-18,151,86.38,USD,13043.38,fulfilled,"Flowers, Martin and Kelly",United States,46.7,ELEC-Eight-36,Electronics,2026-05-23,pending,,2026-05,21.3,0.027,False
PO004519,SUP0036,PRD0020,2025-06-03,296,396.8,USD,117452.8,open,Dennis Inc,South Korea,60.1,FOOD-Give-20,Food & Beverage,2025-06-06,paid,2025-06-29,2025-06,16.2,0.07,False
PO004520,SUP0002,PRD0064,2026-05-04,228,179.31,USD,40882.68,fulfilled,Rhodes PLC,Germany,87.8,AUTO-Energy-64,Automotive Parts,2026-05-07,pending,,2026-05,19.8,0.031,False
PO004521,SUP0006,PRD0083,2025-03-12,397,2.55,USD,1012.35,fulfilled,Blake and Sons,China,58.0,TEXT-Billion-83,Textiles,2025-03-21,pending,,2025-03,35.7,0.096,False
PO004522,SUP0038,PRD0133,2026-05-15,53,562.4,USD,29807.2,fulfilled,Rose-Obrien,South Africa,61.5,PACK-Apply-133,Packaging,2026-05-19,paid,2026-06-30,2026-05,60.0,0.187,False
PO004523,SUP0037,PRD0016,2026-06-01,295,2639.1,USD,778534.5,open,"Cannon, Anderson and Alvarez",United States,65.1,CHEM-Author-16,Chemicals,2026-06-09,pending,,2026-06,21.7,0.029,False
PO004524,SUP0007,PRD0091,2026-08-11,528,514.05,USD,271418.4,open,Ramirez-Lewis,South Korea,49.8,FOOD-Some-91,Food & Beverage,2026-08-17,overdue,,2026-08,19.1,0.076,False
PO004525,SUP0006,PRD0009,2024-10-25,119,9.0,USD,1071.0,fulfilled,Blake and Sons,China,58.0,MACH-Discussion-9,Machinery,2024-10-31,paid,2024-12-06,2024-10,31.4,0.103,False
PO004526,SUP0032,PRD0044,2024-11-19,1703,2.44,USD,4155.32,fulfilled,"Lynch, Hernandez and Farmer",Vietnam,57.2,MACH-Reason-44,Machinery,2024-11-20,pending,,2024-11,35.4,0.102,False
PO004527,SUP0012,PRD0041,2025-06-08,58,29.65,USD,1719.7,fulfilled,Stanley LLC,Japan,60.6,PACK-Customer-41,Packaging,2025-06-09,paid,2025-07-03,2025-06,16.0,0.035,False
PO004528,SUP0038,PRD0122,2024-11-02,104,110.17,USD,11457.68,fulfilled,Rose-Obrien,South Africa,61.5,CHEM-Customer-122,Chemicals,2024-11-04,paid,2024-12-18,2024-11,49.7,0.162,False
PO004529,SUP0018,PRD0141,2025-08-21,282,2.31,USD,651.42,cancelled,Underwood LLC,Philippines,54.2,CHEM-Art-141,Chemicals,,,,2025-08,30.1,0.133,False
PO004530,SUP0016,PRD0106,2026-07-22,141,28.2,USD,3976.2,fulfilled,"Sanchez, Ford and Nelson",Mexico,67.6,AUTO-In-106,Automotive Parts,2026-07-25,paid,2026-08-02,2026-07,42.4,0.098,False
PO004531,SUP0040,PRD0028,2025-12-26,32,1052.76,USD,33688.32,fulfilled,"Santos, Kim and Holmes",Turkey,71.1,AUTO-Notice-28,Automotive Parts,2026-01-01,paid,2026-01-26,2025-12,58.9,0.243,False
PO004532,SUP0020,PRD0084,2024-11-18,141,18.9,USD,2664.9,fulfilled,Lewis-Porter,Pakistan,59.2,PACK-Apply-84,Packaging,2024-11-28,paid,2024-12-27,2024-11,68.8,0.234,False
PO004533,SUP0036,PRD0054,2025-06-24,301,524.18,USD,157778.18,fulfilled,Dennis Inc,South Korea,60.1,FURN-Ready-54,Furniture,2025-07-08,paid,2025-08-02,2025-06,16.2,0.07,False
PO004534,SUP0028,PRD0097,2025-12-25,538,523.78,USD,281793.64,fulfilled,"Potter, Mack and Peterson",Germany,88.1,ELEC-Medical-97,Electronics,2026-01-01,overdue,,2025-12,14.9,0.046,False
PO004535,SUP0026,PRD0130,2025-12-05,135,2141.53,USD,289106.55,fulfilled,James-Ferrell,Egypt,85.3,MACH-Small-130,Machinery,2025-12-19,pending,,2025-12,60.8,0.179,False
PO004536,SUP0012,PRD0118,2025-02-12,129,323.74,USD,41762.46,fulfilled,Stanley LLC,Japan,60.6,CHEM-Recently-118,Chemicals,2025-02-24,paid,2025-04-02,2025-02,13.0,0.055,False
PO004537,SUP0013,PRD0079,2025-02-28,586,238.32,USD,139655.52,cancelled,Delacruz Group,Germany,77.3,FOOD-System-79,Food & Beverage,,,,2025-02,10.2,0.029,False
PO004538,SUP0001,PRD0114,2025-01-03,54,790.53,USD,42688.62,fulfilled,"Rodriguez, Figueroa and Sanchez",South Korea,74.7,FOOD-Same-114,Food & Beverage,2025-01-16,overdue,,2025-01,19.2,0.072,False
PO004539,SUP0012,PRD0016,2024-09-09,62,49.06,USD,3041.72,fulfilled,Stanley LLC,Japan,60.6,CHEM-Author-16,Chemicals,2024-09-12,pending,,2024-09,,,
PO004540,SUP0017,PRD0081,2026-04-14,449,48.62,USD,21830.38,fulfilled,"Hawkins, Cohen and Cameron",Nigeria,42.8,PACK-Total-81,Packaging,2026-04-16,paid,2026-04-21,2026-04,76.5,0.271,False
PO004541,SUP0036,PRD0051,2026-05-26,49,1643.77,USD,80544.73,fulfilled,Dennis Inc,South Korea,60.1,AUTO-Shoulder-51,Automotive Parts,2026-06-07,pending,,2026-05,22.8,0.085,False
PO004542,SUP0015,PRD0114,2026-04-11,383,32.0,USD,12256.0,fulfilled,"Zuniga, Wong and Lynch",India,76.1,FOOD-Same-114,Food & Beverage,2026-04-15,pending,,2026-04,37.4,0.087,False
PO004543,SUP0016,PRD0010,2025-11-13,83,3.63,USD,301.29,fulfilled,"Sanchez, Ford and Nelson",Mexico,67.6,CHEM-Account-10,Chemicals,2025-11-24,overdue,,2025-11,37.2,0.164,False
PO004544,SUP0021,PRD0020,2026-05-15,355,4453.23,USD,1580896.65,fulfilled,"Ellis, Baker and Wright",India,80.5,FOOD-Give-20,Food & Beverage,2026-05-18,paid,2026-06-06,2026-05,41.8,0.109,False
PO004545,SUP0039,PRD0013,2026-07-07,113,57.13,USD,6455.69,fulfilled,"Campos, Vaughn and Marquez",South Korea,62.6,CHEM-Program-13,Chemicals,2026-07-09,paid,2026-08-05,2026-07,26.4,0.097,False
PO004546,SUP0013,PRD0110,2024-12-09,355,3.86,USD,1370.3,fulfilled,Delacruz Group,Germany,77.3,CHEM-Still-110,Chemicals,2024-12-21,paid,2025-01-27,2024-12,18.5,0.034,False
PO004547,SUP0017,PRD0018,2025-10-15,175,8.34,USD,1459.5,fulfilled,"Hawkins, Cohen and Cameron",Nigeria,42.8,FURN-Almost-18,Furniture,2025-10-27,pending,,2025-10,67.8,0.34,False
PO004548,SUP0021,PRD0112,2026-02-05,799,1556.56,USD,1243691.44,fulfilled,"Ellis, Baker and Wright",India,80.5,FURN-Feeling-112,Furniture,2026-02-08,paid,2026-02-16,2026-02,41.4,0.122,False
PO004549,SUP0016,PRD0056,2026-04-26,352,3732.63,USD,1313885.76,fulfilled,"Sanchez, Ford and Nelson",Mexico,67.6,MACH-Billion-56,Machinery,2026-05-06,paid,2026-06-07,2026-04,41.0,0.106,False
PO004550,SUP0011,PRD0078,2024-11-26,195,37.61,USD,7333.95,fulfilled,"Montgomery, Hensley and Ray",Indonesia,56.0,AUTO-Level-78,Automotive Parts,2024-12-07,paid,2024-12-24,2024-11,45.2,0.124,False
PO004551,SUP0013,PRD0041,2026-01-06,145,247.33,USD,35862.85,fulfilled,Delacruz Group,Germany,77.3,PACK-Customer-41,Packaging,2026-01-07,paid,2026-01-15,2026-01,17.5,0.046,False
PO004552,SUP0019,PRD0041,2025-05-26,112,260.5,USD,29176.0,fulfilled,Clark PLC,Germany,69.9,PACK-Customer-41,Packaging,2025-06-01,paid,2025-06-17,2025-05,10.9,0.032,False
PO004553,SUP0033,PRD0096,2026-06-12,118,229.13,USD,27037.34,fulfilled,"Sellers, George and Burns",China,78.7,CHEM-Mention-96,Chemicals,2026-06-24,pending,,2026-06,32.0,0.065,False
PO004554,SUP0001,PRD0085,2025-06-13,142,7215.97,USD,1024667.74,cancelled,"Rodriguez, Figueroa and Sanchez",South Korea,74.7,CHEM-Reach-85,Chemicals,,,,2025-06,20.7,0.075,False
PO004555,SUP0012,PRD0145,2025-08-24,165,392.46,USD,64755.9,fulfilled,Stanley LLC,Japan,60.6,MACH-Cultural-145,Machinery,2025-09-07,paid,2025-10-05,2025-08,19.5,0.058,False
PO004556,SUP0033,PRD0078,2024-11-16,124,29.04,USD,3600.96,fulfilled,"Sellers, George and Burns",China,78.7,AUTO-Level-78,Automotive Parts,2024-11-21,paid,2024-12-30,2024-11,34.8,0.067,False
PO004557,SUP0035,PRD0057,2025-12-09,186,720.58,USD,134027.88,open,Allen PLC,Brazil,54.5,CHEM-Ask-57,Chemicals,2025-12-13,paid,2026-01-10,2025-12,43.5,0.166,False
PO004558,SUP0008,PRD0012,2024-11-30,32,2.31,USD,73.92,fulfilled,Davis Inc,Pakistan,69.7,ELEC-Second-12,Electronics,2024-12-11,paid,2024-12-27,2024-11,59.6,0.179,False
PO004559,SUP0012,PRD0074,2026-05-13,413,659.64,USD,272431.32,fulfilled,Stanley LLC,Japan,60.6,MACH-Enjoy-74,Machinery,2026-05-18,paid,2026-06-23,2026-05,15.6,0.066,False
PO004560,SUP0028,PRD0082,2026-07-30,54,759.05,USD,40988.7,fulfilled,"Potter, Mack and Peterson",Germany,88.1,AUTO-Oil-82,Automotive Parts,2026-08-12,paid,2026-08-30,2026-07,10.2,0.051,False
PO004561,SUP0021,PRD0078,2024-11-18,132,1456.14,USD,192210.48,open,"Ellis, Baker and Wright",India,80.5,AUTO-Level-78,Automotive Parts,2024-11-29,overdue,,2024-11,35.5,0.104,False
PO004562,SUP0004,PRD0058,2025-02-16,159,456.12,USD,72523.08,fulfilled,"Johnson, Gonzalez and Santos",Mexico,76.5,AUTO-Interesting-58,Automotive Parts,2025-02-27,paid,2025-03-10,2025-02,44.6,0.113,False
PO004563,SUP0032,PRD0079,2025-09-16,47,3.84,USD,180.48,cancelled,"Lynch, Hernandez and Farmer",Vietnam,57.2,FOOD-System-79,Food & Beverage,,,,2025-09,51.4,0.106,False
PO004564,SUP0009,PRD0034,2025-10-05,92,60.71,USD,5585.32,cancelled,Munoz-Roman,United States,66.0,CHEM-Part-34,Chemicals,,,,2025-10,11.7,0.021,False
PO004565,SUP0004,PRD0070,2026-03-21,249,1974.01,USD,491528.49,fulfilled,"Johnson, Gonzalez and Santos",Mexico,76.5,PACK-Knowledge-70,Packaging,2026-03-25,paid,2026-04-07,2026-03,32.4,0.136,False
PO004566,SUP0002,PRD0109,2025-08-30,166,211.15,USD,35050.9,fulfilled,Rhodes PLC,Germany,87.8,CHEM-Step-109,Chemicals,2025-09-05,paid,2025-10-14,2025-08,16.1,0.042,False
PO004567,SUP0001,PRD0015,2025-12-15,117,288.7,USD,33777.9,fulfilled,"Rodriguez, Figueroa and Sanchez",South Korea,74.7,TEXT-Drop-15,Textiles,2025-12-22,pending,,2025-12,22.1,0.084,False
PO004568,SUP0008,PRD0043,2026-07-10,137,2.54,USD,347.98,fulfilled,Davis Inc,Pakistan,69.7,CHEM-Bill-43,Chemicals,2026-07-23,paid,2026-08-23,2026-07,61.8,0.257,False
PO004569,SUP0009,PRD0091,2026-02-14,520,4.87,USD,2532.4,cancelled,Munoz-Roman,United States,66.0,FOOD-Some-91,Food & Beverage,,,,2026-02,19.2,0.032,False
PO004570,SUP0030,PRD0037,2025-09-05,67,3315.33,USD,222127.11,fulfilled,Stanton-Gill,Indonesia,60.5,CHEM-Still-37,Chemicals,2025-09-10,paid,2025-10-19,2025-09,45.1,0.109,False
PO004571,SUP0006,PRD0143,2026-08-19,76,684.44,USD,52017.44,fulfilled,Blake and Sons,China,58.0,TEXT-Be-143,Textiles,2026-09-01,paid,2026-09-26,2026-08,29.7,0.069,False
PO004572,SUP0027,PRD0066,2025-02-15,117,6.31,USD,738.27,open,"Valencia, Smith and Le",Vietnam,70.4,TEXT-Customer-66,Textiles,2025-02-25,pending,,2025-02,37.3,0.135,False
PO004573,SUP0031,PRD0018,2025-11-08,265,506.25,USD,134156.25,fulfilled,Harrell LLC,Brazil,87.2,FURN-Almost-18,Furniture,2025-11-19,paid,2025-12-06,2025-11,52.5,0.164,False
PO004574,SUP0030,PRD0055,2024-10-27,216,1189.57,USD,256947.12,fulfilled,Stanton-Gill,Indonesia,60.5,FURN-Race-55,Furniture,2024-11-06,paid,2024-11-29,2024-10,45.8,0.054,False
PO004575,SUP0028,PRD0058,2025-01-15,33,143.26,USD,4727.58,fulfilled,"Potter, Mack and Peterson",Germany,88.1,AUTO-Interesting-58,Automotive Parts,2025-01-21,overdue,,2025-01,9.2,0.037,False
PO004576,SUP0036,PRD0124,2024-09-17,118,1820.46,USD,214814.28,fulfilled,Dennis Inc,South Korea,60.1,ELEC-Director-124,Electronics,2024-09-18,paid,2024-10-07,2024-09,,,
PO004577,SUP0034,PRD0078,2025-10-27,39,762.69,USD,29744.91,fulfilled,Koch-Decker,India,69.9,AUTO-Level-78,Automotive Parts,2025-11-03,paid,2025-11-27,2025-10,32.9,0.098,False
PO004578,SUP0014,PRD0109,2025-04-16,159,2.31,USD,367.29,fulfilled,"Flowers, Martin and Kelly",United States,46.7,CHEM-Step-109,Chemicals,2025-04-28,paid,2025-05-10,2025-04,19.1,0.024,False
PO004579,SUP0037,PRD0070,2025-12-05,159,760.55,USD,120927.45,fulfilled,"Cannon, Anderson and Alvarez",United States,65.1,PACK-Knowledge-70,Packaging,2025-12-07,pending,,2025-12,16.5,0.034,False
PO004580,SUP0017,PRD0079,2024-12-21,129,280.44,USD,36176.76,cancelled,"Hawkins, Cohen and Cameron",Nigeria,42.8,FOOD-System-79,Food & Beverage,,,,2024-12,64.7,0.214,False
PO004581,SUP0036,PRD0078,2025-03-16,512,32.57,USD,16675.84,fulfilled,Dennis Inc,South Korea,60.1,AUTO-Level-78,Automotive Parts,2025-03-17,pending,,2025-03,27.0,0.071,False
PO004582,SUP0031,PRD0056,2024-11-20,121,2.32,USD,280.72,fulfilled,Harrell LLC,Brazil,87.2,MACH-Billion-56,Machinery,2024-11-28,paid,2024-12-29,2024-11,54.4,0.219,False
PO004583,SUP0013,PRD0145,2025-03-31,118,44.56,USD,5258.08,open,Delacruz Group,Germany,77.3,MACH-Cultural-145,Machinery,2025-04-06,pending,,2025-03,13.1,0.046,False
PO004584,SUP0008,PRD0145,2024-10-27,240,1819.89,USD,436773.6,fulfilled,Davis Inc,Pakistan,69.7,MACH-Cultural-145,Machinery,2024-11-05,paid,2024-11-12,2024-10,62.8,0.317,False
PO004585,SUP0014,PRD0070,2026-04-09,599,1405.93,USD,842152.07,cancelled,"Flowers, Martin and Kelly",United States,46.7,PACK-Knowledge-70,Packaging,,,,2026-04,11.1,0.042,False
PO004586,SUP0036,PRD0077,2025-07-18,336,104.17,USD,35001.12,fulfilled,Dennis Inc,South Korea,60.1,FURN-Bag-77,Furniture,2025-07-24,paid,2025-08-11,2025-07,25.2,0.092,False
PO004587,SUP0034,PRD0060,2026-01-12,161,1383.21,USD,222696.81,fulfilled,Koch-Decker,India,69.9,TEXT-Group-60,Textiles,2026-01-16,pending,,2026-01,34.7,0.097,False
PO004588,SUP0001,PRD0040,2026-01-14,644,1480.07,USD,953165.08,fulfilled,"Rodriguez, Figueroa and Sanchez",South Korea,74.7,FURN-Investment-40,Furniture,2026-01-17,pending,,2026-01,25.8,0.073,False
PO004589,SUP0002,PRD0062,2026-03-18,196,1621.91,USD,317894.36,fulfilled,Rhodes PLC,Germany,87.8,TEXT-Training-62,Textiles,2026-03-25,paid,2026-04-13,2026-03,14.7,0.046,False
PO004590,SUP0002,PRD0054,2025-04-04,489,800.53,USD,391459.17,fulfilled,Rhodes PLC,Germany,87.8,FURN-Ready-54,Furniture,2025-04-18,pending,,2025-04,10.7,0.038,False
PO004591,SUP0019,PRD0104,2025-07-24,55,2.31,USD,127.05,fulfilled,Clark PLC,Germany,69.9,AUTO-Hundred-104,Automotive Parts,2025-07-30,paid,2025-08-12,2025-07,13.9,0.036,False
PO004592,SUP0001,PRD0035,2024-11-17,198,512.8,USD,101534.4,fulfilled,"Rodriguez, Figueroa and Sanchez",South Korea,74.7,MACH-Material-35,Machinery,2024-11-24,paid,2024-12-14,2024-11,26.9,0.07,False
PO004593,SUP0035,PRD0122,2025-02-12,236,75.5,USD,17818.0,fulfilled,Allen PLC,Brazil,54.5,CHEM-Customer-122,Chemicals,2025-02-17,pending,,2025-02,54.5,0.176,False
PO004594,SUP0019,PRD0079,2026-06-01,427,798.17,USD,340818.59,fulfilled,Clark PLC,Germany,69.9,FOOD-System-79,Food & Beverage,2026-06-06,paid,2026-06-23,2026-06,9.4,0.061,False
PO004595,SUP0036,PRD0036,2025-01-04,263,1743.71,USD,458595.73,fulfilled,Dennis Inc,South Korea,60.1,ELEC-Eight-36,Electronics,2025-01-08,pending,,2025-01,19.3,0.048,False
PO004596,SUP0007,PRD0018,2025-07-24,34,168.42,USD,5726.28,cancelled,Ramirez-Lewis,South Korea,49.8,FURN-Almost-18,Furniture,,,,2025-07,16.4,0.066,False
PO004597,SUP0007,PRD0092,2026-06-24,852,27.71,USD,23608.92,fulfilled,Ramirez-Lewis,South Korea,49.8,ELEC-Time-92,Electronics,2026-07-01,paid,2026-08-12,2026-06,23.9,0.084,False
PO004598,SUP0023,PRD0051,2024-09-27,225,2.32,USD,522.0,fulfilled,Robinson-Bright,Indonesia,70.0,AUTO-Shoulder-51,Automotive Parts,2024-10-01,paid,2024-10-27,2024-09,,,
PO004599,SUP0034,PRD0128,2025-01-23,845,1769.01,USD,1494813.45,fulfilled,Koch-Decker,India,69.9,TEXT-Occur-128,Textiles,2025-01-30,paid,2025-02-10,2025-01,42.6,0.102,False
PO004600,SUP0004,PRD0122,2025-08-22,167,23.41,USD,3909.47,fulfilled,"Johnson, Gonzalez and Santos",Mexico,76.5,CHEM-Customer-122,Chemicals,2025-08-23,overdue,,2025-08,45.5,0.092,False
PO004601,SUP0026,PRD0108,2024-12-24,106,3246.12,USD,344088.72,fulfilled,James-Ferrell,Egypt,85.3,FURN-With-108,Furniture,2025-01-07,paid,2025-01-13,2024-12,59.3,0.256,False
PO004602,SUP0013,PRD0044,2026-04-08,147,2040.95,USD,300019.65,fulfilled,Delacruz Group,Germany,77.3,MACH-Reason-44,Machinery,2026-04-15,paid,2026-05-17,2026-04,12.5,0.043,False
PO004603,SUP0002,PRD0073,2025-04-29,560,208.33,USD,116664.8,fulfilled,Rhodes PLC,Germany,87.8,PACK-Maintain-73,Packaging,2025-05-13,paid,2025-06-11,2025-04,10.7,0.038,False
PO004604,SUP0009,PRD0023,2026-05-21,59,549.09,USD,32396.31,open,Munoz-Roman,United States,66.0,MACH-Economy-23,Machinery,2026-06-04,paid,2026-06-11,2026-05,16.2,0.031,False
PO004605,SUP0030,PRD0072,2025-04-18,76,476.34,USD,36201.84,fulfilled,Stanton-Gill,Indonesia,60.5,TEXT-Family-72,Textiles,2025-04-20,pending,,2025-04,40.8,0.151,False
PO004606,SUP0018,PRD0137,2025-01-22,73,298.79,USD,21811.67,fulfilled,Underwood LLC,Philippines,54.2,FOOD-Wide-137,Food & Beverage,2025-02-04,paid,2025-02-28,2025-01,34.1,0.075,False
PO004607,SUP0036,PRD0016,2026-05-26,369,550.88,USD,203274.72,fulfilled,Dennis Inc,South Korea,60.1,CHEM-Author-16,Chemicals,2026-05-31,paid,2026-07-01,2026-05,22.8,0.085,False
PO004608,SUP0011,PRD0136,2026-06-20,552,267.26,USD,147527.52,fulfilled,"Montgomery, Hensley and Ray",Indonesia,56.0,AUTO-Morning-136,Automotive Parts,2026-07-02,overdue,,2026-06,49.6,0.109,False
PO004609,SUP0028,PRD0139,2026-02-17,60,114.4,USD,6864.0,cancelled,"Potter, Mack and Peterson",Germany,88.1,FOOD-Nice-139,Food & Beverage,,,,2026-02,10.4,0.027,False
PO004610,SUP0012,PRD0097,2025-02-21,1457,271.67,USD,395823.19,fulfilled,Stanley LLC,Japan,60.6,ELEC-Medical-97,Electronics,2025-03-04,pending,,2025-02,13.0,0.055,False
PO004611,SUP0001,PRD0028,2025-02-27,769,3446.99,USD,2650735.31,fulfilled,"Rodriguez, Figueroa and Sanchez",South Korea,74.7,AUTO-Notice-28,Automotive Parts,2025-03-04,paid,2025-04-01,2025-02,21.1,0.081,False
PO004612,SUP0035,PRD0141,2025-12-26,401,750.63,USD,301002.63,open,Allen PLC,Brazil,54.5,CHEM-Art-141,Chemicals,2025-12-27,paid,2026-01-03,2025-12,43.5,0.166,False
PO004613,SUP0030,PRD0142,2025-05-21,722,2419.84,USD,1747124.48,fulfilled,Stanton-Gill,Indonesia,60.5,TEXT-Movie-142,Textiles,2025-06-01,paid,2025-07-10,2025-05,44.2,0.119,False
PO004614,SUP0037,PRD0063,2024-12-12,841,14.72,USD,12379.52,fulfilled,"Cannon, Anderson and Alvarez",United States,65.1,AUTO-Boy-63,Automotive Parts,2024-12-19,paid,2024-12-27,2024-12,8.1,0.015,False
PO004615,SUP0029,PRD0141,2025-07-31,183,590.82,USD,108120.06,open,Chavez Ltd,Poland,66.3,CHEM-Art-141,Chemicals,2025-08-09,paid,2025-09-07,2025-07,34.0,0.1,False
PO004616,SUP0033,PRD0033,2026-02-11,147,846.49,USD,124434.03,cancelled,"Sellers, George and Burns",China,78.7,PACK-Own-33,Packaging,,,,2026-02,37.8,0.067,False
PO004617,SUP0013,PRD0106,2026-05-08,41,7.64,USD,313.24,fulfilled,Delacruz Group,Germany,77.3,AUTO-In-106,Automotive Parts,2026-05-15,paid,2026-06-13,2026-05,10.2,0.042,False
PO004618,SUP0006,PRD0097,2026-07-12,811,767.04,USD,622069.44,fulfilled,Blake and Sons,China,58.0,ELEC-Medical-97,Electronics,2026-07-23,paid,2026-08-10,2026-07,30.6,0.073,False
PO004619,SUP0005,PRD0105,2024-10-16,102,1681.15,USD,171477.3,fulfilled,Cole LLC,Mexico,58.0,FOOD-Able-105,Food & Beverage,2024-10-17,overdue,,2024-10,37.9,0.124,False
PO004620,SUP0033,PRD0034,2024-11-08,183,982.75,USD,179843.25,fulfilled,"Sellers, George and Burns",China,78.7,CHEM-Part-34,Chemicals,2024-11-22,paid,2024-12-30,2024-11,34.8,0.067,False
PO004621,SUP0035,PRD0039,2025-10-20,707,244.08,USD,172564.56,open,Allen PLC,Brazil,54.5,MACH-Surface-39,Machinery,2025-10-24,paid,2025-11-10,2025-10,53.8,0.155,False
PO004622,SUP0040,PRD0141,2025-09-19,29,147.53,USD,4278.37,fulfilled,"Santos, Kim and Holmes",Turkey,71.1,CHEM-Art-141,Chemicals,2025-10-02,pending,,2025-09,53.6,0.209,False
PO004623,SUP0004,PRD0132,2026-03-03,1171,872.8,USD,1022048.8,fulfilled,"Johnson, Gonzalez and Santos",Mexico,76.5,CHEM-Art-132,Chemicals,2026-03-04,paid,2026-04-16,2026-03,32.4,0.136,False
PO004624,SUP0017,PRD0012,2024-10-24,27,2.33,USD,62.91,fulfilled,"Hawkins, Cohen and Cameron",Nigeria,42.8,ELEC-Second-12,Electronics,2024-11-05,pending,,2024-10,63.5,0.323,False
PO004625,SUP0030,PRD0064,2025-03-06,167,2.31,USD,385.77,fulfilled,Stanton-Gill,Indonesia,60.5,AUTO-Energy-64,Automotive Parts,2025-03-20,paid,2025-04-25,2025-03,42.4,0.13,False
PO004626,SUP0012,PRD0028,2025-03-09,371,144.63,USD,53657.73,cancelled,Stanley LLC,Japan,60.6,AUTO-Notice-28,Automotive Parts,,,,2025-03,9.9,0.06,False
PO004627,SUP0019,PRD0074,2024-09-29,431,16.76,USD,7223.56,fulfilled,Clark PLC,Germany,69.9,MACH-Enjoy-74,Machinery,2024-10-07,paid,2024-11-11,2024-09,,,
PO004628,SUP0008,PRD0012,2026-06-18,512,300.51,USD,153861.12,fulfilled,Davis Inc,Pakistan,69.7,ELEC-Second-12,Electronics,2026-06-26,pending,,2026-06,68.5,0.276,False
PO004629,SUP0016,PRD0082,2025-07-22,183,2825.61,USD,517086.63,fulfilled,"Sanchez, Ford and Nelson",Mexico,67.6,AUTO-Oil-82,Automotive Parts,2025-07-30,paid,2025-09-03,2025-07,53.1,0.136,False
PO004630,SUP0019,PRD0064,2025-08-20,389,19.47,USD,7573.83,fulfilled,Clark PLC,Germany,69.9,AUTO-Energy-64,Automotive Parts,2025-08-23,pending,,2025-08,9.7,0.033,False
PO004631,SUP0022,PRD0078,2025-07-30,205,219.86,USD,45071.3,open,Burgess-Patterson,Pakistan,79.0,AUTO-Level-78,Automotive Parts,2025-08-04,paid,2025-09-13,2025-07,67.6,0.189,False
PO004632,SUP0026,PRD0071,2025-05-11,152,502.3,USD,76349.6,fulfilled,James-Ferrell,Egypt,85.3,ELEC-Cover-71,Electronics,2025-05-13,pending,,2025-05,52.8,0.219,False
PO004633,SUP0007,PRD0021,2025-07-24,147,74.17,USD,10902.99,fulfilled,Ramirez-Lewis,South Korea,49.8,MACH-Avoid-21,Machinery,2025-07-30,pending,,2025-07,16.4,0.066,False
PO004634,SUP0021,PRD0150,2025-04-21,79,171.26,USD,13529.54,fulfilled,"Ellis, Baker and Wright",India,80.5,TEXT-Training-150,Textiles,2025-04-22,overdue,,2025-04,41.6,0.097,False
PO004635,SUP0004,PRD0141,2024-10-03,212,23.25,USD,4929.0,open,"Johnson, Gonzalez and Santos",Mexico,76.5,CHEM-Art-141,Chemicals,2024-10-13,overdue,,2024-10,42.4,0.12,False
PO004636,SUP0001,PRD0074,2026-08-17,447,1075.61,USD,480797.67,fulfilled,"Rodriguez, Figueroa and Sanchez",South Korea,74.7,MACH-Enjoy-74,Machinery,2026-08-24,paid,2026-09-18,2026-08,29.1,0.075,False
PO004637,SUP0009,PRD0066,2025-04-10,703,211.2,USD,148473.6,fulfilled,Munoz-Roman,United States,66.0,TEXT-Customer-66,Textiles,2025-04-19,paid,2025-05-19,2025-04,12.4,0.029,False
PO004638,SUP0016,PRD0148,2025-06-29,168,21.05,USD,3536.4,fulfilled,"Sanchez, Ford and Nelson",Mexico,67.6,FOOD-Author-148,Food & Beverage,2025-07-01,pending,,2025-06,39.6,0.109,False
PO004639,SUP0035,PRD0136,2025-10-11,780,137.24,USD,107047.2,fulfilled,Allen PLC,Brazil,54.5,AUTO-Morning-136,Automotive Parts,2025-10-13,paid,2025-10-21,2025-10,53.8,0.155,False
PO004640,SUP0011,PRD0083,2026-04-16,1073,61.14,USD,65603.22,cancelled,"Montgomery, Hensley and Ray",Indonesia,56.0,TEXT-Billion-83,Textiles,,,,2026-04,44.3,0.138,False
PO004641,SUP0011,PRD0114,2024-12-29,192,296.54,USD,56935.68,open,"Montgomery, Hensley and Ray",Indonesia,56.0,FOOD-Same-114,Food & Beverage,2025-01-12,paid,2025-01-21,2024-12,38.7,0.122,False
PO004642,SUP0013,PRD0081,2025-03-10,204,133.94,USD,27323.76,fulfilled,Delacruz Group,Germany,77.3,PACK-Total-81,Packaging,2025-03-23,paid,2025-04-11,2025-03,13.1,0.046,False
PO004643,SUP0030,PRD0081,2025-06-21,38,4924.68,USD,187137.84,fulfilled,Stanton-Gill,Indonesia,60.5,PACK-Total-81,Packaging,2025-06-24,paid,2025-07-12,2025-06,45.6,0.136,False
PO004644,SUP0012,PRD0066,2026-07-23,195,7111.29,USD,1386701.55,cancelled,Stanley LLC,Japan,60.6,TEXT-Customer-66,Textiles,,,,2026-07,14.8,0.04,False
PO004645,SUP0012,PRD0013,2025-10-04,132,29.45,USD,3887.4,fulfilled,Stanley LLC,Japan,60.6,CHEM-Program-13,Chemicals,2025-10-11,paid,2025-11-06,2025-10,16.9,0.047,False
PO004646,SUP0031,PRD0025,2025-06-29,97,520.53,USD,50491.41,fulfilled,Harrell LLC,Brazil,87.2,CHEM-Relationship-25,Chemicals,2025-07-05,paid,2025-07-12,2025-06,53.4,0.168,False
PO004647,SUP0002,PRD0045,2025-04-12,103,226.0,USD,23278.0,fulfilled,Rhodes PLC,Germany,87.8,CHEM-Lawyer-45,Chemicals,2025-04-25,paid,2025-05-24,2025-04,10.7,0.038,False
PO004648,SUP0019,PRD0124,2025-11-07,801,10.56,USD,8458.56,fulfilled,Clark PLC,Germany,69.9,ELEC-Director-124,Electronics,2025-11-21,paid,2025-12-26,2025-11,11.7,0.031,False
PO004649,SUP0004,PRD0108,2025-09-11,45,4187.62,USD,188442.9,cancelled,"Johnson, Gonzalez and Santos",Mexico,76.5,FURN-With-108,Furniture,,,,2025-09,40.9,0.106,False
PO004650,SUP0036,PRD0087,2025-11-12,254,62.06,USD,15763.24,fulfilled,Dennis Inc,South Korea,60.1,MACH-Think-87,Machinery,2025-11-21,pending,,2025-11,25.4,0.069,False
PO004651,SUP0018,PRD0041,2024-11-07,104,104.71,USD,10889.84,open,Underwood LLC,Philippines,54.2,PACK-Customer-41,Packaging,2024-11-10,paid,2024-11-28,2024-11,39.9,0.07,False
PO004652,SUP0029,PRD0144,2025-09-27,511,1074.82,USD,549233.02,fulfilled,Chavez Ltd,Poland,66.3,FURN-Today-144,Furniture,2025-10-10,overdue,,2025-09,32.2,0.089,False
PO004653,SUP0022,PRD0049,2024-12-25,354,2998.02,USD,1061299.08,fulfilled,Burgess-Patterson,Pakistan,79.0,AUTO-Manage-49,Automotive Parts,2025-01-01,paid,2025-01-19,2024-12,71.8,0.224,True
PO004654,SUP0008,PRD0014,2026-04-29,143,660.01,USD,94381.43,open,Davis Inc,Pakistan,69.7,PACK-Artist-14,Packaging,2026-05-06,paid,2026-06-15,2026-04,58.2,0.24,False
PO004655,SUP0039,PRD0128,2025-11-19,116,2.86,USD,331.76,fulfilled,"Campos, Vaughn and Marquez",South Korea,62.6,TEXT-Occur-128,Textiles,2025-12-01,overdue,,2025-11,22.6,0.072,False
PO004656,SUP0040,PRD0032,2025-09-10,1002,108.21,USD,108426.42,fulfilled,"Santos, Kim and Holmes",Turkey,71.1,FURN-Us-32,Furniture,2025-09-20,overdue,,2025-09,53.6,0.209,False
PO004657,SUP0029,PRD0120,2025-10-28,39,5.55,USD,216.45,fulfilled,Chavez Ltd,Poland,66.3,MACH-Message-120,Machinery,2025-11-06,paid,2025-12-06,2025-10,35.9,0.082,False
PO004658,SUP0001,PRD0137,2025-08-04,195,1659.52,USD,323606.4,cancelled,"Rodriguez, Figueroa and Sanchez",South Korea,74.7,FOOD-Wide-137,Food & Beverage,,,,2025-08,21.1,0.105,False
PO004659,SUP0001,PRD0066,2026-02-12,37,725.1,USD,26828.7,fulfilled,"Rodriguez, Figueroa and Sanchez",South Korea,74.7,TEXT-Customer-66,Textiles,2026-02-15,paid,2026-02-26,2026-02,24.6,0.07,False
PO004660,SUP0006,PRD0117,2026-02-11,294,517.63,USD,152183.22,fulfilled,Blake and Sons,China,58.0,CHEM-Only-117,Chemicals,2026-02-16,overdue,,2026-02,24.0,0.108,False
PO004661,SUP0001,PRD0135,2025-08-27,142,1449.0,USD,205758.0,open,"Rodriguez, Figueroa and Sanchez",South Korea,74.7,CHEM-Me-135,Chemicals,2025-08-31,paid,2025-09-28,2025-08,21.1,0.105,False
PO004662,SUP0025,PRD0069,2026-04-05,607,125.0,USD,75875.0,fulfilled,Conner Group,Bangladesh,77.2,FOOD-Challenge-69,Food & Beverage,2026-04-06,paid,2026-05-07,2026-04,61.8,0.169,False
PO004663,SUP0022,PRD0105,2024-11-03,514,16.55,USD,8506.7,fulfilled,Burgess-Patterson,Pakistan,79.0,FOOD-Able-105,Food & Beverage,2024-11-12,paid,2024-12-03,2024-11,63.2,0.25,False
PO004664,SUP0007,PRD0111,2025-02-11,36,634.28,USD,22834.08,cancelled,Ramirez-Lewis,South Korea,49.8,PACK-Look-111,Packaging,,,,2025-02,20.4,0.054,False
PO004665,SUP0006,PRD0076,2024-10-02,77,83.91,USD,6461.07,fulfilled,Blake and Sons,China,58.0,PACK-Wind-76,Packaging,2024-10-14,paid,2024-11-21,2024-10,31.4,0.103,False
PO004666,SUP0039,PRD0056,2026-07-30,419,131.91,USD,55270.29,fulfilled,"Campos, Vaughn and Marquez",South Korea,62.6,MACH-Billion-56,Machinery,2026-08-05,paid,2026-08-28,2026-07,26.4,0.097,False
PO004667,SUP0033,PRD0009,2024-09-28,186,470.46,USD,87505.56,cancelled,"Sellers, George and Burns",China,78.7,MACH-Discussion-9,Machinery,,,,2024-09,,,
PO004668,SUP0036,PRD0040,2025-09-05,175,114.92,USD,20111.0,fulfilled,Dennis Inc,South Korea,60.1,FURN-Investment-40,Furniture,2025-09-19,paid,2025-09-25,2025-09,25.6,0.077,False
PO004669,SUP0031,PRD0027,2026-08-27,203,528.55,USD,107295.65,cancelled,Harrell LLC,Brazil,87.2,TEXT-Difficult-27,Textiles,,,,2026-08,56.9,0.166,False
PO004670,SUP0032,PRD0040,2026-03-31,191,4.52,USD,863.32,fulfilled,"Lynch, Hernandez and Farmer",Vietnam,57.2,FURN-Investment-40,Furniture,2026-04-05,overdue,,2026-03,40.5,0.12,False
PO004671,SUP0025,PRD0108,2025-05-26,413,3441.29,USD,1421252.77,open,Conner Group,Bangladesh,77.2,FURN-With-108,Furniture,2025-05-31,paid,2025-06-19,2025-05,60.0,0.182,False
PO004672,SUP0031,PRD0037,2026-08-29,111,1337.82,USD,148498.02,open,Harrell LLC,Brazil,87.2,CHEM-Still-37,Chemicals,2026-09-11,paid,2026-09-21,2026-08,56.9,0.166,False
PO004673,SUP0019,PRD0048,2025-09-03,305,1198.13,USD,365429.65,fulfilled,Clark PLC,Germany,69.9,FOOD-Item-48,Food & Beverage,2025-09-11,paid,2025-09-28,2025-09,5.0,0.031,False
PO004674,SUP0020,PRD0036,2025-03-10,519,1847.58,USD,958894.02,fulfilled,Lewis-Porter,Pakistan,59.2,ELEC-Eight-36,Electronics,2025-03-15,paid,2025-04-10,2025-03,73.8,0.269,False
PO004675,SUP0040,PRD0105,2026-01-30,678,185.86,USD,126013.08,fulfilled,"Santos, Kim and Holmes",Turkey,71.1,FOOD-Able-105,Food & Beverage,2026-02-12,paid,2026-02-28,2026-01,52.2,0.219,False
PO004676,SUP0001,PRD0011,2026-06-09,32,272.86,USD,8731.52,fulfilled,"Rodriguez, Figueroa and Sanchez",South Korea,74.7,TEXT-Avoid-11,Textiles,2026-06-13,paid,2026-07-02,2026-06,24.7,0.077,False
PO004677,SUP0031,PRD0091,2025-10-20,217,1064.73,USD,231046.41,fulfilled,Harrell LLC,Brazil,87.2,FOOD-Some-91,Food & Beverage,2025-10-23,overdue,,2025-10,42.5,0.182,False
PO004678,SUP0023,PRD0069,2025-09-28,146,6228.66,USD,909384.36,open,Robinson-Bright,Indonesia,70.0,FOOD-Challenge-69,Food & Beverage,2025-10-02,paid,2025-10-07,2025-09,42.2,0.1,False
PO004679,SUP0012,PRD0021,2025-03-24,329,302.06,USD,99377.74,fulfilled,Stanley LLC,Japan,60.6,MACH-Avoid-21,Machinery,2025-03-25,pending,,2025-03,9.9,0.06,False
PO004680,SUP0037,PRD0136,2025-03-29,950,2.96,USD,2812.0,fulfilled,"Cannon, Anderson and Alvarez",United States,65.1,AUTO-Morning-136,Automotive Parts,2025-04-09,overdue,,2025-03,9.2,0.022,False
PO004681,SUP0019,PRD0056,2026-08-13,522,2190.8,USD,1143597.6,fulfilled,Clark PLC,Germany,69.9,MACH-Billion-56,Machinery,2026-08-26,overdue,,2026-08,7.9,0.027,False
PO004682,SUP0017,PRD0038,2025-07-09,774,1304.83,USD,1009938.42,fulfilled,"Hawkins, Cohen and Cameron",Nigeria,42.8,ELEC-Material-38,Electronics,2025-07-13,paid,2025-08-19,2025-07,67.7,0.288,False
PO004683,SUP0040,PRD0044,2025-10-14,851,23.64,USD,20117.64,fulfilled,"Santos, Kim and Holmes",Turkey,71.1,MACH-Reason-44,Machinery,2025-10-26,paid,2025-12-05,2025-10,58.9,0.256,False
PO004684,SUP0020,PRD0133,2024-09-25,720,20.44,USD,14716.8,fulfilled,Lewis-Porter,Pakistan,59.2,PACK-Apply-133,Packaging,2024-09-27,paid,2024-11-07,2024-09,,,
PO004685,SUP0015,PRD0094,2025-06-28,33,495.21,USD,16341.93,fulfilled,"Zuniga, Wong and Lynch",India,76.1,MACH-Compare-94,Machinery,2025-07-04,paid,2025-08-07,2025-06,45.4,0.087,False
PO004686,SUP0030,PRD0058,2025-08-08,355,243.09,USD,86296.95,fulfilled,Stanton-Gill,Indonesia,60.5,AUTO-Interesting-58,Automotive Parts,2025-08-11,paid,2025-08-20,2025-08,36.5,0.188,False
PO004687,SUP0025,PRD0120,2026-04-06,596,1254.71,USD,747807.16,open,Conner Group,Bangladesh,77.2,MACH-Message-120,Machinery,2026-04-11,paid,2026-05-05,2026-04,61.8,0.169,False
PO004688,SUP0016,PRD0093,2024-09-07,95,42.14,USD,4003.3,fulfilled,"Sanchez, Ford and Nelson",Mexico,67.6,TEXT-Economic-93,Textiles,2024-09-13,paid,2024-09-23,2024-09,,,
PO004689,SUP0005,PRD0081,2026-04-29,913,3562.12,USD,3252215.56,open,Cole LLC,Mexico,58.0,PACK-Total-81,Packaging,2026-05-10,paid,2026-06-01,2026-04,35.6,0.124,False
PO004690,SUP0012,PRD0003,2025-10-18,446,26.96,USD,12024.16,open,Stanley LLC,Japan,60.6,ELEC-Ground-3,Electronics,2025-10-25,paid,2025-11-10,2025-10,16.9,0.047,False
PO004691,SUP0028,PRD0139,2025-03-25,1553,3.57,USD,5544.21,cancelled,"Potter, Mack and Peterson",Germany,88.1,FOOD-Nice-139,Food & Beverage,,,,2025-03,7.9,0.033,False
PO004692,SUP0009,PRD0079,2024-11-24,148,8.11,USD,1200.28,fulfilled,Munoz-Roman,United States,66.0,FOOD-System-79,Food & Beverage,2024-12-06,paid,2024-12-17,2024-11,5.0,0.028,False
PO004693,SUP0004,PRD0117,2026-03-26,92,50.44,USD,4640.48,cancelled,"Johnson, Gonzalez and Santos",Mexico,76.5,CHEM-Only-117,Chemicals,,,,2026-03,32.4,0.136,False
PO004694,SUP0038,PRD0028,2025-09-12,76,787.36,USD,59839.36,fulfilled,Rose-Obrien,South Africa,61.5,AUTO-Notice-28,Automotive Parts,2025-09-24,paid,2025-10-02,2025-09,52.5,0.23,False
PO004695,SUP0012,PRD0009,2026-06-21,594,1229.11,USD,730091.34,fulfilled,Stanley LLC,Japan,60.6,MACH-Discussion-9,Machinery,2026-07-01,paid,2026-08-02,2026-06,13.0,0.055,False
PO004696,SUP0031,PRD0057,2025-07-21,975,3.57,USD,3480.75,fulfilled,Harrell LLC,Brazil,87.2,CHEM-Ask-57,Chemicals,2025-07-29,overdue,,2025-07,50.3,0.167,False
PO004697,SUP0008,PRD0111,2024-12-09,339,251.03,USD,85099.17,cancelled,Davis Inc,Pakistan,69.7,PACK-Look-111,Packaging,,,,2024-12,65.3,0.247,False
PO004698,SUP0021,PRD0114,2026-02-15,446,13.21,USD,5891.66,open,"Ellis, Baker and Wright",India,80.5,FOOD-Same-114,Food & Beverage,2026-02-25,paid,2026-04-01,2026-02,41.4,0.122,False
PO004699,SUP0021,PRD0081,2025-12-18,45,333.04,USD,14986.8,fulfilled,"Ellis, Baker and Wright",India,80.5,PACK-Total-81,Packaging,2025-12-21,paid,2026-01-01,2025-12,43.7,0.087,False
PO004700,SUP0008,PRD0150,2024-12-18,55,1136.05,USD,62482.75,fulfilled,Davis Inc,Pakistan,69.7,TEXT-Training-150,Textiles,2024-12-19,pending,,2024-12,65.3,0.247,False
PO004701,SUP0004,PRD0132,2026-05-14,118,2517.45,USD,297059.1,fulfilled,"Johnson, Gonzalez and Santos",Mexico,76.5,CHEM-Art-132,Chemicals,2026-05-16,pending,,2026-05,43.6,0.119,False
PO004702,SUP0019,PRD0083,2025-02-10,167,2.31,USD,385.77,fulfilled,Clark PLC,Germany,69.9,TEXT-Billion-83,Textiles,2025-02-17,paid,2025-03-13,2025-02,14.6,0.049,False
PO004703,SUP0030,PRD0021,2025-04-19,461,832.1,USD,383598.1,cancelled,Stanton-Gill,Indonesia,60.5,MACH-Avoid-21,Machinery,,,,2025-04,40.8,0.151,False
PO004704,SUP0028,PRD0141,2026-08-04,179,8.21,USD,1469.59,fulfilled,"Potter, Mack and Peterson",Germany,88.1,CHEM-Art-141,Chemicals,2026-08-08,paid,2026-09-17,2026-08,13.2,0.037,False
PO004705,SUP0017,PRD0023,2026-04-22,197,220.9,USD,43517.3,cancelled,"Hawkins, Cohen and Cameron",Nigeria,42.8,MACH-Economy-23,Machinery,,,,2026-04,76.5,0.271,False
PO004706,SUP0030,PRD0065,2025-08-27,438,3818.37,USD,1672446.06,open,Stanton-Gill,Indonesia,60.5,FURN-Dark-65,Furniture,2025-08-28,pending,,2025-08,36.5,0.188,False
PO004707,SUP0020,PRD0049,2024-11-19,259,233.52,USD,60481.68,open,Lewis-Porter,Pakistan,59.2,AUTO-Manage-49,Automotive Parts,2024-11-23,paid,2024-12-04,2024-11,68.8,0.234,False
PO004708,SUP0040,PRD0100,2026-08-11,163,158.11,USD,25771.93,open,"Santos, Kim and Holmes",Turkey,71.1,TEXT-Institution-100,Textiles,2026-08-19,paid,2026-09-01,2026-08,58.2,0.17,False
PO004709,SUP0032,PRD0145,2024-10-10,301,1675.69,USD,504382.69,fulfilled,"Lynch, Hernandez and Farmer",Vietnam,57.2,MACH-Cultural-145,Machinery,2024-10-24,paid,2024-11-01,2024-10,46.5,0.103,False
PO004710,SUP0034,PRD0078,2025-09-07,115,37.21,USD,4279.15,fulfilled,Koch-Decker,India,69.9,AUTO-Level-78,Automotive Parts,2025-09-16,paid,2025-09-28,2025-09,36.3,0.088,False
PO004711,SUP0021,PRD0136,2025-09-01,359,2284.89,USD,820275.51,fulfilled,"Ellis, Baker and Wright",India,80.5,AUTO-Morning-136,Automotive Parts,2025-09-03,paid,2025-10-14,2025-09,41.7,0.069,False
PO004712,SUP0004,PRD0017,2026-01-18,56,20.98,USD,1174.88,fulfilled,"Johnson, Gonzalez and Santos",Mexico,76.5,TEXT-Western-17,Textiles,2026-01-26,paid,2026-01-31,2026-01,33.7,0.103,False
PO004713,SUP0037,PRD0070,2025-01-08,144,52.77,USD,7598.88,fulfilled,"Cannon, Anderson and Alvarez",United States,65.1,PACK-Knowledge-70,Packaging,2025-01-15,paid,2025-02-21,2025-01,12.1,0.034,False
PO004714,SUP0025,PRD0082,2024-12-08,74,4580.51,USD,338957.74,open,Conner Group,Bangladesh,77.2,AUTO-Oil-82,Automotive Parts,2024-12-09,paid,2024-12-22,2024-12,58.3,0.159,False
PO004715,SUP0016,PRD0093,2025-11-29,59,2930.52,USD,172900.68,fulfilled,"Sanchez, Ford and Nelson",Mexico,67.6,TEXT-Economic-93,Textiles,2025-12-07,paid,2026-01-02,2025-11,37.2,0.164,False
PO004716,SUP0025,PRD0091,2024-09-17,239,669.46,USD,160000.94,fulfilled,Conner Group,Bangladesh,77.2,FOOD-Some-91,Food & Beverage,2024-09-18,paid,2024-10-13,2024-09,,,
PO004717,SUP0001,PRD0109,2025-02-05,160,215.06,USD,34409.6,cancelled,"Rodriguez, Figueroa and Sanchez",South Korea,74.7,CHEM-Step-109,Chemicals,,,,2025-02,21.1,0.081,False
PO004718,SUP0019,PRD0086,2025-11-24,118,40.61,USD,4791.98,fulfilled,Clark PLC,Germany,69.9,AUTO-Now-86,Automotive Parts,2025-11-30,paid,2026-01-10,2025-11,11.7,0.031,False
PO004719,SUP0035,PRD0062,2025-02-09,421,12.81,USD,5393.01,fulfilled,Allen PLC,Brazil,54.5,TEXT-Training-62,Textiles,2025-02-11,paid,2025-03-18,2025-02,54.5,0.176,False
PO004720,SUP0003,PRD0121,2025-08-06,380,536.74,USD,203961.2,fulfilled,Johnson-Davis,Vietnam,88.7,ELEC-Clear-121,Electronics,2025-08-19,paid,2025-09-10,2025-08,42.8,0.103,False
PO004721,SUP0007,PRD0041,2024-10-28,162,5.26,USD,852.12,cancelled,Ramirez-Lewis,South Korea,49.8,PACK-Customer-41,Packaging,,,,2024-10,23.4,0.074,False
PO004722,SUP0011,PRD0121,2024-10-29,642,1234.28,USD,792407.76,fulfilled,"Montgomery, Hensley and Ray",Indonesia,56.0,ELEC-Clear-121,Electronics,2024-11-06,overdue,,2024-10,46.8,0.124,False
PO004723,SUP0010,PRD0001,2026-01-22,104,2.44,USD,253.76,fulfilled,"Martinez, Nielsen and Miller",Egypt,43.6,MACH-Down-1,Machinery,2026-01-28,paid,2026-02-28,2026-01,57.0,0.183,False
PO004724,SUP0040,PRD0070,2026-02-07,562,940.06,USD,528313.72,fulfilled,"Santos, Kim and Holmes",Turkey,71.1,PACK-Knowledge-70,Packaging,2026-02-16,paid,2026-02-25,2026-02,57.6,0.165,False
PO004725,SUP0008,PRD0078,2025-12-18,172,1847.09,USD,317699.48,fulfilled,Davis Inc,Pakistan,69.7,AUTO-Level-78,Automotive Parts,2025-12-29,paid,2026-02-05,2025-12,66.7,0.291,False
PO004726,SUP0026,PRD0142,2025-08-10,28,238.15,USD,6668.2,fulfilled,James-Ferrell,Egypt,85.3,TEXT-Movie-142,Textiles,2025-08-19,paid,2025-08-26,2025-08,52.4,0.149,False
PO004727,SUP0006,PRD0036,2025-05-24,586,1422.55,USD,833614.3,cancelled,Blake and Sons,China,58.0,ELEC-Eight-36,Electronics,,,,2025-05,30.3,0.116,False
PO004728,SUP0026,PRD0111,2025-10-07,793,145.43,USD,115325.99,fulfilled,James-Ferrell,Egypt,85.3,PACK-Look-111,Packaging,2025-10-13,pending,,2025-10,51.4,0.157,False
PO004729,SUP0025,PRD0137,2026-03-21,591,65.01,USD,38420.91,fulfilled,Conner Group,Bangladesh,77.2,FOOD-Wide-137,Food & Beverage,2026-03-26,paid,2026-04-06,2026-03,48.7,0.12,False
PO004730,SUP0001,PRD0142,2026-05-07,848,77.66,USD,65855.68,cancelled,"Rodriguez, Figueroa and Sanchez",South Korea,74.7,TEXT-Movie-142,Textiles,,,,2026-05,21.1,0.078,False
PO004731,SUP0025,PRD0144,2025-02-16,145,26.19,USD,3797.55,fulfilled,Conner Group,Bangladesh,77.2,FURN-Today-144,Furniture,2025-03-02,paid,2025-04-13,2025-02,59.8,0.172,False
PO004732,SUP0037,PRD0111,2025-05-11,147,128.83,USD,18938.01,fulfilled,"Cannon, Anderson and Alvarez",United States,65.1,PACK-Look-111,Packaging,2025-05-15,pending,,2025-05,20.4,0.038,False
PO004733,SUP0011,PRD0104,2025-07-31,132,253.9,USD,33514.8,fulfilled,"Montgomery, Hensley and Ray",Indonesia,56.0,AUTO-Hundred-104,Automotive Parts,2025-08-07,paid,2025-08-29,2025-07,44.2,0.143,False
PO004734,SUP0030,PRD0097,2025-05-12,569,177.95,USD,101253.55,fulfilled,Stanton-Gill,Indonesia,60.5,ELEC-Medical-97,Electronics,2025-05-22,paid,2025-06-14,2025-05,44.2,0.119,False
PO004735,SUP0032,PRD0016,2025-07-08,65,734.64,USD,47751.6,fulfilled,"Lynch, Hernandez and Farmer",Vietnam,57.2,CHEM-Author-16,Chemicals,2025-07-16,paid,2025-08-13,2025-07,41.6,0.072,False
PO004736,SUP0031,PRD0081,2025-06-27,82,3473.88,USD,284858.16,fulfilled,Harrell LLC,Brazil,87.2,PACK-Total-81,Packaging,2025-07-06,pending,,2025-06,53.4,0.168,False
PO004737,SUP0038,PRD0133,2025-03-08,525,60.16,USD,31584.0,fulfilled,Rose-Obrien,South Africa,61.5,PACK-Apply-133,Packaging,2025-03-11,paid,2025-04-17,2025-03,57.9,0.217,False
PO004738,SUP0005,PRD0074,2025-02-21,909,3.96,USD,3599.64,fulfilled,Cole LLC,Mexico,58.0,MACH-Enjoy-74,Machinery,2025-03-06,overdue,,2025-02,42.0,0.104,False
PO004739,SUP0010,PRD0133,2025-05-20,237,129.64,USD,30724.68,open,"Martinez, Nielsen and Miller",Egypt,43.6,PACK-Apply-133,Packaging,2025-06-03,paid,2025-06-12,2025-05,54.0,0.191,False
PO004740,SUP0030,PRD0072,2025-01-04,316,4572.73,USD,1444982.68,fulfilled,Stanton-Gill,Indonesia,60.5,TEXT-Family-72,Textiles,2025-01-06,paid,2025-02-18,2025-01,41.7,0.083,False
PO004741,SUP0005,PRD0068,2025-10-30,84,2.42,USD,203.28,fulfilled,Cole LLC,Mexico,58.0,FURN-List-68,Furniture,2025-11-11,paid,2025-12-02,2025-10,32.5,0.11,False
PO004742,SUP0033,PRD0147,2024-09-17,242,120.04,USD,29049.68,fulfilled,"Sellers, George and Burns",China,78.7,FURN-Physical-147,Furniture,2024-09-18,paid,2024-09-28,2024-09,,,
PO004743,SUP0010,PRD0078,2026-03-05,213,685.52,USD,146015.76,fulfilled,"Martinez, Nielsen and Miller",Egypt,43.6,AUTO-Level-78,Automotive Parts,2026-03-09,paid,2026-03-22,2026-03,53.6,0.158,False
PO004744,SUP0018,PRD0016,2025-05-13,194,245.83,USD,47691.02,fulfilled,Underwood LLC,Philippines,54.2,CHEM-Author-16,Chemicals,2025-05-19,paid,2025-07-02,2025-05,37.5,0.1,False
PO004745,SUP0007,PRD0057,2025-09-05,760,1133.29,USD,861300.4,fulfilled,Ramirez-Lewis,South Korea,49.8,CHEM-Ask-57,Chemicals,2025-09-07,paid,2025-10-14,2025-09,24.9,0.066,False
PO004746,SUP0017,PRD0005,2025-04-26,622,120.17,USD,74745.74,fulfilled,"Hawkins, Cohen and Cameron",Nigeria,42.8,TEXT-Per-5,Textiles,2025-05-10,paid,2025-06-20,2025-04,76.2,0.216,False
PO004747,SUP0036,PRD0051,2025-10-28,32,823.11,USD,26339.52,fulfilled,Dennis Inc,South Korea,60.1,AUTO-Shoulder-51,Automotive Parts,2025-11-05,paid,2025-11-15,2025-10,21.9,0.062,False
PO004748,SUP0002,PRD0141,2025-01-04,61,5.02,USD,306.22,fulfilled,Rhodes PLC,Germany,87.8,CHEM-Art-141,Chemicals,2025-01-05,paid,2025-02-06,2025-01,12.6,0.045,False
PO004749,SUP0022,PRD0024,2024-10-16,299,2.45,USD,732.55,fulfilled,Burgess-Patterson,Pakistan,79.0,MACH-Family-24,Machinery,2024-10-27,overdue,,2024-10,63.4,0.24,False
PO004750,SUP0036,PRD0057,2024-12-09,508,2217.26,USD,1126368.08,fulfilled,Dennis Inc,South Korea,60.1,CHEM-Ask-57,Chemicals,2024-12-15,paid,2025-01-03,2024-12,26.8,0.062,False
PO004751,SUP0034,PRD0144,2026-08-27,202,28.08,USD,5672.16,fulfilled,Koch-Decker,India,69.9,FURN-Today-144,Furniture,2026-09-02,paid,2026-10-04,2026-08,36.4,0.093,False
PO004752,SUP0005,PRD0132,2025-01-09,846,690.93,USD,584526.78,fulfilled,Cole LLC,Mexico,58.0,CHEM-Art-132,Chemicals,2025-01-13,paid,2025-02-04,2025-01,41.5,0.107,False
PO004753,SUP0020,PRD0114,2025-08-02,352,4.07,USD,1432.64,fulfilled,Lewis-Porter,Pakistan,59.2,FOOD-Same-114,Food & Beverage,2025-08-14,pending,,2025-08,63.6,0.226,False
PO004754,SUP0012,PRD0055,2025-06-01,782,120.32,USD,94090.24,open,Stanley LLC,Japan,60.6,FURN-Race-55,Furniture,2025-06-10,paid,2025-07-12,2025-06,16.0,0.035,False
PO004755,SUP0029,PRD0142,2026-03-08,79,134.65,USD,10637.35,open,Chavez Ltd,Poland,66.3,TEXT-Movie-142,Textiles,2026-03-18,overdue,,2026-03,19.5,0.073,False
PO004756,SUP0031,PRD0024,2024-11-13,137,468.24,USD,64148.88,fulfilled,Harrell LLC,Brazil,87.2,MACH-Family-24,Machinery,2024-11-26,paid,2025-01-09,2024-11,54.4,0.219,False
PO004757,SUP0008,PRD0139,2026-08-18,685,732.4,USD,501694.0,fulfilled,Davis Inc,Pakistan,69.7,FOOD-Nice-139,Food & Beverage,2026-08-19,paid,2026-09-15,2026-08,58.8,0.31,False
PO004758,SUP0019,PRD0064,2024-09-20,163,545.5,USD,88916.5,fulfilled,Clark PLC,Germany,69.9,AUTO-Energy-64,Automotive Parts,2024-10-04,paid,2024-10-28,2024-09,,,
PO004759,SUP0033,PRD0141,2025-05-25,201,714.35,USD,143584.35,open,"Sellers, George and Burns",China,78.7,CHEM-Art-141,Chemicals,2025-06-03,paid,2025-07-03,2025-05,29.6,0.085,False
PO004760,SUP0021,PRD0057,2026-01-10,182,5.72,USD,1041.04,cancelled,"Ellis, Baker and Wright",India,80.5,CHEM-Ask-57,Chemicals,,,,2026-01,39.3,0.067,False
PO004761,SUP0012,PRD0066,2026-08-31,478,163.94,USD,78363.32,fulfilled,Stanley LLC,Japan,60.6,TEXT-Customer-66,Textiles,2026-09-13,paid,2026-09-22,2026-08,20.7,0.044,False
PO004762,SUP0030,PRD0081,2025-11-23,136,553.1,USD,75221.6,cancelled,Stanton-Gill,Indonesia,60.5,PACK-Total-81,Packaging,,,,2025-11,45.3,0.143,False
PO004763,SUP0021,PRD0021,2026-01-20,92,208.68,USD,19198.56,fulfilled,"Ellis, Baker and Wright",India,80.5,MACH-Avoid-21,Machinery,2026-01-27,pending,,2026-01,39.3,0.067,False
PO004764,SUP0010,PRD0056,2026-04-20,705,1206.54,USD,850610.7,open,"Martinez, Nielsen and Miller",Egypt,43.6,MACH-Billion-56,Machinery,2026-04-27,paid,2026-06-02,2026-04,52.2,0.22,False
PO004765,SUP0037,PRD0019,2026-03-18,39,414.7,USD,16173.3,fulfilled,"Cannon, Anderson and Alvarez",United States,65.1,PACK-Trade-19,Packaging,2026-03-23,overdue,,2026-03,13.9,0.03,False
PO004766,SUP0040,PRD0114,2025-02-03,207,26.8,USD,5547.6,fulfilled,"Santos, Kim and Holmes",Turkey,71.1,FOOD-Same-114,Food & Beverage,2025-02-09,paid,2025-03-21,2025-02,60.3,0.164,False
PO004767,SUP0002,PRD0038,2025-11-02,171,11.65,USD,1992.15,fulfilled,Rhodes PLC,Germany,87.8,ELEC-Material-38,Electronics,2025-11-07,paid,2025-11-30,2025-11,11.3,0.042,False
PO004768,SUP0040,PRD0057,2026-08-03,335,2611.38,USD,874812.3,fulfilled,"Santos, Kim and Holmes",Turkey,71.1,CHEM-Ask-57,Chemicals,2026-08-06,paid,2026-09-09,2026-08,58.2,0.17,False
PO004769,SUP0039,PRD0133,2026-06-26,32,1630.79,USD,52185.28,open,"Campos, Vaughn and Marquez",South Korea,62.6,PACK-Apply-133,Packaging,2026-06-30,pending,,2026-06,25.2,0.055,False
PO004770,SUP0007,PRD0103,2024-09-17,349,246.42,USD,86000.58,fulfilled,Ramirez-Lewis,South Korea,49.8,AUTO-Community-103,Automotive Parts,2024-09-30,paid,2024-10-13,2024-09,,,
PO004771,SUP0035,PRD0013,2025-10-24,125,5895.01,USD,736876.25,open,Allen PLC,Brazil,54.5,CHEM-Program-13,Chemicals,2025-11-01,paid,2025-11-24,2025-10,53.8,0.155,False
PO004772,SUP0006,PRD0097,2026-05-06,135,2.49,USD,336.15,fulfilled,Blake and Sons,China,58.0,ELEC-Medical-97,Electronics,2026-05-12,paid,2026-06-07,2026-05,24.1,0.065,False
PO004773,SUP0010,PRD0076,2026-03-04,452,4.73,USD,2137.96,fulfilled,"Martinez, Nielsen and Miller",Egypt,43.6,PACK-Wind-76,Packaging,2026-03-05,overdue,,2026-03,53.6,0.158,False
PO004774,SUP0018,PRD0084,2025-10-31,521,94.49,USD,49229.29,fulfilled,Underwood LLC,Philippines,54.2,PACK-Apply-84,Packaging,2025-11-12,paid,2025-12-26,2025-10,40.0,0.156,False
PO004775,SUP0014,PRD0114,2026-08-22,394,1361.17,USD,536300.98,fulfilled,"Flowers, Martin and Kelly",United States,46.7,FOOD-Same-114,Food & Beverage,2026-08-29,paid,2026-10-03,2026-08,9.6,0.02,False
PO004776,SUP0015,PRD0097,2025-10-15,1079,579.51,USD,625291.29,cancelled,"Zuniga, Wong and Lynch",India,76.1,ELEC-Medical-97,Electronics,,,,2025-10,29.8,0.089,False
PO004777,SUP0033,PRD0122,2026-01-11,443,216.96,USD,96113.28,fulfilled,"Sellers, George and Burns",China,78.7,CHEM-Customer-122,Chemicals,2026-01-15,paid,2026-02-18,2026-01,26.4,0.07,False
PO004778,SUP0001,PRD0114,2025-09-14,211,101.79,USD,21477.69,fulfilled,"Rodriguez, Figueroa and Sanchez",South Korea,74.7,FOOD-Same-114,Food & Beverage,2025-09-17,pending,,2025-09,18.8,0.059,False
PO004779,SUP0006,PRD0145,2026-03-03,27,1992.11,USD,53786.97,open,Blake and Sons,China,58.0,MACH-Cultural-145,Machinery,2026-03-04,paid,2026-04-15,2026-03,27.3,0.072,False
PO004780,SUP0030,PRD0056,2025-07-11,314,312.39,USD,98090.46,fulfilled,Stanton-Gill,Indonesia,60.5,MACH-Billion-56,Machinery,2025-07-25,paid,2025-08-02,2025-07,48.1,0.118,False
PO004781,SUP0004,PRD0016,2025-02-13,345,93.16,USD,32140.2,fulfilled,"Johnson, Gonzalez and Santos",Mexico,76.5,CHEM-Author-16,Chemicals,2025-02-23,paid,2025-02-28,2025-02,44.6,0.113,False
PO004782,SUP0005,PRD0150,2024-11-03,315,678.8,USD,213822.0,fulfilled,Cole LLC,Mexico,58.0,TEXT-Training-150,Textiles,2024-11-04,paid,2024-11-22,2024-11,30.2,0.105,False
PO004783,SUP0006,PRD0111,2025-07-04,189,9.33,USD,1763.37,fulfilled,Blake and Sons,China,58.0,PACK-Look-111,Packaging,2025-07-17,paid,2025-08-29,2025-07,23.1,0.07,False
PO004784,SUP0038,PRD0040,2026-04-10,346,35.44,USD,12262.24,fulfilled,Rose-Obrien,South Africa,61.5,FURN-Investment-40,Furniture,2026-04-21,pending,,2026-04,54.3,0.178,False
PO004785,SUP0013,PRD0137,2025-06-29,186,2.45,USD,455.7,fulfilled,Delacruz Group,Germany,77.3,FOOD-Wide-137,Food & Beverage,2025-07-02,paid,2025-07-08,2025-06,18.5,0.04,False
PO004786,SUP0029,PRD0036,2025-05-01,302,2.31,USD,697.62,fulfilled,Chavez Ltd,Poland,66.3,ELEC-Eight-36,Electronics,2025-05-12,overdue,,2025-05,23.8,0.072,False
PO004787,SUP0025,PRD0079,2026-07-20,183,1299.92,USD,237885.36,fulfilled,Conner Group,Bangladesh,77.2,FOOD-System-79,Food & Beverage,2026-08-01,paid,2026-09-14,2026-07,49.7,0.098,False
PO004788,SUP0040,PRD0121,2024-11-02,148,287.62,USD,42567.76,fulfilled,"Santos, Kim and Holmes",Turkey,71.1,ELEC-Clear-121,Electronics,2024-11-15,overdue,,2024-11,60.2,0.228,False
PO004789,SUP0019,PRD0064,2025-02-10,748,4.65,USD,3478.2,fulfilled,Clark PLC,Germany,69.9,AUTO-Energy-64,Automotive Parts,2025-02-24,paid,2025-04-05,2025-02,14.6,0.049,False
PO004790,SUP0004,PRD0057,2026-06-16,181,2.36,USD,427.16,fulfilled,"Johnson, Gonzalez and Santos",Mexico,76.5,CHEM-Ask-57,Chemicals,2026-06-19,paid,2026-08-02,2026-06,35.6,0.151,False
PO004791,SUP0017,PRD0089,2024-09-14,418,65.65,USD,27441.7,fulfilled,"Hawkins, Cohen and Cameron",Nigeria,42.8,ELEC-Better-89,Electronics,2024-09-25,overdue,,2024-09,,,
PO004792,SUP0012,PRD0104,2026-08-21,46,274.34,USD,12619.64,fulfilled,Stanley LLC,Japan,60.6,AUTO-Hundred-104,Automotive Parts,2026-08-24,paid,2026-09-28,2026-08,20.7,0.044,False
PO004793,SUP0010,PRD0128,2026-01-30,326,30.7,USD,10008.2,cancelled,"Martinez, Nielsen and Miller",Egypt,43.6,TEXT-Occur-128,Textiles,,,,2026-01,57.0,0.183,False
PO004794,SUP0009,PRD0084,2026-07-29,136,85.5,USD,11628.0,fulfilled,Munoz-Roman,United States,66.0,PACK-Apply-84,Packaging,2026-08-09,paid,2026-09-18,2026-07,20.1,0.034,False
PO004795,SUP0012,PRD0132,2026-02-13,881,66.96,USD,58991.76,fulfilled,Stanley LLC,Japan,60.6,CHEM-Art-132,Chemicals,2026-02-24,overdue,,2026-02,13.8,0.053,False
PO004796,SUP0030,PRD0021,2025-09-29,176,29.54,USD,5199.04,fulfilled,Stanton-Gill,Indonesia,60.5,MACH-Avoid-21,Machinery,2025-10-08,paid,2025-11-18,2025-09,45.1,0.109,False
PO004797,SUP0002,PRD0064,2025-04-10,683,2.63,USD,1796.29,fulfilled,Rhodes PLC,Germany,87.8,AUTO-Energy-64,Automotive Parts,2025-04-17,paid,2025-04-27,2025-04,10.7,0.038,False
PO004798,SUP0003,PRD0057,2025-09-29,144,782.89,USD,112736.16,fulfilled,Johnson-Davis,Vietnam,88.7,CHEM-Ask-57,Chemicals,2025-09-30,paid,2025-11-01,2025-09,42.8,0.106,False
PO004799,SUP0037,PRD0069,2026-05-10,75,302.3,USD,22672.5,fulfilled,"Cannon, Anderson and Alvarez",United States,65.1,FOOD-Challenge-69,Food & Beverage,2026-05-15,pending,,2026-05,13.4,0.028,False
PO004800,SUP0030,PRD0077,2025-03-02,485,2.61,USD,1265.85,fulfilled,Stanton-Gill,Indonesia,60.5,FURN-Bag-77,Furniture,2025-03-14,pending,,2025-03,42.4,0.13,False
PO004801,SUP0006,PRD0070,2026-06-23,303,2.36,USD,715.08,fulfilled,Blake and Sons,China,58.0,PACK-Knowledge-70,Packaging,2026-06-29,pending,,2026-06,25.4,0.077,False
PO004802,SUP0027,PRD0078,2025-11-03,448,843.57,USD,377919.36,fulfilled,"Valencia, Smith and Le",Vietnam,70.4,AUTO-Level-78,Automotive Parts,2025-11-05,paid,2025-12-16,2025-11,42.7,0.13,False
PO004803,SUP0032,PRD0136,2025-06-08,531,509.51,USD,270549.81,fulfilled,"Lynch, Hernandez and Farmer",Vietnam,57.2,AUTO-Morning-136,Automotive Parts,2025-06-17,paid,2025-07-06,2025-06,38.4,0.093,False
PO004804,SUP0034,PRD0090,2026-03-28,385,21.27,USD,8188.95,fulfilled,Koch-Decker,India,69.9,MACH-With-90,Machinery,2026-04-10,pending,,2026-03,44.4,0.088,False
PO004805,SUP0031,PRD0102,2025-01-06,24,784.56,USD,18829.44,fulfilled,Harrell LLC,Brazil,87.2,TEXT-Artist-102,Textiles,2025-01-17,overdue,,2025-01,54.3,0.107,False
PO004806,SUP0012,PRD0074,2025-08-11,540,152.61,USD,82409.4,fulfilled,Stanley LLC,Japan,60.6,MACH-Enjoy-74,Machinery,2025-08-17,paid,2025-08-25,2025-08,19.5,0.058,False
PO004807,SUP0004,PRD0042,2026-02-04,166,20.59,USD,3417.94,fulfilled,"Johnson, Gonzalez and Santos",Mexico,76.5,TEXT-Between-42,Textiles,2026-02-06,paid,2026-03-17,2026-02,43.0,0.144,False
PO004808,SUP0013,PRD0110,2024-11-29,159,352.38,USD,56028.42,fulfilled,Delacruz Group,Germany,77.3,CHEM-Still-110,Chemicals,2024-12-11,paid,2024-12-25,2024-11,16.0,0.028,False
PO004809,SUP0038,PRD0091,2025-09-26,690,94.38,USD,65122.2,fulfilled,Rose-Obrien,South Africa,61.5,FOOD-Some-91,Food & Beverage,2025-10-10,pending,,2025-09,52.5,0.23,False
PO004810,SUP0019,PRD0040,2025-03-30,178,1016.55,USD,180945.9,fulfilled,Clark PLC,Germany,69.9,FURN-Investment-40,Furniture,2025-04-10,paid,2025-05-02,2025-03,5.0,0.033,False
PO004811,SUP0027,PRD0015,2025-12-19,542,378.0,USD,204876.0,fulfilled,"Valencia, Smith and Le",Vietnam,70.4,TEXT-Drop-15,Textiles,2025-12-20,pending,,2025-12,46.5,0.058,False
PO004812,SUP0029,PRD0090,2026-04-27,603,2.34,USD,1411.02,fulfilled,Chavez Ltd,Poland,66.3,MACH-With-90,Machinery,2026-05-04,paid,2026-05-09,2026-04,28.1,0.08,False
PO004813,SUP0010,PRD0027,2025-01-08,495,119.23,USD,59018.85,fulfilled,"Martinez, Nielsen and Miller",Egypt,43.6,TEXT-Difficult-27,Textiles,2025-01-15,paid,2025-02-03,2025-01,51.8,0.183,False
PO004814,SUP0008,PRD0065,2026-03-15,396,247.16,USD,97875.36,open,Davis Inc,Pakistan,69.7,FURN-Dark-65,Furniture,2026-03-20,pending,,2026-03,71.9,0.327,False
PO004815,SUP0029,PRD0035,2025-12-12,427,4839.65,USD,2066530.55,open,Chavez Ltd,Poland,66.3,MACH-Material-35,Machinery,2025-12-15,paid,2026-01-02,2025-12,23.8,0.099,False
PO004816,SUP0021,PRD0001,2024-12-21,562,6.69,USD,3759.78,fulfilled,"Ellis, Baker and Wright",India,80.5,MACH-Down-1,Machinery,2024-12-24,paid,2025-02-01,2024-12,38.4,0.078,False
PO004817,SUP0026,PRD0110,2025-06-24,170,2.5,USD,425.0,fulfilled,James-Ferrell,Egypt,85.3,CHEM-Still-110,Chemicals,2025-07-06,pending,,2025-06,53.2,0.177,False
PO004818,SUP0012,PRD0026,2025-02-04,607,944.18,USD,573117.26,fulfilled,Stanley LLC,Japan,60.6,PACK-Mention-26,Packaging,2025-02-18,paid,2025-03-10,2025-02,13.0,0.055,False
PO004819,SUP0036,PRD0055,2025-09-16,567,6.49,USD,3679.83,fulfilled,Dennis Inc,South Korea,60.1,FURN-Race-55,Furniture,2025-09-30,paid,2025-10-27,2025-09,25.6,0.077,False
PO004820,SUP0036,PRD0139,2024-11-02,473,532.76,USD,251995.48,open,Dennis Inc,South Korea,60.1,FOOD-Nice-139,Food & Beverage,2024-11-14,paid,2024-11-21,2024-11,13.9,0.067,False
PO004821,SUP0012,PRD0025,2025-01-08,294,10.22,USD,3004.68,open,Stanley LLC,Japan,60.6,CHEM-Relationship-25,Chemicals,2025-01-15,pending,,2025-01,5.0,0.047,False
PO004822,SUP0024,PRD0079,2025-09-18,532,36.31,USD,19316.92,fulfilled,Campos Inc,Mexico,79.6,FOOD-System-79,Food & Beverage,2025-09-22,pending,,2025-09,48.6,0.095,False
PO004823,SUP0010,PRD0091,2026-03-25,250,319.68,USD,79920.0,fulfilled,"Martinez, Nielsen and Miller",Egypt,43.6,FOOD-Some-91,Food & Beverage,2026-04-04,paid,2026-04-12,2026-03,53.6,0.158,False
PO004824,SUP0036,PRD0114,2025-06-29,47,3.96,USD,186.12,fulfilled,Dennis Inc,South Korea,60.1,FOOD-Same-114,Food & Beverage,2025-07-04,paid,2025-07-14,2025-06,16.2,0.07,False
PO004825,SUP0006,PRD0024,2025-04-29,408,614.8,USD,250838.4,fulfilled,Blake and Sons,China,58.0,MACH-Family-24,Machinery,2025-05-13,paid,2025-06-23,2025-04,31.7,0.087,False
PO004826,SUP0025,PRD0032,2025-11-05,90,56.1,USD,5049.0,open,Conner Group,Bangladesh,77.2,FURN-Us-32,Furniture,2025-11-06,pending,,2025-11,57.7,0.167,False
PO004827,SUP0036,PRD0109,2025-05-20,225,654.8,USD,147330.0,open,Dennis Inc,South Korea,60.1,CHEM-Step-109,Chemicals,2025-06-01,paid,2025-06-14,2025-05,16.8,0.078,False
PO004828,SUP0029,PRD0014,2026-05-11,273,1617.34,USD,441533.82,cancelled,Chavez Ltd,Poland,66.3,PACK-Artist-14,Packaging,,,,2026-05,27.9,0.077,False
PO004829,SUP0021,PRD0067,2024-10-22,370,6.76,USD,2501.2,fulfilled,"Ellis, Baker and Wright",India,80.5,FURN-Not-67,Furniture,2024-10-25,paid,2024-11-26,2024-10,42.1,0.126,False
PO004830,SUP0001,PRD0108,2025-08-22,166,2548.19,USD,422999.54,fulfilled,"Rodriguez, Figueroa and Sanchez",South Korea,74.7,FURN-With-108,Furniture,2025-09-03,paid,2025-10-13,2025-08,21.1,0.105,False
PO004831,SUP0028,PRD0136,2026-07-30,233,759.15,USD,176881.95,open,"Potter, Mack and Peterson",Germany,88.1,AUTO-Morning-136,Automotive Parts,2026-08-12,paid,2026-09-03,2026-07,10.2,0.051,False
PO004832,SUP0008,PRD0083,2026-06-09,33,1047.89,USD,34580.37,fulfilled,Davis Inc,Pakistan,69.7,TEXT-Billion-83,Textiles,2026-06-22,pending,,2026-06,68.5,0.276,False
PO004833,SUP0031,PRD0056,2025-01-24,40,15.06,USD,602.4,fulfilled,Harrell LLC,Brazil,87.2,MACH-Billion-56,Machinery,2025-02-01,paid,2025-02-27,2025-01,54.3,0.107,False
PO004834,SUP0010,PRD0075,2026-07-01,247,2.8,USD,691.6,fulfilled,"Martinez, Nielsen and Miller",Egypt,43.6,TEXT-Two-75,Textiles,2026-07-02,pending,,2026-07,57.2,0.202,False
PO004835,SUP0013,PRD0091,2026-05-30,338,243.53,USD,82313.14,fulfilled,Delacruz Group,Germany,77.3,FOOD-Some-91,Food & Beverage,2026-06-03,paid,2026-06-24,2026-05,10.2,0.042,False
PO004836,SUP0024,PRD0100,2025-04-14,32,505.04,USD,16161.28,fulfilled,Campos Inc,Mexico,79.6,TEXT-Institution-100,Textiles,2025-04-27,paid,2025-05-18,2025-04,45.0,0.168,False
PO004837,SUP0034,PRD0049,2026-01-05,170,3788.55,USD,644053.5,fulfilled,Koch-Decker,India,69.9,AUTO-Manage-49,Automotive Parts,2026-01-15,paid,2026-01-20,2026-01,34.7,0.097,False
PO004838,SUP0008,PRD0095,2026-06-12,295,1123.48,USD,331426.6,fulfilled,Davis Inc,Pakistan,69.7,PACK-Investment-95,Packaging,2026-06-16,paid,2026-07-06,2026-06,68.5,0.276,False
PO004839,SUP0031,PRD0079,2025-09-02,488,18.18,USD,8871.84,fulfilled,Harrell LLC,Brazil,87.2,FOOD-System-79,Food & Beverage,2025-09-11,paid,2025-10-20,2025-09,51.5,0.138,False
PO004840,SUP0005,PRD0090,2026-02-15,814,31.7,USD,25803.8,fulfilled,Cole LLC,Mexico,58.0,MACH-With-90,Machinery,2026-02-17,paid,2026-02-26,2026-02,36.4,0.071,False
PO004841,SUP0001,PRD0118,2025-12-21,788,235.28,USD,185400.64,fulfilled,"Rodriguez, Figueroa and Sanchez",South Korea,74.7,CHEM-Recently-118,Chemicals,2026-01-01,pending,,2025-12,22.1,0.084,False
PO004842,SUP0040,PRD0051,2025-04-02,387,332.68,USD,128747.16,open,"Santos, Kim and Holmes",Turkey,71.1,AUTO-Shoulder-51,Automotive Parts,2025-04-10,paid,2025-05-16,2025-04,71.0,0.215,True
PO004843,SUP0031,PRD0117,2024-12-16,72,446.35,USD,32137.2,fulfilled,Harrell LLC,Brazil,87.2,CHEM-Only-117,Chemicals,2024-12-23,overdue,,2024-12,52.0,0.188,False
PO004844,SUP0026,PRD0105,2025-04-24,125,198.36,USD,24795.0,fulfilled,James-Ferrell,Egypt,85.3,FOOD-Able-105,Food & Beverage,2025-04-27,paid,2025-05-09,2025-04,48.3,0.222,False
PO004845,SUP0026,PRD0112,2025-02-16,87,2.36,USD,205.32,fulfilled,James-Ferrell,Egypt,85.3,FURN-Feeling-112,Furniture,2025-02-22,paid,2025-03-15,2025-02,62.8,0.159,False
PO004846,SUP0025,PRD0023,2026-08-30,998,24.15,USD,24101.7,fulfilled,Conner Group,Bangladesh,77.2,MACH-Economy-23,Machinery,2026-09-10,paid,2026-09-17,2026-08,55.7,0.18,False
PO004847,SUP0039,PRD0044,2026-06-15,599,1164.58,USD,697583.42,fulfilled,"Campos, Vaughn and Marquez",South Korea,62.6,MACH-Reason-44,Machinery,2026-06-25,paid,2026-07-16,2026-06,25.2,0.055,False
PO004848,SUP0032,PRD0059,2024-11-18,232,964.86,USD,223847.52,fulfilled,"Lynch, Hernandez and Farmer",Vietnam,57.2,FOOD-Should-59,Food & Beverage,2024-12-02,pending,,2024-11,35.4,0.102,False
PO004849,SUP0039,PRD0093,2026-03-15,95,9.16,USD,870.2,fulfilled,"Campos, Vaughn and Marquez",South Korea,62.6,TEXT-Economic-93,Textiles,2026-03-29,pending,,2026-03,21.6,0.047,False
PO004850,SUP0026,PRD0064,2025-05-30,76,97.98,USD,7446.48,fulfilled,James-Ferrell,Egypt,85.3,AUTO-Energy-64,Automotive Parts,2025-06-11,pending,,2025-05,52.8,0.219,False
PO004851,SUP0008,PRD0114,2024-10-19,588,850.49,USD,500088.12,fulfilled,Davis Inc,Pakistan,69.7,FOOD-Same-114,Food & Beverage,2024-10-28,paid,2024-11-05,2024-10,62.8,0.317,False
PO004852,SUP0030,PRD0084,2026-07-25,383,6354.58,USD,2433804.14,fulfilled,Stanton-Gill,Indonesia,60.5,PACK-Apply-84,Packaging,2026-07-31,paid,2026-08-29,2026-07,40.0,0.137,False
PO004853,SUP0008,PRD0095,2024-10-24,341,1965.15,USD,670116.15,open,Davis Inc,Pakistan,69.7,PACK-Investment-95,Packaging,2024-11-01,paid,2024-11-26,2024-10,62.8,0.317,False
PO004854,SUP0036,PRD0083,2025-04-11,296,257.08,USD,76095.68,fulfilled,Dennis Inc,South Korea,60.1,TEXT-Billion-83,Textiles,2025-04-25,paid,2025-05-01,2025-04,23.2,0.075,False
PO004855,SUP0031,PRD0136,2026-06-21,323,2.33,USD,752.59,cancelled,Harrell LLC,Brazil,87.2,AUTO-Morning-136,Automotive Parts,,,,2026-06,51.9,0.194,False
PO004856,SUP0031,PRD0114,2025-10-27,944,674.7,USD,636916.8,open,Harrell LLC,Brazil,87.2,FOOD-Same-114,Food & Beverage,2025-11-02,paid,2025-11-17,2025-10,42.5,0.182,False
PO004857,SUP0017,PRD0037,2025-08-24,59,3.38,USD,199.42,fulfilled,"Hawkins, Cohen and Cameron",Nigeria,42.8,CHEM-Still-37,Chemicals,2025-09-03,overdue,,2025-08,66.0,0.282,False
PO004858,SUP0007,PRD0093,2026-07-01,364,2396.59,USD,872358.76,fulfilled,Ramirez-Lewis,South Korea,49.8,TEXT-Economic-93,Textiles,2026-07-06,paid,2026-08-14,2026-07,25.7,0.067,False
PO004859,SUP0003,PRD0060,2025-03-08,282,5.84,USD,1646.88,open,Johnson-Davis,Vietnam,88.7,TEXT-Group-60,Textiles,2025-03-11,paid,2025-03-25,2025-03,37.0,0.116,False
PO004860,SUP0033,PRD0110,2026-07-22,1002,773.62,USD,775167.24,open,"Sellers, George and Burns",China,78.7,CHEM-Still-110,Chemicals,2026-07-25,pending,,2026-07,31.1,0.077,False
PO004861,SUP0021,PRD0018,2025-02-11,177,22.55,USD,3991.35,fulfilled,"Ellis, Baker and Wright",India,80.5,FURN-Almost-18,Furniture,2025-02-23,paid,2025-04-01,2025-02,43.3,0.085,False
PO004862,SUP0001,PRD0109,2025-10-21,199,424.42,USD,84459.58,fulfilled,"Rodriguez, Figueroa and Sanchez",South Korea,74.7,CHEM-Step-109,Chemicals,2025-11-03,paid,2025-12-16,2025-10,18.1,0.098,False
PO004863,SUP0004,PRD0024,2024-11-13,197,652.91,USD,128623.27,fulfilled,"Johnson, Gonzalez and Santos",Mexico,76.5,MACH-Family-24,Machinery,2024-11-22,paid,2024-11-30,2024-11,34.3,0.129,False
PO004864,SUP0037,PRD0057,2024-12-22,295,980.72,USD,289312.4,cancelled,"Cannon, Anderson and Alvarez",United States,65.1,CHEM-Ask-57,Chemicals,,,,2024-12,8.1,0.015,False
PO004865,SUP0008,PRD0150,2026-06-22,218,10.58,USD,2306.44,open,Davis Inc,Pakistan,69.7,TEXT-Training-150,Textiles,2026-07-04,pending,,2026-06,68.5,0.276,False
PO004866,SUP0008,PRD0091,2026-06-29,197,17.04,USD,3356.88,fulfilled,Davis Inc,Pakistan,69.7,FOOD-Some-91,Food & Beverage,2026-07-02,pending,,2026-06,68.5,0.276,False
PO004867,SUP0012,PRD0092,2026-08-20,494,37.78,USD,18663.32,open,Stanley LLC,Japan,60.6,ELEC-Time-92,Electronics,2026-08-26,paid,2026-10-09,2026-08,20.7,0.044,False
PO004868,SUP0006,PRD0005,2025-07-27,158,1213.93,USD,191800.94,fulfilled,Blake and Sons,China,58.0,TEXT-Per-5,Textiles,2025-08-09,paid,2025-09-15,2025-07,23.1,0.07,False
PO004869,SUP0008,PRD0133,2025-05-07,292,2.31,USD,674.52,fulfilled,Davis Inc,Pakistan,69.7,PACK-Apply-133,Packaging,2025-05-09,paid,2025-05-27,2025-05,63.8,0.268,False
PO004870,SUP0021,PRD0035,2025-12-27,204,36.49,USD,7443.96,fulfilled,"Ellis, Baker and Wright",India,80.5,MACH-Material-35,Machinery,2025-12-29,paid,2026-01-31,2025-12,43.7,0.087,False
PO004871,SUP0030,PRD0003,2026-06-08,1119,6051.2,USD,6771292.8,open,Stanton-Gill,Indonesia,60.5,ELEC-Ground-3,Electronics,2026-06-12,paid,2026-07-20,2026-06,47.0,0.089,False
PO004872,SUP0025,PRD0134,2025-08-16,427,1275.62,USD,544689.74,fulfilled,Conner Group,Bangladesh,77.2,FOOD-Pattern-134,Food & Beverage,2025-08-29,paid,2025-10-02,2025-08,56.9,0.201,False
PO004873,SUP0030,PRD0020,2025-02-22,526,2.8,USD,1472.8,fulfilled,Stanton-Gill,Indonesia,60.5,FOOD-Give-20,Food & Beverage,2025-02-26,paid,2025-03-07,2025-02,39.3,0.129,False
PO004874,SUP0034,PRD0141,2025-11-30,120,274.68,USD,32961.6,open,Koch-Decker,India,69.9,CHEM-Art-141,Chemicals,2025-12-14,paid,2025-12-22,2025-11,45.0,0.103,False
PO004875,SUP0008,PRD0048,2025-07-27,67,652.23,USD,43699.41,fulfilled,Davis Inc,Pakistan,69.7,FOOD-Item-48,Food & Beverage,2025-08-08,paid,2025-09-08,2025-07,57.0,0.24,False
PO004876,SUP0017,PRD0005,2025-04-23,336,2.31,USD,776.16,fulfilled,"Hawkins, Cohen and Cameron",Nigeria,42.8,TEXT-Per-5,Textiles,2025-05-04,paid,2025-06-16,2025-04,76.2,0.216,False
PO004877,SUP0001,PRD0110,2024-09-15,293,931.09,USD,272809.37,fulfilled,"Rodriguez, Figueroa and Sanchez",South Korea,74.7,CHEM-Still-110,Chemicals,2024-09-28,paid,2024-10-16,2024-09,,,
PO004878,SUP0021,PRD0147,2026-07-09,607,198.77,USD,120653.39,fulfilled,"Ellis, Baker and Wright",India,80.5,FURN-Physical-147,Furniture,2026-07-11,overdue,,2026-07,39.7,0.105,False
PO004879,SUP0024,PRD0056,2025-08-14,1041,2.33,USD,2425.53,fulfilled,Campos Inc,Mexico,79.6,MACH-Billion-56,Machinery,2025-08-21,paid,2025-09-18,2025-08,38.8,0.115,False
PO004880,SUP0002,PRD0004,2025-02-04,242,212.04,USD,51313.68,fulfilled,Rhodes PLC,Germany,87.8,FOOD-Against-4,Food & Beverage,2025-02-10,pending,,2025-02,10.7,0.048,False
PO004881,SUP0026,PRD0100,2025-07-21,177,210.85,USD,37320.45,fulfilled,James-Ferrell,Egypt,85.3,TEXT-Institution-100,Textiles,2025-07-27,paid,2025-08-10,2025-07,51.2,0.211,False
PO004882,SUP0038,PRD0120,2025-01-11,490,379.32,USD,185866.8,fulfilled,Rose-Obrien,South Africa,61.5,MACH-Message-120,Machinery,2025-01-17,pending,,2025-01,52.0,0.253,False
PO004883,SUP0009,PRD0031,2025-09-17,66,27.71,USD,1828.86,fulfilled,Munoz-Roman,United States,66.0,FOOD-Worry-31,Food & Beverage,2025-10-01,paid,2025-10-09,2025-09,15.4,0.033,False
PO004884,SUP0035,PRD0111,2024-12-14,30,2340.68,USD,70220.4,open,Allen PLC,Brazil,54.5,PACK-Look-111,Packaging,2024-12-19,paid,2025-01-05,2024-12,55.3,0.177,False
PO004885,SUP0032,PRD0015,2024-09-26,200,76.11,USD,15222.0,fulfilled,"Lynch, Hernandez and Farmer",Vietnam,57.2,TEXT-Drop-15,Textiles,2024-10-02,paid,2024-11-10,2024-09,,,
PO004886,SUP0012,PRD0097,2024-09-22,433,103.35,USD,44750.55,cancelled,Stanley LLC,Japan,60.6,ELEC-Medical-97,Electronics,,,,2024-09,,,
PO004887,SUP0028,PRD0114,2026-05-23,107,4.32,USD,462.24,open,"Potter, Mack and Peterson",Germany,88.1,FOOD-Same-114,Food & Beverage,2026-05-26,pending,,2026-05,12.4,0.037,False
PO004888,SUP0017,PRD0004,2025-01-23,66,2.46,USD,162.36,open,"Hawkins, Cohen and Cameron",Nigeria,42.8,FOOD-Against-4,Food & Beverage,2025-01-29,paid,2025-03-02,2025-01,71.1,0.232,False
PO004889,SUP0029,PRD0017,2024-12-23,275,68.81,USD,18922.75,open,Chavez Ltd,Poland,66.3,TEXT-Western-17,Textiles,2025-01-01,paid,2025-02-05,2024-12,31.4,0.096,False
PO004890,SUP0002,PRD0048,2025-06-03,86,359.77,USD,30940.22,fulfilled,Rhodes PLC,Germany,87.8,FOOD-Item-48,Food & Beverage,2025-06-08,paid,2025-07-12,2025-06,13.9,0.049,False
PO004891,SUP0008,PRD0147,2025-07-18,270,846.0,USD,228420.0,fulfilled,Davis Inc,Pakistan,69.7,FURN-Physical-147,Furniture,2025-07-31,overdue,,2025-07,57.0,0.24,False
PO004892,SUP0014,PRD0020,2025-10-25,1007,1369.23,USD,1378814.61,fulfilled,"Flowers, Martin and Kelly",United States,46.7,FOOD-Give-20,Food & Beverage,2025-10-29,paid,2025-11-25,2025-10,17.3,0.029,False
PO004893,SUP0035,PRD0076,2024-11-23,72,90.25,USD,6498.0,fulfilled,Allen PLC,Brazil,54.5,PACK-Wind-76,Packaging,2024-11-28,paid,2024-12-21,2024-11,44.8,0.149,False
PO004894,SUP0006,PRD0117,2025-02-18,493,2.31,USD,1138.83,fulfilled,Blake and Sons,China,58.0,CHEM-Only-117,Chemicals,2025-03-02,pending,,2025-02,32.5,0.071,False
PO004895,SUP0022,PRD0144,2026-03-18,844,149.42,USD,126110.48,fulfilled,Burgess-Patterson,Pakistan,79.0,FURN-Today-144,Furniture,2026-03-31,paid,2026-05-04,2026-03,70.3,0.263,False
PO004896,SUP0004,PRD0035,2025-09-08,348,148.33,USD,51618.84,fulfilled,"Johnson, Gonzalez and Santos",Mexico,76.5,MACH-Material-35,Machinery,2025-09-12,paid,2025-10-20,2025-09,40.9,0.106,False
PO004897,SUP0036,PRD0048,2024-10-05,425,2470.76,USD,1050073.0,fulfilled,Dennis Inc,South Korea,60.1,FOOD-Item-48,Food & Beverage,2024-10-13,paid,2024-11-08,2024-10,23.2,0.052,False
PO004898,SUP0018,PRD0121,2025-02-21,93,738.39,USD,68670.27,fulfilled,Underwood LLC,Philippines,54.2,ELEC-Clear-121,Electronics,2025-03-02,pending,,2025-02,41.1,0.126,False
PO004899,SUP0037,PRD0085,2026-02-02,747,1004.48,USD,750346.56,fulfilled,"Cannon, Anderson and Alvarez",United States,65.1,CHEM-Reach-85,Chemicals,2026-02-10,paid,2026-03-03,2026-02,22.9,0.036,False
PO004900,SUP0020,PRD0055,2025-02-12,147,29.76,USD,4374.72,fulfilled,Lewis-Porter,Pakistan,59.2,FURN-Race-55,Furniture,2025-02-22,paid,2025-03-24,2025-02,61.8,0.272,False
PO004901,SUP0002,PRD0082,2025-02-16,329,2448.42,USD,805530.18,fulfilled,Rhodes PLC,Germany,87.8,AUTO-Oil-82,Automotive Parts,2025-02-22,pending,,2025-02,10.7,0.048,False
PO004902,SUP0006,PRD0118,2025-02-04,617,96.75,USD,59694.75,open,Blake and Sons,China,58.0,CHEM-Recently-118,Chemicals,2025-02-18,paid,2025-03-28,2025-02,32.5,0.071,False
PO004903,SUP0040,PRD0108,2025-07-05,575,149.45,USD,85933.75,open,"Santos, Kim and Holmes",Turkey,71.1,FURN-With-108,Furniture,2025-07-13,pending,,2025-07,61.6,0.237,False
PO004904,SUP0011,PRD0020,2026-06-10,418,14.82,USD,6194.76,open,"Montgomery, Hensley and Ray",Indonesia,56.0,FOOD-Give-20,Food & Beverage,2026-06-19,overdue,,2026-06,49.6,0.109,False
PO004905,SUP0036,PRD0117,2024-09-18,89,1421.8,USD,126540.2,fulfilled,Dennis Inc,South Korea,60.1,CHEM-Only-117,Chemicals,2024-09-19,paid,2024-10-07,2024-09,,,
PO004906,SUP0033,PRD0008,2026-07-03,225,3.91,USD,879.75,fulfilled,"Sellers, George and Burns",China,78.7,PACK-Per-8,Packaging,2026-07-05,overdue,,2026-07,31.1,0.077,False
PO004907,SUP0022,PRD0083,2025-01-31,170,2.62,USD,445.4,open,Burgess-Patterson,Pakistan,79.0,TEXT-Billion-83,Textiles,2025-02-12,paid,2025-02-23,2025-01,65.2,0.41,False
PO004908,SUP0017,PRD0104,2025-08-10,220,2.92,USD,642.4,fulfilled,"Hawkins, Cohen and Cameron",Nigeria,42.8,AUTO-Hundred-104,Automotive Parts,2025-08-14,paid,2025-09-17,2025-08,66.0,0.282,False
PO004909,SUP0010,PRD0048,2025-06-05,70,372.09,USD,26046.3,fulfilled,"Martinez, Nielsen and Miller",Egypt,43.6,FOOD-Item-48,Food & Beverage,2025-06-18,paid,2025-06-27,2025-06,51.9,0.188,False
PO004910,SUP0026,PRD0041,2025-10-15,107,2.61,USD,279.27,fulfilled,James-Ferrell,Egypt,85.3,PACK-Customer-41,Packaging,2025-10-20,paid,2025-11-09,2025-10,51.4,0.157,False
PO004911,SUP0022,PRD0064,2026-03-24,53,156.88,USD,8314.64,fulfilled,Burgess-Patterson,Pakistan,79.0,AUTO-Energy-64,Automotive Parts,2026-04-01,paid,2026-04-24,2026-03,70.3,0.263,False
PO004912,SUP0030,PRD0114,2025-08-28,139,2607.58,USD,362453.62,fulfilled,Stanton-Gill,Indonesia,60.5,FOOD-Same-114,Food & Beverage,2025-09-08,pending,,2025-08,36.5,0.188,False
PO004913,SUP0037,PRD0009,2026-07-25,582,38.53,USD,22424.46,fulfilled,"Cannon, Anderson and Alvarez",United States,65.1,MACH-Discussion-9,Machinery,2026-08-05,paid,2026-08-18,2026-07,16.3,0.039,False
PO004914,SUP0009,PRD0064,2026-04-12,452,361.69,USD,163483.88,fulfilled,Munoz-Roman,United States,66.0,AUTO-Energy-64,Automotive Parts,2026-04-17,paid,2026-05-16,2026-04,13.6,0.032,False
PO004915,SUP0026,PRD0057,2025-08-06,233,2.96,USD,689.68,fulfilled,James-Ferrell,Egypt,85.3,CHEM-Ask-57,Chemicals,2025-08-14,pending,,2025-08,52.4,0.149,False
PO004916,SUP0013,PRD0089,2025-12-27,128,580.94,USD,74360.32,fulfilled,Delacruz Group,Germany,77.3,ELEC-Better-89,Electronics,2026-01-08,pending,,2025-12,13.3,0.048,False
PO004917,SUP0003,PRD0048,2026-05-24,68,122.47,USD,8327.96,fulfilled,Johnson-Davis,Vietnam,88.7,FOOD-Item-48,Food & Beverage,2026-05-29,paid,2026-06-29,2026-05,39.6,0.047,False
PO004918,SUP0019,PRD0145,2024-11-23,238,677.03,USD,161133.14,cancelled,Clark PLC,Germany,69.9,MACH-Cultural-145,Machinery,,,,2024-11,16.4,0.037,False
PO004919,SUP0023,PRD0132,2026-07-04,143,3.58,USD,511.94,open,Robinson-Bright,Indonesia,70.0,CHEM-Art-132,Chemicals,2026-07-05,paid,2026-07-26,2026-07,48.5,0.105,False
PO004920,SUP0006,PRD0032,2025-06-24,633,323.66,USD,204876.78,fulfilled,Blake and Sons,China,58.0,FURN-Us-32,Furniture,2025-06-29,paid,2025-07-18,2025-06,19.7,0.072,False
PO004921,SUP0039,PRD0015,2026-05-18,939,7.43,USD,6976.77,fulfilled,"Campos, Vaughn and Marquez",South Korea,62.6,TEXT-Drop-15,Textiles,2026-05-30,pending,,2026-05,26.6,0.096,False
PO004922,SUP0009,PRD0052,2024-09-22,786,2.53,USD,1988.58,fulfilled,Munoz-Roman,United States,66.0,CHEM-Arm-52,Chemicals,2024-09-26,paid,2024-11-01,2024-09,,,
PO004923,SUP0031,PRD0141,2025-12-28,41,3.28,USD,134.48,fulfilled,Harrell LLC,Brazil,87.2,CHEM-Art-141,Chemicals,2025-12-31,paid,2026-02-06,2025-12,50.6,0.115,False
PO004924,SUP0029,PRD0081,2024-11-07,134,351.23,USD,47064.82,fulfilled,Chavez Ltd,Poland,66.3,PACK-Total-81,Packaging,2024-11-20,pending,,2024-11,28.3,0.097,False
PO004925,SUP0026,PRD0081,2026-01-19,641,2.31,USD,1480.71,fulfilled,James-Ferrell,Egypt,85.3,PACK-Total-81,Packaging,2026-01-23,paid,2026-02-15,2026-01,52.0,0.187,False
PO004926,SUP0036,PRD0136,2026-07-31,206,664.15,USD,136814.9,open,Dennis Inc,South Korea,60.1,AUTO-Morning-136,Automotive Parts,2026-08-01,paid,2026-09-04,2026-07,15.2,0.085,False
PO004927,SUP0024,PRD0144,2026-04-27,271,394.46,USD,106898.66,fulfilled,Campos Inc,Mexico,79.6,FURN-Today-144,Furniture,2026-05-04,paid,2026-05-18,2026-04,38.6,0.112,False
PO004928,SUP0020,PRD0097,2026-04-05,520,68.27,USD,35500.4,fulfilled,Lewis-Porter,Pakistan,59.2,ELEC-Medical-97,Electronics,2026-04-10,paid,2026-05-02,2026-04,63.1,0.22,False
PO004929,SUP0004,PRD0117,2026-06-12,791,4.24,USD,3353.84,fulfilled,"Johnson, Gonzalez and Santos",Mexico,76.5,CHEM-Only-117,Chemicals,2026-06-24,paid,2026-07-30,2026-06,35.6,0.151,False
PO004930,SUP0017,PRD0122,2025-08-27,314,367.58,USD,115420.12,open,"Hawkins, Cohen and Cameron",Nigeria,42.8,CHEM-Customer-122,Chemicals,2025-08-29,pending,,2025-08,66.0,0.282,False
PO004931,SUP0001,PRD0078,2026-07-03,33,369.41,USD,12190.53,fulfilled,"Rodriguez, Figueroa and Sanchez",South Korea,74.7,AUTO-Level-78,Automotive Parts,2026-07-15,pending,,2026-07,25.5,0.07,False
PO004932,SUP0036,PRD0147,2026-07-31,275,421.26,USD,115846.5,open,Dennis Inc,South Korea,60.1,FURN-Physical-147,Furniture,2026-08-02,pending,,2026-07,15.2,0.085,False
PO004933,SUP0003,PRD0144,2024-11-04,154,210.86,USD,32472.44,fulfilled,Johnson-Davis,Vietnam,88.7,FURN-Today-144,Furniture,2024-11-13,paid,2024-11-18,2024-11,46.6,0.18,False
PO004934,SUP0019,PRD0122,2025-12-11,1011,8.37,USD,8462.07,fulfilled,Clark PLC,Germany,69.9,CHEM-Customer-122,Chemicals,2025-12-19,overdue,,2025-12,13.8,0.044,False
PO004935,SUP0033,PRD0134,2026-02-13,315,1238.03,USD,389979.45,fulfilled,"Sellers, George and Burns",China,78.7,FOOD-Pattern-134,Food & Beverage,2026-02-25,paid,2026-03-15,2026-02,37.8,0.067,False
PO004936,SUP0031,PRD0103,2025-01-02,327,15.07,USD,4927.89,fulfilled,Harrell LLC,Brazil,87.2,AUTO-Community-103,Automotive Parts,2025-01-08,paid,2025-01-22,2025-01,54.3,0.107,False
PO004937,SUP0037,PRD0057,2024-10-07,118,2.76,USD,325.68,fulfilled,"Cannon, Anderson and Alvarez",United States,65.1,CHEM-Ask-57,Chemicals,2024-10-10,pending,,2024-10,13.9,0.028,False
PO004938,SUP0032,PRD0134,2025-07-09,170,2.35,USD,399.5,open,"Lynch, Hernandez and Farmer",Vietnam,57.2,FOOD-Pattern-134,Food & Beverage,2025-07-10,paid,2025-08-07,2025-07,41.6,0.072,False
PO004939,SUP0021,PRD0105,2026-03-21,218,6.14,USD,1338.52,fulfilled,"Ellis, Baker and Wright",India,80.5,FOOD-Able-105,Food & Beverage,2026-03-31,paid,2026-04-21,2026-03,42.6,0.107,False
PO004940,SUP0026,PRD0012,2025-09-01,125,79.98,USD,9997.5,fulfilled,James-Ferrell,Egypt,85.3,ELEC-Second-12,Electronics,2025-09-05,overdue,,2025-09,52.8,0.21,False
PO004941,SUP0030,PRD0038,2025-08-15,183,25.11,USD,4595.13,fulfilled,Stanton-Gill,Indonesia,60.5,ELEC-Material-38,Electronics,2025-08-16,paid,2025-09-07,2025-08,36.5,0.188,False
PO004942,SUP0006,PRD0103,2026-02-09,518,320.3,USD,165915.4,cancelled,Blake and Sons,China,58.0,AUTO-Community-103,Automotive Parts,,,,2026-02,24.0,0.108,False
PO004943,SUP0010,PRD0026,2025-01-18,238,526.76,USD,125368.88,fulfilled,"Martinez, Nielsen and Miller",Egypt,43.6,PACK-Mention-26,Packaging,2025-01-30,paid,2025-03-13,2025-01,51.8,0.183,False
PO004944,SUP0026,PRD0105,2025-06-20,30,665.95,USD,19978.5,fulfilled,James-Ferrell,Egypt,85.3,FOOD-Able-105,Food & Beverage,2025-06-27,paid,2025-07-02,2025-06,53.2,0.177,False
PO004945,SUP0034,PRD0112,2025-07-24,25,583.71,USD,14592.75,fulfilled,Koch-Decker,India,69.9,FURN-Feeling-112,Furniture,2025-08-07,paid,2025-09-11,2025-07,37.5,0.123,False
PO004946,SUP0032,PRD0074,2025-06-03,29,7.18,USD,208.22,fulfilled,"Lynch, Hernandez and Farmer",Vietnam,57.2,MACH-Enjoy-74,Machinery,2025-06-12,paid,2025-06-19,2025-06,38.4,0.093,False
PO004947,SUP0030,PRD0096,2025-02-27,607,11.08,USD,6725.56,fulfilled,Stanton-Gill,Indonesia,60.5,CHEM-Mention-96,Chemicals,2025-03-06,paid,2025-03-17,2025-02,39.3,0.129,False
PO004948,SUP0028,PRD0146,2025-08-07,349,408.41,USD,142535.09,fulfilled,"Potter, Mack and Peterson",Germany,88.1,FURN-Authority-146,Furniture,2025-08-18,paid,2025-09-05,2025-08,9.0,0.041,False
PO004949,SUP0007,PRD0150,2026-03-07,326,1139.49,USD,371473.74,open,Ramirez-Lewis,South Korea,49.8,TEXT-Training-150,Textiles,2026-03-14,paid,2026-04-01,2026-03,8.6,0.084,False
PO004950,SUP0032,PRD0136,2024-10-06,197,1933.67,USD,380932.99,fulfilled,"Lynch, Hernandez and Farmer",Vietnam,57.2,AUTO-Morning-136,Automotive Parts,2024-10-15,pending,,2024-10,46.5,0.103,False
PO004951,SUP0013,PRD0015,2025-11-16,302,651.96,USD,196891.92,fulfilled,Delacruz Group,Germany,77.3,TEXT-Drop-15,Textiles,2025-11-18,paid,2025-11-30,2025-11,6.9,0.045,False
PO004952,SUP0017,PRD0016,2026-03-06,111,308.29,USD,34220.19,fulfilled,"Hawkins, Cohen and Cameron",Nigeria,42.8,CHEM-Author-16,Chemicals,2026-03-10,overdue,,2026-03,71.0,0.233,False
PO004953,SUP0031,PRD0045,2025-01-31,168,29.4,USD,4939.2,fulfilled,Harrell LLC,Brazil,87.2,CHEM-Lawyer-45,Chemicals,2025-02-02,paid,2025-02-15,2025-01,54.3,0.107,False
PO004954,SUP0022,PRD0084,2026-08-13,168,55.57,USD,9335.76,fulfilled,Burgess-Patterson,Pakistan,79.0,PACK-Apply-84,Packaging,2026-08-21,overdue,,2026-08,59.3,0.25,False
PO004955,SUP0002,PRD0133,2026-07-10,487,1777.67,USD,865725.29,fulfilled,Rhodes PLC,Germany,87.8,PACK-Apply-133,Packaging,2026-07-21,pending,,2026-07,19.8,0.037,False
PO004956,SUP0031,PRD0142,2026-02-24,709,610.98,USD,433184.82,fulfilled,Harrell LLC,Brazil,87.2,TEXT-Movie-142,Textiles,2026-03-05,pending,,2026-02,59.1,0.172,False
PO004957,SUP0020,PRD0150,2025-12-27,688,1994.94,USD,1372518.72,fulfilled,Lewis-Porter,Pakistan,59.2,TEXT-Training-150,Textiles,2026-01-07,paid,2026-02-13,2025-12,58.6,0.255,False
PO004958,SUP0013,PRD0141,2025-10-03,369,24.56,USD,9062.64,fulfilled,Delacruz Group,Germany,77.3,CHEM-Art-141,Chemicals,2025-10-08,paid,2025-11-03,2025-10,9.1,0.04,False
PO004959,SUP0030,PRD0091,2025-01-24,384,743.02,USD,285319.68,fulfilled,Stanton-Gill,Indonesia,60.5,FOOD-Some-91,Food & Beverage,2025-02-06,paid,2025-03-06,2025-01,41.7,0.083,False
PO004960,SUP0011,PRD0136,2025-10-25,61,688.92,USD,42024.12,open,"Montgomery, Hensley and Ray",Indonesia,56.0,AUTO-Morning-136,Automotive Parts,2025-10-28,overdue,,2025-10,44.2,0.121,False
PO004961,SUP0013,PRD0028,2026-07-10,132,2726.53,USD,359901.96,fulfilled,Delacruz Group,Germany,77.3,AUTO-Notice-28,Automotive Parts,2026-07-16,pending,,2026-07,15.3,0.038,False
PO004962,SUP0017,PRD0130,2025-02-12,644,317.22,USD,204289.68,fulfilled,"Hawkins, Cohen and Cameron",Nigeria,42.8,MACH-Small-130,Machinery,2025-02-14,paid,2025-03-13,2025-02,63.5,0.287,False
PO004963,SUP0026,PRD0074,2024-12-26,256,1616.37,USD,413790.72,fulfilled,James-Ferrell,Egypt,85.3,MACH-Enjoy-74,Machinery,2025-01-05,pending,,2024-12,59.3,0.256,False
PO004964,SUP0002,PRD0079,2026-03-15,73,855.93,USD,62482.89,fulfilled,Rhodes PLC,Germany,87.8,FOOD-System-79,Food & Beverage,2026-03-17,paid,2026-04-28,2026-03,14.7,0.046,False
PO004965,SUP0037,PRD0017,2026-02-09,466,19.34,USD,9012.44,fulfilled,"Cannon, Anderson and Alvarez",United States,65.1,TEXT-Western-17,Textiles,2026-02-18,paid,2026-03-11,2026-02,22.9,0.036,False
PO004966,SUP0019,PRD0125,2025-03-21,245,1309.59,USD,320849.55,fulfilled,Clark PLC,Germany,69.9,TEXT-Article-125,Textiles,2025-03-24,paid,2025-03-30,2025-03,5.0,0.033,False
PO004967,SUP0007,PRD0020,2025-03-23,57,57.71,USD,3289.47,cancelled,Ramirez-Lewis,South Korea,49.8,FOOD-Give-20,Food & Beverage,,,,2025-03,19.4,0.055,False
PO004968,SUP0007,PRD0106,2025-05-17,677,1308.24,USD,885678.48,fulfilled,Ramirez-Lewis,South Korea,49.8,AUTO-In-106,Automotive Parts,2025-05-20,paid,2025-06-27,2025-05,24.5,0.103,False
PO004969,SUP0022,PRD0104,2026-05-13,173,7.61,USD,1316.53,fulfilled,Burgess-Patterson,Pakistan,79.0,AUTO-Hundred-104,Automotive Parts,2026-05-15,overdue,,2026-05,64.2,0.305,False
PO004970,SUP0021,PRD0074,2026-03-05,369,168.46,USD,62161.74,fulfilled,"Ellis, Baker and Wright",India,80.5,MACH-Enjoy-74,Machinery,2026-03-18,overdue,,2026-03,42.6,0.107,False
PO004971,SUP0008,PRD0062,2024-09-30,219,46.61,USD,10207.59,fulfilled,Davis Inc,Pakistan,69.7,TEXT-Training-62,Textiles,2024-10-04,paid,2024-11-12,2024-09,,,
PO004972,SUP0002,PRD0045,2026-08-03,738,13.94,USD,10287.72,fulfilled,Rhodes PLC,Germany,87.8,CHEM-Lawyer-45,Chemicals,2026-08-12,pending,,2026-08,8.8,0.035,False
PO004973,SUP0036,PRD0064,2024-12-21,155,845.66,USD,131077.3,fulfilled,Dennis Inc,South Korea,60.1,AUTO-Energy-64,Automotive Parts,2024-12-23,paid,2025-01-31,2024-12,26.8,0.062,False
PO004974,SUP0012,PRD0027,2025-08-28,232,131.21,USD,30440.72,fulfilled,Stanley LLC,Japan,60.6,TEXT-Difficult-27,Textiles,2025-09-09,paid,2025-09-14,2025-08,19.5,0.058,False
PO004975,SUP0019,PRD0104,2026-05-15,423,183.92,USD,77798.16,open,Clark PLC,Germany,69.9,AUTO-Hundred-104,Automotive Parts,2026-05-24,pending,,2026-05,8.6,0.043,False
PO004976,SUP0031,PRD0133,2025-01-02,145,701.77,USD,101756.65,cancelled,Harrell LLC,Brazil,87.2,PACK-Apply-133,Packaging,,,,2025-01,54.3,0.107,False
PO004977,SUP0027,PRD0017,2025-07-11,373,11.15,USD,4158.95,open,"Valencia, Smith and Le",Vietnam,70.4,TEXT-Western-17,Textiles,2025-07-24,paid,2025-08-08,2025-07,41.7,0.123,False
PO004978,SUP0026,PRD0141,2024-12-28,161,484.93,USD,78073.73,fulfilled,James-Ferrell,Egypt,85.3,CHEM-Art-141,Chemicals,2025-01-02,paid,2025-02-14,2024-12,59.3,0.256,False
PO004979,SUP0026,PRD0039,2024-10-03,421,5.32,USD,2239.72,fulfilled,James-Ferrell,Egypt,85.3,MACH-Surface-39,Machinery,2024-10-07,paid,2024-10-26,2024-10,55.1,0.243,False
PO004980,SUP0033,PRD0083,2026-03-21,130,293.33,USD,38132.9,cancelled,"Sellers, George and Burns",China,78.7,TEXT-Billion-83,Textiles,,,,2026-03,26.1,0.04,False
PO004981,SUP0016,PRD0144,2025-03-30,83,386.08,USD,32044.64,fulfilled,"Sanchez, Ford and Nelson",Mexico,67.6,FURN-Today-144,Furniture,2025-04-01,pending,,2025-03,48.7,0.123,False
PO004982,SUP0010,PRD0147,2026-04-03,250,523.21,USD,130802.5,fulfilled,"Martinez, Nielsen and Miller",Egypt,43.6,FURN-Physical-147,Furniture,2026-04-06,pending,,2026-04,52.2,0.22,False
PO004983,SUP0029,PRD0150,2026-03-23,206,2.55,USD,525.3,cancelled,Chavez Ltd,Poland,66.3,TEXT-Training-150,Textiles,,,,2026-03,19.5,0.073,False
PO004984,SUP0013,PRD0074,2024-09-23,409,2.43,USD,993.87,fulfilled,Delacruz Group,Germany,77.3,MACH-Enjoy-74,Machinery,2024-10-03,pending,,2024-09,,,
PO004985,SUP0014,PRD0025,2025-12-04,59,3.99,USD,235.41,fulfilled,"Flowers, Martin and Kelly",United States,46.7,CHEM-Relationship-25,Chemicals,2025-12-16,pending,,2025-12,17.7,0.032,False
PO004986,SUP0012,PRD0081,2025-12-14,580,82.52,USD,47861.6,fulfilled,Stanley LLC,Japan,60.6,PACK-Total-81,Packaging,2025-12-17,paid,2026-01-24,2025-12,7.7,0.059,False
PO004987,SUP0031,PRD0025,2025-09-30,138,2.73,USD,376.74,fulfilled,Harrell LLC,Brazil,87.2,CHEM-Relationship-25,Chemicals,2025-10-14,paid,2025-11-11,2025-09,51.5,0.138,False
PO004988,SUP0019,PRD0109,2025-02-26,160,1191.81,USD,190689.6,open,Clark PLC,Germany,69.9,CHEM-Step-109,Chemicals,2025-03-11,pending,,2025-02,14.6,0.049,False
PO004989,SUP0017,PRD0015,2026-06-24,434,154.11,USD,66883.74,fulfilled,"Hawkins, Cohen and Cameron",Nigeria,42.8,TEXT-Drop-15,Textiles,2026-07-03,paid,2026-08-12,2026-06,69.0,0.224,False
PO004990,SUP0010,PRD0145,2026-02-22,515,6.15,USD,3167.25,open,"Martinez, Nielsen and Miller",Egypt,43.6,MACH-Cultural-145,Machinery,2026-02-28,pending,,2026-02,53.6,0.19,False
PO004991,SUP0004,PRD0070,2025-01-13,324,1104.37,USD,357815.88,fulfilled,"Johnson, Gonzalez and Santos",Mexico,76.5,PACK-Knowledge-70,Packaging,2025-01-14,paid,2025-02-26,2025-01,38.1,0.07,False
PO004992,SUP0010,PRD0010,2025-01-05,635,24.74,USD,15709.9,fulfilled,"Martinez, Nielsen and Miller",Egypt,43.6,CHEM-Account-10,Chemicals,2025-01-07,pending,,2025-01,51.8,0.183,False
PO004993,SUP0030,PRD0091,2025-10-17,300,558.64,USD,167592.0,fulfilled,Stanton-Gill,Indonesia,60.5,FOOD-Some-91,Food & Beverage,2025-10-24,paid,2025-11-25,2025-10,41.1,0.128,False
PO004994,SUP0008,PRD0074,2026-03-13,591,62.7,USD,37055.7,fulfilled,Davis Inc,Pakistan,69.7,MACH-Enjoy-74,Machinery,2026-03-17,pending,,2026-03,71.9,0.327,False
PO004995,SUP0028,PRD0048,2024-09-25,128,839.65,USD,107475.2,fulfilled,"Potter, Mack and Peterson",Germany,88.1,FOOD-Item-48,Food & Beverage,2024-10-04,paid,2024-11-01,2024-09,,,
PO004996,SUP0038,PRD0058,2024-11-01,154,1065.66,USD,164111.64,fulfilled,Rose-Obrien,South Africa,61.5,AUTO-Interesting-58,Automotive Parts,2024-11-04,paid,2024-12-08,2024-11,49.7,0.162,False
PO004997,SUP0004,PRD0125,2025-08-28,343,382.22,USD,131101.46,fulfilled,"Johnson, Gonzalez and Santos",Mexico,76.5,TEXT-Article-125,Textiles,2025-08-31,pending,,2025-08,45.5,0.092,False
PO004998,SUP0002,PRD0114,2024-09-09,149,604.94,USD,90136.06,open,Rhodes PLC,Germany,87.8,FOOD-Same-114,Food & Beverage,2024-09-19,paid,2024-10-19,2024-09,,,
PO004999,SUP0013,PRD0142,2024-10-05,418,1725.49,USD,721254.82,fulfilled,Delacruz Group,Germany,77.3,TEXT-Movie-142,Textiles,2024-10-19,paid,2024-10-31,2024-10,16.9,0.031,False
PO005000,SUP0024,PRD0012,2025-02-15,150,1772.93,USD,265939.5,fulfilled,Campos Inc,Mexico,79.6,ELEC-Second-12,Electronics,2025-02-28,pending,,2025-02,45.3,0.125,False
