snapshot_id,warehouse_node_id,product_id,snapshot_date,stock_qty,reorder_point,safety_stock
INVSNP0000001,WH0001,PRD0018,2024-10-01,552,150,60
INVSNP0000002,WH0001,PRD0018,2024-11-01,560,150,60
INVSNP0000003,WH0001,PRD0018,2024-12-01,582,150,60
INVSNP0000004,WH0001,PRD0018,2025-01-01,574,150,60
INVSNP0000005,WH0001,PRD0018,2025-02-01,668,150,60
INVSNP0000006,WH0001,PRD0018,2025-03-01,640,150,60
INVSNP0000007,WH0001,PRD0018,2025-04-01,698,150,60
INVSNP0000008,WH0001,PRD0018,2025-05-01,724,150,60
INVSNP0000009,WH0001,PRD0018,2025-06-01,640,150,60
INVSNP0000010,WH0001,PRD0018,2025-07-01,443,150,60
INVSNP0000011,WH0001,PRD0018,2025-08-01,573,150,60
INVSNP0000012,WH0001,PRD0018,2025-09-01,540,150,60
INVSNP0000013,WH0001,PRD0018,2025-10-01,577,150,60
INVSNP0000014,WH0001,PRD0018,2025-11-01,530,150,60
INVSNP0000015,WH0001,PRD0018,2025-12-01,844,150,60
INVSNP0000016,WH0001,PRD0018,2026-01-01,406,150,60
INVSNP0000017,WH0001,PRD0018,2026-02-01,632,150,60
INVSNP0000018,WH0001,PRD0018,2026-03-01,605,150,60
INVSNP0000019,WH0001,PRD0018,2026-04-01,696,150,60
INVSNP0000020,WH0001,PRD0018,2026-05-01,669,150,60
INVSNP0000021,WH0001,PRD0018,2026-06-01,617,150,60
INVSNP0000022,WH0001,PRD0018,2026-07-01,688,150,60
INVSNP0000023,WH0001,PRD0018,2026-08-01,520,150,60
INVSNP0000024,WH0001,PRD0018,2026-09-01,595,150,60
INVSNP0000025,WH0001,PRD0022,2024-10-01,599,177,71
INVSNP0000026,WH0001,PRD0022,2024-11-01,799,177,71
INVSNP0000027,WH0001,PRD0022,2024-12-01,610,177,71
INVSNP0000028,WH0001,PRD0022,2025-01-01,737,177,71
INVSNP0000029,WH0001,PRD0022,2025-02-01,731,177,71
INVSNP0000030,WH0001,PRD0022,2025-03-01,729,177,71
INVSNP0000031,WH0001,PRD0022,2025-04-01,608,177,71
INVSNP0000032,WH0001,PRD0022,2025-05-01,550,177,71
INVSNP0000033,WH0001,PRD0022,2025-06-01,574,177,71
INVSNP0000034,WH0001,PRD0022,2025-07-01,698,177,71
INVSNP0000035,WH0001,PRD0022,2025-08-01,636,177,71
INVSNP0000036,WH0001,PRD0022,2025-09-01,686,177,71
INVSNP0000037,WH0001,PRD0022,2025-10-01,721,177,71
INVSNP0000038,WH0001,PRD0022,2025-11-01,521,177,71
INVSNP0000039,WH0001,PRD0022,2025-12-01,614,177,71
INVSNP0000040,WH0001,PRD0022,2026-01-01,686,177,71
INVSNP0000041,WH0001,PRD0022,2026-02-01,677,177,71
INVSNP0000042,WH0001,PRD0022,2026-03-01,598,177,71
INVSNP0000043,WH0001,PRD0022,2026-04-01,680,177,71
INVSNP0000044,WH0001,PRD0022,2026-05-01,923,177,71
INVSNP0000045,WH0001,PRD0022,2026-06-01,720,177,71
INVSNP0000046,WH0001,PRD0022,2026-07-01,681,177,71
INVSNP0000047,WH0001,PRD0022,2026-08-01,791,177,71
INVSNP0000048,WH0001,PRD0022,2026-09-01,863,177,71
INVSNP0000049,WH0001,PRD0141,2024-10-01,174,63,25
INVSNP0000050,WH0001,PRD0141,2024-11-01,256,63,25
INVSNP0000051,WH0001,PRD0141,2024-12-01,315,63,25
INVSNP0000052,WH0001,PRD0141,2025-01-01,208,63,25
INVSNP0000053,WH0001,PRD0141,2025-02-01,245,63,25
INVSNP0000054,WH0001,PRD0141,2025-03-01,285,63,25
INVSNP0000055,WH0001,PRD0141,2025-04-01,277,63,25
INVSNP0000056,WH0001,PRD0141,2025-05-01,244,63,25
INVSNP0000057,WH0001,PRD0141,2025-06-01,236,63,25
INVSNP0000058,WH0001,PRD0141,2025-07-01,283,63,25
INVSNP0000059,WH0001,PRD0141,2025-08-01,293,63,25
INVSNP0000060,WH0001,PRD0141,2025-09-01,272,63,25
INVSNP0000061,WH0001,PRD0141,2025-10-01,317,63,25
INVSNP0000062,WH0001,PRD0141,2025-11-01,210,63,25
INVSNP0000063,WH0001,PRD0141,2025-12-01,301,63,25
INVSNP0000064,WH0001,PRD0141,2026-01-01,276,63,25
INVSNP0000065,WH0001,PRD0141,2026-02-01,296,63,25
INVSNP0000066,WH0001,PRD0141,2026-03-01,245,63,25
INVSNP0000067,WH0001,PRD0141,2026-04-01,245,63,25
INVSNP0000068,WH0001,PRD0141,2026-05-01,257,63,25
INVSNP0000069,WH0001,PRD0141,2026-06-01,302,63,25
INVSNP0000070,WH0001,PRD0141,2026-07-01,225,63,25
INVSNP0000071,WH0001,PRD0141,2026-08-01,226,63,25
INVSNP0000072,WH0001,PRD0141,2026-09-01,302,63,25
INVSNP0000073,WH0001,PRD0063,2024-10-01,3349,797,318
INVSNP0000074,WH0001,PRD0063,2024-11-01,2905,797,318
INVSNP0000075,WH0001,PRD0063,2024-12-01,2964,797,318
INVSNP0000076,WH0001,PRD0063,2025-01-01,3430,797,318
INVSNP0000077,WH0001,PRD0063,2025-02-01,3156,797,318
INVSNP0000078,WH0001,PRD0063,2025-03-01,3412,797,318
INVSNP0000079,WH0001,PRD0063,2025-04-01,3295,797,318
INVSNP0000080,WH0001,PRD0063,2025-05-01,3703,797,318
INVSNP0000081,WH0001,PRD0063,2025-06-01,3227,797,318
INVSNP0000082,WH0001,PRD0063,2025-07-01,3661,797,318
INVSNP0000083,WH0001,PRD0063,2025-08-01,3797,797,318
INVSNP0000084,WH0001,PRD0063,2025-09-01,3144,797,318
INVSNP0000085,WH0001,PRD0063,2025-10-01,2713,797,318
INVSNP0000086,WH0001,PRD0063,2025-11-01,3202,797,318
INVSNP0000087,WH0001,PRD0063,2025-12-01,3041,797,318
INVSNP0000088,WH0001,PRD0063,2026-01-01,3200,797,318
INVSNP0000089,WH0001,PRD0063,2026-02-01,3686,797,318
INVSNP0000090,WH0001,PRD0063,2026-03-01,3584,797,318
INVSNP0000091,WH0001,PRD0063,2026-04-01,2708,797,318
INVSNP0000092,WH0001,PRD0063,2026-05-01,2674,797,318
INVSNP0000093,WH0001,PRD0063,2026-06-01,3348,797,318
INVSNP0000094,WH0001,PRD0063,2026-07-01,3333,797,318
INVSNP0000095,WH0001,PRD0063,2026-08-01,2803,797,318
INVSNP0000096,WH0001,PRD0063,2026-09-01,3609,797,318
INVSNP0000097,WH0001,PRD0113,2024-10-01,843,321,128
INVSNP0000098,WH0001,PRD0113,2024-11-01,1838,321,128
INVSNP0000099,WH0001,PRD0113,2024-12-01,1513,321,128
INVSNP0000100,WH0001,PRD0113,2025-01-01,1132,321,128
INVSNP0000101,WH0001,PRD0113,2025-02-01,1057,321,128
INVSNP0000102,WH0001,PRD0113,2025-03-01,1381,321,128
INVSNP0000103,WH0001,PRD0113,2025-04-01,1445,321,128
INVSNP0000104,WH0001,PRD0113,2025-05-01,1359,321,128
INVSNP0000105,WH0001,PRD0113,2025-06-01,1530,321,128
INVSNP0000106,WH0001,PRD0113,2025-07-01,1390,321,128
INVSNP0000107,WH0001,PRD0113,2025-08-01,1188,321,128
INVSNP0000108,WH0001,PRD0113,2025-09-01,1620,321,128
INVSNP0000109,WH0001,PRD0113,2025-10-01,1249,321,128
INVSNP0000110,WH0001,PRD0113,2025-11-01,1099,321,128
INVSNP0000111,WH0001,PRD0113,2025-12-01,1384,321,128
INVSNP0000112,WH0001,PRD0113,2026-01-01,1375,321,128
INVSNP0000113,WH0001,PRD0113,2026-02-01,1517,321,128
INVSNP0000114,WH0001,PRD0113,2026-03-01,1278,321,128
INVSNP0000115,WH0001,PRD0113,2026-04-01,1545,321,128
INVSNP0000116,WH0001,PRD0113,2026-05-01,1323,321,128
INVSNP0000117,WH0001,PRD0113,2026-06-01,1276,321,128
INVSNP0000118,WH0001,PRD0113,2026-07-01,1713,321,128
INVSNP0000119,WH0001,PRD0113,2026-08-01,1342,321,128
INVSNP0000120,WH0001,PRD0113,2026-09-01,1000,321,128
INVSNP0000121,WH0001,PRD0036,2024-10-01,4742,959,383
INVSNP0000122,WH0001,PRD0036,2024-11-01,3273,959,383
INVSNP0000123,WH0001,PRD0036,2024-12-01,3138,959,383
INVSNP0000124,WH0001,PRD0036,2025-01-01,3559,959,383
INVSNP0000125,WH0001,PRD0036,2025-02-01,3209,959,383
INVSNP0000126,WH0001,PRD0036,2025-03-01,3199,959,383
INVSNP0000127,WH0001,PRD0036,2025-04-01,2947,959,383
INVSNP0000128,WH0001,PRD0036,2025-05-01,4172,959,383
INVSNP0000129,WH0001,PRD0036,2025-06-01,4245,959,383
INVSNP0000130,WH0001,PRD0036,2025-07-01,4398,959,383
INVSNP0000131,WH0001,PRD0036,2025-08-01,4850,959,383
INVSNP0000132,WH0001,PRD0036,2025-09-01,3727,959,383
INVSNP0000133,WH0001,PRD0036,2025-10-01,3821,959,383
INVSNP0000134,WH0001,PRD0036,2025-11-01,4060,959,383
INVSNP0000135,WH0001,PRD0036,2025-12-01,2950,959,383
INVSNP0000136,WH0001,PRD0036,2026-01-01,4650,959,383
INVSNP0000137,WH0001,PRD0036,2026-02-01,3708,959,383
INVSNP0000138,WH0001,PRD0036,2026-03-01,4095,959,383
INVSNP0000139,WH0001,PRD0036,2026-04-01,3426,959,383
INVSNP0000140,WH0001,PRD0036,2026-05-01,3025,959,383
INVSNP0000141,WH0001,PRD0036,2026-06-01,4171,959,383
INVSNP0000142,WH0001,PRD0036,2026-07-01,4053,959,383
INVSNP0000143,WH0001,PRD0036,2026-08-01,3809,959,383
INVSNP0000144,WH0001,PRD0036,2026-09-01,4156,959,383
INVSNP0000145,WH0001,PRD0121,2024-10-01,4345,945,378
INVSNP0000146,WH0001,PRD0121,2024-11-01,4277,945,378
INVSNP0000147,WH0001,PRD0121,2024-12-01,3978,945,378
INVSNP0000148,WH0001,PRD0121,2025-01-01,4766,945,378
INVSNP0000149,WH0001,PRD0121,2025-02-01,3042,945,378
INVSNP0000150,WH0001,PRD0121,2025-03-01,3663,945,378
INVSNP0000151,WH0001,PRD0121,2025-04-01,3576,945,378
INVSNP0000152,WH0001,PRD0121,2025-05-01,3258,945,378
INVSNP0000153,WH0001,PRD0121,2025-06-01,3737,945,378
INVSNP0000154,WH0001,PRD0121,2025-07-01,3022,945,378
INVSNP0000155,WH0001,PRD0121,2025-08-01,4132,945,378
INVSNP0000156,WH0001,PRD0121,2025-09-01,3567,945,378
INVSNP0000157,WH0001,PRD0121,2025-10-01,3848,945,378
INVSNP0000158,WH0001,PRD0121,2025-11-01,4032,945,378
INVSNP0000159,WH0001,PRD0121,2025-12-01,3795,945,378
INVSNP0000160,WH0001,PRD0121,2026-01-01,3810,945,378
INVSNP0000161,WH0001,PRD0121,2026-02-01,4380,945,378
INVSNP0000162,WH0001,PRD0121,2026-03-01,4255,945,378
INVSNP0000163,WH0001,PRD0121,2026-04-01,3708,945,378
INVSNP0000164,WH0001,PRD0121,2026-05-01,3786,945,378
INVSNP0000165,WH0001,PRD0121,2026-06-01,3672,945,378
INVSNP0000166,WH0001,PRD0121,2026-07-01,3752,945,378
INVSNP0000167,WH0001,PRD0121,2026-08-01,3174,945,378
INVSNP0000168,WH0001,PRD0121,2026-09-01,4624,945,378
INVSNP0000169,WH0001,PRD0072,2024-10-01,4840,1095,438
INVSNP0000170,WH0001,PRD0072,2024-11-01,4045,1095,438
INVSNP0000171,WH0001,PRD0072,2024-12-01,5125,1095,438
INVSNP0000172,WH0001,PRD0072,2025-01-01,5546,1095,438
INVSNP0000173,WH0001,PRD0072,2025-02-01,4437,1095,438
INVSNP0000174,WH0001,PRD0072,2025-03-01,4172,1095,438
INVSNP0000175,WH0001,PRD0072,2025-04-01,4909,1095,438
INVSNP0000176,WH0001,PRD0072,2025-05-01,4843,1095,438
INVSNP0000177,WH0001,PRD0072,2025-06-01,4396,1095,438
INVSNP0000178,WH0001,PRD0072,2025-07-01,4854,1095,438
INVSNP0000179,WH0001,PRD0072,2025-08-01,4785,1095,438
INVSNP0000180,WH0001,PRD0072,2025-09-01,4573,1095,438
INVSNP0000181,WH0001,PRD0072,2025-10-01,5072,1095,438
INVSNP0000182,WH0001,PRD0072,2025-11-01,3452,1095,438
INVSNP0000183,WH0001,PRD0072,2025-12-01,5120,1095,438
INVSNP0000184,WH0001,PRD0072,2026-01-01,3339,1095,438
INVSNP0000185,WH0001,PRD0072,2026-02-01,4258,1095,438
INVSNP0000186,WH0001,PRD0072,2026-03-01,4714,1095,438
INVSNP0000187,WH0001,PRD0072,2026-04-01,4738,1095,438
INVSNP0000188,WH0001,PRD0072,2026-05-01,4051,1095,438
INVSNP0000189,WH0001,PRD0072,2026-06-01,6140,1095,438
INVSNP0000190,WH0001,PRD0072,2026-07-01,5959,1095,438
INVSNP0000191,WH0001,PRD0072,2026-08-01,4158,1095,438
INVSNP0000192,WH0001,PRD0072,2026-09-01,4508,1095,438
INVSNP0000193,WH0001,PRD0042,2024-10-01,1656,349,139
INVSNP0000194,WH0001,PRD0042,2024-11-01,1284,349,139
INVSNP0000195,WH0001,PRD0042,2024-12-01,1276,349,139
INVSNP0000196,WH0001,PRD0042,2025-01-01,1294,349,139
INVSNP0000197,WH0001,PRD0042,2025-02-01,1164,349,139
INVSNP0000198,WH0001,PRD0042,2025-03-01,1173,349,139
INVSNP0000199,WH0001,PRD0042,2025-04-01,1204,349,139
INVSNP0000200,WH0001,PRD0042,2025-05-01,1410,349,139
INVSNP0000201,WH0001,PRD0042,2025-06-01,1423,349,139
INVSNP0000202,WH0001,PRD0042,2025-07-01,1710,349,139
INVSNP0000203,WH0001,PRD0042,2025-08-01,1394,349,139
INVSNP0000204,WH0001,PRD0042,2025-09-01,902,349,139
INVSNP0000205,WH0001,PRD0042,2025-10-01,1372,349,139
INVSNP0000206,WH0001,PRD0042,2025-11-01,1435,349,139
INVSNP0000207,WH0001,PRD0042,2025-12-01,1197,349,139
INVSNP0000208,WH0001,PRD0042,2026-01-01,1363,349,139
INVSNP0000209,WH0001,PRD0042,2026-02-01,1665,349,139
INVSNP0000210,WH0001,PRD0042,2026-03-01,1465,349,139
INVSNP0000211,WH0001,PRD0042,2026-04-01,1217,349,139
INVSNP0000212,WH0001,PRD0042,2026-05-01,1382,349,139
INVSNP0000213,WH0001,PRD0042,2026-06-01,1322,349,139
INVSNP0000214,WH0001,PRD0042,2026-07-01,1552,349,139
INVSNP0000215,WH0001,PRD0042,2026-08-01,1445,349,139
INVSNP0000216,WH0001,PRD0042,2026-09-01,1159,349,139
INVSNP0000217,WH0001,PRD0044,2024-10-01,4868,1185,474
INVSNP0000218,WH0001,PRD0044,2024-11-01,4764,1185,474
INVSNP0000219,WH0001,PRD0044,2024-12-01,5084,1185,474
INVSNP0000220,WH0001,PRD0044,2025-01-01,3947,1185,474
INVSNP0000221,WH0001,PRD0044,2025-02-01,4639,1185,474
INVSNP0000222,WH0001,PRD0044,2025-03-01,5663,1185,474
INVSNP0000223,WH0001,PRD0044,2025-04-01,5052,1185,474
INVSNP0000224,WH0001,PRD0044,2025-05-01,5382,1185,474
INVSNP0000225,WH0001,PRD0044,2025-06-01,5522,1185,474
INVSNP0000226,WH0001,PRD0044,2025-07-01,6010,1185,474
INVSNP0000227,WH0001,PRD0044,2025-08-01,2980,1185,474
INVSNP0000228,WH0001,PRD0044,2025-09-01,5582,1185,474
INVSNP0000229,WH0001,PRD0044,2025-10-01,5136,1185,474
INVSNP0000230,WH0001,PRD0044,2025-11-01,4472,1185,474
INVSNP0000231,WH0001,PRD0044,2025-12-01,6023,1185,474
INVSNP0000232,WH0001,PRD0044,2026-01-01,5131,1185,474
INVSNP0000233,WH0001,PRD0044,2026-02-01,3643,1185,474
INVSNP0000234,WH0001,PRD0044,2026-03-01,5172,1185,474
INVSNP0000235,WH0001,PRD0044,2026-04-01,6375,1185,474
INVSNP0000236,WH0001,PRD0044,2026-05-01,5488,1185,474
INVSNP0000237,WH0001,PRD0044,2026-06-01,3993,1185,474
INVSNP0000238,WH0001,PRD0044,2026-07-01,4871,1185,474
INVSNP0000239,WH0001,PRD0044,2026-08-01,4890,1185,474
INVSNP0000240,WH0001,PRD0044,2026-09-01,3912,1185,474
INVSNP0000241,WH0001,PRD0005,2024-10-01,1739,520,208
INVSNP0000242,WH0001,PRD0005,2024-11-01,2239,520,208
INVSNP0000243,WH0001,PRD0005,2024-12-01,1608,520,208
INVSNP0000244,WH0001,PRD0005,2025-01-01,2497,520,208
INVSNP0000245,WH0001,PRD0005,2025-02-01,1589,520,208
INVSNP0000246,WH0001,PRD0005,2025-03-01,1545,520,208
INVSNP0000247,WH0001,PRD0005,2025-04-01,1962,520,208
INVSNP0000248,WH0001,PRD0005,2025-05-01,1881,520,208
INVSNP0000249,WH0001,PRD0005,2025-06-01,2184,520,208
INVSNP0000250,WH0001,PRD0005,2025-07-01,1432,520,208
INVSNP0000251,WH0001,PRD0005,2025-08-01,1913,520,208
INVSNP0000252,WH0001,PRD0005,2025-09-01,2124,520,208
INVSNP0000253,WH0001,PRD0005,2025-10-01,1651,520,208
INVSNP0000254,WH0001,PRD0005,2025-11-01,2090,520,208
INVSNP0000255,WH0001,PRD0005,2025-12-01,1873,520,208
INVSNP0000256,WH0001,PRD0005,2026-01-01,1993,520,208
INVSNP0000257,WH0001,PRD0005,2026-02-01,1699,520,208
INVSNP0000258,WH0001,PRD0005,2026-03-01,1726,520,208
INVSNP0000259,WH0001,PRD0005,2026-04-01,2204,520,208
INVSNP0000260,WH0001,PRD0005,2026-05-01,1819,520,208
INVSNP0000261,WH0001,PRD0005,2026-06-01,2487,520,208
INVSNP0000262,WH0001,PRD0005,2026-07-01,2344,520,208
INVSNP0000263,WH0001,PRD0005,2026-08-01,1537,520,208
INVSNP0000264,WH0001,PRD0005,2026-09-01,2243,520,208
INVSNP0000265,WH0001,PRD0026,2024-10-01,2265,560,224
INVSNP0000266,WH0001,PRD0026,2024-11-01,2363,560,224
INVSNP0000267,WH0001,PRD0026,2024-12-01,2401,560,224
INVSNP0000268,WH0001,PRD0026,2025-01-01,1923,560,224
INVSNP0000269,WH0001,PRD0026,2025-02-01,1989,560,224
INVSNP0000270,WH0001,PRD0026,2025-03-01,2753,560,224
INVSNP0000271,WH0001,PRD0026,2025-04-01,1488,560,224
INVSNP0000272,WH0001,PRD0026,2025-05-01,2485,560,224
INVSNP0000273,WH0001,PRD0026,2025-06-01,2010,560,224
INVSNP0000274,WH0001,PRD0026,2025-07-01,1762,560,224
INVSNP0000275,WH0001,PRD0026,2025-08-01,2286,560,224
INVSNP0000276,WH0001,PRD0026,2025-09-01,2605,560,224
INVSNP0000277,WH0001,PRD0026,2025-10-01,2598,560,224
INVSNP0000278,WH0001,PRD0026,2025-11-01,1663,560,224
INVSNP0000279,WH0001,PRD0026,2025-12-01,1985,560,224
INVSNP0000280,WH0001,PRD0026,2026-01-01,1896,560,224
INVSNP0000281,WH0001,PRD0026,2026-02-01,2366,560,224
INVSNP0000282,WH0001,PRD0026,2026-03-01,2154,560,224
INVSNP0000283,WH0001,PRD0026,2026-04-01,2498,560,224
INVSNP0000284,WH0001,PRD0026,2026-05-01,2454,560,224
INVSNP0000285,WH0001,PRD0026,2026-06-01,2144,560,224
INVSNP0000286,WH0001,PRD0026,2026-07-01,2175,560,224
INVSNP0000287,WH0001,PRD0026,2026-08-01,2229,560,224
INVSNP0000288,WH0001,PRD0026,2026-09-01,2421,560,224
INVSNP0000289,WH0001,PRD0046,2024-10-01,882,211,84
INVSNP0000290,WH0001,PRD0046,2024-11-01,769,211,84
INVSNP0000291,WH0001,PRD0046,2024-12-01,942,211,84
INVSNP0000292,WH0001,PRD0046,2025-01-01,666,211,84
INVSNP0000293,WH0001,PRD0046,2025-02-01,900,211,84
INVSNP0000294,WH0001,PRD0046,2025-03-01,967,211,84
INVSNP0000295,WH0001,PRD0046,2025-04-01,801,211,84
INVSNP0000296,WH0001,PRD0046,2025-05-01,777,211,84
INVSNP0000297,WH0001,PRD0046,2025-06-01,864,211,84
INVSNP0000298,WH0001,PRD0046,2025-07-01,1003,211,84
INVSNP0000299,WH0001,PRD0046,2025-08-01,856,211,84
INVSNP0000300,WH0001,PRD0046,2025-09-01,783,211,84
INVSNP0000301,WH0001,PRD0046,2025-10-01,927,211,84
INVSNP0000302,WH0001,PRD0046,2025-11-01,1001,211,84
INVSNP0000303,WH0001,PRD0046,2025-12-01,850,211,84
INVSNP0000304,WH0001,PRD0046,2026-01-01,888,211,84
INVSNP0000305,WH0001,PRD0046,2026-02-01,616,211,84
INVSNP0000306,WH0001,PRD0046,2026-03-01,843,211,84
INVSNP0000307,WH0001,PRD0046,2026-04-01,874,211,84
INVSNP0000308,WH0001,PRD0046,2026-05-01,849,211,84
INVSNP0000309,WH0001,PRD0046,2026-06-01,576,211,84
INVSNP0000310,WH0001,PRD0046,2026-07-01,718,211,84
INVSNP0000311,WH0001,PRD0046,2026-08-01,693,211,84
INVSNP0000312,WH0001,PRD0046,2026-09-01,968,211,84
INVSNP0000313,WH0001,PRD0076,2024-10-01,3187,767,306
INVSNP0000314,WH0001,PRD0076,2024-11-01,3130,767,306
INVSNP0000315,WH0001,PRD0076,2024-12-01,2107,767,306
INVSNP0000316,WH0001,PRD0076,2025-01-01,2549,767,306
INVSNP0000317,WH0001,PRD0076,2025-02-01,3272,767,306
INVSNP0000318,WH0001,PRD0076,2025-03-01,3218,767,306
INVSNP0000319,WH0001,PRD0076,2025-04-01,3260,767,306
INVSNP0000320,WH0001,PRD0076,2025-05-01,3531,767,306
INVSNP0000321,WH0001,PRD0076,2025-06-01,3713,767,306
INVSNP0000322,WH0001,PRD0076,2025-07-01,3030,767,306
INVSNP0000323,WH0001,PRD0076,2025-08-01,4057,767,306
INVSNP0000324,WH0001,PRD0076,2025-09-01,3311,767,306
INVSNP0000325,WH0001,PRD0076,2025-10-01,2720,767,306
INVSNP0000326,WH0001,PRD0076,2025-11-01,3354,767,306
INVSNP0000327,WH0001,PRD0076,2025-12-01,2978,767,306
INVSNP0000328,WH0001,PRD0076,2026-01-01,3099,767,306
INVSNP0000329,WH0001,PRD0076,2026-02-01,2638,767,306
INVSNP0000330,WH0001,PRD0076,2026-03-01,2832,767,306
INVSNP0000331,WH0001,PRD0076,2026-04-01,3001,767,306
INVSNP0000332,WH0001,PRD0076,2026-05-01,4397,767,306
INVSNP0000333,WH0001,PRD0076,2026-06-01,3103,767,306
INVSNP0000334,WH0001,PRD0076,2026-07-01,2644,767,306
INVSNP0000335,WH0001,PRD0076,2026-08-01,3038,767,306
INVSNP0000336,WH0001,PRD0076,2026-09-01,2959,767,306
INVSNP0000337,WH0001,PRD0032,2024-10-01,2234,690,276
INVSNP0000338,WH0001,PRD0032,2024-11-01,2992,690,276
INVSNP0000339,WH0001,PRD0032,2024-12-01,2598,690,276
INVSNP0000340,WH0001,PRD0032,2025-01-01,3021,690,276
INVSNP0000341,WH0001,PRD0032,2025-02-01,3091,690,276
INVSNP0000342,WH0001,PRD0032,2025-03-01,2692,690,276
INVSNP0000343,WH0001,PRD0032,2025-04-01,2383,690,276
INVSNP0000344,WH0001,PRD0032,2025-05-01,2969,690,276
INVSNP0000345,WH0001,PRD0032,2025-06-01,2847,690,276
INVSNP0000346,WH0001,PRD0032,2025-07-01,2671,690,276
INVSNP0000347,WH0001,PRD0032,2025-08-01,2044,690,276
INVSNP0000348,WH0001,PRD0032,2025-09-01,2244,690,276
INVSNP0000349,WH0001,PRD0032,2025-10-01,3079,690,276
INVSNP0000350,WH0001,PRD0032,2025-11-01,3462,690,276
INVSNP0000351,WH0001,PRD0032,2025-12-01,2587,690,276
INVSNP0000352,WH0001,PRD0032,2026-01-01,3155,690,276
INVSNP0000353,WH0001,PRD0032,2026-02-01,2148,690,276
INVSNP0000354,WH0001,PRD0032,2026-03-01,3171,690,276
INVSNP0000355,WH0001,PRD0032,2026-04-01,3049,690,276
INVSNP0000356,WH0001,PRD0032,2026-05-01,2814,690,276
INVSNP0000357,WH0001,PRD0032,2026-06-01,3044,690,276
INVSNP0000358,WH0001,PRD0032,2026-07-01,2610,690,276
INVSNP0000359,WH0001,PRD0032,2026-08-01,3172,690,276
INVSNP0000360,WH0001,PRD0032,2026-09-01,3227,690,276
INVSNP0000361,WH0001,PRD0101,2024-10-01,1363,345,138
INVSNP0000362,WH0001,PRD0101,2024-11-01,1556,345,138
INVSNP0000363,WH0001,PRD0101,2024-12-01,1332,345,138
INVSNP0000364,WH0001,PRD0101,2025-01-01,1614,345,138
INVSNP0000365,WH0001,PRD0101,2025-02-01,1067,345,138
INVSNP0000366,WH0001,PRD0101,2025-03-01,1619,345,138
INVSNP0000367,WH0001,PRD0101,2025-04-01,1384,345,138
INVSNP0000368,WH0001,PRD0101,2025-05-01,1362,345,138
INVSNP0000369,WH0001,PRD0101,2025-06-01,1678,345,138
INVSNP0000370,WH0001,PRD0101,2025-07-01,1808,345,138
INVSNP0000371,WH0001,PRD0101,2025-08-01,1339,345,138
INVSNP0000372,WH0001,PRD0101,2025-09-01,1188,345,138
INVSNP0000373,WH0001,PRD0101,2025-10-01,1631,345,138
INVSNP0000374,WH0001,PRD0101,2025-11-01,1362,345,138
INVSNP0000375,WH0001,PRD0101,2025-12-01,1434,345,138
INVSNP0000376,WH0001,PRD0101,2026-01-01,1618,345,138
INVSNP0000377,WH0001,PRD0101,2026-02-01,1557,345,138
INVSNP0000378,WH0001,PRD0101,2026-03-01,1194,345,138
INVSNP0000379,WH0001,PRD0101,2026-04-01,1779,345,138
INVSNP0000380,WH0001,PRD0101,2026-05-01,869,345,138
INVSNP0000381,WH0001,PRD0101,2026-06-01,1758,345,138
INVSNP0000382,WH0001,PRD0101,2026-07-01,1554,345,138
INVSNP0000383,WH0001,PRD0101,2026-08-01,1283,345,138
INVSNP0000384,WH0001,PRD0101,2026-09-01,1131,345,138
INVSNP0000385,WH0001,PRD0148,2024-10-01,1044,230,92
INVSNP0000386,WH0001,PRD0148,2024-11-01,899,230,92
INVSNP0000387,WH0001,PRD0148,2024-12-01,1052,230,92
INVSNP0000388,WH0001,PRD0148,2025-01-01,1162,230,92
INVSNP0000389,WH0001,PRD0148,2025-02-01,964,230,92
INVSNP0000390,WH0001,PRD0148,2025-03-01,812,230,92
INVSNP0000391,WH0001,PRD0148,2025-04-01,954,230,92
INVSNP0000392,WH0001,PRD0148,2025-05-01,1003,230,92
INVSNP0000393,WH0001,PRD0148,2025-06-01,713,230,92
INVSNP0000394,WH0001,PRD0148,2025-07-01,973,230,92
INVSNP0000395,WH0001,PRD0148,2025-08-01,1019,230,92
INVSNP0000396,WH0001,PRD0148,2025-09-01,1040,230,92
INVSNP0000397,WH0001,PRD0148,2025-10-01,958,230,92
INVSNP0000398,WH0001,PRD0148,2025-11-01,852,230,92
INVSNP0000399,WH0001,PRD0148,2025-12-01,982,230,92
INVSNP0000400,WH0001,PRD0148,2026-01-01,835,230,92
INVSNP0000401,WH0001,PRD0148,2026-02-01,998,230,92
INVSNP0000402,WH0001,PRD0148,2026-03-01,960,230,92
INVSNP0000403,WH0001,PRD0148,2026-04-01,876,230,92
INVSNP0000404,WH0001,PRD0148,2026-05-01,1108,230,92
INVSNP0000405,WH0001,PRD0148,2026-06-01,1061,230,92
INVSNP0000406,WH0001,PRD0148,2026-07-01,946,230,92
INVSNP0000407,WH0001,PRD0148,2026-08-01,645,230,92
INVSNP0000408,WH0001,PRD0148,2026-09-01,845,230,92
INVSNP0000409,WH0001,PRD0020,2024-10-01,249,63,25
INVSNP0000410,WH0001,PRD0020,2024-11-01,287,63,25
INVSNP0000411,WH0001,PRD0020,2024-12-01,258,63,25
INVSNP0000412,WH0001,PRD0020,2025-01-01,206,63,25
INVSNP0000413,WH0001,PRD0020,2025-02-01,253,63,25
INVSNP0000414,WH0001,PRD0020,2025-03-01,272,63,25
INVSNP0000415,WH0001,PRD0020,2025-04-01,262,63,25
INVSNP0000416,WH0001,PRD0020,2025-05-01,228,63,25
INVSNP0000417,WH0001,PRD0020,2025-06-01,221,63,25
INVSNP0000418,WH0001,PRD0020,2025-07-01,273,63,25
INVSNP0000419,WH0001,PRD0020,2025-08-01,285,63,25
INVSNP0000420,WH0001,PRD0020,2025-09-01,236,63,25
INVSNP0000421,WH0001,PRD0020,2025-10-01,267,63,25
INVSNP0000422,WH0001,PRD0020,2025-11-01,260,63,25
INVSNP0000423,WH0001,PRD0020,2025-12-01,306,63,25
INVSNP0000424,WH0001,PRD0020,2026-01-01,237,63,25
INVSNP0000425,WH0001,PRD0020,2026-02-01,271,63,25
INVSNP0000426,WH0001,PRD0020,2026-03-01,192,63,25
INVSNP0000427,WH0001,PRD0020,2026-04-01,195,63,25
INVSNP0000428,WH0001,PRD0020,2026-05-01,230,63,25
INVSNP0000429,WH0001,PRD0020,2026-06-01,247,63,25
INVSNP0000430,WH0001,PRD0020,2026-07-01,282,63,25
INVSNP0000431,WH0001,PRD0020,2026-08-01,251,63,25
INVSNP0000432,WH0001,PRD0020,2026-09-01,247,63,25
INVSNP0000433,WH0001,PRD0003,2024-10-01,390,107,43
INVSNP0000434,WH0001,PRD0003,2024-11-01,403,107,43
INVSNP0000435,WH0001,PRD0003,2024-12-01,400,107,43
INVSNP0000436,WH0001,PRD0003,2025-01-01,492,107,43
INVSNP0000437,WH0001,PRD0003,2025-02-01,438,107,43
INVSNP0000438,WH0001,PRD0003,2025-03-01,450,107,43
INVSNP0000439,WH0001,PRD0003,2025-04-01,479,107,43
INVSNP0000440,WH0001,PRD0003,2025-05-01,385,107,43
INVSNP0000441,WH0001,PRD0003,2025-06-01,442,107,43
INVSNP0000442,WH0001,PRD0003,2025-07-01,448,107,43
INVSNP0000443,WH0001,PRD0003,2025-08-01,405,107,43
INVSNP0000444,WH0001,PRD0003,2025-09-01,386,107,43
INVSNP0000445,WH0001,PRD0003,2025-10-01,426,107,43
INVSNP0000446,WH0001,PRD0003,2025-11-01,376,107,43
INVSNP0000447,WH0001,PRD0003,2025-12-01,511,107,43
INVSNP0000448,WH0001,PRD0003,2026-01-01,402,107,43
INVSNP0000449,WH0001,PRD0003,2026-02-01,413,107,43
INVSNP0000450,WH0001,PRD0003,2026-03-01,438,107,43
INVSNP0000451,WH0001,PRD0003,2026-04-01,367,107,43
INVSNP0000452,WH0001,PRD0003,2026-05-01,567,107,43
INVSNP0000453,WH0001,PRD0003,2026-06-01,371,107,43
INVSNP0000454,WH0001,PRD0003,2026-07-01,390,107,43
INVSNP0000455,WH0001,PRD0003,2026-08-01,509,107,43
INVSNP0000456,WH0001,PRD0003,2026-09-01,439,107,43
INVSNP0000457,WH0001,PRD0070,2024-10-01,783,230,92
INVSNP0000458,WH0001,PRD0070,2024-11-01,916,230,92
INVSNP0000459,WH0001,PRD0070,2024-12-01,797,230,92
INVSNP0000460,WH0001,PRD0070,2025-01-01,754,230,92
INVSNP0000461,WH0001,PRD0070,2025-02-01,888,230,92
INVSNP0000462,WH0001,PRD0070,2025-03-01,1030,230,92
INVSNP0000463,WH0001,PRD0070,2025-04-01,648,230,92
INVSNP0000464,WH0001,PRD0070,2025-05-01,941,230,92
INVSNP0000465,WH0001,PRD0070,2025-06-01,980,230,92
INVSNP0000466,WH0001,PRD0070,2025-07-01,896,230,92
INVSNP0000467,WH0001,PRD0070,2025-08-01,844,230,92
INVSNP0000468,WH0001,PRD0070,2025-09-01,816,230,92
INVSNP0000469,WH0001,PRD0070,2025-10-01,969,230,92
INVSNP0000470,WH0001,PRD0070,2025-11-01,913,230,92
INVSNP0000471,WH0001,PRD0070,2025-12-01,854,230,92
INVSNP0000472,WH0001,PRD0070,2026-01-01,1186,230,92
INVSNP0000473,WH0001,PRD0070,2026-02-01,617,230,92
INVSNP0000474,WH0001,PRD0070,2026-03-01,905,230,92
INVSNP0000475,WH0001,PRD0070,2026-04-01,857,230,92
INVSNP0000476,WH0001,PRD0070,2026-05-01,940,230,92
INVSNP0000477,WH0001,PRD0070,2026-06-01,958,230,92
INVSNP0000478,WH0001,PRD0070,2026-07-01,746,230,92
INVSNP0000479,WH0001,PRD0070,2026-08-01,729,230,92
INVSNP0000480,WH0001,PRD0070,2026-09-01,957,230,92
INVSNP0000481,WH0001,PRD0040,2024-10-01,498,104,41
INVSNP0000482,WH0001,PRD0040,2024-11-01,460,104,41
INVSNP0000483,WH0001,PRD0040,2024-12-01,503,104,41
INVSNP0000484,WH0001,PRD0040,2025-01-01,554,104,41
INVSNP0000485,WH0001,PRD0040,2025-02-01,339,104,41
INVSNP0000486,WH0001,PRD0040,2025-03-01,481,104,41
INVSNP0000487,WH0001,PRD0040,2025-04-01,318,104,41
INVSNP0000488,WH0001,PRD0040,2025-05-01,367,104,41
INVSNP0000489,WH0001,PRD0040,2025-06-01,464,104,41
INVSNP0000490,WH0001,PRD0040,2025-07-01,430,104,41
INVSNP0000491,WH0001,PRD0040,2025-08-01,368,104,41
INVSNP0000492,WH0001,PRD0040,2025-09-01,387,104,41
INVSNP0000493,WH0001,PRD0040,2025-10-01,461,104,41
INVSNP0000494,WH0001,PRD0040,2025-11-01,368,104,41
INVSNP0000495,WH0001,PRD0040,2025-12-01,372,104,41
INVSNP0000496,WH0001,PRD0040,2026-01-01,406,104,41
INVSNP0000497,WH0001,PRD0040,2026-02-01,609,104,41
INVSNP0000498,WH0001,PRD0040,2026-03-01,397,104,41
INVSNP0000499,WH0001,PRD0040,2026-04-01,450,104,41
INVSNP0000500,WH0001,PRD0040,2026-05-01,377,104,41
INVSNP0000501,WH0001,PRD0040,2026-06-01,420,104,41
INVSNP0000502,WH0001,PRD0040,2026-07-01,485,104,41
INVSNP0000503,WH0001,PRD0040,2026-08-01,385,104,41
INVSNP0000504,WH0001,PRD0040,2026-09-01,477,104,41
INVSNP0000505,WH0001,PRD0146,2024-10-01,1660,338,135
INVSNP0000506,WH0001,PRD0146,2024-11-01,1341,338,135
INVSNP0000507,WH0001,PRD0146,2024-12-01,1014,338,135
INVSNP0000508,WH0001,PRD0146,2025-01-01,1286,338,135
INVSNP0000509,WH0001,PRD0146,2025-02-01,1398,338,135
INVSNP0000510,WH0001,PRD0146,2025-03-01,1250,338,135
INVSNP0000511,WH0001,PRD0146,2025-04-01,1168,338,135
INVSNP0000512,WH0001,PRD0146,2025-05-01,1380,338,135
INVSNP0000513,WH0001,PRD0146,2025-06-01,1156,338,135
INVSNP0000514,WH0001,PRD0146,2025-07-01,1502,338,135
INVSNP0000515,WH0001,PRD0146,2025-08-01,1135,338,135
INVSNP0000516,WH0001,PRD0146,2025-09-01,1364,338,135
INVSNP0000517,WH0001,PRD0146,2025-10-01,1156,338,135
INVSNP0000518,WH0001,PRD0146,2025-11-01,1490,338,135
INVSNP0000519,WH0001,PRD0146,2025-12-01,1348,338,135
INVSNP0000520,WH0001,PRD0146,2026-01-01,1110,338,135
INVSNP0000521,WH0001,PRD0146,2026-02-01,1528,338,135
INVSNP0000522,WH0001,PRD0146,2026-03-01,1193,338,135
INVSNP0000523,WH0001,PRD0146,2026-04-01,1318,338,135
INVSNP0000524,WH0001,PRD0146,2026-05-01,1043,338,135
INVSNP0000525,WH0001,PRD0146,2026-06-01,1378,338,135
INVSNP0000526,WH0001,PRD0146,2026-07-01,1392,338,135
INVSNP0000527,WH0001,PRD0146,2026-08-01,1330,338,135
INVSNP0000528,WH0001,PRD0146,2026-09-01,1360,338,135
INVSNP0000529,WH0001,PRD0092,2024-10-01,4124,1167,467
INVSNP0000530,WH0001,PRD0092,2024-11-01,4864,1167,467
INVSNP0000531,WH0001,PRD0092,2024-12-01,4116,1167,467
INVSNP0000532,WH0001,PRD0092,2025-01-01,4702,1167,467
INVSNP0000533,WH0001,PRD0092,2025-02-01,4497,1167,467
INVSNP0000534,WH0001,PRD0092,2025-03-01,4492,1167,467
INVSNP0000535,WH0001,PRD0092,2025-04-01,4022,1167,467
INVSNP0000536,WH0001,PRD0092,2025-05-01,4950,1167,467
INVSNP0000537,WH0001,PRD0092,2025-06-01,5203,1167,467
INVSNP0000538,WH0001,PRD0092,2025-07-01,4684,1167,467
INVSNP0000539,WH0001,PRD0092,2025-08-01,5146,1167,467
INVSNP0000540,WH0001,PRD0092,2025-09-01,4846,1167,467
INVSNP0000541,WH0001,PRD0092,2025-10-01,4886,1167,467
INVSNP0000542,WH0001,PRD0092,2025-11-01,5141,1167,467
INVSNP0000543,WH0001,PRD0092,2025-12-01,5305,1167,467
INVSNP0000544,WH0001,PRD0092,2026-01-01,4605,1167,467
INVSNP0000545,WH0001,PRD0092,2026-02-01,4757,1167,467
INVSNP0000546,WH0001,PRD0092,2026-03-01,5162,1167,467
INVSNP0000547,WH0001,PRD0092,2026-04-01,5793,1167,467
INVSNP0000548,WH0001,PRD0092,2026-05-01,5470,1167,467
INVSNP0000549,WH0001,PRD0092,2026-06-01,4960,1167,467
INVSNP0000550,WH0001,PRD0092,2026-07-01,5076,1167,467
INVSNP0000551,WH0001,PRD0092,2026-08-01,4946,1167,467
INVSNP0000552,WH0001,PRD0092,2026-09-01,5007,1167,467
INVSNP0000553,WH0001,PRD0023,2024-10-01,264,51,20
INVSNP0000554,WH0001,PRD0023,2024-11-01,244,51,20
INVSNP0000555,WH0001,PRD0023,2024-12-01,192,51,20
INVSNP0000556,WH0001,PRD0023,2025-01-01,230,51,20
INVSNP0000557,WH0001,PRD0023,2025-02-01,197,51,20
INVSNP0000558,WH0001,PRD0023,2025-03-01,223,51,20
INVSNP0000559,WH0001,PRD0023,2025-04-01,149,51,20
INVSNP0000560,WH0001,PRD0023,2025-05-01,219,51,20
INVSNP0000561,WH0001,PRD0023,2025-06-01,214,51,20
INVSNP0000562,WH0001,PRD0023,2025-07-01,165,51,20
INVSNP0000563,WH0001,PRD0023,2025-08-01,231,51,20
INVSNP0000564,WH0001,PRD0023,2025-09-01,201,51,20
INVSNP0000565,WH0001,PRD0023,2025-10-01,155,51,20
INVSNP0000566,WH0001,PRD0023,2025-11-01,205,51,20
INVSNP0000567,WH0001,PRD0023,2025-12-01,211,51,20
INVSNP0000568,WH0001,PRD0023,2026-01-01,157,51,20
INVSNP0000569,WH0001,PRD0023,2026-02-01,186,51,20
INVSNP0000570,WH0001,PRD0023,2026-03-01,175,51,20
INVSNP0000571,WH0001,PRD0023,2026-04-01,177,51,20
INVSNP0000572,WH0001,PRD0023,2026-05-01,158,51,20
INVSNP0000573,WH0001,PRD0023,2026-06-01,164,51,20
INVSNP0000574,WH0001,PRD0023,2026-07-01,235,51,20
INVSNP0000575,WH0001,PRD0023,2026-08-01,245,51,20
INVSNP0000576,WH0001,PRD0023,2026-09-01,152,51,20
INVSNP0000577,WH0001,PRD0028,2024-10-01,1387,326,130
INVSNP0000578,WH0001,PRD0028,2024-11-01,1056,326,130
INVSNP0000579,WH0001,PRD0028,2024-12-01,1543,326,130
INVSNP0000580,WH0001,PRD0028,2025-01-01,1033,326,130
INVSNP0000581,WH0001,PRD0028,2025-02-01,1251,326,130
INVSNP0000582,WH0001,PRD0028,2025-03-01,1549,326,130
INVSNP0000583,WH0001,PRD0028,2025-04-01,1724,326,130
INVSNP0000584,WH0001,PRD0028,2025-05-01,902,326,130
INVSNP0000585,WH0001,PRD0028,2025-06-01,901,326,130
INVSNP0000586,WH0001,PRD0028,2025-07-01,1494,326,130
INVSNP0000587,WH0001,PRD0028,2025-08-01,1496,326,130
INVSNP0000588,WH0001,PRD0028,2025-09-01,1339,326,130
INVSNP0000589,WH0001,PRD0028,2025-10-01,1014,326,130
INVSNP0000590,WH0001,PRD0028,2025-11-01,1280,326,130
INVSNP0000591,WH0001,PRD0028,2025-12-01,1349,326,130
INVSNP0000592,WH0001,PRD0028,2026-01-01,1535,326,130
INVSNP0000593,WH0001,PRD0028,2026-02-01,703,326,130
INVSNP0000594,WH0001,PRD0028,2026-03-01,1247,326,130
INVSNP0000595,WH0001,PRD0028,2026-04-01,1476,326,130
INVSNP0000596,WH0001,PRD0028,2026-05-01,1074,326,130
INVSNP0000597,WH0001,PRD0028,2026-06-01,1282,326,130
INVSNP0000598,WH0001,PRD0028,2026-07-01,932,326,130
INVSNP0000599,WH0001,PRD0028,2026-08-01,1179,326,130
INVSNP0000600,WH0001,PRD0028,2026-09-01,1195,326,130
INVSNP0000601,WH0001,PRD0128,2024-10-01,1782,422,169
INVSNP0000602,WH0001,PRD0128,2024-11-01,1700,422,169
INVSNP0000603,WH0001,PRD0128,2024-12-01,1933,422,169
INVSNP0000604,WH0001,PRD0128,2025-01-01,1323,422,169
INVSNP0000605,WH0001,PRD0128,2025-02-01,1851,422,169
INVSNP0000606,WH0001,PRD0128,2025-03-01,1666,422,169
INVSNP0000607,WH0001,PRD0128,2025-04-01,1616,422,169
INVSNP0000608,WH0001,PRD0128,2025-05-01,1450,422,169
INVSNP0000609,WH0001,PRD0128,2025-06-01,1645,422,169
INVSNP0000610,WH0001,PRD0128,2025-07-01,1738,422,169
INVSNP0000611,WH0001,PRD0128,2025-08-01,1352,422,169
INVSNP0000612,WH0001,PRD0128,2025-09-01,1817,422,169
INVSNP0000613,WH0001,PRD0128,2025-10-01,1760,422,169
INVSNP0000614,WH0001,PRD0128,2025-11-01,1432,422,169
INVSNP0000615,WH0001,PRD0128,2025-12-01,1601,422,169
INVSNP0000616,WH0001,PRD0128,2026-01-01,1344,422,169
INVSNP0000617,WH0001,PRD0128,2026-02-01,1454,422,169
INVSNP0000618,WH0001,PRD0128,2026-03-01,1705,422,169
INVSNP0000619,WH0001,PRD0128,2026-04-01,2050,422,169
INVSNP0000620,WH0001,PRD0128,2026-05-01,2211,422,169
INVSNP0000621,WH0001,PRD0128,2026-06-01,1576,422,169
INVSNP0000622,WH0001,PRD0128,2026-07-01,2101,422,169
INVSNP0000623,WH0001,PRD0128,2026-08-01,1174,422,169
INVSNP0000624,WH0001,PRD0128,2026-09-01,1719,422,169
INVSNP0000625,WH0001,PRD0140,2024-10-01,1994,478,191
INVSNP0000626,WH0001,PRD0140,2024-11-01,2562,478,191
INVSNP0000627,WH0001,PRD0140,2024-12-01,2435,478,191
INVSNP0000628,WH0001,PRD0140,2025-01-01,1433,478,191
INVSNP0000629,WH0001,PRD0140,2025-02-01,1372,478,191
INVSNP0000630,WH0001,PRD0140,2025-03-01,1348,478,191
INVSNP0000631,WH0001,PRD0140,2025-04-01,1786,478,191
INVSNP0000632,WH0001,PRD0140,2025-05-01,1823,478,191
INVSNP0000633,WH0001,PRD0140,2025-06-01,1915,478,191
INVSNP0000634,WH0001,PRD0140,2025-07-01,1443,478,191
INVSNP0000635,WH0001,PRD0140,2025-08-01,2184,478,191
INVSNP0000636,WH0001,PRD0140,2025-09-01,1451,478,191
INVSNP0000637,WH0001,PRD0140,2025-10-01,2037,478,191
INVSNP0000638,WH0001,PRD0140,2025-11-01,2148,478,191
INVSNP0000639,WH0001,PRD0140,2025-12-01,2227,478,191
INVSNP0000640,WH0001,PRD0140,2026-01-01,2165,478,191
INVSNP0000641,WH0001,PRD0140,2026-02-01,2458,478,191
INVSNP0000642,WH0001,PRD0140,2026-03-01,1749,478,191
INVSNP0000643,WH0001,PRD0140,2026-04-01,1455,478,191
INVSNP0000644,WH0001,PRD0140,2026-05-01,1864,478,191
INVSNP0000645,WH0001,PRD0140,2026-06-01,1981,478,191
INVSNP0000646,WH0001,PRD0140,2026-07-01,2614,478,191
INVSNP0000647,WH0001,PRD0140,2026-08-01,2129,478,191
INVSNP0000648,WH0001,PRD0140,2026-09-01,2006,478,191
INVSNP0000649,WH0001,PRD0115,2024-10-01,4512,1114,445
INVSNP0000650,WH0001,PRD0115,2024-11-01,2812,1114,445
INVSNP0000651,WH0001,PRD0115,2024-12-01,4946,1114,445
INVSNP0000652,WH0001,PRD0115,2025-01-01,5810,1114,445
INVSNP0000653,WH0001,PRD0115,2025-02-01,4388,1114,445
INVSNP0000654,WH0001,PRD0115,2025-03-01,4705,1114,445
INVSNP0000655,WH0001,PRD0115,2025-04-01,4114,1114,445
INVSNP0000656,WH0001,PRD0115,2025-05-01,5177,1114,445
INVSNP0000657,WH0001,PRD0115,2025-06-01,3403,1114,445
INVSNP0000658,WH0001,PRD0115,2025-07-01,2745,1114,445
INVSNP0000659,WH0001,PRD0115,2025-08-01,4734,1114,445
INVSNP0000660,WH0001,PRD0115,2025-09-01,4524,1114,445
INVSNP0000661,WH0001,PRD0115,2025-10-01,4278,1114,445
INVSNP0000662,WH0001,PRD0115,2025-11-01,4229,1114,445
INVSNP0000663,WH0001,PRD0115,2025-12-01,4660,1114,445
INVSNP0000664,WH0001,PRD0115,2026-01-01,5294,1114,445
INVSNP0000665,WH0001,PRD0115,2026-02-01,4541,1114,445
INVSNP0000666,WH0001,PRD0115,2026-03-01,5824,1114,445
INVSNP0000667,WH0001,PRD0115,2026-04-01,4347,1114,445
INVSNP0000668,WH0001,PRD0115,2026-05-01,5673,1114,445
INVSNP0000669,WH0001,PRD0115,2026-06-01,4722,1114,445
INVSNP0000670,WH0001,PRD0115,2026-07-01,4954,1114,445
INVSNP0000671,WH0001,PRD0115,2026-08-01,3989,1114,445
INVSNP0000672,WH0001,PRD0115,2026-09-01,4447,1114,445
INVSNP0000673,WH0001,PRD0087,2024-10-01,4227,815,326
INVSNP0000674,WH0001,PRD0087,2024-11-01,3421,815,326
INVSNP0000675,WH0001,PRD0087,2024-12-01,3559,815,326
INVSNP0000676,WH0001,PRD0087,2025-01-01,3757,815,326
INVSNP0000677,WH0001,PRD0087,2025-02-01,3169,815,326
INVSNP0000678,WH0001,PRD0087,2025-03-01,3190,815,326
INVSNP0000679,WH0001,PRD0087,2025-04-01,3101,815,326
INVSNP0000680,WH0001,PRD0087,2025-05-01,3931,815,326
INVSNP0000681,WH0001,PRD0087,2025-06-01,3142,815,326
INVSNP0000682,WH0001,PRD0087,2025-07-01,3248,815,326
INVSNP0000683,WH0001,PRD0087,2025-08-01,3489,815,326
INVSNP0000684,WH0001,PRD0087,2025-09-01,4154,815,326
INVSNP0000685,WH0001,PRD0087,2025-10-01,3753,815,326
INVSNP0000686,WH0001,PRD0087,2025-11-01,3100,815,326
INVSNP0000687,WH0001,PRD0087,2025-12-01,4959,815,326
INVSNP0000688,WH0001,PRD0087,2026-01-01,3228,815,326
INVSNP0000689,WH0001,PRD0087,2026-02-01,3485,815,326
INVSNP0000690,WH0001,PRD0087,2026-03-01,3203,815,326
INVSNP0000691,WH0001,PRD0087,2026-04-01,2441,815,326
INVSNP0000692,WH0001,PRD0087,2026-05-01,4256,815,326
INVSNP0000693,WH0001,PRD0087,2026-06-01,3787,815,326
INVSNP0000694,WH0001,PRD0087,2026-07-01,3579,815,326
INVSNP0000695,WH0001,PRD0087,2026-08-01,4418,815,326
INVSNP0000696,WH0001,PRD0087,2026-09-01,3349,815,326
INVSNP0000697,WH0001,PRD0069,2024-10-01,3635,892,356
INVSNP0000698,WH0001,PRD0069,2024-11-01,3577,892,356
INVSNP0000699,WH0001,PRD0069,2024-12-01,2647,892,356
INVSNP0000700,WH0001,PRD0069,2025-01-01,3433,892,356
INVSNP0000701,WH0001,PRD0069,2025-02-01,4152,892,356
INVSNP0000702,WH0001,PRD0069,2025-03-01,4112,892,356
INVSNP0000703,WH0001,PRD0069,2025-04-01,3058,892,356
INVSNP0000704,WH0001,PRD0069,2025-05-01,3862,892,356
INVSNP0000705,WH0001,PRD0069,2025-06-01,3250,892,356
INVSNP0000706,WH0001,PRD0069,2025-07-01,4344,892,356
INVSNP0000707,WH0001,PRD0069,2025-08-01,3400,892,356
INVSNP0000708,WH0001,PRD0069,2025-09-01,3661,892,356
INVSNP0000709,WH0001,PRD0069,2025-10-01,3648,892,356
INVSNP0000710,WH0001,PRD0069,2025-11-01,3453,892,356
INVSNP0000711,WH0001,PRD0069,2025-12-01,3564,892,356
INVSNP0000712,WH0001,PRD0069,2026-01-01,3808,892,356
INVSNP0000713,WH0001,PRD0069,2026-02-01,3884,892,356
INVSNP0000714,WH0001,PRD0069,2026-03-01,3129,892,356
INVSNP0000715,WH0001,PRD0069,2026-04-01,4071,892,356
INVSNP0000716,WH0001,PRD0069,2026-05-01,4603,892,356
INVSNP0000717,WH0001,PRD0069,2026-06-01,3416,892,356
INVSNP0000718,WH0001,PRD0069,2026-07-01,2367,892,356
INVSNP0000719,WH0001,PRD0069,2026-08-01,3454,892,356
INVSNP0000720,WH0001,PRD0069,2026-09-01,3921,892,356
INVSNP0000721,WH0001,PRD0126,2024-10-01,3336,793,317
INVSNP0000722,WH0001,PRD0126,2024-11-01,3810,793,317
INVSNP0000723,WH0001,PRD0126,2024-12-01,3790,793,317
INVSNP0000724,WH0001,PRD0126,2025-01-01,2720,793,317
INVSNP0000725,WH0001,PRD0126,2025-02-01,2551,793,317
INVSNP0000726,WH0001,PRD0126,2025-03-01,3202,793,317
INVSNP0000727,WH0001,PRD0126,2025-04-01,3142,793,317
INVSNP0000728,WH0001,PRD0126,2025-05-01,2820,793,317
INVSNP0000729,WH0001,PRD0126,2025-06-01,2252,793,317
INVSNP0000730,WH0001,PRD0126,2025-07-01,3652,793,317
INVSNP0000731,WH0001,PRD0126,2025-08-01,2677,793,317
INVSNP0000732,WH0001,PRD0126,2025-09-01,2545,793,317
INVSNP0000733,WH0001,PRD0126,2025-10-01,3865,793,317
INVSNP0000734,WH0001,PRD0126,2025-11-01,2868,793,317
INVSNP0000735,WH0001,PRD0126,2025-12-01,2881,793,317
INVSNP0000736,WH0001,PRD0126,2026-01-01,2538,793,317
INVSNP0000737,WH0001,PRD0126,2026-02-01,3487,793,317
INVSNP0000738,WH0001,PRD0126,2026-03-01,3193,793,317
INVSNP0000739,WH0001,PRD0126,2026-04-01,3826,793,317
INVSNP0000740,WH0001,PRD0126,2026-05-01,3322,793,317
INVSNP0000741,WH0001,PRD0126,2026-06-01,2864,793,317
INVSNP0000742,WH0001,PRD0126,2026-07-01,2519,793,317
INVSNP0000743,WH0001,PRD0126,2026-08-01,3293,793,317
INVSNP0000744,WH0001,PRD0126,2026-09-01,2674,793,317
INVSNP0000745,WH0001,PRD0057,2024-10-01,321,86,34
INVSNP0000746,WH0001,PRD0057,2024-11-01,335,86,34
INVSNP0000747,WH0001,PRD0057,2024-12-01,398,86,34
INVSNP0000748,WH0001,PRD0057,2025-01-01,341,86,34
INVSNP0000749,WH0001,PRD0057,2025-02-01,314,86,34
INVSNP0000750,WH0001,PRD0057,2025-03-01,366,86,34
INVSNP0000751,WH0001,PRD0057,2025-04-01,437,86,34
INVSNP0000752,WH0001,PRD0057,2025-05-01,382,86,34
INVSNP0000753,WH0001,PRD0057,2025-06-01,367,86,34
INVSNP0000754,WH0001,PRD0057,2025-07-01,343,86,34
INVSNP0000755,WH0001,PRD0057,2025-08-01,349,86,34
INVSNP0000756,WH0001,PRD0057,2025-09-01,389,86,34
INVSNP0000757,WH0001,PRD0057,2025-10-01,304,86,34
INVSNP0000758,WH0001,PRD0057,2025-11-01,391,86,34
INVSNP0000759,WH0001,PRD0057,2025-12-01,307,86,34
INVSNP0000760,WH0001,PRD0057,2026-01-01,328,86,34
INVSNP0000761,WH0001,PRD0057,2026-02-01,277,86,34
INVSNP0000762,WH0001,PRD0057,2026-03-01,387,86,34
INVSNP0000763,WH0001,PRD0057,2026-04-01,352,86,34
INVSNP0000764,WH0001,PRD0057,2026-05-01,370,86,34
INVSNP0000765,WH0001,PRD0057,2026-06-01,340,86,34
INVSNP0000766,WH0001,PRD0057,2026-07-01,342,86,34
INVSNP0000767,WH0001,PRD0057,2026-08-01,318,86,34
INVSNP0000768,WH0001,PRD0057,2026-09-01,318,86,34
INVSNP0000769,WH0001,PRD0090,2024-10-01,4417,1030,412
INVSNP0000770,WH0001,PRD0090,2024-11-01,4285,1030,412
INVSNP0000771,WH0001,PRD0090,2024-12-01,4256,1030,412
INVSNP0000772,WH0001,PRD0090,2025-01-01,2927,1030,412
INVSNP0000773,WH0001,PRD0090,2025-02-01,4754,1030,412
INVSNP0000774,WH0001,PRD0090,2025-03-01,4500,1030,412
INVSNP0000775,WH0001,PRD0090,2025-04-01,4645,1030,412
INVSNP0000776,WH0001,PRD0090,2025-05-01,4260,1030,412
INVSNP0000777,WH0001,PRD0090,2025-06-01,3868,1030,412
INVSNP0000778,WH0001,PRD0090,2025-07-01,3473,1030,412
INVSNP0000779,WH0001,PRD0090,2025-08-01,4506,1030,412
INVSNP0000780,WH0001,PRD0090,2025-09-01,3384,1030,412
INVSNP0000781,WH0001,PRD0090,2025-10-01,4366,1030,412
INVSNP0000782,WH0001,PRD0090,2025-11-01,2515,1030,412
INVSNP0000783,WH0001,PRD0090,2025-12-01,4469,1030,412
INVSNP0000784,WH0001,PRD0090,2026-01-01,4099,1030,412
INVSNP0000785,WH0001,PRD0090,2026-02-01,5597,1030,412
INVSNP0000786,WH0001,PRD0090,2026-03-01,5127,1030,412
INVSNP0000787,WH0001,PRD0090,2026-04-01,4692,1030,412
INVSNP0000788,WH0001,PRD0090,2026-05-01,3428,1030,412
INVSNP0000789,WH0001,PRD0090,2026-06-01,3647,1030,412
INVSNP0000790,WH0001,PRD0090,2026-07-01,5406,1030,412
INVSNP0000791,WH0001,PRD0090,2026-08-01,5043,1030,412
INVSNP0000792,WH0001,PRD0090,2026-09-01,4016,1030,412
INVSNP0000793,WH0001,PRD0007,2024-10-01,3822,815,326
INVSNP0000794,WH0001,PRD0007,2024-11-01,2974,815,326
INVSNP0000795,WH0001,PRD0007,2024-12-01,3127,815,326
INVSNP0000796,WH0001,PRD0007,2025-01-01,2872,815,326
INVSNP0000797,WH0001,PRD0007,2025-02-01,3469,815,326
INVSNP0000798,WH0001,PRD0007,2025-03-01,3391,815,326
INVSNP0000799,WH0001,PRD0007,2025-04-01,3114,815,326
INVSNP0000800,WH0001,PRD0007,2025-05-01,2828,815,326
INVSNP0000801,WH0001,PRD0007,2025-06-01,3671,815,326
INVSNP0000802,WH0001,PRD0007,2025-07-01,3489,815,326
INVSNP0000803,WH0001,PRD0007,2025-08-01,3316,815,326
INVSNP0000804,WH0001,PRD0007,2025-09-01,2933,815,326
INVSNP0000805,WH0001,PRD0007,2025-10-01,2701,815,326
INVSNP0000806,WH0001,PRD0007,2025-11-01,3859,815,326
INVSNP0000807,WH0001,PRD0007,2025-12-01,2786,815,326
INVSNP0000808,WH0001,PRD0007,2026-01-01,3588,815,326
INVSNP0000809,WH0001,PRD0007,2026-02-01,3242,815,326
INVSNP0000810,WH0001,PRD0007,2026-03-01,2729,815,326
INVSNP0000811,WH0001,PRD0007,2026-04-01,2191,815,326
INVSNP0000812,WH0001,PRD0007,2026-05-01,2521,815,326
INVSNP0000813,WH0001,PRD0007,2026-06-01,3576,815,326
INVSNP0000814,WH0001,PRD0007,2026-07-01,2382,815,326
INVSNP0000815,WH0001,PRD0007,2026-08-01,3216,815,326
INVSNP0000816,WH0001,PRD0007,2026-09-01,2923,815,326
INVSNP0000817,WH0001,PRD0108,2024-10-01,4210,999,399
INVSNP0000818,WH0001,PRD0108,2024-11-01,3937,999,399
INVSNP0000819,WH0001,PRD0108,2024-12-01,3316,999,399
INVSNP0000820,WH0001,PRD0108,2025-01-01,3979,999,399
INVSNP0000821,WH0001,PRD0108,2025-02-01,4918,999,399
INVSNP0000822,WH0001,PRD0108,2025-03-01,4266,999,399
INVSNP0000823,WH0001,PRD0108,2025-04-01,4521,999,399
INVSNP0000824,WH0001,PRD0108,2025-05-01,5073,999,399
INVSNP0000825,WH0001,PRD0108,2025-06-01,5476,999,399
INVSNP0000826,WH0001,PRD0108,2025-07-01,3789,999,399
INVSNP0000827,WH0001,PRD0108,2025-08-01,4193,999,399
INVSNP0000828,WH0001,PRD0108,2025-09-01,3488,999,399
INVSNP0000829,WH0001,PRD0108,2025-10-01,3990,999,399
INVSNP0000830,WH0001,PRD0108,2025-11-01,3469,999,399
INVSNP0000831,WH0001,PRD0108,2025-12-01,4756,999,399
INVSNP0000832,WH0001,PRD0108,2026-01-01,3129,999,399
INVSNP0000833,WH0001,PRD0108,2026-02-01,4994,999,399
INVSNP0000834,WH0001,PRD0108,2026-03-01,3304,999,399
INVSNP0000835,WH0001,PRD0108,2026-04-01,4296,999,399
INVSNP0000836,WH0001,PRD0108,2026-05-01,3621,999,399
INVSNP0000837,WH0001,PRD0108,2026-06-01,3996,999,399
INVSNP0000838,WH0001,PRD0108,2026-07-01,4349,999,399
INVSNP0000839,WH0001,PRD0108,2026-08-01,4684,999,399
INVSNP0000840,WH0001,PRD0108,2026-09-01,3815,999,399
INVSNP0000841,WH0001,PRD0082,2024-10-01,4197,1077,430
INVSNP0000842,WH0001,PRD0082,2024-11-01,3822,1077,430
INVSNP0000843,WH0001,PRD0082,2024-12-01,3928,1077,430
INVSNP0000844,WH0001,PRD0082,2025-01-01,4593,1077,430
INVSNP0000845,WH0001,PRD0082,2025-02-01,5449,1077,430
INVSNP0000846,WH0001,PRD0082,2025-03-01,5470,1077,430
INVSNP0000847,WH0001,PRD0082,2025-04-01,4316,1077,430
INVSNP0000848,WH0001,PRD0082,2025-05-01,4294,1077,430
INVSNP0000849,WH0001,PRD0082,2025-06-01,4642,1077,430
INVSNP0000850,WH0001,PRD0082,2025-07-01,4711,1077,430
INVSNP0000851,WH0001,PRD0082,2025-08-01,5295,1077,430
INVSNP0000852,WH0001,PRD0082,2025-09-01,5327,1077,430
INVSNP0000853,WH0001,PRD0082,2025-10-01,4166,1077,430
INVSNP0000854,WH0001,PRD0082,2025-11-01,5886,1077,430
INVSNP0000855,WH0001,PRD0082,2025-12-01,3960,1077,430
INVSNP0000856,WH0001,PRD0082,2026-01-01,4389,1077,430
INVSNP0000857,WH0001,PRD0082,2026-02-01,5447,1077,430
INVSNP0000858,WH0001,PRD0082,2026-03-01,5364,1077,430
INVSNP0000859,WH0001,PRD0082,2026-04-01,4325,1077,430
INVSNP0000860,WH0001,PRD0082,2026-05-01,3486,1077,430
INVSNP0000861,WH0001,PRD0082,2026-06-01,5367,1077,430
INVSNP0000862,WH0001,PRD0082,2026-07-01,3188,1077,430
INVSNP0000863,WH0001,PRD0082,2026-08-01,4532,1077,430
INVSNP0000864,WH0001,PRD0082,2026-09-01,4876,1077,430
INVSNP0000865,WH0001,PRD0104,2024-10-01,1072,313,125
INVSNP0000866,WH0001,PRD0104,2024-11-01,1480,313,125
INVSNP0000867,WH0001,PRD0104,2024-12-01,1285,313,125
INVSNP0000868,WH0001,PRD0104,2025-01-01,972,313,125
INVSNP0000869,WH0001,PRD0104,2025-02-01,1362,313,125
INVSNP0000870,WH0001,PRD0104,2025-03-01,1478,313,125
INVSNP0000871,WH0001,PRD0104,2025-04-01,990,313,125
INVSNP0000872,WH0001,PRD0104,2025-05-01,1514,313,125
INVSNP0000873,WH0001,PRD0104,2025-06-01,1116,313,125
INVSNP0000874,WH0001,PRD0104,2025-07-01,1076,313,125
INVSNP0000875,WH0001,PRD0104,2025-08-01,913,313,125
INVSNP0000876,WH0001,PRD0104,2025-09-01,1200,313,125
INVSNP0000877,WH0001,PRD0104,2025-10-01,992,313,125
INVSNP0000878,WH0001,PRD0104,2025-11-01,1560,313,125
INVSNP0000879,WH0001,PRD0104,2025-12-01,1629,313,125
INVSNP0000880,WH0001,PRD0104,2026-01-01,1243,313,125
INVSNP0000881,WH0001,PRD0104,2026-02-01,1126,313,125
INVSNP0000882,WH0001,PRD0104,2026-03-01,1287,313,125
INVSNP0000883,WH0001,PRD0104,2026-04-01,1456,313,125
INVSNP0000884,WH0001,PRD0104,2026-05-01,1425,313,125
INVSNP0000885,WH0001,PRD0104,2026-06-01,1337,313,125
INVSNP0000886,WH0001,PRD0104,2026-07-01,1369,313,125
INVSNP0000887,WH0001,PRD0104,2026-08-01,1408,313,125
INVSNP0000888,WH0001,PRD0104,2026-09-01,1210,313,125
INVSNP0000889,WH0001,PRD0067,2024-10-01,2241,584,233
INVSNP0000890,WH0001,PRD0067,2024-11-01,1957,584,233
INVSNP0000891,WH0001,PRD0067,2024-12-01,2804,584,233
INVSNP0000892,WH0001,PRD0067,2025-01-01,2387,584,233
INVSNP0000893,WH0001,PRD0067,2025-02-01,2586,584,233
INVSNP0000894,WH0001,PRD0067,2025-03-01,2378,584,233
INVSNP0000895,WH0001,PRD0067,2025-04-01,2262,584,233
INVSNP0000896,WH0001,PRD0067,2025-05-01,2518,584,233
INVSNP0000897,WH0001,PRD0067,2025-06-01,2948,584,233
INVSNP0000898,WH0001,PRD0067,2025-07-01,1941,584,233
INVSNP0000899,WH0001,PRD0067,2025-08-01,2411,584,233
INVSNP0000900,WH0001,PRD0067,2025-09-01,2108,584,233
INVSNP0000901,WH0001,PRD0067,2025-10-01,2386,584,233
INVSNP0000902,WH0001,PRD0067,2025-11-01,2597,584,233
INVSNP0000903,WH0001,PRD0067,2025-12-01,2496,584,233
INVSNP0000904,WH0001,PRD0067,2026-01-01,2363,584,233
INVSNP0000905,WH0001,PRD0067,2026-02-01,2488,584,233
INVSNP0000906,WH0001,PRD0067,2026-03-01,2402,584,233
INVSNP0000907,WH0001,PRD0067,2026-04-01,2292,584,233
INVSNP0000908,WH0001,PRD0067,2026-05-01,2391,584,233
INVSNP0000909,WH0001,PRD0067,2026-06-01,2321,584,233
INVSNP0000910,WH0001,PRD0067,2026-07-01,2379,584,233
INVSNP0000911,WH0001,PRD0067,2026-08-01,1791,584,233
INVSNP0000912,WH0001,PRD0067,2026-09-01,1896,584,233
INVSNP0000913,WH0001,PRD0083,2024-10-01,5595,1110,444
INVSNP0000914,WH0001,PRD0083,2024-11-01,5656,1110,444
INVSNP0000915,WH0001,PRD0083,2024-12-01,4774,1110,444
INVSNP0000916,WH0001,PRD0083,2025-01-01,4520,1110,444
INVSNP0000917,WH0001,PRD0083,2025-02-01,5569,1110,444
INVSNP0000918,WH0001,PRD0083,2025-03-01,5045,1110,444
INVSNP0000919,WH0001,PRD0083,2025-04-01,4208,1110,444
INVSNP0000920,WH0001,PRD0083,2025-05-01,4826,1110,444
INVSNP0000921,WH0001,PRD0083,2025-06-01,3704,1110,444
INVSNP0000922,WH0001,PRD0083,2025-07-01,4127,1110,444
INVSNP0000923,WH0001,PRD0083,2025-08-01,4674,1110,444
INVSNP0000924,WH0001,PRD0083,2025-09-01,4556,1110,444
INVSNP0000925,WH0001,PRD0083,2025-10-01,3879,1110,444
INVSNP0000926,WH0001,PRD0083,2025-11-01,3765,1110,444
INVSNP0000927,WH0001,PRD0083,2025-12-01,4237,1110,444
INVSNP0000928,WH0001,PRD0083,2026-01-01,3871,1110,444
INVSNP0000929,WH0001,PRD0083,2026-02-01,4053,1110,444
INVSNP0000930,WH0001,PRD0083,2026-03-01,3765,1110,444
INVSNP0000931,WH0001,PRD0083,2026-04-01,3482,1110,444
INVSNP0000932,WH0001,PRD0083,2026-05-01,5475,1110,444
INVSNP0000933,WH0001,PRD0083,2026-06-01,5931,1110,444
INVSNP0000934,WH0001,PRD0083,2026-07-01,4153,1110,444
INVSNP0000935,WH0001,PRD0083,2026-08-01,4668,1110,444
INVSNP0000936,WH0001,PRD0083,2026-09-01,4074,1110,444
INVSNP0000937,WH0001,PRD0085,2024-10-01,370,104,41
INVSNP0000938,WH0001,PRD0085,2024-11-01,506,104,41
INVSNP0000939,WH0001,PRD0085,2024-12-01,381,104,41
INVSNP0000940,WH0001,PRD0085,2025-01-01,496,104,41
INVSNP0000941,WH0001,PRD0085,2025-02-01,408,104,41
INVSNP0000942,WH0001,PRD0085,2025-03-01,406,104,41
INVSNP0000943,WH0001,PRD0085,2025-04-01,493,104,41
INVSNP0000944,WH0001,PRD0085,2025-05-01,416,104,41
INVSNP0000945,WH0001,PRD0085,2025-06-01,350,104,41
INVSNP0000946,WH0001,PRD0085,2025-07-01,449,104,41
INVSNP0000947,WH0001,PRD0085,2025-08-01,467,104,41
INVSNP0000948,WH0001,PRD0085,2025-09-01,439,104,41
INVSNP0000949,WH0001,PRD0085,2025-10-01,336,104,41
INVSNP0000950,WH0001,PRD0085,2025-11-01,472,104,41
INVSNP0000951,WH0001,PRD0085,2025-12-01,380,104,41
INVSNP0000952,WH0001,PRD0085,2026-01-01,391,104,41
INVSNP0000953,WH0001,PRD0085,2026-02-01,230,104,41
INVSNP0000954,WH0001,PRD0085,2026-03-01,431,104,41
INVSNP0000955,WH0001,PRD0085,2026-04-01,343,104,41
INVSNP0000956,WH0001,PRD0085,2026-05-01,481,104,41
INVSNP0000957,WH0001,PRD0085,2026-06-01,362,104,41
INVSNP0000958,WH0001,PRD0085,2026-07-01,378,104,41
INVSNP0000959,WH0001,PRD0085,2026-08-01,398,104,41
INVSNP0000960,WH0001,PRD0085,2026-09-01,448,104,41
INVSNP0000961,WH0001,PRD0125,2024-10-01,3327,903,361
INVSNP0000962,WH0001,PRD0125,2024-11-01,2326,903,361
INVSNP0000963,WH0001,PRD0125,2024-12-01,4199,903,361
INVSNP0000964,WH0001,PRD0125,2025-01-01,4417,903,361
INVSNP0000965,WH0001,PRD0125,2025-02-01,3532,903,361
INVSNP0000966,WH0001,PRD0125,2025-03-01,2578,903,361
INVSNP0000967,WH0001,PRD0125,2025-04-01,3565,903,361
INVSNP0000968,WH0001,PRD0125,2025-05-01,3743,903,361
INVSNP0000969,WH0001,PRD0125,2025-06-01,3324,903,361
INVSNP0000970,WH0001,PRD0125,2025-07-01,4018,903,361
INVSNP0000971,WH0001,PRD0125,2025-08-01,3794,903,361
INVSNP0000972,WH0001,PRD0125,2025-09-01,3445,903,361
INVSNP0000973,WH0001,PRD0125,2025-10-01,4195,903,361
INVSNP0000974,WH0001,PRD0125,2025-11-01,3816,903,361
INVSNP0000975,WH0001,PRD0125,2025-12-01,3098,903,361
INVSNP0000976,WH0001,PRD0125,2026-01-01,2576,903,361
INVSNP0000977,WH0001,PRD0125,2026-02-01,4374,903,361
INVSNP0000978,WH0001,PRD0125,2026-03-01,3103,903,361
INVSNP0000979,WH0001,PRD0125,2026-04-01,4408,903,361
INVSNP0000980,WH0001,PRD0125,2026-05-01,2966,903,361
INVSNP0000981,WH0001,PRD0125,2026-06-01,3788,903,361
INVSNP0000982,WH0001,PRD0125,2026-07-01,3639,903,361
INVSNP0000983,WH0001,PRD0125,2026-08-01,3796,903,361
INVSNP0000984,WH0001,PRD0125,2026-09-01,3080,903,361
INVSNP0000985,WH0001,PRD0111,2024-10-01,3959,645,258
INVSNP0000986,WH0001,PRD0111,2024-11-01,2726,645,258
INVSNP0000987,WH0001,PRD0111,2024-12-01,3058,645,258
INVSNP0000988,WH0001,PRD0111,2025-01-01,2184,645,258
INVSNP0000989,WH0001,PRD0111,2025-02-01,2407,645,258
INVSNP0000990,WH0001,PRD0111,2025-03-01,2483,645,258
INVSNP0000991,WH0001,PRD0111,2025-04-01,2729,645,258
INVSNP0000992,WH0001,PRD0111,2025-05-01,2924,645,258
INVSNP0000993,WH0001,PRD0111,2025-06-01,3164,645,258
INVSNP0000994,WH0001,PRD0111,2025-07-01,2273,645,258
INVSNP0000995,WH0001,PRD0111,2025-08-01,2840,645,258
INVSNP0000996,WH0001,PRD0111,2025-09-01,2958,645,258
INVSNP0000997,WH0001,PRD0111,2025-10-01,2772,645,258
INVSNP0000998,WH0001,PRD0111,2025-11-01,2699,645,258
INVSNP0000999,WH0001,PRD0111,2025-12-01,2764,645,258
INVSNP0001000,WH0001,PRD0111,2026-01-01,3267,645,258
INVSNP0001001,WH0001,PRD0111,2026-02-01,2919,645,258
INVSNP0001002,WH0001,PRD0111,2026-03-01,2337,645,258
INVSNP0001003,WH0001,PRD0111,2026-04-01,2856,645,258
INVSNP0001004,WH0001,PRD0111,2026-05-01,2601,645,258
INVSNP0001005,WH0001,PRD0111,2026-06-01,2413,645,258
INVSNP0001006,WH0001,PRD0111,2026-07-01,2839,645,258
INVSNP0001007,WH0001,PRD0111,2026-08-01,2664,645,258
INVSNP0001008,WH0001,PRD0111,2026-09-01,3110,645,258
INVSNP0001009,WH0001,PRD0014,2024-10-01,954,189,75
INVSNP0001010,WH0001,PRD0014,2024-11-01,782,189,75
INVSNP0001011,WH0001,PRD0014,2024-12-01,717,189,75
INVSNP0001012,WH0001,PRD0014,2025-01-01,730,189,75
INVSNP0001013,WH0001,PRD0014,2025-02-01,787,189,75
INVSNP0001014,WH0001,PRD0014,2025-03-01,801,189,75
INVSNP0001015,WH0001,PRD0014,2025-04-01,563,189,75
INVSNP0001016,WH0001,PRD0014,2025-05-01,800,189,75
INVSNP0001017,WH0001,PRD0014,2025-06-01,777,189,75
INVSNP0001018,WH0001,PRD0014,2025-07-01,915,189,75
INVSNP0001019,WH0001,PRD0014,2025-08-01,772,189,75
INVSNP0001020,WH0001,PRD0014,2025-09-01,827,189,75
INVSNP0001021,WH0001,PRD0014,2025-10-01,695,189,75
INVSNP0001022,WH0001,PRD0014,2025-11-01,627,189,75
INVSNP0001023,WH0001,PRD0014,2025-12-01,730,189,75
INVSNP0001024,WH0001,PRD0014,2026-01-01,687,189,75
INVSNP0001025,WH0001,PRD0014,2026-02-01,882,189,75
INVSNP0001026,WH0001,PRD0014,2026-03-01,604,189,75
INVSNP0001027,WH0001,PRD0014,2026-04-01,791,189,75
INVSNP0001028,WH0001,PRD0014,2026-05-01,584,189,75
INVSNP0001029,WH0001,PRD0014,2026-06-01,732,189,75
INVSNP0001030,WH0001,PRD0014,2026-07-01,768,189,75
INVSNP0001031,WH0001,PRD0014,2026-08-01,719,189,75
INVSNP0001032,WH0001,PRD0014,2026-09-01,564,189,75
INVSNP0001033,WH0001,PRD0050,2024-10-01,4190,1078,431
INVSNP0001034,WH0001,PRD0050,2024-11-01,4239,1078,431
INVSNP0001035,WH0001,PRD0050,2024-12-01,4203,1078,431
INVSNP0001036,WH0001,PRD0050,2025-01-01,3953,1078,431
INVSNP0001037,WH0001,PRD0050,2025-02-01,4260,1078,431
INVSNP0001038,WH0001,PRD0050,2025-03-01,3904,1078,431
INVSNP0001039,WH0001,PRD0050,2025-04-01,4018,1078,431
INVSNP0001040,WH0001,PRD0050,2025-05-01,5743,1078,431
INVSNP0001041,WH0001,PRD0050,2025-06-01,4470,1078,431
INVSNP0001042,WH0001,PRD0050,2025-07-01,4640,1078,431
INVSNP0001043,WH0001,PRD0050,2025-08-01,6544,1078,431
INVSNP0001044,WH0001,PRD0050,2025-09-01,5841,1078,431
INVSNP0001045,WH0001,PRD0050,2025-10-01,5013,1078,431
INVSNP0001046,WH0001,PRD0050,2025-11-01,2852,1078,431
INVSNP0001047,WH0001,PRD0050,2025-12-01,4193,1078,431
INVSNP0001048,WH0001,PRD0050,2026-01-01,4800,1078,431
INVSNP0001049,WH0001,PRD0050,2026-02-01,4688,1078,431
INVSNP0001050,WH0001,PRD0050,2026-03-01,4412,1078,431
INVSNP0001051,WH0001,PRD0050,2026-04-01,5262,1078,431
INVSNP0001052,WH0001,PRD0050,2026-05-01,3958,1078,431
INVSNP0001053,WH0001,PRD0050,2026-06-01,3909,1078,431
INVSNP0001054,WH0001,PRD0050,2026-07-01,4359,1078,431
INVSNP0001055,WH0001,PRD0050,2026-08-01,4329,1078,431
INVSNP0001056,WH0001,PRD0050,2026-09-01,4278,1078,431
INVSNP0001057,WH0001,PRD0089,2024-10-01,2100,517,206
INVSNP0001058,WH0001,PRD0089,2024-11-01,2000,517,206
INVSNP0001059,WH0001,PRD0089,2024-12-01,1783,517,206
INVSNP0001060,WH0001,PRD0089,2025-01-01,2107,517,206
INVSNP0001061,WH0001,PRD0089,2025-02-01,2222,517,206
INVSNP0001062,WH0001,PRD0089,2025-03-01,2110,517,206
INVSNP0001063,WH0001,PRD0089,2025-04-01,2261,517,206
INVSNP0001064,WH0001,PRD0089,2025-05-01,2094,517,206
INVSNP0001065,WH0001,PRD0089,2025-06-01,2539,517,206
INVSNP0001066,WH0001,PRD0089,2025-07-01,1799,517,206
INVSNP0001067,WH0001,PRD0089,2025-08-01,1841,517,206
INVSNP0001068,WH0001,PRD0089,2025-09-01,1926,517,206
INVSNP0001069,WH0001,PRD0089,2025-10-01,2047,517,206
INVSNP0001070,WH0001,PRD0089,2025-11-01,2116,517,206
INVSNP0001071,WH0001,PRD0089,2025-12-01,1745,517,206
INVSNP0001072,WH0001,PRD0089,2026-01-01,1608,517,206
INVSNP0001073,WH0001,PRD0089,2026-02-01,2825,517,206
INVSNP0001074,WH0001,PRD0089,2026-03-01,2307,517,206
INVSNP0001075,WH0001,PRD0089,2026-04-01,2043,517,206
INVSNP0001076,WH0001,PRD0089,2026-05-01,1567,517,206
INVSNP0001077,WH0001,PRD0089,2026-06-01,1064,517,206
INVSNP0001078,WH0001,PRD0089,2026-07-01,2215,517,206
INVSNP0001079,WH0001,PRD0089,2026-08-01,2641,517,206
INVSNP0001080,WH0001,PRD0089,2026-09-01,2043,517,206
INVSNP0001081,WH0001,PRD0130,2024-10-01,387,84,33
INVSNP0001082,WH0001,PRD0130,2024-11-01,300,84,33
INVSNP0001083,WH0001,PRD0130,2024-12-01,476,84,33
INVSNP0001084,WH0001,PRD0130,2025-01-01,323,84,33
INVSNP0001085,WH0001,PRD0130,2025-02-01,227,84,33
INVSNP0001086,WH0001,PRD0130,2025-03-01,358,84,33
INVSNP0001087,WH0001,PRD0130,2025-04-01,186,84,33
INVSNP0001088,WH0001,PRD0130,2025-05-01,397,84,33
INVSNP0001089,WH0001,PRD0130,2025-06-01,397,84,33
INVSNP0001090,WH0001,PRD0130,2025-07-01,405,84,33
INVSNP0001091,WH0001,PRD0130,2025-08-01,286,84,33
INVSNP0001092,WH0001,PRD0130,2025-09-01,360,84,33
INVSNP0001093,WH0001,PRD0130,2025-10-01,380,84,33
INVSNP0001094,WH0001,PRD0130,2025-11-01,343,84,33
INVSNP0001095,WH0001,PRD0130,2025-12-01,277,84,33
INVSNP0001096,WH0001,PRD0130,2026-01-01,280,84,33
INVSNP0001097,WH0001,PRD0130,2026-02-01,302,84,33
INVSNP0001098,WH0001,PRD0130,2026-03-01,339,84,33
INVSNP0001099,WH0001,PRD0130,2026-04-01,414,84,33
INVSNP0001100,WH0001,PRD0130,2026-05-01,296,84,33
INVSNP0001101,WH0001,PRD0130,2026-06-01,350,84,33
INVSNP0001102,WH0001,PRD0130,2026-07-01,372,84,33
INVSNP0001103,WH0001,PRD0130,2026-08-01,325,84,33
INVSNP0001104,WH0001,PRD0130,2026-09-01,353,84,33
INVSNP0001105,WH0001,PRD0119,2024-10-01,4045,757,303
INVSNP0001106,WH0001,PRD0119,2024-11-01,2798,757,303
INVSNP0001107,WH0001,PRD0119,2024-12-01,2780,757,303
INVSNP0001108,WH0001,PRD0119,2025-01-01,2794,757,303
INVSNP0001109,WH0001,PRD0119,2025-02-01,3074,757,303
INVSNP0001110,WH0001,PRD0119,2025-03-01,3172,757,303
INVSNP0001111,WH0001,PRD0119,2025-04-01,3429,757,303
INVSNP0001112,WH0001,PRD0119,2025-05-01,3197,757,303
INVSNP0001113,WH0001,PRD0119,2025-06-01,2828,757,303
INVSNP0001114,WH0001,PRD0119,2025-07-01,3101,757,303
INVSNP0001115,WH0001,PRD0119,2025-08-01,2919,757,303
INVSNP0001116,WH0001,PRD0119,2025-09-01,3227,757,303
INVSNP0001117,WH0001,PRD0119,2025-10-01,3092,757,303
INVSNP0001118,WH0001,PRD0119,2025-11-01,2833,757,303
INVSNP0001119,WH0001,PRD0119,2025-12-01,3738,757,303
INVSNP0001120,WH0001,PRD0119,2026-01-01,2842,757,303
INVSNP0001121,WH0001,PRD0119,2026-02-01,3383,757,303
INVSNP0001122,WH0001,PRD0119,2026-03-01,3522,757,303
INVSNP0001123,WH0001,PRD0119,2026-04-01,2962,757,303
INVSNP0001124,WH0001,PRD0119,2026-05-01,2821,757,303
INVSNP0001125,WH0001,PRD0119,2026-06-01,2517,757,303
INVSNP0001126,WH0001,PRD0119,2026-07-01,3409,757,303
INVSNP0001127,WH0001,PRD0119,2026-08-01,3681,757,303
INVSNP0001128,WH0001,PRD0119,2026-09-01,3146,757,303
INVSNP0001129,WH0001,PRD0117,2024-10-01,1321,341,136
INVSNP0001130,WH0001,PRD0117,2024-11-01,1135,341,136
INVSNP0001131,WH0001,PRD0117,2024-12-01,1425,341,136
INVSNP0001132,WH0001,PRD0117,2025-01-01,1295,341,136
INVSNP0001133,WH0001,PRD0117,2025-02-01,1259,341,136
INVSNP0001134,WH0001,PRD0117,2025-03-01,1461,341,136
INVSNP0001135,WH0001,PRD0117,2025-04-01,1262,341,136
INVSNP0001136,WH0001,PRD0117,2025-05-01,972,341,136
INVSNP0001137,WH0001,PRD0117,2025-06-01,1405,341,136
INVSNP0001138,WH0001,PRD0117,2025-07-01,1053,341,136
INVSNP0001139,WH0001,PRD0117,2025-08-01,1274,341,136
INVSNP0001140,WH0001,PRD0117,2025-09-01,1485,341,136
INVSNP0001141,WH0001,PRD0117,2025-10-01,1675,341,136
INVSNP0001142,WH0001,PRD0117,2025-11-01,1108,341,136
INVSNP0001143,WH0001,PRD0117,2025-12-01,1435,341,136
INVSNP0001144,WH0001,PRD0117,2026-01-01,1603,341,136
INVSNP0001145,WH0001,PRD0117,2026-02-01,1369,341,136
INVSNP0001146,WH0001,PRD0117,2026-03-01,1340,341,136
INVSNP0001147,WH0001,PRD0117,2026-04-01,1670,341,136
INVSNP0001148,WH0001,PRD0117,2026-05-01,1489,341,136
INVSNP0001149,WH0001,PRD0117,2026-06-01,1239,341,136
INVSNP0001150,WH0001,PRD0117,2026-07-01,1738,341,136
INVSNP0001151,WH0001,PRD0117,2026-08-01,837,341,136
INVSNP0001152,WH0001,PRD0117,2026-09-01,1079,341,136
INVSNP0001153,WH0001,PRD0077,2024-10-01,592,154,61
INVSNP0001154,WH0001,PRD0077,2024-11-01,564,154,61
INVSNP0001155,WH0001,PRD0077,2024-12-01,606,154,61
INVSNP0001156,WH0001,PRD0077,2025-01-01,672,154,61
INVSNP0001157,WH0001,PRD0077,2025-02-01,704,154,61
INVSNP0001158,WH0001,PRD0077,2025-03-01,733,154,61
INVSNP0001159,WH0001,PRD0077,2025-04-01,831,154,61
INVSNP0001160,WH0001,PRD0077,2025-05-01,506,154,61
INVSNP0001161,WH0001,PRD0077,2025-06-01,570,154,61
INVSNP0001162,WH0001,PRD0077,2025-07-01,626,154,61
INVSNP0001163,WH0001,PRD0077,2025-08-01,619,154,61
INVSNP0001164,WH0001,PRD0077,2025-09-01,707,154,61
INVSNP0001165,WH0001,PRD0077,2025-10-01,639,154,61
INVSNP0001166,WH0001,PRD0077,2025-11-01,508,154,61
INVSNP0001167,WH0001,PRD0077,2025-12-01,533,154,61
INVSNP0001168,WH0001,PRD0077,2026-01-01,574,154,61
INVSNP0001169,WH0001,PRD0077,2026-02-01,773,154,61
INVSNP0001170,WH0001,PRD0077,2026-03-01,644,154,61
INVSNP0001171,WH0001,PRD0077,2026-04-01,600,154,61
INVSNP0001172,WH0001,PRD0077,2026-05-01,524,154,61
INVSNP0001173,WH0001,PRD0077,2026-06-01,804,154,61
INVSNP0001174,WH0001,PRD0077,2026-07-01,620,154,61
INVSNP0001175,WH0001,PRD0077,2026-08-01,727,154,61
INVSNP0001176,WH0001,PRD0077,2026-09-01,514,154,61
INVSNP0001177,WH0001,PRD0001,2024-10-01,4763,1091,436
INVSNP0001178,WH0001,PRD0001,2024-11-01,3888,1091,436
INVSNP0001179,WH0001,PRD0001,2024-12-01,4489,1091,436
INVSNP0001180,WH0001,PRD0001,2025-01-01,4619,1091,436
INVSNP0001181,WH0001,PRD0001,2025-02-01,3402,1091,436
INVSNP0001182,WH0001,PRD0001,2025-03-01,4095,1091,436
INVSNP0001183,WH0001,PRD0001,2025-04-01,5045,1091,436
INVSNP0001184,WH0001,PRD0001,2025-05-01,4771,1091,436
INVSNP0001185,WH0001,PRD0001,2025-06-01,4760,1091,436
INVSNP0001186,WH0001,PRD0001,2025-07-01,4260,1091,436
INVSNP0001187,WH0001,PRD0001,2025-08-01,3914,1091,436
INVSNP0001188,WH0001,PRD0001,2025-09-01,4032,1091,436
INVSNP0001189,WH0001,PRD0001,2025-10-01,4580,1091,436
INVSNP0001190,WH0001,PRD0001,2025-11-01,4644,1091,436
INVSNP0001191,WH0001,PRD0001,2025-12-01,4836,1091,436
INVSNP0001192,WH0001,PRD0001,2026-01-01,4440,1091,436
INVSNP0001193,WH0001,PRD0001,2026-02-01,3921,1091,436
INVSNP0001194,WH0001,PRD0001,2026-03-01,4815,1091,436
INVSNP0001195,WH0001,PRD0001,2026-04-01,4463,1091,436
INVSNP0001196,WH0001,PRD0001,2026-05-01,5831,1091,436
INVSNP0001197,WH0001,PRD0001,2026-06-01,4093,1091,436
INVSNP0001198,WH0001,PRD0001,2026-07-01,4865,1091,436
INVSNP0001199,WH0001,PRD0001,2026-08-01,4069,1091,436
INVSNP0001200,WH0001,PRD0001,2026-09-01,5218,1091,436
INVSNP0001201,WH0001,PRD0103,2024-10-01,2539,729,291
INVSNP0001202,WH0001,PRD0103,2024-11-01,3552,729,291
INVSNP0001203,WH0001,PRD0103,2024-12-01,3094,729,291
INVSNP0001204,WH0001,PRD0103,2025-01-01,2739,729,291
INVSNP0001205,WH0001,PRD0103,2025-02-01,3430,729,291
INVSNP0001206,WH0001,PRD0103,2025-03-01,2440,729,291
INVSNP0001207,WH0001,PRD0103,2025-04-01,2955,729,291
INVSNP0001208,WH0001,PRD0103,2025-05-01,2642,729,291
INVSNP0001209,WH0001,PRD0103,2025-06-01,3248,729,291
INVSNP0001210,WH0001,PRD0103,2025-07-01,2557,729,291
INVSNP0001211,WH0001,PRD0103,2025-08-01,2239,729,291
INVSNP0001212,WH0001,PRD0103,2025-09-01,3142,729,291
INVSNP0001213,WH0001,PRD0103,2025-10-01,2981,729,291
INVSNP0001214,WH0001,PRD0103,2025-11-01,3187,729,291
INVSNP0001215,WH0001,PRD0103,2025-12-01,2935,729,291
INVSNP0001216,WH0001,PRD0103,2026-01-01,2928,729,291
INVSNP0001217,WH0001,PRD0103,2026-02-01,2694,729,291
INVSNP0001218,WH0001,PRD0103,2026-03-01,2902,729,291
INVSNP0001219,WH0001,PRD0103,2026-04-01,2789,729,291
INVSNP0001220,WH0001,PRD0103,2026-05-01,2654,729,291
INVSNP0001221,WH0001,PRD0103,2026-06-01,3075,729,291
INVSNP0001222,WH0001,PRD0103,2026-07-01,2687,729,291
INVSNP0001223,WH0001,PRD0103,2026-08-01,2959,729,291
INVSNP0001224,WH0001,PRD0103,2026-09-01,2662,729,291
INVSNP0001225,WH0001,PRD0099,2024-10-01,330,87,34
INVSNP0001226,WH0001,PRD0099,2024-11-01,359,87,34
INVSNP0001227,WH0001,PRD0099,2024-12-01,276,87,34
INVSNP0001228,WH0001,PRD0099,2025-01-01,391,87,34
INVSNP0001229,WH0001,PRD0099,2025-02-01,363,87,34
INVSNP0001230,WH0001,PRD0099,2025-03-01,358,87,34
INVSNP0001231,WH0001,PRD0099,2025-04-01,271,87,34
INVSNP0001232,WH0001,PRD0099,2025-05-01,447,87,34
INVSNP0001233,WH0001,PRD0099,2025-06-01,399,87,34
INVSNP0001234,WH0001,PRD0099,2025-07-01,426,87,34
INVSNP0001235,WH0001,PRD0099,2025-08-01,310,87,34
INVSNP0001236,WH0001,PRD0099,2025-09-01,349,87,34
INVSNP0001237,WH0001,PRD0099,2025-10-01,348,87,34
INVSNP0001238,WH0001,PRD0099,2025-11-01,363,87,34
INVSNP0001239,WH0001,PRD0099,2025-12-01,289,87,34
INVSNP0001240,WH0001,PRD0099,2026-01-01,271,87,34
INVSNP0001241,WH0001,PRD0099,2026-02-01,335,87,34
INVSNP0001242,WH0001,PRD0099,2026-03-01,362,87,34
INVSNP0001243,WH0001,PRD0099,2026-04-01,366,87,34
INVSNP0001244,WH0001,PRD0099,2026-05-01,374,87,34
INVSNP0001245,WH0001,PRD0099,2026-06-01,438,87,34
INVSNP0001246,WH0001,PRD0099,2026-07-01,370,87,34
INVSNP0001247,WH0001,PRD0099,2026-08-01,350,87,34
INVSNP0001248,WH0001,PRD0099,2026-09-01,310,87,34
INVSNP0001249,WH0001,PRD0049,2024-10-01,3621,923,369
INVSNP0001250,WH0001,PRD0049,2024-11-01,4568,923,369
INVSNP0001251,WH0001,PRD0049,2024-12-01,3500,923,369
INVSNP0001252,WH0001,PRD0049,2025-01-01,3028,923,369
INVSNP0001253,WH0001,PRD0049,2025-02-01,2656,923,369
INVSNP0001254,WH0001,PRD0049,2025-03-01,3530,923,369
INVSNP0001255,WH0001,PRD0049,2025-04-01,3094,923,369
INVSNP0001256,WH0001,PRD0049,2025-05-01,4212,923,369
INVSNP0001257,WH0001,PRD0049,2025-06-01,2893,923,369
INVSNP0001258,WH0001,PRD0049,2025-07-01,3497,923,369
INVSNP0001259,WH0001,PRD0049,2025-08-01,5180,923,369
INVSNP0001260,WH0001,PRD0049,2025-09-01,3945,923,369
INVSNP0001261,WH0001,PRD0049,2025-10-01,4028,923,369
INVSNP0001262,WH0001,PRD0049,2025-11-01,3403,923,369
INVSNP0001263,WH0001,PRD0049,2025-12-01,4203,923,369
INVSNP0001264,WH0001,PRD0049,2026-01-01,3773,923,369
INVSNP0001265,WH0001,PRD0049,2026-02-01,4594,923,369
INVSNP0001266,WH0001,PRD0049,2026-03-01,3074,923,369
INVSNP0001267,WH0001,PRD0049,2026-04-01,3637,923,369
INVSNP0001268,WH0001,PRD0049,2026-05-01,4319,923,369
INVSNP0001269,WH0001,PRD0049,2026-06-01,4438,923,369
INVSNP0001270,WH0001,PRD0049,2026-07-01,4178,923,369
INVSNP0001271,WH0001,PRD0049,2026-08-01,2783,923,369
INVSNP0001272,WH0001,PRD0049,2026-09-01,4382,923,369
INVSNP0001273,WH0001,PRD0139,2024-10-01,4971,1074,429
INVSNP0001274,WH0001,PRD0139,2024-11-01,5090,1074,429
INVSNP0001275,WH0001,PRD0139,2024-12-01,4244,1074,429
INVSNP0001276,WH0001,PRD0139,2025-01-01,4840,1074,429
INVSNP0001277,WH0001,PRD0139,2025-02-01,4752,1074,429
INVSNP0001278,WH0001,PRD0139,2025-03-01,3478,1074,429
INVSNP0001279,WH0001,PRD0139,2025-04-01,5872,1074,429
INVSNP0001280,WH0001,PRD0139,2025-05-01,4375,1074,429
INVSNP0001281,WH0001,PRD0139,2025-06-01,3627,1074,429
INVSNP0001282,WH0001,PRD0139,2025-07-01,5629,1074,429
INVSNP0001283,WH0001,PRD0139,2025-08-01,3378,1074,429
INVSNP0001284,WH0001,PRD0139,2025-09-01,4737,1074,429
INVSNP0001285,WH0001,PRD0139,2025-10-01,4481,1074,429
INVSNP0001286,WH0001,PRD0139,2025-11-01,4995,1074,429
INVSNP0001287,WH0001,PRD0139,2025-12-01,3891,1074,429
INVSNP0001288,WH0001,PRD0139,2026-01-01,5315,1074,429
INVSNP0001289,WH0001,PRD0139,2026-02-01,3651,1074,429
INVSNP0001290,WH0001,PRD0139,2026-03-01,4413,1074,429
INVSNP0001291,WH0001,PRD0139,2026-04-01,3122,1074,429
INVSNP0001292,WH0001,PRD0139,2026-05-01,5568,1074,429
INVSNP0001293,WH0001,PRD0139,2026-06-01,3669,1074,429
INVSNP0001294,WH0001,PRD0139,2026-07-01,6008,1074,429
INVSNP0001295,WH0001,PRD0139,2026-08-01,4798,1074,429
INVSNP0001296,WH0001,PRD0139,2026-09-01,4744,1074,429
INVSNP0001297,WH0001,PRD0136,2024-10-01,2816,779,311
INVSNP0001298,WH0001,PRD0136,2024-11-01,3329,779,311
INVSNP0001299,WH0001,PRD0136,2024-12-01,2821,779,311
INVSNP0001300,WH0001,PRD0136,2025-01-01,3287,779,311
INVSNP0001301,WH0001,PRD0136,2025-02-01,3304,779,311
INVSNP0001302,WH0001,PRD0136,2025-03-01,2420,779,311
INVSNP0001303,WH0001,PRD0136,2025-04-01,2923,779,311
INVSNP0001304,WH0001,PRD0136,2025-05-01,3969,779,311
INVSNP0001305,WH0001,PRD0136,2025-06-01,4075,779,311
INVSNP0001306,WH0001,PRD0136,2025-07-01,2195,779,311
INVSNP0001307,WH0001,PRD0136,2025-08-01,3907,779,311
INVSNP0001308,WH0001,PRD0136,2025-09-01,3463,779,311
INVSNP0001309,WH0001,PRD0136,2025-10-01,3578,779,311
INVSNP0001310,WH0001,PRD0136,2025-11-01,2699,779,311
INVSNP0001311,WH0001,PRD0136,2025-12-01,3034,779,311
INVSNP0001312,WH0001,PRD0136,2026-01-01,3576,779,311
INVSNP0001313,WH0001,PRD0136,2026-02-01,3174,779,311
INVSNP0001314,WH0001,PRD0136,2026-03-01,3378,779,311
INVSNP0001315,WH0001,PRD0136,2026-04-01,3166,779,311
INVSNP0001316,WH0001,PRD0136,2026-05-01,3435,779,311
INVSNP0001317,WH0001,PRD0136,2026-06-01,2890,779,311
INVSNP0001318,WH0001,PRD0136,2026-07-01,3609,779,311
INVSNP0001319,WH0001,PRD0136,2026-08-01,3340,779,311
INVSNP0001320,WH0001,PRD0136,2026-09-01,2620,779,311
INVSNP0001321,WH0001,PRD0048,2024-10-01,4529,978,391
INVSNP0001322,WH0001,PRD0048,2024-11-01,4062,978,391
INVSNP0001323,WH0001,PRD0048,2024-12-01,5376,978,391
INVSNP0001324,WH0001,PRD0048,2025-01-01,4182,978,391
INVSNP0001325,WH0001,PRD0048,2025-02-01,3600,978,391
INVSNP0001326,WH0001,PRD0048,2025-03-01,3851,978,391
INVSNP0001327,WH0001,PRD0048,2025-04-01,4241,978,391
INVSNP0001328,WH0001,PRD0048,2025-05-01,4777,978,391
INVSNP0001329,WH0001,PRD0048,2025-06-01,4245,978,391
INVSNP0001330,WH0001,PRD0048,2025-07-01,3646,978,391
INVSNP0001331,WH0001,PRD0048,2025-08-01,4211,978,391
INVSNP0001332,WH0001,PRD0048,2025-09-01,3204,978,391
INVSNP0001333,WH0001,PRD0048,2025-10-01,3515,978,391
INVSNP0001334,WH0001,PRD0048,2025-11-01,4730,978,391
INVSNP0001335,WH0001,PRD0048,2025-12-01,3390,978,391
INVSNP0001336,WH0001,PRD0048,2026-01-01,3907,978,391
INVSNP0001337,WH0001,PRD0048,2026-02-01,4164,978,391
INVSNP0001338,WH0001,PRD0048,2026-03-01,3853,978,391
INVSNP0001339,WH0001,PRD0048,2026-04-01,3359,978,391
INVSNP0001340,WH0001,PRD0048,2026-05-01,3649,978,391
INVSNP0001341,WH0001,PRD0048,2026-06-01,3227,978,391
INVSNP0001342,WH0001,PRD0048,2026-07-01,4626,978,391
INVSNP0001343,WH0001,PRD0048,2026-08-01,4628,978,391
INVSNP0001344,WH0001,PRD0048,2026-09-01,4363,978,391
INVSNP0001345,WH0001,PRD0031,2024-10-01,4663,918,367
INVSNP0001346,WH0001,PRD0031,2024-11-01,3043,918,367
INVSNP0001347,WH0001,PRD0031,2024-12-01,3503,918,367
INVSNP0001348,WH0001,PRD0031,2025-01-01,3582,918,367
INVSNP0001349,WH0001,PRD0031,2025-02-01,3320,918,367
INVSNP0001350,WH0001,PRD0031,2025-03-01,3653,918,367
INVSNP0001351,WH0001,PRD0031,2025-04-01,3928,918,367
INVSNP0001352,WH0001,PRD0031,2025-05-01,3615,918,367
INVSNP0001353,WH0001,PRD0031,2025-06-01,4010,918,367
INVSNP0001354,WH0001,PRD0031,2025-07-01,3197,918,367
INVSNP0001355,WH0001,PRD0031,2025-08-01,2474,918,367
INVSNP0001356,WH0001,PRD0031,2025-09-01,4341,918,367
INVSNP0001357,WH0001,PRD0031,2025-10-01,3916,918,367
INVSNP0001358,WH0001,PRD0031,2025-11-01,3208,918,367
INVSNP0001359,WH0001,PRD0031,2025-12-01,3315,918,367
INVSNP0001360,WH0001,PRD0031,2026-01-01,4035,918,367
INVSNP0001361,WH0001,PRD0031,2026-02-01,3475,918,367
INVSNP0001362,WH0001,PRD0031,2026-03-01,3509,918,367
INVSNP0001363,WH0001,PRD0031,2026-04-01,3547,918,367
INVSNP0001364,WH0001,PRD0031,2026-05-01,2672,918,367
INVSNP0001365,WH0001,PRD0031,2026-06-01,3992,918,367
INVSNP0001366,WH0001,PRD0031,2026-07-01,4448,918,367
INVSNP0001367,WH0001,PRD0031,2026-08-01,3693,918,367
INVSNP0001368,WH0001,PRD0031,2026-09-01,4431,918,367
INVSNP0001369,WH0001,PRD0097,2024-10-01,2260,606,242
INVSNP0001370,WH0001,PRD0097,2024-11-01,2256,606,242
INVSNP0001371,WH0001,PRD0097,2024-12-01,3084,606,242
INVSNP0001372,WH0001,PRD0097,2025-01-01,2864,606,242
INVSNP0001373,WH0001,PRD0097,2025-02-01,2327,606,242
INVSNP0001374,WH0001,PRD0097,2025-03-01,2502,606,242
INVSNP0001375,WH0001,PRD0097,2025-04-01,2841,606,242
INVSNP0001376,WH0001,PRD0097,2025-05-01,3325,606,242
INVSNP0001377,WH0001,PRD0097,2025-06-01,2192,606,242
INVSNP0001378,WH0001,PRD0097,2025-07-01,2485,606,242
INVSNP0001379,WH0001,PRD0097,2025-08-01,2115,606,242
INVSNP0001380,WH0001,PRD0097,2025-09-01,2659,606,242
INVSNP0001381,WH0001,PRD0097,2025-10-01,2920,606,242
INVSNP0001382,WH0001,PRD0097,2025-11-01,2150,606,242
INVSNP0001383,WH0001,PRD0097,2025-12-01,2521,606,242
INVSNP0001384,WH0001,PRD0097,2026-01-01,2219,606,242
INVSNP0001385,WH0001,PRD0097,2026-02-01,2390,606,242
INVSNP0001386,WH0001,PRD0097,2026-03-01,2754,606,242
INVSNP0001387,WH0001,PRD0097,2026-04-01,2888,606,242
INVSNP0001388,WH0001,PRD0097,2026-05-01,2235,606,242
INVSNP0001389,WH0001,PRD0097,2026-06-01,2448,606,242
INVSNP0001390,WH0001,PRD0097,2026-07-01,2885,606,242
INVSNP0001391,WH0001,PRD0097,2026-08-01,2173,606,242
INVSNP0001392,WH0001,PRD0097,2026-09-01,1973,606,242
INVSNP0001393,WH0001,PRD0012,2024-10-01,1902,924,369
INVSNP0001394,WH0001,PRD0012,2024-11-01,2732,924,369
INVSNP0001395,WH0001,PRD0012,2024-12-01,3451,924,369
INVSNP0001396,WH0001,PRD0012,2025-01-01,3419,924,369
INVSNP0001397,WH0001,PRD0012,2025-02-01,3910,924,369
INVSNP0001398,WH0001,PRD0012,2025-03-01,3589,924,369
INVSNP0001399,WH0001,PRD0012,2025-04-01,4744,924,369
INVSNP0001400,WH0001,PRD0012,2025-05-01,3307,924,369
INVSNP0001401,WH0001,PRD0012,2025-06-01,3342,924,369
INVSNP0001402,WH0001,PRD0012,2025-07-01,2920,924,369
INVSNP0001403,WH0001,PRD0012,2025-08-01,3149,924,369
INVSNP0001404,WH0001,PRD0012,2025-09-01,3843,924,369
INVSNP0001405,WH0001,PRD0012,2025-10-01,3669,924,369
INVSNP0001406,WH0001,PRD0012,2025-11-01,4418,924,369
INVSNP0001407,WH0001,PRD0012,2025-12-01,4060,924,369
INVSNP0001408,WH0001,PRD0012,2026-01-01,4068,924,369
INVSNP0001409,WH0001,PRD0012,2026-02-01,3706,924,369
INVSNP0001410,WH0001,PRD0012,2026-03-01,3282,924,369
INVSNP0001411,WH0001,PRD0012,2026-04-01,3399,924,369
INVSNP0001412,WH0001,PRD0012,2026-05-01,4078,924,369
INVSNP0001413,WH0001,PRD0012,2026-06-01,3436,924,369
INVSNP0001414,WH0001,PRD0012,2026-07-01,3027,924,369
INVSNP0001415,WH0001,PRD0012,2026-08-01,3987,924,369
INVSNP0001416,WH0001,PRD0012,2026-09-01,2963,924,369
INVSNP0001417,WH0001,PRD0132,2024-10-01,4383,1198,479
INVSNP0001418,WH0001,PRD0132,2024-11-01,5087,1198,479
INVSNP0001419,WH0001,PRD0132,2024-12-01,4537,1198,479
INVSNP0001420,WH0001,PRD0132,2025-01-01,5557,1198,479
INVSNP0001421,WH0001,PRD0132,2025-02-01,4607,1198,479
INVSNP0001422,WH0001,PRD0132,2025-03-01,4590,1198,479
INVSNP0001423,WH0001,PRD0132,2025-04-01,4983,1198,479
INVSNP0001424,WH0001,PRD0132,2025-05-01,4965,1198,479
INVSNP0001425,WH0001,PRD0132,2025-06-01,5675,1198,479
INVSNP0001426,WH0001,PRD0132,2025-07-01,5532,1198,479
INVSNP0001427,WH0001,PRD0132,2025-08-01,7028,1198,479
INVSNP0001428,WH0001,PRD0132,2025-09-01,5209,1198,479
INVSNP0001429,WH0001,PRD0132,2025-10-01,6213,1198,479
INVSNP0001430,WH0001,PRD0132,2025-11-01,4854,1198,479
INVSNP0001431,WH0001,PRD0132,2025-12-01,5471,1198,479
INVSNP0001432,WH0001,PRD0132,2026-01-01,4563,1198,479
INVSNP0001433,WH0001,PRD0132,2026-02-01,3889,1198,479
INVSNP0001434,WH0001,PRD0132,2026-03-01,3685,1198,479
INVSNP0001435,WH0001,PRD0132,2026-04-01,4381,1198,479
INVSNP0001436,WH0001,PRD0132,2026-05-01,4189,1198,479
INVSNP0001437,WH0001,PRD0132,2026-06-01,5064,1198,479
INVSNP0001438,WH0001,PRD0132,2026-07-01,3915,1198,479
INVSNP0001439,WH0001,PRD0132,2026-08-01,3661,1198,479
INVSNP0001440,WH0001,PRD0132,2026-09-01,6191,1198,479
INVSNP0001441,WH0001,PRD0054,2024-10-01,5829,1227,491
INVSNP0001442,WH0001,PRD0054,2024-11-01,4684,1227,491
INVSNP0001443,WH0001,PRD0054,2024-12-01,5174,1227,491
INVSNP0001444,WH0001,PRD0054,2025-01-01,5631,1227,491
INVSNP0001445,WH0001,PRD0054,2025-02-01,4386,1227,491
INVSNP0001446,WH0001,PRD0054,2025-03-01,5629,1227,491
INVSNP0001447,WH0001,PRD0054,2025-04-01,4920,1227,491
INVSNP0001448,WH0001,PRD0054,2025-05-01,5126,1227,491
INVSNP0001449,WH0001,PRD0054,2025-06-01,3913,1227,491
INVSNP0001450,WH0001,PRD0054,2025-07-01,4826,1227,491
INVSNP0001451,WH0001,PRD0054,2025-08-01,5402,1227,491
INVSNP0001452,WH0001,PRD0054,2025-09-01,4965,1227,491
INVSNP0001453,WH0001,PRD0054,2025-10-01,5258,1227,491
INVSNP0001454,WH0001,PRD0054,2025-11-01,6022,1227,491
INVSNP0001455,WH0001,PRD0054,2025-12-01,5586,1227,491
INVSNP0001456,WH0001,PRD0054,2026-01-01,5033,1227,491
INVSNP0001457,WH0001,PRD0054,2026-02-01,4331,1227,491
INVSNP0001458,WH0001,PRD0054,2026-03-01,6008,1227,491
INVSNP0001459,WH0001,PRD0054,2026-04-01,5549,1227,491
INVSNP0001460,WH0001,PRD0054,2026-05-01,4732,1227,491
INVSNP0001461,WH0001,PRD0054,2026-06-01,4513,1227,491
INVSNP0001462,WH0001,PRD0054,2026-07-01,5082,1227,491
INVSNP0001463,WH0001,PRD0054,2026-08-01,4547,1227,491
INVSNP0001464,WH0001,PRD0054,2026-09-01,5456,1227,491
INVSNP0001465,WH0001,PRD0004,2024-10-01,3381,1013,405
INVSNP0001466,WH0001,PRD0004,2024-11-01,3311,1013,405
INVSNP0001467,WH0001,PRD0004,2024-12-01,4170,1013,405
INVSNP0001468,WH0001,PRD0004,2025-01-01,4566,1013,405
INVSNP0001469,WH0001,PRD0004,2025-02-01,4646,1013,405
INVSNP0001470,WH0001,PRD0004,2025-03-01,3361,1013,405
INVSNP0001471,WH0001,PRD0004,2025-04-01,3639,1013,405
INVSNP0001472,WH0001,PRD0004,2025-05-01,4100,1013,405
INVSNP0001473,WH0001,PRD0004,2025-06-01,4361,1013,405
INVSNP0001474,WH0001,PRD0004,2025-07-01,3949,1013,405
INVSNP0001475,WH0001,PRD0004,2025-08-01,4608,1013,405
INVSNP0001476,WH0001,PRD0004,2025-09-01,4513,1013,405
INVSNP0001477,WH0001,PRD0004,2025-10-01,3777,1013,405
INVSNP0001478,WH0001,PRD0004,2025-11-01,4288,1013,405
INVSNP0001479,WH0001,PRD0004,2025-12-01,4509,1013,405
INVSNP0001480,WH0001,PRD0004,2026-01-01,4015,1013,405
INVSNP0001481,WH0001,PRD0004,2026-02-01,4798,1013,405
INVSNP0001482,WH0001,PRD0004,2026-03-01,4475,1013,405
INVSNP0001483,WH0001,PRD0004,2026-04-01,4572,1013,405
INVSNP0001484,WH0001,PRD0004,2026-05-01,3656,1013,405
INVSNP0001485,WH0001,PRD0004,2026-06-01,4039,1013,405
INVSNP0001486,WH0001,PRD0004,2026-07-01,4429,1013,405
INVSNP0001487,WH0001,PRD0004,2026-08-01,3897,1013,405
INVSNP0001488,WH0001,PRD0004,2026-09-01,3636,1013,405
INVSNP0001489,WH0001,PRD0002,2024-10-01,4468,992,396
INVSNP0001490,WH0001,PRD0002,2024-11-01,4138,992,396
INVSNP0001491,WH0001,PRD0002,2024-12-01,4134,992,396
INVSNP0001492,WH0001,PRD0002,2025-01-01,4871,992,396
INVSNP0001493,WH0001,PRD0002,2025-02-01,3654,992,396
INVSNP0001494,WH0001,PRD0002,2025-03-01,4341,992,396
INVSNP0001495,WH0001,PRD0002,2025-04-01,3154,992,396
INVSNP0001496,WH0001,PRD0002,2025-05-01,4657,992,396
INVSNP0001497,WH0001,PRD0002,2025-06-01,4196,992,396
INVSNP0001498,WH0001,PRD0002,2025-07-01,3972,992,396
INVSNP0001499,WH0001,PRD0002,2025-08-01,3845,992,396
INVSNP0001500,WH0001,PRD0002,2025-09-01,4886,992,396
INVSNP0001501,WH0001,PRD0002,2025-10-01,4357,992,396
INVSNP0001502,WH0001,PRD0002,2025-11-01,3782,992,396
INVSNP0001503,WH0001,PRD0002,2025-12-01,3528,992,396
INVSNP0001504,WH0001,PRD0002,2026-01-01,5063,992,396
INVSNP0001505,WH0001,PRD0002,2026-02-01,3695,992,396
INVSNP0001506,WH0001,PRD0002,2026-03-01,3419,992,396
INVSNP0001507,WH0001,PRD0002,2026-04-01,3542,992,396
INVSNP0001508,WH0001,PRD0002,2026-05-01,4628,992,396
INVSNP0001509,WH0001,PRD0002,2026-06-01,3758,992,396
INVSNP0001510,WH0001,PRD0002,2026-07-01,4082,992,396
INVSNP0001511,WH0001,PRD0002,2026-08-01,4046,992,396
INVSNP0001512,WH0001,PRD0002,2026-09-01,2696,992,396
INVSNP0001513,WH0001,PRD0134,2024-10-01,2404,734,293
INVSNP0001514,WH0001,PRD0134,2024-11-01,2595,734,293
INVSNP0001515,WH0001,PRD0134,2024-12-01,3370,734,293
INVSNP0001516,WH0001,PRD0134,2025-01-01,2348,734,293
INVSNP0001517,WH0001,PRD0134,2025-02-01,3139,734,293
INVSNP0001518,WH0001,PRD0134,2025-03-01,2748,734,293
INVSNP0001519,WH0001,PRD0134,2025-04-01,2942,734,293
INVSNP0001520,WH0001,PRD0134,2025-05-01,3778,734,293
INVSNP0001521,WH0001,PRD0134,2025-06-01,2963,734,293
INVSNP0001522,WH0001,PRD0134,2025-07-01,3878,734,293
INVSNP0001523,WH0001,PRD0134,2025-08-01,2453,734,293
INVSNP0001524,WH0001,PRD0134,2025-09-01,2935,734,293
INVSNP0001525,WH0001,PRD0134,2025-10-01,2533,734,293
INVSNP0001526,WH0001,PRD0134,2025-11-01,2868,734,293
INVSNP0001527,WH0001,PRD0134,2025-12-01,2965,734,293
INVSNP0001528,WH0001,PRD0134,2026-01-01,2761,734,293
INVSNP0001529,WH0001,PRD0134,2026-02-01,2629,734,293
INVSNP0001530,WH0001,PRD0134,2026-03-01,2730,734,293
INVSNP0001531,WH0001,PRD0134,2026-04-01,2059,734,293
INVSNP0001532,WH0001,PRD0134,2026-05-01,2994,734,293
INVSNP0001533,WH0001,PRD0134,2026-06-01,2758,734,293
INVSNP0001534,WH0001,PRD0134,2026-07-01,3056,734,293
INVSNP0001535,WH0001,PRD0134,2026-08-01,2671,734,293
INVSNP0001536,WH0001,PRD0134,2026-09-01,3465,734,293
INVSNP0001537,WH0001,PRD0025,2024-10-01,5079,1144,457
INVSNP0001538,WH0001,PRD0025,2024-11-01,5558,1144,457
INVSNP0001539,WH0001,PRD0025,2024-12-01,4160,1144,457
INVSNP0001540,WH0001,PRD0025,2025-01-01,4009,1144,457
INVSNP0001541,WH0001,PRD0025,2025-02-01,3692,1144,457
INVSNP0001542,WH0001,PRD0025,2025-03-01,4771,1144,457
INVSNP0001543,WH0001,PRD0025,2025-04-01,4047,1144,457
INVSNP0001544,WH0001,PRD0025,2025-05-01,4016,1144,457
INVSNP0001545,WH0001,PRD0025,2025-06-01,4720,1144,457
INVSNP0001546,WH0001,PRD0025,2025-07-01,3825,1144,457
INVSNP0001547,WH0001,PRD0025,2025-08-01,3973,1144,457
INVSNP0001548,WH0001,PRD0025,2025-09-01,3617,1144,457
INVSNP0001549,WH0001,PRD0025,2025-10-01,6338,1144,457
INVSNP0001550,WH0001,PRD0025,2025-11-01,3795,1144,457
INVSNP0001551,WH0001,PRD0025,2025-12-01,3963,1144,457
INVSNP0001552,WH0001,PRD0025,2026-01-01,5476,1144,457
INVSNP0001553,WH0001,PRD0025,2026-02-01,3689,1144,457
INVSNP0001554,WH0001,PRD0025,2026-03-01,4340,1144,457
INVSNP0001555,WH0001,PRD0025,2026-04-01,3903,1144,457
INVSNP0001556,WH0001,PRD0025,2026-05-01,4910,1144,457
INVSNP0001557,WH0001,PRD0025,2026-06-01,5346,1144,457
INVSNP0001558,WH0001,PRD0025,2026-07-01,4642,1144,457
INVSNP0001559,WH0001,PRD0025,2026-08-01,4150,1144,457
INVSNP0001560,WH0001,PRD0025,2026-09-01,3924,1144,457
INVSNP0001561,WH0001,PRD0009,2024-10-01,3345,827,331
INVSNP0001562,WH0001,PRD0009,2024-11-01,3403,827,331
INVSNP0001563,WH0001,PRD0009,2024-12-01,3685,827,331
INVSNP0001564,WH0001,PRD0009,2025-01-01,3983,827,331
INVSNP0001565,WH0001,PRD0009,2025-02-01,3013,827,331
INVSNP0001566,WH0001,PRD0009,2025-03-01,3499,827,331
INVSNP0001567,WH0001,PRD0009,2025-04-01,3378,827,331
INVSNP0001568,WH0001,PRD0009,2025-05-01,3731,827,331
INVSNP0001569,WH0001,PRD0009,2025-06-01,3028,827,331
INVSNP0001570,WH0001,PRD0009,2025-07-01,2102,827,331
INVSNP0001571,WH0001,PRD0009,2025-08-01,2413,827,331
INVSNP0001572,WH0001,PRD0009,2025-09-01,3703,827,331
INVSNP0001573,WH0001,PRD0009,2025-10-01,3145,827,331
INVSNP0001574,WH0001,PRD0009,2025-11-01,3158,827,331
INVSNP0001575,WH0001,PRD0009,2025-12-01,3439,827,331
INVSNP0001576,WH0001,PRD0009,2026-01-01,3403,827,331
INVSNP0001577,WH0001,PRD0009,2026-02-01,4318,827,331
INVSNP0001578,WH0001,PRD0009,2026-03-01,3419,827,331
INVSNP0001579,WH0001,PRD0009,2026-04-01,2417,827,331
INVSNP0001580,WH0001,PRD0009,2026-05-01,3194,827,331
INVSNP0001581,WH0001,PRD0009,2026-06-01,2817,827,331
INVSNP0001582,WH0001,PRD0009,2026-07-01,2888,827,331
INVSNP0001583,WH0001,PRD0009,2026-08-01,2559,827,331
INVSNP0001584,WH0001,PRD0009,2026-09-01,3999,827,331
INVSNP0001585,WH0001,PRD0029,2024-10-01,1906,417,167
INVSNP0001586,WH0001,PRD0029,2024-11-01,1505,417,167
INVSNP0001587,WH0001,PRD0029,2024-12-01,1408,417,167
INVSNP0001588,WH0001,PRD0029,2025-01-01,1596,417,167
INVSNP0001589,WH0001,PRD0029,2025-02-01,1801,417,167
INVSNP0001590,WH0001,PRD0029,2025-03-01,1843,417,167
INVSNP0001591,WH0001,PRD0029,2025-04-01,1261,417,167
INVSNP0001592,WH0001,PRD0029,2025-05-01,1658,417,167
INVSNP0001593,WH0001,PRD0029,2025-06-01,1457,417,167
INVSNP0001594,WH0001,PRD0029,2025-07-01,1378,417,167
INVSNP0001595,WH0001,PRD0029,2025-08-01,1840,417,167
INVSNP0001596,WH0001,PRD0029,2025-09-01,1376,417,167
INVSNP0001597,WH0001,PRD0029,2025-10-01,1985,417,167
INVSNP0001598,WH0001,PRD0029,2025-11-01,1740,417,167
INVSNP0001599,WH0001,PRD0029,2025-12-01,1480,417,167
INVSNP0001600,WH0001,PRD0029,2026-01-01,2161,417,167
INVSNP0001601,WH0001,PRD0029,2026-02-01,1883,417,167
INVSNP0001602,WH0001,PRD0029,2026-03-01,1839,417,167
INVSNP0001603,WH0001,PRD0029,2026-04-01,1880,417,167
INVSNP0001604,WH0001,PRD0029,2026-05-01,1684,417,167
INVSNP0001605,WH0001,PRD0029,2026-06-01,2045,417,167
INVSNP0001606,WH0001,PRD0029,2026-07-01,1641,417,167
INVSNP0001607,WH0001,PRD0029,2026-08-01,1732,417,167
INVSNP0001608,WH0001,PRD0029,2026-09-01,1889,417,167
INVSNP0001609,WH0001,PRD0013,2024-10-01,1594,361,144
INVSNP0001610,WH0001,PRD0013,2024-11-01,1464,361,144
INVSNP0001611,WH0001,PRD0013,2024-12-01,1744,361,144
INVSNP0001612,WH0001,PRD0013,2025-01-01,1827,361,144
INVSNP0001613,WH0001,PRD0013,2025-02-01,1483,361,144
INVSNP0001614,WH0001,PRD0013,2025-03-01,1092,361,144
INVSNP0001615,WH0001,PRD0013,2025-04-01,1478,361,144
INVSNP0001616,WH0001,PRD0013,2025-05-01,1467,361,144
INVSNP0001617,WH0001,PRD0013,2025-06-01,1559,361,144
INVSNP0001618,WH0001,PRD0013,2025-07-01,1633,361,144
INVSNP0001619,WH0001,PRD0013,2025-08-01,1710,361,144
INVSNP0001620,WH0001,PRD0013,2025-09-01,1560,361,144
INVSNP0001621,WH0001,PRD0013,2025-10-01,1434,361,144
INVSNP0001622,WH0001,PRD0013,2025-11-01,1263,361,144
INVSNP0001623,WH0001,PRD0013,2025-12-01,1295,361,144
INVSNP0001624,WH0001,PRD0013,2026-01-01,1453,361,144
INVSNP0001625,WH0001,PRD0013,2026-02-01,1263,361,144
INVSNP0001626,WH0001,PRD0013,2026-03-01,1329,361,144
INVSNP0001627,WH0001,PRD0013,2026-04-01,1686,361,144
INVSNP0001628,WH0001,PRD0013,2026-05-01,1572,361,144
INVSNP0001629,WH0001,PRD0013,2026-06-01,1582,361,144
INVSNP0001630,WH0001,PRD0013,2026-07-01,1502,361,144
INVSNP0001631,WH0001,PRD0013,2026-08-01,1651,361,144
INVSNP0001632,WH0001,PRD0013,2026-09-01,1684,361,144
INVSNP0001633,WH0001,PRD0149,2024-10-01,922,234,93
INVSNP0001634,WH0001,PRD0149,2024-11-01,728,234,93
INVSNP0001635,WH0001,PRD0149,2024-12-01,875,234,93
INVSNP0001636,WH0001,PRD0149,2025-01-01,998,234,93
INVSNP0001637,WH0001,PRD0149,2025-02-01,973,234,93
INVSNP0001638,WH0001,PRD0149,2025-03-01,983,234,93
INVSNP0001639,WH0001,PRD0149,2025-04-01,949,234,93
INVSNP0001640,WH0001,PRD0149,2025-05-01,1050,234,93
INVSNP0001641,WH0001,PRD0149,2025-06-01,1162,234,93
INVSNP0001642,WH0001,PRD0149,2025-07-01,935,234,93
INVSNP0001643,WH0001,PRD0149,2025-08-01,810,234,93
INVSNP0001644,WH0001,PRD0149,2025-09-01,1081,234,93
INVSNP0001645,WH0001,PRD0149,2025-10-01,892,234,93
INVSNP0001646,WH0001,PRD0149,2025-11-01,1077,234,93
INVSNP0001647,WH0001,PRD0149,2025-12-01,1027,234,93
INVSNP0001648,WH0001,PRD0149,2026-01-01,899,234,93
INVSNP0001649,WH0001,PRD0149,2026-02-01,797,234,93
INVSNP0001650,WH0001,PRD0149,2026-03-01,839,234,93
INVSNP0001651,WH0001,PRD0149,2026-04-01,960,234,93
INVSNP0001652,WH0001,PRD0149,2026-05-01,1061,234,93
INVSNP0001653,WH0001,PRD0149,2026-06-01,1112,234,93
INVSNP0001654,WH0001,PRD0149,2026-07-01,980,234,93
INVSNP0001655,WH0001,PRD0149,2026-08-01,1023,234,93
INVSNP0001656,WH0001,PRD0149,2026-09-01,899,234,93
INVSNP0001657,WH0002,PRD0043,2024-10-01,696,143,57
INVSNP0001658,WH0002,PRD0043,2024-11-01,774,143,57
INVSNP0001659,WH0002,PRD0043,2024-12-01,689,143,57
INVSNP0001660,WH0002,PRD0043,2025-01-01,435,143,57
INVSNP0001661,WH0002,PRD0043,2025-02-01,565,143,57
INVSNP0001662,WH0002,PRD0043,2025-03-01,692,143,57
INVSNP0001663,WH0002,PRD0043,2025-04-01,594,143,57
INVSNP0001664,WH0002,PRD0043,2025-05-01,494,143,57
INVSNP0001665,WH0002,PRD0043,2025-06-01,585,143,57
INVSNP0001666,WH0002,PRD0043,2025-07-01,517,143,57
INVSNP0001667,WH0002,PRD0043,2025-08-01,574,143,57
INVSNP0001668,WH0002,PRD0043,2025-09-01,576,143,57
INVSNP0001669,WH0002,PRD0043,2025-10-01,554,143,57
INVSNP0001670,WH0002,PRD0043,2025-11-01,514,143,57
INVSNP0001671,WH0002,PRD0043,2025-12-01,555,143,57
INVSNP0001672,WH0002,PRD0043,2026-01-01,489,143,57
INVSNP0001673,WH0002,PRD0043,2026-02-01,583,143,57
INVSNP0001674,WH0002,PRD0043,2026-03-01,568,143,57
INVSNP0001675,WH0002,PRD0043,2026-04-01,613,143,57
INVSNP0001676,WH0002,PRD0043,2026-05-01,604,143,57
INVSNP0001677,WH0002,PRD0043,2026-06-01,545,143,57
INVSNP0001678,WH0002,PRD0043,2026-07-01,422,143,57
INVSNP0001679,WH0002,PRD0043,2026-08-01,549,143,57
INVSNP0001680,WH0002,PRD0043,2026-09-01,621,143,57
INVSNP0001681,WH0002,PRD0012,2024-10-01,4173,960,384
INVSNP0001682,WH0002,PRD0012,2024-11-01,4216,960,384
INVSNP0001683,WH0002,PRD0012,2024-12-01,3962,960,384
INVSNP0001684,WH0002,PRD0012,2025-01-01,4185,960,384
INVSNP0001685,WH0002,PRD0012,2025-02-01,3561,960,384
INVSNP0001686,WH0002,PRD0012,2025-03-01,3663,960,384
INVSNP0001687,WH0002,PRD0012,2025-04-01,3059,960,384
INVSNP0001688,WH0002,PRD0012,2025-05-01,2737,960,384
INVSNP0001689,WH0002,PRD0012,2025-06-01,4031,960,384
INVSNP0001690,WH0002,PRD0012,2025-07-01,4240,960,384
INVSNP0001691,WH0002,PRD0012,2025-08-01,3542,960,384
INVSNP0001692,WH0002,PRD0012,2025-09-01,4178,960,384
INVSNP0001693,WH0002,PRD0012,2025-10-01,3499,960,384
INVSNP0001694,WH0002,PRD0012,2025-11-01,3862,960,384
INVSNP0001695,WH0002,PRD0012,2025-12-01,4120,960,384
INVSNP0001696,WH0002,PRD0012,2026-01-01,4017,960,384
INVSNP0001697,WH0002,PRD0012,2026-02-01,4082,960,384
INVSNP0001698,WH0002,PRD0012,2026-03-01,3266,960,384
INVSNP0001699,WH0002,PRD0012,2026-04-01,4275,960,384
INVSNP0001700,WH0002,PRD0012,2026-05-01,4131,960,384
INVSNP0001701,WH0002,PRD0012,2026-06-01,3394,960,384
INVSNP0001702,WH0002,PRD0012,2026-07-01,3772,960,384
INVSNP0001703,WH0002,PRD0012,2026-08-01,3979,960,384
INVSNP0001704,WH0002,PRD0012,2026-09-01,3355,960,384
INVSNP0001705,WH0002,PRD0107,2024-10-01,4626,837,335
INVSNP0001706,WH0002,PRD0107,2024-11-01,2970,837,335
INVSNP0001707,WH0002,PRD0107,2024-12-01,3416,837,335
INVSNP0001708,WH0002,PRD0107,2025-01-01,2956,837,335
INVSNP0001709,WH0002,PRD0107,2025-02-01,3265,837,335
INVSNP0001710,WH0002,PRD0107,2025-03-01,3055,837,335
INVSNP0001711,WH0002,PRD0107,2025-04-01,3055,837,335
INVSNP0001712,WH0002,PRD0107,2025-05-01,3107,837,335
INVSNP0001713,WH0002,PRD0107,2025-06-01,3780,837,335
INVSNP0001714,WH0002,PRD0107,2025-07-01,3489,837,335
INVSNP0001715,WH0002,PRD0107,2025-08-01,2957,837,335
INVSNP0001716,WH0002,PRD0107,2025-09-01,3523,837,335
INVSNP0001717,WH0002,PRD0107,2025-10-01,3513,837,335
INVSNP0001718,WH0002,PRD0107,2025-11-01,3506,837,335
INVSNP0001719,WH0002,PRD0107,2025-12-01,3815,837,335
INVSNP0001720,WH0002,PRD0107,2026-01-01,3254,837,335
INVSNP0001721,WH0002,PRD0107,2026-02-01,3303,837,335
INVSNP0001722,WH0002,PRD0107,2026-03-01,2662,837,335
INVSNP0001723,WH0002,PRD0107,2026-04-01,2379,837,335
INVSNP0001724,WH0002,PRD0107,2026-05-01,2402,837,335
INVSNP0001725,WH0002,PRD0107,2026-06-01,3897,837,335
INVSNP0001726,WH0002,PRD0107,2026-07-01,3597,837,335
INVSNP0001727,WH0002,PRD0107,2026-08-01,2231,837,335
INVSNP0001728,WH0002,PRD0107,2026-09-01,3527,837,335
INVSNP0001729,WH0002,PRD0132,2024-10-01,4811,1144,457
INVSNP0001730,WH0002,PRD0132,2024-11-01,4154,1144,457
INVSNP0001731,WH0002,PRD0132,2024-12-01,4224,1144,457
INVSNP0001732,WH0002,PRD0132,2025-01-01,4064,1144,457
INVSNP0001733,WH0002,PRD0132,2025-02-01,2653,1144,457
INVSNP0001734,WH0002,PRD0132,2025-03-01,4632,1144,457
INVSNP0001735,WH0002,PRD0132,2025-04-01,3720,1144,457
INVSNP0001736,WH0002,PRD0132,2025-05-01,4388,1144,457
INVSNP0001737,WH0002,PRD0132,2025-06-01,3936,1144,457
INVSNP0001738,WH0002,PRD0132,2025-07-01,5011,1144,457
INVSNP0001739,WH0002,PRD0132,2025-08-01,3181,1144,457
INVSNP0001740,WH0002,PRD0132,2025-09-01,3707,1144,457
INVSNP0001741,WH0002,PRD0132,2025-10-01,4746,1144,457
INVSNP0001742,WH0002,PRD0132,2025-11-01,3611,1144,457
INVSNP0001743,WH0002,PRD0132,2025-12-01,4599,1144,457
INVSNP0001744,WH0002,PRD0132,2026-01-01,4415,1144,457
INVSNP0001745,WH0002,PRD0132,2026-02-01,5481,1144,457
INVSNP0001746,WH0002,PRD0132,2026-03-01,3965,1144,457
INVSNP0001747,WH0002,PRD0132,2026-04-01,4574,1144,457
INVSNP0001748,WH0002,PRD0132,2026-05-01,5203,1144,457
INVSNP0001749,WH0002,PRD0132,2026-06-01,3408,1144,457
INVSNP0001750,WH0002,PRD0132,2026-07-01,5027,1144,457
INVSNP0001751,WH0002,PRD0132,2026-08-01,4986,1144,457
INVSNP0001752,WH0002,PRD0132,2026-09-01,3910,1144,457
INVSNP0001753,WH0002,PRD0028,2024-10-01,6051,1083,433
INVSNP0001754,WH0002,PRD0028,2024-11-01,3907,1083,433
INVSNP0001755,WH0002,PRD0028,2024-12-01,4328,1083,433
INVSNP0001756,WH0002,PRD0028,2025-01-01,4110,1083,433
INVSNP0001757,WH0002,PRD0028,2025-02-01,3546,1083,433
INVSNP0001758,WH0002,PRD0028,2025-03-01,4398,1083,433
INVSNP0001759,WH0002,PRD0028,2025-04-01,5020,1083,433
INVSNP0001760,WH0002,PRD0028,2025-05-01,3295,1083,433
INVSNP0001761,WH0002,PRD0028,2025-06-01,4816,1083,433
INVSNP0001762,WH0002,PRD0028,2025-07-01,3257,1083,433
INVSNP0001763,WH0002,PRD0028,2025-08-01,3926,1083,433
INVSNP0001764,WH0002,PRD0028,2025-09-01,4023,1083,433
INVSNP0001765,WH0002,PRD0028,2025-10-01,4204,1083,433
INVSNP0001766,WH0002,PRD0028,2025-11-01,4672,1083,433
INVSNP0001767,WH0002,PRD0028,2025-12-01,5210,1083,433
INVSNP0001768,WH0002,PRD0028,2026-01-01,3834,1083,433
INVSNP0001769,WH0002,PRD0028,2026-02-01,5238,1083,433
INVSNP0001770,WH0002,PRD0028,2026-03-01,3279,1083,433
INVSNP0001771,WH0002,PRD0028,2026-04-01,2982,1083,433
INVSNP0001772,WH0002,PRD0028,2026-05-01,4905,1083,433
INVSNP0001773,WH0002,PRD0028,2026-06-01,3616,1083,433
INVSNP0001774,WH0002,PRD0028,2026-07-01,3574,1083,433
INVSNP0001775,WH0002,PRD0028,2026-08-01,4849,1083,433
INVSNP0001776,WH0002,PRD0028,2026-09-01,5523,1083,433
INVSNP0001777,WH0002,PRD0084,2024-10-01,3753,1191,476
INVSNP0001778,WH0002,PRD0084,2024-11-01,5149,1191,476
INVSNP0001779,WH0002,PRD0084,2024-12-01,5236,1191,476
INVSNP0001780,WH0002,PRD0084,2025-01-01,3899,1191,476
INVSNP0001781,WH0002,PRD0084,2025-02-01,4214,1191,476
INVSNP0001782,WH0002,PRD0084,2025-03-01,5755,1191,476
INVSNP0001783,WH0002,PRD0084,2025-04-01,4852,1191,476
INVSNP0001784,WH0002,PRD0084,2025-05-01,4314,1191,476
INVSNP0001785,WH0002,PRD0084,2025-06-01,5692,1191,476
INVSNP0001786,WH0002,PRD0084,2025-07-01,4097,1191,476
INVSNP0001787,WH0002,PRD0084,2025-08-01,4298,1191,476
INVSNP0001788,WH0002,PRD0084,2025-09-01,4967,1191,476
INVSNP0001789,WH0002,PRD0084,2025-10-01,5161,1191,476
INVSNP0001790,WH0002,PRD0084,2025-11-01,4575,1191,476
INVSNP0001791,WH0002,PRD0084,2025-12-01,4704,1191,476
INVSNP0001792,WH0002,PRD0084,2026-01-01,4500,1191,476
INVSNP0001793,WH0002,PRD0084,2026-02-01,5403,1191,476
INVSNP0001794,WH0002,PRD0084,2026-03-01,3492,1191,476
INVSNP0001795,WH0002,PRD0084,2026-04-01,5326,1191,476
INVSNP0001796,WH0002,PRD0084,2026-05-01,3777,1191,476
INVSNP0001797,WH0002,PRD0084,2026-06-01,4229,1191,476
INVSNP0001798,WH0002,PRD0084,2026-07-01,5136,1191,476
INVSNP0001799,WH0002,PRD0084,2026-08-01,5164,1191,476
INVSNP0001800,WH0002,PRD0084,2026-09-01,4642,1191,476
INVSNP0001801,WH0002,PRD0083,2024-10-01,4304,1006,402
INVSNP0001802,WH0002,PRD0083,2024-11-01,3431,1006,402
INVSNP0001803,WH0002,PRD0083,2024-12-01,3385,1006,402
INVSNP0001804,WH0002,PRD0083,2025-01-01,4259,1006,402
INVSNP0001805,WH0002,PRD0083,2025-02-01,3802,1006,402
INVSNP0001806,WH0002,PRD0083,2025-03-01,4384,1006,402
INVSNP0001807,WH0002,PRD0083,2025-04-01,4509,1006,402
INVSNP0001808,WH0002,PRD0083,2025-05-01,4535,1006,402
INVSNP0001809,WH0002,PRD0083,2025-06-01,3847,1006,402
INVSNP0001810,WH0002,PRD0083,2025-07-01,4294,1006,402
INVSNP0001811,WH0002,PRD0083,2025-08-01,3630,1006,402
INVSNP0001812,WH0002,PRD0083,2025-09-01,4608,1006,402
INVSNP0001813,WH0002,PRD0083,2025-10-01,3564,1006,402
INVSNP0001814,WH0002,PRD0083,2025-11-01,4133,1006,402
INVSNP0001815,WH0002,PRD0083,2025-12-01,4496,1006,402
INVSNP0001816,WH0002,PRD0083,2026-01-01,3837,1006,402
INVSNP0001817,WH0002,PRD0083,2026-02-01,4653,1006,402
INVSNP0001818,WH0002,PRD0083,2026-03-01,3463,1006,402
INVSNP0001819,WH0002,PRD0083,2026-04-01,4039,1006,402
INVSNP0001820,WH0002,PRD0083,2026-05-01,4335,1006,402
INVSNP0001821,WH0002,PRD0083,2026-06-01,3776,1006,402
INVSNP0001822,WH0002,PRD0083,2026-07-01,3790,1006,402
INVSNP0001823,WH0002,PRD0083,2026-08-01,4349,1006,402
INVSNP0001824,WH0002,PRD0083,2026-09-01,4154,1006,402
INVSNP0001825,WH0002,PRD0049,2024-10-01,5048,1113,445
INVSNP0001826,WH0002,PRD0049,2024-11-01,3983,1113,445
INVSNP0001827,WH0002,PRD0049,2024-12-01,3329,1113,445
INVSNP0001828,WH0002,PRD0049,2025-01-01,5149,1113,445
INVSNP0001829,WH0002,PRD0049,2025-02-01,4886,1113,445
INVSNP0001830,WH0002,PRD0049,2025-03-01,4904,1113,445
INVSNP0001831,WH0002,PRD0049,2025-04-01,4084,1113,445
INVSNP0001832,WH0002,PRD0049,2025-05-01,4455,1113,445
INVSNP0001833,WH0002,PRD0049,2025-06-01,5061,1113,445
INVSNP0001834,WH0002,PRD0049,2025-07-01,4239,1113,445
INVSNP0001835,WH0002,PRD0049,2025-08-01,4288,1113,445
INVSNP0001836,WH0002,PRD0049,2025-09-01,4228,1113,445
INVSNP0001837,WH0002,PRD0049,2025-10-01,3799,1113,445
INVSNP0001838,WH0002,PRD0049,2025-11-01,4593,1113,445
INVSNP0001839,WH0002,PRD0049,2025-12-01,3361,1113,445
INVSNP0001840,WH0002,PRD0049,2026-01-01,4117,1113,445
INVSNP0001841,WH0002,PRD0049,2026-02-01,5252,1113,445
INVSNP0001842,WH0002,PRD0049,2026-03-01,4585,1113,445
INVSNP0001843,WH0002,PRD0049,2026-04-01,4567,1113,445
INVSNP0001844,WH0002,PRD0049,2026-05-01,4279,1113,445
INVSNP0001845,WH0002,PRD0049,2026-06-01,4947,1113,445
INVSNP0001846,WH0002,PRD0049,2026-07-01,3629,1113,445
INVSNP0001847,WH0002,PRD0049,2026-08-01,6062,1113,445
INVSNP0001848,WH0002,PRD0049,2026-09-01,4090,1113,445
INVSNP0001849,WH0002,PRD0054,2024-10-01,879,227,90
INVSNP0001850,WH0002,PRD0054,2024-11-01,946,227,90
INVSNP0001851,WH0002,PRD0054,2024-12-01,979,227,90
INVSNP0001852,WH0002,PRD0054,2025-01-01,897,227,90
INVSNP0001853,WH0002,PRD0054,2025-02-01,977,227,90
INVSNP0001854,WH0002,PRD0054,2025-03-01,882,227,90
INVSNP0001855,WH0002,PRD0054,2025-04-01,906,227,90
INVSNP0001856,WH0002,PRD0054,2025-05-01,833,227,90
INVSNP0001857,WH0002,PRD0054,2025-06-01,986,227,90
INVSNP0001858,WH0002,PRD0054,2025-07-01,1051,227,90
INVSNP0001859,WH0002,PRD0054,2025-08-01,803,227,90
INVSNP0001860,WH0002,PRD0054,2025-09-01,867,227,90
INVSNP0001861,WH0002,PRD0054,2025-10-01,776,227,90
INVSNP0001862,WH0002,PRD0054,2025-11-01,1094,227,90
INVSNP0001863,WH0002,PRD0054,2025-12-01,770,227,90
INVSNP0001864,WH0002,PRD0054,2026-01-01,906,227,90
INVSNP0001865,WH0002,PRD0054,2026-02-01,814,227,90
INVSNP0001866,WH0002,PRD0054,2026-03-01,842,227,90
INVSNP0001867,WH0002,PRD0054,2026-04-01,860,227,90
INVSNP0001868,WH0002,PRD0054,2026-05-01,912,227,90
INVSNP0001869,WH0002,PRD0054,2026-06-01,1113,227,90
INVSNP0001870,WH0002,PRD0054,2026-07-01,917,227,90
INVSNP0001871,WH0002,PRD0054,2026-08-01,869,227,90
INVSNP0001872,WH0002,PRD0054,2026-09-01,934,227,90
INVSNP0001873,WH0002,PRD0139,2024-10-01,2992,610,244
INVSNP0001874,WH0002,PRD0139,2024-11-01,2446,610,244
INVSNP0001875,WH0002,PRD0139,2024-12-01,2576,610,244
INVSNP0001876,WH0002,PRD0139,2025-01-01,2056,610,244
INVSNP0001877,WH0002,PRD0139,2025-02-01,1892,610,244
INVSNP0001878,WH0002,PRD0139,2025-03-01,1777,610,244
INVSNP0001879,WH0002,PRD0139,2025-04-01,2249,610,244
INVSNP0001880,WH0002,PRD0139,2025-05-01,2780,610,244
INVSNP0001881,WH0002,PRD0139,2025-06-01,2687,610,244
INVSNP0001882,WH0002,PRD0139,2025-07-01,2013,610,244
INVSNP0001883,WH0002,PRD0139,2025-08-01,2697,610,244
INVSNP0001884,WH0002,PRD0139,2025-09-01,2375,610,244
INVSNP0001885,WH0002,PRD0139,2025-10-01,2468,610,244
INVSNP0001886,WH0002,PRD0139,2025-11-01,1936,610,244
INVSNP0001887,WH0002,PRD0139,2025-12-01,2361,610,244
INVSNP0001888,WH0002,PRD0139,2026-01-01,2828,610,244
INVSNP0001889,WH0002,PRD0139,2026-02-01,2319,610,244
INVSNP0001890,WH0002,PRD0139,2026-03-01,2322,610,244
INVSNP0001891,WH0002,PRD0139,2026-04-01,2604,610,244
INVSNP0001892,WH0002,PRD0139,2026-05-01,2068,610,244
INVSNP0001893,WH0002,PRD0139,2026-06-01,2451,610,244
INVSNP0001894,WH0002,PRD0139,2026-07-01,2450,610,244
INVSNP0001895,WH0002,PRD0139,2026-08-01,2664,610,244
INVSNP0001896,WH0002,PRD0139,2026-09-01,2953,610,244
INVSNP0001897,WH0002,PRD0102,2024-10-01,4377,1164,465
INVSNP0001898,WH0002,PRD0102,2024-11-01,4540,1164,465
INVSNP0001899,WH0002,PRD0102,2024-12-01,3969,1164,465
INVSNP0001900,WH0002,PRD0102,2025-01-01,5139,1164,465
INVSNP0001901,WH0002,PRD0102,2025-02-01,5601,1164,465
INVSNP0001902,WH0002,PRD0102,2025-03-01,4709,1164,465
INVSNP0001903,WH0002,PRD0102,2025-04-01,5566,1164,465
INVSNP0001904,WH0002,PRD0102,2025-05-01,5106,1164,465
INVSNP0001905,WH0002,PRD0102,2025-06-01,6270,1164,465
INVSNP0001906,WH0002,PRD0102,2025-07-01,3864,1164,465
INVSNP0001907,WH0002,PRD0102,2025-08-01,3374,1164,465
INVSNP0001908,WH0002,PRD0102,2025-09-01,4461,1164,465
INVSNP0001909,WH0002,PRD0102,2025-10-01,4679,1164,465
INVSNP0001910,WH0002,PRD0102,2025-11-01,4459,1164,465
INVSNP0001911,WH0002,PRD0102,2025-12-01,4923,1164,465
INVSNP0001912,WH0002,PRD0102,2026-01-01,5964,1164,465
INVSNP0001913,WH0002,PRD0102,2026-02-01,4777,1164,465
INVSNP0001914,WH0002,PRD0102,2026-03-01,6025,1164,465
INVSNP0001915,WH0002,PRD0102,2026-04-01,4820,1164,465
INVSNP0001916,WH0002,PRD0102,2026-05-01,6018,1164,465
INVSNP0001917,WH0002,PRD0102,2026-06-01,4177,1164,465
INVSNP0001918,WH0002,PRD0102,2026-07-01,4513,1164,465
INVSNP0001919,WH0002,PRD0102,2026-08-01,5820,1164,465
INVSNP0001920,WH0002,PRD0102,2026-09-01,4556,1164,465
INVSNP0001921,WH0002,PRD0110,2024-10-01,2268,545,218
INVSNP0001922,WH0002,PRD0110,2024-11-01,2101,545,218
INVSNP0001923,WH0002,PRD0110,2024-12-01,2231,545,218
INVSNP0001924,WH0002,PRD0110,2025-01-01,2085,545,218
INVSNP0001925,WH0002,PRD0110,2025-02-01,2272,545,218
INVSNP0001926,WH0002,PRD0110,2025-03-01,2534,545,218
INVSNP0001927,WH0002,PRD0110,2025-04-01,2822,545,218
INVSNP0001928,WH0002,PRD0110,2025-05-01,2110,545,218
INVSNP0001929,WH0002,PRD0110,2025-06-01,2609,545,218
INVSNP0001930,WH0002,PRD0110,2025-07-01,2452,545,218
INVSNP0001931,WH0002,PRD0110,2025-08-01,1724,545,218
INVSNP0001932,WH0002,PRD0110,2025-09-01,1858,545,218
INVSNP0001933,WH0002,PRD0110,2025-10-01,2339,545,218
INVSNP0001934,WH0002,PRD0110,2025-11-01,2222,545,218
INVSNP0001935,WH0002,PRD0110,2025-12-01,2574,545,218
INVSNP0001936,WH0002,PRD0110,2026-01-01,1768,545,218
INVSNP0001937,WH0002,PRD0110,2026-02-01,2287,545,218
INVSNP0001938,WH0002,PRD0110,2026-03-01,1721,545,218
INVSNP0001939,WH0002,PRD0110,2026-04-01,1880,545,218
INVSNP0001940,WH0002,PRD0110,2026-05-01,1842,545,218
INVSNP0001941,WH0002,PRD0110,2026-06-01,1875,545,218
INVSNP0001942,WH0002,PRD0110,2026-07-01,1921,545,218
INVSNP0001943,WH0002,PRD0110,2026-08-01,1887,545,218
INVSNP0001944,WH0002,PRD0110,2026-09-01,2394,545,218
INVSNP0001945,WH0002,PRD0031,2024-10-01,3685,941,376
INVSNP0001946,WH0002,PRD0031,2024-11-01,3788,941,376
INVSNP0001947,WH0002,PRD0031,2024-12-01,2903,941,376
INVSNP0001948,WH0002,PRD0031,2025-01-01,3984,941,376
INVSNP0001949,WH0002,PRD0031,2025-02-01,2655,941,376
INVSNP0001950,WH0002,PRD0031,2025-03-01,3498,941,376
INVSNP0001951,WH0002,PRD0031,2025-04-01,2854,941,376
INVSNP0001952,WH0002,PRD0031,2025-05-01,3970,941,376
INVSNP0001953,WH0002,PRD0031,2025-06-01,3498,941,376
INVSNP0001954,WH0002,PRD0031,2025-07-01,3238,941,376
INVSNP0001955,WH0002,PRD0031,2025-08-01,2212,941,376
INVSNP0001956,WH0002,PRD0031,2025-09-01,4038,941,376
INVSNP0001957,WH0002,PRD0031,2025-10-01,3729,941,376
INVSNP0001958,WH0002,PRD0031,2025-11-01,3958,941,376
INVSNP0001959,WH0002,PRD0031,2025-12-01,2955,941,376
INVSNP0001960,WH0002,PRD0031,2026-01-01,4377,941,376
INVSNP0001961,WH0002,PRD0031,2026-02-01,3004,941,376
INVSNP0001962,WH0002,PRD0031,2026-03-01,2835,941,376
INVSNP0001963,WH0002,PRD0031,2026-04-01,4766,941,376
INVSNP0001964,WH0002,PRD0031,2026-05-01,3777,941,376
INVSNP0001965,WH0002,PRD0031,2026-06-01,3039,941,376
INVSNP0001966,WH0002,PRD0031,2026-07-01,3801,941,376
INVSNP0001967,WH0002,PRD0031,2026-08-01,3296,941,376
INVSNP0001968,WH0002,PRD0031,2026-09-01,4725,941,376
INVSNP0001969,WH0002,PRD0060,2024-10-01,2553,751,300
INVSNP0001970,WH0002,PRD0060,2024-11-01,2613,751,300
INVSNP0001971,WH0002,PRD0060,2024-12-01,3032,751,300
INVSNP0001972,WH0002,PRD0060,2025-01-01,2981,751,300
INVSNP0001973,WH0002,PRD0060,2025-02-01,2320,751,300
INVSNP0001974,WH0002,PRD0060,2025-03-01,3417,751,300
INVSNP0001975,WH0002,PRD0060,2025-04-01,3692,751,300
INVSNP0001976,WH0002,PRD0060,2025-05-01,3157,751,300
INVSNP0001977,WH0002,PRD0060,2025-06-01,3203,751,300
INVSNP0001978,WH0002,PRD0060,2025-07-01,2425,751,300
INVSNP0001979,WH0002,PRD0060,2025-08-01,3504,751,300
INVSNP0001980,WH0002,PRD0060,2025-09-01,2821,751,300
INVSNP0001981,WH0002,PRD0060,2025-10-01,2871,751,300
INVSNP0001982,WH0002,PRD0060,2025-11-01,3588,751,300
INVSNP0001983,WH0002,PRD0060,2025-12-01,3143,751,300
INVSNP0001984,WH0002,PRD0060,2026-01-01,3234,751,300
INVSNP0001985,WH0002,PRD0060,2026-02-01,3792,751,300
INVSNP0001986,WH0002,PRD0060,2026-03-01,2548,751,300
INVSNP0001987,WH0002,PRD0060,2026-04-01,3315,751,300
INVSNP0001988,WH0002,PRD0060,2026-05-01,2569,751,300
INVSNP0001989,WH0002,PRD0060,2026-06-01,3301,751,300
INVSNP0001990,WH0002,PRD0060,2026-07-01,3344,751,300
INVSNP0001991,WH0002,PRD0060,2026-08-01,3616,751,300
INVSNP0001992,WH0002,PRD0060,2026-09-01,2418,751,300
INVSNP0001993,WH0002,PRD0055,2024-10-01,229,50,20
INVSNP0001994,WH0002,PRD0055,2024-11-01,185,50,20
INVSNP0001995,WH0002,PRD0055,2024-12-01,160,50,20
INVSNP0001996,WH0002,PRD0055,2025-01-01,214,50,20
INVSNP0001997,WH0002,PRD0055,2025-02-01,145,50,20
INVSNP0001998,WH0002,PRD0055,2025-03-01,140,50,20
INVSNP0001999,WH0002,PRD0055,2025-04-01,204,50,20
INVSNP0002000,WH0002,PRD0055,2025-05-01,188,50,20
INVSNP0002001,WH0002,PRD0055,2025-06-01,216,50,20
INVSNP0002002,WH0002,PRD0055,2025-07-01,225,50,20
INVSNP0002003,WH0002,PRD0055,2025-08-01,188,50,20
INVSNP0002004,WH0002,PRD0055,2025-09-01,172,50,20
INVSNP0002005,WH0002,PRD0055,2025-10-01,219,50,20
INVSNP0002006,WH0002,PRD0055,2025-11-01,128,50,20
INVSNP0002007,WH0002,PRD0055,2025-12-01,213,50,20
INVSNP0002008,WH0002,PRD0055,2026-01-01,277,50,20
INVSNP0002009,WH0002,PRD0055,2026-02-01,191,50,20
INVSNP0002010,WH0002,PRD0055,2026-03-01,198,50,20
INVSNP0002011,WH0002,PRD0055,2026-04-01,180,50,20
INVSNP0002012,WH0002,PRD0055,2026-05-01,201,50,20
INVSNP0002013,WH0002,PRD0055,2026-06-01,240,50,20
INVSNP0002014,WH0002,PRD0055,2026-07-01,169,50,20
INVSNP0002015,WH0002,PRD0055,2026-08-01,188,50,20
INVSNP0002016,WH0002,PRD0055,2026-09-01,165,50,20
INVSNP0002017,WH0002,PRD0146,2024-10-01,269,77,31
INVSNP0002018,WH0002,PRD0146,2024-11-01,266,77,31
INVSNP0002019,WH0002,PRD0146,2024-12-01,339,77,31
INVSNP0002020,WH0002,PRD0146,2025-01-01,281,77,31
INVSNP0002021,WH0002,PRD0146,2025-02-01,229,77,31
INVSNP0002022,WH0002,PRD0146,2025-03-01,276,77,31
INVSNP0002023,WH0002,PRD0146,2025-04-01,329,77,31
INVSNP0002024,WH0002,PRD0146,2025-05-01,255,77,31
INVSNP0002025,WH0002,PRD0146,2025-06-01,302,77,31
INVSNP0002026,WH0002,PRD0146,2025-07-01,295,77,31
INVSNP0002027,WH0002,PRD0146,2025-08-01,239,77,31
INVSNP0002028,WH0002,PRD0146,2025-09-01,356,77,31
INVSNP0002029,WH0002,PRD0146,2025-10-01,371,77,31
INVSNP0002030,WH0002,PRD0146,2025-11-01,401,77,31
INVSNP0002031,WH0002,PRD0146,2025-12-01,246,77,31
INVSNP0002032,WH0002,PRD0146,2026-01-01,265,77,31
INVSNP0002033,WH0002,PRD0146,2026-02-01,328,77,31
INVSNP0002034,WH0002,PRD0146,2026-03-01,213,77,31
INVSNP0002035,WH0002,PRD0146,2026-04-01,247,77,31
INVSNP0002036,WH0002,PRD0146,2026-05-01,260,77,31
INVSNP0002037,WH0002,PRD0146,2026-06-01,307,77,31
INVSNP0002038,WH0002,PRD0146,2026-07-01,295,77,31
INVSNP0002039,WH0002,PRD0146,2026-08-01,306,77,31
INVSNP0002040,WH0002,PRD0146,2026-09-01,391,77,31
INVSNP0002041,WH0002,PRD0092,2024-10-01,5060,1151,460
INVSNP0002042,WH0002,PRD0092,2024-11-01,4439,1151,460
INVSNP0002043,WH0002,PRD0092,2024-12-01,4862,1151,460
INVSNP0002044,WH0002,PRD0092,2025-01-01,5479,1151,460
INVSNP0002045,WH0002,PRD0092,2025-02-01,4995,1151,460
INVSNP0002046,WH0002,PRD0092,2025-03-01,4288,1151,460
INVSNP0002047,WH0002,PRD0092,2025-04-01,4852,1151,460
INVSNP0002048,WH0002,PRD0092,2025-05-01,4569,1151,460
INVSNP0002049,WH0002,PRD0092,2025-06-01,5362,1151,460
INVSNP0002050,WH0002,PRD0092,2025-07-01,4226,1151,460
INVSNP0002051,WH0002,PRD0092,2025-08-01,4108,1151,460
INVSNP0002052,WH0002,PRD0092,2025-09-01,3539,1151,460
INVSNP0002053,WH0002,PRD0092,2025-10-01,4632,1151,460
INVSNP0002054,WH0002,PRD0092,2025-11-01,4569,1151,460
INVSNP0002055,WH0002,PRD0092,2025-12-01,5045,1151,460
INVSNP0002056,WH0002,PRD0092,2026-01-01,5545,1151,460
INVSNP0002057,WH0002,PRD0092,2026-02-01,3498,1151,460
INVSNP0002058,WH0002,PRD0092,2026-03-01,4046,1151,460
INVSNP0002059,WH0002,PRD0092,2026-04-01,5899,1151,460
INVSNP0002060,WH0002,PRD0092,2026-05-01,4179,1151,460
INVSNP0002061,WH0002,PRD0092,2026-06-01,3919,1151,460
INVSNP0002062,WH0002,PRD0092,2026-07-01,3801,1151,460
INVSNP0002063,WH0002,PRD0092,2026-08-01,3835,1151,460
INVSNP0002064,WH0002,PRD0092,2026-09-01,5193,1151,460
INVSNP0002065,WH0002,PRD0144,2024-10-01,1617,351,140
INVSNP0002066,WH0002,PRD0144,2024-11-01,1309,351,140
INVSNP0002067,WH0002,PRD0144,2024-12-01,1399,351,140
INVSNP0002068,WH0002,PRD0144,2025-01-01,1367,351,140
INVSNP0002069,WH0002,PRD0144,2025-02-01,1525,351,140
INVSNP0002070,WH0002,PRD0144,2025-03-01,1159,351,140
INVSNP0002071,WH0002,PRD0144,2025-04-01,1275,351,140
INVSNP0002072,WH0002,PRD0144,2025-05-01,1560,351,140
INVSNP0002073,WH0002,PRD0144,2025-06-01,1657,351,140
INVSNP0002074,WH0002,PRD0144,2025-07-01,1439,351,140
INVSNP0002075,WH0002,PRD0144,2025-08-01,1539,351,140
INVSNP0002076,WH0002,PRD0144,2025-09-01,1245,351,140
INVSNP0002077,WH0002,PRD0144,2025-10-01,765,351,140
INVSNP0002078,WH0002,PRD0144,2025-11-01,1274,351,140
INVSNP0002079,WH0002,PRD0144,2025-12-01,1196,351,140
INVSNP0002080,WH0002,PRD0144,2026-01-01,1250,351,140
INVSNP0002081,WH0002,PRD0144,2026-02-01,1328,351,140
INVSNP0002082,WH0002,PRD0144,2026-03-01,1515,351,140
INVSNP0002083,WH0002,PRD0144,2026-04-01,1429,351,140
INVSNP0002084,WH0002,PRD0144,2026-05-01,1154,351,140
INVSNP0002085,WH0002,PRD0144,2026-06-01,1602,351,140
INVSNP0002086,WH0002,PRD0144,2026-07-01,1622,351,140
INVSNP0002087,WH0002,PRD0144,2026-08-01,1363,351,140
INVSNP0002088,WH0002,PRD0144,2026-09-01,1241,351,140
INVSNP0002089,WH0002,PRD0045,2024-10-01,4641,1122,448
INVSNP0002090,WH0002,PRD0045,2024-11-01,4649,1122,448
INVSNP0002091,WH0002,PRD0045,2024-12-01,4683,1122,448
INVSNP0002092,WH0002,PRD0045,2025-01-01,4207,1122,448
INVSNP0002093,WH0002,PRD0045,2025-02-01,3565,1122,448
INVSNP0002094,WH0002,PRD0045,2025-03-01,4626,1122,448
INVSNP0002095,WH0002,PRD0045,2025-04-01,4508,1122,448
INVSNP0002096,WH0002,PRD0045,2025-05-01,5056,1122,448
INVSNP0002097,WH0002,PRD0045,2025-06-01,4190,1122,448
INVSNP0002098,WH0002,PRD0045,2025-07-01,5550,1122,448
INVSNP0002099,WH0002,PRD0045,2025-08-01,5143,1122,448
INVSNP0002100,WH0002,PRD0045,2025-09-01,5037,1122,448
INVSNP0002101,WH0002,PRD0045,2025-10-01,3696,1122,448
INVSNP0002102,WH0002,PRD0045,2025-11-01,4967,1122,448
INVSNP0002103,WH0002,PRD0045,2025-12-01,3834,1122,448
INVSNP0002104,WH0002,PRD0045,2026-01-01,4475,1122,448
INVSNP0002105,WH0002,PRD0045,2026-02-01,4795,1122,448
INVSNP0002106,WH0002,PRD0045,2026-03-01,3774,1122,448
INVSNP0002107,WH0002,PRD0045,2026-04-01,4277,1122,448
INVSNP0002108,WH0002,PRD0045,2026-05-01,5161,1122,448
INVSNP0002109,WH0002,PRD0045,2026-06-01,5891,1122,448
INVSNP0002110,WH0002,PRD0045,2026-07-01,4220,1122,448
INVSNP0002111,WH0002,PRD0045,2026-08-01,4990,1122,448
INVSNP0002112,WH0002,PRD0045,2026-09-01,5020,1122,448
INVSNP0002113,WH0002,PRD0004,2024-10-01,2191,678,271
INVSNP0002114,WH0002,PRD0004,2024-11-01,2445,678,271
INVSNP0002115,WH0002,PRD0004,2024-12-01,2248,678,271
INVSNP0002116,WH0002,PRD0004,2025-01-01,2541,678,271
INVSNP0002117,WH0002,PRD0004,2025-02-01,2773,678,271
INVSNP0002118,WH0002,PRD0004,2025-03-01,2476,678,271
INVSNP0002119,WH0002,PRD0004,2025-04-01,2799,678,271
INVSNP0002120,WH0002,PRD0004,2025-05-01,3233,678,271
INVSNP0002121,WH0002,PRD0004,2025-06-01,2540,678,271
INVSNP0002122,WH0002,PRD0004,2025-07-01,2768,678,271
INVSNP0002123,WH0002,PRD0004,2025-08-01,3430,678,271
INVSNP0002124,WH0002,PRD0004,2025-09-01,2179,678,271
INVSNP0002125,WH0002,PRD0004,2025-10-01,3196,678,271
INVSNP0002126,WH0002,PRD0004,2025-11-01,2140,678,271
INVSNP0002127,WH0002,PRD0004,2025-12-01,2204,678,271
INVSNP0002128,WH0002,PRD0004,2026-01-01,3813,678,271
INVSNP0002129,WH0002,PRD0004,2026-02-01,2788,678,271
INVSNP0002130,WH0002,PRD0004,2026-03-01,3219,678,271
INVSNP0002131,WH0002,PRD0004,2026-04-01,3362,678,271
INVSNP0002132,WH0002,PRD0004,2026-05-01,2868,678,271
INVSNP0002133,WH0002,PRD0004,2026-06-01,2268,678,271
INVSNP0002134,WH0002,PRD0004,2026-07-01,3200,678,271
INVSNP0002135,WH0002,PRD0004,2026-08-01,2940,678,271
INVSNP0002136,WH0002,PRD0004,2026-09-01,2533,678,271
INVSNP0002137,WH0002,PRD0103,2024-10-01,1625,475,190
INVSNP0002138,WH0002,PRD0103,2024-11-01,1937,475,190
INVSNP0002139,WH0002,PRD0103,2024-12-01,2256,475,190
INVSNP0002140,WH0002,PRD0103,2025-01-01,2084,475,190
INVSNP0002141,WH0002,PRD0103,2025-02-01,1582,475,190
INVSNP0002142,WH0002,PRD0103,2025-03-01,1735,475,190
INVSNP0002143,WH0002,PRD0103,2025-04-01,1788,475,190
INVSNP0002144,WH0002,PRD0103,2025-05-01,2184,475,190
INVSNP0002145,WH0002,PRD0103,2025-06-01,1983,475,190
INVSNP0002146,WH0002,PRD0103,2025-07-01,1829,475,190
INVSNP0002147,WH0002,PRD0103,2025-08-01,2105,475,190
INVSNP0002148,WH0002,PRD0103,2025-09-01,1833,475,190
INVSNP0002149,WH0002,PRD0103,2025-10-01,2240,475,190
INVSNP0002150,WH0002,PRD0103,2025-11-01,1874,475,190
INVSNP0002151,WH0002,PRD0103,2025-12-01,1797,475,190
INVSNP0002152,WH0002,PRD0103,2026-01-01,2559,475,190
INVSNP0002153,WH0002,PRD0103,2026-02-01,1571,475,190
INVSNP0002154,WH0002,PRD0103,2026-03-01,1748,475,190
INVSNP0002155,WH0002,PRD0103,2026-04-01,2222,475,190
INVSNP0002156,WH0002,PRD0103,2026-05-01,1940,475,190
INVSNP0002157,WH0002,PRD0103,2026-06-01,1807,475,190
INVSNP0002158,WH0002,PRD0103,2026-07-01,2716,475,190
INVSNP0002159,WH0002,PRD0103,2026-08-01,2157,475,190
INVSNP0002160,WH0002,PRD0103,2026-09-01,1594,475,190
INVSNP0002161,WH0002,PRD0081,2024-10-01,1014,246,98
INVSNP0002162,WH0002,PRD0081,2024-11-01,1006,246,98
INVSNP0002163,WH0002,PRD0081,2024-12-01,1068,246,98
INVSNP0002164,WH0002,PRD0081,2025-01-01,1191,246,98
INVSNP0002165,WH0002,PRD0081,2025-02-01,851,246,98
INVSNP0002166,WH0002,PRD0081,2025-03-01,952,246,98
INVSNP0002167,WH0002,PRD0081,2025-04-01,992,246,98
INVSNP0002168,WH0002,PRD0081,2025-05-01,959,246,98
INVSNP0002169,WH0002,PRD0081,2025-06-01,915,246,98
INVSNP0002170,WH0002,PRD0081,2025-07-01,915,246,98
INVSNP0002171,WH0002,PRD0081,2025-08-01,817,246,98
INVSNP0002172,WH0002,PRD0081,2025-09-01,1097,246,98
INVSNP0002173,WH0002,PRD0081,2025-10-01,938,246,98
INVSNP0002174,WH0002,PRD0081,2025-11-01,874,246,98
INVSNP0002175,WH0002,PRD0081,2025-12-01,1102,246,98
INVSNP0002176,WH0002,PRD0081,2026-01-01,763,246,98
INVSNP0002177,WH0002,PRD0081,2026-02-01,1059,246,98
INVSNP0002178,WH0002,PRD0081,2026-03-01,859,246,98
INVSNP0002179,WH0002,PRD0081,2026-04-01,1095,246,98
INVSNP0002180,WH0002,PRD0081,2026-05-01,935,246,98
INVSNP0002181,WH0002,PRD0081,2026-06-01,1142,246,98
INVSNP0002182,WH0002,PRD0081,2026-07-01,836,246,98
INVSNP0002183,WH0002,PRD0081,2026-08-01,936,246,98
INVSNP0002184,WH0002,PRD0081,2026-09-01,1013,246,98
INVSNP0002185,WH0002,PRD0131,2024-10-01,3593,1017,406
INVSNP0002186,WH0002,PRD0131,2024-11-01,3568,1017,406
INVSNP0002187,WH0002,PRD0131,2024-12-01,5999,1017,406
INVSNP0002188,WH0002,PRD0131,2025-01-01,4531,1017,406
INVSNP0002189,WH0002,PRD0131,2025-02-01,3402,1017,406
INVSNP0002190,WH0002,PRD0131,2025-03-01,4403,1017,406
INVSNP0002191,WH0002,PRD0131,2025-04-01,3788,1017,406
INVSNP0002192,WH0002,PRD0131,2025-05-01,4750,1017,406
INVSNP0002193,WH0002,PRD0131,2025-06-01,4067,1017,406
INVSNP0002194,WH0002,PRD0131,2025-07-01,4002,1017,406
INVSNP0002195,WH0002,PRD0131,2025-08-01,3134,1017,406
INVSNP0002196,WH0002,PRD0131,2025-09-01,3819,1017,406
INVSNP0002197,WH0002,PRD0131,2025-10-01,4486,1017,406
INVSNP0002198,WH0002,PRD0131,2025-11-01,4565,1017,406
INVSNP0002199,WH0002,PRD0131,2025-12-01,3784,1017,406
INVSNP0002200,WH0002,PRD0131,2026-01-01,4894,1017,406
INVSNP0002201,WH0002,PRD0131,2026-02-01,3640,1017,406
INVSNP0002202,WH0002,PRD0131,2026-03-01,4208,1017,406
INVSNP0002203,WH0002,PRD0131,2026-04-01,3194,1017,406
INVSNP0002204,WH0002,PRD0131,2026-05-01,4340,1017,406
INVSNP0002205,WH0002,PRD0131,2026-06-01,4122,1017,406
INVSNP0002206,WH0002,PRD0131,2026-07-01,3034,1017,406
INVSNP0002207,WH0002,PRD0131,2026-08-01,3168,1017,406
INVSNP0002208,WH0002,PRD0131,2026-09-01,4990,1017,406
INVSNP0002209,WH0002,PRD0050,2024-10-01,266,84,33
INVSNP0002210,WH0002,PRD0050,2024-11-01,430,84,33
INVSNP0002211,WH0002,PRD0050,2024-12-01,328,84,33
INVSNP0002212,WH0002,PRD0050,2025-01-01,314,84,33
INVSNP0002213,WH0002,PRD0050,2025-02-01,319,84,33
INVSNP0002214,WH0002,PRD0050,2025-03-01,263,84,33
INVSNP0002215,WH0002,PRD0050,2025-04-01,314,84,33
INVSNP0002216,WH0002,PRD0050,2025-05-01,308,84,33
INVSNP0002217,WH0002,PRD0050,2025-06-01,355,84,33
INVSNP0002218,WH0002,PRD0050,2025-07-01,352,84,33
INVSNP0002219,WH0002,PRD0050,2025-08-01,291,84,33
INVSNP0002220,WH0002,PRD0050,2025-09-01,307,84,33
INVSNP0002221,WH0002,PRD0050,2025-10-01,275,84,33
INVSNP0002222,WH0002,PRD0050,2025-11-01,285,84,33
INVSNP0002223,WH0002,PRD0050,2025-12-01,414,84,33
INVSNP0002224,WH0002,PRD0050,2026-01-01,364,84,33
INVSNP0002225,WH0002,PRD0050,2026-02-01,341,84,33
INVSNP0002226,WH0002,PRD0050,2026-03-01,316,84,33
INVSNP0002227,WH0002,PRD0050,2026-04-01,337,84,33
INVSNP0002228,WH0002,PRD0050,2026-05-01,318,84,33
INVSNP0002229,WH0002,PRD0050,2026-06-01,391,84,33
INVSNP0002230,WH0002,PRD0050,2026-07-01,349,84,33
INVSNP0002231,WH0002,PRD0050,2026-08-01,369,84,33
INVSNP0002232,WH0002,PRD0050,2026-09-01,338,84,33
INVSNP0002233,WH0002,PRD0135,2024-10-01,2558,710,284
INVSNP0002234,WH0002,PRD0135,2024-11-01,3972,710,284
INVSNP0002235,WH0002,PRD0135,2024-12-01,3616,710,284
INVSNP0002236,WH0002,PRD0135,2025-01-01,2784,710,284
INVSNP0002237,WH0002,PRD0135,2025-02-01,2614,710,284
INVSNP0002238,WH0002,PRD0135,2025-03-01,2424,710,284
INVSNP0002239,WH0002,PRD0135,2025-04-01,2766,710,284
INVSNP0002240,WH0002,PRD0135,2025-05-01,2970,710,284
INVSNP0002241,WH0002,PRD0135,2025-06-01,2483,710,284
INVSNP0002242,WH0002,PRD0135,2025-07-01,2730,710,284
INVSNP0002243,WH0002,PRD0135,2025-08-01,2809,710,284
INVSNP0002244,WH0002,PRD0135,2025-09-01,2720,710,284
INVSNP0002245,WH0002,PRD0135,2025-10-01,2572,710,284
INVSNP0002246,WH0002,PRD0135,2025-11-01,2055,710,284
INVSNP0002247,WH0002,PRD0135,2025-12-01,2560,710,284
INVSNP0002248,WH0002,PRD0135,2026-01-01,3539,710,284
INVSNP0002249,WH0002,PRD0135,2026-02-01,2687,710,284
INVSNP0002250,WH0002,PRD0135,2026-03-01,3221,710,284
INVSNP0002251,WH0002,PRD0135,2026-04-01,2521,710,284
INVSNP0002252,WH0002,PRD0135,2026-05-01,3187,710,284
INVSNP0002253,WH0002,PRD0135,2026-06-01,1623,710,284
INVSNP0002254,WH0002,PRD0135,2026-07-01,2956,710,284
INVSNP0002255,WH0002,PRD0135,2026-08-01,2717,710,284
INVSNP0002256,WH0002,PRD0135,2026-09-01,2116,710,284
INVSNP0002257,WH0002,PRD0059,2024-10-01,2965,722,288
INVSNP0002258,WH0002,PRD0059,2024-11-01,3224,722,288
INVSNP0002259,WH0002,PRD0059,2024-12-01,2567,722,288
INVSNP0002260,WH0002,PRD0059,2025-01-01,2847,722,288
INVSNP0002261,WH0002,PRD0059,2025-02-01,2628,722,288
INVSNP0002262,WH0002,PRD0059,2025-03-01,3326,722,288
INVSNP0002263,WH0002,PRD0059,2025-04-01,2569,722,288
INVSNP0002264,WH0002,PRD0059,2025-05-01,3633,722,288
INVSNP0002265,WH0002,PRD0059,2025-06-01,2925,722,288
INVSNP0002266,WH0002,PRD0059,2025-07-01,3018,722,288
INVSNP0002267,WH0002,PRD0059,2025-08-01,1756,722,288
INVSNP0002268,WH0002,PRD0059,2025-09-01,2911,722,288
INVSNP0002269,WH0002,PRD0059,2025-10-01,2802,722,288
INVSNP0002270,WH0002,PRD0059,2025-11-01,2401,722,288
INVSNP0002271,WH0002,PRD0059,2025-12-01,1789,722,288
INVSNP0002272,WH0002,PRD0059,2026-01-01,2398,722,288
INVSNP0002273,WH0002,PRD0059,2026-02-01,2849,722,288
INVSNP0002274,WH0002,PRD0059,2026-03-01,2537,722,288
INVSNP0002275,WH0002,PRD0059,2026-04-01,3397,722,288
INVSNP0002276,WH0002,PRD0059,2026-05-01,2815,722,288
INVSNP0002277,WH0002,PRD0059,2026-06-01,3152,722,288
INVSNP0002278,WH0002,PRD0059,2026-07-01,2689,722,288
INVSNP0002279,WH0002,PRD0059,2026-08-01,2750,722,288
INVSNP0002280,WH0002,PRD0059,2026-09-01,3523,722,288
INVSNP0002281,WH0002,PRD0029,2024-10-01,1264,376,150
INVSNP0002282,WH0002,PRD0029,2024-11-01,1535,376,150
INVSNP0002283,WH0002,PRD0029,2024-12-01,1317,376,150
INVSNP0002284,WH0002,PRD0029,2025-01-01,1731,376,150
INVSNP0002285,WH0002,PRD0029,2025-02-01,1182,376,150
INVSNP0002286,WH0002,PRD0029,2025-03-01,1610,376,150
INVSNP0002287,WH0002,PRD0029,2025-04-01,1551,376,150
INVSNP0002288,WH0002,PRD0029,2025-05-01,1555,376,150
INVSNP0002289,WH0002,PRD0029,2025-06-01,1346,376,150
INVSNP0002290,WH0002,PRD0029,2025-07-01,1545,376,150
INVSNP0002291,WH0002,PRD0029,2025-08-01,1676,376,150
INVSNP0002292,WH0002,PRD0029,2025-09-01,1500,376,150
INVSNP0002293,WH0002,PRD0029,2025-10-01,1717,376,150
INVSNP0002294,WH0002,PRD0029,2025-11-01,1684,376,150
INVSNP0002295,WH0002,PRD0029,2025-12-01,1629,376,150
INVSNP0002296,WH0002,PRD0029,2026-01-01,1769,376,150
INVSNP0002297,WH0002,PRD0029,2026-02-01,1653,376,150
INVSNP0002298,WH0002,PRD0029,2026-03-01,1709,376,150
INVSNP0002299,WH0002,PRD0029,2026-04-01,1533,376,150
INVSNP0002300,WH0002,PRD0029,2026-05-01,1440,376,150
INVSNP0002301,WH0002,PRD0029,2026-06-01,1672,376,150
INVSNP0002302,WH0002,PRD0029,2026-07-01,1841,376,150
INVSNP0002303,WH0002,PRD0029,2026-08-01,1634,376,150
INVSNP0002304,WH0002,PRD0029,2026-09-01,1601,376,150
INVSNP0002305,WH0002,PRD0009,2024-10-01,5636,1116,446
INVSNP0002306,WH0002,PRD0009,2024-11-01,4639,1116,446
INVSNP0002307,WH0002,PRD0009,2024-12-01,4972,1116,446
INVSNP0002308,WH0002,PRD0009,2025-01-01,5802,1116,446
INVSNP0002309,WH0002,PRD0009,2025-02-01,3994,1116,446
INVSNP0002310,WH0002,PRD0009,2025-03-01,4275,1116,446
INVSNP0002311,WH0002,PRD0009,2025-04-01,5631,1116,446
INVSNP0002312,WH0002,PRD0009,2025-05-01,5053,1116,446
INVSNP0002313,WH0002,PRD0009,2025-06-01,4011,1116,446
INVSNP0002314,WH0002,PRD0009,2025-07-01,4947,1116,446
INVSNP0002315,WH0002,PRD0009,2025-08-01,4887,1116,446
INVSNP0002316,WH0002,PRD0009,2025-09-01,3767,1116,446
INVSNP0002317,WH0002,PRD0009,2025-10-01,4873,1116,446
INVSNP0002318,WH0002,PRD0009,2025-11-01,5544,1116,446
INVSNP0002319,WH0002,PRD0009,2025-12-01,5242,1116,446
INVSNP0002320,WH0002,PRD0009,2026-01-01,3722,1116,446
INVSNP0002321,WH0002,PRD0009,2026-02-01,4482,1116,446
INVSNP0002322,WH0002,PRD0009,2026-03-01,3570,1116,446
INVSNP0002323,WH0002,PRD0009,2026-04-01,4195,1116,446
INVSNP0002324,WH0002,PRD0009,2026-05-01,3803,1116,446
INVSNP0002325,WH0002,PRD0009,2026-06-01,4341,1116,446
INVSNP0002326,WH0002,PRD0009,2026-07-01,4834,1116,446
INVSNP0002327,WH0002,PRD0009,2026-08-01,5222,1116,446
INVSNP0002328,WH0002,PRD0009,2026-09-01,4901,1116,446
INVSNP0002329,WH0002,PRD0085,2024-10-01,196,64,25
INVSNP0002330,WH0002,PRD0085,2024-11-01,192,64,25
INVSNP0002331,WH0002,PRD0085,2024-12-01,235,64,25
INVSNP0002332,WH0002,PRD0085,2025-01-01,256,64,25
INVSNP0002333,WH0002,PRD0085,2025-02-01,348,64,25
INVSNP0002334,WH0002,PRD0085,2025-03-01,177,64,25
INVSNP0002335,WH0002,PRD0085,2025-04-01,225,64,25
INVSNP0002336,WH0002,PRD0085,2025-05-01,220,64,25
INVSNP0002337,WH0002,PRD0085,2025-06-01,197,64,25
INVSNP0002338,WH0002,PRD0085,2025-07-01,295,64,25
INVSNP0002339,WH0002,PRD0085,2025-08-01,270,64,25
INVSNP0002340,WH0002,PRD0085,2025-09-01,283,64,25
INVSNP0002341,WH0002,PRD0085,2025-10-01,290,64,25
INVSNP0002342,WH0002,PRD0085,2025-11-01,187,64,25
INVSNP0002343,WH0002,PRD0085,2025-12-01,293,64,25
INVSNP0002344,WH0002,PRD0085,2026-01-01,227,64,25
INVSNP0002345,WH0002,PRD0085,2026-02-01,202,64,25
INVSNP0002346,WH0002,PRD0085,2026-03-01,271,64,25
INVSNP0002347,WH0002,PRD0085,2026-04-01,274,64,25
INVSNP0002348,WH0002,PRD0085,2026-05-01,314,64,25
INVSNP0002349,WH0002,PRD0085,2026-06-01,274,64,25
INVSNP0002350,WH0002,PRD0085,2026-07-01,306,64,25
INVSNP0002351,WH0002,PRD0085,2026-08-01,263,64,25
INVSNP0002352,WH0002,PRD0085,2026-09-01,327,64,25
INVSNP0002353,WH0002,PRD0105,2024-10-01,1871,442,177
INVSNP0002354,WH0002,PRD0105,2024-11-01,1453,442,177
INVSNP0002355,WH0002,PRD0105,2024-12-01,1229,442,177
INVSNP0002356,WH0002,PRD0105,2025-01-01,1709,442,177
INVSNP0002357,WH0002,PRD0105,2025-02-01,1805,442,177
INVSNP0002358,WH0002,PRD0105,2025-03-01,1743,442,177
INVSNP0002359,WH0002,PRD0105,2025-04-01,1528,442,177
INVSNP0002360,WH0002,PRD0105,2025-05-01,1880,442,177
INVSNP0002361,WH0002,PRD0105,2025-06-01,1657,442,177
INVSNP0002362,WH0002,PRD0105,2025-07-01,2000,442,177
INVSNP0002363,WH0002,PRD0105,2025-08-01,1902,442,177
INVSNP0002364,WH0002,PRD0105,2025-09-01,2348,442,177
INVSNP0002365,WH0002,PRD0105,2025-10-01,1712,442,177
INVSNP0002366,WH0002,PRD0105,2025-11-01,1759,442,177
INVSNP0002367,WH0002,PRD0105,2025-12-01,1914,442,177
INVSNP0002368,WH0002,PRD0105,2026-01-01,1926,442,177
INVSNP0002369,WH0002,PRD0105,2026-02-01,1896,442,177
INVSNP0002370,WH0002,PRD0105,2026-03-01,1802,442,177
INVSNP0002371,WH0002,PRD0105,2026-04-01,1872,442,177
INVSNP0002372,WH0002,PRD0105,2026-05-01,1468,442,177
INVSNP0002373,WH0002,PRD0105,2026-06-01,1970,442,177
INVSNP0002374,WH0002,PRD0105,2026-07-01,2153,442,177
INVSNP0002375,WH0002,PRD0105,2026-08-01,2004,442,177
INVSNP0002376,WH0002,PRD0105,2026-09-01,2123,442,177
INVSNP0002377,WH0002,PRD0036,2024-10-01,4131,1017,406
INVSNP0002378,WH0002,PRD0036,2024-11-01,4170,1017,406
INVSNP0002379,WH0002,PRD0036,2024-12-01,3635,1017,406
INVSNP0002380,WH0002,PRD0036,2025-01-01,4468,1017,406
INVSNP0002381,WH0002,PRD0036,2025-02-01,2986,1017,406
INVSNP0002382,WH0002,PRD0036,2025-03-01,4237,1017,406
INVSNP0002383,WH0002,PRD0036,2025-04-01,2887,1017,406
INVSNP0002384,WH0002,PRD0036,2025-05-01,3989,1017,406
INVSNP0002385,WH0002,PRD0036,2025-06-01,4037,1017,406
INVSNP0002386,WH0002,PRD0036,2025-07-01,3632,1017,406
INVSNP0002387,WH0002,PRD0036,2025-08-01,4162,1017,406
INVSNP0002388,WH0002,PRD0036,2025-09-01,3861,1017,406
INVSNP0002389,WH0002,PRD0036,2025-10-01,4568,1017,406
INVSNP0002390,WH0002,PRD0036,2025-11-01,3962,1017,406
INVSNP0002391,WH0002,PRD0036,2025-12-01,3500,1017,406
INVSNP0002392,WH0002,PRD0036,2026-01-01,4251,1017,406
INVSNP0002393,WH0002,PRD0036,2026-02-01,2972,1017,406
INVSNP0002394,WH0002,PRD0036,2026-03-01,4069,1017,406
INVSNP0002395,WH0002,PRD0036,2026-04-01,4665,1017,406
INVSNP0002396,WH0002,PRD0036,2026-05-01,4686,1017,406
INVSNP0002397,WH0002,PRD0036,2026-06-01,3194,1017,406
INVSNP0002398,WH0002,PRD0036,2026-07-01,3944,1017,406
INVSNP0002399,WH0002,PRD0036,2026-08-01,4987,1017,406
INVSNP0002400,WH0002,PRD0036,2026-09-01,3582,1017,406
INVSNP0002401,WH0002,PRD0145,2024-10-01,1360,391,156
INVSNP0002402,WH0002,PRD0145,2024-11-01,1062,391,156
INVSNP0002403,WH0002,PRD0145,2024-12-01,1886,391,156
INVSNP0002404,WH0002,PRD0145,2025-01-01,1407,391,156
INVSNP0002405,WH0002,PRD0145,2025-02-01,2289,391,156
INVSNP0002406,WH0002,PRD0145,2025-03-01,1448,391,156
INVSNP0002407,WH0002,PRD0145,2025-04-01,1797,391,156
INVSNP0002408,WH0002,PRD0145,2025-05-01,1810,391,156
INVSNP0002409,WH0002,PRD0145,2025-06-01,1467,391,156
INVSNP0002410,WH0002,PRD0145,2025-07-01,1526,391,156
INVSNP0002411,WH0002,PRD0145,2025-08-01,1629,391,156
INVSNP0002412,WH0002,PRD0145,2025-09-01,2240,391,156
INVSNP0002413,WH0002,PRD0145,2025-10-01,1222,391,156
INVSNP0002414,WH0002,PRD0145,2025-11-01,1569,391,156
INVSNP0002415,WH0002,PRD0145,2025-12-01,1680,391,156
INVSNP0002416,WH0002,PRD0145,2026-01-01,1595,391,156
INVSNP0002417,WH0002,PRD0145,2026-02-01,1976,391,156
INVSNP0002418,WH0002,PRD0145,2026-03-01,1532,391,156
INVSNP0002419,WH0002,PRD0145,2026-04-01,1623,391,156
INVSNP0002420,WH0002,PRD0145,2026-05-01,1306,391,156
INVSNP0002421,WH0002,PRD0145,2026-06-01,1466,391,156
INVSNP0002422,WH0002,PRD0145,2026-07-01,1715,391,156
INVSNP0002423,WH0002,PRD0145,2026-08-01,1674,391,156
INVSNP0002424,WH0002,PRD0145,2026-09-01,1585,391,156
INVSNP0002425,WH0002,PRD0080,2024-10-01,4557,1187,474
INVSNP0002426,WH0002,PRD0080,2024-11-01,3681,1187,474
INVSNP0002427,WH0002,PRD0080,2024-12-01,4982,1187,474
INVSNP0002428,WH0002,PRD0080,2025-01-01,5439,1187,474
INVSNP0002429,WH0002,PRD0080,2025-02-01,4700,1187,474
INVSNP0002430,WH0002,PRD0080,2025-03-01,5173,1187,474
INVSNP0002431,WH0002,PRD0080,2025-04-01,5330,1187,474
INVSNP0002432,WH0002,PRD0080,2025-05-01,4393,1187,474
INVSNP0002433,WH0002,PRD0080,2025-06-01,4174,1187,474
INVSNP0002434,WH0002,PRD0080,2025-07-01,4505,1187,474
INVSNP0002435,WH0002,PRD0080,2025-08-01,3212,1187,474
INVSNP0002436,WH0002,PRD0080,2025-09-01,4428,1187,474
INVSNP0002437,WH0002,PRD0080,2025-10-01,4945,1187,474
INVSNP0002438,WH0002,PRD0080,2025-11-01,5560,1187,474
INVSNP0002439,WH0002,PRD0080,2025-12-01,4159,1187,474
INVSNP0002440,WH0002,PRD0080,2026-01-01,5096,1187,474
INVSNP0002441,WH0002,PRD0080,2026-02-01,4296,1187,474
INVSNP0002442,WH0002,PRD0080,2026-03-01,3552,1187,474
INVSNP0002443,WH0002,PRD0080,2026-04-01,5034,1187,474
INVSNP0002444,WH0002,PRD0080,2026-05-01,4497,1187,474
INVSNP0002445,WH0002,PRD0080,2026-06-01,5685,1187,474
INVSNP0002446,WH0002,PRD0080,2026-07-01,5855,1187,474
INVSNP0002447,WH0002,PRD0080,2026-08-01,4668,1187,474
INVSNP0002448,WH0002,PRD0080,2026-09-01,4849,1187,474
INVSNP0002449,WH0002,PRD0048,2024-10-01,1067,294,117
INVSNP0002450,WH0002,PRD0048,2024-11-01,987,294,117
INVSNP0002451,WH0002,PRD0048,2024-12-01,833,294,117
INVSNP0002452,WH0002,PRD0048,2025-01-01,1328,294,117
INVSNP0002453,WH0002,PRD0048,2025-02-01,1425,294,117
INVSNP0002454,WH0002,PRD0048,2025-03-01,1344,294,117
INVSNP0002455,WH0002,PRD0048,2025-04-01,1286,294,117
INVSNP0002456,WH0002,PRD0048,2025-05-01,1142,294,117
INVSNP0002457,WH0002,PRD0048,2025-06-01,1186,294,117
INVSNP0002458,WH0002,PRD0048,2025-07-01,1324,294,117
INVSNP0002459,WH0002,PRD0048,2025-08-01,1220,294,117
INVSNP0002460,WH0002,PRD0048,2025-09-01,896,294,117
INVSNP0002461,WH0002,PRD0048,2025-10-01,1102,294,117
INVSNP0002462,WH0002,PRD0048,2025-11-01,951,294,117
INVSNP0002463,WH0002,PRD0048,2025-12-01,1056,294,117
INVSNP0002464,WH0002,PRD0048,2026-01-01,1373,294,117
INVSNP0002465,WH0002,PRD0048,2026-02-01,1296,294,117
INVSNP0002466,WH0002,PRD0048,2026-03-01,1315,294,117
INVSNP0002467,WH0002,PRD0048,2026-04-01,1217,294,117
INVSNP0002468,WH0002,PRD0048,2026-05-01,1249,294,117
INVSNP0002469,WH0002,PRD0048,2026-06-01,1469,294,117
INVSNP0002470,WH0002,PRD0048,2026-07-01,1318,294,117
INVSNP0002471,WH0002,PRD0048,2026-08-01,1221,294,117
INVSNP0002472,WH0002,PRD0048,2026-09-01,1154,294,117
INVSNP0002473,WH0002,PRD0006,2024-10-01,1120,297,119
INVSNP0002474,WH0002,PRD0006,2024-11-01,1072,297,119
INVSNP0002475,WH0002,PRD0006,2024-12-01,1027,297,119
INVSNP0002476,WH0002,PRD0006,2025-01-01,1193,297,119
INVSNP0002477,WH0002,PRD0006,2025-02-01,1064,297,119
INVSNP0002478,WH0002,PRD0006,2025-03-01,1063,297,119
INVSNP0002479,WH0002,PRD0006,2025-04-01,1344,297,119
INVSNP0002480,WH0002,PRD0006,2025-05-01,1087,297,119
INVSNP0002481,WH0002,PRD0006,2025-06-01,1440,297,119
INVSNP0002482,WH0002,PRD0006,2025-07-01,1288,297,119
INVSNP0002483,WH0002,PRD0006,2025-08-01,1283,297,119
INVSNP0002484,WH0002,PRD0006,2025-09-01,1197,297,119
INVSNP0002485,WH0002,PRD0006,2025-10-01,1413,297,119
INVSNP0002486,WH0002,PRD0006,2025-11-01,973,297,119
INVSNP0002487,WH0002,PRD0006,2025-12-01,1070,297,119
INVSNP0002488,WH0002,PRD0006,2026-01-01,1358,297,119
INVSNP0002489,WH0002,PRD0006,2026-02-01,1137,297,119
INVSNP0002490,WH0002,PRD0006,2026-03-01,1239,297,119
INVSNP0002491,WH0002,PRD0006,2026-04-01,924,297,119
INVSNP0002492,WH0002,PRD0006,2026-05-01,1243,297,119
INVSNP0002493,WH0002,PRD0006,2026-06-01,993,297,119
INVSNP0002494,WH0002,PRD0006,2026-07-01,1088,297,119
INVSNP0002495,WH0002,PRD0006,2026-08-01,1608,297,119
INVSNP0002496,WH0002,PRD0006,2026-09-01,1057,297,119
INVSNP0002497,WH0002,PRD0123,2024-10-01,699,225,90
INVSNP0002498,WH0002,PRD0123,2024-11-01,941,225,90
INVSNP0002499,WH0002,PRD0123,2024-12-01,909,225,90
INVSNP0002500,WH0002,PRD0123,2025-01-01,933,225,90
INVSNP0002501,WH0002,PRD0123,2025-02-01,1007,225,90
INVSNP0002502,WH0002,PRD0123,2025-03-01,1095,225,90
INVSNP0002503,WH0002,PRD0123,2025-04-01,664,225,90
INVSNP0002504,WH0002,PRD0123,2025-05-01,913,225,90
INVSNP0002505,WH0002,PRD0123,2025-06-01,776,225,90
INVSNP0002506,WH0002,PRD0123,2025-07-01,844,225,90
INVSNP0002507,WH0002,PRD0123,2025-08-01,1095,225,90
INVSNP0002508,WH0002,PRD0123,2025-09-01,1039,225,90
INVSNP0002509,WH0002,PRD0123,2025-10-01,1020,225,90
INVSNP0002510,WH0002,PRD0123,2025-11-01,671,225,90
INVSNP0002511,WH0002,PRD0123,2025-12-01,984,225,90
INVSNP0002512,WH0002,PRD0123,2026-01-01,1155,225,90
INVSNP0002513,WH0002,PRD0123,2026-02-01,725,225,90
INVSNP0002514,WH0002,PRD0123,2026-03-01,984,225,90
INVSNP0002515,WH0002,PRD0123,2026-04-01,742,225,90
INVSNP0002516,WH0002,PRD0123,2026-05-01,914,225,90
INVSNP0002517,WH0002,PRD0123,2026-06-01,865,225,90
INVSNP0002518,WH0002,PRD0123,2026-07-01,757,225,90
INVSNP0002519,WH0002,PRD0123,2026-08-01,937,225,90
INVSNP0002520,WH0002,PRD0123,2026-09-01,1274,225,90
INVSNP0002521,WH0002,PRD0114,2024-10-01,2918,801,320
INVSNP0002522,WH0002,PRD0114,2024-11-01,2937,801,320
INVSNP0002523,WH0002,PRD0114,2024-12-01,3394,801,320
INVSNP0002524,WH0002,PRD0114,2025-01-01,2950,801,320
INVSNP0002525,WH0002,PRD0114,2025-02-01,2909,801,320
INVSNP0002526,WH0002,PRD0114,2025-03-01,3016,801,320
INVSNP0002527,WH0002,PRD0114,2025-04-01,3287,801,320
INVSNP0002528,WH0002,PRD0114,2025-05-01,4860,801,320
INVSNP0002529,WH0002,PRD0114,2025-06-01,3029,801,320
INVSNP0002530,WH0002,PRD0114,2025-07-01,3154,801,320
INVSNP0002531,WH0002,PRD0114,2025-08-01,2834,801,320
INVSNP0002532,WH0002,PRD0114,2025-09-01,3208,801,320
INVSNP0002533,WH0002,PRD0114,2025-10-01,3584,801,320
INVSNP0002534,WH0002,PRD0114,2025-11-01,2937,801,320
INVSNP0002535,WH0002,PRD0114,2025-12-01,2745,801,320
INVSNP0002536,WH0002,PRD0114,2026-01-01,2845,801,320
INVSNP0002537,WH0002,PRD0114,2026-02-01,3878,801,320
INVSNP0002538,WH0002,PRD0114,2026-03-01,3346,801,320
INVSNP0002539,WH0002,PRD0114,2026-04-01,2267,801,320
INVSNP0002540,WH0002,PRD0114,2026-05-01,3688,801,320
INVSNP0002541,WH0002,PRD0114,2026-06-01,4134,801,320
INVSNP0002542,WH0002,PRD0114,2026-07-01,3783,801,320
INVSNP0002543,WH0002,PRD0114,2026-08-01,2437,801,320
INVSNP0002544,WH0002,PRD0114,2026-09-01,3222,801,320
INVSNP0002545,WH0002,PRD0126,2024-10-01,4760,1229,491
INVSNP0002546,WH0002,PRD0126,2024-11-01,5133,1229,491
INVSNP0002547,WH0002,PRD0126,2024-12-01,4088,1229,491
INVSNP0002548,WH0002,PRD0126,2025-01-01,6294,1229,491
INVSNP0002549,WH0002,PRD0126,2025-02-01,5880,1229,491
INVSNP0002550,WH0002,PRD0126,2025-03-01,4974,1229,491
INVSNP0002551,WH0002,PRD0126,2025-04-01,5511,1229,491
INVSNP0002552,WH0002,PRD0126,2025-05-01,4808,1229,491
INVSNP0002553,WH0002,PRD0126,2025-06-01,4952,1229,491
INVSNP0002554,WH0002,PRD0126,2025-07-01,5226,1229,491
INVSNP0002555,WH0002,PRD0126,2025-08-01,4489,1229,491
INVSNP0002556,WH0002,PRD0126,2025-09-01,3975,1229,491
INVSNP0002557,WH0002,PRD0126,2025-10-01,4665,1229,491
INVSNP0002558,WH0002,PRD0126,2025-11-01,4064,1229,491
INVSNP0002559,WH0002,PRD0126,2025-12-01,4923,1229,491
INVSNP0002560,WH0002,PRD0126,2026-01-01,6103,1229,491
INVSNP0002561,WH0002,PRD0126,2026-02-01,4093,1229,491
INVSNP0002562,WH0002,PRD0126,2026-03-01,4460,1229,491
INVSNP0002563,WH0002,PRD0126,2026-04-01,5319,1229,491
INVSNP0002564,WH0002,PRD0126,2026-05-01,5529,1229,491
INVSNP0002565,WH0002,PRD0126,2026-06-01,3558,1229,491
INVSNP0002566,WH0002,PRD0126,2026-07-01,3168,1229,491
INVSNP0002567,WH0002,PRD0126,2026-08-01,4475,1229,491
INVSNP0002568,WH0002,PRD0126,2026-09-01,4590,1229,491
INVSNP0002569,WH0002,PRD0053,2024-10-01,2387,709,283
INVSNP0002570,WH0002,PRD0053,2024-11-01,3006,709,283
INVSNP0002571,WH0002,PRD0053,2024-12-01,2047,709,283
INVSNP0002572,WH0002,PRD0053,2025-01-01,2418,709,283
INVSNP0002573,WH0002,PRD0053,2025-02-01,3174,709,283
INVSNP0002574,WH0002,PRD0053,2025-03-01,2011,709,283
INVSNP0002575,WH0002,PRD0053,2025-04-01,2984,709,283
INVSNP0002576,WH0002,PRD0053,2025-05-01,2953,709,283
INVSNP0002577,WH0002,PRD0053,2025-06-01,2389,709,283
INVSNP0002578,WH0002,PRD0053,2025-07-01,3084,709,283
INVSNP0002579,WH0002,PRD0053,2025-08-01,2923,709,283
INVSNP0002580,WH0002,PRD0053,2025-09-01,3225,709,283
INVSNP0002581,WH0002,PRD0053,2025-10-01,2348,709,283
INVSNP0002582,WH0002,PRD0053,2025-11-01,2262,709,283
INVSNP0002583,WH0002,PRD0053,2025-12-01,2815,709,283
INVSNP0002584,WH0002,PRD0053,2026-01-01,2262,709,283
INVSNP0002585,WH0002,PRD0053,2026-02-01,2742,709,283
INVSNP0002586,WH0002,PRD0053,2026-03-01,2379,709,283
INVSNP0002587,WH0002,PRD0053,2026-04-01,2361,709,283
INVSNP0002588,WH0002,PRD0053,2026-05-01,2725,709,283
INVSNP0002589,WH0002,PRD0053,2026-06-01,2714,709,283
INVSNP0002590,WH0002,PRD0053,2026-07-01,3036,709,283
INVSNP0002591,WH0002,PRD0053,2026-08-01,1943,709,283
INVSNP0002592,WH0002,PRD0053,2026-09-01,2619,709,283
INVSNP0002593,WH0002,PRD0039,2024-10-01,1134,267,106
INVSNP0002594,WH0002,PRD0039,2024-11-01,1201,267,106
INVSNP0002595,WH0002,PRD0039,2024-12-01,1023,267,106
INVSNP0002596,WH0002,PRD0039,2025-01-01,1053,267,106
INVSNP0002597,WH0002,PRD0039,2025-02-01,894,267,106
INVSNP0002598,WH0002,PRD0039,2025-03-01,1157,267,106
INVSNP0002599,WH0002,PRD0039,2025-04-01,1162,267,106
INVSNP0002600,WH0002,PRD0039,2025-05-01,962,267,106
INVSNP0002601,WH0002,PRD0039,2025-06-01,1024,267,106
INVSNP0002602,WH0002,PRD0039,2025-07-01,1034,267,106
INVSNP0002603,WH0002,PRD0039,2025-08-01,899,267,106
INVSNP0002604,WH0002,PRD0039,2025-09-01,1170,267,106
INVSNP0002605,WH0002,PRD0039,2025-10-01,1264,267,106
INVSNP0002606,WH0002,PRD0039,2025-11-01,918,267,106
INVSNP0002607,WH0002,PRD0039,2025-12-01,1282,267,106
INVSNP0002608,WH0002,PRD0039,2026-01-01,1184,267,106
INVSNP0002609,WH0002,PRD0039,2026-02-01,1303,267,106
INVSNP0002610,WH0002,PRD0039,2026-03-01,840,267,106
INVSNP0002611,WH0002,PRD0039,2026-04-01,823,267,106
INVSNP0002612,WH0002,PRD0039,2026-05-01,1160,267,106
INVSNP0002613,WH0002,PRD0039,2026-06-01,1130,267,106
INVSNP0002614,WH0002,PRD0039,2026-07-01,1036,267,106
INVSNP0002615,WH0002,PRD0039,2026-08-01,1102,267,106
INVSNP0002616,WH0002,PRD0039,2026-09-01,1256,267,106
INVSNP0002617,WH0002,PRD0099,2024-10-01,2596,748,299
INVSNP0002618,WH0002,PRD0099,2024-11-01,2730,748,299
INVSNP0002619,WH0002,PRD0099,2024-12-01,2813,748,299
INVSNP0002620,WH0002,PRD0099,2025-01-01,2966,748,299
INVSNP0002621,WH0002,PRD0099,2025-02-01,3128,748,299
INVSNP0002622,WH0002,PRD0099,2025-03-01,3364,748,299
INVSNP0002623,WH0002,PRD0099,2025-04-01,2878,748,299
INVSNP0002624,WH0002,PRD0099,2025-05-01,3123,748,299
INVSNP0002625,WH0002,PRD0099,2025-06-01,3103,748,299
INVSNP0002626,WH0002,PRD0099,2025-07-01,3102,748,299
INVSNP0002627,WH0002,PRD0099,2025-08-01,2179,748,299
INVSNP0002628,WH0002,PRD0099,2025-09-01,3098,748,299
INVSNP0002629,WH0002,PRD0099,2025-10-01,3590,748,299
INVSNP0002630,WH0002,PRD0099,2025-11-01,3429,748,299
INVSNP0002631,WH0002,PRD0099,2025-12-01,3032,748,299
INVSNP0002632,WH0002,PRD0099,2026-01-01,3231,748,299
INVSNP0002633,WH0002,PRD0099,2026-02-01,3589,748,299
INVSNP0002634,WH0002,PRD0099,2026-03-01,3454,748,299
INVSNP0002635,WH0002,PRD0099,2026-04-01,2790,748,299
INVSNP0002636,WH0002,PRD0099,2026-05-01,3731,748,299
INVSNP0002637,WH0002,PRD0099,2026-06-01,3324,748,299
INVSNP0002638,WH0002,PRD0099,2026-07-01,2082,748,299
INVSNP0002639,WH0002,PRD0099,2026-08-01,3213,748,299
INVSNP0002640,WH0002,PRD0099,2026-09-01,3051,748,299
INVSNP0002641,WH0002,PRD0077,2024-10-01,3969,944,377
INVSNP0002642,WH0002,PRD0077,2024-11-01,2444,944,377
INVSNP0002643,WH0002,PRD0077,2024-12-01,4159,944,377
INVSNP0002644,WH0002,PRD0077,2025-01-01,4038,944,377
INVSNP0002645,WH0002,PRD0077,2025-02-01,4009,944,377
INVSNP0002646,WH0002,PRD0077,2025-03-01,4809,944,377
INVSNP0002647,WH0002,PRD0077,2025-04-01,3896,944,377
INVSNP0002648,WH0002,PRD0077,2025-05-01,3886,944,377
INVSNP0002649,WH0002,PRD0077,2025-06-01,2953,944,377
INVSNP0002650,WH0002,PRD0077,2025-07-01,3043,944,377
INVSNP0002651,WH0002,PRD0077,2025-08-01,4002,944,377
INVSNP0002652,WH0002,PRD0077,2025-09-01,4227,944,377
INVSNP0002653,WH0002,PRD0077,2025-10-01,3616,944,377
INVSNP0002654,WH0002,PRD0077,2025-11-01,4317,944,377
INVSNP0002655,WH0002,PRD0077,2025-12-01,4029,944,377
INVSNP0002656,WH0002,PRD0077,2026-01-01,3965,944,377
INVSNP0002657,WH0002,PRD0077,2026-02-01,2740,944,377
INVSNP0002658,WH0002,PRD0077,2026-03-01,3176,944,377
INVSNP0002659,WH0002,PRD0077,2026-04-01,3595,944,377
INVSNP0002660,WH0002,PRD0077,2026-05-01,3716,944,377
INVSNP0002661,WH0002,PRD0077,2026-06-01,3439,944,377
INVSNP0002662,WH0002,PRD0077,2026-07-01,3921,944,377
INVSNP0002663,WH0002,PRD0077,2026-08-01,3838,944,377
INVSNP0002664,WH0002,PRD0077,2026-09-01,3799,944,377
INVSNP0002665,WH0002,PRD0064,2024-10-01,1339,272,108
INVSNP0002666,WH0002,PRD0064,2024-11-01,1246,272,108
INVSNP0002667,WH0002,PRD0064,2024-12-01,768,272,108
INVSNP0002668,WH0002,PRD0064,2025-01-01,1327,272,108
INVSNP0002669,WH0002,PRD0064,2025-02-01,1093,272,108
INVSNP0002670,WH0002,PRD0064,2025-03-01,1114,272,108
INVSNP0002671,WH0002,PRD0064,2025-04-01,1077,272,108
INVSNP0002672,WH0002,PRD0064,2025-05-01,1243,272,108
INVSNP0002673,WH0002,PRD0064,2025-06-01,1163,272,108
INVSNP0002674,WH0002,PRD0064,2025-07-01,1471,272,108
INVSNP0002675,WH0002,PRD0064,2025-08-01,935,272,108
INVSNP0002676,WH0002,PRD0064,2025-09-01,943,272,108
INVSNP0002677,WH0002,PRD0064,2025-10-01,1161,272,108
INVSNP0002678,WH0002,PRD0064,2025-11-01,1234,272,108
INVSNP0002679,WH0002,PRD0064,2025-12-01,1227,272,108
INVSNP0002680,WH0002,PRD0064,2026-01-01,1368,272,108
INVSNP0002681,WH0002,PRD0064,2026-02-01,1093,272,108
INVSNP0002682,WH0002,PRD0064,2026-03-01,729,272,108
INVSNP0002683,WH0002,PRD0064,2026-04-01,883,272,108
INVSNP0002684,WH0002,PRD0064,2026-05-01,957,272,108
INVSNP0002685,WH0002,PRD0064,2026-06-01,928,272,108
INVSNP0002686,WH0002,PRD0064,2026-07-01,1131,272,108
INVSNP0002687,WH0002,PRD0064,2026-08-01,1191,272,108
INVSNP0002688,WH0002,PRD0064,2026-09-01,1068,272,108
INVSNP0002689,WH0002,PRD0014,2024-10-01,3609,960,384
INVSNP0002690,WH0002,PRD0014,2024-11-01,4081,960,384
INVSNP0002691,WH0002,PRD0014,2024-12-01,3737,960,384
INVSNP0002692,WH0002,PRD0014,2025-01-01,4457,960,384
INVSNP0002693,WH0002,PRD0014,2025-02-01,3549,960,384
INVSNP0002694,WH0002,PRD0014,2025-03-01,3927,960,384
INVSNP0002695,WH0002,PRD0014,2025-04-01,3023,960,384
INVSNP0002696,WH0002,PRD0014,2025-05-01,3299,960,384
INVSNP0002697,WH0002,PRD0014,2025-06-01,3401,960,384
INVSNP0002698,WH0002,PRD0014,2025-07-01,3598,960,384
INVSNP0002699,WH0002,PRD0014,2025-08-01,4231,960,384
INVSNP0002700,WH0002,PRD0014,2025-09-01,4909,960,384
INVSNP0002701,WH0002,PRD0014,2025-10-01,2945,960,384
INVSNP0002702,WH0002,PRD0014,2025-11-01,4064,960,384
INVSNP0002703,WH0002,PRD0014,2025-12-01,3706,960,384
INVSNP0002704,WH0002,PRD0014,2026-01-01,3052,960,384
INVSNP0002705,WH0002,PRD0014,2026-02-01,3419,960,384
INVSNP0002706,WH0002,PRD0014,2026-03-01,4272,960,384
INVSNP0002707,WH0002,PRD0014,2026-04-01,3895,960,384
INVSNP0002708,WH0002,PRD0014,2026-05-01,4545,960,384
INVSNP0002709,WH0002,PRD0014,2026-06-01,3358,960,384
INVSNP0002710,WH0002,PRD0014,2026-07-01,3522,960,384
INVSNP0002711,WH0002,PRD0014,2026-08-01,3583,960,384
INVSNP0002712,WH0002,PRD0014,2026-09-01,4103,960,384
INVSNP0002713,WH0002,PRD0134,2024-10-01,1632,390,156
INVSNP0002714,WH0002,PRD0134,2024-11-01,1296,390,156
INVSNP0002715,WH0002,PRD0134,2024-12-01,1262,390,156
INVSNP0002716,WH0002,PRD0134,2025-01-01,1656,390,156
INVSNP0002717,WH0002,PRD0134,2025-02-01,1557,390,156
INVSNP0002718,WH0002,PRD0134,2025-03-01,1263,390,156
INVSNP0002719,WH0002,PRD0134,2025-04-01,1500,390,156
INVSNP0002720,WH0002,PRD0134,2025-05-01,1650,390,156
INVSNP0002721,WH0002,PRD0134,2025-06-01,2032,390,156
INVSNP0002722,WH0002,PRD0134,2025-07-01,1679,390,156
INVSNP0002723,WH0002,PRD0134,2025-08-01,1329,390,156
INVSNP0002724,WH0002,PRD0134,2025-09-01,1097,390,156
INVSNP0002725,WH0002,PRD0134,2025-10-01,1701,390,156
INVSNP0002726,WH0002,PRD0134,2025-11-01,1450,390,156
INVSNP0002727,WH0002,PRD0134,2025-12-01,1725,390,156
INVSNP0002728,WH0002,PRD0134,2026-01-01,1520,390,156
INVSNP0002729,WH0002,PRD0134,2026-02-01,1669,390,156
INVSNP0002730,WH0002,PRD0134,2026-03-01,1186,390,156
INVSNP0002731,WH0002,PRD0134,2026-04-01,2018,390,156
INVSNP0002732,WH0002,PRD0134,2026-05-01,1847,390,156
INVSNP0002733,WH0002,PRD0134,2026-06-01,1966,390,156
INVSNP0002734,WH0002,PRD0134,2026-07-01,1799,390,156
INVSNP0002735,WH0002,PRD0134,2026-08-01,1560,390,156
INVSNP0002736,WH0002,PRD0134,2026-09-01,1381,390,156
INVSNP0002737,WH0002,PRD0069,2024-10-01,1438,396,158
INVSNP0002738,WH0002,PRD0069,2024-11-01,1974,396,158
INVSNP0002739,WH0002,PRD0069,2024-12-01,1738,396,158
INVSNP0002740,WH0002,PRD0069,2025-01-01,1232,396,158
INVSNP0002741,WH0002,PRD0069,2025-02-01,1773,396,158
INVSNP0002742,WH0002,PRD0069,2025-03-01,1514,396,158
INVSNP0002743,WH0002,PRD0069,2025-04-01,1314,396,158
INVSNP0002744,WH0002,PRD0069,2025-05-01,1539,396,158
INVSNP0002745,WH0002,PRD0069,2025-06-01,1372,396,158
INVSNP0002746,WH0002,PRD0069,2025-07-01,1433,396,158
INVSNP0002747,WH0002,PRD0069,2025-08-01,1769,396,158
INVSNP0002748,WH0002,PRD0069,2025-09-01,1460,396,158
INVSNP0002749,WH0002,PRD0069,2025-10-01,1267,396,158
INVSNP0002750,WH0002,PRD0069,2025-11-01,1364,396,158
INVSNP0002751,WH0002,PRD0069,2025-12-01,1444,396,158
INVSNP0002752,WH0002,PRD0069,2026-01-01,1172,396,158
INVSNP0002753,WH0002,PRD0069,2026-02-01,1265,396,158
INVSNP0002754,WH0002,PRD0069,2026-03-01,1391,396,158
INVSNP0002755,WH0002,PRD0069,2026-04-01,1415,396,158
INVSNP0002756,WH0002,PRD0069,2026-05-01,1655,396,158
INVSNP0002757,WH0002,PRD0069,2026-06-01,1526,396,158
INVSNP0002758,WH0002,PRD0069,2026-07-01,1938,396,158
INVSNP0002759,WH0002,PRD0069,2026-08-01,1665,396,158
INVSNP0002760,WH0002,PRD0069,2026-09-01,1432,396,158
INVSNP0002761,WH0002,PRD0140,2024-10-01,2862,555,222
INVSNP0002762,WH0002,PRD0140,2024-11-01,1905,555,222
INVSNP0002763,WH0002,PRD0140,2024-12-01,2258,555,222
INVSNP0002764,WH0002,PRD0140,2025-01-01,1966,555,222
INVSNP0002765,WH0002,PRD0140,2025-02-01,1520,555,222
INVSNP0002766,WH0002,PRD0140,2025-03-01,2501,555,222
INVSNP0002767,WH0002,PRD0140,2025-04-01,1804,555,222
INVSNP0002768,WH0002,PRD0140,2025-05-01,2296,555,222
INVSNP0002769,WH0002,PRD0140,2025-06-01,2676,555,222
INVSNP0002770,WH0002,PRD0140,2025-07-01,2201,555,222
INVSNP0002771,WH0002,PRD0140,2025-08-01,1838,555,222
INVSNP0002772,WH0002,PRD0140,2025-09-01,2108,555,222
INVSNP0002773,WH0002,PRD0140,2025-10-01,2076,555,222
INVSNP0002774,WH0002,PRD0140,2025-11-01,2171,555,222
INVSNP0002775,WH0002,PRD0140,2025-12-01,2279,555,222
INVSNP0002776,WH0002,PRD0140,2026-01-01,1972,555,222
INVSNP0002777,WH0002,PRD0140,2026-02-01,2406,555,222
INVSNP0002778,WH0002,PRD0140,2026-03-01,2166,555,222
INVSNP0002779,WH0002,PRD0140,2026-04-01,1704,555,222
INVSNP0002780,WH0002,PRD0140,2026-05-01,2329,555,222
INVSNP0002781,WH0002,PRD0140,2026-06-01,2568,555,222
INVSNP0002782,WH0002,PRD0140,2026-07-01,2478,555,222
INVSNP0002783,WH0002,PRD0140,2026-08-01,2601,555,222
INVSNP0002784,WH0002,PRD0140,2026-09-01,1440,555,222
INVSNP0002785,WH0002,PRD0073,2024-10-01,3861,1069,427
INVSNP0002786,WH0002,PRD0073,2024-11-01,3724,1069,427
INVSNP0002787,WH0002,PRD0073,2024-12-01,3760,1069,427
INVSNP0002788,WH0002,PRD0073,2025-01-01,4077,1069,427
INVSNP0002789,WH0002,PRD0073,2025-02-01,4768,1069,427
INVSNP0002790,WH0002,PRD0073,2025-03-01,4774,1069,427
INVSNP0002791,WH0002,PRD0073,2025-04-01,4613,1069,427
INVSNP0002792,WH0002,PRD0073,2025-05-01,5348,1069,427
INVSNP0002793,WH0002,PRD0073,2025-06-01,3870,1069,427
INVSNP0002794,WH0002,PRD0073,2025-07-01,4038,1069,427
INVSNP0002795,WH0002,PRD0073,2025-08-01,4283,1069,427
INVSNP0002796,WH0002,PRD0073,2025-09-01,4501,1069,427
INVSNP0002797,WH0002,PRD0073,2025-10-01,4161,1069,427
INVSNP0002798,WH0002,PRD0073,2025-11-01,4954,1069,427
INVSNP0002799,WH0002,PRD0073,2025-12-01,3739,1069,427
INVSNP0002800,WH0002,PRD0073,2026-01-01,4074,1069,427
INVSNP0002801,WH0002,PRD0073,2026-02-01,5163,1069,427
INVSNP0002802,WH0002,PRD0073,2026-03-01,3391,1069,427
INVSNP0002803,WH0002,PRD0073,2026-04-01,5144,1069,427
INVSNP0002804,WH0002,PRD0073,2026-05-01,4473,1069,427
INVSNP0002805,WH0002,PRD0073,2026-06-01,3328,1069,427
INVSNP0002806,WH0002,PRD0073,2026-07-01,4005,1069,427
INVSNP0002807,WH0002,PRD0073,2026-08-01,4335,1069,427
INVSNP0002808,WH0002,PRD0073,2026-09-01,4004,1069,427
INVSNP0002809,WH0002,PRD0022,2024-10-01,2180,641,256
INVSNP0002810,WH0002,PRD0022,2024-11-01,2597,641,256
INVSNP0002811,WH0002,PRD0022,2024-12-01,2361,641,256
INVSNP0002812,WH0002,PRD0022,2025-01-01,3002,641,256
INVSNP0002813,WH0002,PRD0022,2025-02-01,1941,641,256
INVSNP0002814,WH0002,PRD0022,2025-03-01,2910,641,256
INVSNP0002815,WH0002,PRD0022,2025-04-01,2059,641,256
INVSNP0002816,WH0002,PRD0022,2025-05-01,1870,641,256
INVSNP0002817,WH0002,PRD0022,2025-06-01,2735,641,256
INVSNP0002818,WH0002,PRD0022,2025-07-01,2039,641,256
INVSNP0002819,WH0002,PRD0022,2025-08-01,2006,641,256
INVSNP0002820,WH0002,PRD0022,2025-09-01,2119,641,256
INVSNP0002821,WH0002,PRD0022,2025-10-01,1817,641,256
INVSNP0002822,WH0002,PRD0022,2025-11-01,3002,641,256
INVSNP0002823,WH0002,PRD0022,2025-12-01,3577,641,256
INVSNP0002824,WH0002,PRD0022,2026-01-01,2680,641,256
INVSNP0002825,WH0002,PRD0022,2026-02-01,2825,641,256
INVSNP0002826,WH0002,PRD0022,2026-03-01,3219,641,256
INVSNP0002827,WH0002,PRD0022,2026-04-01,2398,641,256
INVSNP0002828,WH0002,PRD0022,2026-05-01,2610,641,256
INVSNP0002829,WH0002,PRD0022,2026-06-01,3294,641,256
INVSNP0002830,WH0002,PRD0022,2026-07-01,2508,641,256
INVSNP0002831,WH0002,PRD0022,2026-08-01,2586,641,256
INVSNP0002832,WH0002,PRD0022,2026-09-01,2942,641,256
INVSNP0002833,WH0002,PRD0033,2024-10-01,4443,1122,448
INVSNP0002834,WH0002,PRD0033,2024-11-01,5541,1122,448
INVSNP0002835,WH0002,PRD0033,2024-12-01,5179,1122,448
INVSNP0002836,WH0002,PRD0033,2025-01-01,4546,1122,448
INVSNP0002837,WH0002,PRD0033,2025-02-01,3620,1122,448
INVSNP0002838,WH0002,PRD0033,2025-03-01,4944,1122,448
INVSNP0002839,WH0002,PRD0033,2025-04-01,4176,1122,448
INVSNP0002840,WH0002,PRD0033,2025-05-01,5532,1122,448
INVSNP0002841,WH0002,PRD0033,2025-06-01,5184,1122,448
INVSNP0002842,WH0002,PRD0033,2025-07-01,4428,1122,448
INVSNP0002843,WH0002,PRD0033,2025-08-01,4674,1122,448
INVSNP0002844,WH0002,PRD0033,2025-09-01,3605,1122,448
INVSNP0002845,WH0002,PRD0033,2025-10-01,5756,1122,448
INVSNP0002846,WH0002,PRD0033,2025-11-01,4495,1122,448
INVSNP0002847,WH0002,PRD0033,2025-12-01,4144,1122,448
INVSNP0002848,WH0002,PRD0033,2026-01-01,4489,1122,448
INVSNP0002849,WH0002,PRD0033,2026-02-01,4393,1122,448
INVSNP0002850,WH0002,PRD0033,2026-03-01,3496,1122,448
INVSNP0002851,WH0002,PRD0033,2026-04-01,4328,1122,448
INVSNP0002852,WH0002,PRD0033,2026-05-01,4591,1122,448
INVSNP0002853,WH0002,PRD0033,2026-06-01,6016,1122,448
INVSNP0002854,WH0002,PRD0033,2026-07-01,4623,1122,448
INVSNP0002855,WH0002,PRD0033,2026-08-01,3340,1122,448
INVSNP0002856,WH0002,PRD0033,2026-09-01,5993,1122,448
INVSNP0002857,WH0002,PRD0013,2024-10-01,415,95,38
INVSNP0002858,WH0002,PRD0013,2024-11-01,365,95,38
INVSNP0002859,WH0002,PRD0013,2024-12-01,318,95,38
INVSNP0002860,WH0002,PRD0013,2025-01-01,368,95,38
INVSNP0002861,WH0002,PRD0013,2025-02-01,362,95,38
INVSNP0002862,WH0002,PRD0013,2025-03-01,340,95,38
INVSNP0002863,WH0002,PRD0013,2025-04-01,465,95,38
INVSNP0002864,WH0002,PRD0013,2025-05-01,388,95,38
INVSNP0002865,WH0002,PRD0013,2025-06-01,362,95,38
INVSNP0002866,WH0002,PRD0013,2025-07-01,425,95,38
INVSNP0002867,WH0002,PRD0013,2025-08-01,412,95,38
INVSNP0002868,WH0002,PRD0013,2025-09-01,411,95,38
INVSNP0002869,WH0002,PRD0013,2025-10-01,348,95,38
INVSNP0002870,WH0002,PRD0013,2025-11-01,340,95,38
INVSNP0002871,WH0002,PRD0013,2025-12-01,352,95,38
INVSNP0002872,WH0002,PRD0013,2026-01-01,348,95,38
INVSNP0002873,WH0002,PRD0013,2026-02-01,437,95,38
INVSNP0002874,WH0002,PRD0013,2026-03-01,417,95,38
INVSNP0002875,WH0002,PRD0013,2026-04-01,444,95,38
INVSNP0002876,WH0002,PRD0013,2026-05-01,353,95,38
INVSNP0002877,WH0002,PRD0013,2026-06-01,389,95,38
INVSNP0002878,WH0002,PRD0013,2026-07-01,446,95,38
INVSNP0002879,WH0002,PRD0013,2026-08-01,312,95,38
INVSNP0002880,WH0002,PRD0013,2026-09-01,342,95,38
INVSNP0002881,WH0002,PRD0109,2024-10-01,3706,1159,463
INVSNP0002882,WH0002,PRD0109,2024-11-01,3845,1159,463
INVSNP0002883,WH0002,PRD0109,2024-12-01,3615,1159,463
INVSNP0002884,WH0002,PRD0109,2025-01-01,2815,1159,463
INVSNP0002885,WH0002,PRD0109,2025-02-01,3433,1159,463
INVSNP0002886,WH0002,PRD0109,2025-03-01,3599,1159,463
INVSNP0002887,WH0002,PRD0109,2025-04-01,5828,1159,463
INVSNP0002888,WH0002,PRD0109,2025-05-01,4113,1159,463
INVSNP0002889,WH0002,PRD0109,2025-06-01,4623,1159,463
INVSNP0002890,WH0002,PRD0109,2025-07-01,4055,1159,463
INVSNP0002891,WH0002,PRD0109,2025-08-01,3653,1159,463
INVSNP0002892,WH0002,PRD0109,2025-09-01,4381,1159,463
INVSNP0002893,WH0002,PRD0109,2025-10-01,3541,1159,463
INVSNP0002894,WH0002,PRD0109,2025-11-01,5459,1159,463
INVSNP0002895,WH0002,PRD0109,2025-12-01,3857,1159,463
INVSNP0002896,WH0002,PRD0109,2026-01-01,4972,1159,463
INVSNP0002897,WH0002,PRD0109,2026-02-01,4499,1159,463
INVSNP0002898,WH0002,PRD0109,2026-03-01,3571,1159,463
INVSNP0002899,WH0002,PRD0109,2026-04-01,4843,1159,463
INVSNP0002900,WH0002,PRD0109,2026-05-01,4636,1159,463
INVSNP0002901,WH0002,PRD0109,2026-06-01,4966,1159,463
INVSNP0002902,WH0002,PRD0109,2026-07-01,5820,1159,463
INVSNP0002903,WH0002,PRD0109,2026-08-01,5940,1159,463
INVSNP0002904,WH0002,PRD0109,2026-09-01,3351,1159,463
INVSNP0002905,WH0002,PRD0042,2024-10-01,3585,1212,485
INVSNP0002906,WH0002,PRD0042,2024-11-01,5483,1212,485
INVSNP0002907,WH0002,PRD0042,2024-12-01,4514,1212,485
INVSNP0002908,WH0002,PRD0042,2025-01-01,6424,1212,485
INVSNP0002909,WH0002,PRD0042,2025-02-01,5319,1212,485
INVSNP0002910,WH0002,PRD0042,2025-03-01,5230,1212,485
INVSNP0002911,WH0002,PRD0042,2025-04-01,3046,1212,485
INVSNP0002912,WH0002,PRD0042,2025-05-01,4690,1212,485
INVSNP0002913,WH0002,PRD0042,2025-06-01,5338,1212,485
INVSNP0002914,WH0002,PRD0042,2025-07-01,4725,1212,485
INVSNP0002915,WH0002,PRD0042,2025-08-01,4653,1212,485
INVSNP0002916,WH0002,PRD0042,2025-09-01,4528,1212,485
INVSNP0002917,WH0002,PRD0042,2025-10-01,4771,1212,485
INVSNP0002918,WH0002,PRD0042,2025-11-01,4525,1212,485
INVSNP0002919,WH0002,PRD0042,2025-12-01,6388,1212,485
INVSNP0002920,WH0002,PRD0042,2026-01-01,5741,1212,485
INVSNP0002921,WH0002,PRD0042,2026-02-01,5787,1212,485
INVSNP0002922,WH0002,PRD0042,2026-03-01,3273,1212,485
INVSNP0002923,WH0002,PRD0042,2026-04-01,5153,1212,485
INVSNP0002924,WH0002,PRD0042,2026-05-01,3339,1212,485
INVSNP0002925,WH0002,PRD0042,2026-06-01,6070,1212,485
INVSNP0002926,WH0002,PRD0042,2026-07-01,5298,1212,485
INVSNP0002927,WH0002,PRD0042,2026-08-01,5920,1212,485
INVSNP0002928,WH0002,PRD0042,2026-09-01,4075,1212,485
INVSNP0002929,WH0002,PRD0129,2024-10-01,1168,321,128
INVSNP0002930,WH0002,PRD0129,2024-11-01,1339,321,128
INVSNP0002931,WH0002,PRD0129,2024-12-01,1079,321,128
INVSNP0002932,WH0002,PRD0129,2025-01-01,1413,321,128
INVSNP0002933,WH0002,PRD0129,2025-02-01,1058,321,128
INVSNP0002934,WH0002,PRD0129,2025-03-01,1564,321,128
INVSNP0002935,WH0002,PRD0129,2025-04-01,1271,321,128
INVSNP0002936,WH0002,PRD0129,2025-05-01,1303,321,128
INVSNP0002937,WH0002,PRD0129,2025-06-01,1467,321,128
INVSNP0002938,WH0002,PRD0129,2025-07-01,1642,321,128
INVSNP0002939,WH0002,PRD0129,2025-08-01,1037,321,128
INVSNP0002940,WH0002,PRD0129,2025-09-01,1372,321,128
INVSNP0002941,WH0002,PRD0129,2025-10-01,972,321,128
INVSNP0002942,WH0002,PRD0129,2025-11-01,1051,321,128
INVSNP0002943,WH0002,PRD0129,2025-12-01,1447,321,128
INVSNP0002944,WH0002,PRD0129,2026-01-01,1451,321,128
INVSNP0002945,WH0002,PRD0129,2026-02-01,1200,321,128
INVSNP0002946,WH0002,PRD0129,2026-03-01,1208,321,128
INVSNP0002947,WH0002,PRD0129,2026-04-01,1484,321,128
INVSNP0002948,WH0002,PRD0129,2026-05-01,1219,321,128
INVSNP0002949,WH0002,PRD0129,2026-06-01,1799,321,128
INVSNP0002950,WH0002,PRD0129,2026-07-01,1501,321,128
INVSNP0002951,WH0002,PRD0129,2026-08-01,1071,321,128
INVSNP0002952,WH0002,PRD0129,2026-09-01,1451,321,128
INVSNP0002953,WH0002,PRD0090,2024-10-01,1064,215,86
INVSNP0002954,WH0002,PRD0090,2024-11-01,733,215,86
INVSNP0002955,WH0002,PRD0090,2024-12-01,920,215,86
INVSNP0002956,WH0002,PRD0090,2025-01-01,876,215,86
INVSNP0002957,WH0002,PRD0090,2025-02-01,983,215,86
INVSNP0002958,WH0002,PRD0090,2025-03-01,934,215,86
INVSNP0002959,WH0002,PRD0090,2025-04-01,840,215,86
INVSNP0002960,WH0002,PRD0090,2025-05-01,876,215,86
INVSNP0002961,WH0002,PRD0090,2025-06-01,763,215,86
INVSNP0002962,WH0002,PRD0090,2025-07-01,852,215,86
INVSNP0002963,WH0002,PRD0090,2025-08-01,986,215,86
INVSNP0002964,WH0002,PRD0090,2025-09-01,991,215,86
INVSNP0002965,WH0002,PRD0090,2025-10-01,850,215,86
INVSNP0002966,WH0002,PRD0090,2025-11-01,865,215,86
INVSNP0002967,WH0002,PRD0090,2025-12-01,928,215,86
INVSNP0002968,WH0002,PRD0090,2026-01-01,808,215,86
INVSNP0002969,WH0002,PRD0090,2026-02-01,873,215,86
INVSNP0002970,WH0002,PRD0090,2026-03-01,638,215,86
INVSNP0002971,WH0002,PRD0090,2026-04-01,895,215,86
INVSNP0002972,WH0002,PRD0090,2026-05-01,989,215,86
INVSNP0002973,WH0002,PRD0090,2026-06-01,920,215,86
INVSNP0002974,WH0002,PRD0090,2026-07-01,1053,215,86
INVSNP0002975,WH0002,PRD0090,2026-08-01,756,215,86
INVSNP0002976,WH0002,PRD0090,2026-09-01,747,215,86
INVSNP0002977,WH0002,PRD0127,2024-10-01,352,100,40
INVSNP0002978,WH0002,PRD0127,2024-11-01,412,100,40
INVSNP0002979,WH0002,PRD0127,2024-12-01,421,100,40
INVSNP0002980,WH0002,PRD0127,2025-01-01,427,100,40
INVSNP0002981,WH0002,PRD0127,2025-02-01,413,100,40
INVSNP0002982,WH0002,PRD0127,2025-03-01,421,100,40
INVSNP0002983,WH0002,PRD0127,2025-04-01,338,100,40
INVSNP0002984,WH0002,PRD0127,2025-05-01,448,100,40
INVSNP0002985,WH0002,PRD0127,2025-06-01,393,100,40
INVSNP0002986,WH0002,PRD0127,2025-07-01,493,100,40
INVSNP0002987,WH0002,PRD0127,2025-08-01,497,100,40
INVSNP0002988,WH0002,PRD0127,2025-09-01,476,100,40
INVSNP0002989,WH0002,PRD0127,2025-10-01,363,100,40
INVSNP0002990,WH0002,PRD0127,2025-11-01,381,100,40
INVSNP0002991,WH0002,PRD0127,2025-12-01,405,100,40
INVSNP0002992,WH0002,PRD0127,2026-01-01,417,100,40
INVSNP0002993,WH0002,PRD0127,2026-02-01,375,100,40
INVSNP0002994,WH0002,PRD0127,2026-03-01,432,100,40
INVSNP0002995,WH0002,PRD0127,2026-04-01,347,100,40
INVSNP0002996,WH0002,PRD0127,2026-05-01,381,100,40
INVSNP0002997,WH0002,PRD0127,2026-06-01,303,100,40
INVSNP0002998,WH0002,PRD0127,2026-07-01,440,100,40
INVSNP0002999,WH0002,PRD0127,2026-08-01,368,100,40
INVSNP0003000,WH0002,PRD0127,2026-09-01,422,100,40
INVSNP0003001,WH0002,PRD0087,2024-10-01,648,149,59
INVSNP0003002,WH0002,PRD0087,2024-11-01,608,149,59
INVSNP0003003,WH0002,PRD0087,2024-12-01,652,149,59
INVSNP0003004,WH0002,PRD0087,2025-01-01,545,149,59
INVSNP0003005,WH0002,PRD0087,2025-02-01,559,149,59
INVSNP0003006,WH0002,PRD0087,2025-03-01,683,149,59
INVSNP0003007,WH0002,PRD0087,2025-04-01,755,149,59
INVSNP0003008,WH0002,PRD0087,2025-05-01,714,149,59
INVSNP0003009,WH0002,PRD0087,2025-06-01,565,149,59
INVSNP0003010,WH0002,PRD0087,2025-07-01,349,149,59
INVSNP0003011,WH0002,PRD0087,2025-08-01,602,149,59
INVSNP0003012,WH0002,PRD0087,2025-09-01,610,149,59
INVSNP0003013,WH0002,PRD0087,2025-10-01,494,149,59
INVSNP0003014,WH0002,PRD0087,2025-11-01,672,149,59
INVSNP0003015,WH0002,PRD0087,2025-12-01,649,149,59
INVSNP0003016,WH0002,PRD0087,2026-01-01,502,149,59
INVSNP0003017,WH0002,PRD0087,2026-02-01,643,149,59
INVSNP0003018,WH0002,PRD0087,2026-03-01,689,149,59
INVSNP0003019,WH0002,PRD0087,2026-04-01,595,149,59
INVSNP0003020,WH0002,PRD0087,2026-05-01,576,149,59
INVSNP0003021,WH0002,PRD0087,2026-06-01,586,149,59
INVSNP0003022,WH0002,PRD0087,2026-07-01,641,149,59
INVSNP0003023,WH0002,PRD0087,2026-08-01,529,149,59
INVSNP0003024,WH0002,PRD0087,2026-09-01,578,149,59
INVSNP0003025,WH0002,PRD0089,2024-10-01,2494,687,274
INVSNP0003026,WH0002,PRD0089,2024-11-01,2179,687,274
INVSNP0003027,WH0002,PRD0089,2024-12-01,2852,687,274
INVSNP0003028,WH0002,PRD0089,2025-01-01,2607,687,274
INVSNP0003029,WH0002,PRD0089,2025-02-01,2150,687,274
INVSNP0003030,WH0002,PRD0089,2025-03-01,3556,687,274
INVSNP0003031,WH0002,PRD0089,2025-04-01,2977,687,274
INVSNP0003032,WH0002,PRD0089,2025-05-01,3279,687,274
INVSNP0003033,WH0002,PRD0089,2025-06-01,2134,687,274
INVSNP0003034,WH0002,PRD0089,2025-07-01,3215,687,274
INVSNP0003035,WH0002,PRD0089,2025-08-01,2481,687,274
INVSNP0003036,WH0002,PRD0089,2025-09-01,3062,687,274
INVSNP0003037,WH0002,PRD0089,2025-10-01,2689,687,274
INVSNP0003038,WH0002,PRD0089,2025-11-01,2619,687,274
INVSNP0003039,WH0002,PRD0089,2025-12-01,2420,687,274
INVSNP0003040,WH0002,PRD0089,2026-01-01,2780,687,274
INVSNP0003041,WH0002,PRD0089,2026-02-01,2940,687,274
INVSNP0003042,WH0002,PRD0089,2026-03-01,2493,687,274
INVSNP0003043,WH0002,PRD0089,2026-04-01,2358,687,274
INVSNP0003044,WH0002,PRD0089,2026-05-01,2873,687,274
INVSNP0003045,WH0002,PRD0089,2026-06-01,3094,687,274
INVSNP0003046,WH0002,PRD0089,2026-07-01,2546,687,274
INVSNP0003047,WH0002,PRD0089,2026-08-01,2954,687,274
INVSNP0003048,WH0002,PRD0089,2026-09-01,2858,687,274
INVSNP0003049,WH0002,PRD0018,2024-10-01,2962,881,352
INVSNP0003050,WH0002,PRD0018,2024-11-01,2958,881,352
INVSNP0003051,WH0002,PRD0018,2024-12-01,4159,881,352
INVSNP0003052,WH0002,PRD0018,2025-01-01,2897,881,352
INVSNP0003053,WH0002,PRD0018,2025-02-01,4056,881,352
INVSNP0003054,WH0002,PRD0018,2025-03-01,3318,881,352
INVSNP0003055,WH0002,PRD0018,2025-04-01,3062,881,352
INVSNP0003056,WH0002,PRD0018,2025-05-01,3281,881,352
INVSNP0003057,WH0002,PRD0018,2025-06-01,3670,881,352
INVSNP0003058,WH0002,PRD0018,2025-07-01,2972,881,352
INVSNP0003059,WH0002,PRD0018,2025-08-01,3760,881,352
INVSNP0003060,WH0002,PRD0018,2025-09-01,3903,881,352
INVSNP0003061,WH0002,PRD0018,2025-10-01,2739,881,352
INVSNP0003062,WH0002,PRD0018,2025-11-01,3208,881,352
INVSNP0003063,WH0002,PRD0018,2025-12-01,2680,881,352
INVSNP0003064,WH0002,PRD0018,2026-01-01,3757,881,352
INVSNP0003065,WH0002,PRD0018,2026-02-01,2598,881,352
INVSNP0003066,WH0002,PRD0018,2026-03-01,3616,881,352
INVSNP0003067,WH0002,PRD0018,2026-04-01,3651,881,352
INVSNP0003068,WH0002,PRD0018,2026-05-01,2737,881,352
INVSNP0003069,WH0002,PRD0018,2026-06-01,4090,881,352
INVSNP0003070,WH0002,PRD0018,2026-07-01,3953,881,352
INVSNP0003071,WH0002,PRD0018,2026-08-01,2844,881,352
INVSNP0003072,WH0002,PRD0018,2026-09-01,4094,881,352
INVSNP0003073,WH0002,PRD0150,2024-10-01,3001,781,312
INVSNP0003074,WH0002,PRD0150,2024-11-01,2679,781,312
INVSNP0003075,WH0002,PRD0150,2024-12-01,3521,781,312
INVSNP0003076,WH0002,PRD0150,2025-01-01,2706,781,312
INVSNP0003077,WH0002,PRD0150,2025-02-01,3562,781,312
INVSNP0003078,WH0002,PRD0150,2025-03-01,2997,781,312
INVSNP0003079,WH0002,PRD0150,2025-04-01,2593,781,312
INVSNP0003080,WH0002,PRD0150,2025-05-01,2406,781,312
INVSNP0003081,WH0002,PRD0150,2025-06-01,2705,781,312
INVSNP0003082,WH0002,PRD0150,2025-07-01,3384,781,312
INVSNP0003083,WH0002,PRD0150,2025-08-01,2666,781,312
INVSNP0003084,WH0002,PRD0150,2025-09-01,3602,781,312
INVSNP0003085,WH0002,PRD0150,2025-10-01,3976,781,312
INVSNP0003086,WH0002,PRD0150,2025-11-01,3213,781,312
INVSNP0003087,WH0002,PRD0150,2025-12-01,2967,781,312
INVSNP0003088,WH0002,PRD0150,2026-01-01,2828,781,312
INVSNP0003089,WH0002,PRD0150,2026-02-01,1705,781,312
INVSNP0003090,WH0002,PRD0150,2026-03-01,2953,781,312
INVSNP0003091,WH0002,PRD0150,2026-04-01,2930,781,312
INVSNP0003092,WH0002,PRD0150,2026-05-01,3047,781,312
INVSNP0003093,WH0002,PRD0150,2026-06-01,3378,781,312
INVSNP0003094,WH0002,PRD0150,2026-07-01,2839,781,312
INVSNP0003095,WH0002,PRD0150,2026-08-01,2494,781,312
INVSNP0003096,WH0002,PRD0150,2026-09-01,3031,781,312
INVSNP0003097,WH0002,PRD0023,2024-10-01,1490,408,163
INVSNP0003098,WH0002,PRD0023,2024-11-01,1608,408,163
INVSNP0003099,WH0002,PRD0023,2024-12-01,1592,408,163
INVSNP0003100,WH0002,PRD0023,2025-01-01,1612,408,163
INVSNP0003101,WH0002,PRD0023,2025-02-01,1702,408,163
INVSNP0003102,WH0002,PRD0023,2025-03-01,1641,408,163
INVSNP0003103,WH0002,PRD0023,2025-04-01,1841,408,163
INVSNP0003104,WH0002,PRD0023,2025-05-01,1929,408,163
INVSNP0003105,WH0002,PRD0023,2025-06-01,1922,408,163
INVSNP0003106,WH0002,PRD0023,2025-07-01,1409,408,163
INVSNP0003107,WH0002,PRD0023,2025-08-01,1412,408,163
INVSNP0003108,WH0002,PRD0023,2025-09-01,1360,408,163
INVSNP0003109,WH0002,PRD0023,2025-10-01,1522,408,163
INVSNP0003110,WH0002,PRD0023,2025-11-01,1634,408,163
INVSNP0003111,WH0002,PRD0023,2025-12-01,1626,408,163
INVSNP0003112,WH0002,PRD0023,2026-01-01,1563,408,163
INVSNP0003113,WH0002,PRD0023,2026-02-01,1556,408,163
INVSNP0003114,WH0002,PRD0023,2026-03-01,1723,408,163
INVSNP0003115,WH0002,PRD0023,2026-04-01,1559,408,163
INVSNP0003116,WH0002,PRD0023,2026-05-01,1304,408,163
INVSNP0003117,WH0002,PRD0023,2026-06-01,1944,408,163
INVSNP0003118,WH0002,PRD0023,2026-07-01,1154,408,163
INVSNP0003119,WH0002,PRD0023,2026-08-01,1478,408,163
INVSNP0003120,WH0002,PRD0023,2026-09-01,1491,408,163
INVSNP0003121,WH0002,PRD0082,2024-10-01,2870,894,357
INVSNP0003122,WH0002,PRD0082,2024-11-01,3828,894,357
INVSNP0003123,WH0002,PRD0082,2024-12-01,3443,894,357
INVSNP0003124,WH0002,PRD0082,2025-01-01,3002,894,357
INVSNP0003125,WH0002,PRD0082,2025-02-01,2308,894,357
INVSNP0003126,WH0002,PRD0082,2025-03-01,2815,894,357
INVSNP0003127,WH0002,PRD0082,2025-04-01,3836,894,357
INVSNP0003128,WH0002,PRD0082,2025-05-01,3409,894,357
INVSNP0003129,WH0002,PRD0082,2025-06-01,3847,894,357
INVSNP0003130,WH0002,PRD0082,2025-07-01,2745,894,357
INVSNP0003131,WH0002,PRD0082,2025-08-01,3022,894,357
INVSNP0003132,WH0002,PRD0082,2025-09-01,2630,894,357
INVSNP0003133,WH0002,PRD0082,2025-10-01,4369,894,357
INVSNP0003134,WH0002,PRD0082,2025-11-01,3828,894,357
INVSNP0003135,WH0002,PRD0082,2025-12-01,3269,894,357
INVSNP0003136,WH0002,PRD0082,2026-01-01,2835,894,357
INVSNP0003137,WH0002,PRD0082,2026-02-01,3547,894,357
INVSNP0003138,WH0002,PRD0082,2026-03-01,2554,894,357
INVSNP0003139,WH0002,PRD0082,2026-04-01,3868,894,357
INVSNP0003140,WH0002,PRD0082,2026-05-01,3426,894,357
INVSNP0003141,WH0002,PRD0082,2026-06-01,4333,894,357
INVSNP0003142,WH0002,PRD0082,2026-07-01,3823,894,357
INVSNP0003143,WH0002,PRD0082,2026-08-01,3347,894,357
INVSNP0003144,WH0002,PRD0082,2026-09-01,2219,894,357
INVSNP0003145,WH0002,PRD0041,2024-10-01,3594,930,372
INVSNP0003146,WH0002,PRD0041,2024-11-01,2873,930,372
INVSNP0003147,WH0002,PRD0041,2024-12-01,4136,930,372
INVSNP0003148,WH0002,PRD0041,2025-01-01,3025,930,372
INVSNP0003149,WH0002,PRD0041,2025-02-01,4214,930,372
INVSNP0003150,WH0002,PRD0041,2025-03-01,3226,930,372
INVSNP0003151,WH0002,PRD0041,2025-04-01,3497,930,372
INVSNP0003152,WH0002,PRD0041,2025-05-01,2668,930,372
INVSNP0003153,WH0002,PRD0041,2025-06-01,3863,930,372
INVSNP0003154,WH0002,PRD0041,2025-07-01,4556,930,372
INVSNP0003155,WH0002,PRD0041,2025-08-01,4273,930,372
INVSNP0003156,WH0002,PRD0041,2025-09-01,4043,930,372
INVSNP0003157,WH0002,PRD0041,2025-10-01,2508,930,372
INVSNP0003158,WH0002,PRD0041,2025-11-01,3612,930,372
INVSNP0003159,WH0002,PRD0041,2025-12-01,4416,930,372
INVSNP0003160,WH0002,PRD0041,2026-01-01,3981,930,372
INVSNP0003161,WH0002,PRD0041,2026-02-01,3210,930,372
INVSNP0003162,WH0002,PRD0041,2026-03-01,3032,930,372
INVSNP0003163,WH0002,PRD0041,2026-04-01,3906,930,372
INVSNP0003164,WH0002,PRD0041,2026-05-01,2830,930,372
INVSNP0003165,WH0002,PRD0041,2026-06-01,3917,930,372
INVSNP0003166,WH0002,PRD0041,2026-07-01,2953,930,372
INVSNP0003167,WH0002,PRD0041,2026-08-01,3692,930,372
INVSNP0003168,WH0002,PRD0041,2026-09-01,2882,930,372
INVSNP0003169,WH0002,PRD0086,2024-10-01,1102,267,107
INVSNP0003170,WH0002,PRD0086,2024-11-01,971,267,107
INVSNP0003171,WH0002,PRD0086,2024-12-01,1075,267,107
INVSNP0003172,WH0002,PRD0086,2025-01-01,730,267,107
INVSNP0003173,WH0002,PRD0086,2025-02-01,1311,267,107
INVSNP0003174,WH0002,PRD0086,2025-03-01,1320,267,107
INVSNP0003175,WH0002,PRD0086,2025-04-01,863,267,107
INVSNP0003176,WH0002,PRD0086,2025-05-01,1060,267,107
INVSNP0003177,WH0002,PRD0086,2025-06-01,1324,267,107
INVSNP0003178,WH0002,PRD0086,2025-07-01,1014,267,107
INVSNP0003179,WH0002,PRD0086,2025-08-01,1138,267,107
INVSNP0003180,WH0002,PRD0086,2025-09-01,1041,267,107
INVSNP0003181,WH0002,PRD0086,2025-10-01,1380,267,107
INVSNP0003182,WH0002,PRD0086,2025-11-01,1022,267,107
INVSNP0003183,WH0002,PRD0086,2025-12-01,910,267,107
INVSNP0003184,WH0002,PRD0086,2026-01-01,1259,267,107
INVSNP0003185,WH0002,PRD0086,2026-02-01,1171,267,107
INVSNP0003186,WH0002,PRD0086,2026-03-01,1081,267,107
INVSNP0003187,WH0002,PRD0086,2026-04-01,980,267,107
INVSNP0003188,WH0002,PRD0086,2026-05-01,776,267,107
INVSNP0003189,WH0002,PRD0086,2026-06-01,1169,267,107
INVSNP0003190,WH0002,PRD0086,2026-07-01,1135,267,107
INVSNP0003191,WH0002,PRD0086,2026-08-01,1275,267,107
INVSNP0003192,WH0002,PRD0086,2026-09-01,1259,267,107
INVSNP0003193,WH0002,PRD0062,2024-10-01,1044,257,102
INVSNP0003194,WH0002,PRD0062,2024-11-01,1043,257,102
INVSNP0003195,WH0002,PRD0062,2024-12-01,1206,257,102
INVSNP0003196,WH0002,PRD0062,2025-01-01,1192,257,102
INVSNP0003197,WH0002,PRD0062,2025-02-01,1139,257,102
INVSNP0003198,WH0002,PRD0062,2025-03-01,1198,257,102
INVSNP0003199,WH0002,PRD0062,2025-04-01,1140,257,102
INVSNP0003200,WH0002,PRD0062,2025-05-01,1206,257,102
INVSNP0003201,WH0002,PRD0062,2025-06-01,1063,257,102
INVSNP0003202,WH0002,PRD0062,2025-07-01,826,257,102
INVSNP0003203,WH0002,PRD0062,2025-08-01,1037,257,102
INVSNP0003204,WH0002,PRD0062,2025-09-01,1109,257,102
INVSNP0003205,WH0002,PRD0062,2025-10-01,705,257,102
INVSNP0003206,WH0002,PRD0062,2025-11-01,1228,257,102
INVSNP0003207,WH0002,PRD0062,2025-12-01,1222,257,102
INVSNP0003208,WH0002,PRD0062,2026-01-01,1105,257,102
INVSNP0003209,WH0002,PRD0062,2026-02-01,900,257,102
INVSNP0003210,WH0002,PRD0062,2026-03-01,1023,257,102
INVSNP0003211,WH0002,PRD0062,2026-04-01,1083,257,102
INVSNP0003212,WH0002,PRD0062,2026-05-01,1169,257,102
INVSNP0003213,WH0002,PRD0062,2026-06-01,1268,257,102
INVSNP0003214,WH0002,PRD0062,2026-07-01,1147,257,102
INVSNP0003215,WH0002,PRD0062,2026-08-01,1098,257,102
INVSNP0003216,WH0002,PRD0062,2026-09-01,834,257,102
INVSNP0003217,WH0002,PRD0115,2024-10-01,1363,299,119
INVSNP0003218,WH0002,PRD0115,2024-11-01,1537,299,119
INVSNP0003219,WH0002,PRD0115,2024-12-01,1078,299,119
INVSNP0003220,WH0002,PRD0115,2025-01-01,1329,299,119
INVSNP0003221,WH0002,PRD0115,2025-02-01,1364,299,119
INVSNP0003222,WH0002,PRD0115,2025-03-01,1121,299,119
INVSNP0003223,WH0002,PRD0115,2025-04-01,1281,299,119
INVSNP0003224,WH0002,PRD0115,2025-05-01,1167,299,119
INVSNP0003225,WH0002,PRD0115,2025-06-01,999,299,119
INVSNP0003226,WH0002,PRD0115,2025-07-01,1239,299,119
INVSNP0003227,WH0002,PRD0115,2025-08-01,1226,299,119
INVSNP0003228,WH0002,PRD0115,2025-09-01,1103,299,119
INVSNP0003229,WH0002,PRD0115,2025-10-01,968,299,119
INVSNP0003230,WH0002,PRD0115,2025-11-01,1305,299,119
INVSNP0003231,WH0002,PRD0115,2025-12-01,979,299,119
INVSNP0003232,WH0002,PRD0115,2026-01-01,1265,299,119
INVSNP0003233,WH0002,PRD0115,2026-02-01,1181,299,119
INVSNP0003234,WH0002,PRD0115,2026-03-01,1166,299,119
INVSNP0003235,WH0002,PRD0115,2026-04-01,1285,299,119
INVSNP0003236,WH0002,PRD0115,2026-05-01,1342,299,119
INVSNP0003237,WH0002,PRD0115,2026-06-01,1249,299,119
INVSNP0003238,WH0002,PRD0115,2026-07-01,1229,299,119
INVSNP0003239,WH0002,PRD0115,2026-08-01,1060,299,119
INVSNP0003240,WH0002,PRD0115,2026-09-01,1199,299,119
INVSNP0003241,WH0002,PRD0091,2024-10-01,2731,590,236
INVSNP0003242,WH0002,PRD0091,2024-11-01,2312,590,236
INVSNP0003243,WH0002,PRD0091,2024-12-01,2068,590,236
INVSNP0003244,WH0002,PRD0091,2025-01-01,2247,590,236
INVSNP0003245,WH0002,PRD0091,2025-02-01,2863,590,236
INVSNP0003246,WH0002,PRD0091,2025-03-01,2765,590,236
INVSNP0003247,WH0002,PRD0091,2025-04-01,2598,590,236
INVSNP0003248,WH0002,PRD0091,2025-05-01,1698,590,236
INVSNP0003249,WH0002,PRD0091,2025-06-01,1713,590,236
INVSNP0003250,WH0002,PRD0091,2025-07-01,2656,590,236
INVSNP0003251,WH0002,PRD0091,2025-08-01,2770,590,236
INVSNP0003252,WH0002,PRD0091,2025-09-01,2599,590,236
INVSNP0003253,WH0002,PRD0091,2025-10-01,2465,590,236
INVSNP0003254,WH0002,PRD0091,2025-11-01,2118,590,236
INVSNP0003255,WH0002,PRD0091,2025-12-01,2428,590,236
INVSNP0003256,WH0002,PRD0091,2026-01-01,2718,590,236
INVSNP0003257,WH0002,PRD0091,2026-02-01,1775,590,236
INVSNP0003258,WH0002,PRD0091,2026-03-01,3220,590,236
INVSNP0003259,WH0002,PRD0091,2026-04-01,2398,590,236
INVSNP0003260,WH0002,PRD0091,2026-05-01,2473,590,236
INVSNP0003261,WH0002,PRD0091,2026-06-01,2231,590,236
INVSNP0003262,WH0002,PRD0091,2026-07-01,2645,590,236
INVSNP0003263,WH0002,PRD0091,2026-08-01,1667,590,236
INVSNP0003264,WH0002,PRD0091,2026-09-01,2287,590,236
INVSNP0003265,WH0002,PRD0003,2024-10-01,3032,870,348
INVSNP0003266,WH0002,PRD0003,2024-11-01,3459,870,348
INVSNP0003267,WH0002,PRD0003,2024-12-01,3436,870,348
INVSNP0003268,WH0002,PRD0003,2025-01-01,3951,870,348
INVSNP0003269,WH0002,PRD0003,2025-02-01,3987,870,348
INVSNP0003270,WH0002,PRD0003,2025-03-01,2966,870,348
INVSNP0003271,WH0002,PRD0003,2025-04-01,4105,870,348
INVSNP0003272,WH0002,PRD0003,2025-05-01,3594,870,348
INVSNP0003273,WH0002,PRD0003,2025-06-01,3355,870,348
INVSNP0003274,WH0002,PRD0003,2025-07-01,2849,870,348
INVSNP0003275,WH0002,PRD0003,2025-08-01,3679,870,348
INVSNP0003276,WH0002,PRD0003,2025-09-01,4191,870,348
INVSNP0003277,WH0002,PRD0003,2025-10-01,3515,870,348
INVSNP0003278,WH0002,PRD0003,2025-11-01,3043,870,348
INVSNP0003279,WH0002,PRD0003,2025-12-01,2723,870,348
INVSNP0003280,WH0002,PRD0003,2026-01-01,3016,870,348
INVSNP0003281,WH0002,PRD0003,2026-02-01,3172,870,348
INVSNP0003282,WH0002,PRD0003,2026-03-01,3709,870,348
INVSNP0003283,WH0002,PRD0003,2026-04-01,3313,870,348
INVSNP0003284,WH0002,PRD0003,2026-05-01,3820,870,348
INVSNP0003285,WH0002,PRD0003,2026-06-01,3125,870,348
INVSNP0003286,WH0002,PRD0003,2026-07-01,4105,870,348
INVSNP0003287,WH0002,PRD0003,2026-08-01,3455,870,348
INVSNP0003288,WH0002,PRD0003,2026-09-01,2681,870,348
INVSNP0003289,WH0002,PRD0078,2024-10-01,4446,1222,488
INVSNP0003290,WH0002,PRD0078,2024-11-01,5300,1222,488
INVSNP0003291,WH0002,PRD0078,2024-12-01,4881,1222,488
INVSNP0003292,WH0002,PRD0078,2025-01-01,5101,1222,488
INVSNP0003293,WH0002,PRD0078,2025-02-01,4646,1222,488
INVSNP0003294,WH0002,PRD0078,2025-03-01,5266,1222,488
INVSNP0003295,WH0002,PRD0078,2025-04-01,4837,1222,488
INVSNP0003296,WH0002,PRD0078,2025-05-01,5162,1222,488
INVSNP0003297,WH0002,PRD0078,2025-06-01,5057,1222,488
INVSNP0003298,WH0002,PRD0078,2025-07-01,4794,1222,488
INVSNP0003299,WH0002,PRD0078,2025-08-01,5083,1222,488
INVSNP0003300,WH0002,PRD0078,2025-09-01,4948,1222,488
INVSNP0003301,WH0002,PRD0078,2025-10-01,5133,1222,488
INVSNP0003302,WH0002,PRD0078,2025-11-01,4578,1222,488
INVSNP0003303,WH0002,PRD0078,2025-12-01,4746,1222,488
INVSNP0003304,WH0002,PRD0078,2026-01-01,3779,1222,488
INVSNP0003305,WH0002,PRD0078,2026-02-01,4271,1222,488
INVSNP0003306,WH0002,PRD0078,2026-03-01,3667,1222,488
INVSNP0003307,WH0002,PRD0078,2026-04-01,4355,1222,488
INVSNP0003308,WH0002,PRD0078,2026-05-01,5859,1222,488
INVSNP0003309,WH0002,PRD0078,2026-06-01,4369,1222,488
INVSNP0003310,WH0002,PRD0078,2026-07-01,6299,1222,488
INVSNP0003311,WH0002,PRD0078,2026-08-01,4295,1222,488
INVSNP0003312,WH0002,PRD0078,2026-09-01,3984,1222,488
INVSNP0003313,WH0002,PRD0075,2024-10-01,1539,391,156
INVSNP0003314,WH0002,PRD0075,2024-11-01,1038,391,156
INVSNP0003315,WH0002,PRD0075,2024-12-01,1576,391,156
INVSNP0003316,WH0002,PRD0075,2025-01-01,1866,391,156
INVSNP0003317,WH0002,PRD0075,2025-02-01,1730,391,156
INVSNP0003318,WH0002,PRD0075,2025-03-01,1190,391,156
INVSNP0003319,WH0002,PRD0075,2025-04-01,1709,391,156
INVSNP0003320,WH0002,PRD0075,2025-05-01,1282,391,156
INVSNP0003321,WH0002,PRD0075,2025-06-01,1626,391,156
INVSNP0003322,WH0002,PRD0075,2025-07-01,2143,391,156
INVSNP0003323,WH0002,PRD0075,2025-08-01,1301,391,156
INVSNP0003324,WH0002,PRD0075,2025-09-01,1167,391,156
INVSNP0003325,WH0002,PRD0075,2025-10-01,1698,391,156
INVSNP0003326,WH0002,PRD0075,2025-11-01,1755,391,156
INVSNP0003327,WH0002,PRD0075,2025-12-01,1435,391,156
INVSNP0003328,WH0002,PRD0075,2026-01-01,1677,391,156
INVSNP0003329,WH0002,PRD0075,2026-02-01,1585,391,156
INVSNP0003330,WH0002,PRD0075,2026-03-01,1658,391,156
INVSNP0003331,WH0002,PRD0075,2026-04-01,1480,391,156
INVSNP0003332,WH0002,PRD0075,2026-05-01,1503,391,156
INVSNP0003333,WH0002,PRD0075,2026-06-01,1473,391,156
INVSNP0003334,WH0002,PRD0075,2026-07-01,1302,391,156
INVSNP0003335,WH0002,PRD0075,2026-08-01,894,391,156
INVSNP0003336,WH0002,PRD0075,2026-09-01,1515,391,156
INVSNP0003337,WH0002,PRD0058,2024-10-01,705,206,82
INVSNP0003338,WH0002,PRD0058,2024-11-01,667,206,82
INVSNP0003339,WH0002,PRD0058,2024-12-01,981,206,82
INVSNP0003340,WH0002,PRD0058,2025-01-01,858,206,82
INVSNP0003341,WH0002,PRD0058,2025-02-01,782,206,82
INVSNP0003342,WH0002,PRD0058,2025-03-01,773,206,82
INVSNP0003343,WH0002,PRD0058,2025-04-01,792,206,82
INVSNP0003344,WH0002,PRD0058,2025-05-01,937,206,82
INVSNP0003345,WH0002,PRD0058,2025-06-01,870,206,82
INVSNP0003346,WH0002,PRD0058,2025-07-01,476,206,82
INVSNP0003347,WH0002,PRD0058,2025-08-01,987,206,82
INVSNP0003348,WH0002,PRD0058,2025-09-01,768,206,82
INVSNP0003349,WH0002,PRD0058,2025-10-01,889,206,82
INVSNP0003350,WH0002,PRD0058,2025-11-01,986,206,82
INVSNP0003351,WH0002,PRD0058,2025-12-01,692,206,82
INVSNP0003352,WH0002,PRD0058,2026-01-01,962,206,82
INVSNP0003353,WH0002,PRD0058,2026-02-01,1028,206,82
INVSNP0003354,WH0002,PRD0058,2026-03-01,889,206,82
INVSNP0003355,WH0002,PRD0058,2026-04-01,1031,206,82
INVSNP0003356,WH0002,PRD0058,2026-05-01,865,206,82
INVSNP0003357,WH0002,PRD0058,2026-06-01,656,206,82
INVSNP0003358,WH0002,PRD0058,2026-07-01,860,206,82
INVSNP0003359,WH0002,PRD0058,2026-08-01,763,206,82
INVSNP0003360,WH0002,PRD0058,2026-09-01,721,206,82
INVSNP0003361,WH0002,PRD0143,2024-10-01,3160,855,342
INVSNP0003362,WH0002,PRD0143,2024-11-01,3523,855,342
INVSNP0003363,WH0002,PRD0143,2024-12-01,3905,855,342
INVSNP0003364,WH0002,PRD0143,2025-01-01,3189,855,342
INVSNP0003365,WH0002,PRD0143,2025-02-01,3760,855,342
INVSNP0003366,WH0002,PRD0143,2025-03-01,3563,855,342
INVSNP0003367,WH0002,PRD0143,2025-04-01,3038,855,342
INVSNP0003368,WH0002,PRD0143,2025-05-01,3811,855,342
INVSNP0003369,WH0002,PRD0143,2025-06-01,2867,855,342
INVSNP0003370,WH0002,PRD0143,2025-07-01,4212,855,342
INVSNP0003371,WH0002,PRD0143,2025-08-01,3444,855,342
INVSNP0003372,WH0002,PRD0143,2025-09-01,4542,855,342
INVSNP0003373,WH0002,PRD0143,2025-10-01,3902,855,342
INVSNP0003374,WH0002,PRD0143,2025-11-01,3158,855,342
INVSNP0003375,WH0002,PRD0143,2025-12-01,4196,855,342
INVSNP0003376,WH0002,PRD0143,2026-01-01,3572,855,342
INVSNP0003377,WH0002,PRD0143,2026-02-01,3603,855,342
INVSNP0003378,WH0002,PRD0143,2026-03-01,3403,855,342
INVSNP0003379,WH0002,PRD0143,2026-04-01,4281,855,342
INVSNP0003380,WH0002,PRD0143,2026-05-01,3581,855,342
INVSNP0003381,WH0002,PRD0143,2026-06-01,4148,855,342
INVSNP0003382,WH0002,PRD0143,2026-07-01,3301,855,342
INVSNP0003383,WH0002,PRD0143,2026-08-01,3720,855,342
INVSNP0003384,WH0002,PRD0143,2026-09-01,4198,855,342
INVSNP0003385,WH0002,PRD0066,2024-10-01,782,172,69
INVSNP0003386,WH0002,PRD0066,2024-11-01,811,172,69
INVSNP0003387,WH0002,PRD0066,2024-12-01,630,172,69
INVSNP0003388,WH0002,PRD0066,2025-01-01,587,172,69
INVSNP0003389,WH0002,PRD0066,2025-02-01,649,172,69
INVSNP0003390,WH0002,PRD0066,2025-03-01,621,172,69
INVSNP0003391,WH0002,PRD0066,2025-04-01,749,172,69
INVSNP0003392,WH0002,PRD0066,2025-05-01,775,172,69
INVSNP0003393,WH0002,PRD0066,2025-06-01,683,172,69
INVSNP0003394,WH0002,PRD0066,2025-07-01,562,172,69
INVSNP0003395,WH0002,PRD0066,2025-08-01,813,172,69
INVSNP0003396,WH0002,PRD0066,2025-09-01,754,172,69
INVSNP0003397,WH0002,PRD0066,2025-10-01,745,172,69
INVSNP0003398,WH0002,PRD0066,2025-11-01,679,172,69
INVSNP0003399,WH0002,PRD0066,2025-12-01,822,172,69
INVSNP0003400,WH0002,PRD0066,2026-01-01,728,172,69
INVSNP0003401,WH0002,PRD0066,2026-02-01,694,172,69
INVSNP0003402,WH0002,PRD0066,2026-03-01,768,172,69
INVSNP0003403,WH0002,PRD0066,2026-04-01,744,172,69
INVSNP0003404,WH0002,PRD0066,2026-05-01,816,172,69
INVSNP0003405,WH0002,PRD0066,2026-06-01,738,172,69
INVSNP0003406,WH0002,PRD0066,2026-07-01,648,172,69
INVSNP0003407,WH0002,PRD0066,2026-08-01,677,172,69
INVSNP0003408,WH0002,PRD0066,2026-09-01,613,172,69
INVSNP0003409,WH0002,PRD0030,2024-10-01,3350,950,380
INVSNP0003410,WH0002,PRD0030,2024-11-01,3811,950,380
INVSNP0003411,WH0002,PRD0030,2024-12-01,3850,950,380
INVSNP0003412,WH0002,PRD0030,2025-01-01,4257,950,380
INVSNP0003413,WH0002,PRD0030,2025-02-01,4870,950,380
INVSNP0003414,WH0002,PRD0030,2025-03-01,3193,950,380
INVSNP0003415,WH0002,PRD0030,2025-04-01,3770,950,380
INVSNP0003416,WH0002,PRD0030,2025-05-01,5038,950,380
INVSNP0003417,WH0002,PRD0030,2025-06-01,3698,950,380
INVSNP0003418,WH0002,PRD0030,2025-07-01,3278,950,380
INVSNP0003419,WH0002,PRD0030,2025-08-01,3526,950,380
INVSNP0003420,WH0002,PRD0030,2025-09-01,4420,950,380
INVSNP0003421,WH0002,PRD0030,2025-10-01,3746,950,380
INVSNP0003422,WH0002,PRD0030,2025-11-01,4114,950,380
INVSNP0003423,WH0002,PRD0030,2025-12-01,2670,950,380
INVSNP0003424,WH0002,PRD0030,2026-01-01,3240,950,380
INVSNP0003425,WH0002,PRD0030,2026-02-01,3796,950,380
INVSNP0003426,WH0002,PRD0030,2026-03-01,3293,950,380
INVSNP0003427,WH0002,PRD0030,2026-04-01,3812,950,380
INVSNP0003428,WH0002,PRD0030,2026-05-01,3258,950,380
INVSNP0003429,WH0002,PRD0030,2026-06-01,4116,950,380
INVSNP0003430,WH0002,PRD0030,2026-07-01,4323,950,380
INVSNP0003431,WH0002,PRD0030,2026-08-01,3641,950,380
INVSNP0003432,WH0002,PRD0030,2026-09-01,3206,950,380
INVSNP0003433,WH0002,PRD0065,2024-10-01,4158,1132,452
INVSNP0003434,WH0002,PRD0065,2024-11-01,4699,1132,452
INVSNP0003435,WH0002,PRD0065,2024-12-01,4397,1132,452
INVSNP0003436,WH0002,PRD0065,2025-01-01,4051,1132,452
INVSNP0003437,WH0002,PRD0065,2025-02-01,4789,1132,452
INVSNP0003438,WH0002,PRD0065,2025-03-01,4366,1132,452
INVSNP0003439,WH0002,PRD0065,2025-04-01,5654,1132,452
INVSNP0003440,WH0002,PRD0065,2025-05-01,4858,1132,452
INVSNP0003441,WH0002,PRD0065,2025-06-01,4233,1132,452
INVSNP0003442,WH0002,PRD0065,2025-07-01,3814,1132,452
INVSNP0003443,WH0002,PRD0065,2025-08-01,4022,1132,452
INVSNP0003444,WH0002,PRD0065,2025-09-01,5562,1132,452
INVSNP0003445,WH0002,PRD0065,2025-10-01,4108,1132,452
INVSNP0003446,WH0002,PRD0065,2025-11-01,5652,1132,452
INVSNP0003447,WH0002,PRD0065,2025-12-01,4306,1132,452
INVSNP0003448,WH0002,PRD0065,2026-01-01,4566,1132,452
INVSNP0003449,WH0002,PRD0065,2026-02-01,4096,1132,452
INVSNP0003450,WH0002,PRD0065,2026-03-01,4747,1132,452
INVSNP0003451,WH0002,PRD0065,2026-04-01,3121,1132,452
INVSNP0003452,WH0002,PRD0065,2026-05-01,4502,1132,452
INVSNP0003453,WH0002,PRD0065,2026-06-01,3719,1132,452
INVSNP0003454,WH0002,PRD0065,2026-07-01,3755,1132,452
INVSNP0003455,WH0002,PRD0065,2026-08-01,4513,1132,452
INVSNP0003456,WH0002,PRD0065,2026-09-01,4731,1132,452
INVSNP0003457,WH0002,PRD0002,2024-10-01,1108,295,118
INVSNP0003458,WH0002,PRD0002,2024-11-01,1374,295,118
INVSNP0003459,WH0002,PRD0002,2024-12-01,983,295,118
INVSNP0003460,WH0002,PRD0002,2025-01-01,943,295,118
INVSNP0003461,WH0002,PRD0002,2025-02-01,1160,295,118
INVSNP0003462,WH0002,PRD0002,2025-03-01,1350,295,118
INVSNP0003463,WH0002,PRD0002,2025-04-01,1110,295,118
INVSNP0003464,WH0002,PRD0002,2025-05-01,1590,295,118
INVSNP0003465,WH0002,PRD0002,2025-06-01,1125,295,118
INVSNP0003466,WH0002,PRD0002,2025-07-01,1182,295,118
INVSNP0003467,WH0002,PRD0002,2025-08-01,1123,295,118
INVSNP0003468,WH0002,PRD0002,2025-09-01,935,295,118
INVSNP0003469,WH0002,PRD0002,2025-10-01,1466,295,118
INVSNP0003470,WH0002,PRD0002,2025-11-01,1027,295,118
INVSNP0003471,WH0002,PRD0002,2025-12-01,1122,295,118
INVSNP0003472,WH0002,PRD0002,2026-01-01,1014,295,118
INVSNP0003473,WH0002,PRD0002,2026-02-01,977,295,118
INVSNP0003474,WH0002,PRD0002,2026-03-01,1205,295,118
INVSNP0003475,WH0002,PRD0002,2026-04-01,1101,295,118
INVSNP0003476,WH0002,PRD0002,2026-05-01,1069,295,118
INVSNP0003477,WH0002,PRD0002,2026-06-01,965,295,118
INVSNP0003478,WH0002,PRD0002,2026-07-01,1145,295,118
INVSNP0003479,WH0002,PRD0002,2026-08-01,1108,295,118
INVSNP0003480,WH0002,PRD0002,2026-09-01,1171,295,118
INVSNP0003481,WH0002,PRD0141,2024-10-01,4438,981,392
INVSNP0003482,WH0002,PRD0141,2024-11-01,3891,981,392
INVSNP0003483,WH0002,PRD0141,2024-12-01,4332,981,392
INVSNP0003484,WH0002,PRD0141,2025-01-01,4529,981,392
INVSNP0003485,WH0002,PRD0141,2025-02-01,3572,981,392
INVSNP0003486,WH0002,PRD0141,2025-03-01,4191,981,392
INVSNP0003487,WH0002,PRD0141,2025-04-01,4852,981,392
INVSNP0003488,WH0002,PRD0141,2025-05-01,4675,981,392
INVSNP0003489,WH0002,PRD0141,2025-06-01,3677,981,392
INVSNP0003490,WH0002,PRD0141,2025-07-01,3183,981,392
INVSNP0003491,WH0002,PRD0141,2025-08-01,4452,981,392
INVSNP0003492,WH0002,PRD0141,2025-09-01,3713,981,392
INVSNP0003493,WH0002,PRD0141,2025-10-01,4331,981,392
INVSNP0003494,WH0002,PRD0141,2025-11-01,3679,981,392
INVSNP0003495,WH0002,PRD0141,2025-12-01,4322,981,392
INVSNP0003496,WH0002,PRD0141,2026-01-01,4405,981,392
INVSNP0003497,WH0002,PRD0141,2026-02-01,2539,981,392
INVSNP0003498,WH0002,PRD0141,2026-03-01,4363,981,392
INVSNP0003499,WH0002,PRD0141,2026-04-01,4692,981,392
INVSNP0003500,WH0002,PRD0141,2026-05-01,4593,981,392
INVSNP0003501,WH0002,PRD0141,2026-06-01,3464,981,392
INVSNP0003502,WH0002,PRD0141,2026-07-01,4153,981,392
INVSNP0003503,WH0002,PRD0141,2026-08-01,4503,981,392
INVSNP0003504,WH0002,PRD0141,2026-09-01,4676,981,392
INVSNP0003505,WH0002,PRD0133,2024-10-01,1489,571,228
INVSNP0003506,WH0002,PRD0133,2024-11-01,2179,571,228
INVSNP0003507,WH0002,PRD0133,2024-12-01,2549,571,228
INVSNP0003508,WH0002,PRD0133,2025-01-01,1832,571,228
INVSNP0003509,WH0002,PRD0133,2025-02-01,2242,571,228
INVSNP0003510,WH0002,PRD0133,2025-03-01,1788,571,228
INVSNP0003511,WH0002,PRD0133,2025-04-01,2711,571,228
INVSNP0003512,WH0002,PRD0133,2025-05-01,2141,571,228
INVSNP0003513,WH0002,PRD0133,2025-06-01,2262,571,228
INVSNP0003514,WH0002,PRD0133,2025-07-01,2120,571,228
INVSNP0003515,WH0002,PRD0133,2025-08-01,2921,571,228
INVSNP0003516,WH0002,PRD0133,2025-09-01,2084,571,228
INVSNP0003517,WH0002,PRD0133,2025-10-01,2258,571,228
INVSNP0003518,WH0002,PRD0133,2025-11-01,2504,571,228
INVSNP0003519,WH0002,PRD0133,2025-12-01,2260,571,228
INVSNP0003520,WH0002,PRD0133,2026-01-01,1760,571,228
INVSNP0003521,WH0002,PRD0133,2026-02-01,2697,571,228
INVSNP0003522,WH0002,PRD0133,2026-03-01,2958,571,228
INVSNP0003523,WH0002,PRD0133,2026-04-01,2460,571,228
INVSNP0003524,WH0002,PRD0133,2026-05-01,2415,571,228
INVSNP0003525,WH0002,PRD0133,2026-06-01,2370,571,228
INVSNP0003526,WH0002,PRD0133,2026-07-01,2833,571,228
INVSNP0003527,WH0002,PRD0133,2026-08-01,2512,571,228
INVSNP0003528,WH0002,PRD0133,2026-09-01,2243,571,228
INVSNP0003529,WH0002,PRD0016,2024-10-01,2289,557,223
INVSNP0003530,WH0002,PRD0016,2024-11-01,2747,557,223
INVSNP0003531,WH0002,PRD0016,2024-12-01,2215,557,223
INVSNP0003532,WH0002,PRD0016,2025-01-01,1786,557,223
INVSNP0003533,WH0002,PRD0016,2025-02-01,2418,557,223
INVSNP0003534,WH0002,PRD0016,2025-03-01,2298,557,223
INVSNP0003535,WH0002,PRD0016,2025-04-01,2145,557,223
INVSNP0003536,WH0002,PRD0016,2025-05-01,2303,557,223
INVSNP0003537,WH0002,PRD0016,2025-06-01,1764,557,223
INVSNP0003538,WH0002,PRD0016,2025-07-01,2508,557,223
INVSNP0003539,WH0002,PRD0016,2025-08-01,2353,557,223
INVSNP0003540,WH0002,PRD0016,2025-09-01,2562,557,223
INVSNP0003541,WH0002,PRD0016,2025-10-01,2167,557,223
INVSNP0003542,WH0002,PRD0016,2025-11-01,2211,557,223
INVSNP0003543,WH0002,PRD0016,2025-12-01,2475,557,223
INVSNP0003544,WH0002,PRD0016,2026-01-01,2367,557,223
INVSNP0003545,WH0002,PRD0016,2026-02-01,2165,557,223
INVSNP0003546,WH0002,PRD0016,2026-03-01,2094,557,223
INVSNP0003547,WH0002,PRD0016,2026-04-01,2014,557,223
INVSNP0003548,WH0002,PRD0016,2026-05-01,1989,557,223
INVSNP0003549,WH0002,PRD0016,2026-06-01,2417,557,223
INVSNP0003550,WH0002,PRD0016,2026-07-01,2314,557,223
INVSNP0003551,WH0002,PRD0016,2026-08-01,2513,557,223
INVSNP0003552,WH0002,PRD0016,2026-09-01,2152,557,223
INVSNP0003553,WH0002,PRD0040,2024-10-01,309,100,40
INVSNP0003554,WH0002,PRD0040,2024-11-01,346,100,40
INVSNP0003555,WH0002,PRD0040,2024-12-01,350,100,40
INVSNP0003556,WH0002,PRD0040,2025-01-01,445,100,40
INVSNP0003557,WH0002,PRD0040,2025-02-01,449,100,40
INVSNP0003558,WH0002,PRD0040,2025-03-01,449,100,40
INVSNP0003559,WH0002,PRD0040,2025-04-01,507,100,40
INVSNP0003560,WH0002,PRD0040,2025-05-01,385,100,40
INVSNP0003561,WH0002,PRD0040,2025-06-01,354,100,40
INVSNP0003562,WH0002,PRD0040,2025-07-01,210,100,40
INVSNP0003563,WH0002,PRD0040,2025-08-01,287,100,40
INVSNP0003564,WH0002,PRD0040,2025-09-01,412,100,40
INVSNP0003565,WH0002,PRD0040,2025-10-01,382,100,40
INVSNP0003566,WH0002,PRD0040,2025-11-01,379,100,40
INVSNP0003567,WH0002,PRD0040,2025-12-01,351,100,40
INVSNP0003568,WH0002,PRD0040,2026-01-01,486,100,40
INVSNP0003569,WH0002,PRD0040,2026-02-01,393,100,40
INVSNP0003570,WH0002,PRD0040,2026-03-01,418,100,40
INVSNP0003571,WH0002,PRD0040,2026-04-01,391,100,40
INVSNP0003572,WH0002,PRD0040,2026-05-01,486,100,40
INVSNP0003573,WH0002,PRD0040,2026-06-01,437,100,40
INVSNP0003574,WH0002,PRD0040,2026-07-01,366,100,40
INVSNP0003575,WH0002,PRD0040,2026-08-01,398,100,40
INVSNP0003576,WH0002,PRD0040,2026-09-01,414,100,40
INVSNP0003577,WH0002,PRD0138,2024-10-01,4719,961,384
INVSNP0003578,WH0002,PRD0138,2024-11-01,3658,961,384
INVSNP0003579,WH0002,PRD0138,2024-12-01,4288,961,384
INVSNP0003580,WH0002,PRD0138,2025-01-01,3078,961,384
INVSNP0003581,WH0002,PRD0138,2025-02-01,4497,961,384
INVSNP0003582,WH0002,PRD0138,2025-03-01,3276,961,384
INVSNP0003583,WH0002,PRD0138,2025-04-01,3350,961,384
INVSNP0003584,WH0002,PRD0138,2025-05-01,4674,961,384
INVSNP0003585,WH0002,PRD0138,2025-06-01,3449,961,384
INVSNP0003586,WH0002,PRD0138,2025-07-01,4217,961,384
INVSNP0003587,WH0002,PRD0138,2025-08-01,3686,961,384
INVSNP0003588,WH0002,PRD0138,2025-09-01,3245,961,384
INVSNP0003589,WH0002,PRD0138,2025-10-01,4487,961,384
INVSNP0003590,WH0002,PRD0138,2025-11-01,4249,961,384
INVSNP0003591,WH0002,PRD0138,2025-12-01,4192,961,384
INVSNP0003592,WH0002,PRD0138,2026-01-01,3596,961,384
INVSNP0003593,WH0002,PRD0138,2026-02-01,2959,961,384
INVSNP0003594,WH0002,PRD0138,2026-03-01,3752,961,384
INVSNP0003595,WH0002,PRD0138,2026-04-01,2957,961,384
INVSNP0003596,WH0002,PRD0138,2026-05-01,4168,961,384
INVSNP0003597,WH0002,PRD0138,2026-06-01,4276,961,384
INVSNP0003598,WH0002,PRD0138,2026-07-01,2916,961,384
INVSNP0003599,WH0002,PRD0138,2026-08-01,4078,961,384
INVSNP0003600,WH0002,PRD0138,2026-09-01,3847,961,384
INVSNP0003601,WH0002,PRD0136,2024-10-01,2069,542,217
INVSNP0003602,WH0002,PRD0136,2024-11-01,1856,542,217
INVSNP0003603,WH0002,PRD0136,2024-12-01,2071,542,217
INVSNP0003604,WH0002,PRD0136,2025-01-01,2251,542,217
INVSNP0003605,WH0002,PRD0136,2025-02-01,1917,542,217
INVSNP0003606,WH0002,PRD0136,2025-03-01,2453,542,217
INVSNP0003607,WH0002,PRD0136,2025-04-01,2461,542,217
INVSNP0003608,WH0002,PRD0136,2025-05-01,1796,542,217
INVSNP0003609,WH0002,PRD0136,2025-06-01,1731,542,217
INVSNP0003610,WH0002,PRD0136,2025-07-01,2115,542,217
INVSNP0003611,WH0002,PRD0136,2025-08-01,2157,542,217
INVSNP0003612,WH0002,PRD0136,2025-09-01,1695,542,217
INVSNP0003613,WH0002,PRD0136,2025-10-01,2252,542,217
INVSNP0003614,WH0002,PRD0136,2025-11-01,2005,542,217
INVSNP0003615,WH0002,PRD0136,2025-12-01,2203,542,217
INVSNP0003616,WH0002,PRD0136,2026-01-01,2110,542,217
INVSNP0003617,WH0002,PRD0136,2026-02-01,1980,542,217
INVSNP0003618,WH0002,PRD0136,2026-03-01,1903,542,217
INVSNP0003619,WH0002,PRD0136,2026-04-01,2550,542,217
INVSNP0003620,WH0002,PRD0136,2026-05-01,2093,542,217
INVSNP0003621,WH0002,PRD0136,2026-06-01,2615,542,217
INVSNP0003622,WH0002,PRD0136,2026-07-01,2754,542,217
INVSNP0003623,WH0002,PRD0136,2026-08-01,1930,542,217
INVSNP0003624,WH0002,PRD0136,2026-09-01,1926,542,217
INVSNP0003625,WH0002,PRD0032,2024-10-01,3420,1091,436
INVSNP0003626,WH0002,PRD0032,2024-11-01,4788,1091,436
INVSNP0003627,WH0002,PRD0032,2024-12-01,4668,1091,436
INVSNP0003628,WH0002,PRD0032,2025-01-01,3451,1091,436
INVSNP0003629,WH0002,PRD0032,2025-02-01,3380,1091,436
INVSNP0003630,WH0002,PRD0032,2025-03-01,3613,1091,436
INVSNP0003631,WH0002,PRD0032,2025-04-01,3884,1091,436
INVSNP0003632,WH0002,PRD0032,2025-05-01,4502,1091,436
INVSNP0003633,WH0002,PRD0032,2025-06-01,3899,1091,436
INVSNP0003634,WH0002,PRD0032,2025-07-01,4210,1091,436
INVSNP0003635,WH0002,PRD0032,2025-08-01,4927,1091,436
INVSNP0003636,WH0002,PRD0032,2025-09-01,3118,1091,436
INVSNP0003637,WH0002,PRD0032,2025-10-01,4747,1091,436
INVSNP0003638,WH0002,PRD0032,2025-11-01,4439,1091,436
INVSNP0003639,WH0002,PRD0032,2025-12-01,4442,1091,436
INVSNP0003640,WH0002,PRD0032,2026-01-01,4889,1091,436
INVSNP0003641,WH0002,PRD0032,2026-02-01,4145,1091,436
INVSNP0003642,WH0002,PRD0032,2026-03-01,3638,1091,436
INVSNP0003643,WH0002,PRD0032,2026-04-01,4681,1091,436
INVSNP0003644,WH0002,PRD0032,2026-05-01,4702,1091,436
INVSNP0003645,WH0002,PRD0032,2026-06-01,4940,1091,436
INVSNP0003646,WH0002,PRD0032,2026-07-01,4758,1091,436
INVSNP0003647,WH0002,PRD0032,2026-08-01,4001,1091,436
INVSNP0003648,WH0002,PRD0032,2026-09-01,4586,1091,436
INVSNP0003649,WH0002,PRD0011,2024-10-01,3805,1022,409
INVSNP0003650,WH0002,PRD0011,2024-11-01,3960,1022,409
INVSNP0003651,WH0002,PRD0011,2024-12-01,3628,1022,409
INVSNP0003652,WH0002,PRD0011,2025-01-01,4345,1022,409
INVSNP0003653,WH0002,PRD0011,2025-02-01,4420,1022,409
INVSNP0003654,WH0002,PRD0011,2025-03-01,4184,1022,409
INVSNP0003655,WH0002,PRD0011,2025-04-01,3874,1022,409
INVSNP0003656,WH0002,PRD0011,2025-05-01,5132,1022,409
INVSNP0003657,WH0002,PRD0011,2025-06-01,4243,1022,409
INVSNP0003658,WH0002,PRD0011,2025-07-01,4126,1022,409
INVSNP0003659,WH0002,PRD0011,2025-08-01,3383,1022,409
INVSNP0003660,WH0002,PRD0011,2025-09-01,3789,1022,409
INVSNP0003661,WH0002,PRD0011,2025-10-01,4143,1022,409
INVSNP0003662,WH0002,PRD0011,2025-11-01,3983,1022,409
INVSNP0003663,WH0002,PRD0011,2025-12-01,3792,1022,409
INVSNP0003664,WH0002,PRD0011,2026-01-01,4018,1022,409
INVSNP0003665,WH0002,PRD0011,2026-02-01,3380,1022,409
INVSNP0003666,WH0002,PRD0011,2026-03-01,4483,1022,409
INVSNP0003667,WH0002,PRD0011,2026-04-01,3965,1022,409
INVSNP0003668,WH0002,PRD0011,2026-05-01,3967,1022,409
INVSNP0003669,WH0002,PRD0011,2026-06-01,3554,1022,409
INVSNP0003670,WH0002,PRD0011,2026-07-01,5235,1022,409
INVSNP0003671,WH0002,PRD0011,2026-08-01,4187,1022,409
INVSNP0003672,WH0002,PRD0011,2026-09-01,3847,1022,409
INVSNP0003673,WH0002,PRD0008,2024-10-01,1716,360,144
INVSNP0003674,WH0002,PRD0008,2024-11-01,1364,360,144
INVSNP0003675,WH0002,PRD0008,2024-12-01,1250,360,144
INVSNP0003676,WH0002,PRD0008,2025-01-01,1427,360,144
INVSNP0003677,WH0002,PRD0008,2025-02-01,1490,360,144
INVSNP0003678,WH0002,PRD0008,2025-03-01,1443,360,144
INVSNP0003679,WH0002,PRD0008,2025-04-01,1586,360,144
INVSNP0003680,WH0002,PRD0008,2025-05-01,1677,360,144
INVSNP0003681,WH0002,PRD0008,2025-06-01,1508,360,144
INVSNP0003682,WH0002,PRD0008,2025-07-01,1430,360,144
INVSNP0003683,WH0002,PRD0008,2025-08-01,1969,360,144
INVSNP0003684,WH0002,PRD0008,2025-09-01,1266,360,144
INVSNP0003685,WH0002,PRD0008,2025-10-01,1222,360,144
INVSNP0003686,WH0002,PRD0008,2025-11-01,1657,360,144
INVSNP0003687,WH0002,PRD0008,2025-12-01,1546,360,144
INVSNP0003688,WH0002,PRD0008,2026-01-01,1534,360,144
INVSNP0003689,WH0002,PRD0008,2026-02-01,1326,360,144
INVSNP0003690,WH0002,PRD0008,2026-03-01,1772,360,144
INVSNP0003691,WH0002,PRD0008,2026-04-01,1401,360,144
INVSNP0003692,WH0002,PRD0008,2026-05-01,1680,360,144
INVSNP0003693,WH0002,PRD0008,2026-06-01,1254,360,144
INVSNP0003694,WH0002,PRD0008,2026-07-01,1393,360,144
INVSNP0003695,WH0002,PRD0008,2026-08-01,1055,360,144
INVSNP0003696,WH0002,PRD0008,2026-09-01,1128,360,144
INVSNP0003697,WH0002,PRD0106,2024-10-01,1367,421,168
INVSNP0003698,WH0002,PRD0106,2024-11-01,1845,421,168
INVSNP0003699,WH0002,PRD0106,2024-12-01,1886,421,168
INVSNP0003700,WH0002,PRD0106,2025-01-01,2046,421,168
INVSNP0003701,WH0002,PRD0106,2025-02-01,1681,421,168
INVSNP0003702,WH0002,PRD0106,2025-03-01,1526,421,168
INVSNP0003703,WH0002,PRD0106,2025-04-01,2021,421,168
INVSNP0003704,WH0002,PRD0106,2025-05-01,1521,421,168
INVSNP0003705,WH0002,PRD0106,2025-06-01,1531,421,168
INVSNP0003706,WH0002,PRD0106,2025-07-01,1437,421,168
INVSNP0003707,WH0002,PRD0106,2025-08-01,1781,421,168
INVSNP0003708,WH0002,PRD0106,2025-09-01,1750,421,168
INVSNP0003709,WH0002,PRD0106,2025-10-01,1908,421,168
INVSNP0003710,WH0002,PRD0106,2025-11-01,1693,421,168
INVSNP0003711,WH0002,PRD0106,2025-12-01,1947,421,168
INVSNP0003712,WH0002,PRD0106,2026-01-01,1686,421,168
INVSNP0003713,WH0002,PRD0106,2026-02-01,1273,421,168
INVSNP0003714,WH0002,PRD0106,2026-03-01,1864,421,168
INVSNP0003715,WH0002,PRD0106,2026-04-01,1734,421,168
INVSNP0003716,WH0002,PRD0106,2026-05-01,1992,421,168
INVSNP0003717,WH0002,PRD0106,2026-06-01,2021,421,168
INVSNP0003718,WH0002,PRD0106,2026-07-01,1729,421,168
INVSNP0003719,WH0002,PRD0106,2026-08-01,1481,421,168
INVSNP0003720,WH0002,PRD0106,2026-09-01,1461,421,168
INVSNP0003721,WH0003,PRD0128,2024-10-01,4610,1197,479
INVSNP0003722,WH0003,PRD0128,2024-11-01,4717,1197,479
INVSNP0003723,WH0003,PRD0128,2024-12-01,4500,1197,479
INVSNP0003724,WH0003,PRD0128,2025-01-01,4925,1197,479
INVSNP0003725,WH0003,PRD0128,2025-02-01,4507,1197,479
INVSNP0003726,WH0003,PRD0128,2025-03-01,3233,1197,479
INVSNP0003727,WH0003,PRD0128,2025-04-01,4545,1197,479
INVSNP0003728,WH0003,PRD0128,2025-05-01,3471,1197,479
INVSNP0003729,WH0003,PRD0128,2025-06-01,4252,1197,479
INVSNP0003730,WH0003,PRD0128,2025-07-01,4992,1197,479
INVSNP0003731,WH0003,PRD0128,2025-08-01,5054,1197,479
INVSNP0003732,WH0003,PRD0128,2025-09-01,5747,1197,479
INVSNP0003733,WH0003,PRD0128,2025-10-01,5401,1197,479
INVSNP0003734,WH0003,PRD0128,2025-11-01,5729,1197,479
INVSNP0003735,WH0003,PRD0128,2025-12-01,3868,1197,479
INVSNP0003736,WH0003,PRD0128,2026-01-01,4337,1197,479
INVSNP0003737,WH0003,PRD0128,2026-02-01,4921,1197,479
INVSNP0003738,WH0003,PRD0128,2026-03-01,4647,1197,479
INVSNP0003739,WH0003,PRD0128,2026-04-01,4356,1197,479
INVSNP0003740,WH0003,PRD0128,2026-05-01,5307,1197,479
INVSNP0003741,WH0003,PRD0128,2026-06-01,5043,1197,479
INVSNP0003742,WH0003,PRD0128,2026-07-01,3772,1197,479
INVSNP0003743,WH0003,PRD0128,2026-08-01,4108,1197,479
INVSNP0003744,WH0003,PRD0128,2026-09-01,3954,1197,479
INVSNP0003745,WH0003,PRD0076,2024-10-01,2541,635,254
INVSNP0003746,WH0003,PRD0076,2024-11-01,2388,635,254
INVSNP0003747,WH0003,PRD0076,2024-12-01,3283,635,254
INVSNP0003748,WH0003,PRD0076,2025-01-01,2866,635,254
INVSNP0003749,WH0003,PRD0076,2025-02-01,3087,635,254
INVSNP0003750,WH0003,PRD0076,2025-03-01,2200,635,254
INVSNP0003751,WH0003,PRD0076,2025-04-01,2396,635,254
INVSNP0003752,WH0003,PRD0076,2025-05-01,2603,635,254
INVSNP0003753,WH0003,PRD0076,2025-06-01,2641,635,254
INVSNP0003754,WH0003,PRD0076,2025-07-01,2379,635,254
INVSNP0003755,WH0003,PRD0076,2025-08-01,2764,635,254
INVSNP0003756,WH0003,PRD0076,2025-09-01,1634,635,254
INVSNP0003757,WH0003,PRD0076,2025-10-01,2235,635,254
INVSNP0003758,WH0003,PRD0076,2025-11-01,2762,635,254
INVSNP0003759,WH0003,PRD0076,2025-12-01,3268,635,254
INVSNP0003760,WH0003,PRD0076,2026-01-01,1796,635,254
INVSNP0003761,WH0003,PRD0076,2026-02-01,2275,635,254
INVSNP0003762,WH0003,PRD0076,2026-03-01,2924,635,254
INVSNP0003763,WH0003,PRD0076,2026-04-01,2512,635,254
INVSNP0003764,WH0003,PRD0076,2026-05-01,2736,635,254
INVSNP0003765,WH0003,PRD0076,2026-06-01,3204,635,254
INVSNP0003766,WH0003,PRD0076,2026-07-01,2741,635,254
INVSNP0003767,WH0003,PRD0076,2026-08-01,2606,635,254
INVSNP0003768,WH0003,PRD0076,2026-09-01,2066,635,254
INVSNP0003769,WH0003,PRD0052,2024-10-01,4674,1219,487
INVSNP0003770,WH0003,PRD0052,2024-11-01,5399,1219,487
INVSNP0003771,WH0003,PRD0052,2024-12-01,5059,1219,487
INVSNP0003772,WH0003,PRD0052,2025-01-01,3737,1219,487
INVSNP0003773,WH0003,PRD0052,2025-02-01,3419,1219,487
INVSNP0003774,WH0003,PRD0052,2025-03-01,4178,1219,487
INVSNP0003775,WH0003,PRD0052,2025-04-01,5171,1219,487
INVSNP0003776,WH0003,PRD0052,2025-05-01,4984,1219,487
INVSNP0003777,WH0003,PRD0052,2025-06-01,5228,1219,487
INVSNP0003778,WH0003,PRD0052,2025-07-01,4253,1219,487
INVSNP0003779,WH0003,PRD0052,2025-08-01,5090,1219,487
INVSNP0003780,WH0003,PRD0052,2025-09-01,5047,1219,487
INVSNP0003781,WH0003,PRD0052,2025-10-01,4534,1219,487
INVSNP0003782,WH0003,PRD0052,2025-11-01,5476,1219,487
INVSNP0003783,WH0003,PRD0052,2025-12-01,5852,1219,487
INVSNP0003784,WH0003,PRD0052,2026-01-01,4929,1219,487
INVSNP0003785,WH0003,PRD0052,2026-02-01,6428,1219,487
INVSNP0003786,WH0003,PRD0052,2026-03-01,5394,1219,487
INVSNP0003787,WH0003,PRD0052,2026-04-01,3923,1219,487
INVSNP0003788,WH0003,PRD0052,2026-05-01,4802,1219,487
INVSNP0003789,WH0003,PRD0052,2026-06-01,4838,1219,487
INVSNP0003790,WH0003,PRD0052,2026-07-01,5371,1219,487
INVSNP0003791,WH0003,PRD0052,2026-08-01,4777,1219,487
INVSNP0003792,WH0003,PRD0052,2026-09-01,5677,1219,487
INVSNP0003793,WH0003,PRD0039,2024-10-01,2621,898,359
INVSNP0003794,WH0003,PRD0039,2024-11-01,3166,898,359
INVSNP0003795,WH0003,PRD0039,2024-12-01,3333,898,359
INVSNP0003796,WH0003,PRD0039,2025-01-01,3037,898,359
INVSNP0003797,WH0003,PRD0039,2025-02-01,3791,898,359
INVSNP0003798,WH0003,PRD0039,2025-03-01,3461,898,359
INVSNP0003799,WH0003,PRD0039,2025-04-01,2977,898,359
INVSNP0003800,WH0003,PRD0039,2025-05-01,3361,898,359
INVSNP0003801,WH0003,PRD0039,2025-06-01,3566,898,359
INVSNP0003802,WH0003,PRD0039,2025-07-01,3718,898,359
INVSNP0003803,WH0003,PRD0039,2025-08-01,3643,898,359
INVSNP0003804,WH0003,PRD0039,2025-09-01,3788,898,359
INVSNP0003805,WH0003,PRD0039,2025-10-01,3662,898,359
INVSNP0003806,WH0003,PRD0039,2025-11-01,3081,898,359
INVSNP0003807,WH0003,PRD0039,2025-12-01,3217,898,359
INVSNP0003808,WH0003,PRD0039,2026-01-01,3254,898,359
INVSNP0003809,WH0003,PRD0039,2026-02-01,3258,898,359
INVSNP0003810,WH0003,PRD0039,2026-03-01,3899,898,359
INVSNP0003811,WH0003,PRD0039,2026-04-01,4280,898,359
INVSNP0003812,WH0003,PRD0039,2026-05-01,2118,898,359
INVSNP0003813,WH0003,PRD0039,2026-06-01,3762,898,359
INVSNP0003814,WH0003,PRD0039,2026-07-01,4043,898,359
INVSNP0003815,WH0003,PRD0039,2026-08-01,2793,898,359
INVSNP0003816,WH0003,PRD0039,2026-09-01,4550,898,359
INVSNP0003817,WH0003,PRD0097,2024-10-01,1339,356,142
INVSNP0003818,WH0003,PRD0097,2024-11-01,1552,356,142
INVSNP0003819,WH0003,PRD0097,2024-12-01,1943,356,142
INVSNP0003820,WH0003,PRD0097,2025-01-01,1165,356,142
INVSNP0003821,WH0003,PRD0097,2025-02-01,1129,356,142
INVSNP0003822,WH0003,PRD0097,2025-03-01,1181,356,142
INVSNP0003823,WH0003,PRD0097,2025-04-01,1800,356,142
INVSNP0003824,WH0003,PRD0097,2025-05-01,1403,356,142
INVSNP0003825,WH0003,PRD0097,2025-06-01,1582,356,142
INVSNP0003826,WH0003,PRD0097,2025-07-01,1585,356,142
INVSNP0003827,WH0003,PRD0097,2025-08-01,1313,356,142
INVSNP0003828,WH0003,PRD0097,2025-09-01,1441,356,142
INVSNP0003829,WH0003,PRD0097,2025-10-01,1158,356,142
INVSNP0003830,WH0003,PRD0097,2025-11-01,1120,356,142
INVSNP0003831,WH0003,PRD0097,2025-12-01,1240,356,142
INVSNP0003832,WH0003,PRD0097,2026-01-01,1649,356,142
INVSNP0003833,WH0003,PRD0097,2026-02-01,1548,356,142
INVSNP0003834,WH0003,PRD0097,2026-03-01,1378,356,142
INVSNP0003835,WH0003,PRD0097,2026-04-01,1325,356,142
INVSNP0003836,WH0003,PRD0097,2026-05-01,1710,356,142
INVSNP0003837,WH0003,PRD0097,2026-06-01,1205,356,142
INVSNP0003838,WH0003,PRD0097,2026-07-01,1497,356,142
INVSNP0003839,WH0003,PRD0097,2026-08-01,1327,356,142
INVSNP0003840,WH0003,PRD0097,2026-09-01,1359,356,142
INVSNP0003841,WH0003,PRD0053,2024-10-01,4730,1067,426
INVSNP0003842,WH0003,PRD0053,2024-11-01,4285,1067,426
INVSNP0003843,WH0003,PRD0053,2024-12-01,4113,1067,426
INVSNP0003844,WH0003,PRD0053,2025-01-01,3943,1067,426
INVSNP0003845,WH0003,PRD0053,2025-02-01,3930,1067,426
INVSNP0003846,WH0003,PRD0053,2025-03-01,4624,1067,426
INVSNP0003847,WH0003,PRD0053,2025-04-01,3946,1067,426
INVSNP0003848,WH0003,PRD0053,2025-05-01,4095,1067,426
INVSNP0003849,WH0003,PRD0053,2025-06-01,4789,1067,426
INVSNP0003850,WH0003,PRD0053,2025-07-01,3836,1067,426
INVSNP0003851,WH0003,PRD0053,2025-08-01,4815,1067,426
INVSNP0003852,WH0003,PRD0053,2025-09-01,2911,1067,426
INVSNP0003853,WH0003,PRD0053,2025-10-01,4055,1067,426
INVSNP0003854,WH0003,PRD0053,2025-11-01,3139,1067,426
INVSNP0003855,WH0003,PRD0053,2025-12-01,4255,1067,426
INVSNP0003856,WH0003,PRD0053,2026-01-01,4598,1067,426
INVSNP0003857,WH0003,PRD0053,2026-02-01,3794,1067,426
INVSNP0003858,WH0003,PRD0053,2026-03-01,3118,1067,426
INVSNP0003859,WH0003,PRD0053,2026-04-01,4358,1067,426
INVSNP0003860,WH0003,PRD0053,2026-05-01,3987,1067,426
INVSNP0003861,WH0003,PRD0053,2026-06-01,4787,1067,426
INVSNP0003862,WH0003,PRD0053,2026-07-01,5510,1067,426
INVSNP0003863,WH0003,PRD0053,2026-08-01,4281,1067,426
INVSNP0003864,WH0003,PRD0053,2026-09-01,4702,1067,426
INVSNP0003865,WH0003,PRD0010,2024-10-01,3259,730,292
INVSNP0003866,WH0003,PRD0010,2024-11-01,3102,730,292
INVSNP0003867,WH0003,PRD0010,2024-12-01,2189,730,292
INVSNP0003868,WH0003,PRD0010,2025-01-01,2786,730,292
INVSNP0003869,WH0003,PRD0010,2025-02-01,2176,730,292
INVSNP0003870,WH0003,PRD0010,2025-03-01,2407,730,292
INVSNP0003871,WH0003,PRD0010,2025-04-01,2680,730,292
INVSNP0003872,WH0003,PRD0010,2025-05-01,3126,730,292
INVSNP0003873,WH0003,PRD0010,2025-06-01,1818,730,292
INVSNP0003874,WH0003,PRD0010,2025-07-01,2552,730,292
INVSNP0003875,WH0003,PRD0010,2025-08-01,3726,730,292
INVSNP0003876,WH0003,PRD0010,2025-09-01,2415,730,292
INVSNP0003877,WH0003,PRD0010,2025-10-01,2613,730,292
INVSNP0003878,WH0003,PRD0010,2025-11-01,3135,730,292
INVSNP0003879,WH0003,PRD0010,2025-12-01,3353,730,292
INVSNP0003880,WH0003,PRD0010,2026-01-01,2837,730,292
INVSNP0003881,WH0003,PRD0010,2026-02-01,3102,730,292
INVSNP0003882,WH0003,PRD0010,2026-03-01,2209,730,292
INVSNP0003883,WH0003,PRD0010,2026-04-01,3314,730,292
INVSNP0003884,WH0003,PRD0010,2026-05-01,2990,730,292
INVSNP0003885,WH0003,PRD0010,2026-06-01,3228,730,292
INVSNP0003886,WH0003,PRD0010,2026-07-01,2921,730,292
INVSNP0003887,WH0003,PRD0010,2026-08-01,2645,730,292
INVSNP0003888,WH0003,PRD0010,2026-09-01,2647,730,292
INVSNP0003889,WH0003,PRD0061,2024-10-01,1351,348,139
INVSNP0003890,WH0003,PRD0061,2024-11-01,960,348,139
INVSNP0003891,WH0003,PRD0061,2024-12-01,1451,348,139
INVSNP0003892,WH0003,PRD0061,2025-01-01,1072,348,139
INVSNP0003893,WH0003,PRD0061,2025-02-01,1255,348,139
INVSNP0003894,WH0003,PRD0061,2025-03-01,1383,348,139
INVSNP0003895,WH0003,PRD0061,2025-04-01,1734,348,139
INVSNP0003896,WH0003,PRD0061,2025-05-01,1897,348,139
INVSNP0003897,WH0003,PRD0061,2025-06-01,1263,348,139
INVSNP0003898,WH0003,PRD0061,2025-07-01,1634,348,139
INVSNP0003899,WH0003,PRD0061,2025-08-01,1068,348,139
INVSNP0003900,WH0003,PRD0061,2025-09-01,1300,348,139
INVSNP0003901,WH0003,PRD0061,2025-10-01,1460,348,139
INVSNP0003902,WH0003,PRD0061,2025-11-01,881,348,139
INVSNP0003903,WH0003,PRD0061,2025-12-01,1684,348,139
INVSNP0003904,WH0003,PRD0061,2026-01-01,1235,348,139
INVSNP0003905,WH0003,PRD0061,2026-02-01,1304,348,139
INVSNP0003906,WH0003,PRD0061,2026-03-01,1538,348,139
INVSNP0003907,WH0003,PRD0061,2026-04-01,1617,348,139
INVSNP0003908,WH0003,PRD0061,2026-05-01,1337,348,139
INVSNP0003909,WH0003,PRD0061,2026-06-01,1429,348,139
INVSNP0003910,WH0003,PRD0061,2026-07-01,1575,348,139
INVSNP0003911,WH0003,PRD0061,2026-08-01,1443,348,139
INVSNP0003912,WH0003,PRD0061,2026-09-01,999,348,139
INVSNP0003913,WH0003,PRD0114,2024-10-01,4289,1082,433
INVSNP0003914,WH0003,PRD0114,2024-11-01,3663,1082,433
INVSNP0003915,WH0003,PRD0114,2024-12-01,4728,1082,433
INVSNP0003916,WH0003,PRD0114,2025-01-01,4653,1082,433
INVSNP0003917,WH0003,PRD0114,2025-02-01,4265,1082,433
INVSNP0003918,WH0003,PRD0114,2025-03-01,6096,1082,433
INVSNP0003919,WH0003,PRD0114,2025-04-01,5489,1082,433
INVSNP0003920,WH0003,PRD0114,2025-05-01,4437,1082,433
INVSNP0003921,WH0003,PRD0114,2025-06-01,4543,1082,433
INVSNP0003922,WH0003,PRD0114,2025-07-01,4581,1082,433
INVSNP0003923,WH0003,PRD0114,2025-08-01,4068,1082,433
INVSNP0003924,WH0003,PRD0114,2025-09-01,2864,1082,433
INVSNP0003925,WH0003,PRD0114,2025-10-01,5471,1082,433
INVSNP0003926,WH0003,PRD0114,2025-11-01,4511,1082,433
INVSNP0003927,WH0003,PRD0114,2025-12-01,4299,1082,433
INVSNP0003928,WH0003,PRD0114,2026-01-01,3626,1082,433
INVSNP0003929,WH0003,PRD0114,2026-02-01,4993,1082,433
INVSNP0003930,WH0003,PRD0114,2026-03-01,4350,1082,433
INVSNP0003931,WH0003,PRD0114,2026-04-01,5437,1082,433
INVSNP0003932,WH0003,PRD0114,2026-05-01,4072,1082,433
INVSNP0003933,WH0003,PRD0114,2026-06-01,4272,1082,433
INVSNP0003934,WH0003,PRD0114,2026-07-01,5669,1082,433
INVSNP0003935,WH0003,PRD0114,2026-08-01,5055,1082,433
INVSNP0003936,WH0003,PRD0114,2026-09-01,3823,1082,433
INVSNP0003937,WH0003,PRD0085,2024-10-01,1714,420,168
INVSNP0003938,WH0003,PRD0085,2024-11-01,1334,420,168
INVSNP0003939,WH0003,PRD0085,2024-12-01,2071,420,168
INVSNP0003940,WH0003,PRD0085,2025-01-01,1914,420,168
INVSNP0003941,WH0003,PRD0085,2025-02-01,1203,420,168
INVSNP0003942,WH0003,PRD0085,2025-03-01,1674,420,168
INVSNP0003943,WH0003,PRD0085,2025-04-01,1833,420,168
INVSNP0003944,WH0003,PRD0085,2025-05-01,1639,420,168
INVSNP0003945,WH0003,PRD0085,2025-06-01,1987,420,168
INVSNP0003946,WH0003,PRD0085,2025-07-01,1646,420,168
INVSNP0003947,WH0003,PRD0085,2025-08-01,1471,420,168
INVSNP0003948,WH0003,PRD0085,2025-09-01,2114,420,168
INVSNP0003949,WH0003,PRD0085,2025-10-01,1552,420,168
INVSNP0003950,WH0003,PRD0085,2025-11-01,1580,420,168
INVSNP0003951,WH0003,PRD0085,2025-12-01,1424,420,168
INVSNP0003952,WH0003,PRD0085,2026-01-01,1739,420,168
INVSNP0003953,WH0003,PRD0085,2026-02-01,1768,420,168
INVSNP0003954,WH0003,PRD0085,2026-03-01,1433,420,168
INVSNP0003955,WH0003,PRD0085,2026-04-01,1673,420,168
INVSNP0003956,WH0003,PRD0085,2026-05-01,1581,420,168
INVSNP0003957,WH0003,PRD0085,2026-06-01,1484,420,168
INVSNP0003958,WH0003,PRD0085,2026-07-01,1354,420,168
INVSNP0003959,WH0003,PRD0085,2026-08-01,2151,420,168
INVSNP0003960,WH0003,PRD0085,2026-09-01,1660,420,168
INVSNP0003961,WH0003,PRD0035,2024-10-01,2350,721,288
INVSNP0003962,WH0003,PRD0035,2024-11-01,2745,721,288
INVSNP0003963,WH0003,PRD0035,2024-12-01,2913,721,288
INVSNP0003964,WH0003,PRD0035,2025-01-01,2778,721,288
INVSNP0003965,WH0003,PRD0035,2025-02-01,2657,721,288
INVSNP0003966,WH0003,PRD0035,2025-03-01,2751,721,288
INVSNP0003967,WH0003,PRD0035,2025-04-01,2828,721,288
INVSNP0003968,WH0003,PRD0035,2025-05-01,2451,721,288
INVSNP0003969,WH0003,PRD0035,2025-06-01,2827,721,288
INVSNP0003970,WH0003,PRD0035,2025-07-01,2666,721,288
INVSNP0003971,WH0003,PRD0035,2025-08-01,2157,721,288
INVSNP0003972,WH0003,PRD0035,2025-09-01,2964,721,288
INVSNP0003973,WH0003,PRD0035,2025-10-01,2735,721,288
INVSNP0003974,WH0003,PRD0035,2025-11-01,2723,721,288
INVSNP0003975,WH0003,PRD0035,2025-12-01,2449,721,288
INVSNP0003976,WH0003,PRD0035,2026-01-01,2334,721,288
INVSNP0003977,WH0003,PRD0035,2026-02-01,3398,721,288
INVSNP0003978,WH0003,PRD0035,2026-03-01,2763,721,288
INVSNP0003979,WH0003,PRD0035,2026-04-01,3348,721,288
INVSNP0003980,WH0003,PRD0035,2026-05-01,3018,721,288
INVSNP0003981,WH0003,PRD0035,2026-06-01,2876,721,288
INVSNP0003982,WH0003,PRD0035,2026-07-01,3299,721,288
INVSNP0003983,WH0003,PRD0035,2026-08-01,2952,721,288
INVSNP0003984,WH0003,PRD0035,2026-09-01,3109,721,288
INVSNP0003985,WH0003,PRD0072,2024-10-01,1942,468,187
INVSNP0003986,WH0003,PRD0072,2024-11-01,2420,468,187
INVSNP0003987,WH0003,PRD0072,2024-12-01,1626,468,187
INVSNP0003988,WH0003,PRD0072,2025-01-01,1944,468,187
INVSNP0003989,WH0003,PRD0072,2025-02-01,1935,468,187
INVSNP0003990,WH0003,PRD0072,2025-03-01,2081,468,187
INVSNP0003991,WH0003,PRD0072,2025-04-01,979,468,187
INVSNP0003992,WH0003,PRD0072,2025-05-01,1543,468,187
INVSNP0003993,WH0003,PRD0072,2025-06-01,1878,468,187
INVSNP0003994,WH0003,PRD0072,2025-07-01,1584,468,187
INVSNP0003995,WH0003,PRD0072,2025-08-01,2025,468,187
INVSNP0003996,WH0003,PRD0072,2025-09-01,1870,468,187
INVSNP0003997,WH0003,PRD0072,2025-10-01,1467,468,187
INVSNP0003998,WH0003,PRD0072,2025-11-01,1947,468,187
INVSNP0003999,WH0003,PRD0072,2025-12-01,1773,468,187
INVSNP0004000,WH0003,PRD0072,2026-01-01,1808,468,187
INVSNP0004001,WH0003,PRD0072,2026-02-01,1759,468,187
INVSNP0004002,WH0003,PRD0072,2026-03-01,1865,468,187
INVSNP0004003,WH0003,PRD0072,2026-04-01,2016,468,187
INVSNP0004004,WH0003,PRD0072,2026-05-01,1973,468,187
INVSNP0004005,WH0003,PRD0072,2026-06-01,2115,468,187
INVSNP0004006,WH0003,PRD0072,2026-07-01,2308,468,187
INVSNP0004007,WH0003,PRD0072,2026-08-01,1813,468,187
INVSNP0004008,WH0003,PRD0072,2026-09-01,1662,468,187
INVSNP0004009,WH0003,PRD0082,2024-10-01,273,87,35
INVSNP0004010,WH0003,PRD0082,2024-11-01,376,87,35
INVSNP0004011,WH0003,PRD0082,2024-12-01,436,87,35
INVSNP0004012,WH0003,PRD0082,2025-01-01,347,87,35
INVSNP0004013,WH0003,PRD0082,2025-02-01,390,87,35
INVSNP0004014,WH0003,PRD0082,2025-03-01,425,87,35
INVSNP0004015,WH0003,PRD0082,2025-04-01,379,87,35
INVSNP0004016,WH0003,PRD0082,2025-05-01,198,87,35
INVSNP0004017,WH0003,PRD0082,2025-06-01,283,87,35
INVSNP0004018,WH0003,PRD0082,2025-07-01,375,87,35
INVSNP0004019,WH0003,PRD0082,2025-08-01,374,87,35
INVSNP0004020,WH0003,PRD0082,2025-09-01,380,87,35
INVSNP0004021,WH0003,PRD0082,2025-10-01,378,87,35
INVSNP0004022,WH0003,PRD0082,2025-11-01,332,87,35
INVSNP0004023,WH0003,PRD0082,2025-12-01,375,87,35
INVSNP0004024,WH0003,PRD0082,2026-01-01,388,87,35
INVSNP0004025,WH0003,PRD0082,2026-02-01,406,87,35
INVSNP0004026,WH0003,PRD0082,2026-03-01,420,87,35
INVSNP0004027,WH0003,PRD0082,2026-04-01,428,87,35
INVSNP0004028,WH0003,PRD0082,2026-05-01,367,87,35
INVSNP0004029,WH0003,PRD0082,2026-06-01,348,87,35
INVSNP0004030,WH0003,PRD0082,2026-07-01,392,87,35
INVSNP0004031,WH0003,PRD0082,2026-08-01,313,87,35
INVSNP0004032,WH0003,PRD0082,2026-09-01,306,87,35
INVSNP0004033,WH0003,PRD0011,2024-10-01,2607,628,251
INVSNP0004034,WH0003,PRD0011,2024-11-01,2947,628,251
INVSNP0004035,WH0003,PRD0011,2024-12-01,2447,628,251
INVSNP0004036,WH0003,PRD0011,2025-01-01,1476,628,251
INVSNP0004037,WH0003,PRD0011,2025-02-01,2706,628,251
INVSNP0004038,WH0003,PRD0011,2025-03-01,2334,628,251
INVSNP0004039,WH0003,PRD0011,2025-04-01,2929,628,251
INVSNP0004040,WH0003,PRD0011,2025-05-01,2449,628,251
INVSNP0004041,WH0003,PRD0011,2025-06-01,2604,628,251
INVSNP0004042,WH0003,PRD0011,2025-07-01,2144,628,251
INVSNP0004043,WH0003,PRD0011,2025-08-01,2339,628,251
INVSNP0004044,WH0003,PRD0011,2025-09-01,2066,628,251
INVSNP0004045,WH0003,PRD0011,2025-10-01,2478,628,251
INVSNP0004046,WH0003,PRD0011,2025-11-01,2775,628,251
INVSNP0004047,WH0003,PRD0011,2025-12-01,2607,628,251
INVSNP0004048,WH0003,PRD0011,2026-01-01,2821,628,251
INVSNP0004049,WH0003,PRD0011,2026-02-01,2192,628,251
INVSNP0004050,WH0003,PRD0011,2026-03-01,1966,628,251
INVSNP0004051,WH0003,PRD0011,2026-04-01,1995,628,251
INVSNP0004052,WH0003,PRD0011,2026-05-01,2403,628,251
INVSNP0004053,WH0003,PRD0011,2026-06-01,2775,628,251
INVSNP0004054,WH0003,PRD0011,2026-07-01,2728,628,251
INVSNP0004055,WH0003,PRD0011,2026-08-01,2926,628,251
INVSNP0004056,WH0003,PRD0011,2026-09-01,2256,628,251
INVSNP0004057,WH0003,PRD0134,2024-10-01,4352,1224,489
INVSNP0004058,WH0003,PRD0134,2024-11-01,5204,1224,489
INVSNP0004059,WH0003,PRD0134,2024-12-01,5536,1224,489
INVSNP0004060,WH0003,PRD0134,2025-01-01,5738,1224,489
INVSNP0004061,WH0003,PRD0134,2025-02-01,5404,1224,489
INVSNP0004062,WH0003,PRD0134,2025-03-01,4700,1224,489
INVSNP0004063,WH0003,PRD0134,2025-04-01,5565,1224,489
INVSNP0004064,WH0003,PRD0134,2025-05-01,4280,1224,489
INVSNP0004065,WH0003,PRD0134,2025-06-01,3727,1224,489
INVSNP0004066,WH0003,PRD0134,2025-07-01,5196,1224,489
INVSNP0004067,WH0003,PRD0134,2025-08-01,4775,1224,489
INVSNP0004068,WH0003,PRD0134,2025-09-01,4356,1224,489
INVSNP0004069,WH0003,PRD0134,2025-10-01,4805,1224,489
INVSNP0004070,WH0003,PRD0134,2025-11-01,5154,1224,489
INVSNP0004071,WH0003,PRD0134,2025-12-01,5094,1224,489
INVSNP0004072,WH0003,PRD0134,2026-01-01,4518,1224,489
INVSNP0004073,WH0003,PRD0134,2026-02-01,4756,1224,489
INVSNP0004074,WH0003,PRD0134,2026-03-01,5819,1224,489
INVSNP0004075,WH0003,PRD0134,2026-04-01,4882,1224,489
INVSNP0004076,WH0003,PRD0134,2026-05-01,5064,1224,489
INVSNP0004077,WH0003,PRD0134,2026-06-01,4408,1224,489
INVSNP0004078,WH0003,PRD0134,2026-07-01,5040,1224,489
INVSNP0004079,WH0003,PRD0134,2026-08-01,4290,1224,489
INVSNP0004080,WH0003,PRD0134,2026-09-01,4960,1224,489
INVSNP0004081,WH0003,PRD0107,2024-10-01,1418,271,108
INVSNP0004082,WH0003,PRD0107,2024-11-01,1217,271,108
INVSNP0004083,WH0003,PRD0107,2024-12-01,925,271,108
INVSNP0004084,WH0003,PRD0107,2025-01-01,1149,271,108
INVSNP0004085,WH0003,PRD0107,2025-02-01,1028,271,108
INVSNP0004086,WH0003,PRD0107,2025-03-01,1134,271,108
INVSNP0004087,WH0003,PRD0107,2025-04-01,924,271,108
INVSNP0004088,WH0003,PRD0107,2025-05-01,1372,271,108
INVSNP0004089,WH0003,PRD0107,2025-06-01,701,271,108
INVSNP0004090,WH0003,PRD0107,2025-07-01,1167,271,108
INVSNP0004091,WH0003,PRD0107,2025-08-01,1155,271,108
INVSNP0004092,WH0003,PRD0107,2025-09-01,1023,271,108
INVSNP0004093,WH0003,PRD0107,2025-10-01,1197,271,108
INVSNP0004094,WH0003,PRD0107,2025-11-01,1331,271,108
INVSNP0004095,WH0003,PRD0107,2025-12-01,1113,271,108
INVSNP0004096,WH0003,PRD0107,2026-01-01,835,271,108
INVSNP0004097,WH0003,PRD0107,2026-02-01,1231,271,108
INVSNP0004098,WH0003,PRD0107,2026-03-01,814,271,108
INVSNP0004099,WH0003,PRD0107,2026-04-01,1216,271,108
INVSNP0004100,WH0003,PRD0107,2026-05-01,1244,271,108
INVSNP0004101,WH0003,PRD0107,2026-06-01,947,271,108
INVSNP0004102,WH0003,PRD0107,2026-07-01,871,271,108
INVSNP0004103,WH0003,PRD0107,2026-08-01,965,271,108
INVSNP0004104,WH0003,PRD0107,2026-09-01,1005,271,108
INVSNP0004105,WH0003,PRD0074,2024-10-01,3301,675,270
INVSNP0004106,WH0003,PRD0074,2024-11-01,2717,675,270
INVSNP0004107,WH0003,PRD0074,2024-12-01,2620,675,270
INVSNP0004108,WH0003,PRD0074,2025-01-01,3237,675,270
INVSNP0004109,WH0003,PRD0074,2025-02-01,2483,675,270
INVSNP0004110,WH0003,PRD0074,2025-03-01,2797,675,270
INVSNP0004111,WH0003,PRD0074,2025-04-01,2886,675,270
INVSNP0004112,WH0003,PRD0074,2025-05-01,3129,675,270
INVSNP0004113,WH0003,PRD0074,2025-06-01,3175,675,270
INVSNP0004114,WH0003,PRD0074,2025-07-01,2835,675,270
INVSNP0004115,WH0003,PRD0074,2025-08-01,3593,675,270
INVSNP0004116,WH0003,PRD0074,2025-09-01,2488,675,270
INVSNP0004117,WH0003,PRD0074,2025-10-01,2923,675,270
INVSNP0004118,WH0003,PRD0074,2025-11-01,3120,675,270
INVSNP0004119,WH0003,PRD0074,2025-12-01,3307,675,270
INVSNP0004120,WH0003,PRD0074,2026-01-01,2746,675,270
INVSNP0004121,WH0003,PRD0074,2026-02-01,3731,675,270
INVSNP0004122,WH0003,PRD0074,2026-03-01,2949,675,270
INVSNP0004123,WH0003,PRD0074,2026-04-01,3613,675,270
INVSNP0004124,WH0003,PRD0074,2026-05-01,2851,675,270
INVSNP0004125,WH0003,PRD0074,2026-06-01,2043,675,270
INVSNP0004126,WH0003,PRD0074,2026-07-01,2546,675,270
INVSNP0004127,WH0003,PRD0074,2026-08-01,3222,675,270
INVSNP0004128,WH0003,PRD0074,2026-09-01,2549,675,270
INVSNP0004129,WH0003,PRD0007,2024-10-01,5445,1151,460
INVSNP0004130,WH0003,PRD0007,2024-11-01,5587,1151,460
INVSNP0004131,WH0003,PRD0007,2024-12-01,4403,1151,460
INVSNP0004132,WH0003,PRD0007,2025-01-01,4290,1151,460
INVSNP0004133,WH0003,PRD0007,2025-02-01,4167,1151,460
INVSNP0004134,WH0003,PRD0007,2025-03-01,4384,1151,460
INVSNP0004135,WH0003,PRD0007,2025-04-01,5880,1151,460
INVSNP0004136,WH0003,PRD0007,2025-05-01,4621,1151,460
INVSNP0004137,WH0003,PRD0007,2025-06-01,3457,1151,460
INVSNP0004138,WH0003,PRD0007,2025-07-01,4125,1151,460
INVSNP0004139,WH0003,PRD0007,2025-08-01,3659,1151,460
INVSNP0004140,WH0003,PRD0007,2025-09-01,6299,1151,460
INVSNP0004141,WH0003,PRD0007,2025-10-01,4684,1151,460
INVSNP0004142,WH0003,PRD0007,2025-11-01,5039,1151,460
INVSNP0004143,WH0003,PRD0007,2025-12-01,3282,1151,460
INVSNP0004144,WH0003,PRD0007,2026-01-01,4877,1151,460
INVSNP0004145,WH0003,PRD0007,2026-02-01,4064,1151,460
INVSNP0004146,WH0003,PRD0007,2026-03-01,5029,1151,460
INVSNP0004147,WH0003,PRD0007,2026-04-01,5204,1151,460
INVSNP0004148,WH0003,PRD0007,2026-05-01,5204,1151,460
INVSNP0004149,WH0003,PRD0007,2026-06-01,3826,1151,460
INVSNP0004150,WH0003,PRD0007,2026-07-01,5551,1151,460
INVSNP0004151,WH0003,PRD0007,2026-08-01,5035,1151,460
INVSNP0004152,WH0003,PRD0007,2026-09-01,4354,1151,460
INVSNP0004153,WH0003,PRD0059,2024-10-01,4301,939,375
INVSNP0004154,WH0003,PRD0059,2024-11-01,3832,939,375
INVSNP0004155,WH0003,PRD0059,2024-12-01,4248,939,375
INVSNP0004156,WH0003,PRD0059,2025-01-01,2939,939,375
INVSNP0004157,WH0003,PRD0059,2025-02-01,4072,939,375
INVSNP0004158,WH0003,PRD0059,2025-03-01,3873,939,375
INVSNP0004159,WH0003,PRD0059,2025-04-01,2985,939,375
INVSNP0004160,WH0003,PRD0059,2025-05-01,4094,939,375
INVSNP0004161,WH0003,PRD0059,2025-06-01,3508,939,375
INVSNP0004162,WH0003,PRD0059,2025-07-01,3432,939,375
INVSNP0004163,WH0003,PRD0059,2025-08-01,3866,939,375
INVSNP0004164,WH0003,PRD0059,2025-09-01,3884,939,375
INVSNP0004165,WH0003,PRD0059,2025-10-01,3722,939,375
INVSNP0004166,WH0003,PRD0059,2025-11-01,4292,939,375
INVSNP0004167,WH0003,PRD0059,2025-12-01,3349,939,375
INVSNP0004168,WH0003,PRD0059,2026-01-01,3939,939,375
INVSNP0004169,WH0003,PRD0059,2026-02-01,4208,939,375
INVSNP0004170,WH0003,PRD0059,2026-03-01,3289,939,375
INVSNP0004171,WH0003,PRD0059,2026-04-01,3335,939,375
INVSNP0004172,WH0003,PRD0059,2026-05-01,3064,939,375
INVSNP0004173,WH0003,PRD0059,2026-06-01,4169,939,375
INVSNP0004174,WH0003,PRD0059,2026-07-01,2534,939,375
INVSNP0004175,WH0003,PRD0059,2026-08-01,3904,939,375
INVSNP0004176,WH0003,PRD0059,2026-09-01,3526,939,375
INVSNP0004177,WH0003,PRD0141,2024-10-01,3972,1004,401
INVSNP0004178,WH0003,PRD0141,2024-11-01,3078,1004,401
INVSNP0004179,WH0003,PRD0141,2024-12-01,3614,1004,401
INVSNP0004180,WH0003,PRD0141,2025-01-01,3838,1004,401
INVSNP0004181,WH0003,PRD0141,2025-02-01,3893,1004,401
INVSNP0004182,WH0003,PRD0141,2025-03-01,3909,1004,401
INVSNP0004183,WH0003,PRD0141,2025-04-01,4538,1004,401
INVSNP0004184,WH0003,PRD0141,2025-05-01,3751,1004,401
INVSNP0004185,WH0003,PRD0141,2025-06-01,4260,1004,401
INVSNP0004186,WH0003,PRD0141,2025-07-01,3085,1004,401
INVSNP0004187,WH0003,PRD0141,2025-08-01,4108,1004,401
INVSNP0004188,WH0003,PRD0141,2025-09-01,4687,1004,401
INVSNP0004189,WH0003,PRD0141,2025-10-01,2956,1004,401
INVSNP0004190,WH0003,PRD0141,2025-11-01,4058,1004,401
INVSNP0004191,WH0003,PRD0141,2025-12-01,3526,1004,401
INVSNP0004192,WH0003,PRD0141,2026-01-01,4060,1004,401
INVSNP0004193,WH0003,PRD0141,2026-02-01,3293,1004,401
INVSNP0004194,WH0003,PRD0141,2026-03-01,3143,1004,401
INVSNP0004195,WH0003,PRD0141,2026-04-01,3653,1004,401
INVSNP0004196,WH0003,PRD0141,2026-05-01,3568,1004,401
INVSNP0004197,WH0003,PRD0141,2026-06-01,3081,1004,401
INVSNP0004198,WH0003,PRD0141,2026-07-01,4745,1004,401
INVSNP0004199,WH0003,PRD0141,2026-08-01,3639,1004,401
INVSNP0004200,WH0003,PRD0141,2026-09-01,4655,1004,401
INVSNP0004201,WH0003,PRD0088,2024-10-01,2245,518,207
INVSNP0004202,WH0003,PRD0088,2024-11-01,2375,518,207
INVSNP0004203,WH0003,PRD0088,2024-12-01,2368,518,207
INVSNP0004204,WH0003,PRD0088,2025-01-01,1684,518,207
INVSNP0004205,WH0003,PRD0088,2025-02-01,2436,518,207
INVSNP0004206,WH0003,PRD0088,2025-03-01,2014,518,207
INVSNP0004207,WH0003,PRD0088,2025-04-01,2020,518,207
INVSNP0004208,WH0003,PRD0088,2025-05-01,2078,518,207
INVSNP0004209,WH0003,PRD0088,2025-06-01,2221,518,207
INVSNP0004210,WH0003,PRD0088,2025-07-01,1916,518,207
INVSNP0004211,WH0003,PRD0088,2025-08-01,1634,518,207
INVSNP0004212,WH0003,PRD0088,2025-09-01,1847,518,207
INVSNP0004213,WH0003,PRD0088,2025-10-01,2205,518,207
INVSNP0004214,WH0003,PRD0088,2025-11-01,1809,518,207
INVSNP0004215,WH0003,PRD0088,2025-12-01,1663,518,207
INVSNP0004216,WH0003,PRD0088,2026-01-01,2117,518,207
INVSNP0004217,WH0003,PRD0088,2026-02-01,1593,518,207
INVSNP0004218,WH0003,PRD0088,2026-03-01,2186,518,207
INVSNP0004219,WH0003,PRD0088,2026-04-01,1793,518,207
INVSNP0004220,WH0003,PRD0088,2026-05-01,1814,518,207
INVSNP0004221,WH0003,PRD0088,2026-06-01,2406,518,207
INVSNP0004222,WH0003,PRD0088,2026-07-01,2412,518,207
INVSNP0004223,WH0003,PRD0088,2026-08-01,2165,518,207
INVSNP0004224,WH0003,PRD0088,2026-09-01,2117,518,207
INVSNP0004225,WH0003,PRD0063,2024-10-01,1067,225,90
INVSNP0004226,WH0003,PRD0063,2024-11-01,904,225,90
INVSNP0004227,WH0003,PRD0063,2024-12-01,901,225,90
INVSNP0004228,WH0003,PRD0063,2025-01-01,812,225,90
INVSNP0004229,WH0003,PRD0063,2025-02-01,917,225,90
INVSNP0004230,WH0003,PRD0063,2025-03-01,1098,225,90
INVSNP0004231,WH0003,PRD0063,2025-04-01,1225,225,90
INVSNP0004232,WH0003,PRD0063,2025-05-01,807,225,90
INVSNP0004233,WH0003,PRD0063,2025-06-01,1011,225,90
INVSNP0004234,WH0003,PRD0063,2025-07-01,770,225,90
INVSNP0004235,WH0003,PRD0063,2025-08-01,894,225,90
INVSNP0004236,WH0003,PRD0063,2025-09-01,665,225,90
INVSNP0004237,WH0003,PRD0063,2025-10-01,749,225,90
INVSNP0004238,WH0003,PRD0063,2025-11-01,1108,225,90
INVSNP0004239,WH0003,PRD0063,2025-12-01,651,225,90
INVSNP0004240,WH0003,PRD0063,2026-01-01,928,225,90
INVSNP0004241,WH0003,PRD0063,2026-02-01,995,225,90
INVSNP0004242,WH0003,PRD0063,2026-03-01,811,225,90
INVSNP0004243,WH0003,PRD0063,2026-04-01,997,225,90
INVSNP0004244,WH0003,PRD0063,2026-05-01,704,225,90
INVSNP0004245,WH0003,PRD0063,2026-06-01,1057,225,90
INVSNP0004246,WH0003,PRD0063,2026-07-01,591,225,90
INVSNP0004247,WH0003,PRD0063,2026-08-01,643,225,90
INVSNP0004248,WH0003,PRD0063,2026-09-01,725,225,90
INVSNP0004249,WH0003,PRD0145,2024-10-01,669,175,70
INVSNP0004250,WH0003,PRD0145,2024-11-01,709,175,70
INVSNP0004251,WH0003,PRD0145,2024-12-01,633,175,70
INVSNP0004252,WH0003,PRD0145,2025-01-01,620,175,70
INVSNP0004253,WH0003,PRD0145,2025-02-01,554,175,70
INVSNP0004254,WH0003,PRD0145,2025-03-01,664,175,70
INVSNP0004255,WH0003,PRD0145,2025-04-01,835,175,70
INVSNP0004256,WH0003,PRD0145,2025-05-01,642,175,70
INVSNP0004257,WH0003,PRD0145,2025-06-01,650,175,70
INVSNP0004258,WH0003,PRD0145,2025-07-01,677,175,70
INVSNP0004259,WH0003,PRD0145,2025-08-01,822,175,70
INVSNP0004260,WH0003,PRD0145,2025-09-01,895,175,70
INVSNP0004261,WH0003,PRD0145,2025-10-01,703,175,70
INVSNP0004262,WH0003,PRD0145,2025-11-01,629,175,70
INVSNP0004263,WH0003,PRD0145,2025-12-01,634,175,70
INVSNP0004264,WH0003,PRD0145,2026-01-01,748,175,70
INVSNP0004265,WH0003,PRD0145,2026-02-01,703,175,70
INVSNP0004266,WH0003,PRD0145,2026-03-01,644,175,70
INVSNP0004267,WH0003,PRD0145,2026-04-01,760,175,70
INVSNP0004268,WH0003,PRD0145,2026-05-01,688,175,70
INVSNP0004269,WH0003,PRD0145,2026-06-01,761,175,70
INVSNP0004270,WH0003,PRD0145,2026-07-01,604,175,70
INVSNP0004271,WH0003,PRD0145,2026-08-01,1006,175,70
INVSNP0004272,WH0003,PRD0145,2026-09-01,549,175,70
INVSNP0004273,WH0003,PRD0070,2024-10-01,1137,283,113
INVSNP0004274,WH0003,PRD0070,2024-11-01,1205,283,113
INVSNP0004275,WH0003,PRD0070,2024-12-01,903,283,113
INVSNP0004276,WH0003,PRD0070,2025-01-01,1224,283,113
INVSNP0004277,WH0003,PRD0070,2025-02-01,1125,283,113
INVSNP0004278,WH0003,PRD0070,2025-03-01,1334,283,113
INVSNP0004279,WH0003,PRD0070,2025-04-01,1191,283,113
INVSNP0004280,WH0003,PRD0070,2025-05-01,1241,283,113
INVSNP0004281,WH0003,PRD0070,2025-06-01,1416,283,113
INVSNP0004282,WH0003,PRD0070,2025-07-01,1319,283,113
INVSNP0004283,WH0003,PRD0070,2025-08-01,1265,283,113
INVSNP0004284,WH0003,PRD0070,2025-09-01,1216,283,113
INVSNP0004285,WH0003,PRD0070,2025-10-01,799,283,113
INVSNP0004286,WH0003,PRD0070,2025-11-01,1227,283,113
INVSNP0004287,WH0003,PRD0070,2025-12-01,1190,283,113
INVSNP0004288,WH0003,PRD0070,2026-01-01,1232,283,113
INVSNP0004289,WH0003,PRD0070,2026-02-01,1089,283,113
INVSNP0004290,WH0003,PRD0070,2026-03-01,1376,283,113
INVSNP0004291,WH0003,PRD0070,2026-04-01,1382,283,113
INVSNP0004292,WH0003,PRD0070,2026-05-01,1312,283,113
INVSNP0004293,WH0003,PRD0070,2026-06-01,1311,283,113
INVSNP0004294,WH0003,PRD0070,2026-07-01,986,283,113
INVSNP0004295,WH0003,PRD0070,2026-08-01,1033,283,113
INVSNP0004296,WH0003,PRD0070,2026-09-01,1294,283,113
INVSNP0004297,WH0003,PRD0133,2024-10-01,890,231,92
INVSNP0004298,WH0003,PRD0133,2024-11-01,843,231,92
INVSNP0004299,WH0003,PRD0133,2024-12-01,1013,231,92
INVSNP0004300,WH0003,PRD0133,2025-01-01,1022,231,92
INVSNP0004301,WH0003,PRD0133,2025-02-01,939,231,92
INVSNP0004302,WH0003,PRD0133,2025-03-01,903,231,92
INVSNP0004303,WH0003,PRD0133,2025-04-01,1219,231,92
INVSNP0004304,WH0003,PRD0133,2025-05-01,843,231,92
INVSNP0004305,WH0003,PRD0133,2025-06-01,947,231,92
INVSNP0004306,WH0003,PRD0133,2025-07-01,975,231,92
INVSNP0004307,WH0003,PRD0133,2025-08-01,910,231,92
INVSNP0004308,WH0003,PRD0133,2025-09-01,914,231,92
INVSNP0004309,WH0003,PRD0133,2025-10-01,772,231,92
INVSNP0004310,WH0003,PRD0133,2025-11-01,883,231,92
INVSNP0004311,WH0003,PRD0133,2025-12-01,952,231,92
INVSNP0004312,WH0003,PRD0133,2026-01-01,980,231,92
INVSNP0004313,WH0003,PRD0133,2026-02-01,784,231,92
INVSNP0004314,WH0003,PRD0133,2026-03-01,1000,231,92
INVSNP0004315,WH0003,PRD0133,2026-04-01,1009,231,92
INVSNP0004316,WH0003,PRD0133,2026-05-01,762,231,92
INVSNP0004317,WH0003,PRD0133,2026-06-01,1023,231,92
INVSNP0004318,WH0003,PRD0133,2026-07-01,837,231,92
INVSNP0004319,WH0003,PRD0133,2026-08-01,946,231,92
INVSNP0004320,WH0003,PRD0133,2026-09-01,841,231,92
INVSNP0004321,WH0003,PRD0117,2024-10-01,3209,873,349
INVSNP0004322,WH0003,PRD0117,2024-11-01,3501,873,349
INVSNP0004323,WH0003,PRD0117,2024-12-01,3091,873,349
INVSNP0004324,WH0003,PRD0117,2025-01-01,3739,873,349
INVSNP0004325,WH0003,PRD0117,2025-02-01,4411,873,349
INVSNP0004326,WH0003,PRD0117,2025-03-01,3473,873,349
INVSNP0004327,WH0003,PRD0117,2025-04-01,3824,873,349
INVSNP0004328,WH0003,PRD0117,2025-05-01,3613,873,349
INVSNP0004329,WH0003,PRD0117,2025-06-01,3214,873,349
INVSNP0004330,WH0003,PRD0117,2025-07-01,3269,873,349
INVSNP0004331,WH0003,PRD0117,2025-08-01,2674,873,349
INVSNP0004332,WH0003,PRD0117,2025-09-01,2987,873,349
INVSNP0004333,WH0003,PRD0117,2025-10-01,3245,873,349
INVSNP0004334,WH0003,PRD0117,2025-11-01,3309,873,349
INVSNP0004335,WH0003,PRD0117,2025-12-01,2766,873,349
INVSNP0004336,WH0003,PRD0117,2026-01-01,3417,873,349
INVSNP0004337,WH0003,PRD0117,2026-02-01,4000,873,349
INVSNP0004338,WH0003,PRD0117,2026-03-01,3190,873,349
INVSNP0004339,WH0003,PRD0117,2026-04-01,3889,873,349
INVSNP0004340,WH0003,PRD0117,2026-05-01,4301,873,349
INVSNP0004341,WH0003,PRD0117,2026-06-01,2572,873,349
INVSNP0004342,WH0003,PRD0117,2026-07-01,3935,873,349
INVSNP0004343,WH0003,PRD0117,2026-08-01,3585,873,349
INVSNP0004344,WH0003,PRD0117,2026-09-01,2747,873,349
INVSNP0004345,WH0003,PRD0118,2024-10-01,3054,629,251
INVSNP0004346,WH0003,PRD0118,2024-11-01,2219,629,251
INVSNP0004347,WH0003,PRD0118,2024-12-01,2838,629,251
INVSNP0004348,WH0003,PRD0118,2025-01-01,2390,629,251
INVSNP0004349,WH0003,PRD0118,2025-02-01,3032,629,251
INVSNP0004350,WH0003,PRD0118,2025-03-01,2360,629,251
INVSNP0004351,WH0003,PRD0118,2025-04-01,2584,629,251
INVSNP0004352,WH0003,PRD0118,2025-05-01,2329,629,251
INVSNP0004353,WH0003,PRD0118,2025-06-01,2891,629,251
INVSNP0004354,WH0003,PRD0118,2025-07-01,2745,629,251
INVSNP0004355,WH0003,PRD0118,2025-08-01,2309,629,251
INVSNP0004356,WH0003,PRD0118,2025-09-01,2355,629,251
INVSNP0004357,WH0003,PRD0118,2025-10-01,2497,629,251
INVSNP0004358,WH0003,PRD0118,2025-11-01,3501,629,251
INVSNP0004359,WH0003,PRD0118,2025-12-01,2694,629,251
INVSNP0004360,WH0003,PRD0118,2026-01-01,2632,629,251
INVSNP0004361,WH0003,PRD0118,2026-02-01,1973,629,251
INVSNP0004362,WH0003,PRD0118,2026-03-01,1926,629,251
INVSNP0004363,WH0003,PRD0118,2026-04-01,2454,629,251
INVSNP0004364,WH0003,PRD0118,2026-05-01,2873,629,251
INVSNP0004365,WH0003,PRD0118,2026-06-01,3300,629,251
INVSNP0004366,WH0003,PRD0118,2026-07-01,2141,629,251
INVSNP0004367,WH0003,PRD0118,2026-08-01,2110,629,251
INVSNP0004368,WH0003,PRD0118,2026-09-01,2408,629,251
INVSNP0004369,WH0003,PRD0086,2024-10-01,1648,417,166
INVSNP0004370,WH0003,PRD0086,2024-11-01,1433,417,166
INVSNP0004371,WH0003,PRD0086,2024-12-01,1691,417,166
INVSNP0004372,WH0003,PRD0086,2025-01-01,1448,417,166
INVSNP0004373,WH0003,PRD0086,2025-02-01,1174,417,166
INVSNP0004374,WH0003,PRD0086,2025-03-01,1816,417,166
INVSNP0004375,WH0003,PRD0086,2025-04-01,1818,417,166
INVSNP0004376,WH0003,PRD0086,2025-05-01,1895,417,166
INVSNP0004377,WH0003,PRD0086,2025-06-01,1242,417,166
INVSNP0004378,WH0003,PRD0086,2025-07-01,2022,417,166
INVSNP0004379,WH0003,PRD0086,2025-08-01,1587,417,166
INVSNP0004380,WH0003,PRD0086,2025-09-01,1682,417,166
INVSNP0004381,WH0003,PRD0086,2025-10-01,1520,417,166
INVSNP0004382,WH0003,PRD0086,2025-11-01,1516,417,166
INVSNP0004383,WH0003,PRD0086,2025-12-01,1616,417,166
INVSNP0004384,WH0003,PRD0086,2026-01-01,1571,417,166
INVSNP0004385,WH0003,PRD0086,2026-02-01,1529,417,166
INVSNP0004386,WH0003,PRD0086,2026-03-01,2125,417,166
INVSNP0004387,WH0003,PRD0086,2026-04-01,1658,417,166
INVSNP0004388,WH0003,PRD0086,2026-05-01,1471,417,166
INVSNP0004389,WH0003,PRD0086,2026-06-01,1455,417,166
INVSNP0004390,WH0003,PRD0086,2026-07-01,1352,417,166
INVSNP0004391,WH0003,PRD0086,2026-08-01,1760,417,166
INVSNP0004392,WH0003,PRD0086,2026-09-01,1185,417,166
INVSNP0004393,WH0003,PRD0032,2024-10-01,797,190,76
INVSNP0004394,WH0003,PRD0032,2024-11-01,654,190,76
INVSNP0004395,WH0003,PRD0032,2024-12-01,887,190,76
INVSNP0004396,WH0003,PRD0032,2025-01-01,886,190,76
INVSNP0004397,WH0003,PRD0032,2025-02-01,746,190,76
INVSNP0004398,WH0003,PRD0032,2025-03-01,844,190,76
INVSNP0004399,WH0003,PRD0032,2025-04-01,734,190,76
INVSNP0004400,WH0003,PRD0032,2025-05-01,899,190,76
INVSNP0004401,WH0003,PRD0032,2025-06-01,686,190,76
INVSNP0004402,WH0003,PRD0032,2025-07-01,664,190,76
INVSNP0004403,WH0003,PRD0032,2025-08-01,679,190,76
INVSNP0004404,WH0003,PRD0032,2025-09-01,902,190,76
INVSNP0004405,WH0003,PRD0032,2025-10-01,803,190,76
INVSNP0004406,WH0003,PRD0032,2025-11-01,467,190,76
INVSNP0004407,WH0003,PRD0032,2025-12-01,966,190,76
INVSNP0004408,WH0003,PRD0032,2026-01-01,789,190,76
INVSNP0004409,WH0003,PRD0032,2026-02-01,641,190,76
INVSNP0004410,WH0003,PRD0032,2026-03-01,725,190,76
INVSNP0004411,WH0003,PRD0032,2026-04-01,807,190,76
INVSNP0004412,WH0003,PRD0032,2026-05-01,740,190,76
INVSNP0004413,WH0003,PRD0032,2026-06-01,664,190,76
INVSNP0004414,WH0003,PRD0032,2026-07-01,760,190,76
INVSNP0004415,WH0003,PRD0032,2026-08-01,700,190,76
INVSNP0004416,WH0003,PRD0032,2026-09-01,649,190,76
INVSNP0004417,WH0003,PRD0103,2024-10-01,3127,1060,424
INVSNP0004418,WH0003,PRD0103,2024-11-01,4346,1060,424
INVSNP0004419,WH0003,PRD0103,2024-12-01,4188,1060,424
INVSNP0004420,WH0003,PRD0103,2025-01-01,2934,1060,424
INVSNP0004421,WH0003,PRD0103,2025-02-01,3438,1060,424
INVSNP0004422,WH0003,PRD0103,2025-03-01,4697,1060,424
INVSNP0004423,WH0003,PRD0103,2025-04-01,4518,1060,424
INVSNP0004424,WH0003,PRD0103,2025-05-01,3954,1060,424
INVSNP0004425,WH0003,PRD0103,2025-06-01,4594,1060,424
INVSNP0004426,WH0003,PRD0103,2025-07-01,4378,1060,424
INVSNP0004427,WH0003,PRD0103,2025-08-01,3874,1060,424
INVSNP0004428,WH0003,PRD0103,2025-09-01,3127,1060,424
INVSNP0004429,WH0003,PRD0103,2025-10-01,4049,1060,424
INVSNP0004430,WH0003,PRD0103,2025-11-01,4819,1060,424
INVSNP0004431,WH0003,PRD0103,2025-12-01,4429,1060,424
INVSNP0004432,WH0003,PRD0103,2026-01-01,3877,1060,424
INVSNP0004433,WH0003,PRD0103,2026-02-01,5361,1060,424
INVSNP0004434,WH0003,PRD0103,2026-03-01,4761,1060,424
INVSNP0004435,WH0003,PRD0103,2026-04-01,4442,1060,424
INVSNP0004436,WH0003,PRD0103,2026-05-01,3764,1060,424
INVSNP0004437,WH0003,PRD0103,2026-06-01,5212,1060,424
INVSNP0004438,WH0003,PRD0103,2026-07-01,4098,1060,424
INVSNP0004439,WH0003,PRD0103,2026-08-01,4754,1060,424
INVSNP0004440,WH0003,PRD0103,2026-09-01,4793,1060,424
INVSNP0004441,WH0003,PRD0130,2024-10-01,2969,1111,444
INVSNP0004442,WH0003,PRD0130,2024-11-01,3325,1111,444
INVSNP0004443,WH0003,PRD0130,2024-12-01,3912,1111,444
INVSNP0004444,WH0003,PRD0130,2025-01-01,4906,1111,444
INVSNP0004445,WH0003,PRD0130,2025-02-01,5209,1111,444
INVSNP0004446,WH0003,PRD0130,2025-03-01,5901,1111,444
INVSNP0004447,WH0003,PRD0130,2025-04-01,3032,1111,444
INVSNP0004448,WH0003,PRD0130,2025-05-01,4596,1111,444
INVSNP0004449,WH0003,PRD0130,2025-06-01,4263,1111,444
INVSNP0004450,WH0003,PRD0130,2025-07-01,5235,1111,444
INVSNP0004451,WH0003,PRD0130,2025-08-01,5932,1111,444
INVSNP0004452,WH0003,PRD0130,2025-09-01,4397,1111,444
INVSNP0004453,WH0003,PRD0130,2025-10-01,4655,1111,444
INVSNP0004454,WH0003,PRD0130,2025-11-01,5398,1111,444
INVSNP0004455,WH0003,PRD0130,2025-12-01,4466,1111,444
INVSNP0004456,WH0003,PRD0130,2026-01-01,4894,1111,444
INVSNP0004457,WH0003,PRD0130,2026-02-01,4233,1111,444
INVSNP0004458,WH0003,PRD0130,2026-03-01,4306,1111,444
INVSNP0004459,WH0003,PRD0130,2026-04-01,4800,1111,444
INVSNP0004460,WH0003,PRD0130,2026-05-01,4945,1111,444
INVSNP0004461,WH0003,PRD0130,2026-06-01,5038,1111,444
INVSNP0004462,WH0003,PRD0130,2026-07-01,3866,1111,444
INVSNP0004463,WH0003,PRD0130,2026-08-01,4340,1111,444
INVSNP0004464,WH0003,PRD0130,2026-09-01,4900,1111,444
INVSNP0004465,WH0003,PRD0090,2024-10-01,5395,1152,460
INVSNP0004466,WH0003,PRD0090,2024-11-01,3139,1152,460
INVSNP0004467,WH0003,PRD0090,2024-12-01,4927,1152,460
INVSNP0004468,WH0003,PRD0090,2025-01-01,5965,1152,460
INVSNP0004469,WH0003,PRD0090,2025-02-01,4421,1152,460
INVSNP0004470,WH0003,PRD0090,2025-03-01,3929,1152,460
INVSNP0004471,WH0003,PRD0090,2025-04-01,4172,1152,460
INVSNP0004472,WH0003,PRD0090,2025-05-01,3148,1152,460
INVSNP0004473,WH0003,PRD0090,2025-06-01,5069,1152,460
INVSNP0004474,WH0003,PRD0090,2025-07-01,4357,1152,460
INVSNP0004475,WH0003,PRD0090,2025-08-01,3998,1152,460
INVSNP0004476,WH0003,PRD0090,2025-09-01,5015,1152,460
INVSNP0004477,WH0003,PRD0090,2025-10-01,5141,1152,460
INVSNP0004478,WH0003,PRD0090,2025-11-01,3795,1152,460
INVSNP0004479,WH0003,PRD0090,2025-12-01,3788,1152,460
INVSNP0004480,WH0003,PRD0090,2026-01-01,5489,1152,460
INVSNP0004481,WH0003,PRD0090,2026-02-01,4566,1152,460
INVSNP0004482,WH0003,PRD0090,2026-03-01,4613,1152,460
INVSNP0004483,WH0003,PRD0090,2026-04-01,5677,1152,460
INVSNP0004484,WH0003,PRD0090,2026-05-01,4240,1152,460
INVSNP0004485,WH0003,PRD0090,2026-06-01,5283,1152,460
INVSNP0004486,WH0003,PRD0090,2026-07-01,5550,1152,460
INVSNP0004487,WH0003,PRD0090,2026-08-01,4206,1152,460
INVSNP0004488,WH0003,PRD0090,2026-09-01,3974,1152,460
INVSNP0004489,WH0003,PRD0093,2024-10-01,5282,1033,413
INVSNP0004490,WH0003,PRD0093,2024-11-01,4874,1033,413
INVSNP0004491,WH0003,PRD0093,2024-12-01,4897,1033,413
INVSNP0004492,WH0003,PRD0093,2025-01-01,3836,1033,413
INVSNP0004493,WH0003,PRD0093,2025-02-01,3947,1033,413
INVSNP0004494,WH0003,PRD0093,2025-03-01,4685,1033,413
INVSNP0004495,WH0003,PRD0093,2025-04-01,4051,1033,413
INVSNP0004496,WH0003,PRD0093,2025-05-01,3897,1033,413
INVSNP0004497,WH0003,PRD0093,2025-06-01,4563,1033,413
INVSNP0004498,WH0003,PRD0093,2025-07-01,4644,1033,413
INVSNP0004499,WH0003,PRD0093,2025-08-01,3318,1033,413
INVSNP0004500,WH0003,PRD0093,2025-09-01,3552,1033,413
INVSNP0004501,WH0003,PRD0093,2025-10-01,4500,1033,413
INVSNP0004502,WH0003,PRD0093,2025-11-01,3527,1033,413
INVSNP0004503,WH0003,PRD0093,2025-12-01,3778,1033,413
INVSNP0004504,WH0003,PRD0093,2026-01-01,4506,1033,413
INVSNP0004505,WH0003,PRD0093,2026-02-01,4044,1033,413
INVSNP0004506,WH0003,PRD0093,2026-03-01,5013,1033,413
INVSNP0004507,WH0003,PRD0093,2026-04-01,2731,1033,413
INVSNP0004508,WH0003,PRD0093,2026-05-01,3876,1033,413
INVSNP0004509,WH0003,PRD0093,2026-06-01,4171,1033,413
INVSNP0004510,WH0003,PRD0093,2026-07-01,4135,1033,413
INVSNP0004511,WH0003,PRD0093,2026-08-01,3436,1033,413
INVSNP0004512,WH0003,PRD0093,2026-09-01,3515,1033,413
INVSNP0004513,WH0003,PRD0029,2024-10-01,4563,1185,474
INVSNP0004514,WH0003,PRD0029,2024-11-01,4626,1185,474
INVSNP0004515,WH0003,PRD0029,2024-12-01,5244,1185,474
INVSNP0004516,WH0003,PRD0029,2025-01-01,5373,1185,474
INVSNP0004517,WH0003,PRD0029,2025-02-01,5312,1185,474
INVSNP0004518,WH0003,PRD0029,2025-03-01,3983,1185,474
INVSNP0004519,WH0003,PRD0029,2025-04-01,5104,1185,474
INVSNP0004520,WH0003,PRD0029,2025-05-01,5577,1185,474
INVSNP0004521,WH0003,PRD0029,2025-06-01,4726,1185,474
INVSNP0004522,WH0003,PRD0029,2025-07-01,5032,1185,474
INVSNP0004523,WH0003,PRD0029,2025-08-01,4100,1185,474
INVSNP0004524,WH0003,PRD0029,2025-09-01,3554,1185,474
INVSNP0004525,WH0003,PRD0029,2025-10-01,4551,1185,474
INVSNP0004526,WH0003,PRD0029,2025-11-01,4737,1185,474
INVSNP0004527,WH0003,PRD0029,2025-12-01,4709,1185,474
INVSNP0004528,WH0003,PRD0029,2026-01-01,5930,1185,474
INVSNP0004529,WH0003,PRD0029,2026-02-01,6751,1185,474
INVSNP0004530,WH0003,PRD0029,2026-03-01,5468,1185,474
INVSNP0004531,WH0003,PRD0029,2026-04-01,6941,1185,474
INVSNP0004532,WH0003,PRD0029,2026-05-01,4991,1185,474
INVSNP0004533,WH0003,PRD0029,2026-06-01,4876,1185,474
INVSNP0004534,WH0003,PRD0029,2026-07-01,5023,1185,474
INVSNP0004535,WH0003,PRD0029,2026-08-01,5734,1185,474
INVSNP0004536,WH0003,PRD0029,2026-09-01,3583,1185,474
INVSNP0004537,WH0003,PRD0078,2024-10-01,2302,512,205
INVSNP0004538,WH0003,PRD0078,2024-11-01,2339,512,205
INVSNP0004539,WH0003,PRD0078,2024-12-01,2391,512,205
INVSNP0004540,WH0003,PRD0078,2025-01-01,2129,512,205
INVSNP0004541,WH0003,PRD0078,2025-02-01,2040,512,205
INVSNP0004542,WH0003,PRD0078,2025-03-01,2014,512,205
INVSNP0004543,WH0003,PRD0078,2025-04-01,2677,512,205
INVSNP0004544,WH0003,PRD0078,2025-05-01,1722,512,205
INVSNP0004545,WH0003,PRD0078,2025-06-01,1620,512,205
INVSNP0004546,WH0003,PRD0078,2025-07-01,2256,512,205
INVSNP0004547,WH0003,PRD0078,2025-08-01,2132,512,205
INVSNP0004548,WH0003,PRD0078,2025-09-01,2334,512,205
INVSNP0004549,WH0003,PRD0078,2025-10-01,2035,512,205
INVSNP0004550,WH0003,PRD0078,2025-11-01,2393,512,205
INVSNP0004551,WH0003,PRD0078,2025-12-01,1682,512,205
INVSNP0004552,WH0003,PRD0078,2026-01-01,1920,512,205
INVSNP0004553,WH0003,PRD0078,2026-02-01,2559,512,205
INVSNP0004554,WH0003,PRD0078,2026-03-01,2360,512,205
INVSNP0004555,WH0003,PRD0078,2026-04-01,2198,512,205
INVSNP0004556,WH0003,PRD0078,2026-05-01,1932,512,205
INVSNP0004557,WH0003,PRD0078,2026-06-01,1859,512,205
INVSNP0004558,WH0003,PRD0078,2026-07-01,1914,512,205
INVSNP0004559,WH0003,PRD0078,2026-08-01,1921,512,205
INVSNP0004560,WH0003,PRD0078,2026-09-01,1624,512,205
INVSNP0004561,WH0003,PRD0112,2024-10-01,3905,869,347
INVSNP0004562,WH0003,PRD0112,2024-11-01,3493,869,347
INVSNP0004563,WH0003,PRD0112,2024-12-01,3872,869,347
INVSNP0004564,WH0003,PRD0112,2025-01-01,3907,869,347
INVSNP0004565,WH0003,PRD0112,2025-02-01,3747,869,347
INVSNP0004566,WH0003,PRD0112,2025-03-01,3222,869,347
INVSNP0004567,WH0003,PRD0112,2025-04-01,3004,869,347
INVSNP0004568,WH0003,PRD0112,2025-05-01,3146,869,347
INVSNP0004569,WH0003,PRD0112,2025-06-01,4087,869,347
INVSNP0004570,WH0003,PRD0112,2025-07-01,3594,869,347
INVSNP0004571,WH0003,PRD0112,2025-08-01,3019,869,347
INVSNP0004572,WH0003,PRD0112,2025-09-01,4015,869,347
INVSNP0004573,WH0003,PRD0112,2025-10-01,4076,869,347
INVSNP0004574,WH0003,PRD0112,2025-11-01,3241,869,347
INVSNP0004575,WH0003,PRD0112,2025-12-01,3251,869,347
INVSNP0004576,WH0003,PRD0112,2026-01-01,4575,869,347
INVSNP0004577,WH0003,PRD0112,2026-02-01,2989,869,347
INVSNP0004578,WH0003,PRD0112,2026-03-01,4630,869,347
INVSNP0004579,WH0003,PRD0112,2026-04-01,2881,869,347
INVSNP0004580,WH0003,PRD0112,2026-05-01,3476,869,347
INVSNP0004581,WH0003,PRD0112,2026-06-01,2761,869,347
INVSNP0004582,WH0003,PRD0112,2026-07-01,2810,869,347
INVSNP0004583,WH0003,PRD0112,2026-08-01,2623,869,347
INVSNP0004584,WH0003,PRD0112,2026-09-01,3697,869,347
INVSNP0004585,WH0003,PRD0049,2024-10-01,2129,517,207
INVSNP0004586,WH0003,PRD0049,2024-11-01,2328,517,207
INVSNP0004587,WH0003,PRD0049,2024-12-01,1798,517,207
INVSNP0004588,WH0003,PRD0049,2025-01-01,2197,517,207
INVSNP0004589,WH0003,PRD0049,2025-02-01,1651,517,207
INVSNP0004590,WH0003,PRD0049,2025-03-01,2115,517,207
INVSNP0004591,WH0003,PRD0049,2025-04-01,2315,517,207
INVSNP0004592,WH0003,PRD0049,2025-05-01,2082,517,207
INVSNP0004593,WH0003,PRD0049,2025-06-01,1945,517,207
INVSNP0004594,WH0003,PRD0049,2025-07-01,2354,517,207
INVSNP0004595,WH0003,PRD0049,2025-08-01,2248,517,207
INVSNP0004596,WH0003,PRD0049,2025-09-01,1834,517,207
INVSNP0004597,WH0003,PRD0049,2025-10-01,2077,517,207
INVSNP0004598,WH0003,PRD0049,2025-11-01,1910,517,207
INVSNP0004599,WH0003,PRD0049,2025-12-01,2226,517,207
INVSNP0004600,WH0003,PRD0049,2026-01-01,2017,517,207
INVSNP0004601,WH0003,PRD0049,2026-02-01,1925,517,207
INVSNP0004602,WH0003,PRD0049,2026-03-01,1831,517,207
INVSNP0004603,WH0003,PRD0049,2026-04-01,1820,517,207
INVSNP0004604,WH0003,PRD0049,2026-05-01,2166,517,207
INVSNP0004605,WH0003,PRD0049,2026-06-01,2355,517,207
INVSNP0004606,WH0003,PRD0049,2026-07-01,2132,517,207
INVSNP0004607,WH0003,PRD0049,2026-08-01,2678,517,207
INVSNP0004608,WH0003,PRD0049,2026-09-01,1961,517,207
INVSNP0004609,WH0003,PRD0067,2024-10-01,5399,1247,499
INVSNP0004610,WH0003,PRD0067,2024-11-01,5085,1247,499
INVSNP0004611,WH0003,PRD0067,2024-12-01,4842,1247,499
INVSNP0004612,WH0003,PRD0067,2025-01-01,5631,1247,499
INVSNP0004613,WH0003,PRD0067,2025-02-01,3325,1247,499
INVSNP0004614,WH0003,PRD0067,2025-03-01,5053,1247,499
INVSNP0004615,WH0003,PRD0067,2025-04-01,5577,1247,499
INVSNP0004616,WH0003,PRD0067,2025-05-01,4867,1247,499
INVSNP0004617,WH0003,PRD0067,2025-06-01,4642,1247,499
INVSNP0004618,WH0003,PRD0067,2025-07-01,6243,1247,499
INVSNP0004619,WH0003,PRD0067,2025-08-01,6656,1247,499
INVSNP0004620,WH0003,PRD0067,2025-09-01,5253,1247,499
INVSNP0004621,WH0003,PRD0067,2025-10-01,5367,1247,499
INVSNP0004622,WH0003,PRD0067,2025-11-01,5119,1247,499
INVSNP0004623,WH0003,PRD0067,2025-12-01,3235,1247,499
INVSNP0004624,WH0003,PRD0067,2026-01-01,5714,1247,499
INVSNP0004625,WH0003,PRD0067,2026-02-01,5324,1247,499
INVSNP0004626,WH0003,PRD0067,2026-03-01,4907,1247,499
INVSNP0004627,WH0003,PRD0067,2026-04-01,5211,1247,499
INVSNP0004628,WH0003,PRD0067,2026-05-01,6042,1247,499
INVSNP0004629,WH0003,PRD0067,2026-06-01,4289,1247,499
INVSNP0004630,WH0003,PRD0067,2026-07-01,4405,1247,499
INVSNP0004631,WH0003,PRD0067,2026-08-01,5543,1247,499
INVSNP0004632,WH0003,PRD0067,2026-09-01,5186,1247,499
INVSNP0004633,WH0003,PRD0042,2024-10-01,1904,431,172
INVSNP0004634,WH0003,PRD0042,2024-11-01,1426,431,172
INVSNP0004635,WH0003,PRD0042,2024-12-01,1760,431,172
INVSNP0004636,WH0003,PRD0042,2025-01-01,1946,431,172
INVSNP0004637,WH0003,PRD0042,2025-02-01,1394,431,172
INVSNP0004638,WH0003,PRD0042,2025-03-01,1773,431,172
INVSNP0004639,WH0003,PRD0042,2025-04-01,1715,431,172
INVSNP0004640,WH0003,PRD0042,2025-05-01,2167,431,172
INVSNP0004641,WH0003,PRD0042,2025-06-01,1643,431,172
INVSNP0004642,WH0003,PRD0042,2025-07-01,2158,431,172
INVSNP0004643,WH0003,PRD0042,2025-08-01,1266,431,172
INVSNP0004644,WH0003,PRD0042,2025-09-01,2256,431,172
INVSNP0004645,WH0003,PRD0042,2025-10-01,1803,431,172
INVSNP0004646,WH0003,PRD0042,2025-11-01,1657,431,172
INVSNP0004647,WH0003,PRD0042,2025-12-01,1826,431,172
INVSNP0004648,WH0003,PRD0042,2026-01-01,2206,431,172
INVSNP0004649,WH0003,PRD0042,2026-02-01,1188,431,172
INVSNP0004650,WH0003,PRD0042,2026-03-01,1443,431,172
INVSNP0004651,WH0003,PRD0042,2026-04-01,1380,431,172
INVSNP0004652,WH0003,PRD0042,2026-05-01,1549,431,172
INVSNP0004653,WH0003,PRD0042,2026-06-01,2135,431,172
INVSNP0004654,WH0003,PRD0042,2026-07-01,2005,431,172
INVSNP0004655,WH0003,PRD0042,2026-08-01,1427,431,172
INVSNP0004656,WH0003,PRD0042,2026-09-01,1875,431,172
INVSNP0004657,WH0003,PRD0024,2024-10-01,4339,1187,475
INVSNP0004658,WH0003,PRD0024,2024-11-01,4676,1187,475
INVSNP0004659,WH0003,PRD0024,2024-12-01,4016,1187,475
INVSNP0004660,WH0003,PRD0024,2025-01-01,5389,1187,475
INVSNP0004661,WH0003,PRD0024,2025-02-01,4589,1187,475
INVSNP0004662,WH0003,PRD0024,2025-03-01,4572,1187,475
INVSNP0004663,WH0003,PRD0024,2025-04-01,4289,1187,475
INVSNP0004664,WH0003,PRD0024,2025-05-01,6012,1187,475
INVSNP0004665,WH0003,PRD0024,2025-06-01,5447,1187,475
INVSNP0004666,WH0003,PRD0024,2025-07-01,5225,1187,475
INVSNP0004667,WH0003,PRD0024,2025-08-01,4240,1187,475
INVSNP0004668,WH0003,PRD0024,2025-09-01,4871,1187,475
INVSNP0004669,WH0003,PRD0024,2025-10-01,4436,1187,475
INVSNP0004670,WH0003,PRD0024,2025-11-01,5368,1187,475
INVSNP0004671,WH0003,PRD0024,2025-12-01,5329,1187,475
INVSNP0004672,WH0003,PRD0024,2026-01-01,6387,1187,475
INVSNP0004673,WH0003,PRD0024,2026-02-01,4877,1187,475
INVSNP0004674,WH0003,PRD0024,2026-03-01,4408,1187,475
INVSNP0004675,WH0003,PRD0024,2026-04-01,4316,1187,475
INVSNP0004676,WH0003,PRD0024,2026-05-01,3732,1187,475
INVSNP0004677,WH0003,PRD0024,2026-06-01,5107,1187,475
INVSNP0004678,WH0003,PRD0024,2026-07-01,5258,1187,475
INVSNP0004679,WH0003,PRD0024,2026-08-01,4724,1187,475
INVSNP0004680,WH0003,PRD0024,2026-09-01,5631,1187,475
INVSNP0004681,WH0003,PRD0057,2024-10-01,1425,386,154
INVSNP0004682,WH0003,PRD0057,2024-11-01,1575,386,154
INVSNP0004683,WH0003,PRD0057,2024-12-01,1072,386,154
INVSNP0004684,WH0003,PRD0057,2025-01-01,1205,386,154
INVSNP0004685,WH0003,PRD0057,2025-02-01,1319,386,154
INVSNP0004686,WH0003,PRD0057,2025-03-01,1500,386,154
INVSNP0004687,WH0003,PRD0057,2025-04-01,1798,386,154
INVSNP0004688,WH0003,PRD0057,2025-05-01,1569,386,154
INVSNP0004689,WH0003,PRD0057,2025-06-01,1624,386,154
INVSNP0004690,WH0003,PRD0057,2025-07-01,1190,386,154
INVSNP0004691,WH0003,PRD0057,2025-08-01,1518,386,154
INVSNP0004692,WH0003,PRD0057,2025-09-01,1326,386,154
INVSNP0004693,WH0003,PRD0057,2025-10-01,1709,386,154
INVSNP0004694,WH0003,PRD0057,2025-11-01,1329,386,154
INVSNP0004695,WH0003,PRD0057,2025-12-01,1549,386,154
INVSNP0004696,WH0003,PRD0057,2026-01-01,1559,386,154
INVSNP0004697,WH0003,PRD0057,2026-02-01,1189,386,154
INVSNP0004698,WH0003,PRD0057,2026-03-01,1582,386,154
INVSNP0004699,WH0003,PRD0057,2026-04-01,1475,386,154
INVSNP0004700,WH0003,PRD0057,2026-05-01,1550,386,154
INVSNP0004701,WH0003,PRD0057,2026-06-01,1490,386,154
INVSNP0004702,WH0003,PRD0057,2026-07-01,1723,386,154
INVSNP0004703,WH0003,PRD0057,2026-08-01,1459,386,154
INVSNP0004704,WH0003,PRD0057,2026-09-01,1436,386,154
INVSNP0004705,WH0003,PRD0081,2024-10-01,3179,991,396
INVSNP0004706,WH0003,PRD0081,2024-11-01,4644,991,396
INVSNP0004707,WH0003,PRD0081,2024-12-01,4513,991,396
INVSNP0004708,WH0003,PRD0081,2025-01-01,4441,991,396
INVSNP0004709,WH0003,PRD0081,2025-02-01,3268,991,396
INVSNP0004710,WH0003,PRD0081,2025-03-01,4959,991,396
INVSNP0004711,WH0003,PRD0081,2025-04-01,3864,991,396
INVSNP0004712,WH0003,PRD0081,2025-05-01,4527,991,396
INVSNP0004713,WH0003,PRD0081,2025-06-01,4054,991,396
INVSNP0004714,WH0003,PRD0081,2025-07-01,4865,991,396
INVSNP0004715,WH0003,PRD0081,2025-08-01,3985,991,396
INVSNP0004716,WH0003,PRD0081,2025-09-01,3533,991,396
INVSNP0004717,WH0003,PRD0081,2025-10-01,4034,991,396
INVSNP0004718,WH0003,PRD0081,2025-11-01,3653,991,396
INVSNP0004719,WH0003,PRD0081,2025-12-01,3134,991,396
INVSNP0004720,WH0003,PRD0081,2026-01-01,3963,991,396
INVSNP0004721,WH0003,PRD0081,2026-02-01,4032,991,396
INVSNP0004722,WH0003,PRD0081,2026-03-01,3615,991,396
INVSNP0004723,WH0003,PRD0081,2026-04-01,4905,991,396
INVSNP0004724,WH0003,PRD0081,2026-05-01,4523,991,396
INVSNP0004725,WH0003,PRD0081,2026-06-01,3302,991,396
INVSNP0004726,WH0003,PRD0081,2026-07-01,4463,991,396
INVSNP0004727,WH0003,PRD0081,2026-08-01,4098,991,396
INVSNP0004728,WH0003,PRD0081,2026-09-01,3354,991,396
INVSNP0004729,WH0003,PRD0001,2024-10-01,3432,1153,461
INVSNP0004730,WH0003,PRD0001,2024-11-01,4183,1153,461
INVSNP0004731,WH0003,PRD0001,2024-12-01,5592,1153,461
INVSNP0004732,WH0003,PRD0001,2025-01-01,4810,1153,461
INVSNP0004733,WH0003,PRD0001,2025-02-01,4182,1153,461
INVSNP0004734,WH0003,PRD0001,2025-03-01,4041,1153,461
INVSNP0004735,WH0003,PRD0001,2025-04-01,4198,1153,461
INVSNP0004736,WH0003,PRD0001,2025-05-01,3700,1153,461
INVSNP0004737,WH0003,PRD0001,2025-06-01,4086,1153,461
INVSNP0004738,WH0003,PRD0001,2025-07-01,4694,1153,461
INVSNP0004739,WH0003,PRD0001,2025-08-01,4326,1153,461
INVSNP0004740,WH0003,PRD0001,2025-09-01,4727,1153,461
INVSNP0004741,WH0003,PRD0001,2025-10-01,5437,1153,461
INVSNP0004742,WH0003,PRD0001,2025-11-01,4893,1153,461
INVSNP0004743,WH0003,PRD0001,2025-12-01,4872,1153,461
INVSNP0004744,WH0003,PRD0001,2026-01-01,4645,1153,461
INVSNP0004745,WH0003,PRD0001,2026-02-01,5714,1153,461
INVSNP0004746,WH0003,PRD0001,2026-03-01,3934,1153,461
INVSNP0004747,WH0003,PRD0001,2026-04-01,4882,1153,461
INVSNP0004748,WH0003,PRD0001,2026-05-01,4190,1153,461
INVSNP0004749,WH0003,PRD0001,2026-06-01,4828,1153,461
INVSNP0004750,WH0003,PRD0001,2026-07-01,4269,1153,461
INVSNP0004751,WH0003,PRD0001,2026-08-01,4914,1153,461
INVSNP0004752,WH0003,PRD0001,2026-09-01,4655,1153,461
INVSNP0004753,WH0003,PRD0009,2024-10-01,3092,922,368
INVSNP0004754,WH0003,PRD0009,2024-11-01,3010,922,368
INVSNP0004755,WH0003,PRD0009,2024-12-01,4741,922,368
INVSNP0004756,WH0003,PRD0009,2025-01-01,4331,922,368
INVSNP0004757,WH0003,PRD0009,2025-02-01,3058,922,368
INVSNP0004758,WH0003,PRD0009,2025-03-01,3047,922,368
INVSNP0004759,WH0003,PRD0009,2025-04-01,3460,922,368
INVSNP0004760,WH0003,PRD0009,2025-05-01,4360,922,368
INVSNP0004761,WH0003,PRD0009,2025-06-01,3652,922,368
INVSNP0004762,WH0003,PRD0009,2025-07-01,3942,922,368
INVSNP0004763,WH0003,PRD0009,2025-08-01,3722,922,368
INVSNP0004764,WH0003,PRD0009,2025-09-01,4187,922,368
INVSNP0004765,WH0003,PRD0009,2025-10-01,3712,922,368
INVSNP0004766,WH0003,PRD0009,2025-11-01,3349,922,368
INVSNP0004767,WH0003,PRD0009,2025-12-01,4055,922,368
INVSNP0004768,WH0003,PRD0009,2026-01-01,2856,922,368
INVSNP0004769,WH0003,PRD0009,2026-02-01,4924,922,368
INVSNP0004770,WH0003,PRD0009,2026-03-01,3966,922,368
INVSNP0004771,WH0003,PRD0009,2026-04-01,2816,922,368
INVSNP0004772,WH0003,PRD0009,2026-05-01,4497,922,368
INVSNP0004773,WH0003,PRD0009,2026-06-01,4239,922,368
INVSNP0004774,WH0003,PRD0009,2026-07-01,3953,922,368
INVSNP0004775,WH0003,PRD0009,2026-08-01,3419,922,368
INVSNP0004776,WH0003,PRD0009,2026-09-01,3563,922,368
INVSNP0004777,WH0003,PRD0129,2024-10-01,2603,675,270
INVSNP0004778,WH0003,PRD0129,2024-11-01,2839,675,270
INVSNP0004779,WH0003,PRD0129,2024-12-01,1953,675,270
INVSNP0004780,WH0003,PRD0129,2025-01-01,3156,675,270
INVSNP0004781,WH0003,PRD0129,2025-02-01,2169,675,270
INVSNP0004782,WH0003,PRD0129,2025-03-01,2047,675,270
INVSNP0004783,WH0003,PRD0129,2025-04-01,2318,675,270
INVSNP0004784,WH0003,PRD0129,2025-05-01,2947,675,270
INVSNP0004785,WH0003,PRD0129,2025-06-01,2475,675,270
INVSNP0004786,WH0003,PRD0129,2025-07-01,2404,675,270
INVSNP0004787,WH0003,PRD0129,2025-08-01,2787,675,270
INVSNP0004788,WH0003,PRD0129,2025-09-01,2813,675,270
INVSNP0004789,WH0003,PRD0129,2025-10-01,3093,675,270
INVSNP0004790,WH0003,PRD0129,2025-11-01,2868,675,270
INVSNP0004791,WH0003,PRD0129,2025-12-01,1945,675,270
INVSNP0004792,WH0003,PRD0129,2026-01-01,1992,675,270
INVSNP0004793,WH0003,PRD0129,2026-02-01,1898,675,270
INVSNP0004794,WH0003,PRD0129,2026-03-01,2668,675,270
INVSNP0004795,WH0003,PRD0129,2026-04-01,3161,675,270
INVSNP0004796,WH0003,PRD0129,2026-05-01,3568,675,270
INVSNP0004797,WH0003,PRD0129,2026-06-01,1900,675,270
INVSNP0004798,WH0003,PRD0129,2026-07-01,2951,675,270
INVSNP0004799,WH0003,PRD0129,2026-08-01,2918,675,270
INVSNP0004800,WH0003,PRD0129,2026-09-01,1948,675,270
INVSNP0004801,WH0003,PRD0135,2024-10-01,2422,590,236
INVSNP0004802,WH0003,PRD0135,2024-11-01,3304,590,236
INVSNP0004803,WH0003,PRD0135,2024-12-01,2281,590,236
INVSNP0004804,WH0003,PRD0135,2025-01-01,2783,590,236
INVSNP0004805,WH0003,PRD0135,2025-02-01,2724,590,236
INVSNP0004806,WH0003,PRD0135,2025-03-01,2382,590,236
INVSNP0004807,WH0003,PRD0135,2025-04-01,2452,590,236
INVSNP0004808,WH0003,PRD0135,2025-05-01,1758,590,236
INVSNP0004809,WH0003,PRD0135,2025-06-01,2411,590,236
INVSNP0004810,WH0003,PRD0135,2025-07-01,2413,590,236
INVSNP0004811,WH0003,PRD0135,2025-08-01,2391,590,236
INVSNP0004812,WH0003,PRD0135,2025-09-01,2017,590,236
INVSNP0004813,WH0003,PRD0135,2025-10-01,2267,590,236
INVSNP0004814,WH0003,PRD0135,2025-11-01,2350,590,236
INVSNP0004815,WH0003,PRD0135,2025-12-01,2336,590,236
INVSNP0004816,WH0003,PRD0135,2026-01-01,2980,590,236
INVSNP0004817,WH0003,PRD0135,2026-02-01,2528,590,236
INVSNP0004818,WH0003,PRD0135,2026-03-01,1925,590,236
INVSNP0004819,WH0003,PRD0135,2026-04-01,1699,590,236
INVSNP0004820,WH0003,PRD0135,2026-05-01,2503,590,236
INVSNP0004821,WH0003,PRD0135,2026-06-01,2574,590,236
INVSNP0004822,WH0003,PRD0135,2026-07-01,3105,590,236
INVSNP0004823,WH0003,PRD0135,2026-08-01,2733,590,236
INVSNP0004824,WH0003,PRD0135,2026-09-01,2471,590,236
INVSNP0004825,WH0003,PRD0025,2024-10-01,2862,631,252
INVSNP0004826,WH0003,PRD0025,2024-11-01,2515,631,252
INVSNP0004827,WH0003,PRD0025,2024-12-01,2756,631,252
INVSNP0004828,WH0003,PRD0025,2025-01-01,2457,631,252
INVSNP0004829,WH0003,PRD0025,2025-02-01,2289,631,252
INVSNP0004830,WH0003,PRD0025,2025-03-01,3026,631,252
INVSNP0004831,WH0003,PRD0025,2025-04-01,1841,631,252
INVSNP0004832,WH0003,PRD0025,2025-05-01,2462,631,252
INVSNP0004833,WH0003,PRD0025,2025-06-01,2037,631,252
INVSNP0004834,WH0003,PRD0025,2025-07-01,2090,631,252
INVSNP0004835,WH0003,PRD0025,2025-08-01,3100,631,252
INVSNP0004836,WH0003,PRD0025,2025-09-01,2714,631,252
INVSNP0004837,WH0003,PRD0025,2025-10-01,2069,631,252
INVSNP0004838,WH0003,PRD0025,2025-11-01,2826,631,252
INVSNP0004839,WH0003,PRD0025,2025-12-01,2901,631,252
INVSNP0004840,WH0003,PRD0025,2026-01-01,2167,631,252
INVSNP0004841,WH0003,PRD0025,2026-02-01,2253,631,252
INVSNP0004842,WH0003,PRD0025,2026-03-01,2957,631,252
INVSNP0004843,WH0003,PRD0025,2026-04-01,2737,631,252
INVSNP0004844,WH0003,PRD0025,2026-05-01,2856,631,252
INVSNP0004845,WH0003,PRD0025,2026-06-01,2040,631,252
INVSNP0004846,WH0003,PRD0025,2026-07-01,2805,631,252
INVSNP0004847,WH0003,PRD0025,2026-08-01,2454,631,252
INVSNP0004848,WH0003,PRD0025,2026-09-01,1978,631,252
INVSNP0004849,WH0003,PRD0126,2024-10-01,2276,625,250
INVSNP0004850,WH0003,PRD0126,2024-11-01,2430,625,250
INVSNP0004851,WH0003,PRD0126,2024-12-01,2347,625,250
INVSNP0004852,WH0003,PRD0126,2025-01-01,2021,625,250
INVSNP0004853,WH0003,PRD0126,2025-02-01,3129,625,250
INVSNP0004854,WH0003,PRD0126,2025-03-01,2143,625,250
INVSNP0004855,WH0003,PRD0126,2025-04-01,2768,625,250
INVSNP0004856,WH0003,PRD0126,2025-05-01,2733,625,250
INVSNP0004857,WH0003,PRD0126,2025-06-01,2470,625,250
INVSNP0004858,WH0003,PRD0126,2025-07-01,2125,625,250
INVSNP0004859,WH0003,PRD0126,2025-08-01,2690,625,250
INVSNP0004860,WH0003,PRD0126,2025-09-01,2428,625,250
INVSNP0004861,WH0003,PRD0126,2025-10-01,2552,625,250
INVSNP0004862,WH0003,PRD0126,2025-11-01,2291,625,250
INVSNP0004863,WH0003,PRD0126,2025-12-01,2458,625,250
INVSNP0004864,WH0003,PRD0126,2026-01-01,2657,625,250
INVSNP0004865,WH0003,PRD0126,2026-02-01,2750,625,250
INVSNP0004866,WH0003,PRD0126,2026-03-01,2555,625,250
INVSNP0004867,WH0003,PRD0126,2026-04-01,2752,625,250
INVSNP0004868,WH0003,PRD0126,2026-05-01,2878,625,250
INVSNP0004869,WH0003,PRD0126,2026-06-01,2842,625,250
INVSNP0004870,WH0003,PRD0126,2026-07-01,2719,625,250
INVSNP0004871,WH0003,PRD0126,2026-08-01,2395,625,250
INVSNP0004872,WH0003,PRD0126,2026-09-01,2265,625,250
INVSNP0004873,WH0003,PRD0138,2024-10-01,4840,1140,456
INVSNP0004874,WH0003,PRD0138,2024-11-01,4854,1140,456
INVSNP0004875,WH0003,PRD0138,2024-12-01,4796,1140,456
INVSNP0004876,WH0003,PRD0138,2025-01-01,2982,1140,456
INVSNP0004877,WH0003,PRD0138,2025-02-01,4888,1140,456
INVSNP0004878,WH0003,PRD0138,2025-03-01,5292,1140,456
INVSNP0004879,WH0003,PRD0138,2025-04-01,4256,1140,456
INVSNP0004880,WH0003,PRD0138,2025-05-01,4145,1140,456
INVSNP0004881,WH0003,PRD0138,2025-06-01,4525,1140,456
INVSNP0004882,WH0003,PRD0138,2025-07-01,5684,1140,456
INVSNP0004883,WH0003,PRD0138,2025-08-01,4370,1140,456
INVSNP0004884,WH0003,PRD0138,2025-09-01,4599,1140,456
INVSNP0004885,WH0003,PRD0138,2025-10-01,4531,1140,456
INVSNP0004886,WH0003,PRD0138,2025-11-01,4140,1140,456
INVSNP0004887,WH0003,PRD0138,2025-12-01,4082,1140,456
INVSNP0004888,WH0003,PRD0138,2026-01-01,3707,1140,456
INVSNP0004889,WH0003,PRD0138,2026-02-01,5315,1140,456
INVSNP0004890,WH0003,PRD0138,2026-03-01,5047,1140,456
INVSNP0004891,WH0003,PRD0138,2026-04-01,5386,1140,456
INVSNP0004892,WH0003,PRD0138,2026-05-01,4845,1140,456
INVSNP0004893,WH0003,PRD0138,2026-06-01,3908,1140,456
INVSNP0004894,WH0003,PRD0138,2026-07-01,5410,1140,456
INVSNP0004895,WH0003,PRD0138,2026-08-01,4724,1140,456
INVSNP0004896,WH0003,PRD0138,2026-09-01,4993,1140,456
INVSNP0004897,WH0003,PRD0019,2024-10-01,3073,734,293
INVSNP0004898,WH0003,PRD0019,2024-11-01,3038,734,293
INVSNP0004899,WH0003,PRD0019,2024-12-01,3548,734,293
INVSNP0004900,WH0003,PRD0019,2025-01-01,2506,734,293
INVSNP0004901,WH0003,PRD0019,2025-02-01,2749,734,293
INVSNP0004902,WH0003,PRD0019,2025-03-01,3060,734,293
INVSNP0004903,WH0003,PRD0019,2025-04-01,3527,734,293
INVSNP0004904,WH0003,PRD0019,2025-05-01,3502,734,293
INVSNP0004905,WH0003,PRD0019,2025-06-01,3220,734,293
INVSNP0004906,WH0003,PRD0019,2025-07-01,3224,734,293
INVSNP0004907,WH0003,PRD0019,2025-08-01,3151,734,293
INVSNP0004908,WH0003,PRD0019,2025-09-01,2744,734,293
INVSNP0004909,WH0003,PRD0019,2025-10-01,3046,734,293
INVSNP0004910,WH0003,PRD0019,2025-11-01,2076,734,293
INVSNP0004911,WH0003,PRD0019,2025-12-01,2205,734,293
INVSNP0004912,WH0003,PRD0019,2026-01-01,4020,734,293
INVSNP0004913,WH0003,PRD0019,2026-02-01,3001,734,293
INVSNP0004914,WH0003,PRD0019,2026-03-01,3608,734,293
INVSNP0004915,WH0003,PRD0019,2026-04-01,2172,734,293
INVSNP0004916,WH0003,PRD0019,2026-05-01,2939,734,293
INVSNP0004917,WH0003,PRD0019,2026-06-01,3335,734,293
INVSNP0004918,WH0003,PRD0019,2026-07-01,2268,734,293
INVSNP0004919,WH0003,PRD0019,2026-08-01,2291,734,293
INVSNP0004920,WH0003,PRD0019,2026-09-01,2404,734,293
INVSNP0004921,WH0003,PRD0027,2024-10-01,4802,1241,496
INVSNP0004922,WH0003,PRD0027,2024-11-01,4888,1241,496
INVSNP0004923,WH0003,PRD0027,2024-12-01,4541,1241,496
INVSNP0004924,WH0003,PRD0027,2025-01-01,5486,1241,496
INVSNP0004925,WH0003,PRD0027,2025-02-01,5609,1241,496
INVSNP0004926,WH0003,PRD0027,2025-03-01,5910,1241,496
INVSNP0004927,WH0003,PRD0027,2025-04-01,3877,1241,496
INVSNP0004928,WH0003,PRD0027,2025-05-01,4439,1241,496
INVSNP0004929,WH0003,PRD0027,2025-06-01,4946,1241,496
INVSNP0004930,WH0003,PRD0027,2025-07-01,5100,1241,496
INVSNP0004931,WH0003,PRD0027,2025-08-01,4709,1241,496
INVSNP0004932,WH0003,PRD0027,2025-09-01,4408,1241,496
INVSNP0004933,WH0003,PRD0027,2025-10-01,4713,1241,496
INVSNP0004934,WH0003,PRD0027,2025-11-01,6085,1241,496
INVSNP0004935,WH0003,PRD0027,2025-12-01,5072,1241,496
INVSNP0004936,WH0003,PRD0027,2026-01-01,4764,1241,496
INVSNP0004937,WH0003,PRD0027,2026-02-01,4388,1241,496
INVSNP0004938,WH0003,PRD0027,2026-03-01,4897,1241,496
INVSNP0004939,WH0003,PRD0027,2026-04-01,4863,1241,496
INVSNP0004940,WH0003,PRD0027,2026-05-01,5297,1241,496
INVSNP0004941,WH0003,PRD0027,2026-06-01,4214,1241,496
INVSNP0004942,WH0003,PRD0027,2026-07-01,4843,1241,496
INVSNP0004943,WH0003,PRD0027,2026-08-01,3869,1241,496
INVSNP0004944,WH0003,PRD0027,2026-09-01,5506,1241,496
INVSNP0004945,WH0003,PRD0017,2024-10-01,3222,1047,418
INVSNP0004946,WH0003,PRD0017,2024-11-01,4101,1047,418
INVSNP0004947,WH0003,PRD0017,2024-12-01,4159,1047,418
INVSNP0004948,WH0003,PRD0017,2025-01-01,4976,1047,418
INVSNP0004949,WH0003,PRD0017,2025-02-01,4614,1047,418
INVSNP0004950,WH0003,PRD0017,2025-03-01,3899,1047,418
INVSNP0004951,WH0003,PRD0017,2025-04-01,3532,1047,418
INVSNP0004952,WH0003,PRD0017,2025-05-01,3748,1047,418
INVSNP0004953,WH0003,PRD0017,2025-06-01,5109,1047,418
INVSNP0004954,WH0003,PRD0017,2025-07-01,4272,1047,418
INVSNP0004955,WH0003,PRD0017,2025-08-01,5017,1047,418
INVSNP0004956,WH0003,PRD0017,2025-09-01,3199,1047,418
INVSNP0004957,WH0003,PRD0017,2025-10-01,4918,1047,418
INVSNP0004958,WH0003,PRD0017,2025-11-01,3862,1047,418
INVSNP0004959,WH0003,PRD0017,2025-12-01,3415,1047,418
INVSNP0004960,WH0003,PRD0017,2026-01-01,3544,1047,418
INVSNP0004961,WH0003,PRD0017,2026-02-01,4986,1047,418
INVSNP0004962,WH0003,PRD0017,2026-03-01,4357,1047,418
INVSNP0004963,WH0003,PRD0017,2026-04-01,3953,1047,418
INVSNP0004964,WH0003,PRD0017,2026-05-01,4119,1047,418
INVSNP0004965,WH0003,PRD0017,2026-06-01,3369,1047,418
INVSNP0004966,WH0003,PRD0017,2026-07-01,4379,1047,418
INVSNP0004967,WH0003,PRD0017,2026-08-01,3818,1047,418
INVSNP0004968,WH0003,PRD0017,2026-09-01,3507,1047,418
INVSNP0004969,WH0003,PRD0012,2024-10-01,3781,909,363
INVSNP0004970,WH0003,PRD0012,2024-11-01,2852,909,363
INVSNP0004971,WH0003,PRD0012,2024-12-01,3787,909,363
INVSNP0004972,WH0003,PRD0012,2025-01-01,2434,909,363
INVSNP0004973,WH0003,PRD0012,2025-02-01,3380,909,363
INVSNP0004974,WH0003,PRD0012,2025-03-01,3979,909,363
INVSNP0004975,WH0003,PRD0012,2025-04-01,3417,909,363
INVSNP0004976,WH0003,PRD0012,2025-05-01,2729,909,363
INVSNP0004977,WH0003,PRD0012,2025-06-01,3660,909,363
INVSNP0004978,WH0003,PRD0012,2025-07-01,4059,909,363
INVSNP0004979,WH0003,PRD0012,2025-08-01,3087,909,363
INVSNP0004980,WH0003,PRD0012,2025-09-01,3716,909,363
INVSNP0004981,WH0003,PRD0012,2025-10-01,3287,909,363
INVSNP0004982,WH0003,PRD0012,2025-11-01,4180,909,363
INVSNP0004983,WH0003,PRD0012,2025-12-01,5069,909,363
INVSNP0004984,WH0003,PRD0012,2026-01-01,3243,909,363
INVSNP0004985,WH0003,PRD0012,2026-02-01,2661,909,363
INVSNP0004986,WH0003,PRD0012,2026-03-01,3693,909,363
INVSNP0004987,WH0003,PRD0012,2026-04-01,3342,909,363
INVSNP0004988,WH0003,PRD0012,2026-05-01,4229,909,363
INVSNP0004989,WH0003,PRD0012,2026-06-01,3055,909,363
INVSNP0004990,WH0003,PRD0012,2026-07-01,3698,909,363
INVSNP0004991,WH0003,PRD0012,2026-08-01,3830,909,363
INVSNP0004992,WH0003,PRD0012,2026-09-01,3768,909,363
INVSNP0004993,WH0003,PRD0023,2024-10-01,3852,848,339
INVSNP0004994,WH0003,PRD0023,2024-11-01,4699,848,339
INVSNP0004995,WH0003,PRD0023,2024-12-01,3639,848,339
INVSNP0004996,WH0003,PRD0023,2025-01-01,3914,848,339
INVSNP0004997,WH0003,PRD0023,2025-02-01,3843,848,339
INVSNP0004998,WH0003,PRD0023,2025-03-01,3470,848,339
INVSNP0004999,WH0003,PRD0023,2025-04-01,3487,848,339
INVSNP0005000,WH0003,PRD0023,2025-05-01,2812,848,339
INVSNP0005001,WH0003,PRD0023,2025-06-01,3577,848,339
INVSNP0005002,WH0003,PRD0023,2025-07-01,3382,848,339
INVSNP0005003,WH0003,PRD0023,2025-08-01,4309,848,339
INVSNP0005004,WH0003,PRD0023,2025-09-01,3804,848,339
INVSNP0005005,WH0003,PRD0023,2025-10-01,4411,848,339
INVSNP0005006,WH0003,PRD0023,2025-11-01,3898,848,339
INVSNP0005007,WH0003,PRD0023,2025-12-01,2544,848,339
INVSNP0005008,WH0003,PRD0023,2026-01-01,4171,848,339
INVSNP0005009,WH0003,PRD0023,2026-02-01,2814,848,339
INVSNP0005010,WH0003,PRD0023,2026-03-01,3871,848,339
INVSNP0005011,WH0003,PRD0023,2026-04-01,3108,848,339
INVSNP0005012,WH0003,PRD0023,2026-05-01,3758,848,339
INVSNP0005013,WH0003,PRD0023,2026-06-01,3680,848,339
INVSNP0005014,WH0003,PRD0023,2026-07-01,3375,848,339
INVSNP0005015,WH0003,PRD0023,2026-08-01,4139,848,339
INVSNP0005016,WH0003,PRD0023,2026-09-01,2721,848,339
INVSNP0005017,WH0003,PRD0149,2024-10-01,1577,480,192
INVSNP0005018,WH0003,PRD0149,2024-11-01,2080,480,192
INVSNP0005019,WH0003,PRD0149,2024-12-01,1647,480,192
INVSNP0005020,WH0003,PRD0149,2025-01-01,2565,480,192
INVSNP0005021,WH0003,PRD0149,2025-02-01,1434,480,192
INVSNP0005022,WH0003,PRD0149,2025-03-01,1411,480,192
INVSNP0005023,WH0003,PRD0149,2025-04-01,1943,480,192
INVSNP0005024,WH0003,PRD0149,2025-05-01,1713,480,192
INVSNP0005025,WH0003,PRD0149,2025-06-01,2708,480,192
INVSNP0005026,WH0003,PRD0149,2025-07-01,1780,480,192
INVSNP0005027,WH0003,PRD0149,2025-08-01,2126,480,192
INVSNP0005028,WH0003,PRD0149,2025-09-01,2083,480,192
INVSNP0005029,WH0003,PRD0149,2025-10-01,2180,480,192
INVSNP0005030,WH0003,PRD0149,2025-11-01,1426,480,192
INVSNP0005031,WH0003,PRD0149,2025-12-01,2066,480,192
INVSNP0005032,WH0003,PRD0149,2026-01-01,1933,480,192
INVSNP0005033,WH0003,PRD0149,2026-02-01,1816,480,192
INVSNP0005034,WH0003,PRD0149,2026-03-01,2066,480,192
INVSNP0005035,WH0003,PRD0149,2026-04-01,1944,480,192
INVSNP0005036,WH0003,PRD0149,2026-05-01,1593,480,192
INVSNP0005037,WH0003,PRD0149,2026-06-01,2149,480,192
INVSNP0005038,WH0003,PRD0149,2026-07-01,1820,480,192
INVSNP0005039,WH0003,PRD0149,2026-08-01,2008,480,192
INVSNP0005040,WH0003,PRD0149,2026-09-01,2161,480,192
INVSNP0005041,WH0003,PRD0071,2024-10-01,2987,900,360
INVSNP0005042,WH0003,PRD0071,2024-11-01,3393,900,360
INVSNP0005043,WH0003,PRD0071,2024-12-01,2702,900,360
INVSNP0005044,WH0003,PRD0071,2025-01-01,3122,900,360
INVSNP0005045,WH0003,PRD0071,2025-02-01,4968,900,360
INVSNP0005046,WH0003,PRD0071,2025-03-01,3215,900,360
INVSNP0005047,WH0003,PRD0071,2025-04-01,2880,900,360
INVSNP0005048,WH0003,PRD0071,2025-05-01,4604,900,360
INVSNP0005049,WH0003,PRD0071,2025-06-01,3484,900,360
INVSNP0005050,WH0003,PRD0071,2025-07-01,4065,900,360
INVSNP0005051,WH0003,PRD0071,2025-08-01,3065,900,360
INVSNP0005052,WH0003,PRD0071,2025-09-01,3417,900,360
INVSNP0005053,WH0003,PRD0071,2025-10-01,3719,900,360
INVSNP0005054,WH0003,PRD0071,2025-11-01,4386,900,360
INVSNP0005055,WH0003,PRD0071,2025-12-01,4383,900,360
INVSNP0005056,WH0003,PRD0071,2026-01-01,3550,900,360
INVSNP0005057,WH0003,PRD0071,2026-02-01,3259,900,360
INVSNP0005058,WH0003,PRD0071,2026-03-01,3079,900,360
INVSNP0005059,WH0003,PRD0071,2026-04-01,4725,900,360
INVSNP0005060,WH0003,PRD0071,2026-05-01,4103,900,360
INVSNP0005061,WH0003,PRD0071,2026-06-01,4145,900,360
INVSNP0005062,WH0003,PRD0071,2026-07-01,3973,900,360
INVSNP0005063,WH0003,PRD0071,2026-08-01,2189,900,360
INVSNP0005064,WH0003,PRD0071,2026-09-01,4110,900,360
INVSNP0005065,WH0003,PRD0100,2024-10-01,1219,289,115
INVSNP0005066,WH0003,PRD0100,2024-11-01,1309,289,115
INVSNP0005067,WH0003,PRD0100,2024-12-01,1183,289,115
INVSNP0005068,WH0003,PRD0100,2025-01-01,1046,289,115
INVSNP0005069,WH0003,PRD0100,2025-02-01,804,289,115
INVSNP0005070,WH0003,PRD0100,2025-03-01,1229,289,115
INVSNP0005071,WH0003,PRD0100,2025-04-01,1227,289,115
INVSNP0005072,WH0003,PRD0100,2025-05-01,1235,289,115
INVSNP0005073,WH0003,PRD0100,2025-06-01,970,289,115
INVSNP0005074,WH0003,PRD0100,2025-07-01,1166,289,115
INVSNP0005075,WH0003,PRD0100,2025-08-01,1131,289,115
INVSNP0005076,WH0003,PRD0100,2025-09-01,1139,289,115
INVSNP0005077,WH0003,PRD0100,2025-10-01,932,289,115
INVSNP0005078,WH0003,PRD0100,2025-11-01,1254,289,115
INVSNP0005079,WH0003,PRD0100,2025-12-01,1616,289,115
INVSNP0005080,WH0003,PRD0100,2026-01-01,1062,289,115
INVSNP0005081,WH0003,PRD0100,2026-02-01,1212,289,115
INVSNP0005082,WH0003,PRD0100,2026-03-01,1287,289,115
INVSNP0005083,WH0003,PRD0100,2026-04-01,798,289,115
INVSNP0005084,WH0003,PRD0100,2026-05-01,901,289,115
INVSNP0005085,WH0003,PRD0100,2026-06-01,1517,289,115
INVSNP0005086,WH0003,PRD0100,2026-07-01,1009,289,115
INVSNP0005087,WH0003,PRD0100,2026-08-01,1255,289,115
INVSNP0005088,WH0003,PRD0100,2026-09-01,1138,289,115
INVSNP0005089,WH0003,PRD0031,2024-10-01,3988,1203,481
INVSNP0005090,WH0003,PRD0031,2024-11-01,5375,1203,481
INVSNP0005091,WH0003,PRD0031,2024-12-01,4562,1203,481
INVSNP0005092,WH0003,PRD0031,2025-01-01,4809,1203,481
INVSNP0005093,WH0003,PRD0031,2025-02-01,5026,1203,481
INVSNP0005094,WH0003,PRD0031,2025-03-01,4059,1203,481
INVSNP0005095,WH0003,PRD0031,2025-04-01,5468,1203,481
INVSNP0005096,WH0003,PRD0031,2025-05-01,5248,1203,481
INVSNP0005097,WH0003,PRD0031,2025-06-01,4853,1203,481
INVSNP0005098,WH0003,PRD0031,2025-07-01,4084,1203,481
INVSNP0005099,WH0003,PRD0031,2025-08-01,3673,1203,481
INVSNP0005100,WH0003,PRD0031,2025-09-01,5049,1203,481
INVSNP0005101,WH0003,PRD0031,2025-10-01,5019,1203,481
INVSNP0005102,WH0003,PRD0031,2025-11-01,4851,1203,481
INVSNP0005103,WH0003,PRD0031,2025-12-01,4662,1203,481
INVSNP0005104,WH0003,PRD0031,2026-01-01,4129,1203,481
INVSNP0005105,WH0003,PRD0031,2026-02-01,5006,1203,481
INVSNP0005106,WH0003,PRD0031,2026-03-01,5440,1203,481
INVSNP0005107,WH0003,PRD0031,2026-04-01,4496,1203,481
INVSNP0005108,WH0003,PRD0031,2026-05-01,3692,1203,481
INVSNP0005109,WH0003,PRD0031,2026-06-01,5965,1203,481
INVSNP0005110,WH0003,PRD0031,2026-07-01,5194,1203,481
INVSNP0005111,WH0003,PRD0031,2026-08-01,6468,1203,481
INVSNP0005112,WH0003,PRD0031,2026-09-01,5369,1203,481
INVSNP0005113,WH0003,PRD0065,2024-10-01,4924,1180,472
INVSNP0005114,WH0003,PRD0065,2024-11-01,3897,1180,472
INVSNP0005115,WH0003,PRD0065,2024-12-01,4621,1180,472
INVSNP0005116,WH0003,PRD0065,2025-01-01,5106,1180,472
INVSNP0005117,WH0003,PRD0065,2025-02-01,5323,1180,472
INVSNP0005118,WH0003,PRD0065,2025-03-01,4561,1180,472
INVSNP0005119,WH0003,PRD0065,2025-04-01,5765,1180,472
INVSNP0005120,WH0003,PRD0065,2025-05-01,5142,1180,472
INVSNP0005121,WH0003,PRD0065,2025-06-01,5318,1180,472
INVSNP0005122,WH0003,PRD0065,2025-07-01,5005,1180,472
INVSNP0005123,WH0003,PRD0065,2025-08-01,5459,1180,472
INVSNP0005124,WH0003,PRD0065,2025-09-01,5100,1180,472
INVSNP0005125,WH0003,PRD0065,2025-10-01,3968,1180,472
INVSNP0005126,WH0003,PRD0065,2025-11-01,4642,1180,472
INVSNP0005127,WH0003,PRD0065,2025-12-01,4714,1180,472
INVSNP0005128,WH0003,PRD0065,2026-01-01,5488,1180,472
INVSNP0005129,WH0003,PRD0065,2026-02-01,4605,1180,472
INVSNP0005130,WH0003,PRD0065,2026-03-01,4994,1180,472
INVSNP0005131,WH0003,PRD0065,2026-04-01,4080,1180,472
INVSNP0005132,WH0003,PRD0065,2026-05-01,5038,1180,472
INVSNP0005133,WH0003,PRD0065,2026-06-01,5214,1180,472
INVSNP0005134,WH0003,PRD0065,2026-07-01,4606,1180,472
INVSNP0005135,WH0003,PRD0065,2026-08-01,5388,1180,472
INVSNP0005136,WH0003,PRD0065,2026-09-01,5917,1180,472
INVSNP0005137,WH0003,PRD0137,2024-10-01,572,207,83
INVSNP0005138,WH0003,PRD0137,2024-11-01,798,207,83
INVSNP0005139,WH0003,PRD0137,2024-12-01,627,207,83
INVSNP0005140,WH0003,PRD0137,2025-01-01,812,207,83
INVSNP0005141,WH0003,PRD0137,2025-02-01,996,207,83
INVSNP0005142,WH0003,PRD0137,2025-03-01,869,207,83
INVSNP0005143,WH0003,PRD0137,2025-04-01,653,207,83
INVSNP0005144,WH0003,PRD0137,2025-05-01,933,207,83
INVSNP0005145,WH0003,PRD0137,2025-06-01,869,207,83
INVSNP0005146,WH0003,PRD0137,2025-07-01,789,207,83
INVSNP0005147,WH0003,PRD0137,2025-08-01,967,207,83
INVSNP0005148,WH0003,PRD0137,2025-09-01,689,207,83
INVSNP0005149,WH0003,PRD0137,2025-10-01,868,207,83
INVSNP0005150,WH0003,PRD0137,2025-11-01,881,207,83
INVSNP0005151,WH0003,PRD0137,2025-12-01,930,207,83
INVSNP0005152,WH0003,PRD0137,2026-01-01,883,207,83
INVSNP0005153,WH0003,PRD0137,2026-02-01,726,207,83
INVSNP0005154,WH0003,PRD0137,2026-03-01,911,207,83
INVSNP0005155,WH0003,PRD0137,2026-04-01,663,207,83
INVSNP0005156,WH0003,PRD0137,2026-05-01,812,207,83
INVSNP0005157,WH0003,PRD0137,2026-06-01,859,207,83
INVSNP0005158,WH0003,PRD0137,2026-07-01,797,207,83
INVSNP0005159,WH0003,PRD0137,2026-08-01,669,207,83
INVSNP0005160,WH0003,PRD0137,2026-09-01,801,207,83
INVSNP0005161,WH0003,PRD0055,2024-10-01,1568,429,171
INVSNP0005162,WH0003,PRD0055,2024-11-01,2233,429,171
INVSNP0005163,WH0003,PRD0055,2024-12-01,1184,429,171
INVSNP0005164,WH0003,PRD0055,2025-01-01,1694,429,171
INVSNP0005165,WH0003,PRD0055,2025-02-01,1726,429,171
INVSNP0005166,WH0003,PRD0055,2025-03-01,1936,429,171
INVSNP0005167,WH0003,PRD0055,2025-04-01,1860,429,171
INVSNP0005168,WH0003,PRD0055,2025-05-01,2029,429,171
INVSNP0005169,WH0003,PRD0055,2025-06-01,1641,429,171
INVSNP0005170,WH0003,PRD0055,2025-07-01,1270,429,171
INVSNP0005171,WH0003,PRD0055,2025-08-01,2069,429,171
INVSNP0005172,WH0003,PRD0055,2025-09-01,1687,429,171
INVSNP0005173,WH0003,PRD0055,2025-10-01,1396,429,171
INVSNP0005174,WH0003,PRD0055,2025-11-01,1521,429,171
INVSNP0005175,WH0003,PRD0055,2025-12-01,1659,429,171
INVSNP0005176,WH0003,PRD0055,2026-01-01,1694,429,171
INVSNP0005177,WH0003,PRD0055,2026-02-01,1644,429,171
INVSNP0005178,WH0003,PRD0055,2026-03-01,1195,429,171
INVSNP0005179,WH0003,PRD0055,2026-04-01,1682,429,171
INVSNP0005180,WH0003,PRD0055,2026-05-01,1743,429,171
INVSNP0005181,WH0003,PRD0055,2026-06-01,1677,429,171
INVSNP0005182,WH0003,PRD0055,2026-07-01,1605,429,171
INVSNP0005183,WH0003,PRD0055,2026-08-01,1600,429,171
INVSNP0005184,WH0003,PRD0055,2026-09-01,1438,429,171
INVSNP0005185,WH0003,PRD0060,2024-10-01,403,97,38
INVSNP0005186,WH0003,PRD0060,2024-11-01,404,97,38
INVSNP0005187,WH0003,PRD0060,2024-12-01,466,97,38
INVSNP0005188,WH0003,PRD0060,2025-01-01,334,97,38
INVSNP0005189,WH0003,PRD0060,2025-02-01,419,97,38
INVSNP0005190,WH0003,PRD0060,2025-03-01,376,97,38
INVSNP0005191,WH0003,PRD0060,2025-04-01,355,97,38
INVSNP0005192,WH0003,PRD0060,2025-05-01,366,97,38
INVSNP0005193,WH0003,PRD0060,2025-06-01,225,97,38
INVSNP0005194,WH0003,PRD0060,2025-07-01,455,97,38
INVSNP0005195,WH0003,PRD0060,2025-08-01,510,97,38
INVSNP0005196,WH0003,PRD0060,2025-09-01,421,97,38
INVSNP0005197,WH0003,PRD0060,2025-10-01,420,97,38
INVSNP0005198,WH0003,PRD0060,2025-11-01,341,97,38
INVSNP0005199,WH0003,PRD0060,2025-12-01,382,97,38
INVSNP0005200,WH0003,PRD0060,2026-01-01,423,97,38
INVSNP0005201,WH0003,PRD0060,2026-02-01,189,97,38
INVSNP0005202,WH0003,PRD0060,2026-03-01,376,97,38
INVSNP0005203,WH0003,PRD0060,2026-04-01,360,97,38
INVSNP0005204,WH0003,PRD0060,2026-05-01,404,97,38
INVSNP0005205,WH0003,PRD0060,2026-06-01,306,97,38
INVSNP0005206,WH0003,PRD0060,2026-07-01,402,97,38
INVSNP0005207,WH0003,PRD0060,2026-08-01,343,97,38
INVSNP0005208,WH0003,PRD0060,2026-09-01,342,97,38
INVSNP0005209,WH0003,PRD0040,2024-10-01,467,110,44
INVSNP0005210,WH0003,PRD0040,2024-11-01,547,110,44
INVSNP0005211,WH0003,PRD0040,2024-12-01,499,110,44
INVSNP0005212,WH0003,PRD0040,2025-01-01,566,110,44
INVSNP0005213,WH0003,PRD0040,2025-02-01,341,110,44
INVSNP0005214,WH0003,PRD0040,2025-03-01,412,110,44
INVSNP0005215,WH0003,PRD0040,2025-04-01,373,110,44
INVSNP0005216,WH0003,PRD0040,2025-05-01,456,110,44
INVSNP0005217,WH0003,PRD0040,2025-06-01,479,110,44
INVSNP0005218,WH0003,PRD0040,2025-07-01,400,110,44
INVSNP0005219,WH0003,PRD0040,2025-08-01,365,110,44
INVSNP0005220,WH0003,PRD0040,2025-09-01,341,110,44
INVSNP0005221,WH0003,PRD0040,2025-10-01,373,110,44
INVSNP0005222,WH0003,PRD0040,2025-11-01,535,110,44
INVSNP0005223,WH0003,PRD0040,2025-12-01,373,110,44
INVSNP0005224,WH0003,PRD0040,2026-01-01,556,110,44
INVSNP0005225,WH0003,PRD0040,2026-02-01,506,110,44
INVSNP0005226,WH0003,PRD0040,2026-03-01,286,110,44
INVSNP0005227,WH0003,PRD0040,2026-04-01,385,110,44
INVSNP0005228,WH0003,PRD0040,2026-05-01,304,110,44
INVSNP0005229,WH0003,PRD0040,2026-06-01,382,110,44
INVSNP0005230,WH0003,PRD0040,2026-07-01,412,110,44
INVSNP0005231,WH0003,PRD0040,2026-08-01,508,110,44
INVSNP0005232,WH0003,PRD0040,2026-09-01,486,110,44
INVSNP0005233,WH0004,PRD0051,2024-10-01,1689,401,160
INVSNP0005234,WH0004,PRD0051,2024-11-01,1296,401,160
INVSNP0005235,WH0004,PRD0051,2024-12-01,1464,401,160
INVSNP0005236,WH0004,PRD0051,2025-01-01,1310,401,160
INVSNP0005237,WH0004,PRD0051,2025-02-01,1277,401,160
INVSNP0005238,WH0004,PRD0051,2025-03-01,1569,401,160
INVSNP0005239,WH0004,PRD0051,2025-04-01,1842,401,160
INVSNP0005240,WH0004,PRD0051,2025-05-01,1687,401,160
INVSNP0005241,WH0004,PRD0051,2025-06-01,1786,401,160
INVSNP0005242,WH0004,PRD0051,2025-07-01,2039,401,160
INVSNP0005243,WH0004,PRD0051,2025-08-01,1388,401,160
INVSNP0005244,WH0004,PRD0051,2025-09-01,1914,401,160
INVSNP0005245,WH0004,PRD0051,2025-10-01,1508,401,160
INVSNP0005246,WH0004,PRD0051,2025-11-01,1531,401,160
INVSNP0005247,WH0004,PRD0051,2025-12-01,1355,401,160
INVSNP0005248,WH0004,PRD0051,2026-01-01,1335,401,160
INVSNP0005249,WH0004,PRD0051,2026-02-01,1597,401,160
INVSNP0005250,WH0004,PRD0051,2026-03-01,1422,401,160
INVSNP0005251,WH0004,PRD0051,2026-04-01,1613,401,160
INVSNP0005252,WH0004,PRD0051,2026-05-01,1354,401,160
INVSNP0005253,WH0004,PRD0051,2026-06-01,1493,401,160
INVSNP0005254,WH0004,PRD0051,2026-07-01,1556,401,160
INVSNP0005255,WH0004,PRD0051,2026-08-01,1238,401,160
INVSNP0005256,WH0004,PRD0051,2026-09-01,2044,401,160
INVSNP0005257,WH0004,PRD0063,2024-10-01,1959,479,191
INVSNP0005258,WH0004,PRD0063,2024-11-01,1771,479,191
INVSNP0005259,WH0004,PRD0063,2024-12-01,1178,479,191
INVSNP0005260,WH0004,PRD0063,2025-01-01,1847,479,191
INVSNP0005261,WH0004,PRD0063,2025-02-01,2110,479,191
INVSNP0005262,WH0004,PRD0063,2025-03-01,2027,479,191
INVSNP0005263,WH0004,PRD0063,2025-04-01,1915,479,191
INVSNP0005264,WH0004,PRD0063,2025-05-01,1957,479,191
INVSNP0005265,WH0004,PRD0063,2025-06-01,1991,479,191
INVSNP0005266,WH0004,PRD0063,2025-07-01,1870,479,191
INVSNP0005267,WH0004,PRD0063,2025-08-01,2021,479,191
INVSNP0005268,WH0004,PRD0063,2025-09-01,1809,479,191
INVSNP0005269,WH0004,PRD0063,2025-10-01,2001,479,191
INVSNP0005270,WH0004,PRD0063,2025-11-01,1571,479,191
INVSNP0005271,WH0004,PRD0063,2025-12-01,2129,479,191
INVSNP0005272,WH0004,PRD0063,2026-01-01,1645,479,191
INVSNP0005273,WH0004,PRD0063,2026-02-01,2138,479,191
INVSNP0005274,WH0004,PRD0063,2026-03-01,2168,479,191
INVSNP0005275,WH0004,PRD0063,2026-04-01,2246,479,191
INVSNP0005276,WH0004,PRD0063,2026-05-01,2412,479,191
INVSNP0005277,WH0004,PRD0063,2026-06-01,2013,479,191
INVSNP0005278,WH0004,PRD0063,2026-07-01,1625,479,191
INVSNP0005279,WH0004,PRD0063,2026-08-01,2403,479,191
INVSNP0005280,WH0004,PRD0063,2026-09-01,2188,479,191
INVSNP0005281,WH0004,PRD0109,2024-10-01,609,183,73
INVSNP0005282,WH0004,PRD0109,2024-11-01,751,183,73
INVSNP0005283,WH0004,PRD0109,2024-12-01,596,183,73
INVSNP0005284,WH0004,PRD0109,2025-01-01,534,183,73
INVSNP0005285,WH0004,PRD0109,2025-02-01,714,183,73
INVSNP0005286,WH0004,PRD0109,2025-03-01,755,183,73
INVSNP0005287,WH0004,PRD0109,2025-04-01,618,183,73
INVSNP0005288,WH0004,PRD0109,2025-05-01,680,183,73
INVSNP0005289,WH0004,PRD0109,2025-06-01,798,183,73
INVSNP0005290,WH0004,PRD0109,2025-07-01,671,183,73
INVSNP0005291,WH0004,PRD0109,2025-08-01,665,183,73
INVSNP0005292,WH0004,PRD0109,2025-09-01,785,183,73
INVSNP0005293,WH0004,PRD0109,2025-10-01,617,183,73
INVSNP0005294,WH0004,PRD0109,2025-11-01,825,183,73
INVSNP0005295,WH0004,PRD0109,2025-12-01,645,183,73
INVSNP0005296,WH0004,PRD0109,2026-01-01,641,183,73
INVSNP0005297,WH0004,PRD0109,2026-02-01,889,183,73
INVSNP0005298,WH0004,PRD0109,2026-03-01,623,183,73
INVSNP0005299,WH0004,PRD0109,2026-04-01,729,183,73
INVSNP0005300,WH0004,PRD0109,2026-05-01,844,183,73
INVSNP0005301,WH0004,PRD0109,2026-06-01,582,183,73
INVSNP0005302,WH0004,PRD0109,2026-07-01,599,183,73
INVSNP0005303,WH0004,PRD0109,2026-08-01,781,183,73
INVSNP0005304,WH0004,PRD0109,2026-09-01,782,183,73
INVSNP0005305,WH0004,PRD0046,2024-10-01,4217,1111,444
INVSNP0005306,WH0004,PRD0046,2024-11-01,3729,1111,444
INVSNP0005307,WH0004,PRD0046,2024-12-01,5202,1111,444
INVSNP0005308,WH0004,PRD0046,2025-01-01,4983,1111,444
INVSNP0005309,WH0004,PRD0046,2025-02-01,4698,1111,444
INVSNP0005310,WH0004,PRD0046,2025-03-01,3731,1111,444
INVSNP0005311,WH0004,PRD0046,2025-04-01,4653,1111,444
INVSNP0005312,WH0004,PRD0046,2025-05-01,4481,1111,444
INVSNP0005313,WH0004,PRD0046,2025-06-01,5403,1111,444
INVSNP0005314,WH0004,PRD0046,2025-07-01,5120,1111,444
INVSNP0005315,WH0004,PRD0046,2025-08-01,3858,1111,444
INVSNP0005316,WH0004,PRD0046,2025-09-01,4401,1111,444
INVSNP0005317,WH0004,PRD0046,2025-10-01,4552,1111,444
INVSNP0005318,WH0004,PRD0046,2025-11-01,4800,1111,444
INVSNP0005319,WH0004,PRD0046,2025-12-01,4118,1111,444
INVSNP0005320,WH0004,PRD0046,2026-01-01,3985,1111,444
INVSNP0005321,WH0004,PRD0046,2026-02-01,4160,1111,444
INVSNP0005322,WH0004,PRD0046,2026-03-01,4237,1111,444
INVSNP0005323,WH0004,PRD0046,2026-04-01,4905,1111,444
INVSNP0005324,WH0004,PRD0046,2026-05-01,4529,1111,444
INVSNP0005325,WH0004,PRD0046,2026-06-01,3973,1111,444
INVSNP0005326,WH0004,PRD0046,2026-07-01,4704,1111,444
INVSNP0005327,WH0004,PRD0046,2026-08-01,3968,1111,444
INVSNP0005328,WH0004,PRD0046,2026-09-01,4191,1111,444
INVSNP0005329,WH0004,PRD0064,2024-10-01,1708,413,165
INVSNP0005330,WH0004,PRD0064,2024-11-01,1349,413,165
INVSNP0005331,WH0004,PRD0064,2024-12-01,1735,413,165
INVSNP0005332,WH0004,PRD0064,2025-01-01,934,413,165
INVSNP0005333,WH0004,PRD0064,2025-02-01,1741,413,165
INVSNP0005334,WH0004,PRD0064,2025-03-01,1732,413,165
INVSNP0005335,WH0004,PRD0064,2025-04-01,2024,413,165
INVSNP0005336,WH0004,PRD0064,2025-05-01,2354,413,165
INVSNP0005337,WH0004,PRD0064,2025-06-01,1699,413,165
INVSNP0005338,WH0004,PRD0064,2025-07-01,1689,413,165
INVSNP0005339,WH0004,PRD0064,2025-08-01,1651,413,165
INVSNP0005340,WH0004,PRD0064,2025-09-01,1891,413,165
INVSNP0005341,WH0004,PRD0064,2025-10-01,1761,413,165
INVSNP0005342,WH0004,PRD0064,2025-11-01,1384,413,165
INVSNP0005343,WH0004,PRD0064,2025-12-01,1411,413,165
INVSNP0005344,WH0004,PRD0064,2026-01-01,1343,413,165
INVSNP0005345,WH0004,PRD0064,2026-02-01,1696,413,165
INVSNP0005346,WH0004,PRD0064,2026-03-01,1644,413,165
INVSNP0005347,WH0004,PRD0064,2026-04-01,1876,413,165
INVSNP0005348,WH0004,PRD0064,2026-05-01,1767,413,165
INVSNP0005349,WH0004,PRD0064,2026-06-01,1512,413,165
INVSNP0005350,WH0004,PRD0064,2026-07-01,1132,413,165
INVSNP0005351,WH0004,PRD0064,2026-08-01,1609,413,165
INVSNP0005352,WH0004,PRD0064,2026-09-01,1664,413,165
INVSNP0005353,WH0004,PRD0078,2024-10-01,1415,319,127
INVSNP0005354,WH0004,PRD0078,2024-11-01,1114,319,127
INVSNP0005355,WH0004,PRD0078,2024-12-01,1506,319,127
INVSNP0005356,WH0004,PRD0078,2025-01-01,925,319,127
INVSNP0005357,WH0004,PRD0078,2025-02-01,1127,319,127
INVSNP0005358,WH0004,PRD0078,2025-03-01,1405,319,127
INVSNP0005359,WH0004,PRD0078,2025-04-01,1233,319,127
INVSNP0005360,WH0004,PRD0078,2025-05-01,1133,319,127
INVSNP0005361,WH0004,PRD0078,2025-06-01,1158,319,127
INVSNP0005362,WH0004,PRD0078,2025-07-01,1302,319,127
INVSNP0005363,WH0004,PRD0078,2025-08-01,1016,319,127
INVSNP0005364,WH0004,PRD0078,2025-09-01,1341,319,127
INVSNP0005365,WH0004,PRD0078,2025-10-01,1457,319,127
INVSNP0005366,WH0004,PRD0078,2025-11-01,1391,319,127
INVSNP0005367,WH0004,PRD0078,2025-12-01,1275,319,127
INVSNP0005368,WH0004,PRD0078,2026-01-01,1297,319,127
INVSNP0005369,WH0004,PRD0078,2026-02-01,1004,319,127
INVSNP0005370,WH0004,PRD0078,2026-03-01,1285,319,127
INVSNP0005371,WH0004,PRD0078,2026-04-01,1326,319,127
INVSNP0005372,WH0004,PRD0078,2026-05-01,1431,319,127
INVSNP0005373,WH0004,PRD0078,2026-06-01,1400,319,127
INVSNP0005374,WH0004,PRD0078,2026-07-01,1202,319,127
INVSNP0005375,WH0004,PRD0078,2026-08-01,1319,319,127
INVSNP0005376,WH0004,PRD0078,2026-09-01,1450,319,127
INVSNP0005377,WH0004,PRD0074,2024-10-01,2339,574,229
INVSNP0005378,WH0004,PRD0074,2024-11-01,2352,574,229
INVSNP0005379,WH0004,PRD0074,2024-12-01,2448,574,229
INVSNP0005380,WH0004,PRD0074,2025-01-01,1825,574,229
INVSNP0005381,WH0004,PRD0074,2025-02-01,2609,574,229
INVSNP0005382,WH0004,PRD0074,2025-03-01,2512,574,229
INVSNP0005383,WH0004,PRD0074,2025-04-01,2771,574,229
INVSNP0005384,WH0004,PRD0074,2025-05-01,1816,574,229
INVSNP0005385,WH0004,PRD0074,2025-06-01,2516,574,229
INVSNP0005386,WH0004,PRD0074,2025-07-01,2567,574,229
INVSNP0005387,WH0004,PRD0074,2025-08-01,2069,574,229
INVSNP0005388,WH0004,PRD0074,2025-09-01,2141,574,229
INVSNP0005389,WH0004,PRD0074,2025-10-01,2201,574,229
INVSNP0005390,WH0004,PRD0074,2025-11-01,2692,574,229
INVSNP0005391,WH0004,PRD0074,2025-12-01,2409,574,229
INVSNP0005392,WH0004,PRD0074,2026-01-01,2553,574,229
INVSNP0005393,WH0004,PRD0074,2026-02-01,1671,574,229
INVSNP0005394,WH0004,PRD0074,2026-03-01,2432,574,229
INVSNP0005395,WH0004,PRD0074,2026-04-01,3380,574,229
INVSNP0005396,WH0004,PRD0074,2026-05-01,2196,574,229
INVSNP0005397,WH0004,PRD0074,2026-06-01,1979,574,229
INVSNP0005398,WH0004,PRD0074,2026-07-01,1764,574,229
INVSNP0005399,WH0004,PRD0074,2026-08-01,2548,574,229
INVSNP0005400,WH0004,PRD0074,2026-09-01,1763,574,229
INVSNP0005401,WH0004,PRD0115,2024-10-01,597,148,59
INVSNP0005402,WH0004,PRD0115,2024-11-01,633,148,59
INVSNP0005403,WH0004,PRD0115,2024-12-01,670,148,59
INVSNP0005404,WH0004,PRD0115,2025-01-01,506,148,59
INVSNP0005405,WH0004,PRD0115,2025-02-01,506,148,59
INVSNP0005406,WH0004,PRD0115,2025-03-01,594,148,59
INVSNP0005407,WH0004,PRD0115,2025-04-01,506,148,59
INVSNP0005408,WH0004,PRD0115,2025-05-01,546,148,59
INVSNP0005409,WH0004,PRD0115,2025-06-01,672,148,59
INVSNP0005410,WH0004,PRD0115,2025-07-01,575,148,59
INVSNP0005411,WH0004,PRD0115,2025-08-01,588,148,59
INVSNP0005412,WH0004,PRD0115,2025-09-01,738,148,59
INVSNP0005413,WH0004,PRD0115,2025-10-01,609,148,59
INVSNP0005414,WH0004,PRD0115,2025-11-01,694,148,59
INVSNP0005415,WH0004,PRD0115,2025-12-01,686,148,59
INVSNP0005416,WH0004,PRD0115,2026-01-01,552,148,59
INVSNP0005417,WH0004,PRD0115,2026-02-01,532,148,59
INVSNP0005418,WH0004,PRD0115,2026-03-01,616,148,59
INVSNP0005419,WH0004,PRD0115,2026-04-01,671,148,59
INVSNP0005420,WH0004,PRD0115,2026-05-01,482,148,59
INVSNP0005421,WH0004,PRD0115,2026-06-01,594,148,59
INVSNP0005422,WH0004,PRD0115,2026-07-01,610,148,59
INVSNP0005423,WH0004,PRD0115,2026-08-01,572,148,59
INVSNP0005424,WH0004,PRD0115,2026-09-01,504,148,59
INVSNP0005425,WH0004,PRD0052,2024-10-01,4756,970,388
INVSNP0005426,WH0004,PRD0052,2024-11-01,3411,970,388
INVSNP0005427,WH0004,PRD0052,2024-12-01,4291,970,388
INVSNP0005428,WH0004,PRD0052,2025-01-01,4319,970,388
INVSNP0005429,WH0004,PRD0052,2025-02-01,4539,970,388
INVSNP0005430,WH0004,PRD0052,2025-03-01,3173,970,388
INVSNP0005431,WH0004,PRD0052,2025-04-01,4433,970,388
INVSNP0005432,WH0004,PRD0052,2025-05-01,3615,970,388
INVSNP0005433,WH0004,PRD0052,2025-06-01,4669,970,388
INVSNP0005434,WH0004,PRD0052,2025-07-01,3740,970,388
INVSNP0005435,WH0004,PRD0052,2025-08-01,4266,970,388
INVSNP0005436,WH0004,PRD0052,2025-09-01,3744,970,388
INVSNP0005437,WH0004,PRD0052,2025-10-01,3276,970,388
INVSNP0005438,WH0004,PRD0052,2025-11-01,3634,970,388
INVSNP0005439,WH0004,PRD0052,2025-12-01,4020,970,388
INVSNP0005440,WH0004,PRD0052,2026-01-01,3610,970,388
INVSNP0005441,WH0004,PRD0052,2026-02-01,3802,970,388
INVSNP0005442,WH0004,PRD0052,2026-03-01,3715,970,388
INVSNP0005443,WH0004,PRD0052,2026-04-01,3924,970,388
INVSNP0005444,WH0004,PRD0052,2026-05-01,4091,970,388
INVSNP0005445,WH0004,PRD0052,2026-06-01,4277,970,388
INVSNP0005446,WH0004,PRD0052,2026-07-01,4047,970,388
INVSNP0005447,WH0004,PRD0052,2026-08-01,4165,970,388
INVSNP0005448,WH0004,PRD0052,2026-09-01,2947,970,388
INVSNP0005449,WH0004,PRD0070,2024-10-01,3989,1234,493
INVSNP0005450,WH0004,PRD0070,2024-11-01,4860,1234,493
INVSNP0005451,WH0004,PRD0070,2024-12-01,5618,1234,493
INVSNP0005452,WH0004,PRD0070,2025-01-01,5613,1234,493
INVSNP0005453,WH0004,PRD0070,2025-02-01,5253,1234,493
INVSNP0005454,WH0004,PRD0070,2025-03-01,4513,1234,493
INVSNP0005455,WH0004,PRD0070,2025-04-01,3715,1234,493
INVSNP0005456,WH0004,PRD0070,2025-05-01,5366,1234,493
INVSNP0005457,WH0004,PRD0070,2025-06-01,5132,1234,493
INVSNP0005458,WH0004,PRD0070,2025-07-01,5056,1234,493
INVSNP0005459,WH0004,PRD0070,2025-08-01,5258,1234,493
INVSNP0005460,WH0004,PRD0070,2025-09-01,4883,1234,493
INVSNP0005461,WH0004,PRD0070,2025-10-01,5337,1234,493
INVSNP0005462,WH0004,PRD0070,2025-11-01,6131,1234,493
INVSNP0005463,WH0004,PRD0070,2025-12-01,5289,1234,493
INVSNP0005464,WH0004,PRD0070,2026-01-01,5318,1234,493
INVSNP0005465,WH0004,PRD0070,2026-02-01,4066,1234,493
INVSNP0005466,WH0004,PRD0070,2026-03-01,5454,1234,493
INVSNP0005467,WH0004,PRD0070,2026-04-01,3864,1234,493
INVSNP0005468,WH0004,PRD0070,2026-05-01,4798,1234,493
INVSNP0005469,WH0004,PRD0070,2026-06-01,5433,1234,493
INVSNP0005470,WH0004,PRD0070,2026-07-01,4374,1234,493
INVSNP0005471,WH0004,PRD0070,2026-08-01,5713,1234,493
INVSNP0005472,WH0004,PRD0070,2026-09-01,5679,1234,493
INVSNP0005473,WH0004,PRD0124,2024-10-01,5064,1243,497
INVSNP0005474,WH0004,PRD0124,2024-11-01,4151,1243,497
INVSNP0005475,WH0004,PRD0124,2024-12-01,3820,1243,497
INVSNP0005476,WH0004,PRD0124,2025-01-01,4746,1243,497
INVSNP0005477,WH0004,PRD0124,2025-02-01,5203,1243,497
INVSNP0005478,WH0004,PRD0124,2025-03-01,4781,1243,497
INVSNP0005479,WH0004,PRD0124,2025-04-01,4932,1243,497
INVSNP0005480,WH0004,PRD0124,2025-05-01,3268,1243,497
INVSNP0005481,WH0004,PRD0124,2025-06-01,5054,1243,497
INVSNP0005482,WH0004,PRD0124,2025-07-01,5636,1243,497
INVSNP0005483,WH0004,PRD0124,2025-08-01,4490,1243,497
INVSNP0005484,WH0004,PRD0124,2025-09-01,4683,1243,497
INVSNP0005485,WH0004,PRD0124,2025-10-01,4744,1243,497
INVSNP0005486,WH0004,PRD0124,2025-11-01,5100,1243,497
INVSNP0005487,WH0004,PRD0124,2025-12-01,5151,1243,497
INVSNP0005488,WH0004,PRD0124,2026-01-01,4330,1243,497
INVSNP0005489,WH0004,PRD0124,2026-02-01,3204,1243,497
INVSNP0005490,WH0004,PRD0124,2026-03-01,6384,1243,497
INVSNP0005491,WH0004,PRD0124,2026-04-01,5867,1243,497
INVSNP0005492,WH0004,PRD0124,2026-05-01,4456,1243,497
INVSNP0005493,WH0004,PRD0124,2026-06-01,5138,1243,497
INVSNP0005494,WH0004,PRD0124,2026-07-01,5051,1243,497
INVSNP0005495,WH0004,PRD0124,2026-08-01,4828,1243,497
INVSNP0005496,WH0004,PRD0124,2026-09-01,6283,1243,497
INVSNP0005497,WH0004,PRD0021,2024-10-01,3040,897,358
INVSNP0005498,WH0004,PRD0021,2024-11-01,3069,897,358
INVSNP0005499,WH0004,PRD0021,2024-12-01,3884,897,358
INVSNP0005500,WH0004,PRD0021,2025-01-01,4618,897,358
INVSNP0005501,WH0004,PRD0021,2025-02-01,3703,897,358
INVSNP0005502,WH0004,PRD0021,2025-03-01,3796,897,358
INVSNP0005503,WH0004,PRD0021,2025-04-01,3402,897,358
INVSNP0005504,WH0004,PRD0021,2025-05-01,3644,897,358
INVSNP0005505,WH0004,PRD0021,2025-06-01,4158,897,358
INVSNP0005506,WH0004,PRD0021,2025-07-01,3882,897,358
INVSNP0005507,WH0004,PRD0021,2025-08-01,2666,897,358
INVSNP0005508,WH0004,PRD0021,2025-09-01,3983,897,358
INVSNP0005509,WH0004,PRD0021,2025-10-01,3714,897,358
INVSNP0005510,WH0004,PRD0021,2025-11-01,3479,897,358
INVSNP0005511,WH0004,PRD0021,2025-12-01,4681,897,358
INVSNP0005512,WH0004,PRD0021,2026-01-01,3604,897,358
INVSNP0005513,WH0004,PRD0021,2026-02-01,3788,897,358
INVSNP0005514,WH0004,PRD0021,2026-03-01,2878,897,358
INVSNP0005515,WH0004,PRD0021,2026-04-01,3303,897,358
INVSNP0005516,WH0004,PRD0021,2026-05-01,2537,897,358
INVSNP0005517,WH0004,PRD0021,2026-06-01,3300,897,358
INVSNP0005518,WH0004,PRD0021,2026-07-01,3995,897,358
INVSNP0005519,WH0004,PRD0021,2026-08-01,3459,897,358
INVSNP0005520,WH0004,PRD0021,2026-09-01,3337,897,358
INVSNP0005521,WH0004,PRD0093,2024-10-01,1454,432,172
INVSNP0005522,WH0004,PRD0093,2024-11-01,1431,432,172
INVSNP0005523,WH0004,PRD0093,2024-12-01,1708,432,172
INVSNP0005524,WH0004,PRD0093,2025-01-01,1832,432,172
INVSNP0005525,WH0004,PRD0093,2025-02-01,2194,432,172
INVSNP0005526,WH0004,PRD0093,2025-03-01,1520,432,172
INVSNP0005527,WH0004,PRD0093,2025-04-01,2210,432,172
INVSNP0005528,WH0004,PRD0093,2025-05-01,1760,432,172
INVSNP0005529,WH0004,PRD0093,2025-06-01,2016,432,172
INVSNP0005530,WH0004,PRD0093,2025-07-01,1770,432,172
INVSNP0005531,WH0004,PRD0093,2025-08-01,1790,432,172
INVSNP0005532,WH0004,PRD0093,2025-09-01,1252,432,172
INVSNP0005533,WH0004,PRD0093,2025-10-01,1963,432,172
INVSNP0005534,WH0004,PRD0093,2025-11-01,1193,432,172
INVSNP0005535,WH0004,PRD0093,2025-12-01,2306,432,172
INVSNP0005536,WH0004,PRD0093,2026-01-01,1722,432,172
INVSNP0005537,WH0004,PRD0093,2026-02-01,1689,432,172
INVSNP0005538,WH0004,PRD0093,2026-03-01,1681,432,172
INVSNP0005539,WH0004,PRD0093,2026-04-01,1889,432,172
INVSNP0005540,WH0004,PRD0093,2026-05-01,1241,432,172
INVSNP0005541,WH0004,PRD0093,2026-06-01,1485,432,172
INVSNP0005542,WH0004,PRD0093,2026-07-01,1671,432,172
INVSNP0005543,WH0004,PRD0093,2026-08-01,1600,432,172
INVSNP0005544,WH0004,PRD0093,2026-09-01,1617,432,172
INVSNP0005545,WH0004,PRD0102,2024-10-01,1191,336,134
INVSNP0005546,WH0004,PRD0102,2024-11-01,1468,336,134
INVSNP0005547,WH0004,PRD0102,2024-12-01,1373,336,134
INVSNP0005548,WH0004,PRD0102,2025-01-01,1318,336,134
INVSNP0005549,WH0004,PRD0102,2025-02-01,1129,336,134
INVSNP0005550,WH0004,PRD0102,2025-03-01,1624,336,134
INVSNP0005551,WH0004,PRD0102,2025-04-01,1239,336,134
INVSNP0005552,WH0004,PRD0102,2025-05-01,1332,336,134
INVSNP0005553,WH0004,PRD0102,2025-06-01,1348,336,134
INVSNP0005554,WH0004,PRD0102,2025-07-01,1513,336,134
INVSNP0005555,WH0004,PRD0102,2025-08-01,1161,336,134
INVSNP0005556,WH0004,PRD0102,2025-09-01,1535,336,134
INVSNP0005557,WH0004,PRD0102,2025-10-01,1099,336,134
INVSNP0005558,WH0004,PRD0102,2025-11-01,1260,336,134
INVSNP0005559,WH0004,PRD0102,2025-12-01,1085,336,134
INVSNP0005560,WH0004,PRD0102,2026-01-01,1310,336,134
INVSNP0005561,WH0004,PRD0102,2026-02-01,1120,336,134
INVSNP0005562,WH0004,PRD0102,2026-03-01,1313,336,134
INVSNP0005563,WH0004,PRD0102,2026-04-01,1249,336,134
INVSNP0005564,WH0004,PRD0102,2026-05-01,1191,336,134
INVSNP0005565,WH0004,PRD0102,2026-06-01,1520,336,134
INVSNP0005566,WH0004,PRD0102,2026-07-01,1317,336,134
INVSNP0005567,WH0004,PRD0102,2026-08-01,1298,336,134
INVSNP0005568,WH0004,PRD0102,2026-09-01,1524,336,134
INVSNP0005569,WH0004,PRD0097,2024-10-01,2000,719,287
INVSNP0005570,WH0004,PRD0097,2024-11-01,2958,719,287
INVSNP0005571,WH0004,PRD0097,2024-12-01,2946,719,287
INVSNP0005572,WH0004,PRD0097,2025-01-01,3299,719,287
INVSNP0005573,WH0004,PRD0097,2025-02-01,2679,719,287
INVSNP0005574,WH0004,PRD0097,2025-03-01,1770,719,287
INVSNP0005575,WH0004,PRD0097,2025-04-01,3176,719,287
INVSNP0005576,WH0004,PRD0097,2025-05-01,2720,719,287
INVSNP0005577,WH0004,PRD0097,2025-06-01,2211,719,287
INVSNP0005578,WH0004,PRD0097,2025-07-01,2581,719,287
INVSNP0005579,WH0004,PRD0097,2025-08-01,3172,719,287
INVSNP0005580,WH0004,PRD0097,2025-09-01,3065,719,287
INVSNP0005581,WH0004,PRD0097,2025-10-01,2398,719,287
INVSNP0005582,WH0004,PRD0097,2025-11-01,3179,719,287
INVSNP0005583,WH0004,PRD0097,2025-12-01,2580,719,287
INVSNP0005584,WH0004,PRD0097,2026-01-01,2671,719,287
INVSNP0005585,WH0004,PRD0097,2026-02-01,3034,719,287
INVSNP0005586,WH0004,PRD0097,2026-03-01,2325,719,287
INVSNP0005587,WH0004,PRD0097,2026-04-01,2985,719,287
INVSNP0005588,WH0004,PRD0097,2026-05-01,4057,719,287
INVSNP0005589,WH0004,PRD0097,2026-06-01,2849,719,287
INVSNP0005590,WH0004,PRD0097,2026-07-01,2851,719,287
INVSNP0005591,WH0004,PRD0097,2026-08-01,3134,719,287
INVSNP0005592,WH0004,PRD0097,2026-09-01,2304,719,287
INVSNP0005593,WH0004,PRD0043,2024-10-01,375,96,38
INVSNP0005594,WH0004,PRD0043,2024-11-01,344,96,38
INVSNP0005595,WH0004,PRD0043,2024-12-01,387,96,38
INVSNP0005596,WH0004,PRD0043,2025-01-01,507,96,38
INVSNP0005597,WH0004,PRD0043,2025-02-01,393,96,38
INVSNP0005598,WH0004,PRD0043,2025-03-01,336,96,38
INVSNP0005599,WH0004,PRD0043,2025-04-01,299,96,38
INVSNP0005600,WH0004,PRD0043,2025-05-01,353,96,38
INVSNP0005601,WH0004,PRD0043,2025-06-01,378,96,38
INVSNP0005602,WH0004,PRD0043,2025-07-01,299,96,38
INVSNP0005603,WH0004,PRD0043,2025-08-01,326,96,38
INVSNP0005604,WH0004,PRD0043,2025-09-01,274,96,38
INVSNP0005605,WH0004,PRD0043,2025-10-01,428,96,38
INVSNP0005606,WH0004,PRD0043,2025-11-01,391,96,38
INVSNP0005607,WH0004,PRD0043,2025-12-01,446,96,38
INVSNP0005608,WH0004,PRD0043,2026-01-01,281,96,38
INVSNP0005609,WH0004,PRD0043,2026-02-01,398,96,38
INVSNP0005610,WH0004,PRD0043,2026-03-01,385,96,38
INVSNP0005611,WH0004,PRD0043,2026-04-01,224,96,38
INVSNP0005612,WH0004,PRD0043,2026-05-01,360,96,38
INVSNP0005613,WH0004,PRD0043,2026-06-01,389,96,38
INVSNP0005614,WH0004,PRD0043,2026-07-01,329,96,38
INVSNP0005615,WH0004,PRD0043,2026-08-01,258,96,38
INVSNP0005616,WH0004,PRD0043,2026-09-01,439,96,38
INVSNP0005617,WH0004,PRD0121,2024-10-01,457,98,39
INVSNP0005618,WH0004,PRD0121,2024-11-01,377,98,39
INVSNP0005619,WH0004,PRD0121,2024-12-01,269,98,39
INVSNP0005620,WH0004,PRD0121,2025-01-01,463,98,39
INVSNP0005621,WH0004,PRD0121,2025-02-01,358,98,39
INVSNP0005622,WH0004,PRD0121,2025-03-01,315,98,39
INVSNP0005623,WH0004,PRD0121,2025-04-01,301,98,39
INVSNP0005624,WH0004,PRD0121,2025-05-01,408,98,39
INVSNP0005625,WH0004,PRD0121,2025-06-01,447,98,39
INVSNP0005626,WH0004,PRD0121,2025-07-01,323,98,39
INVSNP0005627,WH0004,PRD0121,2025-08-01,386,98,39
INVSNP0005628,WH0004,PRD0121,2025-09-01,342,98,39
INVSNP0005629,WH0004,PRD0121,2025-10-01,449,98,39
INVSNP0005630,WH0004,PRD0121,2025-11-01,349,98,39
INVSNP0005631,WH0004,PRD0121,2025-12-01,402,98,39
INVSNP0005632,WH0004,PRD0121,2026-01-01,415,98,39
INVSNP0005633,WH0004,PRD0121,2026-02-01,363,98,39
INVSNP0005634,WH0004,PRD0121,2026-03-01,335,98,39
INVSNP0005635,WH0004,PRD0121,2026-04-01,358,98,39
INVSNP0005636,WH0004,PRD0121,2026-05-01,418,98,39
INVSNP0005637,WH0004,PRD0121,2026-06-01,351,98,39
INVSNP0005638,WH0004,PRD0121,2026-07-01,405,98,39
INVSNP0005639,WH0004,PRD0121,2026-08-01,417,98,39
INVSNP0005640,WH0004,PRD0121,2026-09-01,435,98,39
INVSNP0005641,WH0004,PRD0113,2024-10-01,2798,882,353
INVSNP0005642,WH0004,PRD0113,2024-11-01,3947,882,353
INVSNP0005643,WH0004,PRD0113,2024-12-01,4087,882,353
INVSNP0005644,WH0004,PRD0113,2025-01-01,3217,882,353
INVSNP0005645,WH0004,PRD0113,2025-02-01,3845,882,353
INVSNP0005646,WH0004,PRD0113,2025-03-01,4237,882,353
INVSNP0005647,WH0004,PRD0113,2025-04-01,3730,882,353
INVSNP0005648,WH0004,PRD0113,2025-05-01,3935,882,353
INVSNP0005649,WH0004,PRD0113,2025-06-01,2943,882,353
INVSNP0005650,WH0004,PRD0113,2025-07-01,3579,882,353
INVSNP0005651,WH0004,PRD0113,2025-08-01,4253,882,353
INVSNP0005652,WH0004,PRD0113,2025-09-01,4145,882,353
INVSNP0005653,WH0004,PRD0113,2025-10-01,3138,882,353
INVSNP0005654,WH0004,PRD0113,2025-11-01,4054,882,353
INVSNP0005655,WH0004,PRD0113,2025-12-01,3044,882,353
INVSNP0005656,WH0004,PRD0113,2026-01-01,3272,882,353
INVSNP0005657,WH0004,PRD0113,2026-02-01,2731,882,353
INVSNP0005658,WH0004,PRD0113,2026-03-01,2521,882,353
INVSNP0005659,WH0004,PRD0113,2026-04-01,3393,882,353
INVSNP0005660,WH0004,PRD0113,2026-05-01,3911,882,353
INVSNP0005661,WH0004,PRD0113,2026-06-01,3886,882,353
INVSNP0005662,WH0004,PRD0113,2026-07-01,4049,882,353
INVSNP0005663,WH0004,PRD0113,2026-08-01,3647,882,353
INVSNP0005664,WH0004,PRD0113,2026-09-01,3541,882,353
INVSNP0005665,WH0004,PRD0148,2024-10-01,1118,328,131
INVSNP0005666,WH0004,PRD0148,2024-11-01,970,328,131
INVSNP0005667,WH0004,PRD0148,2024-12-01,1349,328,131
INVSNP0005668,WH0004,PRD0148,2025-01-01,1375,328,131
INVSNP0005669,WH0004,PRD0148,2025-02-01,1503,328,131
INVSNP0005670,WH0004,PRD0148,2025-03-01,1184,328,131
INVSNP0005671,WH0004,PRD0148,2025-04-01,1392,328,131
INVSNP0005672,WH0004,PRD0148,2025-05-01,1073,328,131
INVSNP0005673,WH0004,PRD0148,2025-06-01,1299,328,131
INVSNP0005674,WH0004,PRD0148,2025-07-01,1556,328,131
INVSNP0005675,WH0004,PRD0148,2025-08-01,995,328,131
INVSNP0005676,WH0004,PRD0148,2025-09-01,1381,328,131
INVSNP0005677,WH0004,PRD0148,2025-10-01,1666,328,131
INVSNP0005678,WH0004,PRD0148,2025-11-01,1185,328,131
INVSNP0005679,WH0004,PRD0148,2025-12-01,1556,328,131
INVSNP0005680,WH0004,PRD0148,2026-01-01,1284,328,131
INVSNP0005681,WH0004,PRD0148,2026-02-01,1171,328,131
INVSNP0005682,WH0004,PRD0148,2026-03-01,1177,328,131
INVSNP0005683,WH0004,PRD0148,2026-04-01,1643,328,131
INVSNP0005684,WH0004,PRD0148,2026-05-01,1045,328,131
INVSNP0005685,WH0004,PRD0148,2026-06-01,1514,328,131
INVSNP0005686,WH0004,PRD0148,2026-07-01,1638,328,131
INVSNP0005687,WH0004,PRD0148,2026-08-01,1660,328,131
INVSNP0005688,WH0004,PRD0148,2026-09-01,1028,328,131
INVSNP0005689,WH0004,PRD0130,2024-10-01,1808,492,197
INVSNP0005690,WH0004,PRD0130,2024-11-01,3049,492,197
INVSNP0005691,WH0004,PRD0130,2024-12-01,1811,492,197
INVSNP0005692,WH0004,PRD0130,2025-01-01,2224,492,197
INVSNP0005693,WH0004,PRD0130,2025-02-01,1721,492,197
INVSNP0005694,WH0004,PRD0130,2025-03-01,1742,492,197
INVSNP0005695,WH0004,PRD0130,2025-04-01,2020,492,197
INVSNP0005696,WH0004,PRD0130,2025-05-01,1284,492,197
INVSNP0005697,WH0004,PRD0130,2025-06-01,1745,492,197
INVSNP0005698,WH0004,PRD0130,2025-07-01,1774,492,197
INVSNP0005699,WH0004,PRD0130,2025-08-01,2108,492,197
INVSNP0005700,WH0004,PRD0130,2025-09-01,2383,492,197
INVSNP0005701,WH0004,PRD0130,2025-10-01,2376,492,197
INVSNP0005702,WH0004,PRD0130,2025-11-01,2446,492,197
INVSNP0005703,WH0004,PRD0130,2025-12-01,2340,492,197
INVSNP0005704,WH0004,PRD0130,2026-01-01,2201,492,197
INVSNP0005705,WH0004,PRD0130,2026-02-01,2005,492,197
INVSNP0005706,WH0004,PRD0130,2026-03-01,2269,492,197
INVSNP0005707,WH0004,PRD0130,2026-04-01,2064,492,197
INVSNP0005708,WH0004,PRD0130,2026-05-01,1765,492,197
INVSNP0005709,WH0004,PRD0130,2026-06-01,1756,492,197
INVSNP0005710,WH0004,PRD0130,2026-07-01,2262,492,197
INVSNP0005711,WH0004,PRD0130,2026-08-01,1974,492,197
INVSNP0005712,WH0004,PRD0130,2026-09-01,1995,492,197
INVSNP0005713,WH0004,PRD0111,2024-10-01,753,224,89
INVSNP0005714,WH0004,PRD0111,2024-11-01,815,224,89
INVSNP0005715,WH0004,PRD0111,2024-12-01,689,224,89
INVSNP0005716,WH0004,PRD0111,2025-01-01,894,224,89
INVSNP0005717,WH0004,PRD0111,2025-02-01,1014,224,89
INVSNP0005718,WH0004,PRD0111,2025-03-01,885,224,89
INVSNP0005719,WH0004,PRD0111,2025-04-01,1010,224,89
INVSNP0005720,WH0004,PRD0111,2025-05-01,1069,224,89
INVSNP0005721,WH0004,PRD0111,2025-06-01,977,224,89
INVSNP0005722,WH0004,PRD0111,2025-07-01,888,224,89
INVSNP0005723,WH0004,PRD0111,2025-08-01,809,224,89
INVSNP0005724,WH0004,PRD0111,2025-09-01,927,224,89
INVSNP0005725,WH0004,PRD0111,2025-10-01,717,224,89
INVSNP0005726,WH0004,PRD0111,2025-11-01,919,224,89
INVSNP0005727,WH0004,PRD0111,2025-12-01,1142,224,89
INVSNP0005728,WH0004,PRD0111,2026-01-01,1135,224,89
INVSNP0005729,WH0004,PRD0111,2026-02-01,813,224,89
INVSNP0005730,WH0004,PRD0111,2026-03-01,830,224,89
INVSNP0005731,WH0004,PRD0111,2026-04-01,895,224,89
INVSNP0005732,WH0004,PRD0111,2026-05-01,646,224,89
INVSNP0005733,WH0004,PRD0111,2026-06-01,1081,224,89
INVSNP0005734,WH0004,PRD0111,2026-07-01,977,224,89
INVSNP0005735,WH0004,PRD0111,2026-08-01,836,224,89
INVSNP0005736,WH0004,PRD0111,2026-09-01,1117,224,89
INVSNP0005737,WH0004,PRD0040,2024-10-01,3142,848,339
INVSNP0005738,WH0004,PRD0040,2024-11-01,3293,848,339
INVSNP0005739,WH0004,PRD0040,2024-12-01,3713,848,339
INVSNP0005740,WH0004,PRD0040,2025-01-01,3642,848,339
INVSNP0005741,WH0004,PRD0040,2025-02-01,2976,848,339
INVSNP0005742,WH0004,PRD0040,2025-03-01,3120,848,339
INVSNP0005743,WH0004,PRD0040,2025-04-01,3936,848,339
INVSNP0005744,WH0004,PRD0040,2025-05-01,2691,848,339
INVSNP0005745,WH0004,PRD0040,2025-06-01,3361,848,339
INVSNP0005746,WH0004,PRD0040,2025-07-01,2857,848,339
INVSNP0005747,WH0004,PRD0040,2025-08-01,3430,848,339
INVSNP0005748,WH0004,PRD0040,2025-09-01,3413,848,339
INVSNP0005749,WH0004,PRD0040,2025-10-01,2875,848,339
INVSNP0005750,WH0004,PRD0040,2025-11-01,4114,848,339
INVSNP0005751,WH0004,PRD0040,2025-12-01,2705,848,339
INVSNP0005752,WH0004,PRD0040,2026-01-01,2961,848,339
INVSNP0005753,WH0004,PRD0040,2026-02-01,3129,848,339
INVSNP0005754,WH0004,PRD0040,2026-03-01,3416,848,339
INVSNP0005755,WH0004,PRD0040,2026-04-01,4471,848,339
INVSNP0005756,WH0004,PRD0040,2026-05-01,3418,848,339
INVSNP0005757,WH0004,PRD0040,2026-06-01,3104,848,339
INVSNP0005758,WH0004,PRD0040,2026-07-01,3813,848,339
INVSNP0005759,WH0004,PRD0040,2026-08-01,3496,848,339
INVSNP0005760,WH0004,PRD0040,2026-09-01,4191,848,339
INVSNP0005761,WH0004,PRD0140,2024-10-01,2010,499,199
INVSNP0005762,WH0004,PRD0140,2024-11-01,2266,499,199
INVSNP0005763,WH0004,PRD0140,2024-12-01,1764,499,199
INVSNP0005764,WH0004,PRD0140,2025-01-01,1892,499,199
INVSNP0005765,WH0004,PRD0140,2025-02-01,1826,499,199
INVSNP0005766,WH0004,PRD0140,2025-03-01,1757,499,199
INVSNP0005767,WH0004,PRD0140,2025-04-01,2267,499,199
INVSNP0005768,WH0004,PRD0140,2025-05-01,2282,499,199
INVSNP0005769,WH0004,PRD0140,2025-06-01,2276,499,199
INVSNP0005770,WH0004,PRD0140,2025-07-01,1929,499,199
INVSNP0005771,WH0004,PRD0140,2025-08-01,2465,499,199
INVSNP0005772,WH0004,PRD0140,2025-09-01,1772,499,199
INVSNP0005773,WH0004,PRD0140,2025-10-01,1949,499,199
INVSNP0005774,WH0004,PRD0140,2025-11-01,1239,499,199
INVSNP0005775,WH0004,PRD0140,2025-12-01,1685,499,199
INVSNP0005776,WH0004,PRD0140,2026-01-01,1966,499,199
INVSNP0005777,WH0004,PRD0140,2026-02-01,1942,499,199
INVSNP0005778,WH0004,PRD0140,2026-03-01,2380,499,199
INVSNP0005779,WH0004,PRD0140,2026-04-01,1716,499,199
INVSNP0005780,WH0004,PRD0140,2026-05-01,2066,499,199
INVSNP0005781,WH0004,PRD0140,2026-06-01,1947,499,199
INVSNP0005782,WH0004,PRD0140,2026-07-01,1785,499,199
INVSNP0005783,WH0004,PRD0140,2026-08-01,1746,499,199
INVSNP0005784,WH0004,PRD0140,2026-09-01,2015,499,199
INVSNP0005785,WH0004,PRD0003,2024-10-01,3201,684,273
INVSNP0005786,WH0004,PRD0003,2024-11-01,2243,684,273
INVSNP0005787,WH0004,PRD0003,2024-12-01,3340,684,273
INVSNP0005788,WH0004,PRD0003,2025-01-01,3024,684,273
INVSNP0005789,WH0004,PRD0003,2025-02-01,2159,684,273
INVSNP0005790,WH0004,PRD0003,2025-03-01,2531,684,273
INVSNP0005791,WH0004,PRD0003,2025-04-01,3331,684,273
INVSNP0005792,WH0004,PRD0003,2025-05-01,2868,684,273
INVSNP0005793,WH0004,PRD0003,2025-06-01,2017,684,273
INVSNP0005794,WH0004,PRD0003,2025-07-01,2886,684,273
INVSNP0005795,WH0004,PRD0003,2025-08-01,2295,684,273
INVSNP0005796,WH0004,PRD0003,2025-09-01,3105,684,273
INVSNP0005797,WH0004,PRD0003,2025-10-01,3035,684,273
INVSNP0005798,WH0004,PRD0003,2025-11-01,2911,684,273
INVSNP0005799,WH0004,PRD0003,2025-12-01,2815,684,273
INVSNP0005800,WH0004,PRD0003,2026-01-01,2283,684,273
INVSNP0005801,WH0004,PRD0003,2026-02-01,2810,684,273
INVSNP0005802,WH0004,PRD0003,2026-03-01,2930,684,273
INVSNP0005803,WH0004,PRD0003,2026-04-01,3024,684,273
INVSNP0005804,WH0004,PRD0003,2026-05-01,3168,684,273
INVSNP0005805,WH0004,PRD0003,2026-06-01,2568,684,273
INVSNP0005806,WH0004,PRD0003,2026-07-01,2665,684,273
INVSNP0005807,WH0004,PRD0003,2026-08-01,2428,684,273
INVSNP0005808,WH0004,PRD0003,2026-09-01,2438,684,273
INVSNP0005809,WH0004,PRD0098,2024-10-01,3756,1122,448
INVSNP0005810,WH0004,PRD0098,2024-11-01,4345,1122,448
INVSNP0005811,WH0004,PRD0098,2024-12-01,4360,1122,448
INVSNP0005812,WH0004,PRD0098,2025-01-01,3680,1122,448
INVSNP0005813,WH0004,PRD0098,2025-02-01,4189,1122,448
INVSNP0005814,WH0004,PRD0098,2025-03-01,3943,1122,448
INVSNP0005815,WH0004,PRD0098,2025-04-01,4804,1122,448
INVSNP0005816,WH0004,PRD0098,2025-05-01,3869,1122,448
INVSNP0005817,WH0004,PRD0098,2025-06-01,4870,1122,448
INVSNP0005818,WH0004,PRD0098,2025-07-01,4199,1122,448
INVSNP0005819,WH0004,PRD0098,2025-08-01,5587,1122,448
INVSNP0005820,WH0004,PRD0098,2025-09-01,4397,1122,448
INVSNP0005821,WH0004,PRD0098,2025-10-01,4399,1122,448
INVSNP0005822,WH0004,PRD0098,2025-11-01,5210,1122,448
INVSNP0005823,WH0004,PRD0098,2025-12-01,3050,1122,448
INVSNP0005824,WH0004,PRD0098,2026-01-01,5733,1122,448
INVSNP0005825,WH0004,PRD0098,2026-02-01,4013,1122,448
INVSNP0005826,WH0004,PRD0098,2026-03-01,5283,1122,448
INVSNP0005827,WH0004,PRD0098,2026-04-01,4728,1122,448
INVSNP0005828,WH0004,PRD0098,2026-05-01,4210,1122,448
INVSNP0005829,WH0004,PRD0098,2026-06-01,4876,1122,448
INVSNP0005830,WH0004,PRD0098,2026-07-01,4642,1122,448
INVSNP0005831,WH0004,PRD0098,2026-08-01,4514,1122,448
INVSNP0005832,WH0004,PRD0098,2026-09-01,4372,1122,448
INVSNP0005833,WH0004,PRD0049,2024-10-01,4009,1065,426
INVSNP0005834,WH0004,PRD0049,2024-11-01,5375,1065,426
INVSNP0005835,WH0004,PRD0049,2024-12-01,3745,1065,426
INVSNP0005836,WH0004,PRD0049,2025-01-01,4758,1065,426
INVSNP0005837,WH0004,PRD0049,2025-02-01,4356,1065,426
INVSNP0005838,WH0004,PRD0049,2025-03-01,4544,1065,426
INVSNP0005839,WH0004,PRD0049,2025-04-01,3291,1065,426
INVSNP0005840,WH0004,PRD0049,2025-05-01,3542,1065,426
INVSNP0005841,WH0004,PRD0049,2025-06-01,4238,1065,426
INVSNP0005842,WH0004,PRD0049,2025-07-01,4497,1065,426
INVSNP0005843,WH0004,PRD0049,2025-08-01,3901,1065,426
INVSNP0005844,WH0004,PRD0049,2025-09-01,4161,1065,426
INVSNP0005845,WH0004,PRD0049,2025-10-01,3698,1065,426
INVSNP0005846,WH0004,PRD0049,2025-11-01,5207,1065,426
INVSNP0005847,WH0004,PRD0049,2025-12-01,4666,1065,426
INVSNP0005848,WH0004,PRD0049,2026-01-01,4777,1065,426
INVSNP0005849,WH0004,PRD0049,2026-02-01,3495,1065,426
INVSNP0005850,WH0004,PRD0049,2026-03-01,3218,1065,426
INVSNP0005851,WH0004,PRD0049,2026-04-01,4620,1065,426
INVSNP0005852,WH0004,PRD0049,2026-05-01,4076,1065,426
INVSNP0005853,WH0004,PRD0049,2026-06-01,5252,1065,426
INVSNP0005854,WH0004,PRD0049,2026-07-01,3956,1065,426
INVSNP0005855,WH0004,PRD0049,2026-08-01,3979,1065,426
INVSNP0005856,WH0004,PRD0049,2026-09-01,4382,1065,426
INVSNP0005857,WH0004,PRD0055,2024-10-01,4352,1036,414
INVSNP0005858,WH0004,PRD0055,2024-11-01,4048,1036,414
INVSNP0005859,WH0004,PRD0055,2024-12-01,4325,1036,414
INVSNP0005860,WH0004,PRD0055,2025-01-01,4075,1036,414
INVSNP0005861,WH0004,PRD0055,2025-02-01,3972,1036,414
INVSNP0005862,WH0004,PRD0055,2025-03-01,4482,1036,414
INVSNP0005863,WH0004,PRD0055,2025-04-01,3781,1036,414
INVSNP0005864,WH0004,PRD0055,2025-05-01,4143,1036,414
INVSNP0005865,WH0004,PRD0055,2025-06-01,3693,1036,414
INVSNP0005866,WH0004,PRD0055,2025-07-01,4578,1036,414
INVSNP0005867,WH0004,PRD0055,2025-08-01,4796,1036,414
INVSNP0005868,WH0004,PRD0055,2025-09-01,3825,1036,414
INVSNP0005869,WH0004,PRD0055,2025-10-01,3706,1036,414
INVSNP0005870,WH0004,PRD0055,2025-11-01,4271,1036,414
INVSNP0005871,WH0004,PRD0055,2025-12-01,4561,1036,414
INVSNP0005872,WH0004,PRD0055,2026-01-01,4549,1036,414
INVSNP0005873,WH0004,PRD0055,2026-02-01,4649,1036,414
INVSNP0005874,WH0004,PRD0055,2026-03-01,4827,1036,414
INVSNP0005875,WH0004,PRD0055,2026-04-01,4165,1036,414
INVSNP0005876,WH0004,PRD0055,2026-05-01,3652,1036,414
INVSNP0005877,WH0004,PRD0055,2026-06-01,4107,1036,414
INVSNP0005878,WH0004,PRD0055,2026-07-01,4533,1036,414
INVSNP0005879,WH0004,PRD0055,2026-08-01,4821,1036,414
INVSNP0005880,WH0004,PRD0055,2026-09-01,3432,1036,414
INVSNP0005881,WH0004,PRD0110,2024-10-01,757,187,75
INVSNP0005882,WH0004,PRD0110,2024-11-01,629,187,75
INVSNP0005883,WH0004,PRD0110,2024-12-01,901,187,75
INVSNP0005884,WH0004,PRD0110,2025-01-01,733,187,75
INVSNP0005885,WH0004,PRD0110,2025-02-01,689,187,75
INVSNP0005886,WH0004,PRD0110,2025-03-01,594,187,75
INVSNP0005887,WH0004,PRD0110,2025-04-01,742,187,75
INVSNP0005888,WH0004,PRD0110,2025-05-01,901,187,75
INVSNP0005889,WH0004,PRD0110,2025-06-01,724,187,75
INVSNP0005890,WH0004,PRD0110,2025-07-01,835,187,75
INVSNP0005891,WH0004,PRD0110,2025-08-01,600,187,75
INVSNP0005892,WH0004,PRD0110,2025-09-01,661,187,75
INVSNP0005893,WH0004,PRD0110,2025-10-01,896,187,75
INVSNP0005894,WH0004,PRD0110,2025-11-01,827,187,75
INVSNP0005895,WH0004,PRD0110,2025-12-01,757,187,75
INVSNP0005896,WH0004,PRD0110,2026-01-01,691,187,75
INVSNP0005897,WH0004,PRD0110,2026-02-01,825,187,75
INVSNP0005898,WH0004,PRD0110,2026-03-01,755,187,75
INVSNP0005899,WH0004,PRD0110,2026-04-01,793,187,75
INVSNP0005900,WH0004,PRD0110,2026-05-01,1012,187,75
INVSNP0005901,WH0004,PRD0110,2026-06-01,739,187,75
INVSNP0005902,WH0004,PRD0110,2026-07-01,495,187,75
INVSNP0005903,WH0004,PRD0110,2026-08-01,761,187,75
INVSNP0005904,WH0004,PRD0110,2026-09-01,705,187,75
INVSNP0005905,WH0004,PRD0011,2024-10-01,1431,448,179
INVSNP0005906,WH0004,PRD0011,2024-11-01,2023,448,179
INVSNP0005907,WH0004,PRD0011,2024-12-01,1820,448,179
INVSNP0005908,WH0004,PRD0011,2025-01-01,2396,448,179
INVSNP0005909,WH0004,PRD0011,2025-02-01,1751,448,179
INVSNP0005910,WH0004,PRD0011,2025-03-01,1622,448,179
INVSNP0005911,WH0004,PRD0011,2025-04-01,1970,448,179
INVSNP0005912,WH0004,PRD0011,2025-05-01,1716,448,179
INVSNP0005913,WH0004,PRD0011,2025-06-01,1639,448,179
INVSNP0005914,WH0004,PRD0011,2025-07-01,2439,448,179
INVSNP0005915,WH0004,PRD0011,2025-08-01,2065,448,179
INVSNP0005916,WH0004,PRD0011,2025-09-01,1762,448,179
INVSNP0005917,WH0004,PRD0011,2025-10-01,1904,448,179
INVSNP0005918,WH0004,PRD0011,2025-11-01,2126,448,179
INVSNP0005919,WH0004,PRD0011,2025-12-01,1382,448,179
INVSNP0005920,WH0004,PRD0011,2026-01-01,1126,448,179
INVSNP0005921,WH0004,PRD0011,2026-02-01,1429,448,179
INVSNP0005922,WH0004,PRD0011,2026-03-01,1535,448,179
INVSNP0005923,WH0004,PRD0011,2026-04-01,1650,448,179
INVSNP0005924,WH0004,PRD0011,2026-05-01,2097,448,179
INVSNP0005925,WH0004,PRD0011,2026-06-01,1830,448,179
INVSNP0005926,WH0004,PRD0011,2026-07-01,2111,448,179
INVSNP0005927,WH0004,PRD0011,2026-08-01,2145,448,179
INVSNP0005928,WH0004,PRD0011,2026-09-01,1677,448,179
INVSNP0005929,WH0004,PRD0126,2024-10-01,3702,967,386
INVSNP0005930,WH0004,PRD0126,2024-11-01,4716,967,386
INVSNP0005931,WH0004,PRD0126,2024-12-01,3847,967,386
INVSNP0005932,WH0004,PRD0126,2025-01-01,5088,967,386
INVSNP0005933,WH0004,PRD0126,2025-02-01,3789,967,386
INVSNP0005934,WH0004,PRD0126,2025-03-01,2998,967,386
INVSNP0005935,WH0004,PRD0126,2025-04-01,4444,967,386
INVSNP0005936,WH0004,PRD0126,2025-05-01,3992,967,386
INVSNP0005937,WH0004,PRD0126,2025-06-01,3861,967,386
INVSNP0005938,WH0004,PRD0126,2025-07-01,3704,967,386
INVSNP0005939,WH0004,PRD0126,2025-08-01,3836,967,386
INVSNP0005940,WH0004,PRD0126,2025-09-01,4320,967,386
INVSNP0005941,WH0004,PRD0126,2025-10-01,2739,967,386
INVSNP0005942,WH0004,PRD0126,2025-11-01,3499,967,386
INVSNP0005943,WH0004,PRD0126,2025-12-01,3640,967,386
INVSNP0005944,WH0004,PRD0126,2026-01-01,4304,967,386
INVSNP0005945,WH0004,PRD0126,2026-02-01,4326,967,386
INVSNP0005946,WH0004,PRD0126,2026-03-01,3530,967,386
INVSNP0005947,WH0004,PRD0126,2026-04-01,3424,967,386
INVSNP0005948,WH0004,PRD0126,2026-05-01,4842,967,386
INVSNP0005949,WH0004,PRD0126,2026-06-01,4207,967,386
INVSNP0005950,WH0004,PRD0126,2026-07-01,4341,967,386
INVSNP0005951,WH0004,PRD0126,2026-08-01,4198,967,386
INVSNP0005952,WH0004,PRD0126,2026-09-01,3185,967,386
INVSNP0005953,WH0004,PRD0117,2024-10-01,2822,897,359
INVSNP0005954,WH0004,PRD0117,2024-11-01,3328,897,359
INVSNP0005955,WH0004,PRD0117,2024-12-01,5218,897,359
INVSNP0005956,WH0004,PRD0117,2025-01-01,2939,897,359
INVSNP0005957,WH0004,PRD0117,2025-02-01,3207,897,359
INVSNP0005958,WH0004,PRD0117,2025-03-01,3849,897,359
INVSNP0005959,WH0004,PRD0117,2025-04-01,2754,897,359
INVSNP0005960,WH0004,PRD0117,2025-05-01,3325,897,359
INVSNP0005961,WH0004,PRD0117,2025-06-01,3388,897,359
INVSNP0005962,WH0004,PRD0117,2025-07-01,4094,897,359
INVSNP0005963,WH0004,PRD0117,2025-08-01,3717,897,359
INVSNP0005964,WH0004,PRD0117,2025-09-01,4512,897,359
INVSNP0005965,WH0004,PRD0117,2025-10-01,4008,897,359
INVSNP0005966,WH0004,PRD0117,2025-11-01,3311,897,359
INVSNP0005967,WH0004,PRD0117,2025-12-01,3966,897,359
INVSNP0005968,WH0004,PRD0117,2026-01-01,3605,897,359
INVSNP0005969,WH0004,PRD0117,2026-02-01,3954,897,359
INVSNP0005970,WH0004,PRD0117,2026-03-01,3552,897,359
INVSNP0005971,WH0004,PRD0117,2026-04-01,2512,897,359
INVSNP0005972,WH0004,PRD0117,2026-05-01,3674,897,359
INVSNP0005973,WH0004,PRD0117,2026-06-01,3841,897,359
INVSNP0005974,WH0004,PRD0117,2026-07-01,3372,897,359
INVSNP0005975,WH0004,PRD0117,2026-08-01,3183,897,359
INVSNP0005976,WH0004,PRD0117,2026-09-01,3868,897,359
INVSNP0005977,WH0004,PRD0118,2024-10-01,3414,698,279
INVSNP0005978,WH0004,PRD0118,2024-11-01,2553,698,279
INVSNP0005979,WH0004,PRD0118,2024-12-01,2979,698,279
INVSNP0005980,WH0004,PRD0118,2025-01-01,3112,698,279
INVSNP0005981,WH0004,PRD0118,2025-02-01,3455,698,279
INVSNP0005982,WH0004,PRD0118,2025-03-01,1842,698,279
INVSNP0005983,WH0004,PRD0118,2025-04-01,3498,698,279
INVSNP0005984,WH0004,PRD0118,2025-05-01,3720,698,279
INVSNP0005985,WH0004,PRD0118,2025-06-01,3139,698,279
INVSNP0005986,WH0004,PRD0118,2025-07-01,2518,698,279
INVSNP0005987,WH0004,PRD0118,2025-08-01,3018,698,279
INVSNP0005988,WH0004,PRD0118,2025-09-01,2725,698,279
INVSNP0005989,WH0004,PRD0118,2025-10-01,2830,698,279
INVSNP0005990,WH0004,PRD0118,2025-11-01,2738,698,279
INVSNP0005991,WH0004,PRD0118,2025-12-01,2811,698,279
INVSNP0005992,WH0004,PRD0118,2026-01-01,2521,698,279
INVSNP0005993,WH0004,PRD0118,2026-02-01,2511,698,279
INVSNP0005994,WH0004,PRD0118,2026-03-01,3027,698,279
INVSNP0005995,WH0004,PRD0118,2026-04-01,3798,698,279
INVSNP0005996,WH0004,PRD0118,2026-05-01,3143,698,279
INVSNP0005997,WH0004,PRD0118,2026-06-01,2605,698,279
INVSNP0005998,WH0004,PRD0118,2026-07-01,3384,698,279
INVSNP0005999,WH0004,PRD0118,2026-08-01,2910,698,279
INVSNP0006000,WH0004,PRD0118,2026-09-01,2638,698,279
INVSNP0006001,WH0004,PRD0039,2024-10-01,2475,497,199
INVSNP0006002,WH0004,PRD0039,2024-11-01,1908,497,199
INVSNP0006003,WH0004,PRD0039,2024-12-01,1926,497,199
INVSNP0006004,WH0004,PRD0039,2025-01-01,1884,497,199
INVSNP0006005,WH0004,PRD0039,2025-02-01,1944,497,199
INVSNP0006006,WH0004,PRD0039,2025-03-01,1915,497,199
INVSNP0006007,WH0004,PRD0039,2025-04-01,2398,497,199
INVSNP0006008,WH0004,PRD0039,2025-05-01,1627,497,199
INVSNP0006009,WH0004,PRD0039,2025-06-01,1859,497,199
INVSNP0006010,WH0004,PRD0039,2025-07-01,1920,497,199
INVSNP0006011,WH0004,PRD0039,2025-08-01,2071,497,199
INVSNP0006012,WH0004,PRD0039,2025-09-01,2330,497,199
INVSNP0006013,WH0004,PRD0039,2025-10-01,1996,497,199
INVSNP0006014,WH0004,PRD0039,2025-11-01,2107,497,199
INVSNP0006015,WH0004,PRD0039,2025-12-01,1854,497,199
INVSNP0006016,WH0004,PRD0039,2026-01-01,1326,497,199
INVSNP0006017,WH0004,PRD0039,2026-02-01,1823,497,199
INVSNP0006018,WH0004,PRD0039,2026-03-01,1832,497,199
INVSNP0006019,WH0004,PRD0039,2026-04-01,1802,497,199
INVSNP0006020,WH0004,PRD0039,2026-05-01,2110,497,199
INVSNP0006021,WH0004,PRD0039,2026-06-01,2575,497,199
INVSNP0006022,WH0004,PRD0039,2026-07-01,1979,497,199
INVSNP0006023,WH0004,PRD0039,2026-08-01,1791,497,199
INVSNP0006024,WH0004,PRD0039,2026-09-01,2234,497,199
INVSNP0006025,WH0004,PRD0077,2024-10-01,2952,646,258
INVSNP0006026,WH0004,PRD0077,2024-11-01,2895,646,258
INVSNP0006027,WH0004,PRD0077,2024-12-01,2673,646,258
INVSNP0006028,WH0004,PRD0077,2025-01-01,2142,646,258
INVSNP0006029,WH0004,PRD0077,2025-02-01,2282,646,258
INVSNP0006030,WH0004,PRD0077,2025-03-01,2248,646,258
INVSNP0006031,WH0004,PRD0077,2025-04-01,3012,646,258
INVSNP0006032,WH0004,PRD0077,2025-05-01,3389,646,258
INVSNP0006033,WH0004,PRD0077,2025-06-01,2523,646,258
INVSNP0006034,WH0004,PRD0077,2025-07-01,2627,646,258
INVSNP0006035,WH0004,PRD0077,2025-08-01,2895,646,258
INVSNP0006036,WH0004,PRD0077,2025-09-01,2509,646,258
INVSNP0006037,WH0004,PRD0077,2025-10-01,2660,646,258
INVSNP0006038,WH0004,PRD0077,2025-11-01,2226,646,258
INVSNP0006039,WH0004,PRD0077,2025-12-01,2219,646,258
INVSNP0006040,WH0004,PRD0077,2026-01-01,2414,646,258
INVSNP0006041,WH0004,PRD0077,2026-02-01,3135,646,258
INVSNP0006042,WH0004,PRD0077,2026-03-01,3058,646,258
INVSNP0006043,WH0004,PRD0077,2026-04-01,2453,646,258
INVSNP0006044,WH0004,PRD0077,2026-05-01,3211,646,258
INVSNP0006045,WH0004,PRD0077,2026-06-01,3064,646,258
INVSNP0006046,WH0004,PRD0077,2026-07-01,2016,646,258
INVSNP0006047,WH0004,PRD0077,2026-08-01,2921,646,258
INVSNP0006048,WH0004,PRD0077,2026-09-01,2500,646,258
INVSNP0006049,WH0004,PRD0069,2024-10-01,2812,760,304
INVSNP0006050,WH0004,PRD0069,2024-11-01,3325,760,304
INVSNP0006051,WH0004,PRD0069,2024-12-01,3247,760,304
INVSNP0006052,WH0004,PRD0069,2025-01-01,2559,760,304
INVSNP0006053,WH0004,PRD0069,2025-02-01,2778,760,304
INVSNP0006054,WH0004,PRD0069,2025-03-01,2744,760,304
INVSNP0006055,WH0004,PRD0069,2025-04-01,3980,760,304
INVSNP0006056,WH0004,PRD0069,2025-05-01,2044,760,304
INVSNP0006057,WH0004,PRD0069,2025-06-01,3046,760,304
INVSNP0006058,WH0004,PRD0069,2025-07-01,3835,760,304
INVSNP0006059,WH0004,PRD0069,2025-08-01,3364,760,304
INVSNP0006060,WH0004,PRD0069,2025-09-01,3791,760,304
INVSNP0006061,WH0004,PRD0069,2025-10-01,2678,760,304
INVSNP0006062,WH0004,PRD0069,2025-11-01,3379,760,304
INVSNP0006063,WH0004,PRD0069,2025-12-01,3080,760,304
INVSNP0006064,WH0004,PRD0069,2026-01-01,3102,760,304
INVSNP0006065,WH0004,PRD0069,2026-02-01,2798,760,304
INVSNP0006066,WH0004,PRD0069,2026-03-01,3093,760,304
INVSNP0006067,WH0004,PRD0069,2026-04-01,3443,760,304
INVSNP0006068,WH0004,PRD0069,2026-05-01,2657,760,304
INVSNP0006069,WH0004,PRD0069,2026-06-01,2238,760,304
INVSNP0006070,WH0004,PRD0069,2026-07-01,3152,760,304
INVSNP0006071,WH0004,PRD0069,2026-08-01,2934,760,304
INVSNP0006072,WH0004,PRD0069,2026-09-01,3230,760,304
INVSNP0006073,WH0004,PRD0020,2024-10-01,696,132,53
INVSNP0006074,WH0004,PRD0020,2024-11-01,513,132,53
INVSNP0006075,WH0004,PRD0020,2024-12-01,641,132,53
INVSNP0006076,WH0004,PRD0020,2025-01-01,593,132,53
INVSNP0006077,WH0004,PRD0020,2025-02-01,476,132,53
INVSNP0006078,WH0004,PRD0020,2025-03-01,630,132,53
INVSNP0006079,WH0004,PRD0020,2025-04-01,420,132,53
INVSNP0006080,WH0004,PRD0020,2025-05-01,536,132,53
INVSNP0006081,WH0004,PRD0020,2025-06-01,536,132,53
INVSNP0006082,WH0004,PRD0020,2025-07-01,586,132,53
INVSNP0006083,WH0004,PRD0020,2025-08-01,576,132,53
INVSNP0006084,WH0004,PRD0020,2025-09-01,567,132,53
INVSNP0006085,WH0004,PRD0020,2025-10-01,463,132,53
INVSNP0006086,WH0004,PRD0020,2025-11-01,529,132,53
INVSNP0006087,WH0004,PRD0020,2025-12-01,566,132,53
INVSNP0006088,WH0004,PRD0020,2026-01-01,551,132,53
INVSNP0006089,WH0004,PRD0020,2026-02-01,563,132,53
INVSNP0006090,WH0004,PRD0020,2026-03-01,587,132,53
INVSNP0006091,WH0004,PRD0020,2026-04-01,492,132,53
INVSNP0006092,WH0004,PRD0020,2026-05-01,574,132,53
INVSNP0006093,WH0004,PRD0020,2026-06-01,636,132,53
INVSNP0006094,WH0004,PRD0020,2026-07-01,535,132,53
INVSNP0006095,WH0004,PRD0020,2026-08-01,592,132,53
INVSNP0006096,WH0004,PRD0020,2026-09-01,715,132,53
INVSNP0006097,WH0004,PRD0071,2024-10-01,3458,1087,435
INVSNP0006098,WH0004,PRD0071,2024-11-01,3119,1087,435
INVSNP0006099,WH0004,PRD0071,2024-12-01,5300,1087,435
INVSNP0006100,WH0004,PRD0071,2025-01-01,3393,1087,435
INVSNP0006101,WH0004,PRD0071,2025-02-01,4265,1087,435
INVSNP0006102,WH0004,PRD0071,2025-03-01,4158,1087,435
INVSNP0006103,WH0004,PRD0071,2025-04-01,5101,1087,435
INVSNP0006104,WH0004,PRD0071,2025-05-01,4914,1087,435
INVSNP0006105,WH0004,PRD0071,2025-06-01,4488,1087,435
INVSNP0006106,WH0004,PRD0071,2025-07-01,4718,1087,435
INVSNP0006107,WH0004,PRD0071,2025-08-01,4347,1087,435
INVSNP0006108,WH0004,PRD0071,2025-09-01,4716,1087,435
INVSNP0006109,WH0004,PRD0071,2025-10-01,4287,1087,435
INVSNP0006110,WH0004,PRD0071,2025-11-01,4552,1087,435
INVSNP0006111,WH0004,PRD0071,2025-12-01,4627,1087,435
INVSNP0006112,WH0004,PRD0071,2026-01-01,4622,1087,435
INVSNP0006113,WH0004,PRD0071,2026-02-01,4645,1087,435
INVSNP0006114,WH0004,PRD0071,2026-03-01,4163,1087,435
INVSNP0006115,WH0004,PRD0071,2026-04-01,3895,1087,435
INVSNP0006116,WH0004,PRD0071,2026-05-01,4368,1087,435
INVSNP0006117,WH0004,PRD0071,2026-06-01,3588,1087,435
INVSNP0006118,WH0004,PRD0071,2026-07-01,4784,1087,435
INVSNP0006119,WH0004,PRD0071,2026-08-01,4707,1087,435
INVSNP0006120,WH0004,PRD0071,2026-09-01,4112,1087,435
INVSNP0006121,WH0004,PRD0094,2024-10-01,1946,472,189
INVSNP0006122,WH0004,PRD0094,2024-11-01,2351,472,189
INVSNP0006123,WH0004,PRD0094,2024-12-01,2474,472,189
INVSNP0006124,WH0004,PRD0094,2025-01-01,1597,472,189
INVSNP0006125,WH0004,PRD0094,2025-02-01,1974,472,189
INVSNP0006126,WH0004,PRD0094,2025-03-01,1890,472,189
INVSNP0006127,WH0004,PRD0094,2025-04-01,1390,472,189
INVSNP0006128,WH0004,PRD0094,2025-05-01,2025,472,189
INVSNP0006129,WH0004,PRD0094,2025-06-01,1648,472,189
INVSNP0006130,WH0004,PRD0094,2025-07-01,1867,472,189
INVSNP0006131,WH0004,PRD0094,2025-08-01,1758,472,189
INVSNP0006132,WH0004,PRD0094,2025-09-01,1736,472,189
INVSNP0006133,WH0004,PRD0094,2025-10-01,1504,472,189
INVSNP0006134,WH0004,PRD0094,2025-11-01,1591,472,189
INVSNP0006135,WH0004,PRD0094,2025-12-01,2533,472,189
INVSNP0006136,WH0004,PRD0094,2026-01-01,1937,472,189
INVSNP0006137,WH0004,PRD0094,2026-02-01,1859,472,189
INVSNP0006138,WH0004,PRD0094,2026-03-01,2280,472,189
INVSNP0006139,WH0004,PRD0094,2026-04-01,1620,472,189
INVSNP0006140,WH0004,PRD0094,2026-05-01,1453,472,189
INVSNP0006141,WH0004,PRD0094,2026-06-01,1671,472,189
INVSNP0006142,WH0004,PRD0094,2026-07-01,2240,472,189
INVSNP0006143,WH0004,PRD0094,2026-08-01,1667,472,189
INVSNP0006144,WH0004,PRD0094,2026-09-01,1995,472,189
INVSNP0006145,WH0004,PRD0023,2024-10-01,592,157,63
INVSNP0006146,WH0004,PRD0023,2024-11-01,477,157,63
INVSNP0006147,WH0004,PRD0023,2024-12-01,840,157,63
INVSNP0006148,WH0004,PRD0023,2025-01-01,728,157,63
INVSNP0006149,WH0004,PRD0023,2025-02-01,639,157,63
INVSNP0006150,WH0004,PRD0023,2025-03-01,583,157,63
INVSNP0006151,WH0004,PRD0023,2025-04-01,760,157,63
INVSNP0006152,WH0004,PRD0023,2025-05-01,560,157,63
INVSNP0006153,WH0004,PRD0023,2025-06-01,842,157,63
INVSNP0006154,WH0004,PRD0023,2025-07-01,574,157,63
INVSNP0006155,WH0004,PRD0023,2025-08-01,638,157,63
INVSNP0006156,WH0004,PRD0023,2025-09-01,710,157,63
INVSNP0006157,WH0004,PRD0023,2025-10-01,573,157,63
INVSNP0006158,WH0004,PRD0023,2025-11-01,622,157,63
INVSNP0006159,WH0004,PRD0023,2025-12-01,648,157,63
INVSNP0006160,WH0004,PRD0023,2026-01-01,580,157,63
INVSNP0006161,WH0004,PRD0023,2026-02-01,680,157,63
INVSNP0006162,WH0004,PRD0023,2026-03-01,514,157,63
INVSNP0006163,WH0004,PRD0023,2026-04-01,392,157,63
INVSNP0006164,WH0004,PRD0023,2026-05-01,458,157,63
INVSNP0006165,WH0004,PRD0023,2026-06-01,611,157,63
INVSNP0006166,WH0004,PRD0023,2026-07-01,655,157,63
INVSNP0006167,WH0004,PRD0023,2026-08-01,555,157,63
INVSNP0006168,WH0004,PRD0023,2026-09-01,659,157,63
INVSNP0006169,WH0004,PRD0033,2024-10-01,402,131,52
INVSNP0006170,WH0004,PRD0033,2024-11-01,525,131,52
INVSNP0006171,WH0004,PRD0033,2024-12-01,401,131,52
INVSNP0006172,WH0004,PRD0033,2025-01-01,567,131,52
INVSNP0006173,WH0004,PRD0033,2025-02-01,437,131,52
INVSNP0006174,WH0004,PRD0033,2025-03-01,483,131,52
INVSNP0006175,WH0004,PRD0033,2025-04-01,384,131,52
INVSNP0006176,WH0004,PRD0033,2025-05-01,605,131,52
INVSNP0006177,WH0004,PRD0033,2025-06-01,748,131,52
INVSNP0006178,WH0004,PRD0033,2025-07-01,553,131,52
INVSNP0006179,WH0004,PRD0033,2025-08-01,315,131,52
INVSNP0006180,WH0004,PRD0033,2025-09-01,409,131,52
INVSNP0006181,WH0004,PRD0033,2025-10-01,374,131,52
INVSNP0006182,WH0004,PRD0033,2025-11-01,441,131,52
INVSNP0006183,WH0004,PRD0033,2025-12-01,574,131,52
INVSNP0006184,WH0004,PRD0033,2026-01-01,440,131,52
INVSNP0006185,WH0004,PRD0033,2026-02-01,445,131,52
INVSNP0006186,WH0004,PRD0033,2026-03-01,508,131,52
INVSNP0006187,WH0004,PRD0033,2026-04-01,563,131,52
INVSNP0006188,WH0004,PRD0033,2026-05-01,475,131,52
INVSNP0006189,WH0004,PRD0033,2026-06-01,528,131,52
INVSNP0006190,WH0004,PRD0033,2026-07-01,536,131,52
INVSNP0006191,WH0004,PRD0033,2026-08-01,538,131,52
INVSNP0006192,WH0004,PRD0033,2026-09-01,463,131,52
INVSNP0006193,WH0004,PRD0125,2024-10-01,2078,556,222
INVSNP0006194,WH0004,PRD0125,2024-11-01,1827,556,222
INVSNP0006195,WH0004,PRD0125,2024-12-01,2269,556,222
INVSNP0006196,WH0004,PRD0125,2025-01-01,2296,556,222
INVSNP0006197,WH0004,PRD0125,2025-02-01,2304,556,222
INVSNP0006198,WH0004,PRD0125,2025-03-01,2959,556,222
INVSNP0006199,WH0004,PRD0125,2025-04-01,2326,556,222
INVSNP0006200,WH0004,PRD0125,2025-05-01,1974,556,222
INVSNP0006201,WH0004,PRD0125,2025-06-01,2424,556,222
INVSNP0006202,WH0004,PRD0125,2025-07-01,2366,556,222
INVSNP0006203,WH0004,PRD0125,2025-08-01,2679,556,222
INVSNP0006204,WH0004,PRD0125,2025-09-01,2271,556,222
INVSNP0006205,WH0004,PRD0125,2025-10-01,2343,556,222
INVSNP0006206,WH0004,PRD0125,2025-11-01,2457,556,222
INVSNP0006207,WH0004,PRD0125,2025-12-01,2221,556,222
INVSNP0006208,WH0004,PRD0125,2026-01-01,2702,556,222
INVSNP0006209,WH0004,PRD0125,2026-02-01,1750,556,222
INVSNP0006210,WH0004,PRD0125,2026-03-01,2382,556,222
INVSNP0006211,WH0004,PRD0125,2026-04-01,2545,556,222
INVSNP0006212,WH0004,PRD0125,2026-05-01,2390,556,222
INVSNP0006213,WH0004,PRD0125,2026-06-01,2040,556,222
INVSNP0006214,WH0004,PRD0125,2026-07-01,2199,556,222
INVSNP0006215,WH0004,PRD0125,2026-08-01,2901,556,222
INVSNP0006216,WH0004,PRD0125,2026-09-01,2466,556,222
INVSNP0006217,WH0004,PRD0060,2024-10-01,2026,485,194
INVSNP0006218,WH0004,PRD0060,2024-11-01,2468,485,194
INVSNP0006219,WH0004,PRD0060,2024-12-01,1646,485,194
INVSNP0006220,WH0004,PRD0060,2025-01-01,2102,485,194
INVSNP0006221,WH0004,PRD0060,2025-02-01,1874,485,194
INVSNP0006222,WH0004,PRD0060,2025-03-01,2454,485,194
INVSNP0006223,WH0004,PRD0060,2025-04-01,1967,485,194
INVSNP0006224,WH0004,PRD0060,2025-05-01,2410,485,194
INVSNP0006225,WH0004,PRD0060,2025-06-01,1459,485,194
INVSNP0006226,WH0004,PRD0060,2025-07-01,1588,485,194
INVSNP0006227,WH0004,PRD0060,2025-08-01,1623,485,194
INVSNP0006228,WH0004,PRD0060,2025-09-01,1764,485,194
INVSNP0006229,WH0004,PRD0060,2025-10-01,1547,485,194
INVSNP0006230,WH0004,PRD0060,2025-11-01,2755,485,194
INVSNP0006231,WH0004,PRD0060,2025-12-01,1547,485,194
INVSNP0006232,WH0004,PRD0060,2026-01-01,1430,485,194
INVSNP0006233,WH0004,PRD0060,2026-02-01,1814,485,194
INVSNP0006234,WH0004,PRD0060,2026-03-01,1443,485,194
INVSNP0006235,WH0004,PRD0060,2026-04-01,1612,485,194
INVSNP0006236,WH0004,PRD0060,2026-05-01,2049,485,194
INVSNP0006237,WH0004,PRD0060,2026-06-01,2019,485,194
INVSNP0006238,WH0004,PRD0060,2026-07-01,1556,485,194
INVSNP0006239,WH0004,PRD0060,2026-08-01,1984,485,194
INVSNP0006240,WH0004,PRD0060,2026-09-01,2346,485,194
INVSNP0006241,WH0004,PRD0129,2024-10-01,3863,1112,444
INVSNP0006242,WH0004,PRD0129,2024-11-01,3609,1112,444
INVSNP0006243,WH0004,PRD0129,2024-12-01,5254,1112,444
INVSNP0006244,WH0004,PRD0129,2025-01-01,5361,1112,444
INVSNP0006245,WH0004,PRD0129,2025-02-01,4340,1112,444
INVSNP0006246,WH0004,PRD0129,2025-03-01,4965,1112,444
INVSNP0006247,WH0004,PRD0129,2025-04-01,5401,1112,444
INVSNP0006248,WH0004,PRD0129,2025-05-01,4312,1112,444
INVSNP0006249,WH0004,PRD0129,2025-06-01,3718,1112,444
INVSNP0006250,WH0004,PRD0129,2025-07-01,5455,1112,444
INVSNP0006251,WH0004,PRD0129,2025-08-01,5218,1112,444
INVSNP0006252,WH0004,PRD0129,2025-09-01,6088,1112,444
INVSNP0006253,WH0004,PRD0129,2025-10-01,3418,1112,444
INVSNP0006254,WH0004,PRD0129,2025-11-01,5464,1112,444
INVSNP0006255,WH0004,PRD0129,2025-12-01,5025,1112,444
INVSNP0006256,WH0004,PRD0129,2026-01-01,5749,1112,444
INVSNP0006257,WH0004,PRD0129,2026-02-01,4251,1112,444
INVSNP0006258,WH0004,PRD0129,2026-03-01,4567,1112,444
INVSNP0006259,WH0004,PRD0129,2026-04-01,4050,1112,444
INVSNP0006260,WH0004,PRD0129,2026-05-01,4133,1112,444
INVSNP0006261,WH0004,PRD0129,2026-06-01,3911,1112,444
INVSNP0006262,WH0004,PRD0129,2026-07-01,3942,1112,444
INVSNP0006263,WH0004,PRD0129,2026-08-01,4367,1112,444
INVSNP0006264,WH0004,PRD0129,2026-09-01,3733,1112,444
INVSNP0006265,WH0004,PRD0059,2024-10-01,4380,886,354
INVSNP0006266,WH0004,PRD0059,2024-11-01,3512,886,354
INVSNP0006267,WH0004,PRD0059,2024-12-01,3065,886,354
INVSNP0006268,WH0004,PRD0059,2025-01-01,2978,886,354
INVSNP0006269,WH0004,PRD0059,2025-02-01,3104,886,354
INVSNP0006270,WH0004,PRD0059,2025-03-01,3681,886,354
INVSNP0006271,WH0004,PRD0059,2025-04-01,3232,886,354
INVSNP0006272,WH0004,PRD0059,2025-05-01,3280,886,354
INVSNP0006273,WH0004,PRD0059,2025-06-01,3502,886,354
INVSNP0006274,WH0004,PRD0059,2025-07-01,4064,886,354
INVSNP0006275,WH0004,PRD0059,2025-08-01,3634,886,354
INVSNP0006276,WH0004,PRD0059,2025-09-01,2151,886,354
INVSNP0006277,WH0004,PRD0059,2025-10-01,2944,886,354
INVSNP0006278,WH0004,PRD0059,2025-11-01,3945,886,354
INVSNP0006279,WH0004,PRD0059,2025-12-01,3122,886,354
INVSNP0006280,WH0004,PRD0059,2026-01-01,4731,886,354
INVSNP0006281,WH0004,PRD0059,2026-02-01,3455,886,354
INVSNP0006282,WH0004,PRD0059,2026-03-01,3915,886,354
INVSNP0006283,WH0004,PRD0059,2026-04-01,3662,886,354
INVSNP0006284,WH0004,PRD0059,2026-05-01,3242,886,354
INVSNP0006285,WH0004,PRD0059,2026-06-01,2831,886,354
INVSNP0006286,WH0004,PRD0059,2026-07-01,3287,886,354
INVSNP0006287,WH0004,PRD0059,2026-08-01,3854,886,354
INVSNP0006288,WH0004,PRD0059,2026-09-01,3902,886,354
INVSNP0006289,WH0004,PRD0037,2024-10-01,1408,349,139
INVSNP0006290,WH0004,PRD0037,2024-11-01,1596,349,139
INVSNP0006291,WH0004,PRD0037,2024-12-01,1474,349,139
INVSNP0006292,WH0004,PRD0037,2025-01-01,1546,349,139
INVSNP0006293,WH0004,PRD0037,2025-02-01,1866,349,139
INVSNP0006294,WH0004,PRD0037,2025-03-01,1374,349,139
INVSNP0006295,WH0004,PRD0037,2025-04-01,1676,349,139
INVSNP0006296,WH0004,PRD0037,2025-05-01,1521,349,139
INVSNP0006297,WH0004,PRD0037,2025-06-01,1350,349,139
INVSNP0006298,WH0004,PRD0037,2025-07-01,1488,349,139
INVSNP0006299,WH0004,PRD0037,2025-08-01,1226,349,139
INVSNP0006300,WH0004,PRD0037,2025-09-01,1506,349,139
INVSNP0006301,WH0004,PRD0037,2025-10-01,1655,349,139
INVSNP0006302,WH0004,PRD0037,2025-11-01,1350,349,139
INVSNP0006303,WH0004,PRD0037,2025-12-01,1113,349,139
INVSNP0006304,WH0004,PRD0037,2026-01-01,1192,349,139
INVSNP0006305,WH0004,PRD0037,2026-02-01,1280,349,139
INVSNP0006306,WH0004,PRD0037,2026-03-01,1540,349,139
INVSNP0006307,WH0004,PRD0037,2026-04-01,1542,349,139
INVSNP0006308,WH0004,PRD0037,2026-05-01,1372,349,139
INVSNP0006309,WH0004,PRD0037,2026-06-01,1433,349,139
INVSNP0006310,WH0004,PRD0037,2026-07-01,1315,349,139
INVSNP0006311,WH0004,PRD0037,2026-08-01,1587,349,139
INVSNP0006312,WH0004,PRD0037,2026-09-01,1387,349,139
INVSNP0006313,WH0004,PRD0123,2024-10-01,4090,1087,434
INVSNP0006314,WH0004,PRD0123,2024-11-01,4826,1087,434
INVSNP0006315,WH0004,PRD0123,2024-12-01,5052,1087,434
INVSNP0006316,WH0004,PRD0123,2025-01-01,3663,1087,434
INVSNP0006317,WH0004,PRD0123,2025-02-01,3825,1087,434
INVSNP0006318,WH0004,PRD0123,2025-03-01,4814,1087,434
INVSNP0006319,WH0004,PRD0123,2025-04-01,4878,1087,434
INVSNP0006320,WH0004,PRD0123,2025-05-01,4890,1087,434
INVSNP0006321,WH0004,PRD0123,2025-06-01,4966,1087,434
INVSNP0006322,WH0004,PRD0123,2025-07-01,5203,1087,434
INVSNP0006323,WH0004,PRD0123,2025-08-01,5061,1087,434
INVSNP0006324,WH0004,PRD0123,2025-09-01,3566,1087,434
INVSNP0006325,WH0004,PRD0123,2025-10-01,3945,1087,434
INVSNP0006326,WH0004,PRD0123,2025-11-01,3442,1087,434
INVSNP0006327,WH0004,PRD0123,2025-12-01,4733,1087,434
INVSNP0006328,WH0004,PRD0123,2026-01-01,3770,1087,434
INVSNP0006329,WH0004,PRD0123,2026-02-01,4286,1087,434
INVSNP0006330,WH0004,PRD0123,2026-03-01,4621,1087,434
INVSNP0006331,WH0004,PRD0123,2026-04-01,3585,1087,434
INVSNP0006332,WH0004,PRD0123,2026-05-01,3684,1087,434
INVSNP0006333,WH0004,PRD0123,2026-06-01,4684,1087,434
INVSNP0006334,WH0004,PRD0123,2026-07-01,3887,1087,434
INVSNP0006335,WH0004,PRD0123,2026-08-01,4765,1087,434
INVSNP0006336,WH0004,PRD0123,2026-09-01,3120,1087,434
INVSNP0006337,WH0004,PRD0072,2024-10-01,2571,692,277
INVSNP0006338,WH0004,PRD0072,2024-11-01,2326,692,277
INVSNP0006339,WH0004,PRD0072,2024-12-01,2556,692,277
INVSNP0006340,WH0004,PRD0072,2025-01-01,2718,692,277
INVSNP0006341,WH0004,PRD0072,2025-02-01,2587,692,277
INVSNP0006342,WH0004,PRD0072,2025-03-01,1877,692,277
INVSNP0006343,WH0004,PRD0072,2025-04-01,2852,692,277
INVSNP0006344,WH0004,PRD0072,2025-05-01,2740,692,277
INVSNP0006345,WH0004,PRD0072,2025-06-01,3073,692,277
INVSNP0006346,WH0004,PRD0072,2025-07-01,2617,692,277
INVSNP0006347,WH0004,PRD0072,2025-08-01,2281,692,277
INVSNP0006348,WH0004,PRD0072,2025-09-01,2584,692,277
INVSNP0006349,WH0004,PRD0072,2025-10-01,2066,692,277
INVSNP0006350,WH0004,PRD0072,2025-11-01,3011,692,277
INVSNP0006351,WH0004,PRD0072,2025-12-01,2796,692,277
INVSNP0006352,WH0004,PRD0072,2026-01-01,2777,692,277
INVSNP0006353,WH0004,PRD0072,2026-02-01,2561,692,277
INVSNP0006354,WH0004,PRD0072,2026-03-01,2889,692,277
INVSNP0006355,WH0004,PRD0072,2026-04-01,2024,692,277
INVSNP0006356,WH0004,PRD0072,2026-05-01,2416,692,277
INVSNP0006357,WH0004,PRD0072,2026-06-01,2929,692,277
INVSNP0006358,WH0004,PRD0072,2026-07-01,3523,692,277
INVSNP0006359,WH0004,PRD0072,2026-08-01,3166,692,277
INVSNP0006360,WH0004,PRD0072,2026-09-01,2695,692,277
INVSNP0006361,WH0004,PRD0145,2024-10-01,544,154,61
INVSNP0006362,WH0004,PRD0145,2024-11-01,615,154,61
INVSNP0006363,WH0004,PRD0145,2024-12-01,608,154,61
INVSNP0006364,WH0004,PRD0145,2025-01-01,507,154,61
INVSNP0006365,WH0004,PRD0145,2025-02-01,667,154,61
INVSNP0006366,WH0004,PRD0145,2025-03-01,609,154,61
INVSNP0006367,WH0004,PRD0145,2025-04-01,587,154,61
INVSNP0006368,WH0004,PRD0145,2025-05-01,586,154,61
INVSNP0006369,WH0004,PRD0145,2025-06-01,446,154,61
INVSNP0006370,WH0004,PRD0145,2025-07-01,627,154,61
INVSNP0006371,WH0004,PRD0145,2025-08-01,677,154,61
INVSNP0006372,WH0004,PRD0145,2025-09-01,526,154,61
INVSNP0006373,WH0004,PRD0145,2025-10-01,702,154,61
INVSNP0006374,WH0004,PRD0145,2025-11-01,381,154,61
INVSNP0006375,WH0004,PRD0145,2025-12-01,659,154,61
INVSNP0006376,WH0004,PRD0145,2026-01-01,609,154,61
INVSNP0006377,WH0004,PRD0145,2026-02-01,754,154,61
INVSNP0006378,WH0004,PRD0145,2026-03-01,514,154,61
INVSNP0006379,WH0004,PRD0145,2026-04-01,602,154,61
INVSNP0006380,WH0004,PRD0145,2026-05-01,668,154,61
INVSNP0006381,WH0004,PRD0145,2026-06-01,734,154,61
INVSNP0006382,WH0004,PRD0145,2026-07-01,486,154,61
INVSNP0006383,WH0004,PRD0145,2026-08-01,780,154,61
INVSNP0006384,WH0004,PRD0145,2026-09-01,416,154,61
INVSNP0006385,WH0004,PRD0062,2024-10-01,3649,1034,413
INVSNP0006386,WH0004,PRD0062,2024-11-01,4776,1034,413
INVSNP0006387,WH0004,PRD0062,2024-12-01,3234,1034,413
INVSNP0006388,WH0004,PRD0062,2025-01-01,4313,1034,413
INVSNP0006389,WH0004,PRD0062,2025-02-01,3286,1034,413
INVSNP0006390,WH0004,PRD0062,2025-03-01,5307,1034,413
INVSNP0006391,WH0004,PRD0062,2025-04-01,3708,1034,413
INVSNP0006392,WH0004,PRD0062,2025-05-01,4044,1034,413
INVSNP0006393,WH0004,PRD0062,2025-06-01,3556,1034,413
INVSNP0006394,WH0004,PRD0062,2025-07-01,3344,1034,413
INVSNP0006395,WH0004,PRD0062,2025-08-01,4903,1034,413
INVSNP0006396,WH0004,PRD0062,2025-09-01,4010,1034,413
INVSNP0006397,WH0004,PRD0062,2025-10-01,3988,1034,413
INVSNP0006398,WH0004,PRD0062,2025-11-01,4242,1034,413
INVSNP0006399,WH0004,PRD0062,2025-12-01,4616,1034,413
INVSNP0006400,WH0004,PRD0062,2026-01-01,4598,1034,413
INVSNP0006401,WH0004,PRD0062,2026-02-01,4247,1034,413
INVSNP0006402,WH0004,PRD0062,2026-03-01,3680,1034,413
INVSNP0006403,WH0004,PRD0062,2026-04-01,4189,1034,413
INVSNP0006404,WH0004,PRD0062,2026-05-01,4403,1034,413
INVSNP0006405,WH0004,PRD0062,2026-06-01,3604,1034,413
INVSNP0006406,WH0004,PRD0062,2026-07-01,3213,1034,413
INVSNP0006407,WH0004,PRD0062,2026-08-01,4467,1034,413
INVSNP0006408,WH0004,PRD0062,2026-09-01,4611,1034,413
INVSNP0006409,WH0004,PRD0010,2024-10-01,3675,982,392
INVSNP0006410,WH0004,PRD0010,2024-11-01,3996,982,392
INVSNP0006411,WH0004,PRD0010,2024-12-01,4248,982,392
INVSNP0006412,WH0004,PRD0010,2025-01-01,3401,982,392
INVSNP0006413,WH0004,PRD0010,2025-02-01,2699,982,392
INVSNP0006414,WH0004,PRD0010,2025-03-01,4651,982,392
INVSNP0006415,WH0004,PRD0010,2025-04-01,4488,982,392
INVSNP0006416,WH0004,PRD0010,2025-05-01,3555,982,392
INVSNP0006417,WH0004,PRD0010,2025-06-01,4217,982,392
INVSNP0006418,WH0004,PRD0010,2025-07-01,3742,982,392
INVSNP0006419,WH0004,PRD0010,2025-08-01,3518,982,392
INVSNP0006420,WH0004,PRD0010,2025-09-01,3582,982,392
INVSNP0006421,WH0004,PRD0010,2025-10-01,3656,982,392
INVSNP0006422,WH0004,PRD0010,2025-11-01,4058,982,392
INVSNP0006423,WH0004,PRD0010,2025-12-01,4686,982,392
INVSNP0006424,WH0004,PRD0010,2026-01-01,4030,982,392
INVSNP0006425,WH0004,PRD0010,2026-02-01,3026,982,392
INVSNP0006426,WH0004,PRD0010,2026-03-01,4067,982,392
INVSNP0006427,WH0004,PRD0010,2026-04-01,4305,982,392
INVSNP0006428,WH0004,PRD0010,2026-05-01,3616,982,392
INVSNP0006429,WH0004,PRD0010,2026-06-01,3372,982,392
INVSNP0006430,WH0004,PRD0010,2026-07-01,4115,982,392
INVSNP0006431,WH0004,PRD0010,2026-08-01,4306,982,392
INVSNP0006432,WH0004,PRD0010,2026-09-01,2509,982,392
INVSNP0006433,WH0005,PRD0035,2024-10-01,3521,1017,406
INVSNP0006434,WH0005,PRD0035,2024-11-01,3846,1017,406
INVSNP0006435,WH0005,PRD0035,2024-12-01,3945,1017,406
INVSNP0006436,WH0005,PRD0035,2025-01-01,3723,1017,406
INVSNP0006437,WH0005,PRD0035,2025-02-01,3848,1017,406
INVSNP0006438,WH0005,PRD0035,2025-03-01,3910,1017,406
INVSNP0006439,WH0005,PRD0035,2025-04-01,3912,1017,406
INVSNP0006440,WH0005,PRD0035,2025-05-01,4587,1017,406
INVSNP0006441,WH0005,PRD0035,2025-06-01,4030,1017,406
INVSNP0006442,WH0005,PRD0035,2025-07-01,5044,1017,406
INVSNP0006443,WH0005,PRD0035,2025-08-01,3350,1017,406
INVSNP0006444,WH0005,PRD0035,2025-09-01,3959,1017,406
INVSNP0006445,WH0005,PRD0035,2025-10-01,3651,1017,406
INVSNP0006446,WH0005,PRD0035,2025-11-01,4123,1017,406
INVSNP0006447,WH0005,PRD0035,2025-12-01,4079,1017,406
INVSNP0006448,WH0005,PRD0035,2026-01-01,3545,1017,406
INVSNP0006449,WH0005,PRD0035,2026-02-01,3566,1017,406
INVSNP0006450,WH0005,PRD0035,2026-03-01,3991,1017,406
INVSNP0006451,WH0005,PRD0035,2026-04-01,5621,1017,406
INVSNP0006452,WH0005,PRD0035,2026-05-01,3593,1017,406
INVSNP0006453,WH0005,PRD0035,2026-06-01,4010,1017,406
INVSNP0006454,WH0005,PRD0035,2026-07-01,3666,1017,406
INVSNP0006455,WH0005,PRD0035,2026-08-01,3432,1017,406
INVSNP0006456,WH0005,PRD0035,2026-09-01,3963,1017,406
INVSNP0006457,WH0005,PRD0121,2024-10-01,3708,1218,487
INVSNP0006458,WH0005,PRD0121,2024-11-01,4405,1218,487
INVSNP0006459,WH0005,PRD0121,2024-12-01,4117,1218,487
INVSNP0006460,WH0005,PRD0121,2025-01-01,4049,1218,487
INVSNP0006461,WH0005,PRD0121,2025-02-01,4591,1218,487
INVSNP0006462,WH0005,PRD0121,2025-03-01,4645,1218,487
INVSNP0006463,WH0005,PRD0121,2025-04-01,4345,1218,487
INVSNP0006464,WH0005,PRD0121,2025-05-01,5058,1218,487
INVSNP0006465,WH0005,PRD0121,2025-06-01,5070,1218,487
INVSNP0006466,WH0005,PRD0121,2025-07-01,3806,1218,487
INVSNP0006467,WH0005,PRD0121,2025-08-01,5485,1218,487
INVSNP0006468,WH0005,PRD0121,2025-09-01,3981,1218,487
INVSNP0006469,WH0005,PRD0121,2025-10-01,3172,1218,487
INVSNP0006470,WH0005,PRD0121,2025-11-01,4753,1218,487
INVSNP0006471,WH0005,PRD0121,2025-12-01,4708,1218,487
INVSNP0006472,WH0005,PRD0121,2026-01-01,5352,1218,487
INVSNP0006473,WH0005,PRD0121,2026-02-01,5699,1218,487
INVSNP0006474,WH0005,PRD0121,2026-03-01,4614,1218,487
INVSNP0006475,WH0005,PRD0121,2026-04-01,3872,1218,487
INVSNP0006476,WH0005,PRD0121,2026-05-01,4032,1218,487
INVSNP0006477,WH0005,PRD0121,2026-06-01,3942,1218,487
INVSNP0006478,WH0005,PRD0121,2026-07-01,4072,1218,487
INVSNP0006479,WH0005,PRD0121,2026-08-01,5784,1218,487
INVSNP0006480,WH0005,PRD0121,2026-09-01,5732,1218,487
INVSNP0006481,WH0005,PRD0051,2024-10-01,3944,946,378
INVSNP0006482,WH0005,PRD0051,2024-11-01,4185,946,378
INVSNP0006483,WH0005,PRD0051,2024-12-01,3628,946,378
INVSNP0006484,WH0005,PRD0051,2025-01-01,3529,946,378
INVSNP0006485,WH0005,PRD0051,2025-02-01,4286,946,378
INVSNP0006486,WH0005,PRD0051,2025-03-01,4007,946,378
INVSNP0006487,WH0005,PRD0051,2025-04-01,3457,946,378
INVSNP0006488,WH0005,PRD0051,2025-05-01,3418,946,378
INVSNP0006489,WH0005,PRD0051,2025-06-01,3108,946,378
INVSNP0006490,WH0005,PRD0051,2025-07-01,4350,946,378
INVSNP0006491,WH0005,PRD0051,2025-08-01,4347,946,378
INVSNP0006492,WH0005,PRD0051,2025-09-01,4111,946,378
INVSNP0006493,WH0005,PRD0051,2025-10-01,3876,946,378
INVSNP0006494,WH0005,PRD0051,2025-11-01,3854,946,378
INVSNP0006495,WH0005,PRD0051,2025-12-01,3686,946,378
INVSNP0006496,WH0005,PRD0051,2026-01-01,4208,946,378
INVSNP0006497,WH0005,PRD0051,2026-02-01,4700,946,378
INVSNP0006498,WH0005,PRD0051,2026-03-01,3541,946,378
INVSNP0006499,WH0005,PRD0051,2026-04-01,4325,946,378
INVSNP0006500,WH0005,PRD0051,2026-05-01,2853,946,378
INVSNP0006501,WH0005,PRD0051,2026-06-01,4843,946,378
INVSNP0006502,WH0005,PRD0051,2026-07-01,3888,946,378
INVSNP0006503,WH0005,PRD0051,2026-08-01,3287,946,378
INVSNP0006504,WH0005,PRD0051,2026-09-01,4201,946,378
INVSNP0006505,WH0005,PRD0040,2024-10-01,2382,785,314
INVSNP0006506,WH0005,PRD0040,2024-11-01,3119,785,314
INVSNP0006507,WH0005,PRD0040,2024-12-01,2839,785,314
INVSNP0006508,WH0005,PRD0040,2025-01-01,3075,785,314
INVSNP0006509,WH0005,PRD0040,2025-02-01,3450,785,314
INVSNP0006510,WH0005,PRD0040,2025-03-01,3072,785,314
INVSNP0006511,WH0005,PRD0040,2025-04-01,3401,785,314
INVSNP0006512,WH0005,PRD0040,2025-05-01,2146,785,314
INVSNP0006513,WH0005,PRD0040,2025-06-01,2437,785,314
INVSNP0006514,WH0005,PRD0040,2025-07-01,3215,785,314
INVSNP0006515,WH0005,PRD0040,2025-08-01,2901,785,314
INVSNP0006516,WH0005,PRD0040,2025-09-01,4038,785,314
INVSNP0006517,WH0005,PRD0040,2025-10-01,3789,785,314
INVSNP0006518,WH0005,PRD0040,2025-11-01,3209,785,314
INVSNP0006519,WH0005,PRD0040,2025-12-01,2493,785,314
INVSNP0006520,WH0005,PRD0040,2026-01-01,3322,785,314
INVSNP0006521,WH0005,PRD0040,2026-02-01,3196,785,314
INVSNP0006522,WH0005,PRD0040,2026-03-01,3340,785,314
INVSNP0006523,WH0005,PRD0040,2026-04-01,3380,785,314
INVSNP0006524,WH0005,PRD0040,2026-05-01,3792,785,314
INVSNP0006525,WH0005,PRD0040,2026-06-01,3255,785,314
INVSNP0006526,WH0005,PRD0040,2026-07-01,3264,785,314
INVSNP0006527,WH0005,PRD0040,2026-08-01,3374,785,314
INVSNP0006528,WH0005,PRD0040,2026-09-01,2773,785,314
INVSNP0006529,WH0005,PRD0049,2024-10-01,692,155,62
INVSNP0006530,WH0005,PRD0049,2024-11-01,516,155,62
INVSNP0006531,WH0005,PRD0049,2024-12-01,740,155,62
INVSNP0006532,WH0005,PRD0049,2025-01-01,428,155,62
INVSNP0006533,WH0005,PRD0049,2025-02-01,555,155,62
INVSNP0006534,WH0005,PRD0049,2025-03-01,732,155,62
INVSNP0006535,WH0005,PRD0049,2025-04-01,602,155,62
INVSNP0006536,WH0005,PRD0049,2025-05-01,584,155,62
INVSNP0006537,WH0005,PRD0049,2025-06-01,520,155,62
INVSNP0006538,WH0005,PRD0049,2025-07-01,606,155,62
INVSNP0006539,WH0005,PRD0049,2025-08-01,424,155,62
INVSNP0006540,WH0005,PRD0049,2025-09-01,548,155,62
INVSNP0006541,WH0005,PRD0049,2025-10-01,582,155,62
INVSNP0006542,WH0005,PRD0049,2025-11-01,697,155,62
INVSNP0006543,WH0005,PRD0049,2025-12-01,688,155,62
INVSNP0006544,WH0005,PRD0049,2026-01-01,587,155,62
INVSNP0006545,WH0005,PRD0049,2026-02-01,731,155,62
INVSNP0006546,WH0005,PRD0049,2026-03-01,717,155,62
INVSNP0006547,WH0005,PRD0049,2026-04-01,653,155,62
INVSNP0006548,WH0005,PRD0049,2026-05-01,725,155,62
INVSNP0006549,WH0005,PRD0049,2026-06-01,478,155,62
INVSNP0006550,WH0005,PRD0049,2026-07-01,616,155,62
INVSNP0006551,WH0005,PRD0049,2026-08-01,777,155,62
INVSNP0006552,WH0005,PRD0049,2026-09-01,566,155,62
INVSNP0006553,WH0005,PRD0002,2024-10-01,773,188,75
INVSNP0006554,WH0005,PRD0002,2024-11-01,656,188,75
INVSNP0006555,WH0005,PRD0002,2024-12-01,734,188,75
INVSNP0006556,WH0005,PRD0002,2025-01-01,697,188,75
INVSNP0006557,WH0005,PRD0002,2025-02-01,794,188,75
INVSNP0006558,WH0005,PRD0002,2025-03-01,835,188,75
INVSNP0006559,WH0005,PRD0002,2025-04-01,958,188,75
INVSNP0006560,WH0005,PRD0002,2025-05-01,733,188,75
INVSNP0006561,WH0005,PRD0002,2025-06-01,754,188,75
INVSNP0006562,WH0005,PRD0002,2025-07-01,803,188,75
INVSNP0006563,WH0005,PRD0002,2025-08-01,606,188,75
INVSNP0006564,WH0005,PRD0002,2025-09-01,867,188,75
INVSNP0006565,WH0005,PRD0002,2025-10-01,815,188,75
INVSNP0006566,WH0005,PRD0002,2025-11-01,698,188,75
INVSNP0006567,WH0005,PRD0002,2025-12-01,826,188,75
INVSNP0006568,WH0005,PRD0002,2026-01-01,632,188,75
INVSNP0006569,WH0005,PRD0002,2026-02-01,755,188,75
INVSNP0006570,WH0005,PRD0002,2026-03-01,648,188,75
INVSNP0006571,WH0005,PRD0002,2026-04-01,658,188,75
INVSNP0006572,WH0005,PRD0002,2026-05-01,724,188,75
INVSNP0006573,WH0005,PRD0002,2026-06-01,749,188,75
INVSNP0006574,WH0005,PRD0002,2026-07-01,733,188,75
INVSNP0006575,WH0005,PRD0002,2026-08-01,568,188,75
INVSNP0006576,WH0005,PRD0002,2026-09-01,632,188,75
INVSNP0006577,WH0005,PRD0004,2024-10-01,2396,676,270
INVSNP0006578,WH0005,PRD0004,2024-11-01,3075,676,270
INVSNP0006579,WH0005,PRD0004,2024-12-01,2338,676,270
INVSNP0006580,WH0005,PRD0004,2025-01-01,2981,676,270
INVSNP0006581,WH0005,PRD0004,2025-02-01,3215,676,270
INVSNP0006582,WH0005,PRD0004,2025-03-01,2153,676,270
INVSNP0006583,WH0005,PRD0004,2025-04-01,2839,676,270
INVSNP0006584,WH0005,PRD0004,2025-05-01,3399,676,270
INVSNP0006585,WH0005,PRD0004,2025-06-01,3699,676,270
INVSNP0006586,WH0005,PRD0004,2025-07-01,2852,676,270
INVSNP0006587,WH0005,PRD0004,2025-08-01,2558,676,270
INVSNP0006588,WH0005,PRD0004,2025-09-01,2606,676,270
INVSNP0006589,WH0005,PRD0004,2025-10-01,2278,676,270
INVSNP0006590,WH0005,PRD0004,2025-11-01,2814,676,270
INVSNP0006591,WH0005,PRD0004,2025-12-01,2795,676,270
INVSNP0006592,WH0005,PRD0004,2026-01-01,3157,676,270
INVSNP0006593,WH0005,PRD0004,2026-02-01,2073,676,270
INVSNP0006594,WH0005,PRD0004,2026-03-01,2728,676,270
INVSNP0006595,WH0005,PRD0004,2026-04-01,3063,676,270
INVSNP0006596,WH0005,PRD0004,2026-05-01,3076,676,270
INVSNP0006597,WH0005,PRD0004,2026-06-01,3278,676,270
INVSNP0006598,WH0005,PRD0004,2026-07-01,2914,676,270
INVSNP0006599,WH0005,PRD0004,2026-08-01,2387,676,270
INVSNP0006600,WH0005,PRD0004,2026-09-01,3076,676,270
INVSNP0006601,WH0005,PRD0129,2024-10-01,5675,1249,499
INVSNP0006602,WH0005,PRD0129,2024-11-01,4957,1249,499
INVSNP0006603,WH0005,PRD0129,2024-12-01,5788,1249,499
INVSNP0006604,WH0005,PRD0129,2025-01-01,5472,1249,499
INVSNP0006605,WH0005,PRD0129,2025-02-01,4489,1249,499
INVSNP0006606,WH0005,PRD0129,2025-03-01,4745,1249,499
INVSNP0006607,WH0005,PRD0129,2025-04-01,6755,1249,499
INVSNP0006608,WH0005,PRD0129,2025-05-01,4974,1249,499
INVSNP0006609,WH0005,PRD0129,2025-06-01,4271,1249,499
INVSNP0006610,WH0005,PRD0129,2025-07-01,6028,1249,499
INVSNP0006611,WH0005,PRD0129,2025-08-01,3388,1249,499
INVSNP0006612,WH0005,PRD0129,2025-09-01,4487,1249,499
INVSNP0006613,WH0005,PRD0129,2025-10-01,5684,1249,499
INVSNP0006614,WH0005,PRD0129,2025-11-01,5673,1249,499
INVSNP0006615,WH0005,PRD0129,2025-12-01,6199,1249,499
INVSNP0006616,WH0005,PRD0129,2026-01-01,4719,1249,499
INVSNP0006617,WH0005,PRD0129,2026-02-01,4504,1249,499
INVSNP0006618,WH0005,PRD0129,2026-03-01,4817,1249,499
INVSNP0006619,WH0005,PRD0129,2026-04-01,5927,1249,499
INVSNP0006620,WH0005,PRD0129,2026-05-01,5660,1249,499
INVSNP0006621,WH0005,PRD0129,2026-06-01,4801,1249,499
INVSNP0006622,WH0005,PRD0129,2026-07-01,4898,1249,499
INVSNP0006623,WH0005,PRD0129,2026-08-01,4717,1249,499
INVSNP0006624,WH0005,PRD0129,2026-09-01,4058,1249,499
INVSNP0006625,WH0005,PRD0096,2024-10-01,5389,909,363
INVSNP0006626,WH0005,PRD0096,2024-11-01,4246,909,363
INVSNP0006627,WH0005,PRD0096,2024-12-01,4381,909,363
INVSNP0006628,WH0005,PRD0096,2025-01-01,3743,909,363
INVSNP0006629,WH0005,PRD0096,2025-02-01,2941,909,363
INVSNP0006630,WH0005,PRD0096,2025-03-01,3552,909,363
INVSNP0006631,WH0005,PRD0096,2025-04-01,4256,909,363
INVSNP0006632,WH0005,PRD0096,2025-05-01,3279,909,363
INVSNP0006633,WH0005,PRD0096,2025-06-01,3403,909,363
INVSNP0006634,WH0005,PRD0096,2025-07-01,3238,909,363
INVSNP0006635,WH0005,PRD0096,2025-08-01,3776,909,363
INVSNP0006636,WH0005,PRD0096,2025-09-01,3960,909,363
INVSNP0006637,WH0005,PRD0096,2025-10-01,4165,909,363
INVSNP0006638,WH0005,PRD0096,2025-11-01,3412,909,363
INVSNP0006639,WH0005,PRD0096,2025-12-01,3090,909,363
INVSNP0006640,WH0005,PRD0096,2026-01-01,3094,909,363
INVSNP0006641,WH0005,PRD0096,2026-02-01,4140,909,363
INVSNP0006642,WH0005,PRD0096,2026-03-01,3694,909,363
INVSNP0006643,WH0005,PRD0096,2026-04-01,4309,909,363
INVSNP0006644,WH0005,PRD0096,2026-05-01,3931,909,363
INVSNP0006645,WH0005,PRD0096,2026-06-01,4042,909,363
INVSNP0006646,WH0005,PRD0096,2026-07-01,3424,909,363
INVSNP0006647,WH0005,PRD0096,2026-08-01,4025,909,363
INVSNP0006648,WH0005,PRD0096,2026-09-01,3866,909,363
INVSNP0006649,WH0005,PRD0126,2024-10-01,2158,503,201
INVSNP0006650,WH0005,PRD0126,2024-11-01,1854,503,201
INVSNP0006651,WH0005,PRD0126,2024-12-01,2034,503,201
INVSNP0006652,WH0005,PRD0126,2025-01-01,2322,503,201
INVSNP0006653,WH0005,PRD0126,2025-02-01,1785,503,201
INVSNP0006654,WH0005,PRD0126,2025-03-01,1762,503,201
INVSNP0006655,WH0005,PRD0126,2025-04-01,1095,503,201
INVSNP0006656,WH0005,PRD0126,2025-05-01,2318,503,201
INVSNP0006657,WH0005,PRD0126,2025-06-01,2219,503,201
INVSNP0006658,WH0005,PRD0126,2025-07-01,1893,503,201
INVSNP0006659,WH0005,PRD0126,2025-08-01,2578,503,201
INVSNP0006660,WH0005,PRD0126,2025-09-01,1973,503,201
INVSNP0006661,WH0005,PRD0126,2025-10-01,1554,503,201
INVSNP0006662,WH0005,PRD0126,2025-11-01,2161,503,201
INVSNP0006663,WH0005,PRD0126,2025-12-01,2269,503,201
INVSNP0006664,WH0005,PRD0126,2026-01-01,1676,503,201
INVSNP0006665,WH0005,PRD0126,2026-02-01,2214,503,201
INVSNP0006666,WH0005,PRD0126,2026-03-01,2555,503,201
INVSNP0006667,WH0005,PRD0126,2026-04-01,1939,503,201
INVSNP0006668,WH0005,PRD0126,2026-05-01,1912,503,201
INVSNP0006669,WH0005,PRD0126,2026-06-01,2002,503,201
INVSNP0006670,WH0005,PRD0126,2026-07-01,2045,503,201
INVSNP0006671,WH0005,PRD0126,2026-08-01,2471,503,201
INVSNP0006672,WH0005,PRD0126,2026-09-01,1985,503,201
INVSNP0006673,WH0005,PRD0104,2024-10-01,698,202,80
INVSNP0006674,WH0005,PRD0104,2024-11-01,971,202,80
INVSNP0006675,WH0005,PRD0104,2024-12-01,893,202,80
INVSNP0006676,WH0005,PRD0104,2025-01-01,805,202,80
INVSNP0006677,WH0005,PRD0104,2025-02-01,724,202,80
INVSNP0006678,WH0005,PRD0104,2025-03-01,559,202,80
INVSNP0006679,WH0005,PRD0104,2025-04-01,659,202,80
INVSNP0006680,WH0005,PRD0104,2025-05-01,761,202,80
INVSNP0006681,WH0005,PRD0104,2025-06-01,667,202,80
INVSNP0006682,WH0005,PRD0104,2025-07-01,652,202,80
INVSNP0006683,WH0005,PRD0104,2025-08-01,783,202,80
INVSNP0006684,WH0005,PRD0104,2025-09-01,726,202,80
INVSNP0006685,WH0005,PRD0104,2025-10-01,917,202,80
INVSNP0006686,WH0005,PRD0104,2025-11-01,768,202,80
INVSNP0006687,WH0005,PRD0104,2025-12-01,690,202,80
INVSNP0006688,WH0005,PRD0104,2026-01-01,879,202,80
INVSNP0006689,WH0005,PRD0104,2026-02-01,884,202,80
INVSNP0006690,WH0005,PRD0104,2026-03-01,852,202,80
INVSNP0006691,WH0005,PRD0104,2026-04-01,863,202,80
INVSNP0006692,WH0005,PRD0104,2026-05-01,646,202,80
INVSNP0006693,WH0005,PRD0104,2026-06-01,732,202,80
INVSNP0006694,WH0005,PRD0104,2026-07-01,767,202,80
INVSNP0006695,WH0005,PRD0104,2026-08-01,825,202,80
INVSNP0006696,WH0005,PRD0104,2026-09-01,810,202,80
INVSNP0006697,WH0005,PRD0107,2024-10-01,2383,571,228
INVSNP0006698,WH0005,PRD0107,2024-11-01,2020,571,228
INVSNP0006699,WH0005,PRD0107,2024-12-01,2591,571,228
INVSNP0006700,WH0005,PRD0107,2025-01-01,2215,571,228
INVSNP0006701,WH0005,PRD0107,2025-02-01,2477,571,228
INVSNP0006702,WH0005,PRD0107,2025-03-01,1913,571,228
INVSNP0006703,WH0005,PRD0107,2025-04-01,2104,571,228
INVSNP0006704,WH0005,PRD0107,2025-05-01,2151,571,228
INVSNP0006705,WH0005,PRD0107,2025-06-01,2198,571,228
INVSNP0006706,WH0005,PRD0107,2025-07-01,2546,571,228
INVSNP0006707,WH0005,PRD0107,2025-08-01,2012,571,228
INVSNP0006708,WH0005,PRD0107,2025-09-01,2344,571,228
INVSNP0006709,WH0005,PRD0107,2025-10-01,1661,571,228
INVSNP0006710,WH0005,PRD0107,2025-11-01,2173,571,228
INVSNP0006711,WH0005,PRD0107,2025-12-01,2437,571,228
INVSNP0006712,WH0005,PRD0107,2026-01-01,2065,571,228
INVSNP0006713,WH0005,PRD0107,2026-02-01,2600,571,228
INVSNP0006714,WH0005,PRD0107,2026-03-01,2160,571,228
INVSNP0006715,WH0005,PRD0107,2026-04-01,2117,571,228
INVSNP0006716,WH0005,PRD0107,2026-05-01,2948,571,228
INVSNP0006717,WH0005,PRD0107,2026-06-01,2353,571,228
INVSNP0006718,WH0005,PRD0107,2026-07-01,2596,571,228
INVSNP0006719,WH0005,PRD0107,2026-08-01,2141,571,228
INVSNP0006720,WH0005,PRD0107,2026-09-01,1615,571,228
INVSNP0006721,WH0005,PRD0102,2024-10-01,1155,332,132
INVSNP0006722,WH0005,PRD0102,2024-11-01,1492,332,132
INVSNP0006723,WH0005,PRD0102,2024-12-01,1751,332,132
INVSNP0006724,WH0005,PRD0102,2025-01-01,930,332,132
INVSNP0006725,WH0005,PRD0102,2025-02-01,1179,332,132
INVSNP0006726,WH0005,PRD0102,2025-03-01,1139,332,132
INVSNP0006727,WH0005,PRD0102,2025-04-01,1160,332,132
INVSNP0006728,WH0005,PRD0102,2025-05-01,1465,332,132
INVSNP0006729,WH0005,PRD0102,2025-06-01,1250,332,132
INVSNP0006730,WH0005,PRD0102,2025-07-01,1174,332,132
INVSNP0006731,WH0005,PRD0102,2025-08-01,1462,332,132
INVSNP0006732,WH0005,PRD0102,2025-09-01,1764,332,132
INVSNP0006733,WH0005,PRD0102,2025-10-01,1373,332,132
INVSNP0006734,WH0005,PRD0102,2025-11-01,1170,332,132
INVSNP0006735,WH0005,PRD0102,2025-12-01,1252,332,132
INVSNP0006736,WH0005,PRD0102,2026-01-01,1421,332,132
INVSNP0006737,WH0005,PRD0102,2026-02-01,1357,332,132
INVSNP0006738,WH0005,PRD0102,2026-03-01,1524,332,132
INVSNP0006739,WH0005,PRD0102,2026-04-01,1305,332,132
INVSNP0006740,WH0005,PRD0102,2026-05-01,1060,332,132
INVSNP0006741,WH0005,PRD0102,2026-06-01,1610,332,132
INVSNP0006742,WH0005,PRD0102,2026-07-01,1043,332,132
INVSNP0006743,WH0005,PRD0102,2026-08-01,1493,332,132
INVSNP0006744,WH0005,PRD0102,2026-09-01,1420,332,132
INVSNP0006745,WH0005,PRD0142,2024-10-01,1204,253,101
INVSNP0006746,WH0005,PRD0142,2024-11-01,1152,253,101
INVSNP0006747,WH0005,PRD0142,2024-12-01,956,253,101
INVSNP0006748,WH0005,PRD0142,2025-01-01,1061,253,101
INVSNP0006749,WH0005,PRD0142,2025-02-01,1197,253,101
INVSNP0006750,WH0005,PRD0142,2025-03-01,783,253,101
INVSNP0006751,WH0005,PRD0142,2025-04-01,1217,253,101
INVSNP0006752,WH0005,PRD0142,2025-05-01,977,253,101
INVSNP0006753,WH0005,PRD0142,2025-06-01,977,253,101
INVSNP0006754,WH0005,PRD0142,2025-07-01,1143,253,101
INVSNP0006755,WH0005,PRD0142,2025-08-01,1061,253,101
INVSNP0006756,WH0005,PRD0142,2025-09-01,998,253,101
INVSNP0006757,WH0005,PRD0142,2025-10-01,873,253,101
INVSNP0006758,WH0005,PRD0142,2025-11-01,928,253,101
INVSNP0006759,WH0005,PRD0142,2025-12-01,1079,253,101
INVSNP0006760,WH0005,PRD0142,2026-01-01,1158,253,101
INVSNP0006761,WH0005,PRD0142,2026-02-01,930,253,101
INVSNP0006762,WH0005,PRD0142,2026-03-01,1016,253,101
INVSNP0006763,WH0005,PRD0142,2026-04-01,872,253,101
INVSNP0006764,WH0005,PRD0142,2026-05-01,1096,253,101
INVSNP0006765,WH0005,PRD0142,2026-06-01,1011,253,101
INVSNP0006766,WH0005,PRD0142,2026-07-01,1207,253,101
INVSNP0006767,WH0005,PRD0142,2026-08-01,1017,253,101
INVSNP0006768,WH0005,PRD0142,2026-09-01,1214,253,101
INVSNP0006769,WH0005,PRD0099,2024-10-01,3165,779,311
INVSNP0006770,WH0005,PRD0099,2024-11-01,3631,779,311
INVSNP0006771,WH0005,PRD0099,2024-12-01,3028,779,311
INVSNP0006772,WH0005,PRD0099,2025-01-01,2627,779,311
INVSNP0006773,WH0005,PRD0099,2025-02-01,3322,779,311
INVSNP0006774,WH0005,PRD0099,2025-03-01,3465,779,311
INVSNP0006775,WH0005,PRD0099,2025-04-01,3407,779,311
INVSNP0006776,WH0005,PRD0099,2025-05-01,3250,779,311
INVSNP0006777,WH0005,PRD0099,2025-06-01,3034,779,311
INVSNP0006778,WH0005,PRD0099,2025-07-01,3077,779,311
INVSNP0006779,WH0005,PRD0099,2025-08-01,2246,779,311
INVSNP0006780,WH0005,PRD0099,2025-09-01,3502,779,311
INVSNP0006781,WH0005,PRD0099,2025-10-01,2964,779,311
INVSNP0006782,WH0005,PRD0099,2025-11-01,3342,779,311
INVSNP0006783,WH0005,PRD0099,2025-12-01,2554,779,311
INVSNP0006784,WH0005,PRD0099,2026-01-01,3415,779,311
INVSNP0006785,WH0005,PRD0099,2026-02-01,3132,779,311
INVSNP0006786,WH0005,PRD0099,2026-03-01,3184,779,311
INVSNP0006787,WH0005,PRD0099,2026-04-01,4352,779,311
INVSNP0006788,WH0005,PRD0099,2026-05-01,3551,779,311
INVSNP0006789,WH0005,PRD0099,2026-06-01,2482,779,311
INVSNP0006790,WH0005,PRD0099,2026-07-01,2415,779,311
INVSNP0006791,WH0005,PRD0099,2026-08-01,3375,779,311
INVSNP0006792,WH0005,PRD0099,2026-09-01,3226,779,311
INVSNP0006793,WH0005,PRD0141,2024-10-01,2793,652,260
INVSNP0006794,WH0005,PRD0141,2024-11-01,2198,652,260
INVSNP0006795,WH0005,PRD0141,2024-12-01,2006,652,260
INVSNP0006796,WH0005,PRD0141,2025-01-01,2383,652,260
INVSNP0006797,WH0005,PRD0141,2025-02-01,3053,652,260
INVSNP0006798,WH0005,PRD0141,2025-03-01,1874,652,260
INVSNP0006799,WH0005,PRD0141,2025-04-01,2766,652,260
INVSNP0006800,WH0005,PRD0141,2025-05-01,2718,652,260
INVSNP0006801,WH0005,PRD0141,2025-06-01,2924,652,260
INVSNP0006802,WH0005,PRD0141,2025-07-01,2706,652,260
INVSNP0006803,WH0005,PRD0141,2025-08-01,2117,652,260
INVSNP0006804,WH0005,PRD0141,2025-09-01,2939,652,260
INVSNP0006805,WH0005,PRD0141,2025-10-01,3118,652,260
INVSNP0006806,WH0005,PRD0141,2025-11-01,3214,652,260
INVSNP0006807,WH0005,PRD0141,2025-12-01,1759,652,260
INVSNP0006808,WH0005,PRD0141,2026-01-01,2962,652,260
INVSNP0006809,WH0005,PRD0141,2026-02-01,2543,652,260
INVSNP0006810,WH0005,PRD0141,2026-03-01,2527,652,260
INVSNP0006811,WH0005,PRD0141,2026-04-01,3116,652,260
INVSNP0006812,WH0005,PRD0141,2026-05-01,3226,652,260
INVSNP0006813,WH0005,PRD0141,2026-06-01,2524,652,260
INVSNP0006814,WH0005,PRD0141,2026-07-01,2919,652,260
INVSNP0006815,WH0005,PRD0141,2026-08-01,2148,652,260
INVSNP0006816,WH0005,PRD0141,2026-09-01,2605,652,260
INVSNP0006817,WH0005,PRD0079,2024-10-01,834,205,82
INVSNP0006818,WH0005,PRD0079,2024-11-01,672,205,82
INVSNP0006819,WH0005,PRD0079,2024-12-01,892,205,82
INVSNP0006820,WH0005,PRD0079,2025-01-01,793,205,82
INVSNP0006821,WH0005,PRD0079,2025-02-01,894,205,82
INVSNP0006822,WH0005,PRD0079,2025-03-01,825,205,82
INVSNP0006823,WH0005,PRD0079,2025-04-01,1071,205,82
INVSNP0006824,WH0005,PRD0079,2025-05-01,721,205,82
INVSNP0006825,WH0005,PRD0079,2025-06-01,1007,205,82
INVSNP0006826,WH0005,PRD0079,2025-07-01,757,205,82
INVSNP0006827,WH0005,PRD0079,2025-08-01,667,205,82
INVSNP0006828,WH0005,PRD0079,2025-09-01,970,205,82
INVSNP0006829,WH0005,PRD0079,2025-10-01,891,205,82
INVSNP0006830,WH0005,PRD0079,2025-11-01,725,205,82
INVSNP0006831,WH0005,PRD0079,2025-12-01,976,205,82
INVSNP0006832,WH0005,PRD0079,2026-01-01,802,205,82
INVSNP0006833,WH0005,PRD0079,2026-02-01,910,205,82
INVSNP0006834,WH0005,PRD0079,2026-03-01,878,205,82
INVSNP0006835,WH0005,PRD0079,2026-04-01,1117,205,82
INVSNP0006836,WH0005,PRD0079,2026-05-01,802,205,82
INVSNP0006837,WH0005,PRD0079,2026-06-01,929,205,82
INVSNP0006838,WH0005,PRD0079,2026-07-01,860,205,82
INVSNP0006839,WH0005,PRD0079,2026-08-01,817,205,82
INVSNP0006840,WH0005,PRD0079,2026-09-01,862,205,82
INVSNP0006841,WH0005,PRD0019,2024-10-01,3489,874,349
INVSNP0006842,WH0005,PRD0019,2024-11-01,4144,874,349
INVSNP0006843,WH0005,PRD0019,2024-12-01,3062,874,349
INVSNP0006844,WH0005,PRD0019,2025-01-01,3758,874,349
INVSNP0006845,WH0005,PRD0019,2025-02-01,3291,874,349
INVSNP0006846,WH0005,PRD0019,2025-03-01,3714,874,349
INVSNP0006847,WH0005,PRD0019,2025-04-01,3472,874,349
INVSNP0006848,WH0005,PRD0019,2025-05-01,2990,874,349
INVSNP0006849,WH0005,PRD0019,2025-06-01,4381,874,349
INVSNP0006850,WH0005,PRD0019,2025-07-01,2934,874,349
INVSNP0006851,WH0005,PRD0019,2025-08-01,3252,874,349
INVSNP0006852,WH0005,PRD0019,2025-09-01,3681,874,349
INVSNP0006853,WH0005,PRD0019,2025-10-01,2628,874,349
INVSNP0006854,WH0005,PRD0019,2025-11-01,3412,874,349
INVSNP0006855,WH0005,PRD0019,2025-12-01,3040,874,349
INVSNP0006856,WH0005,PRD0019,2026-01-01,3819,874,349
INVSNP0006857,WH0005,PRD0019,2026-02-01,3148,874,349
INVSNP0006858,WH0005,PRD0019,2026-03-01,3219,874,349
INVSNP0006859,WH0005,PRD0019,2026-04-01,4242,874,349
INVSNP0006860,WH0005,PRD0019,2026-05-01,3271,874,349
INVSNP0006861,WH0005,PRD0019,2026-06-01,3693,874,349
INVSNP0006862,WH0005,PRD0019,2026-07-01,4344,874,349
INVSNP0006863,WH0005,PRD0019,2026-08-01,3914,874,349
INVSNP0006864,WH0005,PRD0019,2026-09-01,2543,874,349
INVSNP0006865,WH0005,PRD0105,2024-10-01,1108,349,139
INVSNP0006866,WH0005,PRD0105,2024-11-01,1566,349,139
INVSNP0006867,WH0005,PRD0105,2024-12-01,1352,349,139
INVSNP0006868,WH0005,PRD0105,2025-01-01,1075,349,139
INVSNP0006869,WH0005,PRD0105,2025-02-01,1189,349,139
INVSNP0006870,WH0005,PRD0105,2025-03-01,1337,349,139
INVSNP0006871,WH0005,PRD0105,2025-04-01,1251,349,139
INVSNP0006872,WH0005,PRD0105,2025-05-01,1766,349,139
INVSNP0006873,WH0005,PRD0105,2025-06-01,1228,349,139
INVSNP0006874,WH0005,PRD0105,2025-07-01,1563,349,139
INVSNP0006875,WH0005,PRD0105,2025-08-01,1547,349,139
INVSNP0006876,WH0005,PRD0105,2025-09-01,1605,349,139
INVSNP0006877,WH0005,PRD0105,2025-10-01,1436,349,139
INVSNP0006878,WH0005,PRD0105,2025-11-01,1430,349,139
INVSNP0006879,WH0005,PRD0105,2025-12-01,1611,349,139
INVSNP0006880,WH0005,PRD0105,2026-01-01,1331,349,139
INVSNP0006881,WH0005,PRD0105,2026-02-01,1425,349,139
INVSNP0006882,WH0005,PRD0105,2026-03-01,1431,349,139
INVSNP0006883,WH0005,PRD0105,2026-04-01,1281,349,139
INVSNP0006884,WH0005,PRD0105,2026-05-01,1270,349,139
INVSNP0006885,WH0005,PRD0105,2026-06-01,1500,349,139
INVSNP0006886,WH0005,PRD0105,2026-07-01,1719,349,139
INVSNP0006887,WH0005,PRD0105,2026-08-01,1431,349,139
INVSNP0006888,WH0005,PRD0105,2026-09-01,1629,349,139
INVSNP0006889,WH0005,PRD0010,2024-10-01,1611,327,131
INVSNP0006890,WH0005,PRD0010,2024-11-01,1370,327,131
INVSNP0006891,WH0005,PRD0010,2024-12-01,1282,327,131
INVSNP0006892,WH0005,PRD0010,2025-01-01,1340,327,131
INVSNP0006893,WH0005,PRD0010,2025-02-01,1023,327,131
INVSNP0006894,WH0005,PRD0010,2025-03-01,1281,327,131
INVSNP0006895,WH0005,PRD0010,2025-04-01,1344,327,131
INVSNP0006896,WH0005,PRD0010,2025-05-01,1313,327,131
INVSNP0006897,WH0005,PRD0010,2025-06-01,943,327,131
INVSNP0006898,WH0005,PRD0010,2025-07-01,1091,327,131
INVSNP0006899,WH0005,PRD0010,2025-08-01,1413,327,131
INVSNP0006900,WH0005,PRD0010,2025-09-01,1096,327,131
INVSNP0006901,WH0005,PRD0010,2025-10-01,1383,327,131
INVSNP0006902,WH0005,PRD0010,2025-11-01,755,327,131
INVSNP0006903,WH0005,PRD0010,2025-12-01,1421,327,131
INVSNP0006904,WH0005,PRD0010,2026-01-01,972,327,131
INVSNP0006905,WH0005,PRD0010,2026-02-01,1373,327,131
INVSNP0006906,WH0005,PRD0010,2026-03-01,1449,327,131
INVSNP0006907,WH0005,PRD0010,2026-04-01,1484,327,131
INVSNP0006908,WH0005,PRD0010,2026-05-01,1299,327,131
INVSNP0006909,WH0005,PRD0010,2026-06-01,1309,327,131
INVSNP0006910,WH0005,PRD0010,2026-07-01,825,327,131
INVSNP0006911,WH0005,PRD0010,2026-08-01,1008,327,131
INVSNP0006912,WH0005,PRD0010,2026-09-01,1115,327,131
INVSNP0006913,WH0005,PRD0032,2024-10-01,359,86,34
INVSNP0006914,WH0005,PRD0032,2024-11-01,317,86,34
INVSNP0006915,WH0005,PRD0032,2024-12-01,389,86,34
INVSNP0006916,WH0005,PRD0032,2025-01-01,348,86,34
INVSNP0006917,WH0005,PRD0032,2025-02-01,418,86,34
INVSNP0006918,WH0005,PRD0032,2025-03-01,312,86,34
INVSNP0006919,WH0005,PRD0032,2025-04-01,320,86,34
INVSNP0006920,WH0005,PRD0032,2025-05-01,364,86,34
INVSNP0006921,WH0005,PRD0032,2025-06-01,332,86,34
INVSNP0006922,WH0005,PRD0032,2025-07-01,373,86,34
INVSNP0006923,WH0005,PRD0032,2025-08-01,323,86,34
INVSNP0006924,WH0005,PRD0032,2025-09-01,344,86,34
INVSNP0006925,WH0005,PRD0032,2025-10-01,375,86,34
INVSNP0006926,WH0005,PRD0032,2025-11-01,393,86,34
INVSNP0006927,WH0005,PRD0032,2025-12-01,313,86,34
INVSNP0006928,WH0005,PRD0032,2026-01-01,302,86,34
INVSNP0006929,WH0005,PRD0032,2026-02-01,367,86,34
INVSNP0006930,WH0005,PRD0032,2026-03-01,320,86,34
INVSNP0006931,WH0005,PRD0032,2026-04-01,284,86,34
INVSNP0006932,WH0005,PRD0032,2026-05-01,356,86,34
INVSNP0006933,WH0005,PRD0032,2026-06-01,397,86,34
INVSNP0006934,WH0005,PRD0032,2026-07-01,323,86,34
INVSNP0006935,WH0005,PRD0032,2026-08-01,308,86,34
INVSNP0006936,WH0005,PRD0032,2026-09-01,349,86,34
INVSNP0006937,WH0005,PRD0136,2024-10-01,2958,723,289
INVSNP0006938,WH0005,PRD0136,2024-11-01,2391,723,289
INVSNP0006939,WH0005,PRD0136,2024-12-01,3821,723,289
INVSNP0006940,WH0005,PRD0136,2025-01-01,2662,723,289
INVSNP0006941,WH0005,PRD0136,2025-02-01,2536,723,289
INVSNP0006942,WH0005,PRD0136,2025-03-01,2599,723,289
INVSNP0006943,WH0005,PRD0136,2025-04-01,2588,723,289
INVSNP0006944,WH0005,PRD0136,2025-05-01,2452,723,289
INVSNP0006945,WH0005,PRD0136,2025-06-01,2855,723,289
INVSNP0006946,WH0005,PRD0136,2025-07-01,3075,723,289
INVSNP0006947,WH0005,PRD0136,2025-08-01,1999,723,289
INVSNP0006948,WH0005,PRD0136,2025-09-01,3234,723,289
INVSNP0006949,WH0005,PRD0136,2025-10-01,2619,723,289
INVSNP0006950,WH0005,PRD0136,2025-11-01,3854,723,289
INVSNP0006951,WH0005,PRD0136,2025-12-01,3042,723,289
INVSNP0006952,WH0005,PRD0136,2026-01-01,2090,723,289
INVSNP0006953,WH0005,PRD0136,2026-02-01,2522,723,289
INVSNP0006954,WH0005,PRD0136,2026-03-01,2966,723,289
INVSNP0006955,WH0005,PRD0136,2026-04-01,3102,723,289
INVSNP0006956,WH0005,PRD0136,2026-05-01,2709,723,289
INVSNP0006957,WH0005,PRD0136,2026-06-01,2561,723,289
INVSNP0006958,WH0005,PRD0136,2026-07-01,2838,723,289
INVSNP0006959,WH0005,PRD0136,2026-08-01,2360,723,289
INVSNP0006960,WH0005,PRD0136,2026-09-01,3701,723,289
INVSNP0006961,WH0005,PRD0042,2024-10-01,4739,980,392
INVSNP0006962,WH0005,PRD0042,2024-11-01,3294,980,392
INVSNP0006963,WH0005,PRD0042,2024-12-01,3992,980,392
INVSNP0006964,WH0005,PRD0042,2025-01-01,3878,980,392
INVSNP0006965,WH0005,PRD0042,2025-02-01,3903,980,392
INVSNP0006966,WH0005,PRD0042,2025-03-01,4278,980,392
INVSNP0006967,WH0005,PRD0042,2025-04-01,5050,980,392
INVSNP0006968,WH0005,PRD0042,2025-05-01,4340,980,392
INVSNP0006969,WH0005,PRD0042,2025-06-01,4951,980,392
INVSNP0006970,WH0005,PRD0042,2025-07-01,4626,980,392
INVSNP0006971,WH0005,PRD0042,2025-08-01,3655,980,392
INVSNP0006972,WH0005,PRD0042,2025-09-01,3567,980,392
INVSNP0006973,WH0005,PRD0042,2025-10-01,3868,980,392
INVSNP0006974,WH0005,PRD0042,2025-11-01,3964,980,392
INVSNP0006975,WH0005,PRD0042,2025-12-01,4437,980,392
INVSNP0006976,WH0005,PRD0042,2026-01-01,4234,980,392
INVSNP0006977,WH0005,PRD0042,2026-02-01,3384,980,392
INVSNP0006978,WH0005,PRD0042,2026-03-01,4208,980,392
INVSNP0006979,WH0005,PRD0042,2026-04-01,3774,980,392
INVSNP0006980,WH0005,PRD0042,2026-05-01,3341,980,392
INVSNP0006981,WH0005,PRD0042,2026-06-01,4016,980,392
INVSNP0006982,WH0005,PRD0042,2026-07-01,4756,980,392
INVSNP0006983,WH0005,PRD0042,2026-08-01,5150,980,392
INVSNP0006984,WH0005,PRD0042,2026-09-01,3407,980,392
INVSNP0006985,WH0005,PRD0025,2024-10-01,2314,663,265
INVSNP0006986,WH0005,PRD0025,2024-11-01,2621,663,265
INVSNP0006987,WH0005,PRD0025,2024-12-01,2818,663,265
INVSNP0006988,WH0005,PRD0025,2025-01-01,2566,663,265
INVSNP0006989,WH0005,PRD0025,2025-02-01,2082,663,265
INVSNP0006990,WH0005,PRD0025,2025-03-01,2714,663,265
INVSNP0006991,WH0005,PRD0025,2025-04-01,2500,663,265
INVSNP0006992,WH0005,PRD0025,2025-05-01,1902,663,265
INVSNP0006993,WH0005,PRD0025,2025-06-01,2637,663,265
INVSNP0006994,WH0005,PRD0025,2025-07-01,2770,663,265
INVSNP0006995,WH0005,PRD0025,2025-08-01,2869,663,265
INVSNP0006996,WH0005,PRD0025,2025-09-01,2205,663,265
INVSNP0006997,WH0005,PRD0025,2025-10-01,3270,663,265
INVSNP0006998,WH0005,PRD0025,2025-11-01,2594,663,265
INVSNP0006999,WH0005,PRD0025,2025-12-01,2895,663,265
INVSNP0007000,WH0005,PRD0025,2026-01-01,2859,663,265
INVSNP0007001,WH0005,PRD0025,2026-02-01,2604,663,265
INVSNP0007002,WH0005,PRD0025,2026-03-01,3401,663,265
INVSNP0007003,WH0005,PRD0025,2026-04-01,2566,663,265
INVSNP0007004,WH0005,PRD0025,2026-05-01,2727,663,265
INVSNP0007005,WH0005,PRD0025,2026-06-01,2602,663,265
INVSNP0007006,WH0005,PRD0025,2026-07-01,3236,663,265
INVSNP0007007,WH0005,PRD0025,2026-08-01,2287,663,265
INVSNP0007008,WH0005,PRD0025,2026-09-01,2752,663,265
INVSNP0007009,WH0005,PRD0098,2024-10-01,699,219,87
INVSNP0007010,WH0005,PRD0098,2024-11-01,851,219,87
INVSNP0007011,WH0005,PRD0098,2024-12-01,918,219,87
INVSNP0007012,WH0005,PRD0098,2025-01-01,885,219,87
INVSNP0007013,WH0005,PRD0098,2025-02-01,858,219,87
INVSNP0007014,WH0005,PRD0098,2025-03-01,862,219,87
INVSNP0007015,WH0005,PRD0098,2025-04-01,723,219,87
INVSNP0007016,WH0005,PRD0098,2025-05-01,757,219,87
INVSNP0007017,WH0005,PRD0098,2025-06-01,1040,219,87
INVSNP0007018,WH0005,PRD0098,2025-07-01,976,219,87
INVSNP0007019,WH0005,PRD0098,2025-08-01,688,219,87
INVSNP0007020,WH0005,PRD0098,2025-09-01,763,219,87
INVSNP0007021,WH0005,PRD0098,2025-10-01,722,219,87
INVSNP0007022,WH0005,PRD0098,2025-11-01,931,219,87
INVSNP0007023,WH0005,PRD0098,2025-12-01,1033,219,87
INVSNP0007024,WH0005,PRD0098,2026-01-01,777,219,87
INVSNP0007025,WH0005,PRD0098,2026-02-01,938,219,87
INVSNP0007026,WH0005,PRD0098,2026-03-01,790,219,87
INVSNP0007027,WH0005,PRD0098,2026-04-01,781,219,87
INVSNP0007028,WH0005,PRD0098,2026-05-01,824,219,87
INVSNP0007029,WH0005,PRD0098,2026-06-01,970,219,87
INVSNP0007030,WH0005,PRD0098,2026-07-01,860,219,87
INVSNP0007031,WH0005,PRD0098,2026-08-01,887,219,87
INVSNP0007032,WH0005,PRD0098,2026-09-01,890,219,87
INVSNP0007033,WH0005,PRD0056,2024-10-01,571,112,44
INVSNP0007034,WH0005,PRD0056,2024-11-01,341,112,44
INVSNP0007035,WH0005,PRD0056,2024-12-01,459,112,44
INVSNP0007036,WH0005,PRD0056,2025-01-01,462,112,44
INVSNP0007037,WH0005,PRD0056,2025-02-01,518,112,44
INVSNP0007038,WH0005,PRD0056,2025-03-01,468,112,44
INVSNP0007039,WH0005,PRD0056,2025-04-01,623,112,44
INVSNP0007040,WH0005,PRD0056,2025-05-01,448,112,44
INVSNP0007041,WH0005,PRD0056,2025-06-01,484,112,44
INVSNP0007042,WH0005,PRD0056,2025-07-01,477,112,44
INVSNP0007043,WH0005,PRD0056,2025-08-01,432,112,44
INVSNP0007044,WH0005,PRD0056,2025-09-01,416,112,44
INVSNP0007045,WH0005,PRD0056,2025-10-01,403,112,44
INVSNP0007046,WH0005,PRD0056,2025-11-01,481,112,44
INVSNP0007047,WH0005,PRD0056,2025-12-01,551,112,44
INVSNP0007048,WH0005,PRD0056,2026-01-01,487,112,44
INVSNP0007049,WH0005,PRD0056,2026-02-01,422,112,44
INVSNP0007050,WH0005,PRD0056,2026-03-01,504,112,44
INVSNP0007051,WH0005,PRD0056,2026-04-01,382,112,44
INVSNP0007052,WH0005,PRD0056,2026-05-01,527,112,44
INVSNP0007053,WH0005,PRD0056,2026-06-01,414,112,44
INVSNP0007054,WH0005,PRD0056,2026-07-01,348,112,44
INVSNP0007055,WH0005,PRD0056,2026-08-01,437,112,44
INVSNP0007056,WH0005,PRD0056,2026-09-01,469,112,44
INVSNP0007057,WH0005,PRD0123,2024-10-01,922,258,103
INVSNP0007058,WH0005,PRD0123,2024-11-01,1014,258,103
INVSNP0007059,WH0005,PRD0123,2024-12-01,1212,258,103
INVSNP0007060,WH0005,PRD0123,2025-01-01,1244,258,103
INVSNP0007061,WH0005,PRD0123,2025-02-01,1052,258,103
INVSNP0007062,WH0005,PRD0123,2025-03-01,1000,258,103
INVSNP0007063,WH0005,PRD0123,2025-04-01,1211,258,103
INVSNP0007064,WH0005,PRD0123,2025-05-01,1118,258,103
INVSNP0007065,WH0005,PRD0123,2025-06-01,936,258,103
INVSNP0007066,WH0005,PRD0123,2025-07-01,1060,258,103
INVSNP0007067,WH0005,PRD0123,2025-08-01,991,258,103
INVSNP0007068,WH0005,PRD0123,2025-09-01,1276,258,103
INVSNP0007069,WH0005,PRD0123,2025-10-01,878,258,103
INVSNP0007070,WH0005,PRD0123,2025-11-01,881,258,103
INVSNP0007071,WH0005,PRD0123,2025-12-01,650,258,103
INVSNP0007072,WH0005,PRD0123,2026-01-01,940,258,103
INVSNP0007073,WH0005,PRD0123,2026-02-01,995,258,103
INVSNP0007074,WH0005,PRD0123,2026-03-01,820,258,103
INVSNP0007075,WH0005,PRD0123,2026-04-01,866,258,103
INVSNP0007076,WH0005,PRD0123,2026-05-01,1181,258,103
INVSNP0007077,WH0005,PRD0123,2026-06-01,850,258,103
INVSNP0007078,WH0005,PRD0123,2026-07-01,1024,258,103
INVSNP0007079,WH0005,PRD0123,2026-08-01,1054,258,103
INVSNP0007080,WH0005,PRD0123,2026-09-01,1218,258,103
INVSNP0007081,WH0005,PRD0033,2024-10-01,2236,651,260
INVSNP0007082,WH0005,PRD0033,2024-11-01,2972,651,260
INVSNP0007083,WH0005,PRD0033,2024-12-01,2749,651,260
INVSNP0007084,WH0005,PRD0033,2025-01-01,2659,651,260
INVSNP0007085,WH0005,PRD0033,2025-02-01,2723,651,260
INVSNP0007086,WH0005,PRD0033,2025-03-01,1970,651,260
INVSNP0007087,WH0005,PRD0033,2025-04-01,2577,651,260
INVSNP0007088,WH0005,PRD0033,2025-05-01,2836,651,260
INVSNP0007089,WH0005,PRD0033,2025-06-01,2277,651,260
INVSNP0007090,WH0005,PRD0033,2025-07-01,2577,651,260
INVSNP0007091,WH0005,PRD0033,2025-08-01,2206,651,260
INVSNP0007092,WH0005,PRD0033,2025-09-01,2548,651,260
INVSNP0007093,WH0005,PRD0033,2025-10-01,2228,651,260
INVSNP0007094,WH0005,PRD0033,2025-11-01,2457,651,260
INVSNP0007095,WH0005,PRD0033,2025-12-01,2663,651,260
INVSNP0007096,WH0005,PRD0033,2026-01-01,2657,651,260
INVSNP0007097,WH0005,PRD0033,2026-02-01,2054,651,260
INVSNP0007098,WH0005,PRD0033,2026-03-01,3165,651,260
INVSNP0007099,WH0005,PRD0033,2026-04-01,2861,651,260
INVSNP0007100,WH0005,PRD0033,2026-05-01,2030,651,260
INVSNP0007101,WH0005,PRD0033,2026-06-01,2690,651,260
INVSNP0007102,WH0005,PRD0033,2026-07-01,1925,651,260
INVSNP0007103,WH0005,PRD0033,2026-08-01,2504,651,260
INVSNP0007104,WH0005,PRD0033,2026-09-01,3310,651,260
INVSNP0007105,WH0005,PRD0143,2024-10-01,3291,831,332
INVSNP0007106,WH0005,PRD0143,2024-11-01,3625,831,332
INVSNP0007107,WH0005,PRD0143,2024-12-01,2711,831,332
INVSNP0007108,WH0005,PRD0143,2025-01-01,3621,831,332
INVSNP0007109,WH0005,PRD0143,2025-02-01,3184,831,332
INVSNP0007110,WH0005,PRD0143,2025-03-01,2663,831,332
INVSNP0007111,WH0005,PRD0143,2025-04-01,3886,831,332
INVSNP0007112,WH0005,PRD0143,2025-05-01,2431,831,332
INVSNP0007113,WH0005,PRD0143,2025-06-01,2945,831,332
INVSNP0007114,WH0005,PRD0143,2025-07-01,3537,831,332
INVSNP0007115,WH0005,PRD0143,2025-08-01,3395,831,332
INVSNP0007116,WH0005,PRD0143,2025-09-01,2917,831,332
INVSNP0007117,WH0005,PRD0143,2025-10-01,3703,831,332
INVSNP0007118,WH0005,PRD0143,2025-11-01,3562,831,332
INVSNP0007119,WH0005,PRD0143,2025-12-01,2970,831,332
INVSNP0007120,WH0005,PRD0143,2026-01-01,3293,831,332
INVSNP0007121,WH0005,PRD0143,2026-02-01,3200,831,332
INVSNP0007122,WH0005,PRD0143,2026-03-01,3569,831,332
INVSNP0007123,WH0005,PRD0143,2026-04-01,3456,831,332
INVSNP0007124,WH0005,PRD0143,2026-05-01,3580,831,332
INVSNP0007125,WH0005,PRD0143,2026-06-01,3413,831,332
INVSNP0007126,WH0005,PRD0143,2026-07-01,3297,831,332
INVSNP0007127,WH0005,PRD0143,2026-08-01,4043,831,332
INVSNP0007128,WH0005,PRD0143,2026-09-01,3316,831,332
INVSNP0007129,WH0005,PRD0117,2024-10-01,4856,1103,441
INVSNP0007130,WH0005,PRD0117,2024-11-01,4178,1103,441
INVSNP0007131,WH0005,PRD0117,2024-12-01,4755,1103,441
INVSNP0007132,WH0005,PRD0117,2025-01-01,5122,1103,441
INVSNP0007133,WH0005,PRD0117,2025-02-01,3821,1103,441
INVSNP0007134,WH0005,PRD0117,2025-03-01,4882,1103,441
INVSNP0007135,WH0005,PRD0117,2025-04-01,4232,1103,441
INVSNP0007136,WH0005,PRD0117,2025-05-01,4770,1103,441
INVSNP0007137,WH0005,PRD0117,2025-06-01,4177,1103,441
INVSNP0007138,WH0005,PRD0117,2025-07-01,4980,1103,441
INVSNP0007139,WH0005,PRD0117,2025-08-01,4250,1103,441
INVSNP0007140,WH0005,PRD0117,2025-09-01,4950,1103,441
INVSNP0007141,WH0005,PRD0117,2025-10-01,4054,1103,441
INVSNP0007142,WH0005,PRD0117,2025-11-01,4303,1103,441
INVSNP0007143,WH0005,PRD0117,2025-12-01,4056,1103,441
INVSNP0007144,WH0005,PRD0117,2026-01-01,3807,1103,441
INVSNP0007145,WH0005,PRD0117,2026-02-01,4260,1103,441
INVSNP0007146,WH0005,PRD0117,2026-03-01,4021,1103,441
INVSNP0007147,WH0005,PRD0117,2026-04-01,4743,1103,441
INVSNP0007148,WH0005,PRD0117,2026-05-01,4281,1103,441
INVSNP0007149,WH0005,PRD0117,2026-06-01,4552,1103,441
INVSNP0007150,WH0005,PRD0117,2026-07-01,5093,1103,441
INVSNP0007151,WH0005,PRD0117,2026-08-01,5149,1103,441
INVSNP0007152,WH0005,PRD0117,2026-09-01,4582,1103,441
INVSNP0007153,WH0005,PRD0097,2024-10-01,3951,990,396
INVSNP0007154,WH0005,PRD0097,2024-11-01,4475,990,396
INVSNP0007155,WH0005,PRD0097,2024-12-01,5140,990,396
INVSNP0007156,WH0005,PRD0097,2025-01-01,2924,990,396
INVSNP0007157,WH0005,PRD0097,2025-02-01,3604,990,396
INVSNP0007158,WH0005,PRD0097,2025-03-01,3825,990,396
INVSNP0007159,WH0005,PRD0097,2025-04-01,3558,990,396
INVSNP0007160,WH0005,PRD0097,2025-05-01,3780,990,396
INVSNP0007161,WH0005,PRD0097,2025-06-01,3660,990,396
INVSNP0007162,WH0005,PRD0097,2025-07-01,3993,990,396
INVSNP0007163,WH0005,PRD0097,2025-08-01,4177,990,396
INVSNP0007164,WH0005,PRD0097,2025-09-01,3632,990,396
INVSNP0007165,WH0005,PRD0097,2025-10-01,4063,990,396
INVSNP0007166,WH0005,PRD0097,2025-11-01,4468,990,396
INVSNP0007167,WH0005,PRD0097,2025-12-01,5044,990,396
INVSNP0007168,WH0005,PRD0097,2026-01-01,4069,990,396
INVSNP0007169,WH0005,PRD0097,2026-02-01,4297,990,396
INVSNP0007170,WH0005,PRD0097,2026-03-01,4418,990,396
INVSNP0007171,WH0005,PRD0097,2026-04-01,4154,990,396
INVSNP0007172,WH0005,PRD0097,2026-05-01,3441,990,396
INVSNP0007173,WH0005,PRD0097,2026-06-01,3455,990,396
INVSNP0007174,WH0005,PRD0097,2026-07-01,3945,990,396
INVSNP0007175,WH0005,PRD0097,2026-08-01,4245,990,396
INVSNP0007176,WH0005,PRD0097,2026-09-01,3606,990,396
INVSNP0007177,WH0005,PRD0093,2024-10-01,3957,1001,400
INVSNP0007178,WH0005,PRD0093,2024-11-01,4132,1001,400
INVSNP0007179,WH0005,PRD0093,2024-12-01,4249,1001,400
INVSNP0007180,WH0005,PRD0093,2025-01-01,4584,1001,400
INVSNP0007181,WH0005,PRD0093,2025-02-01,3883,1001,400
INVSNP0007182,WH0005,PRD0093,2025-03-01,4288,1001,400
INVSNP0007183,WH0005,PRD0093,2025-04-01,4916,1001,400
INVSNP0007184,WH0005,PRD0093,2025-05-01,4025,1001,400
INVSNP0007185,WH0005,PRD0093,2025-06-01,4488,1001,400
INVSNP0007186,WH0005,PRD0093,2025-07-01,4410,1001,400
INVSNP0007187,WH0005,PRD0093,2025-08-01,3528,1001,400
INVSNP0007188,WH0005,PRD0093,2025-09-01,3729,1001,400
INVSNP0007189,WH0005,PRD0093,2025-10-01,4653,1001,400
INVSNP0007190,WH0005,PRD0093,2025-11-01,3608,1001,400
INVSNP0007191,WH0005,PRD0093,2025-12-01,5238,1001,400
INVSNP0007192,WH0005,PRD0093,2026-01-01,4064,1001,400
INVSNP0007193,WH0005,PRD0093,2026-02-01,3137,1001,400
INVSNP0007194,WH0005,PRD0093,2026-03-01,4214,1001,400
INVSNP0007195,WH0005,PRD0093,2026-04-01,5439,1001,400
INVSNP0007196,WH0005,PRD0093,2026-05-01,3604,1001,400
INVSNP0007197,WH0005,PRD0093,2026-06-01,4496,1001,400
INVSNP0007198,WH0005,PRD0093,2026-07-01,5051,1001,400
INVSNP0007199,WH0005,PRD0093,2026-08-01,3500,1001,400
INVSNP0007200,WH0005,PRD0093,2026-09-01,4675,1001,400
INVSNP0007201,WH0005,PRD0045,2024-10-01,2981,664,265
INVSNP0007202,WH0005,PRD0045,2024-11-01,2560,664,265
INVSNP0007203,WH0005,PRD0045,2024-12-01,2561,664,265
INVSNP0007204,WH0005,PRD0045,2025-01-01,3272,664,265
INVSNP0007205,WH0005,PRD0045,2025-02-01,2778,664,265
INVSNP0007206,WH0005,PRD0045,2025-03-01,2374,664,265
INVSNP0007207,WH0005,PRD0045,2025-04-01,2816,664,265
INVSNP0007208,WH0005,PRD0045,2025-05-01,2488,664,265
INVSNP0007209,WH0005,PRD0045,2025-06-01,2358,664,265
INVSNP0007210,WH0005,PRD0045,2025-07-01,2290,664,265
INVSNP0007211,WH0005,PRD0045,2025-08-01,3173,664,265
INVSNP0007212,WH0005,PRD0045,2025-09-01,2757,664,265
INVSNP0007213,WH0005,PRD0045,2025-10-01,2763,664,265
INVSNP0007214,WH0005,PRD0045,2025-11-01,2830,664,265
INVSNP0007215,WH0005,PRD0045,2025-12-01,2764,664,265
INVSNP0007216,WH0005,PRD0045,2026-01-01,2830,664,265
INVSNP0007217,WH0005,PRD0045,2026-02-01,2431,664,265
INVSNP0007218,WH0005,PRD0045,2026-03-01,3224,664,265
INVSNP0007219,WH0005,PRD0045,2026-04-01,2018,664,265
INVSNP0007220,WH0005,PRD0045,2026-05-01,2414,664,265
INVSNP0007221,WH0005,PRD0045,2026-06-01,2074,664,265
INVSNP0007222,WH0005,PRD0045,2026-07-01,2694,664,265
INVSNP0007223,WH0005,PRD0045,2026-08-01,1879,664,265
INVSNP0007224,WH0005,PRD0045,2026-09-01,3472,664,265
INVSNP0007225,WH0005,PRD0066,2024-10-01,4157,1160,464
INVSNP0007226,WH0005,PRD0066,2024-11-01,4740,1160,464
INVSNP0007227,WH0005,PRD0066,2024-12-01,4545,1160,464
INVSNP0007228,WH0005,PRD0066,2025-01-01,5055,1160,464
INVSNP0007229,WH0005,PRD0066,2025-02-01,3987,1160,464
INVSNP0007230,WH0005,PRD0066,2025-03-01,5648,1160,464
INVSNP0007231,WH0005,PRD0066,2025-04-01,3926,1160,464
INVSNP0007232,WH0005,PRD0066,2025-05-01,5579,1160,464
INVSNP0007233,WH0005,PRD0066,2025-06-01,4227,1160,464
INVSNP0007234,WH0005,PRD0066,2025-07-01,4572,1160,464
INVSNP0007235,WH0005,PRD0066,2025-08-01,4655,1160,464
INVSNP0007236,WH0005,PRD0066,2025-09-01,4232,1160,464
INVSNP0007237,WH0005,PRD0066,2025-10-01,5711,1160,464
INVSNP0007238,WH0005,PRD0066,2025-11-01,4725,1160,464
INVSNP0007239,WH0005,PRD0066,2025-12-01,4986,1160,464
INVSNP0007240,WH0005,PRD0066,2026-01-01,5640,1160,464
INVSNP0007241,WH0005,PRD0066,2026-02-01,4999,1160,464
INVSNP0007242,WH0005,PRD0066,2026-03-01,4510,1160,464
INVSNP0007243,WH0005,PRD0066,2026-04-01,3773,1160,464
INVSNP0007244,WH0005,PRD0066,2026-05-01,5152,1160,464
INVSNP0007245,WH0005,PRD0066,2026-06-01,3071,1160,464
INVSNP0007246,WH0005,PRD0066,2026-07-01,5137,1160,464
INVSNP0007247,WH0005,PRD0066,2026-08-01,4301,1160,464
INVSNP0007248,WH0005,PRD0066,2026-09-01,4850,1160,464
INVSNP0007249,WH0005,PRD0091,2024-10-01,3109,652,261
INVSNP0007250,WH0005,PRD0091,2024-11-01,2573,652,261
INVSNP0007251,WH0005,PRD0091,2024-12-01,1796,652,261
INVSNP0007252,WH0005,PRD0091,2025-01-01,1923,652,261
INVSNP0007253,WH0005,PRD0091,2025-02-01,3269,652,261
INVSNP0007254,WH0005,PRD0091,2025-03-01,3094,652,261
INVSNP0007255,WH0005,PRD0091,2025-04-01,3244,652,261
INVSNP0007256,WH0005,PRD0091,2025-05-01,2924,652,261
INVSNP0007257,WH0005,PRD0091,2025-06-01,2934,652,261
INVSNP0007258,WH0005,PRD0091,2025-07-01,2208,652,261
INVSNP0007259,WH0005,PRD0091,2025-08-01,2169,652,261
INVSNP0007260,WH0005,PRD0091,2025-09-01,2708,652,261
INVSNP0007261,WH0005,PRD0091,2025-10-01,2327,652,261
INVSNP0007262,WH0005,PRD0091,2025-11-01,2919,652,261
INVSNP0007263,WH0005,PRD0091,2025-12-01,3078,652,261
INVSNP0007264,WH0005,PRD0091,2026-01-01,3150,652,261
INVSNP0007265,WH0005,PRD0091,2026-02-01,2577,652,261
INVSNP0007266,WH0005,PRD0091,2026-03-01,2336,652,261
INVSNP0007267,WH0005,PRD0091,2026-04-01,2622,652,261
INVSNP0007268,WH0005,PRD0091,2026-05-01,2881,652,261
INVSNP0007269,WH0005,PRD0091,2026-06-01,2705,652,261
INVSNP0007270,WH0005,PRD0091,2026-07-01,2776,652,261
INVSNP0007271,WH0005,PRD0091,2026-08-01,2718,652,261
INVSNP0007272,WH0005,PRD0091,2026-09-01,1975,652,261
INVSNP0007273,WH0005,PRD0063,2024-10-01,3164,748,299
INVSNP0007274,WH0005,PRD0063,2024-11-01,2885,748,299
INVSNP0007275,WH0005,PRD0063,2024-12-01,2639,748,299
INVSNP0007276,WH0005,PRD0063,2025-01-01,2853,748,299
INVSNP0007277,WH0005,PRD0063,2025-02-01,2780,748,299
INVSNP0007278,WH0005,PRD0063,2025-03-01,3023,748,299
INVSNP0007279,WH0005,PRD0063,2025-04-01,2808,748,299
INVSNP0007280,WH0005,PRD0063,2025-05-01,3579,748,299
INVSNP0007281,WH0005,PRD0063,2025-06-01,3138,748,299
INVSNP0007282,WH0005,PRD0063,2025-07-01,2758,748,299
INVSNP0007283,WH0005,PRD0063,2025-08-01,2608,748,299
INVSNP0007284,WH0005,PRD0063,2025-09-01,3526,748,299
INVSNP0007285,WH0005,PRD0063,2025-10-01,3328,748,299
INVSNP0007286,WH0005,PRD0063,2025-11-01,3843,748,299
INVSNP0007287,WH0005,PRD0063,2025-12-01,2421,748,299
INVSNP0007288,WH0005,PRD0063,2026-01-01,3780,748,299
INVSNP0007289,WH0005,PRD0063,2026-02-01,2714,748,299
INVSNP0007290,WH0005,PRD0063,2026-03-01,2719,748,299
INVSNP0007291,WH0005,PRD0063,2026-04-01,2905,748,299
INVSNP0007292,WH0005,PRD0063,2026-05-01,3038,748,299
INVSNP0007293,WH0005,PRD0063,2026-06-01,3181,748,299
INVSNP0007294,WH0005,PRD0063,2026-07-01,3246,748,299
INVSNP0007295,WH0005,PRD0063,2026-08-01,1814,748,299
INVSNP0007296,WH0005,PRD0063,2026-09-01,2829,748,299
INVSNP0007297,WH0005,PRD0082,2024-10-01,1884,461,184
INVSNP0007298,WH0005,PRD0082,2024-11-01,2369,461,184
INVSNP0007299,WH0005,PRD0082,2024-12-01,1682,461,184
INVSNP0007300,WH0005,PRD0082,2025-01-01,1856,461,184
INVSNP0007301,WH0005,PRD0082,2025-02-01,1479,461,184
INVSNP0007302,WH0005,PRD0082,2025-03-01,1892,461,184
INVSNP0007303,WH0005,PRD0082,2025-04-01,1667,461,184
INVSNP0007304,WH0005,PRD0082,2025-05-01,1395,461,184
INVSNP0007305,WH0005,PRD0082,2025-06-01,2011,461,184
INVSNP0007306,WH0005,PRD0082,2025-07-01,1591,461,184
INVSNP0007307,WH0005,PRD0082,2025-08-01,1688,461,184
INVSNP0007308,WH0005,PRD0082,2025-09-01,2025,461,184
INVSNP0007309,WH0005,PRD0082,2025-10-01,1978,461,184
INVSNP0007310,WH0005,PRD0082,2025-11-01,2220,461,184
INVSNP0007311,WH0005,PRD0082,2025-12-01,1818,461,184
INVSNP0007312,WH0005,PRD0082,2026-01-01,1652,461,184
INVSNP0007313,WH0005,PRD0082,2026-02-01,1909,461,184
INVSNP0007314,WH0005,PRD0082,2026-03-01,2076,461,184
INVSNP0007315,WH0005,PRD0082,2026-04-01,2075,461,184
INVSNP0007316,WH0005,PRD0082,2026-05-01,1669,461,184
INVSNP0007317,WH0005,PRD0082,2026-06-01,1888,461,184
INVSNP0007318,WH0005,PRD0082,2026-07-01,2068,461,184
INVSNP0007319,WH0005,PRD0082,2026-08-01,1750,461,184
INVSNP0007320,WH0005,PRD0082,2026-09-01,1971,461,184
INVSNP0007321,WH0005,PRD0089,2024-10-01,1134,276,110
INVSNP0007322,WH0005,PRD0089,2024-11-01,883,276,110
INVSNP0007323,WH0005,PRD0089,2024-12-01,1383,276,110
INVSNP0007324,WH0005,PRD0089,2025-01-01,1164,276,110
INVSNP0007325,WH0005,PRD0089,2025-02-01,1067,276,110
INVSNP0007326,WH0005,PRD0089,2025-03-01,909,276,110
INVSNP0007327,WH0005,PRD0089,2025-04-01,1266,276,110
INVSNP0007328,WH0005,PRD0089,2025-05-01,1173,276,110
INVSNP0007329,WH0005,PRD0089,2025-06-01,1169,276,110
INVSNP0007330,WH0005,PRD0089,2025-07-01,1053,276,110
INVSNP0007331,WH0005,PRD0089,2025-08-01,965,276,110
INVSNP0007332,WH0005,PRD0089,2025-09-01,1212,276,110
INVSNP0007333,WH0005,PRD0089,2025-10-01,1264,276,110
INVSNP0007334,WH0005,PRD0089,2025-11-01,1204,276,110
INVSNP0007335,WH0005,PRD0089,2025-12-01,1086,276,110
INVSNP0007336,WH0005,PRD0089,2026-01-01,1108,276,110
INVSNP0007337,WH0005,PRD0089,2026-02-01,1025,276,110
INVSNP0007338,WH0005,PRD0089,2026-03-01,1109,276,110
INVSNP0007339,WH0005,PRD0089,2026-04-01,1288,276,110
INVSNP0007340,WH0005,PRD0089,2026-05-01,1208,276,110
INVSNP0007341,WH0005,PRD0089,2026-06-01,878,276,110
INVSNP0007342,WH0005,PRD0089,2026-07-01,1262,276,110
INVSNP0007343,WH0005,PRD0089,2026-08-01,1156,276,110
INVSNP0007344,WH0005,PRD0089,2026-09-01,1025,276,110
INVSNP0007345,WH0005,PRD0048,2024-10-01,1510,417,167
INVSNP0007346,WH0005,PRD0048,2024-11-01,1567,417,167
INVSNP0007347,WH0005,PRD0048,2024-12-01,1612,417,167
INVSNP0007348,WH0005,PRD0048,2025-01-01,1545,417,167
INVSNP0007349,WH0005,PRD0048,2025-02-01,1320,417,167
INVSNP0007350,WH0005,PRD0048,2025-03-01,2061,417,167
INVSNP0007351,WH0005,PRD0048,2025-04-01,1789,417,167
INVSNP0007352,WH0005,PRD0048,2025-05-01,1407,417,167
INVSNP0007353,WH0005,PRD0048,2025-06-01,1417,417,167
INVSNP0007354,WH0005,PRD0048,2025-07-01,1918,417,167
INVSNP0007355,WH0005,PRD0048,2025-08-01,1910,417,167
INVSNP0007356,WH0005,PRD0048,2025-09-01,1398,417,167
INVSNP0007357,WH0005,PRD0048,2025-10-01,1709,417,167
INVSNP0007358,WH0005,PRD0048,2025-11-01,1682,417,167
INVSNP0007359,WH0005,PRD0048,2025-12-01,1549,417,167
INVSNP0007360,WH0005,PRD0048,2026-01-01,1823,417,167
INVSNP0007361,WH0005,PRD0048,2026-02-01,2121,417,167
INVSNP0007362,WH0005,PRD0048,2026-03-01,1356,417,167
INVSNP0007363,WH0005,PRD0048,2026-04-01,1724,417,167
INVSNP0007364,WH0005,PRD0048,2026-05-01,1624,417,167
INVSNP0007365,WH0005,PRD0048,2026-06-01,1795,417,167
INVSNP0007366,WH0005,PRD0048,2026-07-01,1582,417,167
INVSNP0007367,WH0005,PRD0048,2026-08-01,1754,417,167
INVSNP0007368,WH0005,PRD0048,2026-09-01,1591,417,167
INVSNP0007369,WH0005,PRD0090,2024-10-01,2562,677,270
INVSNP0007370,WH0005,PRD0090,2024-11-01,2124,677,270
INVSNP0007371,WH0005,PRD0090,2024-12-01,2416,677,270
INVSNP0007372,WH0005,PRD0090,2025-01-01,3163,677,270
INVSNP0007373,WH0005,PRD0090,2025-02-01,3081,677,270
INVSNP0007374,WH0005,PRD0090,2025-03-01,2529,677,270
INVSNP0007375,WH0005,PRD0090,2025-04-01,2377,677,270
INVSNP0007376,WH0005,PRD0090,2025-05-01,3195,677,270
INVSNP0007377,WH0005,PRD0090,2025-06-01,2597,677,270
INVSNP0007378,WH0005,PRD0090,2025-07-01,3058,677,270
INVSNP0007379,WH0005,PRD0090,2025-08-01,2891,677,270
INVSNP0007380,WH0005,PRD0090,2025-09-01,1971,677,270
INVSNP0007381,WH0005,PRD0090,2025-10-01,3169,677,270
INVSNP0007382,WH0005,PRD0090,2025-11-01,3338,677,270
INVSNP0007383,WH0005,PRD0090,2025-12-01,3008,677,270
INVSNP0007384,WH0005,PRD0090,2026-01-01,2996,677,270
INVSNP0007385,WH0005,PRD0090,2026-02-01,2234,677,270
INVSNP0007386,WH0005,PRD0090,2026-03-01,2556,677,270
INVSNP0007387,WH0005,PRD0090,2026-04-01,2862,677,270
INVSNP0007388,WH0005,PRD0090,2026-05-01,2689,677,270
INVSNP0007389,WH0005,PRD0090,2026-06-01,3069,677,270
INVSNP0007390,WH0005,PRD0090,2026-07-01,3481,677,270
INVSNP0007391,WH0005,PRD0090,2026-08-01,2809,677,270
INVSNP0007392,WH0005,PRD0090,2026-09-01,2368,677,270
INVSNP0007393,WH0005,PRD0008,2024-10-01,2296,496,198
INVSNP0007394,WH0005,PRD0008,2024-11-01,2309,496,198
INVSNP0007395,WH0005,PRD0008,2024-12-01,1696,496,198
INVSNP0007396,WH0005,PRD0008,2025-01-01,1423,496,198
INVSNP0007397,WH0005,PRD0008,2025-02-01,2489,496,198
INVSNP0007398,WH0005,PRD0008,2025-03-01,2167,496,198
INVSNP0007399,WH0005,PRD0008,2025-04-01,2105,496,198
INVSNP0007400,WH0005,PRD0008,2025-05-01,2119,496,198
INVSNP0007401,WH0005,PRD0008,2025-06-01,1784,496,198
INVSNP0007402,WH0005,PRD0008,2025-07-01,2062,496,198
INVSNP0007403,WH0005,PRD0008,2025-08-01,1553,496,198
INVSNP0007404,WH0005,PRD0008,2025-09-01,2277,496,198
INVSNP0007405,WH0005,PRD0008,2025-10-01,1899,496,198
INVSNP0007406,WH0005,PRD0008,2025-11-01,2241,496,198
INVSNP0007407,WH0005,PRD0008,2025-12-01,1554,496,198
INVSNP0007408,WH0005,PRD0008,2026-01-01,2279,496,198
INVSNP0007409,WH0005,PRD0008,2026-02-01,2154,496,198
INVSNP0007410,WH0005,PRD0008,2026-03-01,2093,496,198
INVSNP0007411,WH0005,PRD0008,2026-04-01,2101,496,198
INVSNP0007412,WH0005,PRD0008,2026-05-01,1868,496,198
INVSNP0007413,WH0005,PRD0008,2026-06-01,2712,496,198
INVSNP0007414,WH0005,PRD0008,2026-07-01,1530,496,198
INVSNP0007415,WH0005,PRD0008,2026-08-01,2104,496,198
INVSNP0007416,WH0005,PRD0008,2026-09-01,2129,496,198
INVSNP0007417,WH0005,PRD0084,2024-10-01,2778,620,248
INVSNP0007418,WH0005,PRD0084,2024-11-01,2386,620,248
INVSNP0007419,WH0005,PRD0084,2024-12-01,2723,620,248
INVSNP0007420,WH0005,PRD0084,2025-01-01,2823,620,248
INVSNP0007421,WH0005,PRD0084,2025-02-01,2128,620,248
INVSNP0007422,WH0005,PRD0084,2025-03-01,2373,620,248
INVSNP0007423,WH0005,PRD0084,2025-04-01,2147,620,248
INVSNP0007424,WH0005,PRD0084,2025-05-01,2944,620,248
INVSNP0007425,WH0005,PRD0084,2025-06-01,2158,620,248
INVSNP0007426,WH0005,PRD0084,2025-07-01,2406,620,248
INVSNP0007427,WH0005,PRD0084,2025-08-01,2551,620,248
INVSNP0007428,WH0005,PRD0084,2025-09-01,3020,620,248
INVSNP0007429,WH0005,PRD0084,2025-10-01,2522,620,248
INVSNP0007430,WH0005,PRD0084,2025-11-01,3179,620,248
INVSNP0007431,WH0005,PRD0084,2025-12-01,2757,620,248
INVSNP0007432,WH0005,PRD0084,2026-01-01,2802,620,248
INVSNP0007433,WH0005,PRD0084,2026-02-01,3027,620,248
INVSNP0007434,WH0005,PRD0084,2026-03-01,2912,620,248
INVSNP0007435,WH0005,PRD0084,2026-04-01,2652,620,248
INVSNP0007436,WH0005,PRD0084,2026-05-01,2416,620,248
INVSNP0007437,WH0005,PRD0084,2026-06-01,1867,620,248
INVSNP0007438,WH0005,PRD0084,2026-07-01,2109,620,248
INVSNP0007439,WH0005,PRD0084,2026-08-01,2245,620,248
INVSNP0007440,WH0005,PRD0084,2026-09-01,2828,620,248
INVSNP0007441,WH0005,PRD0050,2024-10-01,2172,667,266
INVSNP0007442,WH0005,PRD0050,2024-11-01,2900,667,266
INVSNP0007443,WH0005,PRD0050,2024-12-01,3204,667,266
INVSNP0007444,WH0005,PRD0050,2025-01-01,2852,667,266
INVSNP0007445,WH0005,PRD0050,2025-02-01,2580,667,266
INVSNP0007446,WH0005,PRD0050,2025-03-01,2758,667,266
INVSNP0007447,WH0005,PRD0050,2025-04-01,2467,667,266
INVSNP0007448,WH0005,PRD0050,2025-05-01,3020,667,266
INVSNP0007449,WH0005,PRD0050,2025-06-01,3085,667,266
INVSNP0007450,WH0005,PRD0050,2025-07-01,2934,667,266
INVSNP0007451,WH0005,PRD0050,2025-08-01,3350,667,266
INVSNP0007452,WH0005,PRD0050,2025-09-01,3006,667,266
INVSNP0007453,WH0005,PRD0050,2025-10-01,3300,667,266
INVSNP0007454,WH0005,PRD0050,2025-11-01,2641,667,266
INVSNP0007455,WH0005,PRD0050,2025-12-01,2387,667,266
INVSNP0007456,WH0005,PRD0050,2026-01-01,2771,667,266
INVSNP0007457,WH0005,PRD0050,2026-02-01,3799,667,266
INVSNP0007458,WH0005,PRD0050,2026-03-01,2843,667,266
INVSNP0007459,WH0005,PRD0050,2026-04-01,1883,667,266
INVSNP0007460,WH0005,PRD0050,2026-05-01,3424,667,266
INVSNP0007461,WH0005,PRD0050,2026-06-01,2663,667,266
INVSNP0007462,WH0005,PRD0050,2026-07-01,2209,667,266
INVSNP0007463,WH0005,PRD0050,2026-08-01,2579,667,266
INVSNP0007464,WH0005,PRD0050,2026-09-01,2623,667,266
INVSNP0007465,WH0005,PRD0055,2024-10-01,948,270,108
INVSNP0007466,WH0005,PRD0055,2024-11-01,1116,270,108
INVSNP0007467,WH0005,PRD0055,2024-12-01,1062,270,108
INVSNP0007468,WH0005,PRD0055,2025-01-01,961,270,108
INVSNP0007469,WH0005,PRD0055,2025-02-01,963,270,108
INVSNP0007470,WH0005,PRD0055,2025-03-01,1435,270,108
INVSNP0007471,WH0005,PRD0055,2025-04-01,1219,270,108
INVSNP0007472,WH0005,PRD0055,2025-05-01,1016,270,108
INVSNP0007473,WH0005,PRD0055,2025-06-01,856,270,108
INVSNP0007474,WH0005,PRD0055,2025-07-01,1070,270,108
INVSNP0007475,WH0005,PRD0055,2025-08-01,912,270,108
INVSNP0007476,WH0005,PRD0055,2025-09-01,1113,270,108
INVSNP0007477,WH0005,PRD0055,2025-10-01,913,270,108
INVSNP0007478,WH0005,PRD0055,2025-11-01,1044,270,108
INVSNP0007479,WH0005,PRD0055,2025-12-01,1060,270,108
INVSNP0007480,WH0005,PRD0055,2026-01-01,1574,270,108
INVSNP0007481,WH0005,PRD0055,2026-02-01,1128,270,108
INVSNP0007482,WH0005,PRD0055,2026-03-01,1046,270,108
INVSNP0007483,WH0005,PRD0055,2026-04-01,1192,270,108
INVSNP0007484,WH0005,PRD0055,2026-05-01,1061,270,108
INVSNP0007485,WH0005,PRD0055,2026-06-01,1266,270,108
INVSNP0007486,WH0005,PRD0055,2026-07-01,979,270,108
INVSNP0007487,WH0005,PRD0055,2026-08-01,897,270,108
INVSNP0007488,WH0005,PRD0055,2026-09-01,890,270,108
INVSNP0007489,WH0005,PRD0095,2024-10-01,1502,485,194
INVSNP0007490,WH0005,PRD0095,2024-11-01,1605,485,194
INVSNP0007491,WH0005,PRD0095,2024-12-01,1422,485,194
INVSNP0007492,WH0005,PRD0095,2025-01-01,1652,485,194
INVSNP0007493,WH0005,PRD0095,2025-02-01,2052,485,194
INVSNP0007494,WH0005,PRD0095,2025-03-01,1795,485,194
INVSNP0007495,WH0005,PRD0095,2025-04-01,2032,485,194
INVSNP0007496,WH0005,PRD0095,2025-05-01,2466,485,194
INVSNP0007497,WH0005,PRD0095,2025-06-01,1757,485,194
INVSNP0007498,WH0005,PRD0095,2025-07-01,2217,485,194
INVSNP0007499,WH0005,PRD0095,2025-08-01,1863,485,194
INVSNP0007500,WH0005,PRD0095,2025-09-01,2391,485,194
INVSNP0007501,WH0005,PRD0095,2025-10-01,1928,485,194
INVSNP0007502,WH0005,PRD0095,2025-11-01,2082,485,194
INVSNP0007503,WH0005,PRD0095,2025-12-01,2161,485,194
INVSNP0007504,WH0005,PRD0095,2026-01-01,1596,485,194
INVSNP0007505,WH0005,PRD0095,2026-02-01,1907,485,194
INVSNP0007506,WH0005,PRD0095,2026-03-01,1809,485,194
INVSNP0007507,WH0005,PRD0095,2026-04-01,2102,485,194
INVSNP0007508,WH0005,PRD0095,2026-05-01,1750,485,194
INVSNP0007509,WH0005,PRD0095,2026-06-01,1804,485,194
INVSNP0007510,WH0005,PRD0095,2026-07-01,1918,485,194
INVSNP0007511,WH0005,PRD0095,2026-08-01,2147,485,194
INVSNP0007512,WH0005,PRD0095,2026-09-01,2094,485,194
INVSNP0007513,WH0005,PRD0130,2024-10-01,661,159,63
INVSNP0007514,WH0005,PRD0130,2024-11-01,602,159,63
INVSNP0007515,WH0005,PRD0130,2024-12-01,545,159,63
INVSNP0007516,WH0005,PRD0130,2025-01-01,693,159,63
INVSNP0007517,WH0005,PRD0130,2025-02-01,808,159,63
INVSNP0007518,WH0005,PRD0130,2025-03-01,721,159,63
INVSNP0007519,WH0005,PRD0130,2025-04-01,605,159,63
INVSNP0007520,WH0005,PRD0130,2025-05-01,691,159,63
INVSNP0007521,WH0005,PRD0130,2025-06-01,660,159,63
INVSNP0007522,WH0005,PRD0130,2025-07-01,613,159,63
INVSNP0007523,WH0005,PRD0130,2025-08-01,783,159,63
INVSNP0007524,WH0005,PRD0130,2025-09-01,629,159,63
INVSNP0007525,WH0005,PRD0130,2025-10-01,694,159,63
INVSNP0007526,WH0005,PRD0130,2025-11-01,495,159,63
INVSNP0007527,WH0005,PRD0130,2025-12-01,670,159,63
INVSNP0007528,WH0005,PRD0130,2026-01-01,603,159,63
INVSNP0007529,WH0005,PRD0130,2026-02-01,779,159,63
INVSNP0007530,WH0005,PRD0130,2026-03-01,590,159,63
INVSNP0007531,WH0005,PRD0130,2026-04-01,532,159,63
INVSNP0007532,WH0005,PRD0130,2026-05-01,525,159,63
INVSNP0007533,WH0005,PRD0130,2026-06-01,687,159,63
INVSNP0007534,WH0005,PRD0130,2026-07-01,482,159,63
INVSNP0007535,WH0005,PRD0130,2026-08-01,729,159,63
INVSNP0007536,WH0005,PRD0130,2026-09-01,633,159,63
INVSNP0007537,WH0005,PRD0132,2024-10-01,3522,797,318
INVSNP0007538,WH0005,PRD0132,2024-11-01,3127,797,318
INVSNP0007539,WH0005,PRD0132,2024-12-01,2910,797,318
INVSNP0007540,WH0005,PRD0132,2025-01-01,3486,797,318
INVSNP0007541,WH0005,PRD0132,2025-02-01,3201,797,318
INVSNP0007542,WH0005,PRD0132,2025-03-01,2510,797,318
INVSNP0007543,WH0005,PRD0132,2025-04-01,3064,797,318
INVSNP0007544,WH0005,PRD0132,2025-05-01,3150,797,318
INVSNP0007545,WH0005,PRD0132,2025-06-01,3132,797,318
INVSNP0007546,WH0005,PRD0132,2025-07-01,3013,797,318
INVSNP0007547,WH0005,PRD0132,2025-08-01,3233,797,318
INVSNP0007548,WH0005,PRD0132,2025-09-01,2691,797,318
INVSNP0007549,WH0005,PRD0132,2025-10-01,2344,797,318
INVSNP0007550,WH0005,PRD0132,2025-11-01,3324,797,318
INVSNP0007551,WH0005,PRD0132,2025-12-01,2511,797,318
INVSNP0007552,WH0005,PRD0132,2026-01-01,3739,797,318
INVSNP0007553,WH0005,PRD0132,2026-02-01,4184,797,318
INVSNP0007554,WH0005,PRD0132,2026-03-01,3336,797,318
INVSNP0007555,WH0005,PRD0132,2026-04-01,3542,797,318
INVSNP0007556,WH0005,PRD0132,2026-05-01,2342,797,318
INVSNP0007557,WH0005,PRD0132,2026-06-01,3345,797,318
INVSNP0007558,WH0005,PRD0132,2026-07-01,2995,797,318
INVSNP0007559,WH0005,PRD0132,2026-08-01,2996,797,318
INVSNP0007560,WH0005,PRD0132,2026-09-01,3147,797,318
INVSNP0007561,WH0005,PRD0062,2024-10-01,1196,233,93
INVSNP0007562,WH0005,PRD0062,2024-11-01,1015,233,93
INVSNP0007563,WH0005,PRD0062,2024-12-01,1222,233,93
INVSNP0007564,WH0005,PRD0062,2025-01-01,727,233,93
INVSNP0007565,WH0005,PRD0062,2025-02-01,936,233,93
INVSNP0007566,WH0005,PRD0062,2025-03-01,1164,233,93
INVSNP0007567,WH0005,PRD0062,2025-04-01,928,233,93
INVSNP0007568,WH0005,PRD0062,2025-05-01,936,233,93
INVSNP0007569,WH0005,PRD0062,2025-06-01,1151,233,93
INVSNP0007570,WH0005,PRD0062,2025-07-01,1186,233,93
INVSNP0007571,WH0005,PRD0062,2025-08-01,1108,233,93
INVSNP0007572,WH0005,PRD0062,2025-09-01,1061,233,93
INVSNP0007573,WH0005,PRD0062,2025-10-01,1028,233,93
INVSNP0007574,WH0005,PRD0062,2025-11-01,1044,233,93
INVSNP0007575,WH0005,PRD0062,2025-12-01,854,233,93
INVSNP0007576,WH0005,PRD0062,2026-01-01,778,233,93
INVSNP0007577,WH0005,PRD0062,2026-02-01,870,233,93
INVSNP0007578,WH0005,PRD0062,2026-03-01,854,233,93
INVSNP0007579,WH0005,PRD0062,2026-04-01,1018,233,93
INVSNP0007580,WH0005,PRD0062,2026-05-01,731,233,93
INVSNP0007581,WH0005,PRD0062,2026-06-01,714,233,93
INVSNP0007582,WH0005,PRD0062,2026-07-01,968,233,93
INVSNP0007583,WH0005,PRD0062,2026-08-01,869,233,93
INVSNP0007584,WH0005,PRD0062,2026-09-01,1110,233,93
INVSNP0007585,WH0005,PRD0005,2024-10-01,5410,891,356
INVSNP0007586,WH0005,PRD0005,2024-11-01,3078,891,356
INVSNP0007587,WH0005,PRD0005,2024-12-01,3634,891,356
INVSNP0007588,WH0005,PRD0005,2025-01-01,3045,891,356
INVSNP0007589,WH0005,PRD0005,2025-02-01,3828,891,356
INVSNP0007590,WH0005,PRD0005,2025-03-01,3384,891,356
INVSNP0007591,WH0005,PRD0005,2025-04-01,3580,891,356
INVSNP0007592,WH0005,PRD0005,2025-05-01,3448,891,356
INVSNP0007593,WH0005,PRD0005,2025-06-01,3119,891,356
INVSNP0007594,WH0005,PRD0005,2025-07-01,4052,891,356
INVSNP0007595,WH0005,PRD0005,2025-08-01,3892,891,356
INVSNP0007596,WH0005,PRD0005,2025-09-01,3661,891,356
INVSNP0007597,WH0005,PRD0005,2025-10-01,3364,891,356
INVSNP0007598,WH0005,PRD0005,2025-11-01,3719,891,356
INVSNP0007599,WH0005,PRD0005,2025-12-01,3724,891,356
INVSNP0007600,WH0005,PRD0005,2026-01-01,3645,891,356
INVSNP0007601,WH0005,PRD0005,2026-02-01,3781,891,356
INVSNP0007602,WH0005,PRD0005,2026-03-01,3220,891,356
INVSNP0007603,WH0005,PRD0005,2026-04-01,3924,891,356
INVSNP0007604,WH0005,PRD0005,2026-05-01,3676,891,356
INVSNP0007605,WH0005,PRD0005,2026-06-01,3723,891,356
INVSNP0007606,WH0005,PRD0005,2026-07-01,3503,891,356
INVSNP0007607,WH0005,PRD0005,2026-08-01,3401,891,356
INVSNP0007608,WH0005,PRD0005,2026-09-01,3256,891,356
INVSNP0007609,WH0005,PRD0047,2024-10-01,1332,424,169
INVSNP0007610,WH0005,PRD0047,2024-11-01,1505,424,169
INVSNP0007611,WH0005,PRD0047,2024-12-01,1544,424,169
INVSNP0007612,WH0005,PRD0047,2025-01-01,1854,424,169
INVSNP0007613,WH0005,PRD0047,2025-02-01,1872,424,169
INVSNP0007614,WH0005,PRD0047,2025-03-01,1541,424,169
INVSNP0007615,WH0005,PRD0047,2025-04-01,1709,424,169
INVSNP0007616,WH0005,PRD0047,2025-05-01,1580,424,169
INVSNP0007617,WH0005,PRD0047,2025-06-01,1602,424,169
INVSNP0007618,WH0005,PRD0047,2025-07-01,1568,424,169
INVSNP0007619,WH0005,PRD0047,2025-08-01,1438,424,169
INVSNP0007620,WH0005,PRD0047,2025-09-01,1491,424,169
INVSNP0007621,WH0005,PRD0047,2025-10-01,1289,424,169
INVSNP0007622,WH0005,PRD0047,2025-11-01,2113,424,169
INVSNP0007623,WH0005,PRD0047,2025-12-01,1561,424,169
INVSNP0007624,WH0005,PRD0047,2026-01-01,1353,424,169
INVSNP0007625,WH0005,PRD0047,2026-02-01,1975,424,169
INVSNP0007626,WH0005,PRD0047,2026-03-01,1050,424,169
INVSNP0007627,WH0005,PRD0047,2026-04-01,1730,424,169
INVSNP0007628,WH0005,PRD0047,2026-05-01,1623,424,169
INVSNP0007629,WH0005,PRD0047,2026-06-01,1562,424,169
INVSNP0007630,WH0005,PRD0047,2026-07-01,1605,424,169
INVSNP0007631,WH0005,PRD0047,2026-08-01,1762,424,169
INVSNP0007632,WH0005,PRD0047,2026-09-01,1524,424,169
INVSNP0007633,WH0005,PRD0081,2024-10-01,2948,711,284
INVSNP0007634,WH0005,PRD0081,2024-11-01,2487,711,284
INVSNP0007635,WH0005,PRD0081,2024-12-01,2570,711,284
INVSNP0007636,WH0005,PRD0081,2025-01-01,2544,711,284
INVSNP0007637,WH0005,PRD0081,2025-02-01,2597,711,284
INVSNP0007638,WH0005,PRD0081,2025-03-01,2884,711,284
INVSNP0007639,WH0005,PRD0081,2025-04-01,3528,711,284
INVSNP0007640,WH0005,PRD0081,2025-05-01,2254,711,284
INVSNP0007641,WH0005,PRD0081,2025-06-01,2736,711,284
INVSNP0007642,WH0005,PRD0081,2025-07-01,2827,711,284
INVSNP0007643,WH0005,PRD0081,2025-08-01,2893,711,284
INVSNP0007644,WH0005,PRD0081,2025-09-01,3062,711,284
INVSNP0007645,WH0005,PRD0081,2025-10-01,2764,711,284
INVSNP0007646,WH0005,PRD0081,2025-11-01,3185,711,284
INVSNP0007647,WH0005,PRD0081,2025-12-01,3351,711,284
INVSNP0007648,WH0005,PRD0081,2026-01-01,3572,711,284
INVSNP0007649,WH0005,PRD0081,2026-02-01,2278,711,284
INVSNP0007650,WH0005,PRD0081,2026-03-01,2687,711,284
INVSNP0007651,WH0005,PRD0081,2026-04-01,2797,711,284
INVSNP0007652,WH0005,PRD0081,2026-05-01,2607,711,284
INVSNP0007653,WH0005,PRD0081,2026-06-01,2786,711,284
INVSNP0007654,WH0005,PRD0081,2026-07-01,2774,711,284
INVSNP0007655,WH0005,PRD0081,2026-08-01,2974,711,284
INVSNP0007656,WH0005,PRD0081,2026-09-01,2997,711,284
INVSNP0007657,WH0005,PRD0116,2024-10-01,1322,446,178
INVSNP0007658,WH0005,PRD0116,2024-11-01,1748,446,178
INVSNP0007659,WH0005,PRD0116,2024-12-01,1568,446,178
INVSNP0007660,WH0005,PRD0116,2025-01-01,1751,446,178
INVSNP0007661,WH0005,PRD0116,2025-02-01,1884,446,178
INVSNP0007662,WH0005,PRD0116,2025-03-01,1322,446,178
INVSNP0007663,WH0005,PRD0116,2025-04-01,1464,446,178
INVSNP0007664,WH0005,PRD0116,2025-05-01,1281,446,178
INVSNP0007665,WH0005,PRD0116,2025-06-01,1859,446,178
INVSNP0007666,WH0005,PRD0116,2025-07-01,2123,446,178
INVSNP0007667,WH0005,PRD0116,2025-08-01,1650,446,178
INVSNP0007668,WH0005,PRD0116,2025-09-01,1678,446,178
INVSNP0007669,WH0005,PRD0116,2025-10-01,1618,446,178
INVSNP0007670,WH0005,PRD0116,2025-11-01,2075,446,178
INVSNP0007671,WH0005,PRD0116,2025-12-01,1356,446,178
INVSNP0007672,WH0005,PRD0116,2026-01-01,2478,446,178
INVSNP0007673,WH0005,PRD0116,2026-02-01,1621,446,178
INVSNP0007674,WH0005,PRD0116,2026-03-01,1604,446,178
INVSNP0007675,WH0005,PRD0116,2026-04-01,1759,446,178
INVSNP0007676,WH0005,PRD0116,2026-05-01,2205,446,178
INVSNP0007677,WH0005,PRD0116,2026-06-01,1903,446,178
INVSNP0007678,WH0005,PRD0116,2026-07-01,1762,446,178
INVSNP0007679,WH0005,PRD0116,2026-08-01,1979,446,178
INVSNP0007680,WH0005,PRD0116,2026-09-01,1742,446,178
INVSNP0007681,WH0005,PRD0087,2024-10-01,4786,1243,497
INVSNP0007682,WH0005,PRD0087,2024-11-01,4019,1243,497
INVSNP0007683,WH0005,PRD0087,2024-12-01,5223,1243,497
INVSNP0007684,WH0005,PRD0087,2025-01-01,4771,1243,497
INVSNP0007685,WH0005,PRD0087,2025-02-01,5010,1243,497
INVSNP0007686,WH0005,PRD0087,2025-03-01,5076,1243,497
INVSNP0007687,WH0005,PRD0087,2025-04-01,4921,1243,497
INVSNP0007688,WH0005,PRD0087,2025-05-01,5318,1243,497
INVSNP0007689,WH0005,PRD0087,2025-06-01,4761,1243,497
INVSNP0007690,WH0005,PRD0087,2025-07-01,4414,1243,497
INVSNP0007691,WH0005,PRD0087,2025-08-01,5485,1243,497
INVSNP0007692,WH0005,PRD0087,2025-09-01,5069,1243,497
INVSNP0007693,WH0005,PRD0087,2025-10-01,5823,1243,497
INVSNP0007694,WH0005,PRD0087,2025-11-01,6945,1243,497
INVSNP0007695,WH0005,PRD0087,2025-12-01,4921,1243,497
INVSNP0007696,WH0005,PRD0087,2026-01-01,6625,1243,497
INVSNP0007697,WH0005,PRD0087,2026-02-01,5215,1243,497
INVSNP0007698,WH0005,PRD0087,2026-03-01,5693,1243,497
INVSNP0007699,WH0005,PRD0087,2026-04-01,4210,1243,497
INVSNP0007700,WH0005,PRD0087,2026-05-01,3758,1243,497
INVSNP0007701,WH0005,PRD0087,2026-06-01,5348,1243,497
INVSNP0007702,WH0005,PRD0087,2026-07-01,4628,1243,497
INVSNP0007703,WH0005,PRD0087,2026-08-01,5735,1243,497
INVSNP0007704,WH0005,PRD0087,2026-09-01,5423,1243,497
INVSNP0007705,WH0005,PRD0144,2024-10-01,263,60,24
INVSNP0007706,WH0005,PRD0144,2024-11-01,277,60,24
INVSNP0007707,WH0005,PRD0144,2024-12-01,210,60,24
INVSNP0007708,WH0005,PRD0144,2025-01-01,213,60,24
INVSNP0007709,WH0005,PRD0144,2025-02-01,208,60,24
INVSNP0007710,WH0005,PRD0144,2025-03-01,187,60,24
INVSNP0007711,WH0005,PRD0144,2025-04-01,211,60,24
INVSNP0007712,WH0005,PRD0144,2025-05-01,271,60,24
INVSNP0007713,WH0005,PRD0144,2025-06-01,184,60,24
INVSNP0007714,WH0005,PRD0144,2025-07-01,277,60,24
INVSNP0007715,WH0005,PRD0144,2025-08-01,258,60,24
INVSNP0007716,WH0005,PRD0144,2025-09-01,280,60,24
INVSNP0007717,WH0005,PRD0144,2025-10-01,230,60,24
INVSNP0007718,WH0005,PRD0144,2025-11-01,245,60,24
INVSNP0007719,WH0005,PRD0144,2025-12-01,247,60,24
INVSNP0007720,WH0005,PRD0144,2026-01-01,239,60,24
INVSNP0007721,WH0005,PRD0144,2026-02-01,254,60,24
INVSNP0007722,WH0005,PRD0144,2026-03-01,279,60,24
INVSNP0007723,WH0005,PRD0144,2026-04-01,230,60,24
INVSNP0007724,WH0005,PRD0144,2026-05-01,191,60,24
INVSNP0007725,WH0005,PRD0144,2026-06-01,225,60,24
INVSNP0007726,WH0005,PRD0144,2026-07-01,194,60,24
INVSNP0007727,WH0005,PRD0144,2026-08-01,266,60,24
INVSNP0007728,WH0005,PRD0144,2026-09-01,266,60,24
INVSNP0007729,WH0005,PRD0111,2024-10-01,2767,603,241
INVSNP0007730,WH0005,PRD0111,2024-11-01,2101,603,241
INVSNP0007731,WH0005,PRD0111,2024-12-01,2169,603,241
INVSNP0007732,WH0005,PRD0111,2025-01-01,3009,603,241
INVSNP0007733,WH0005,PRD0111,2025-02-01,2650,603,241
INVSNP0007734,WH0005,PRD0111,2025-03-01,2256,603,241
INVSNP0007735,WH0005,PRD0111,2025-04-01,2245,603,241
INVSNP0007736,WH0005,PRD0111,2025-05-01,2607,603,241
INVSNP0007737,WH0005,PRD0111,2025-06-01,1872,603,241
INVSNP0007738,WH0005,PRD0111,2025-07-01,2421,603,241
INVSNP0007739,WH0005,PRD0111,2025-08-01,2034,603,241
INVSNP0007740,WH0005,PRD0111,2025-09-01,2117,603,241
INVSNP0007741,WH0005,PRD0111,2025-10-01,2708,603,241
INVSNP0007742,WH0005,PRD0111,2025-11-01,2215,603,241
INVSNP0007743,WH0005,PRD0111,2025-12-01,2058,603,241
INVSNP0007744,WH0005,PRD0111,2026-01-01,1925,603,241
INVSNP0007745,WH0005,PRD0111,2026-02-01,2266,603,241
INVSNP0007746,WH0005,PRD0111,2026-03-01,2460,603,241
INVSNP0007747,WH0005,PRD0111,2026-04-01,2473,603,241
INVSNP0007748,WH0005,PRD0111,2026-05-01,2571,603,241
INVSNP0007749,WH0005,PRD0111,2026-06-01,2749,603,241
INVSNP0007750,WH0005,PRD0111,2026-07-01,2593,603,241
INVSNP0007751,WH0005,PRD0111,2026-08-01,2307,603,241
INVSNP0007752,WH0005,PRD0111,2026-09-01,1877,603,241
INVSNP0007753,WH0005,PRD0086,2024-10-01,1235,353,141
INVSNP0007754,WH0005,PRD0086,2024-11-01,1187,353,141
INVSNP0007755,WH0005,PRD0086,2024-12-01,1552,353,141
INVSNP0007756,WH0005,PRD0086,2025-01-01,1470,353,141
INVSNP0007757,WH0005,PRD0086,2025-02-01,1585,353,141
INVSNP0007758,WH0005,PRD0086,2025-03-01,1524,353,141
INVSNP0007759,WH0005,PRD0086,2025-04-01,1740,353,141
INVSNP0007760,WH0005,PRD0086,2025-05-01,1617,353,141
INVSNP0007761,WH0005,PRD0086,2025-06-01,1297,353,141
INVSNP0007762,WH0005,PRD0086,2025-07-01,1379,353,141
INVSNP0007763,WH0005,PRD0086,2025-08-01,1416,353,141
INVSNP0007764,WH0005,PRD0086,2025-09-01,1233,353,141
INVSNP0007765,WH0005,PRD0086,2025-10-01,1683,353,141
INVSNP0007766,WH0005,PRD0086,2025-11-01,1405,353,141
INVSNP0007767,WH0005,PRD0086,2025-12-01,1555,353,141
INVSNP0007768,WH0005,PRD0086,2026-01-01,1207,353,141
INVSNP0007769,WH0005,PRD0086,2026-02-01,1311,353,141
INVSNP0007770,WH0005,PRD0086,2026-03-01,1509,353,141
INVSNP0007771,WH0005,PRD0086,2026-04-01,602,353,141
INVSNP0007772,WH0005,PRD0086,2026-05-01,1236,353,141
INVSNP0007773,WH0005,PRD0086,2026-06-01,1293,353,141
INVSNP0007774,WH0005,PRD0086,2026-07-01,1189,353,141
INVSNP0007775,WH0005,PRD0086,2026-08-01,1341,353,141
INVSNP0007776,WH0005,PRD0086,2026-09-01,1620,353,141
INVSNP0007777,WH0005,PRD0083,2024-10-01,1557,403,161
INVSNP0007778,WH0005,PRD0083,2024-11-01,1625,403,161
INVSNP0007779,WH0005,PRD0083,2024-12-01,1506,403,161
INVSNP0007780,WH0005,PRD0083,2025-01-01,1539,403,161
INVSNP0007781,WH0005,PRD0083,2025-02-01,1923,403,161
INVSNP0007782,WH0005,PRD0083,2025-03-01,1791,403,161
INVSNP0007783,WH0005,PRD0083,2025-04-01,1572,403,161
INVSNP0007784,WH0005,PRD0083,2025-05-01,1624,403,161
INVSNP0007785,WH0005,PRD0083,2025-06-01,1458,403,161
INVSNP0007786,WH0005,PRD0083,2025-07-01,1829,403,161
INVSNP0007787,WH0005,PRD0083,2025-08-01,1334,403,161
INVSNP0007788,WH0005,PRD0083,2025-09-01,1444,403,161
INVSNP0007789,WH0005,PRD0083,2025-10-01,1403,403,161
INVSNP0007790,WH0005,PRD0083,2025-11-01,1550,403,161
INVSNP0007791,WH0005,PRD0083,2025-12-01,1605,403,161
INVSNP0007792,WH0005,PRD0083,2026-01-01,1622,403,161
INVSNP0007793,WH0005,PRD0083,2026-02-01,1522,403,161
INVSNP0007794,WH0005,PRD0083,2026-03-01,1617,403,161
INVSNP0007795,WH0005,PRD0083,2026-04-01,1566,403,161
INVSNP0007796,WH0005,PRD0083,2026-05-01,1479,403,161
INVSNP0007797,WH0005,PRD0083,2026-06-01,1545,403,161
INVSNP0007798,WH0005,PRD0083,2026-07-01,1534,403,161
INVSNP0007799,WH0005,PRD0083,2026-08-01,1541,403,161
INVSNP0007800,WH0005,PRD0083,2026-09-01,1637,403,161
INVSNP0007801,WH0005,PRD0133,2024-10-01,2807,606,242
INVSNP0007802,WH0005,PRD0133,2024-11-01,2736,606,242
INVSNP0007803,WH0005,PRD0133,2024-12-01,2402,606,242
INVSNP0007804,WH0005,PRD0133,2025-01-01,2636,606,242
INVSNP0007805,WH0005,PRD0133,2025-02-01,2338,606,242
INVSNP0007806,WH0005,PRD0133,2025-03-01,2667,606,242
INVSNP0007807,WH0005,PRD0133,2025-04-01,2133,606,242
INVSNP0007808,WH0005,PRD0133,2025-05-01,2172,606,242
INVSNP0007809,WH0005,PRD0133,2025-06-01,2724,606,242
INVSNP0007810,WH0005,PRD0133,2025-07-01,2465,606,242
INVSNP0007811,WH0005,PRD0133,2025-08-01,2738,606,242
INVSNP0007812,WH0005,PRD0133,2025-09-01,2841,606,242
INVSNP0007813,WH0005,PRD0133,2025-10-01,2651,606,242
INVSNP0007814,WH0005,PRD0133,2025-11-01,2549,606,242
INVSNP0007815,WH0005,PRD0133,2025-12-01,2415,606,242
INVSNP0007816,WH0005,PRD0133,2026-01-01,2284,606,242
INVSNP0007817,WH0005,PRD0133,2026-02-01,1637,606,242
INVSNP0007818,WH0005,PRD0133,2026-03-01,1952,606,242
INVSNP0007819,WH0005,PRD0133,2026-04-01,2360,606,242
INVSNP0007820,WH0005,PRD0133,2026-05-01,2723,606,242
INVSNP0007821,WH0005,PRD0133,2026-06-01,2215,606,242
INVSNP0007822,WH0005,PRD0133,2026-07-01,2460,606,242
INVSNP0007823,WH0005,PRD0133,2026-08-01,2693,606,242
INVSNP0007824,WH0005,PRD0133,2026-09-01,2118,606,242
INVSNP0007825,WH0005,PRD0034,2024-10-01,4321,1093,437
INVSNP0007826,WH0005,PRD0034,2024-11-01,4716,1093,437
INVSNP0007827,WH0005,PRD0034,2024-12-01,2908,1093,437
INVSNP0007828,WH0005,PRD0034,2025-01-01,3979,1093,437
INVSNP0007829,WH0005,PRD0034,2025-02-01,4268,1093,437
INVSNP0007830,WH0005,PRD0034,2025-03-01,5105,1093,437
INVSNP0007831,WH0005,PRD0034,2025-04-01,4447,1093,437
INVSNP0007832,WH0005,PRD0034,2025-05-01,5008,1093,437
INVSNP0007833,WH0005,PRD0034,2025-06-01,4222,1093,437
INVSNP0007834,WH0005,PRD0034,2025-07-01,4376,1093,437
INVSNP0007835,WH0005,PRD0034,2025-08-01,4871,1093,437
INVSNP0007836,WH0005,PRD0034,2025-09-01,5272,1093,437
INVSNP0007837,WH0005,PRD0034,2025-10-01,5190,1093,437
INVSNP0007838,WH0005,PRD0034,2025-11-01,5547,1093,437
INVSNP0007839,WH0005,PRD0034,2025-12-01,4301,1093,437
INVSNP0007840,WH0005,PRD0034,2026-01-01,4463,1093,437
INVSNP0007841,WH0005,PRD0034,2026-02-01,4605,1093,437
INVSNP0007842,WH0005,PRD0034,2026-03-01,3448,1093,437
INVSNP0007843,WH0005,PRD0034,2026-04-01,4378,1093,437
INVSNP0007844,WH0005,PRD0034,2026-05-01,5050,1093,437
INVSNP0007845,WH0005,PRD0034,2026-06-01,3810,1093,437
INVSNP0007846,WH0005,PRD0034,2026-07-01,4238,1093,437
INVSNP0007847,WH0005,PRD0034,2026-08-01,3136,1093,437
INVSNP0007848,WH0005,PRD0034,2026-09-01,5078,1093,437
INVSNP0007849,WH0005,PRD0078,2024-10-01,1660,396,158
INVSNP0007850,WH0005,PRD0078,2024-11-01,1488,396,158
INVSNP0007851,WH0005,PRD0078,2024-12-01,1500,396,158
INVSNP0007852,WH0005,PRD0078,2025-01-01,1799,396,158
INVSNP0007853,WH0005,PRD0078,2025-02-01,1660,396,158
INVSNP0007854,WH0005,PRD0078,2025-03-01,1900,396,158
INVSNP0007855,WH0005,PRD0078,2025-04-01,1560,396,158
INVSNP0007856,WH0005,PRD0078,2025-05-01,1933,396,158
INVSNP0007857,WH0005,PRD0078,2025-06-01,1622,396,158
INVSNP0007858,WH0005,PRD0078,2025-07-01,1174,396,158
INVSNP0007859,WH0005,PRD0078,2025-08-01,1332,396,158
INVSNP0007860,WH0005,PRD0078,2025-09-01,1736,396,158
INVSNP0007861,WH0005,PRD0078,2025-10-01,1463,396,158
INVSNP0007862,WH0005,PRD0078,2025-11-01,1353,396,158
INVSNP0007863,WH0005,PRD0078,2025-12-01,1715,396,158
INVSNP0007864,WH0005,PRD0078,2026-01-01,1735,396,158
INVSNP0007865,WH0005,PRD0078,2026-02-01,1265,396,158
INVSNP0007866,WH0005,PRD0078,2026-03-01,1710,396,158
INVSNP0007867,WH0005,PRD0078,2026-04-01,1307,396,158
INVSNP0007868,WH0005,PRD0078,2026-05-01,1502,396,158
INVSNP0007869,WH0005,PRD0078,2026-06-01,1262,396,158
INVSNP0007870,WH0005,PRD0078,2026-07-01,1916,396,158
INVSNP0007871,WH0005,PRD0078,2026-08-01,1173,396,158
INVSNP0007872,WH0005,PRD0078,2026-09-01,1585,396,158
INVSNP0007873,WH0005,PRD0059,2024-10-01,2311,519,207
INVSNP0007874,WH0005,PRD0059,2024-11-01,1672,519,207
INVSNP0007875,WH0005,PRD0059,2024-12-01,1827,519,207
INVSNP0007876,WH0005,PRD0059,2025-01-01,1916,519,207
INVSNP0007877,WH0005,PRD0059,2025-02-01,2059,519,207
INVSNP0007878,WH0005,PRD0059,2025-03-01,2631,519,207
INVSNP0007879,WH0005,PRD0059,2025-04-01,1848,519,207
INVSNP0007880,WH0005,PRD0059,2025-05-01,1669,519,207
INVSNP0007881,WH0005,PRD0059,2025-06-01,1977,519,207
INVSNP0007882,WH0005,PRD0059,2025-07-01,1824,519,207
INVSNP0007883,WH0005,PRD0059,2025-08-01,1911,519,207
INVSNP0007884,WH0005,PRD0059,2025-09-01,2248,519,207
INVSNP0007885,WH0005,PRD0059,2025-10-01,2392,519,207
INVSNP0007886,WH0005,PRD0059,2025-11-01,2540,519,207
INVSNP0007887,WH0005,PRD0059,2025-12-01,2081,519,207
INVSNP0007888,WH0005,PRD0059,2026-01-01,2020,519,207
INVSNP0007889,WH0005,PRD0059,2026-02-01,1835,519,207
INVSNP0007890,WH0005,PRD0059,2026-03-01,1672,519,207
INVSNP0007891,WH0005,PRD0059,2026-04-01,1798,519,207
INVSNP0007892,WH0005,PRD0059,2026-05-01,1700,519,207
INVSNP0007893,WH0005,PRD0059,2026-06-01,1577,519,207
INVSNP0007894,WH0005,PRD0059,2026-07-01,2344,519,207
INVSNP0007895,WH0005,PRD0059,2026-08-01,1613,519,207
INVSNP0007896,WH0005,PRD0059,2026-09-01,1542,519,207
INVSNP0007897,WH0006,PRD0038,2024-10-01,2630,616,246
INVSNP0007898,WH0006,PRD0038,2024-11-01,2834,616,246
INVSNP0007899,WH0006,PRD0038,2024-12-01,2581,616,246
INVSNP0007900,WH0006,PRD0038,2025-01-01,2544,616,246
INVSNP0007901,WH0006,PRD0038,2025-02-01,3189,616,246
INVSNP0007902,WH0006,PRD0038,2025-03-01,2884,616,246
INVSNP0007903,WH0006,PRD0038,2025-04-01,2603,616,246
INVSNP0007904,WH0006,PRD0038,2025-05-01,2015,616,246
INVSNP0007905,WH0006,PRD0038,2025-06-01,3176,616,246
INVSNP0007906,WH0006,PRD0038,2025-07-01,2550,616,246
INVSNP0007907,WH0006,PRD0038,2025-08-01,2987,616,246
INVSNP0007908,WH0006,PRD0038,2025-09-01,3158,616,246
INVSNP0007909,WH0006,PRD0038,2025-10-01,3209,616,246
INVSNP0007910,WH0006,PRD0038,2025-11-01,2815,616,246
INVSNP0007911,WH0006,PRD0038,2025-12-01,1699,616,246
INVSNP0007912,WH0006,PRD0038,2026-01-01,2347,616,246
INVSNP0007913,WH0006,PRD0038,2026-02-01,2326,616,246
INVSNP0007914,WH0006,PRD0038,2026-03-01,3146,616,246
INVSNP0007915,WH0006,PRD0038,2026-04-01,2698,616,246
INVSNP0007916,WH0006,PRD0038,2026-05-01,2081,616,246
INVSNP0007917,WH0006,PRD0038,2026-06-01,2432,616,246
INVSNP0007918,WH0006,PRD0038,2026-07-01,3234,616,246
INVSNP0007919,WH0006,PRD0038,2026-08-01,2334,616,246
INVSNP0007920,WH0006,PRD0038,2026-09-01,2487,616,246
INVSNP0007921,WH0006,PRD0066,2024-10-01,4633,958,383
INVSNP0007922,WH0006,PRD0066,2024-11-01,3427,958,383
INVSNP0007923,WH0006,PRD0066,2024-12-01,3706,958,383
INVSNP0007924,WH0006,PRD0066,2025-01-01,4846,958,383
INVSNP0007925,WH0006,PRD0066,2025-02-01,5305,958,383
INVSNP0007926,WH0006,PRD0066,2025-03-01,4806,958,383
INVSNP0007927,WH0006,PRD0066,2025-04-01,3157,958,383
INVSNP0007928,WH0006,PRD0066,2025-05-01,3319,958,383
INVSNP0007929,WH0006,PRD0066,2025-06-01,3838,958,383
INVSNP0007930,WH0006,PRD0066,2025-07-01,4649,958,383
INVSNP0007931,WH0006,PRD0066,2025-08-01,5212,958,383
INVSNP0007932,WH0006,PRD0066,2025-09-01,3441,958,383
INVSNP0007933,WH0006,PRD0066,2025-10-01,3730,958,383
INVSNP0007934,WH0006,PRD0066,2025-11-01,3572,958,383
INVSNP0007935,WH0006,PRD0066,2025-12-01,3025,958,383
INVSNP0007936,WH0006,PRD0066,2026-01-01,4033,958,383
INVSNP0007937,WH0006,PRD0066,2026-02-01,3689,958,383
INVSNP0007938,WH0006,PRD0066,2026-03-01,4016,958,383
INVSNP0007939,WH0006,PRD0066,2026-04-01,3981,958,383
INVSNP0007940,WH0006,PRD0066,2026-05-01,3324,958,383
INVSNP0007941,WH0006,PRD0066,2026-06-01,3922,958,383
INVSNP0007942,WH0006,PRD0066,2026-07-01,4538,958,383
INVSNP0007943,WH0006,PRD0066,2026-08-01,4083,958,383
INVSNP0007944,WH0006,PRD0066,2026-09-01,5016,958,383
INVSNP0007945,WH0006,PRD0064,2024-10-01,2270,607,242
INVSNP0007946,WH0006,PRD0064,2024-11-01,2871,607,242
INVSNP0007947,WH0006,PRD0064,2024-12-01,1951,607,242
INVSNP0007948,WH0006,PRD0064,2025-01-01,2294,607,242
INVSNP0007949,WH0006,PRD0064,2025-02-01,2010,607,242
INVSNP0007950,WH0006,PRD0064,2025-03-01,1835,607,242
INVSNP0007951,WH0006,PRD0064,2025-04-01,2698,607,242
INVSNP0007952,WH0006,PRD0064,2025-05-01,2516,607,242
INVSNP0007953,WH0006,PRD0064,2025-06-01,2129,607,242
INVSNP0007954,WH0006,PRD0064,2025-07-01,2083,607,242
INVSNP0007955,WH0006,PRD0064,2025-08-01,2775,607,242
INVSNP0007956,WH0006,PRD0064,2025-09-01,1993,607,242
INVSNP0007957,WH0006,PRD0064,2025-10-01,2939,607,242
INVSNP0007958,WH0006,PRD0064,2025-11-01,2467,607,242
INVSNP0007959,WH0006,PRD0064,2025-12-01,2964,607,242
INVSNP0007960,WH0006,PRD0064,2026-01-01,2094,607,242
INVSNP0007961,WH0006,PRD0064,2026-02-01,1805,607,242
INVSNP0007962,WH0006,PRD0064,2026-03-01,2133,607,242
INVSNP0007963,WH0006,PRD0064,2026-04-01,2826,607,242
INVSNP0007964,WH0006,PRD0064,2026-05-01,2970,607,242
INVSNP0007965,WH0006,PRD0064,2026-06-01,2312,607,242
INVSNP0007966,WH0006,PRD0064,2026-07-01,2521,607,242
INVSNP0007967,WH0006,PRD0064,2026-08-01,2664,607,242
INVSNP0007968,WH0006,PRD0064,2026-09-01,2269,607,242
INVSNP0007969,WH0006,PRD0042,2024-10-01,3144,985,394
INVSNP0007970,WH0006,PRD0042,2024-11-01,3451,985,394
INVSNP0007971,WH0006,PRD0042,2024-12-01,3022,985,394
INVSNP0007972,WH0006,PRD0042,2025-01-01,3567,985,394
INVSNP0007973,WH0006,PRD0042,2025-02-01,4034,985,394
INVSNP0007974,WH0006,PRD0042,2025-03-01,3649,985,394
INVSNP0007975,WH0006,PRD0042,2025-04-01,2921,985,394
INVSNP0007976,WH0006,PRD0042,2025-05-01,4345,985,394
INVSNP0007977,WH0006,PRD0042,2025-06-01,3771,985,394
INVSNP0007978,WH0006,PRD0042,2025-07-01,4650,985,394
INVSNP0007979,WH0006,PRD0042,2025-08-01,5343,985,394
INVSNP0007980,WH0006,PRD0042,2025-09-01,4528,985,394
INVSNP0007981,WH0006,PRD0042,2025-10-01,2754,985,394
INVSNP0007982,WH0006,PRD0042,2025-11-01,3490,985,394
INVSNP0007983,WH0006,PRD0042,2025-12-01,5187,985,394
INVSNP0007984,WH0006,PRD0042,2026-01-01,2678,985,394
INVSNP0007985,WH0006,PRD0042,2026-02-01,5149,985,394
INVSNP0007986,WH0006,PRD0042,2026-03-01,4467,985,394
INVSNP0007987,WH0006,PRD0042,2026-04-01,3154,985,394
INVSNP0007988,WH0006,PRD0042,2026-05-01,4163,985,394
INVSNP0007989,WH0006,PRD0042,2026-06-01,3964,985,394
INVSNP0007990,WH0006,PRD0042,2026-07-01,3668,985,394
INVSNP0007991,WH0006,PRD0042,2026-08-01,3214,985,394
INVSNP0007992,WH0006,PRD0042,2026-09-01,3077,985,394
INVSNP0007993,WH0006,PRD0004,2024-10-01,2318,683,273
INVSNP0007994,WH0006,PRD0004,2024-11-01,3128,683,273
INVSNP0007995,WH0006,PRD0004,2024-12-01,2950,683,273
INVSNP0007996,WH0006,PRD0004,2025-01-01,2860,683,273
INVSNP0007997,WH0006,PRD0004,2025-02-01,2096,683,273
INVSNP0007998,WH0006,PRD0004,2025-03-01,2628,683,273
INVSNP0007999,WH0006,PRD0004,2025-04-01,2886,683,273
INVSNP0008000,WH0006,PRD0004,2025-05-01,2892,683,273
INVSNP0008001,WH0006,PRD0004,2025-06-01,2947,683,273
INVSNP0008002,WH0006,PRD0004,2025-07-01,2658,683,273
INVSNP0008003,WH0006,PRD0004,2025-08-01,2451,683,273
INVSNP0008004,WH0006,PRD0004,2025-09-01,2840,683,273
INVSNP0008005,WH0006,PRD0004,2025-10-01,2098,683,273
INVSNP0008006,WH0006,PRD0004,2025-11-01,2501,683,273
INVSNP0008007,WH0006,PRD0004,2025-12-01,2822,683,273
INVSNP0008008,WH0006,PRD0004,2026-01-01,2571,683,273
INVSNP0008009,WH0006,PRD0004,2026-02-01,2843,683,273
INVSNP0008010,WH0006,PRD0004,2026-03-01,2545,683,273
INVSNP0008011,WH0006,PRD0004,2026-04-01,2643,683,273
INVSNP0008012,WH0006,PRD0004,2026-05-01,3056,683,273
INVSNP0008013,WH0006,PRD0004,2026-06-01,3201,683,273
INVSNP0008014,WH0006,PRD0004,2026-07-01,3173,683,273
INVSNP0008015,WH0006,PRD0004,2026-08-01,1905,683,273
INVSNP0008016,WH0006,PRD0004,2026-09-01,2866,683,273
INVSNP0008017,WH0006,PRD0030,2024-10-01,3543,801,320
INVSNP0008018,WH0006,PRD0030,2024-11-01,2677,801,320
INVSNP0008019,WH0006,PRD0030,2024-12-01,3269,801,320
INVSNP0008020,WH0006,PRD0030,2025-01-01,3107,801,320
INVSNP0008021,WH0006,PRD0030,2025-02-01,3446,801,320
INVSNP0008022,WH0006,PRD0030,2025-03-01,3044,801,320
INVSNP0008023,WH0006,PRD0030,2025-04-01,3047,801,320
INVSNP0008024,WH0006,PRD0030,2025-05-01,2523,801,320
INVSNP0008025,WH0006,PRD0030,2025-06-01,3742,801,320
INVSNP0008026,WH0006,PRD0030,2025-07-01,3826,801,320
INVSNP0008027,WH0006,PRD0030,2025-08-01,2169,801,320
INVSNP0008028,WH0006,PRD0030,2025-09-01,3803,801,320
INVSNP0008029,WH0006,PRD0030,2025-10-01,3054,801,320
INVSNP0008030,WH0006,PRD0030,2025-11-01,3186,801,320
INVSNP0008031,WH0006,PRD0030,2025-12-01,3110,801,320
INVSNP0008032,WH0006,PRD0030,2026-01-01,3415,801,320
INVSNP0008033,WH0006,PRD0030,2026-02-01,3164,801,320
INVSNP0008034,WH0006,PRD0030,2026-03-01,3286,801,320
INVSNP0008035,WH0006,PRD0030,2026-04-01,3151,801,320
INVSNP0008036,WH0006,PRD0030,2026-05-01,3387,801,320
INVSNP0008037,WH0006,PRD0030,2026-06-01,3455,801,320
INVSNP0008038,WH0006,PRD0030,2026-07-01,2781,801,320
INVSNP0008039,WH0006,PRD0030,2026-08-01,3432,801,320
INVSNP0008040,WH0006,PRD0030,2026-09-01,3730,801,320
INVSNP0008041,WH0006,PRD0024,2024-10-01,1127,220,88
INVSNP0008042,WH0006,PRD0024,2024-11-01,1104,220,88
INVSNP0008043,WH0006,PRD0024,2024-12-01,833,220,88
INVSNP0008044,WH0006,PRD0024,2025-01-01,958,220,88
INVSNP0008045,WH0006,PRD0024,2025-02-01,873,220,88
INVSNP0008046,WH0006,PRD0024,2025-03-01,793,220,88
INVSNP0008047,WH0006,PRD0024,2025-04-01,737,220,88
INVSNP0008048,WH0006,PRD0024,2025-05-01,1112,220,88
INVSNP0008049,WH0006,PRD0024,2025-06-01,680,220,88
INVSNP0008050,WH0006,PRD0024,2025-07-01,867,220,88
INVSNP0008051,WH0006,PRD0024,2025-08-01,764,220,88
INVSNP0008052,WH0006,PRD0024,2025-09-01,891,220,88
INVSNP0008053,WH0006,PRD0024,2025-10-01,772,220,88
INVSNP0008054,WH0006,PRD0024,2025-11-01,737,220,88
INVSNP0008055,WH0006,PRD0024,2025-12-01,1130,220,88
INVSNP0008056,WH0006,PRD0024,2026-01-01,905,220,88
INVSNP0008057,WH0006,PRD0024,2026-02-01,813,220,88
INVSNP0008058,WH0006,PRD0024,2026-03-01,869,220,88
INVSNP0008059,WH0006,PRD0024,2026-04-01,1043,220,88
INVSNP0008060,WH0006,PRD0024,2026-05-01,1060,220,88
INVSNP0008061,WH0006,PRD0024,2026-06-01,921,220,88
INVSNP0008062,WH0006,PRD0024,2026-07-01,517,220,88
INVSNP0008063,WH0006,PRD0024,2026-08-01,1069,220,88
INVSNP0008064,WH0006,PRD0024,2026-09-01,962,220,88
INVSNP0008065,WH0006,PRD0099,2024-10-01,2615,685,274
INVSNP0008066,WH0006,PRD0099,2024-11-01,2287,685,274
INVSNP0008067,WH0006,PRD0099,2024-12-01,2335,685,274
INVSNP0008068,WH0006,PRD0099,2025-01-01,2563,685,274
INVSNP0008069,WH0006,PRD0099,2025-02-01,2583,685,274
INVSNP0008070,WH0006,PRD0099,2025-03-01,2641,685,274
INVSNP0008071,WH0006,PRD0099,2025-04-01,3160,685,274
INVSNP0008072,WH0006,PRD0099,2025-05-01,2305,685,274
INVSNP0008073,WH0006,PRD0099,2025-06-01,2482,685,274
INVSNP0008074,WH0006,PRD0099,2025-07-01,2462,685,274
INVSNP0008075,WH0006,PRD0099,2025-08-01,2712,685,274
INVSNP0008076,WH0006,PRD0099,2025-09-01,2680,685,274
INVSNP0008077,WH0006,PRD0099,2025-10-01,3136,685,274
INVSNP0008078,WH0006,PRD0099,2025-11-01,2349,685,274
INVSNP0008079,WH0006,PRD0099,2025-12-01,2298,685,274
INVSNP0008080,WH0006,PRD0099,2026-01-01,2125,685,274
INVSNP0008081,WH0006,PRD0099,2026-02-01,3638,685,274
INVSNP0008082,WH0006,PRD0099,2026-03-01,2648,685,274
INVSNP0008083,WH0006,PRD0099,2026-04-01,2813,685,274
INVSNP0008084,WH0006,PRD0099,2026-05-01,2128,685,274
INVSNP0008085,WH0006,PRD0099,2026-06-01,2380,685,274
INVSNP0008086,WH0006,PRD0099,2026-07-01,2949,685,274
INVSNP0008087,WH0006,PRD0099,2026-08-01,2434,685,274
INVSNP0008088,WH0006,PRD0099,2026-09-01,2611,685,274
INVSNP0008089,WH0006,PRD0102,2024-10-01,4052,915,366
INVSNP0008090,WH0006,PRD0102,2024-11-01,3966,915,366
INVSNP0008091,WH0006,PRD0102,2024-12-01,4509,915,366
INVSNP0008092,WH0006,PRD0102,2025-01-01,4491,915,366
INVSNP0008093,WH0006,PRD0102,2025-02-01,4325,915,366
INVSNP0008094,WH0006,PRD0102,2025-03-01,4398,915,366
INVSNP0008095,WH0006,PRD0102,2025-04-01,4381,915,366
INVSNP0008096,WH0006,PRD0102,2025-05-01,4667,915,366
INVSNP0008097,WH0006,PRD0102,2025-06-01,3355,915,366
INVSNP0008098,WH0006,PRD0102,2025-07-01,3538,915,366
INVSNP0008099,WH0006,PRD0102,2025-08-01,3411,915,366
INVSNP0008100,WH0006,PRD0102,2025-09-01,3362,915,366
INVSNP0008101,WH0006,PRD0102,2025-10-01,3636,915,366
INVSNP0008102,WH0006,PRD0102,2025-11-01,3716,915,366
INVSNP0008103,WH0006,PRD0102,2025-12-01,4154,915,366
INVSNP0008104,WH0006,PRD0102,2026-01-01,3119,915,366
INVSNP0008105,WH0006,PRD0102,2026-02-01,3781,915,366
INVSNP0008106,WH0006,PRD0102,2026-03-01,3851,915,366
INVSNP0008107,WH0006,PRD0102,2026-04-01,3726,915,366
INVSNP0008108,WH0006,PRD0102,2026-05-01,2891,915,366
INVSNP0008109,WH0006,PRD0102,2026-06-01,3351,915,366
INVSNP0008110,WH0006,PRD0102,2026-07-01,4256,915,366
INVSNP0008111,WH0006,PRD0102,2026-08-01,3903,915,366
INVSNP0008112,WH0006,PRD0102,2026-09-01,3561,915,366
INVSNP0008113,WH0006,PRD0021,2024-10-01,3211,712,284
INVSNP0008114,WH0006,PRD0021,2024-11-01,2493,712,284
INVSNP0008115,WH0006,PRD0021,2024-12-01,2237,712,284
INVSNP0008116,WH0006,PRD0021,2025-01-01,2714,712,284
INVSNP0008117,WH0006,PRD0021,2025-02-01,3128,712,284
INVSNP0008118,WH0006,PRD0021,2025-03-01,2491,712,284
INVSNP0008119,WH0006,PRD0021,2025-04-01,3111,712,284
INVSNP0008120,WH0006,PRD0021,2025-05-01,2819,712,284
INVSNP0008121,WH0006,PRD0021,2025-06-01,2423,712,284
INVSNP0008122,WH0006,PRD0021,2025-07-01,3295,712,284
INVSNP0008123,WH0006,PRD0021,2025-08-01,2653,712,284
INVSNP0008124,WH0006,PRD0021,2025-09-01,3228,712,284
INVSNP0008125,WH0006,PRD0021,2025-10-01,2155,712,284
INVSNP0008126,WH0006,PRD0021,2025-11-01,2777,712,284
INVSNP0008127,WH0006,PRD0021,2025-12-01,3846,712,284
INVSNP0008128,WH0006,PRD0021,2026-01-01,3359,712,284
INVSNP0008129,WH0006,PRD0021,2026-02-01,2595,712,284
INVSNP0008130,WH0006,PRD0021,2026-03-01,2865,712,284
INVSNP0008131,WH0006,PRD0021,2026-04-01,2618,712,284
INVSNP0008132,WH0006,PRD0021,2026-05-01,2350,712,284
INVSNP0008133,WH0006,PRD0021,2026-06-01,2677,712,284
INVSNP0008134,WH0006,PRD0021,2026-07-01,2942,712,284
INVSNP0008135,WH0006,PRD0021,2026-08-01,2929,712,284
INVSNP0008136,WH0006,PRD0021,2026-09-01,2228,712,284
INVSNP0008137,WH0006,PRD0133,2024-10-01,1773,408,163
INVSNP0008138,WH0006,PRD0133,2024-11-01,1829,408,163
INVSNP0008139,WH0006,PRD0133,2024-12-01,1426,408,163
INVSNP0008140,WH0006,PRD0133,2025-01-01,1376,408,163
INVSNP0008141,WH0006,PRD0133,2025-02-01,1384,408,163
INVSNP0008142,WH0006,PRD0133,2025-03-01,1699,408,163
INVSNP0008143,WH0006,PRD0133,2025-04-01,1933,408,163
INVSNP0008144,WH0006,PRD0133,2025-05-01,2178,408,163
INVSNP0008145,WH0006,PRD0133,2025-06-01,1703,408,163
INVSNP0008146,WH0006,PRD0133,2025-07-01,1782,408,163
INVSNP0008147,WH0006,PRD0133,2025-08-01,1651,408,163
INVSNP0008148,WH0006,PRD0133,2025-09-01,1756,408,163
INVSNP0008149,WH0006,PRD0133,2025-10-01,1718,408,163
INVSNP0008150,WH0006,PRD0133,2025-11-01,1972,408,163
INVSNP0008151,WH0006,PRD0133,2025-12-01,1675,408,163
INVSNP0008152,WH0006,PRD0133,2026-01-01,1730,408,163
INVSNP0008153,WH0006,PRD0133,2026-02-01,1797,408,163
INVSNP0008154,WH0006,PRD0133,2026-03-01,1537,408,163
INVSNP0008155,WH0006,PRD0133,2026-04-01,1734,408,163
INVSNP0008156,WH0006,PRD0133,2026-05-01,1841,408,163
INVSNP0008157,WH0006,PRD0133,2026-06-01,992,408,163
INVSNP0008158,WH0006,PRD0133,2026-07-01,1767,408,163
INVSNP0008159,WH0006,PRD0133,2026-08-01,1693,408,163
INVSNP0008160,WH0006,PRD0133,2026-09-01,1111,408,163
INVSNP0008161,WH0006,PRD0049,2024-10-01,487,103,41
INVSNP0008162,WH0006,PRD0049,2024-11-01,335,103,41
INVSNP0008163,WH0006,PRD0049,2024-12-01,394,103,41
INVSNP0008164,WH0006,PRD0049,2025-01-01,338,103,41
INVSNP0008165,WH0006,PRD0049,2025-02-01,475,103,41
INVSNP0008166,WH0006,PRD0049,2025-03-01,397,103,41
INVSNP0008167,WH0006,PRD0049,2025-04-01,473,103,41
INVSNP0008168,WH0006,PRD0049,2025-05-01,445,103,41
INVSNP0008169,WH0006,PRD0049,2025-06-01,316,103,41
INVSNP0008170,WH0006,PRD0049,2025-07-01,416,103,41
INVSNP0008171,WH0006,PRD0049,2025-08-01,340,103,41
INVSNP0008172,WH0006,PRD0049,2025-09-01,453,103,41
INVSNP0008173,WH0006,PRD0049,2025-10-01,363,103,41
INVSNP0008174,WH0006,PRD0049,2025-11-01,367,103,41
INVSNP0008175,WH0006,PRD0049,2025-12-01,492,103,41
INVSNP0008176,WH0006,PRD0049,2026-01-01,433,103,41
INVSNP0008177,WH0006,PRD0049,2026-02-01,360,103,41
INVSNP0008178,WH0006,PRD0049,2026-03-01,350,103,41
INVSNP0008179,WH0006,PRD0049,2026-04-01,408,103,41
INVSNP0008180,WH0006,PRD0049,2026-05-01,447,103,41
INVSNP0008181,WH0006,PRD0049,2026-06-01,395,103,41
INVSNP0008182,WH0006,PRD0049,2026-07-01,352,103,41
INVSNP0008183,WH0006,PRD0049,2026-08-01,465,103,41
INVSNP0008184,WH0006,PRD0049,2026-09-01,404,103,41
INVSNP0008185,WH0006,PRD0109,2024-10-01,2186,634,253
INVSNP0008186,WH0006,PRD0109,2024-11-01,2296,634,253
INVSNP0008187,WH0006,PRD0109,2024-12-01,1890,634,253
INVSNP0008188,WH0006,PRD0109,2025-01-01,2157,634,253
INVSNP0008189,WH0006,PRD0109,2025-02-01,2474,634,253
INVSNP0008190,WH0006,PRD0109,2025-03-01,2592,634,253
INVSNP0008191,WH0006,PRD0109,2025-04-01,2867,634,253
INVSNP0008192,WH0006,PRD0109,2025-05-01,3100,634,253
INVSNP0008193,WH0006,PRD0109,2025-06-01,2457,634,253
INVSNP0008194,WH0006,PRD0109,2025-07-01,2262,634,253
INVSNP0008195,WH0006,PRD0109,2025-08-01,2820,634,253
INVSNP0008196,WH0006,PRD0109,2025-09-01,2351,634,253
INVSNP0008197,WH0006,PRD0109,2025-10-01,3106,634,253
INVSNP0008198,WH0006,PRD0109,2025-11-01,2771,634,253
INVSNP0008199,WH0006,PRD0109,2025-12-01,2158,634,253
INVSNP0008200,WH0006,PRD0109,2026-01-01,2502,634,253
INVSNP0008201,WH0006,PRD0109,2026-02-01,1842,634,253
INVSNP0008202,WH0006,PRD0109,2026-03-01,2740,634,253
INVSNP0008203,WH0006,PRD0109,2026-04-01,2651,634,253
INVSNP0008204,WH0006,PRD0109,2026-05-01,1948,634,253
INVSNP0008205,WH0006,PRD0109,2026-06-01,1876,634,253
INVSNP0008206,WH0006,PRD0109,2026-07-01,2291,634,253
INVSNP0008207,WH0006,PRD0109,2026-08-01,1705,634,253
INVSNP0008208,WH0006,PRD0109,2026-09-01,2449,634,253
INVSNP0008209,WH0006,PRD0043,2024-10-01,656,142,57
INVSNP0008210,WH0006,PRD0043,2024-11-01,411,142,57
INVSNP0008211,WH0006,PRD0043,2024-12-01,624,142,57
INVSNP0008212,WH0006,PRD0043,2025-01-01,506,142,57
INVSNP0008213,WH0006,PRD0043,2025-02-01,508,142,57
INVSNP0008214,WH0006,PRD0043,2025-03-01,505,142,57
INVSNP0008215,WH0006,PRD0043,2025-04-01,559,142,57
INVSNP0008216,WH0006,PRD0043,2025-05-01,582,142,57
INVSNP0008217,WH0006,PRD0043,2025-06-01,623,142,57
INVSNP0008218,WH0006,PRD0043,2025-07-01,504,142,57
INVSNP0008219,WH0006,PRD0043,2025-08-01,768,142,57
INVSNP0008220,WH0006,PRD0043,2025-09-01,576,142,57
INVSNP0008221,WH0006,PRD0043,2025-10-01,689,142,57
INVSNP0008222,WH0006,PRD0043,2025-11-01,518,142,57
INVSNP0008223,WH0006,PRD0043,2025-12-01,363,142,57
INVSNP0008224,WH0006,PRD0043,2026-01-01,805,142,57
INVSNP0008225,WH0006,PRD0043,2026-02-01,383,142,57
INVSNP0008226,WH0006,PRD0043,2026-03-01,616,142,57
INVSNP0008227,WH0006,PRD0043,2026-04-01,473,142,57
INVSNP0008228,WH0006,PRD0043,2026-05-01,578,142,57
INVSNP0008229,WH0006,PRD0043,2026-06-01,625,142,57
INVSNP0008230,WH0006,PRD0043,2026-07-01,460,142,57
INVSNP0008231,WH0006,PRD0043,2026-08-01,682,142,57
INVSNP0008232,WH0006,PRD0043,2026-09-01,624,142,57
INVSNP0008233,WH0006,PRD0110,2024-10-01,2027,811,324
INVSNP0008234,WH0006,PRD0110,2024-11-01,2563,811,324
INVSNP0008235,WH0006,PRD0110,2024-12-01,3520,811,324
INVSNP0008236,WH0006,PRD0110,2025-01-01,4048,811,324
INVSNP0008237,WH0006,PRD0110,2025-02-01,2961,811,324
INVSNP0008238,WH0006,PRD0110,2025-03-01,3391,811,324
INVSNP0008239,WH0006,PRD0110,2025-04-01,3106,811,324
INVSNP0008240,WH0006,PRD0110,2025-05-01,2874,811,324
INVSNP0008241,WH0006,PRD0110,2025-06-01,3726,811,324
INVSNP0008242,WH0006,PRD0110,2025-07-01,3504,811,324
INVSNP0008243,WH0006,PRD0110,2025-08-01,2944,811,324
INVSNP0008244,WH0006,PRD0110,2025-09-01,3824,811,324
INVSNP0008245,WH0006,PRD0110,2025-10-01,3984,811,324
INVSNP0008246,WH0006,PRD0110,2025-11-01,4188,811,324
INVSNP0008247,WH0006,PRD0110,2025-12-01,3398,811,324
INVSNP0008248,WH0006,PRD0110,2026-01-01,4165,811,324
INVSNP0008249,WH0006,PRD0110,2026-02-01,3742,811,324
INVSNP0008250,WH0006,PRD0110,2026-03-01,3218,811,324
INVSNP0008251,WH0006,PRD0110,2026-04-01,2988,811,324
INVSNP0008252,WH0006,PRD0110,2026-05-01,2679,811,324
INVSNP0008253,WH0006,PRD0110,2026-06-01,2526,811,324
INVSNP0008254,WH0006,PRD0110,2026-07-01,3162,811,324
INVSNP0008255,WH0006,PRD0110,2026-08-01,3376,811,324
INVSNP0008256,WH0006,PRD0110,2026-09-01,3266,811,324
INVSNP0008257,WH0006,PRD0065,2024-10-01,3206,993,397
INVSNP0008258,WH0006,PRD0065,2024-11-01,4171,993,397
INVSNP0008259,WH0006,PRD0065,2024-12-01,3541,993,397
INVSNP0008260,WH0006,PRD0065,2025-01-01,3781,993,397
INVSNP0008261,WH0006,PRD0065,2025-02-01,4864,993,397
INVSNP0008262,WH0006,PRD0065,2025-03-01,2758,993,397
INVSNP0008263,WH0006,PRD0065,2025-04-01,5484,993,397
INVSNP0008264,WH0006,PRD0065,2025-05-01,4954,993,397
INVSNP0008265,WH0006,PRD0065,2025-06-01,4777,993,397
INVSNP0008266,WH0006,PRD0065,2025-07-01,4100,993,397
INVSNP0008267,WH0006,PRD0065,2025-08-01,3818,993,397
INVSNP0008268,WH0006,PRD0065,2025-09-01,3562,993,397
INVSNP0008269,WH0006,PRD0065,2025-10-01,3892,993,397
INVSNP0008270,WH0006,PRD0065,2025-11-01,4456,993,397
INVSNP0008271,WH0006,PRD0065,2025-12-01,3353,993,397
INVSNP0008272,WH0006,PRD0065,2026-01-01,3484,993,397
INVSNP0008273,WH0006,PRD0065,2026-02-01,5189,993,397
INVSNP0008274,WH0006,PRD0065,2026-03-01,4558,993,397
INVSNP0008275,WH0006,PRD0065,2026-04-01,3719,993,397
INVSNP0008276,WH0006,PRD0065,2026-05-01,3674,993,397
INVSNP0008277,WH0006,PRD0065,2026-06-01,3437,993,397
INVSNP0008278,WH0006,PRD0065,2026-07-01,3852,993,397
INVSNP0008279,WH0006,PRD0065,2026-08-01,4532,993,397
INVSNP0008280,WH0006,PRD0065,2026-09-01,3839,993,397
INVSNP0008281,WH0006,PRD0078,2024-10-01,941,280,112
INVSNP0008282,WH0006,PRD0078,2024-11-01,917,280,112
INVSNP0008283,WH0006,PRD0078,2024-12-01,1095,280,112
INVSNP0008284,WH0006,PRD0078,2025-01-01,926,280,112
INVSNP0008285,WH0006,PRD0078,2025-02-01,1284,280,112
INVSNP0008286,WH0006,PRD0078,2025-03-01,1277,280,112
INVSNP0008287,WH0006,PRD0078,2025-04-01,1106,280,112
INVSNP0008288,WH0006,PRD0078,2025-05-01,956,280,112
INVSNP0008289,WH0006,PRD0078,2025-06-01,913,280,112
INVSNP0008290,WH0006,PRD0078,2025-07-01,1169,280,112
INVSNP0008291,WH0006,PRD0078,2025-08-01,1467,280,112
INVSNP0008292,WH0006,PRD0078,2025-09-01,1084,280,112
INVSNP0008293,WH0006,PRD0078,2025-10-01,1089,280,112
INVSNP0008294,WH0006,PRD0078,2025-11-01,1123,280,112
INVSNP0008295,WH0006,PRD0078,2025-12-01,1195,280,112
INVSNP0008296,WH0006,PRD0078,2026-01-01,966,280,112
INVSNP0008297,WH0006,PRD0078,2026-02-01,1143,280,112
INVSNP0008298,WH0006,PRD0078,2026-03-01,768,280,112
INVSNP0008299,WH0006,PRD0078,2026-04-01,1077,280,112
INVSNP0008300,WH0006,PRD0078,2026-05-01,1252,280,112
INVSNP0008301,WH0006,PRD0078,2026-06-01,1003,280,112
INVSNP0008302,WH0006,PRD0078,2026-07-01,969,280,112
INVSNP0008303,WH0006,PRD0078,2026-08-01,987,280,112
INVSNP0008304,WH0006,PRD0078,2026-09-01,950,280,112
INVSNP0008305,WH0006,PRD0129,2024-10-01,1271,330,132
INVSNP0008306,WH0006,PRD0129,2024-11-01,1179,330,132
INVSNP0008307,WH0006,PRD0129,2024-12-01,1387,330,132
INVSNP0008308,WH0006,PRD0129,2025-01-01,1286,330,132
INVSNP0008309,WH0006,PRD0129,2025-02-01,1488,330,132
INVSNP0008310,WH0006,PRD0129,2025-03-01,1467,330,132
INVSNP0008311,WH0006,PRD0129,2025-04-01,1397,330,132
INVSNP0008312,WH0006,PRD0129,2025-05-01,1419,330,132
INVSNP0008313,WH0006,PRD0129,2025-06-01,1538,330,132
INVSNP0008314,WH0006,PRD0129,2025-07-01,1299,330,132
INVSNP0008315,WH0006,PRD0129,2025-08-01,1494,330,132
INVSNP0008316,WH0006,PRD0129,2025-09-01,1346,330,132
INVSNP0008317,WH0006,PRD0129,2025-10-01,1321,330,132
INVSNP0008318,WH0006,PRD0129,2025-11-01,1543,330,132
INVSNP0008319,WH0006,PRD0129,2025-12-01,1272,330,132
INVSNP0008320,WH0006,PRD0129,2026-01-01,1610,330,132
INVSNP0008321,WH0006,PRD0129,2026-02-01,1275,330,132
INVSNP0008322,WH0006,PRD0129,2026-03-01,1319,330,132
INVSNP0008323,WH0006,PRD0129,2026-04-01,1131,330,132
INVSNP0008324,WH0006,PRD0129,2026-05-01,993,330,132
INVSNP0008325,WH0006,PRD0129,2026-06-01,1394,330,132
INVSNP0008326,WH0006,PRD0129,2026-07-01,1217,330,132
INVSNP0008327,WH0006,PRD0129,2026-08-01,1036,330,132
INVSNP0008328,WH0006,PRD0129,2026-09-01,1393,330,132
INVSNP0008329,WH0006,PRD0098,2024-10-01,1352,354,141
INVSNP0008330,WH0006,PRD0098,2024-11-01,1258,354,141
INVSNP0008331,WH0006,PRD0098,2024-12-01,1750,354,141
INVSNP0008332,WH0006,PRD0098,2025-01-01,1545,354,141
INVSNP0008333,WH0006,PRD0098,2025-02-01,1433,354,141
INVSNP0008334,WH0006,PRD0098,2025-03-01,1543,354,141
INVSNP0008335,WH0006,PRD0098,2025-04-01,1432,354,141
INVSNP0008336,WH0006,PRD0098,2025-05-01,1049,354,141
INVSNP0008337,WH0006,PRD0098,2025-06-01,1404,354,141
INVSNP0008338,WH0006,PRD0098,2025-07-01,1440,354,141
INVSNP0008339,WH0006,PRD0098,2025-08-01,1724,354,141
INVSNP0008340,WH0006,PRD0098,2025-09-01,1476,354,141
INVSNP0008341,WH0006,PRD0098,2025-10-01,1347,354,141
INVSNP0008342,WH0006,PRD0098,2025-11-01,1232,354,141
INVSNP0008343,WH0006,PRD0098,2025-12-01,1597,354,141
INVSNP0008344,WH0006,PRD0098,2026-01-01,1668,354,141
INVSNP0008345,WH0006,PRD0098,2026-02-01,1251,354,141
INVSNP0008346,WH0006,PRD0098,2026-03-01,1354,354,141
INVSNP0008347,WH0006,PRD0098,2026-04-01,1447,354,141
INVSNP0008348,WH0006,PRD0098,2026-05-01,1034,354,141
INVSNP0008349,WH0006,PRD0098,2026-06-01,1786,354,141
INVSNP0008350,WH0006,PRD0098,2026-07-01,1454,354,141
INVSNP0008351,WH0006,PRD0098,2026-08-01,1721,354,141
INVSNP0008352,WH0006,PRD0098,2026-09-01,1510,354,141
INVSNP0008353,WH0006,PRD0079,2024-10-01,4292,1244,497
INVSNP0008354,WH0006,PRD0079,2024-11-01,4829,1244,497
INVSNP0008355,WH0006,PRD0079,2024-12-01,5242,1244,497
INVSNP0008356,WH0006,PRD0079,2025-01-01,5109,1244,497
INVSNP0008357,WH0006,PRD0079,2025-02-01,4852,1244,497
INVSNP0008358,WH0006,PRD0079,2025-03-01,4292,1244,497
INVSNP0008359,WH0006,PRD0079,2025-04-01,4193,1244,497
INVSNP0008360,WH0006,PRD0079,2025-05-01,3935,1244,497
INVSNP0008361,WH0006,PRD0079,2025-06-01,4023,1244,497
INVSNP0008362,WH0006,PRD0079,2025-07-01,5833,1244,497
INVSNP0008363,WH0006,PRD0079,2025-08-01,5018,1244,497
INVSNP0008364,WH0006,PRD0079,2025-09-01,4391,1244,497
INVSNP0008365,WH0006,PRD0079,2025-10-01,5677,1244,497
INVSNP0008366,WH0006,PRD0079,2025-11-01,5122,1244,497
INVSNP0008367,WH0006,PRD0079,2025-12-01,4727,1244,497
INVSNP0008368,WH0006,PRD0079,2026-01-01,5653,1244,497
INVSNP0008369,WH0006,PRD0079,2026-02-01,5806,1244,497
INVSNP0008370,WH0006,PRD0079,2026-03-01,4451,1244,497
INVSNP0008371,WH0006,PRD0079,2026-04-01,5032,1244,497
INVSNP0008372,WH0006,PRD0079,2026-05-01,5265,1244,497
INVSNP0008373,WH0006,PRD0079,2026-06-01,5055,1244,497
INVSNP0008374,WH0006,PRD0079,2026-07-01,5666,1244,497
INVSNP0008375,WH0006,PRD0079,2026-08-01,6763,1244,497
INVSNP0008376,WH0006,PRD0079,2026-09-01,5445,1244,497
INVSNP0008377,WH0006,PRD0106,2024-10-01,1990,514,205
INVSNP0008378,WH0006,PRD0106,2024-11-01,2273,514,205
INVSNP0008379,WH0006,PRD0106,2024-12-01,2388,514,205
INVSNP0008380,WH0006,PRD0106,2025-01-01,2207,514,205
INVSNP0008381,WH0006,PRD0106,2025-02-01,2260,514,205
INVSNP0008382,WH0006,PRD0106,2025-03-01,1805,514,205
INVSNP0008383,WH0006,PRD0106,2025-04-01,2072,514,205
INVSNP0008384,WH0006,PRD0106,2025-05-01,2029,514,205
INVSNP0008385,WH0006,PRD0106,2025-06-01,1869,514,205
INVSNP0008386,WH0006,PRD0106,2025-07-01,2018,514,205
INVSNP0008387,WH0006,PRD0106,2025-08-01,2135,514,205
INVSNP0008388,WH0006,PRD0106,2025-09-01,2395,514,205
INVSNP0008389,WH0006,PRD0106,2025-10-01,2322,514,205
INVSNP0008390,WH0006,PRD0106,2025-11-01,2533,514,205
INVSNP0008391,WH0006,PRD0106,2025-12-01,1983,514,205
INVSNP0008392,WH0006,PRD0106,2026-01-01,1101,514,205
INVSNP0008393,WH0006,PRD0106,2026-02-01,1971,514,205
INVSNP0008394,WH0006,PRD0106,2026-03-01,1404,514,205
INVSNP0008395,WH0006,PRD0106,2026-04-01,1988,514,205
INVSNP0008396,WH0006,PRD0106,2026-05-01,2012,514,205
INVSNP0008397,WH0006,PRD0106,2026-06-01,1905,514,205
INVSNP0008398,WH0006,PRD0106,2026-07-01,2344,514,205
INVSNP0008399,WH0006,PRD0106,2026-08-01,2314,514,205
INVSNP0008400,WH0006,PRD0106,2026-09-01,2232,514,205
INVSNP0008401,WH0006,PRD0023,2024-10-01,291,70,28
INVSNP0008402,WH0006,PRD0023,2024-11-01,298,70,28
INVSNP0008403,WH0006,PRD0023,2024-12-01,305,70,28
INVSNP0008404,WH0006,PRD0023,2025-01-01,269,70,28
INVSNP0008405,WH0006,PRD0023,2025-02-01,288,70,28
INVSNP0008406,WH0006,PRD0023,2025-03-01,246,70,28
INVSNP0008407,WH0006,PRD0023,2025-04-01,366,70,28
INVSNP0008408,WH0006,PRD0023,2025-05-01,230,70,28
INVSNP0008409,WH0006,PRD0023,2025-06-01,225,70,28
INVSNP0008410,WH0006,PRD0023,2025-07-01,230,70,28
INVSNP0008411,WH0006,PRD0023,2025-08-01,283,70,28
INVSNP0008412,WH0006,PRD0023,2025-09-01,328,70,28
INVSNP0008413,WH0006,PRD0023,2025-10-01,340,70,28
INVSNP0008414,WH0006,PRD0023,2025-11-01,220,70,28
INVSNP0008415,WH0006,PRD0023,2025-12-01,259,70,28
INVSNP0008416,WH0006,PRD0023,2026-01-01,299,70,28
INVSNP0008417,WH0006,PRD0023,2026-02-01,319,70,28
INVSNP0008418,WH0006,PRD0023,2026-03-01,255,70,28
INVSNP0008419,WH0006,PRD0023,2026-04-01,305,70,28
INVSNP0008420,WH0006,PRD0023,2026-05-01,234,70,28
INVSNP0008421,WH0006,PRD0023,2026-06-01,326,70,28
INVSNP0008422,WH0006,PRD0023,2026-07-01,230,70,28
INVSNP0008423,WH0006,PRD0023,2026-08-01,255,70,28
INVSNP0008424,WH0006,PRD0023,2026-09-01,314,70,28
INVSNP0008425,WH0006,PRD0028,2024-10-01,588,128,51
INVSNP0008426,WH0006,PRD0028,2024-11-01,426,128,51
INVSNP0008427,WH0006,PRD0028,2024-12-01,529,128,51
INVSNP0008428,WH0006,PRD0028,2025-01-01,515,128,51
INVSNP0008429,WH0006,PRD0028,2025-02-01,515,128,51
INVSNP0008430,WH0006,PRD0028,2025-03-01,436,128,51
INVSNP0008431,WH0006,PRD0028,2025-04-01,386,128,51
INVSNP0008432,WH0006,PRD0028,2025-05-01,536,128,51
INVSNP0008433,WH0006,PRD0028,2025-06-01,630,128,51
INVSNP0008434,WH0006,PRD0028,2025-07-01,486,128,51
INVSNP0008435,WH0006,PRD0028,2025-08-01,449,128,51
INVSNP0008436,WH0006,PRD0028,2025-09-01,535,128,51
INVSNP0008437,WH0006,PRD0028,2025-10-01,563,128,51
INVSNP0008438,WH0006,PRD0028,2025-11-01,575,128,51
INVSNP0008439,WH0006,PRD0028,2025-12-01,491,128,51
INVSNP0008440,WH0006,PRD0028,2026-01-01,473,128,51
INVSNP0008441,WH0006,PRD0028,2026-02-01,539,128,51
INVSNP0008442,WH0006,PRD0028,2026-03-01,467,128,51
INVSNP0008443,WH0006,PRD0028,2026-04-01,333,128,51
INVSNP0008444,WH0006,PRD0028,2026-05-01,715,128,51
INVSNP0008445,WH0006,PRD0028,2026-06-01,479,128,51
INVSNP0008446,WH0006,PRD0028,2026-07-01,472,128,51
INVSNP0008447,WH0006,PRD0028,2026-08-01,483,128,51
INVSNP0008448,WH0006,PRD0028,2026-09-01,675,128,51
INVSNP0008449,WH0006,PRD0082,2024-10-01,281,72,28
INVSNP0008450,WH0006,PRD0082,2024-11-01,349,72,28
INVSNP0008451,WH0006,PRD0082,2024-12-01,370,72,28
INVSNP0008452,WH0006,PRD0082,2025-01-01,279,72,28
INVSNP0008453,WH0006,PRD0082,2025-02-01,266,72,28
INVSNP0008454,WH0006,PRD0082,2025-03-01,294,72,28
INVSNP0008455,WH0006,PRD0082,2025-04-01,262,72,28
INVSNP0008456,WH0006,PRD0082,2025-05-01,313,72,28
INVSNP0008457,WH0006,PRD0082,2025-06-01,361,72,28
INVSNP0008458,WH0006,PRD0082,2025-07-01,308,72,28
INVSNP0008459,WH0006,PRD0082,2025-08-01,357,72,28
INVSNP0008460,WH0006,PRD0082,2025-09-01,282,72,28
INVSNP0008461,WH0006,PRD0082,2025-10-01,206,72,28
INVSNP0008462,WH0006,PRD0082,2025-11-01,228,72,28
INVSNP0008463,WH0006,PRD0082,2025-12-01,378,72,28
INVSNP0008464,WH0006,PRD0082,2026-01-01,314,72,28
INVSNP0008465,WH0006,PRD0082,2026-02-01,303,72,28
INVSNP0008466,WH0006,PRD0082,2026-03-01,393,72,28
INVSNP0008467,WH0006,PRD0082,2026-04-01,328,72,28
INVSNP0008468,WH0006,PRD0082,2026-05-01,323,72,28
INVSNP0008469,WH0006,PRD0082,2026-06-01,281,72,28
INVSNP0008470,WH0006,PRD0082,2026-07-01,231,72,28
INVSNP0008471,WH0006,PRD0082,2026-08-01,293,72,28
INVSNP0008472,WH0006,PRD0082,2026-09-01,273,72,28
INVSNP0008473,WH0006,PRD0074,2024-10-01,4798,1200,480
INVSNP0008474,WH0006,PRD0074,2024-11-01,5737,1200,480
INVSNP0008475,WH0006,PRD0074,2024-12-01,5437,1200,480
INVSNP0008476,WH0006,PRD0074,2025-01-01,3822,1200,480
INVSNP0008477,WH0006,PRD0074,2025-02-01,4697,1200,480
INVSNP0008478,WH0006,PRD0074,2025-03-01,4433,1200,480
INVSNP0008479,WH0006,PRD0074,2025-04-01,4477,1200,480
INVSNP0008480,WH0006,PRD0074,2025-05-01,3990,1200,480
INVSNP0008481,WH0006,PRD0074,2025-06-01,4661,1200,480
INVSNP0008482,WH0006,PRD0074,2025-07-01,5326,1200,480
INVSNP0008483,WH0006,PRD0074,2025-08-01,5009,1200,480
INVSNP0008484,WH0006,PRD0074,2025-09-01,5559,1200,480
INVSNP0008485,WH0006,PRD0074,2025-10-01,5126,1200,480
INVSNP0008486,WH0006,PRD0074,2025-11-01,4709,1200,480
INVSNP0008487,WH0006,PRD0074,2025-12-01,4566,1200,480
INVSNP0008488,WH0006,PRD0074,2026-01-01,3962,1200,480
INVSNP0008489,WH0006,PRD0074,2026-02-01,4279,1200,480
INVSNP0008490,WH0006,PRD0074,2026-03-01,5409,1200,480
INVSNP0008491,WH0006,PRD0074,2026-04-01,4309,1200,480
INVSNP0008492,WH0006,PRD0074,2026-05-01,3721,1200,480
INVSNP0008493,WH0006,PRD0074,2026-06-01,4001,1200,480
INVSNP0008494,WH0006,PRD0074,2026-07-01,4073,1200,480
INVSNP0008495,WH0006,PRD0074,2026-08-01,5712,1200,480
INVSNP0008496,WH0006,PRD0074,2026-09-01,4808,1200,480
INVSNP0008497,WH0006,PRD0100,2024-10-01,335,80,32
INVSNP0008498,WH0006,PRD0100,2024-11-01,303,80,32
INVSNP0008499,WH0006,PRD0100,2024-12-01,346,80,32
INVSNP0008500,WH0006,PRD0100,2025-01-01,371,80,32
INVSNP0008501,WH0006,PRD0100,2025-02-01,321,80,32
INVSNP0008502,WH0006,PRD0100,2025-03-01,246,80,32
INVSNP0008503,WH0006,PRD0100,2025-04-01,331,80,32
INVSNP0008504,WH0006,PRD0100,2025-05-01,375,80,32
INVSNP0008505,WH0006,PRD0100,2025-06-01,294,80,32
INVSNP0008506,WH0006,PRD0100,2025-07-01,299,80,32
INVSNP0008507,WH0006,PRD0100,2025-08-01,386,80,32
INVSNP0008508,WH0006,PRD0100,2025-09-01,358,80,32
INVSNP0008509,WH0006,PRD0100,2025-10-01,250,80,32
INVSNP0008510,WH0006,PRD0100,2025-11-01,362,80,32
INVSNP0008511,WH0006,PRD0100,2025-12-01,375,80,32
INVSNP0008512,WH0006,PRD0100,2026-01-01,396,80,32
INVSNP0008513,WH0006,PRD0100,2026-02-01,327,80,32
INVSNP0008514,WH0006,PRD0100,2026-03-01,276,80,32
INVSNP0008515,WH0006,PRD0100,2026-04-01,296,80,32
INVSNP0008516,WH0006,PRD0100,2026-05-01,305,80,32
INVSNP0008517,WH0006,PRD0100,2026-06-01,345,80,32
INVSNP0008518,WH0006,PRD0100,2026-07-01,285,80,32
INVSNP0008519,WH0006,PRD0100,2026-08-01,283,80,32
INVSNP0008520,WH0006,PRD0100,2026-09-01,383,80,32
INVSNP0008521,WH0006,PRD0103,2024-10-01,5567,1028,411
INVSNP0008522,WH0006,PRD0103,2024-11-01,4937,1028,411
INVSNP0008523,WH0006,PRD0103,2024-12-01,5105,1028,411
INVSNP0008524,WH0006,PRD0103,2025-01-01,4966,1028,411
INVSNP0008525,WH0006,PRD0103,2025-02-01,4423,1028,411
INVSNP0008526,WH0006,PRD0103,2025-03-01,4471,1028,411
INVSNP0008527,WH0006,PRD0103,2025-04-01,4363,1028,411
INVSNP0008528,WH0006,PRD0103,2025-05-01,3291,1028,411
INVSNP0008529,WH0006,PRD0103,2025-06-01,4410,1028,411
INVSNP0008530,WH0006,PRD0103,2025-07-01,4981,1028,411
INVSNP0008531,WH0006,PRD0103,2025-08-01,3606,1028,411
INVSNP0008532,WH0006,PRD0103,2025-09-01,4161,1028,411
INVSNP0008533,WH0006,PRD0103,2025-10-01,4444,1028,411
INVSNP0008534,WH0006,PRD0103,2025-11-01,4223,1028,411
INVSNP0008535,WH0006,PRD0103,2025-12-01,3301,1028,411
INVSNP0008536,WH0006,PRD0103,2026-01-01,3861,1028,411
INVSNP0008537,WH0006,PRD0103,2026-02-01,4519,1028,411
INVSNP0008538,WH0006,PRD0103,2026-03-01,4300,1028,411
INVSNP0008539,WH0006,PRD0103,2026-04-01,3649,1028,411
INVSNP0008540,WH0006,PRD0103,2026-05-01,4187,1028,411
INVSNP0008541,WH0006,PRD0103,2026-06-01,3330,1028,411
INVSNP0008542,WH0006,PRD0103,2026-07-01,4276,1028,411
INVSNP0008543,WH0006,PRD0103,2026-08-01,4438,1028,411
INVSNP0008544,WH0006,PRD0103,2026-09-01,3872,1028,411
INVSNP0008545,WH0006,PRD0045,2024-10-01,1650,393,157
INVSNP0008546,WH0006,PRD0045,2024-11-01,1786,393,157
INVSNP0008547,WH0006,PRD0045,2024-12-01,2287,393,157
INVSNP0008548,WH0006,PRD0045,2025-01-01,2006,393,157
INVSNP0008549,WH0006,PRD0045,2025-02-01,1484,393,157
INVSNP0008550,WH0006,PRD0045,2025-03-01,1752,393,157
INVSNP0008551,WH0006,PRD0045,2025-04-01,1384,393,157
INVSNP0008552,WH0006,PRD0045,2025-05-01,1664,393,157
INVSNP0008553,WH0006,PRD0045,2025-06-01,1939,393,157
INVSNP0008554,WH0006,PRD0045,2025-07-01,1959,393,157
INVSNP0008555,WH0006,PRD0045,2025-08-01,1862,393,157
INVSNP0008556,WH0006,PRD0045,2025-09-01,1651,393,157
INVSNP0008557,WH0006,PRD0045,2025-10-01,1476,393,157
INVSNP0008558,WH0006,PRD0045,2025-11-01,1883,393,157
INVSNP0008559,WH0006,PRD0045,2025-12-01,1468,393,157
INVSNP0008560,WH0006,PRD0045,2026-01-01,1394,393,157
INVSNP0008561,WH0006,PRD0045,2026-02-01,1327,393,157
INVSNP0008562,WH0006,PRD0045,2026-03-01,1403,393,157
INVSNP0008563,WH0006,PRD0045,2026-04-01,1795,393,157
INVSNP0008564,WH0006,PRD0045,2026-05-01,1152,393,157
INVSNP0008565,WH0006,PRD0045,2026-06-01,1835,393,157
INVSNP0008566,WH0006,PRD0045,2026-07-01,1614,393,157
INVSNP0008567,WH0006,PRD0045,2026-08-01,1427,393,157
INVSNP0008568,WH0006,PRD0045,2026-09-01,1345,393,157
INVSNP0008569,WH0006,PRD0105,2024-10-01,2395,717,287
INVSNP0008570,WH0006,PRD0105,2024-11-01,2812,717,287
INVSNP0008571,WH0006,PRD0105,2024-12-01,3018,717,287
INVSNP0008572,WH0006,PRD0105,2025-01-01,2573,717,287
INVSNP0008573,WH0006,PRD0105,2025-02-01,2520,717,287
INVSNP0008574,WH0006,PRD0105,2025-03-01,2325,717,287
INVSNP0008575,WH0006,PRD0105,2025-04-01,2509,717,287
INVSNP0008576,WH0006,PRD0105,2025-05-01,2955,717,287
INVSNP0008577,WH0006,PRD0105,2025-06-01,3470,717,287
INVSNP0008578,WH0006,PRD0105,2025-07-01,2946,717,287
INVSNP0008579,WH0006,PRD0105,2025-08-01,2273,717,287
INVSNP0008580,WH0006,PRD0105,2025-09-01,2775,717,287
INVSNP0008581,WH0006,PRD0105,2025-10-01,2417,717,287
INVSNP0008582,WH0006,PRD0105,2025-11-01,2331,717,287
INVSNP0008583,WH0006,PRD0105,2025-12-01,3031,717,287
INVSNP0008584,WH0006,PRD0105,2026-01-01,2792,717,287
INVSNP0008585,WH0006,PRD0105,2026-02-01,2857,717,287
INVSNP0008586,WH0006,PRD0105,2026-03-01,2114,717,287
INVSNP0008587,WH0006,PRD0105,2026-04-01,3154,717,287
INVSNP0008588,WH0006,PRD0105,2026-05-01,3174,717,287
INVSNP0008589,WH0006,PRD0105,2026-06-01,1997,717,287
INVSNP0008590,WH0006,PRD0105,2026-07-01,3633,717,287
INVSNP0008591,WH0006,PRD0105,2026-08-01,2991,717,287
INVSNP0008592,WH0006,PRD0105,2026-09-01,2960,717,287
INVSNP0008593,WH0006,PRD0019,2024-10-01,5094,1208,483
INVSNP0008594,WH0006,PRD0019,2024-11-01,4023,1208,483
INVSNP0008595,WH0006,PRD0019,2024-12-01,4438,1208,483
INVSNP0008596,WH0006,PRD0019,2025-01-01,4900,1208,483
INVSNP0008597,WH0006,PRD0019,2025-02-01,5236,1208,483
INVSNP0008598,WH0006,PRD0019,2025-03-01,4176,1208,483
INVSNP0008599,WH0006,PRD0019,2025-04-01,4513,1208,483
INVSNP0008600,WH0006,PRD0019,2025-05-01,4316,1208,483
INVSNP0008601,WH0006,PRD0019,2025-06-01,4680,1208,483
INVSNP0008602,WH0006,PRD0019,2025-07-01,5526,1208,483
INVSNP0008603,WH0006,PRD0019,2025-08-01,4642,1208,483
INVSNP0008604,WH0006,PRD0019,2025-09-01,4567,1208,483
INVSNP0008605,WH0006,PRD0019,2025-10-01,4808,1208,483
INVSNP0008606,WH0006,PRD0019,2025-11-01,4838,1208,483
INVSNP0008607,WH0006,PRD0019,2025-12-01,5592,1208,483
INVSNP0008608,WH0006,PRD0019,2026-01-01,5797,1208,483
INVSNP0008609,WH0006,PRD0019,2026-02-01,6684,1208,483
INVSNP0008610,WH0006,PRD0019,2026-03-01,6198,1208,483
INVSNP0008611,WH0006,PRD0019,2026-04-01,5102,1208,483
INVSNP0008612,WH0006,PRD0019,2026-05-01,5232,1208,483
INVSNP0008613,WH0006,PRD0019,2026-06-01,5166,1208,483
INVSNP0008614,WH0006,PRD0019,2026-07-01,4636,1208,483
INVSNP0008615,WH0006,PRD0019,2026-08-01,3769,1208,483
INVSNP0008616,WH0006,PRD0019,2026-09-01,3703,1208,483
INVSNP0008617,WH0006,PRD0035,2024-10-01,406,113,45
INVSNP0008618,WH0006,PRD0035,2024-11-01,467,113,45
INVSNP0008619,WH0006,PRD0035,2024-12-01,350,113,45
INVSNP0008620,WH0006,PRD0035,2025-01-01,460,113,45
INVSNP0008621,WH0006,PRD0035,2025-02-01,539,113,45
INVSNP0008622,WH0006,PRD0035,2025-03-01,414,113,45
INVSNP0008623,WH0006,PRD0035,2025-04-01,492,113,45
INVSNP0008624,WH0006,PRD0035,2025-05-01,406,113,45
INVSNP0008625,WH0006,PRD0035,2025-06-01,392,113,45
INVSNP0008626,WH0006,PRD0035,2025-07-01,614,113,45
INVSNP0008627,WH0006,PRD0035,2025-08-01,290,113,45
INVSNP0008628,WH0006,PRD0035,2025-09-01,401,113,45
INVSNP0008629,WH0006,PRD0035,2025-10-01,569,113,45
INVSNP0008630,WH0006,PRD0035,2025-11-01,440,113,45
INVSNP0008631,WH0006,PRD0035,2025-12-01,316,113,45
INVSNP0008632,WH0006,PRD0035,2026-01-01,403,113,45
INVSNP0008633,WH0006,PRD0035,2026-02-01,437,113,45
INVSNP0008634,WH0006,PRD0035,2026-03-01,531,113,45
INVSNP0008635,WH0006,PRD0035,2026-04-01,405,113,45
INVSNP0008636,WH0006,PRD0035,2026-05-01,506,113,45
INVSNP0008637,WH0006,PRD0035,2026-06-01,534,113,45
INVSNP0008638,WH0006,PRD0035,2026-07-01,394,113,45
INVSNP0008639,WH0006,PRD0035,2026-08-01,442,113,45
INVSNP0008640,WH0006,PRD0035,2026-09-01,477,113,45
INVSNP0008641,WH0006,PRD0096,2024-10-01,1074,322,128
INVSNP0008642,WH0006,PRD0096,2024-11-01,1086,322,128
INVSNP0008643,WH0006,PRD0096,2024-12-01,1282,322,128
INVSNP0008644,WH0006,PRD0096,2025-01-01,1138,322,128
INVSNP0008645,WH0006,PRD0096,2025-02-01,1015,322,128
INVSNP0008646,WH0006,PRD0096,2025-03-01,1163,322,128
INVSNP0008647,WH0006,PRD0096,2025-04-01,1493,322,128
INVSNP0008648,WH0006,PRD0096,2025-05-01,1043,322,128
INVSNP0008649,WH0006,PRD0096,2025-06-01,1302,322,128
INVSNP0008650,WH0006,PRD0096,2025-07-01,1412,322,128
INVSNP0008651,WH0006,PRD0096,2025-08-01,1333,322,128
INVSNP0008652,WH0006,PRD0096,2025-09-01,1287,322,128
INVSNP0008653,WH0006,PRD0096,2025-10-01,1297,322,128
INVSNP0008654,WH0006,PRD0096,2025-11-01,1715,322,128
INVSNP0008655,WH0006,PRD0096,2025-12-01,1433,322,128
INVSNP0008656,WH0006,PRD0096,2026-01-01,1430,322,128
INVSNP0008657,WH0006,PRD0096,2026-02-01,1162,322,128
INVSNP0008658,WH0006,PRD0096,2026-03-01,1097,322,128
INVSNP0008659,WH0006,PRD0096,2026-04-01,1213,322,128
INVSNP0008660,WH0006,PRD0096,2026-05-01,1199,322,128
INVSNP0008661,WH0006,PRD0096,2026-06-01,1374,322,128
INVSNP0008662,WH0006,PRD0096,2026-07-01,1112,322,128
INVSNP0008663,WH0006,PRD0096,2026-08-01,1268,322,128
INVSNP0008664,WH0006,PRD0096,2026-09-01,1314,322,128
INVSNP0008665,WH0006,PRD0027,2024-10-01,4312,1233,493
INVSNP0008666,WH0006,PRD0027,2024-11-01,4125,1233,493
INVSNP0008667,WH0006,PRD0027,2024-12-01,4436,1233,493
INVSNP0008668,WH0006,PRD0027,2025-01-01,6666,1233,493
INVSNP0008669,WH0006,PRD0027,2025-02-01,3416,1233,493
INVSNP0008670,WH0006,PRD0027,2025-03-01,5222,1233,493
INVSNP0008671,WH0006,PRD0027,2025-04-01,6118,1233,493
INVSNP0008672,WH0006,PRD0027,2025-05-01,6641,1233,493
INVSNP0008673,WH0006,PRD0027,2025-06-01,3927,1233,493
INVSNP0008674,WH0006,PRD0027,2025-07-01,4148,1233,493
INVSNP0008675,WH0006,PRD0027,2025-08-01,4505,1233,493
INVSNP0008676,WH0006,PRD0027,2025-09-01,5418,1233,493
INVSNP0008677,WH0006,PRD0027,2025-10-01,4000,1233,493
INVSNP0008678,WH0006,PRD0027,2025-11-01,6416,1233,493
INVSNP0008679,WH0006,PRD0027,2025-12-01,3912,1233,493
INVSNP0008680,WH0006,PRD0027,2026-01-01,5176,1233,493
INVSNP0008681,WH0006,PRD0027,2026-02-01,4450,1233,493
INVSNP0008682,WH0006,PRD0027,2026-03-01,4404,1233,493
INVSNP0008683,WH0006,PRD0027,2026-04-01,5509,1233,493
INVSNP0008684,WH0006,PRD0027,2026-05-01,5910,1233,493
INVSNP0008685,WH0006,PRD0027,2026-06-01,4725,1233,493
INVSNP0008686,WH0006,PRD0027,2026-07-01,5424,1233,493
INVSNP0008687,WH0006,PRD0027,2026-08-01,5400,1233,493
INVSNP0008688,WH0006,PRD0027,2026-09-01,4267,1233,493
INVSNP0008689,WH0006,PRD0119,2024-10-01,2901,627,251
INVSNP0008690,WH0006,PRD0119,2024-11-01,2765,627,251
INVSNP0008691,WH0006,PRD0119,2024-12-01,2291,627,251
INVSNP0008692,WH0006,PRD0119,2025-01-01,2562,627,251
INVSNP0008693,WH0006,PRD0119,2025-02-01,2833,627,251
INVSNP0008694,WH0006,PRD0119,2025-03-01,2561,627,251
INVSNP0008695,WH0006,PRD0119,2025-04-01,2106,627,251
INVSNP0008696,WH0006,PRD0119,2025-05-01,2546,627,251
INVSNP0008697,WH0006,PRD0119,2025-06-01,2493,627,251
INVSNP0008698,WH0006,PRD0119,2025-07-01,2120,627,251
INVSNP0008699,WH0006,PRD0119,2025-08-01,2491,627,251
INVSNP0008700,WH0006,PRD0119,2025-09-01,2383,627,251
INVSNP0008701,WH0006,PRD0119,2025-10-01,2678,627,251
INVSNP0008702,WH0006,PRD0119,2025-11-01,2597,627,251
INVSNP0008703,WH0006,PRD0119,2025-12-01,2130,627,251
INVSNP0008704,WH0006,PRD0119,2026-01-01,3051,627,251
INVSNP0008705,WH0006,PRD0119,2026-02-01,2418,627,251
INVSNP0008706,WH0006,PRD0119,2026-03-01,1776,627,251
INVSNP0008707,WH0006,PRD0119,2026-04-01,2381,627,251
INVSNP0008708,WH0006,PRD0119,2026-05-01,2312,627,251
INVSNP0008709,WH0006,PRD0119,2026-06-01,2332,627,251
INVSNP0008710,WH0006,PRD0119,2026-07-01,2340,627,251
INVSNP0008711,WH0006,PRD0119,2026-08-01,2631,627,251
INVSNP0008712,WH0006,PRD0119,2026-09-01,2923,627,251
INVSNP0008713,WH0006,PRD0051,2024-10-01,1411,449,179
INVSNP0008714,WH0006,PRD0051,2024-11-01,1827,449,179
INVSNP0008715,WH0006,PRD0051,2024-12-01,2310,449,179
INVSNP0008716,WH0006,PRD0051,2025-01-01,2211,449,179
INVSNP0008717,WH0006,PRD0051,2025-02-01,2108,449,179
INVSNP0008718,WH0006,PRD0051,2025-03-01,1514,449,179
INVSNP0008719,WH0006,PRD0051,2025-04-01,2186,449,179
INVSNP0008720,WH0006,PRD0051,2025-05-01,1746,449,179
INVSNP0008721,WH0006,PRD0051,2025-06-01,1996,449,179
INVSNP0008722,WH0006,PRD0051,2025-07-01,1552,449,179
INVSNP0008723,WH0006,PRD0051,2025-08-01,1633,449,179
INVSNP0008724,WH0006,PRD0051,2025-09-01,1977,449,179
INVSNP0008725,WH0006,PRD0051,2025-10-01,2285,449,179
INVSNP0008726,WH0006,PRD0051,2025-11-01,1999,449,179
INVSNP0008727,WH0006,PRD0051,2025-12-01,1803,449,179
INVSNP0008728,WH0006,PRD0051,2026-01-01,1420,449,179
INVSNP0008729,WH0006,PRD0051,2026-02-01,1815,449,179
INVSNP0008730,WH0006,PRD0051,2026-03-01,1958,449,179
INVSNP0008731,WH0006,PRD0051,2026-04-01,2076,449,179
INVSNP0008732,WH0006,PRD0051,2026-05-01,1801,449,179
INVSNP0008733,WH0006,PRD0051,2026-06-01,1643,449,179
INVSNP0008734,WH0006,PRD0051,2026-07-01,1754,449,179
INVSNP0008735,WH0006,PRD0051,2026-08-01,2013,449,179
INVSNP0008736,WH0006,PRD0051,2026-09-01,2232,449,179
INVSNP0008737,WH0006,PRD0090,2024-10-01,2202,562,225
INVSNP0008738,WH0006,PRD0090,2024-11-01,1993,562,225
INVSNP0008739,WH0006,PRD0090,2024-12-01,2090,562,225
INVSNP0008740,WH0006,PRD0090,2025-01-01,1644,562,225
INVSNP0008741,WH0006,PRD0090,2025-02-01,2386,562,225
INVSNP0008742,WH0006,PRD0090,2025-03-01,1702,562,225
INVSNP0008743,WH0006,PRD0090,2025-04-01,2228,562,225
INVSNP0008744,WH0006,PRD0090,2025-05-01,1989,562,225
INVSNP0008745,WH0006,PRD0090,2025-06-01,2288,562,225
INVSNP0008746,WH0006,PRD0090,2025-07-01,2332,562,225
INVSNP0008747,WH0006,PRD0090,2025-08-01,1792,562,225
INVSNP0008748,WH0006,PRD0090,2025-09-01,1991,562,225
INVSNP0008749,WH0006,PRD0090,2025-10-01,2086,562,225
INVSNP0008750,WH0006,PRD0090,2025-11-01,2178,562,225
INVSNP0008751,WH0006,PRD0090,2025-12-01,2607,562,225
INVSNP0008752,WH0006,PRD0090,2026-01-01,2343,562,225
INVSNP0008753,WH0006,PRD0090,2026-02-01,2531,562,225
INVSNP0008754,WH0006,PRD0090,2026-03-01,2198,562,225
INVSNP0008755,WH0006,PRD0090,2026-04-01,2297,562,225
INVSNP0008756,WH0006,PRD0090,2026-05-01,1914,562,225
INVSNP0008757,WH0006,PRD0090,2026-06-01,2498,562,225
INVSNP0008758,WH0006,PRD0090,2026-07-01,2325,562,225
INVSNP0008759,WH0006,PRD0090,2026-08-01,2431,562,225
INVSNP0008760,WH0006,PRD0090,2026-09-01,1881,562,225
INVSNP0008761,WH0006,PRD0040,2024-10-01,642,134,53
INVSNP0008762,WH0006,PRD0040,2024-11-01,469,134,53
INVSNP0008763,WH0006,PRD0040,2024-12-01,604,134,53
INVSNP0008764,WH0006,PRD0040,2025-01-01,646,134,53
INVSNP0008765,WH0006,PRD0040,2025-02-01,507,134,53
INVSNP0008766,WH0006,PRD0040,2025-03-01,538,134,53
INVSNP0008767,WH0006,PRD0040,2025-04-01,734,134,53
INVSNP0008768,WH0006,PRD0040,2025-05-01,451,134,53
INVSNP0008769,WH0006,PRD0040,2025-06-01,449,134,53
INVSNP0008770,WH0006,PRD0040,2025-07-01,594,134,53
INVSNP0008771,WH0006,PRD0040,2025-08-01,613,134,53
INVSNP0008772,WH0006,PRD0040,2025-09-01,494,134,53
INVSNP0008773,WH0006,PRD0040,2025-10-01,636,134,53
INVSNP0008774,WH0006,PRD0040,2025-11-01,585,134,53
INVSNP0008775,WH0006,PRD0040,2025-12-01,562,134,53
INVSNP0008776,WH0006,PRD0040,2026-01-01,619,134,53
INVSNP0008777,WH0006,PRD0040,2026-02-01,551,134,53
INVSNP0008778,WH0006,PRD0040,2026-03-01,573,134,53
INVSNP0008779,WH0006,PRD0040,2026-04-01,434,134,53
INVSNP0008780,WH0006,PRD0040,2026-05-01,585,134,53
INVSNP0008781,WH0006,PRD0040,2026-06-01,404,134,53
INVSNP0008782,WH0006,PRD0040,2026-07-01,428,134,53
INVSNP0008783,WH0006,PRD0040,2026-08-01,532,134,53
INVSNP0008784,WH0006,PRD0040,2026-09-01,490,134,53
INVSNP0008785,WH0006,PRD0001,2024-10-01,3420,715,286
INVSNP0008786,WH0006,PRD0001,2024-11-01,2244,715,286
INVSNP0008787,WH0006,PRD0001,2024-12-01,2505,715,286
INVSNP0008788,WH0006,PRD0001,2025-01-01,3277,715,286
INVSNP0008789,WH0006,PRD0001,2025-02-01,4232,715,286
INVSNP0008790,WH0006,PRD0001,2025-03-01,2791,715,286
INVSNP0008791,WH0006,PRD0001,2025-04-01,2154,715,286
INVSNP0008792,WH0006,PRD0001,2025-05-01,3042,715,286
INVSNP0008793,WH0006,PRD0001,2025-06-01,3262,715,286
INVSNP0008794,WH0006,PRD0001,2025-07-01,3032,715,286
INVSNP0008795,WH0006,PRD0001,2025-08-01,2000,715,286
INVSNP0008796,WH0006,PRD0001,2025-09-01,3061,715,286
INVSNP0008797,WH0006,PRD0001,2025-10-01,2678,715,286
INVSNP0008798,WH0006,PRD0001,2025-11-01,2587,715,286
INVSNP0008799,WH0006,PRD0001,2025-12-01,2522,715,286
INVSNP0008800,WH0006,PRD0001,2026-01-01,2593,715,286
INVSNP0008801,WH0006,PRD0001,2026-02-01,2670,715,286
INVSNP0008802,WH0006,PRD0001,2026-03-01,2627,715,286
INVSNP0008803,WH0006,PRD0001,2026-04-01,2576,715,286
INVSNP0008804,WH0006,PRD0001,2026-05-01,3179,715,286
INVSNP0008805,WH0006,PRD0001,2026-06-01,3157,715,286
INVSNP0008806,WH0006,PRD0001,2026-07-01,2521,715,286
INVSNP0008807,WH0006,PRD0001,2026-08-01,3134,715,286
INVSNP0008808,WH0006,PRD0001,2026-09-01,2787,715,286
INVSNP0008809,WH0006,PRD0022,2024-10-01,2623,977,391
INVSNP0008810,WH0006,PRD0022,2024-11-01,3591,977,391
INVSNP0008811,WH0006,PRD0022,2024-12-01,4167,977,391
INVSNP0008812,WH0006,PRD0022,2025-01-01,4289,977,391
INVSNP0008813,WH0006,PRD0022,2025-02-01,4050,977,391
INVSNP0008814,WH0006,PRD0022,2025-03-01,4149,977,391
INVSNP0008815,WH0006,PRD0022,2025-04-01,3602,977,391
INVSNP0008816,WH0006,PRD0022,2025-05-01,3550,977,391
INVSNP0008817,WH0006,PRD0022,2025-06-01,4399,977,391
INVSNP0008818,WH0006,PRD0022,2025-07-01,4796,977,391
INVSNP0008819,WH0006,PRD0022,2025-08-01,3165,977,391
INVSNP0008820,WH0006,PRD0022,2025-09-01,4016,977,391
INVSNP0008821,WH0006,PRD0022,2025-10-01,3136,977,391
INVSNP0008822,WH0006,PRD0022,2025-11-01,3979,977,391
INVSNP0008823,WH0006,PRD0022,2025-12-01,3678,977,391
INVSNP0008824,WH0006,PRD0022,2026-01-01,3196,977,391
INVSNP0008825,WH0006,PRD0022,2026-02-01,3807,977,391
INVSNP0008826,WH0006,PRD0022,2026-03-01,4230,977,391
INVSNP0008827,WH0006,PRD0022,2026-04-01,4137,977,391
INVSNP0008828,WH0006,PRD0022,2026-05-01,3553,977,391
INVSNP0008829,WH0006,PRD0022,2026-06-01,3344,977,391
INVSNP0008830,WH0006,PRD0022,2026-07-01,4755,977,391
INVSNP0008831,WH0006,PRD0022,2026-08-01,2862,977,391
INVSNP0008832,WH0006,PRD0022,2026-09-01,4805,977,391
INVSNP0008833,WH0006,PRD0122,2024-10-01,3636,944,377
INVSNP0008834,WH0006,PRD0122,2024-11-01,4135,944,377
INVSNP0008835,WH0006,PRD0122,2024-12-01,3170,944,377
INVSNP0008836,WH0006,PRD0122,2025-01-01,4727,944,377
INVSNP0008837,WH0006,PRD0122,2025-02-01,3441,944,377
INVSNP0008838,WH0006,PRD0122,2025-03-01,3183,944,377
INVSNP0008839,WH0006,PRD0122,2025-04-01,2789,944,377
INVSNP0008840,WH0006,PRD0122,2025-05-01,4211,944,377
INVSNP0008841,WH0006,PRD0122,2025-06-01,4932,944,377
INVSNP0008842,WH0006,PRD0122,2025-07-01,3865,944,377
INVSNP0008843,WH0006,PRD0122,2025-08-01,3698,944,377
INVSNP0008844,WH0006,PRD0122,2025-09-01,4472,944,377
INVSNP0008845,WH0006,PRD0122,2025-10-01,3278,944,377
INVSNP0008846,WH0006,PRD0122,2025-11-01,4499,944,377
INVSNP0008847,WH0006,PRD0122,2025-12-01,2915,944,377
INVSNP0008848,WH0006,PRD0122,2026-01-01,4243,944,377
INVSNP0008849,WH0006,PRD0122,2026-02-01,3089,944,377
INVSNP0008850,WH0006,PRD0122,2026-03-01,4345,944,377
INVSNP0008851,WH0006,PRD0122,2026-04-01,3782,944,377
INVSNP0008852,WH0006,PRD0122,2026-05-01,3909,944,377
INVSNP0008853,WH0006,PRD0122,2026-06-01,4602,944,377
INVSNP0008854,WH0006,PRD0122,2026-07-01,4507,944,377
INVSNP0008855,WH0006,PRD0122,2026-08-01,3801,944,377
INVSNP0008856,WH0006,PRD0122,2026-09-01,3922,944,377
INVSNP0008857,WH0006,PRD0063,2024-10-01,950,179,71
INVSNP0008858,WH0006,PRD0063,2024-11-01,631,179,71
INVSNP0008859,WH0006,PRD0063,2024-12-01,618,179,71
INVSNP0008860,WH0006,PRD0063,2025-01-01,564,179,71
INVSNP0008861,WH0006,PRD0063,2025-02-01,611,179,71
INVSNP0008862,WH0006,PRD0063,2025-03-01,861,179,71
INVSNP0008863,WH0006,PRD0063,2025-04-01,636,179,71
INVSNP0008864,WH0006,PRD0063,2025-05-01,690,179,71
INVSNP0008865,WH0006,PRD0063,2025-06-01,792,179,71
INVSNP0008866,WH0006,PRD0063,2025-07-01,753,179,71
INVSNP0008867,WH0006,PRD0063,2025-08-01,897,179,71
INVSNP0008868,WH0006,PRD0063,2025-09-01,679,179,71
INVSNP0008869,WH0006,PRD0063,2025-10-01,716,179,71
INVSNP0008870,WH0006,PRD0063,2025-11-01,677,179,71
INVSNP0008871,WH0006,PRD0063,2025-12-01,803,179,71
INVSNP0008872,WH0006,PRD0063,2026-01-01,767,179,71
INVSNP0008873,WH0006,PRD0063,2026-02-01,656,179,71
INVSNP0008874,WH0006,PRD0063,2026-03-01,374,179,71
INVSNP0008875,WH0006,PRD0063,2026-04-01,734,179,71
INVSNP0008876,WH0006,PRD0063,2026-05-01,658,179,71
INVSNP0008877,WH0006,PRD0063,2026-06-01,648,179,71
INVSNP0008878,WH0006,PRD0063,2026-07-01,606,179,71
INVSNP0008879,WH0006,PRD0063,2026-08-01,746,179,71
INVSNP0008880,WH0006,PRD0063,2026-09-01,657,179,71
INVSNP0008881,WH0006,PRD0113,2024-10-01,418,141,56
INVSNP0008882,WH0006,PRD0113,2024-11-01,529,141,56
INVSNP0008883,WH0006,PRD0113,2024-12-01,501,141,56
INVSNP0008884,WH0006,PRD0113,2025-01-01,734,141,56
INVSNP0008885,WH0006,PRD0113,2025-02-01,576,141,56
INVSNP0008886,WH0006,PRD0113,2025-03-01,372,141,56
INVSNP0008887,WH0006,PRD0113,2025-04-01,582,141,56
INVSNP0008888,WH0006,PRD0113,2025-05-01,670,141,56
INVSNP0008889,WH0006,PRD0113,2025-06-01,631,141,56
INVSNP0008890,WH0006,PRD0113,2025-07-01,424,141,56
INVSNP0008891,WH0006,PRD0113,2025-08-01,575,141,56
INVSNP0008892,WH0006,PRD0113,2025-09-01,651,141,56
INVSNP0008893,WH0006,PRD0113,2025-10-01,457,141,56
INVSNP0008894,WH0006,PRD0113,2025-11-01,624,141,56
INVSNP0008895,WH0006,PRD0113,2025-12-01,606,141,56
INVSNP0008896,WH0006,PRD0113,2026-01-01,373,141,56
INVSNP0008897,WH0006,PRD0113,2026-02-01,815,141,56
INVSNP0008898,WH0006,PRD0113,2026-03-01,717,141,56
INVSNP0008899,WH0006,PRD0113,2026-04-01,582,141,56
INVSNP0008900,WH0006,PRD0113,2026-05-01,637,141,56
INVSNP0008901,WH0006,PRD0113,2026-06-01,692,141,56
INVSNP0008902,WH0006,PRD0113,2026-07-01,637,141,56
INVSNP0008903,WH0006,PRD0113,2026-08-01,539,141,56
INVSNP0008904,WH0006,PRD0113,2026-09-01,635,141,56
INVSNP0008905,WH0006,PRD0013,2024-10-01,2898,1027,411
INVSNP0008906,WH0006,PRD0013,2024-11-01,4292,1027,411
INVSNP0008907,WH0006,PRD0013,2024-12-01,4514,1027,411
INVSNP0008908,WH0006,PRD0013,2025-01-01,3592,1027,411
INVSNP0008909,WH0006,PRD0013,2025-02-01,3748,1027,411
INVSNP0008910,WH0006,PRD0013,2025-03-01,4523,1027,411
INVSNP0008911,WH0006,PRD0013,2025-04-01,4509,1027,411
INVSNP0008912,WH0006,PRD0013,2025-05-01,4178,1027,411
INVSNP0008913,WH0006,PRD0013,2025-06-01,4829,1027,411
INVSNP0008914,WH0006,PRD0013,2025-07-01,4093,1027,411
INVSNP0008915,WH0006,PRD0013,2025-08-01,4601,1027,411
INVSNP0008916,WH0006,PRD0013,2025-09-01,3319,1027,411
INVSNP0008917,WH0006,PRD0013,2025-10-01,3683,1027,411
INVSNP0008918,WH0006,PRD0013,2025-11-01,3917,1027,411
INVSNP0008919,WH0006,PRD0013,2025-12-01,3903,1027,411
INVSNP0008920,WH0006,PRD0013,2026-01-01,3771,1027,411
INVSNP0008921,WH0006,PRD0013,2026-02-01,4248,1027,411
INVSNP0008922,WH0006,PRD0013,2026-03-01,3111,1027,411
INVSNP0008923,WH0006,PRD0013,2026-04-01,4075,1027,411
INVSNP0008924,WH0006,PRD0013,2026-05-01,4163,1027,411
INVSNP0008925,WH0006,PRD0013,2026-06-01,4213,1027,411
INVSNP0008926,WH0006,PRD0013,2026-07-01,4202,1027,411
INVSNP0008927,WH0006,PRD0013,2026-08-01,4132,1027,411
INVSNP0008928,WH0006,PRD0013,2026-09-01,3737,1027,411
INVSNP0008929,WH0006,PRD0009,2024-10-01,1308,346,138
INVSNP0008930,WH0006,PRD0009,2024-11-01,1265,346,138
INVSNP0008931,WH0006,PRD0009,2024-12-01,1377,346,138
INVSNP0008932,WH0006,PRD0009,2025-01-01,1319,346,138
INVSNP0008933,WH0006,PRD0009,2025-02-01,1399,346,138
INVSNP0008934,WH0006,PRD0009,2025-03-01,1538,346,138
INVSNP0008935,WH0006,PRD0009,2025-04-01,1357,346,138
INVSNP0008936,WH0006,PRD0009,2025-05-01,1401,346,138
INVSNP0008937,WH0006,PRD0009,2025-06-01,1418,346,138
INVSNP0008938,WH0006,PRD0009,2025-07-01,1434,346,138
INVSNP0008939,WH0006,PRD0009,2025-08-01,1518,346,138
INVSNP0008940,WH0006,PRD0009,2025-09-01,1110,346,138
INVSNP0008941,WH0006,PRD0009,2025-10-01,1402,346,138
INVSNP0008942,WH0006,PRD0009,2025-11-01,1462,346,138
INVSNP0008943,WH0006,PRD0009,2025-12-01,1657,346,138
INVSNP0008944,WH0006,PRD0009,2026-01-01,967,346,138
INVSNP0008945,WH0006,PRD0009,2026-02-01,1263,346,138
INVSNP0008946,WH0006,PRD0009,2026-03-01,1372,346,138
INVSNP0008947,WH0006,PRD0009,2026-04-01,1091,346,138
INVSNP0008948,WH0006,PRD0009,2026-05-01,1306,346,138
INVSNP0008949,WH0006,PRD0009,2026-06-01,1406,346,138
INVSNP0008950,WH0006,PRD0009,2026-07-01,1848,346,138
INVSNP0008951,WH0006,PRD0009,2026-08-01,1297,346,138
INVSNP0008952,WH0006,PRD0009,2026-09-01,1623,346,138
INVSNP0008953,WH0006,PRD0125,2024-10-01,3215,798,319
INVSNP0008954,WH0006,PRD0125,2024-11-01,3415,798,319
INVSNP0008955,WH0006,PRD0125,2024-12-01,3214,798,319
INVSNP0008956,WH0006,PRD0125,2025-01-01,3722,798,319
INVSNP0008957,WH0006,PRD0125,2025-02-01,3247,798,319
INVSNP0008958,WH0006,PRD0125,2025-03-01,3807,798,319
INVSNP0008959,WH0006,PRD0125,2025-04-01,2446,798,319
INVSNP0008960,WH0006,PRD0125,2025-05-01,2892,798,319
INVSNP0008961,WH0006,PRD0125,2025-06-01,2889,798,319
INVSNP0008962,WH0006,PRD0125,2025-07-01,3705,798,319
INVSNP0008963,WH0006,PRD0125,2025-08-01,3561,798,319
INVSNP0008964,WH0006,PRD0125,2025-09-01,2220,798,319
INVSNP0008965,WH0006,PRD0125,2025-10-01,4090,798,319
INVSNP0008966,WH0006,PRD0125,2025-11-01,3620,798,319
INVSNP0008967,WH0006,PRD0125,2025-12-01,3073,798,319
INVSNP0008968,WH0006,PRD0125,2026-01-01,3607,798,319
INVSNP0008969,WH0006,PRD0125,2026-02-01,3468,798,319
INVSNP0008970,WH0006,PRD0125,2026-03-01,3457,798,319
INVSNP0008971,WH0006,PRD0125,2026-04-01,2799,798,319
INVSNP0008972,WH0006,PRD0125,2026-05-01,3261,798,319
INVSNP0008973,WH0006,PRD0125,2026-06-01,2202,798,319
INVSNP0008974,WH0006,PRD0125,2026-07-01,3133,798,319
INVSNP0008975,WH0006,PRD0125,2026-08-01,4476,798,319
INVSNP0008976,WH0006,PRD0125,2026-09-01,3482,798,319
INVSNP0008977,WH0006,PRD0115,2024-10-01,4822,1168,467
INVSNP0008978,WH0006,PRD0115,2024-11-01,4048,1168,467
INVSNP0008979,WH0006,PRD0115,2024-12-01,4070,1168,467
INVSNP0008980,WH0006,PRD0115,2025-01-01,5161,1168,467
INVSNP0008981,WH0006,PRD0115,2025-02-01,4623,1168,467
INVSNP0008982,WH0006,PRD0115,2025-03-01,4087,1168,467
INVSNP0008983,WH0006,PRD0115,2025-04-01,5239,1168,467
INVSNP0008984,WH0006,PRD0115,2025-05-01,4318,1168,467
INVSNP0008985,WH0006,PRD0115,2025-06-01,3563,1168,467
INVSNP0008986,WH0006,PRD0115,2025-07-01,4425,1168,467
INVSNP0008987,WH0006,PRD0115,2025-08-01,2822,1168,467
INVSNP0008988,WH0006,PRD0115,2025-09-01,4787,1168,467
INVSNP0008989,WH0006,PRD0115,2025-10-01,5566,1168,467
INVSNP0008990,WH0006,PRD0115,2025-11-01,4522,1168,467
INVSNP0008991,WH0006,PRD0115,2025-12-01,4874,1168,467
INVSNP0008992,WH0006,PRD0115,2026-01-01,4471,1168,467
INVSNP0008993,WH0006,PRD0115,2026-02-01,5593,1168,467
INVSNP0008994,WH0006,PRD0115,2026-03-01,5450,1168,467
INVSNP0008995,WH0006,PRD0115,2026-04-01,5029,1168,467
INVSNP0008996,WH0006,PRD0115,2026-05-01,4183,1168,467
INVSNP0008997,WH0006,PRD0115,2026-06-01,4730,1168,467
INVSNP0008998,WH0006,PRD0115,2026-07-01,4475,1168,467
INVSNP0008999,WH0006,PRD0115,2026-08-01,4146,1168,467
INVSNP0009000,WH0006,PRD0115,2026-09-01,4226,1168,467
INVSNP0009001,WH0006,PRD0054,2024-10-01,535,149,59
INVSNP0009002,WH0006,PRD0054,2024-11-01,675,149,59
INVSNP0009003,WH0006,PRD0054,2024-12-01,443,149,59
INVSNP0009004,WH0006,PRD0054,2025-01-01,794,149,59
INVSNP0009005,WH0006,PRD0054,2025-02-01,674,149,59
INVSNP0009006,WH0006,PRD0054,2025-03-01,628,149,59
INVSNP0009007,WH0006,PRD0054,2025-04-01,513,149,59
INVSNP0009008,WH0006,PRD0054,2025-05-01,637,149,59
INVSNP0009009,WH0006,PRD0054,2025-06-01,563,149,59
INVSNP0009010,WH0006,PRD0054,2025-07-01,589,149,59
INVSNP0009011,WH0006,PRD0054,2025-08-01,553,149,59
INVSNP0009012,WH0006,PRD0054,2025-09-01,630,149,59
INVSNP0009013,WH0006,PRD0054,2025-10-01,662,149,59
INVSNP0009014,WH0006,PRD0054,2025-11-01,584,149,59
INVSNP0009015,WH0006,PRD0054,2025-12-01,701,149,59
INVSNP0009016,WH0006,PRD0054,2026-01-01,396,149,59
INVSNP0009017,WH0006,PRD0054,2026-02-01,707,149,59
INVSNP0009018,WH0006,PRD0054,2026-03-01,469,149,59
INVSNP0009019,WH0006,PRD0054,2026-04-01,714,149,59
INVSNP0009020,WH0006,PRD0054,2026-05-01,586,149,59
INVSNP0009021,WH0006,PRD0054,2026-06-01,593,149,59
INVSNP0009022,WH0006,PRD0054,2026-07-01,708,149,59
INVSNP0009023,WH0006,PRD0054,2026-08-01,478,149,59
INVSNP0009024,WH0006,PRD0054,2026-09-01,661,149,59
INVSNP0009025,WH0006,PRD0068,2024-10-01,4100,900,360
INVSNP0009026,WH0006,PRD0068,2024-11-01,3759,900,360
INVSNP0009027,WH0006,PRD0068,2024-12-01,3169,900,360
INVSNP0009028,WH0006,PRD0068,2025-01-01,2806,900,360
INVSNP0009029,WH0006,PRD0068,2025-02-01,3178,900,360
INVSNP0009030,WH0006,PRD0068,2025-03-01,3255,900,360
INVSNP0009031,WH0006,PRD0068,2025-04-01,3608,900,360
INVSNP0009032,WH0006,PRD0068,2025-05-01,3520,900,360
INVSNP0009033,WH0006,PRD0068,2025-06-01,3673,900,360
INVSNP0009034,WH0006,PRD0068,2025-07-01,4141,900,360
INVSNP0009035,WH0006,PRD0068,2025-08-01,3792,900,360
INVSNP0009036,WH0006,PRD0068,2025-09-01,3626,900,360
INVSNP0009037,WH0006,PRD0068,2025-10-01,4161,900,360
INVSNP0009038,WH0006,PRD0068,2025-11-01,4687,900,360
INVSNP0009039,WH0006,PRD0068,2025-12-01,3151,900,360
INVSNP0009040,WH0006,PRD0068,2026-01-01,3332,900,360
INVSNP0009041,WH0006,PRD0068,2026-02-01,3711,900,360
INVSNP0009042,WH0006,PRD0068,2026-03-01,3872,900,360
INVSNP0009043,WH0006,PRD0068,2026-04-01,3820,900,360
INVSNP0009044,WH0006,PRD0068,2026-05-01,3040,900,360
INVSNP0009045,WH0006,PRD0068,2026-06-01,3621,900,360
INVSNP0009046,WH0006,PRD0068,2026-07-01,3779,900,360
INVSNP0009047,WH0006,PRD0068,2026-08-01,3890,900,360
INVSNP0009048,WH0006,PRD0068,2026-09-01,4239,900,360
INVSNP0009049,WH0006,PRD0104,2024-10-01,3253,721,288
INVSNP0009050,WH0006,PRD0104,2024-11-01,3675,721,288
INVSNP0009051,WH0006,PRD0104,2024-12-01,2840,721,288
INVSNP0009052,WH0006,PRD0104,2025-01-01,3179,721,288
INVSNP0009053,WH0006,PRD0104,2025-02-01,2932,721,288
INVSNP0009054,WH0006,PRD0104,2025-03-01,3167,721,288
INVSNP0009055,WH0006,PRD0104,2025-04-01,2451,721,288
INVSNP0009056,WH0006,PRD0104,2025-05-01,2680,721,288
INVSNP0009057,WH0006,PRD0104,2025-06-01,2879,721,288
INVSNP0009058,WH0006,PRD0104,2025-07-01,2590,721,288
INVSNP0009059,WH0006,PRD0104,2025-08-01,2826,721,288
INVSNP0009060,WH0006,PRD0104,2025-09-01,3187,721,288
INVSNP0009061,WH0006,PRD0104,2025-10-01,3202,721,288
INVSNP0009062,WH0006,PRD0104,2025-11-01,2393,721,288
INVSNP0009063,WH0006,PRD0104,2025-12-01,2417,721,288
INVSNP0009064,WH0006,PRD0104,2026-01-01,3623,721,288
INVSNP0009065,WH0006,PRD0104,2026-02-01,2839,721,288
INVSNP0009066,WH0006,PRD0104,2026-03-01,2693,721,288
INVSNP0009067,WH0006,PRD0104,2026-04-01,3662,721,288
INVSNP0009068,WH0006,PRD0104,2026-05-01,3109,721,288
INVSNP0009069,WH0006,PRD0104,2026-06-01,2776,721,288
INVSNP0009070,WH0006,PRD0104,2026-07-01,3292,721,288
INVSNP0009071,WH0006,PRD0104,2026-08-01,2936,721,288
INVSNP0009072,WH0006,PRD0104,2026-09-01,3187,721,288
INVSNP0009073,WH0006,PRD0084,2024-10-01,1692,369,147
INVSNP0009074,WH0006,PRD0084,2024-11-01,1554,369,147
INVSNP0009075,WH0006,PRD0084,2024-12-01,1214,369,147
INVSNP0009076,WH0006,PRD0084,2025-01-01,1322,369,147
INVSNP0009077,WH0006,PRD0084,2025-02-01,1526,369,147
INVSNP0009078,WH0006,PRD0084,2025-03-01,1687,369,147
INVSNP0009079,WH0006,PRD0084,2025-04-01,1984,369,147
INVSNP0009080,WH0006,PRD0084,2025-05-01,1852,369,147
INVSNP0009081,WH0006,PRD0084,2025-06-01,1360,369,147
INVSNP0009082,WH0006,PRD0084,2025-07-01,1547,369,147
INVSNP0009083,WH0006,PRD0084,2025-08-01,1560,369,147
INVSNP0009084,WH0006,PRD0084,2025-09-01,1277,369,147
INVSNP0009085,WH0006,PRD0084,2025-10-01,1224,369,147
INVSNP0009086,WH0006,PRD0084,2025-11-01,1764,369,147
INVSNP0009087,WH0006,PRD0084,2025-12-01,1827,369,147
INVSNP0009088,WH0006,PRD0084,2026-01-01,1787,369,147
INVSNP0009089,WH0006,PRD0084,2026-02-01,1418,369,147
INVSNP0009090,WH0006,PRD0084,2026-03-01,1635,369,147
INVSNP0009091,WH0006,PRD0084,2026-04-01,1299,369,147
INVSNP0009092,WH0006,PRD0084,2026-05-01,1344,369,147
INVSNP0009093,WH0006,PRD0084,2026-06-01,1470,369,147
INVSNP0009094,WH0006,PRD0084,2026-07-01,1830,369,147
INVSNP0009095,WH0006,PRD0084,2026-08-01,1630,369,147
INVSNP0009096,WH0006,PRD0084,2026-09-01,1680,369,147
INVSNP0009097,WH0006,PRD0037,2024-10-01,3324,860,344
INVSNP0009098,WH0006,PRD0037,2024-11-01,3916,860,344
INVSNP0009099,WH0006,PRD0037,2024-12-01,3668,860,344
INVSNP0009100,WH0006,PRD0037,2025-01-01,4462,860,344
INVSNP0009101,WH0006,PRD0037,2025-02-01,4045,860,344
INVSNP0009102,WH0006,PRD0037,2025-03-01,4015,860,344
INVSNP0009103,WH0006,PRD0037,2025-04-01,2864,860,344
INVSNP0009104,WH0006,PRD0037,2025-05-01,3551,860,344
INVSNP0009105,WH0006,PRD0037,2025-06-01,2967,860,344
INVSNP0009106,WH0006,PRD0037,2025-07-01,3746,860,344
INVSNP0009107,WH0006,PRD0037,2025-08-01,3735,860,344
INVSNP0009108,WH0006,PRD0037,2025-09-01,3874,860,344
INVSNP0009109,WH0006,PRD0037,2025-10-01,4162,860,344
INVSNP0009110,WH0006,PRD0037,2025-11-01,3740,860,344
INVSNP0009111,WH0006,PRD0037,2025-12-01,2907,860,344
INVSNP0009112,WH0006,PRD0037,2026-01-01,3569,860,344
INVSNP0009113,WH0006,PRD0037,2026-02-01,3296,860,344
INVSNP0009114,WH0006,PRD0037,2026-03-01,3656,860,344
INVSNP0009115,WH0006,PRD0037,2026-04-01,3237,860,344
INVSNP0009116,WH0006,PRD0037,2026-05-01,3458,860,344
INVSNP0009117,WH0006,PRD0037,2026-06-01,3858,860,344
INVSNP0009118,WH0006,PRD0037,2026-07-01,3316,860,344
INVSNP0009119,WH0006,PRD0037,2026-08-01,3790,860,344
INVSNP0009120,WH0006,PRD0037,2026-09-01,3910,860,344
INVSNP0009121,WH0006,PRD0094,2024-10-01,819,197,78
INVSNP0009122,WH0006,PRD0094,2024-11-01,691,197,78
INVSNP0009123,WH0006,PRD0094,2024-12-01,726,197,78
INVSNP0009124,WH0006,PRD0094,2025-01-01,547,197,78
INVSNP0009125,WH0006,PRD0094,2025-02-01,630,197,78
INVSNP0009126,WH0006,PRD0094,2025-03-01,978,197,78
INVSNP0009127,WH0006,PRD0094,2025-04-01,712,197,78
INVSNP0009128,WH0006,PRD0094,2025-05-01,840,197,78
INVSNP0009129,WH0006,PRD0094,2025-06-01,916,197,78
INVSNP0009130,WH0006,PRD0094,2025-07-01,567,197,78
INVSNP0009131,WH0006,PRD0094,2025-08-01,766,197,78
INVSNP0009132,WH0006,PRD0094,2025-09-01,664,197,78
INVSNP0009133,WH0006,PRD0094,2025-10-01,627,197,78
INVSNP0009134,WH0006,PRD0094,2025-11-01,735,197,78
INVSNP0009135,WH0006,PRD0094,2025-12-01,537,197,78
INVSNP0009136,WH0006,PRD0094,2026-01-01,810,197,78
INVSNP0009137,WH0006,PRD0094,2026-02-01,625,197,78
INVSNP0009138,WH0006,PRD0094,2026-03-01,901,197,78
INVSNP0009139,WH0006,PRD0094,2026-04-01,502,197,78
INVSNP0009140,WH0006,PRD0094,2026-05-01,827,197,78
INVSNP0009141,WH0006,PRD0094,2026-06-01,464,197,78
INVSNP0009142,WH0006,PRD0094,2026-07-01,931,197,78
INVSNP0009143,WH0006,PRD0094,2026-08-01,875,197,78
INVSNP0009144,WH0006,PRD0094,2026-09-01,698,197,78
INVSNP0009145,WH0006,PRD0056,2024-10-01,927,240,96
INVSNP0009146,WH0006,PRD0056,2024-11-01,784,240,96
INVSNP0009147,WH0006,PRD0056,2024-12-01,1011,240,96
INVSNP0009148,WH0006,PRD0056,2025-01-01,914,240,96
INVSNP0009149,WH0006,PRD0056,2025-02-01,678,240,96
INVSNP0009150,WH0006,PRD0056,2025-03-01,1014,240,96
INVSNP0009151,WH0006,PRD0056,2025-04-01,970,240,96
INVSNP0009152,WH0006,PRD0056,2025-05-01,800,240,96
INVSNP0009153,WH0006,PRD0056,2025-06-01,1011,240,96
INVSNP0009154,WH0006,PRD0056,2025-07-01,1104,240,96
INVSNP0009155,WH0006,PRD0056,2025-08-01,783,240,96
INVSNP0009156,WH0006,PRD0056,2025-09-01,1309,240,96
INVSNP0009157,WH0006,PRD0056,2025-10-01,782,240,96
INVSNP0009158,WH0006,PRD0056,2025-11-01,1046,240,96
INVSNP0009159,WH0006,PRD0056,2025-12-01,697,240,96
INVSNP0009160,WH0006,PRD0056,2026-01-01,843,240,96
INVSNP0009161,WH0006,PRD0056,2026-02-01,879,240,96
INVSNP0009162,WH0006,PRD0056,2026-03-01,833,240,96
INVSNP0009163,WH0006,PRD0056,2026-04-01,951,240,96
INVSNP0009164,WH0006,PRD0056,2026-05-01,858,240,96
INVSNP0009165,WH0006,PRD0056,2026-06-01,1170,240,96
INVSNP0009166,WH0006,PRD0056,2026-07-01,992,240,96
INVSNP0009167,WH0006,PRD0056,2026-08-01,1207,240,96
INVSNP0009168,WH0006,PRD0056,2026-09-01,1073,240,96
INVSNP0009169,WH0006,PRD0112,2024-10-01,3067,681,272
INVSNP0009170,WH0006,PRD0112,2024-11-01,2486,681,272
INVSNP0009171,WH0006,PRD0112,2024-12-01,2707,681,272
INVSNP0009172,WH0006,PRD0112,2025-01-01,2971,681,272
INVSNP0009173,WH0006,PRD0112,2025-02-01,1940,681,272
INVSNP0009174,WH0006,PRD0112,2025-03-01,2773,681,272
INVSNP0009175,WH0006,PRD0112,2025-04-01,2635,681,272
INVSNP0009176,WH0006,PRD0112,2025-05-01,2821,681,272
INVSNP0009177,WH0006,PRD0112,2025-06-01,2902,681,272
INVSNP0009178,WH0006,PRD0112,2025-07-01,2985,681,272
INVSNP0009179,WH0006,PRD0112,2025-08-01,2521,681,272
INVSNP0009180,WH0006,PRD0112,2025-09-01,2584,681,272
INVSNP0009181,WH0006,PRD0112,2025-10-01,2996,681,272
INVSNP0009182,WH0006,PRD0112,2025-11-01,2667,681,272
INVSNP0009183,WH0006,PRD0112,2025-12-01,2904,681,272
INVSNP0009184,WH0006,PRD0112,2026-01-01,2247,681,272
INVSNP0009185,WH0006,PRD0112,2026-02-01,2363,681,272
INVSNP0009186,WH0006,PRD0112,2026-03-01,2533,681,272
INVSNP0009187,WH0006,PRD0112,2026-04-01,2443,681,272
INVSNP0009188,WH0006,PRD0112,2026-05-01,2520,681,272
INVSNP0009189,WH0006,PRD0112,2026-06-01,2584,681,272
INVSNP0009190,WH0006,PRD0112,2026-07-01,3042,681,272
INVSNP0009191,WH0006,PRD0112,2026-08-01,2423,681,272
INVSNP0009192,WH0006,PRD0112,2026-09-01,2694,681,272
INVSNP0009193,WH0006,PRD0140,2024-10-01,3723,892,357
INVSNP0009194,WH0006,PRD0140,2024-11-01,4330,892,357
INVSNP0009195,WH0006,PRD0140,2024-12-01,3100,892,357
INVSNP0009196,WH0006,PRD0140,2025-01-01,4419,892,357
INVSNP0009197,WH0006,PRD0140,2025-02-01,4438,892,357
INVSNP0009198,WH0006,PRD0140,2025-03-01,4370,892,357
INVSNP0009199,WH0006,PRD0140,2025-04-01,4108,892,357
INVSNP0009200,WH0006,PRD0140,2025-05-01,3424,892,357
INVSNP0009201,WH0006,PRD0140,2025-06-01,4042,892,357
INVSNP0009202,WH0006,PRD0140,2025-07-01,4526,892,357
INVSNP0009203,WH0006,PRD0140,2025-08-01,2861,892,357
INVSNP0009204,WH0006,PRD0140,2025-09-01,3691,892,357
INVSNP0009205,WH0006,PRD0140,2025-10-01,3651,892,357
INVSNP0009206,WH0006,PRD0140,2025-11-01,4373,892,357
INVSNP0009207,WH0006,PRD0140,2025-12-01,4436,892,357
INVSNP0009208,WH0006,PRD0140,2026-01-01,3380,892,357
INVSNP0009209,WH0006,PRD0140,2026-02-01,3115,892,357
INVSNP0009210,WH0006,PRD0140,2026-03-01,3723,892,357
INVSNP0009211,WH0006,PRD0140,2026-04-01,3526,892,357
INVSNP0009212,WH0006,PRD0140,2026-05-01,3480,892,357
INVSNP0009213,WH0006,PRD0140,2026-06-01,2569,892,357
INVSNP0009214,WH0006,PRD0140,2026-07-01,3587,892,357
INVSNP0009215,WH0006,PRD0140,2026-08-01,3111,892,357
INVSNP0009216,WH0006,PRD0140,2026-09-01,4591,892,357
INVSNP0009217,WH0006,PRD0048,2024-10-01,2367,592,237
INVSNP0009218,WH0006,PRD0048,2024-11-01,1877,592,237
INVSNP0009219,WH0006,PRD0048,2024-12-01,2073,592,237
INVSNP0009220,WH0006,PRD0048,2025-01-01,1979,592,237
INVSNP0009221,WH0006,PRD0048,2025-02-01,2467,592,237
INVSNP0009222,WH0006,PRD0048,2025-03-01,2097,592,237
INVSNP0009223,WH0006,PRD0048,2025-04-01,1963,592,237
INVSNP0009224,WH0006,PRD0048,2025-05-01,2002,592,237
INVSNP0009225,WH0006,PRD0048,2025-06-01,2302,592,237
INVSNP0009226,WH0006,PRD0048,2025-07-01,2564,592,237
INVSNP0009227,WH0006,PRD0048,2025-08-01,2277,592,237
INVSNP0009228,WH0006,PRD0048,2025-09-01,1801,592,237
INVSNP0009229,WH0006,PRD0048,2025-10-01,1807,592,237
INVSNP0009230,WH0006,PRD0048,2025-11-01,2082,592,237
INVSNP0009231,WH0006,PRD0048,2025-12-01,2636,592,237
INVSNP0009232,WH0006,PRD0048,2026-01-01,2230,592,237
INVSNP0009233,WH0006,PRD0048,2026-02-01,1868,592,237
INVSNP0009234,WH0006,PRD0048,2026-03-01,2920,592,237
INVSNP0009235,WH0006,PRD0048,2026-04-01,2054,592,237
INVSNP0009236,WH0006,PRD0048,2026-05-01,2575,592,237
INVSNP0009237,WH0006,PRD0048,2026-06-01,2459,592,237
INVSNP0009238,WH0006,PRD0048,2026-07-01,2675,592,237
INVSNP0009239,WH0006,PRD0048,2026-08-01,3050,592,237
INVSNP0009240,WH0006,PRD0048,2026-09-01,2232,592,237
INVSNP0009241,WH0006,PRD0144,2024-10-01,2781,748,299
INVSNP0009242,WH0006,PRD0144,2024-11-01,3078,748,299
INVSNP0009243,WH0006,PRD0144,2024-12-01,2322,748,299
INVSNP0009244,WH0006,PRD0144,2025-01-01,2980,748,299
INVSNP0009245,WH0006,PRD0144,2025-02-01,3406,748,299
INVSNP0009246,WH0006,PRD0144,2025-03-01,2807,748,299
INVSNP0009247,WH0006,PRD0144,2025-04-01,2817,748,299
INVSNP0009248,WH0006,PRD0144,2025-05-01,2884,748,299
INVSNP0009249,WH0006,PRD0144,2025-06-01,3676,748,299
INVSNP0009250,WH0006,PRD0144,2025-07-01,2089,748,299
INVSNP0009251,WH0006,PRD0144,2025-08-01,3033,748,299
INVSNP0009252,WH0006,PRD0144,2025-09-01,3781,748,299
INVSNP0009253,WH0006,PRD0144,2025-10-01,2849,748,299
INVSNP0009254,WH0006,PRD0144,2025-11-01,3719,748,299
INVSNP0009255,WH0006,PRD0144,2025-12-01,2909,748,299
INVSNP0009256,WH0006,PRD0144,2026-01-01,3792,748,299
INVSNP0009257,WH0006,PRD0144,2026-02-01,2677,748,299
INVSNP0009258,WH0006,PRD0144,2026-03-01,3452,748,299
INVSNP0009259,WH0006,PRD0144,2026-04-01,3636,748,299
INVSNP0009260,WH0006,PRD0144,2026-05-01,2825,748,299
INVSNP0009261,WH0006,PRD0144,2026-06-01,3062,748,299
INVSNP0009262,WH0006,PRD0144,2026-07-01,3091,748,299
INVSNP0009263,WH0006,PRD0144,2026-08-01,2714,748,299
INVSNP0009264,WH0006,PRD0144,2026-09-01,1892,748,299
INVSNP0009265,WH0006,PRD0091,2024-10-01,2744,817,326
INVSNP0009266,WH0006,PRD0091,2024-11-01,3315,817,326
INVSNP0009267,WH0006,PRD0091,2024-12-01,2075,817,326
INVSNP0009268,WH0006,PRD0091,2025-01-01,2941,817,326
INVSNP0009269,WH0006,PRD0091,2025-02-01,3815,817,326
INVSNP0009270,WH0006,PRD0091,2025-03-01,3139,817,326
INVSNP0009271,WH0006,PRD0091,2025-04-01,3450,817,326
INVSNP0009272,WH0006,PRD0091,2025-05-01,3731,817,326
INVSNP0009273,WH0006,PRD0091,2025-06-01,3293,817,326
INVSNP0009274,WH0006,PRD0091,2025-07-01,3836,817,326
INVSNP0009275,WH0006,PRD0091,2025-08-01,3664,817,326
INVSNP0009276,WH0006,PRD0091,2025-09-01,3091,817,326
INVSNP0009277,WH0006,PRD0091,2025-10-01,2640,817,326
INVSNP0009278,WH0006,PRD0091,2025-11-01,2799,817,326
INVSNP0009279,WH0006,PRD0091,2025-12-01,3223,817,326
INVSNP0009280,WH0006,PRD0091,2026-01-01,3654,817,326
INVSNP0009281,WH0006,PRD0091,2026-02-01,2772,817,326
INVSNP0009282,WH0006,PRD0091,2026-03-01,4140,817,326
INVSNP0009283,WH0006,PRD0091,2026-04-01,3014,817,326
INVSNP0009284,WH0006,PRD0091,2026-05-01,2573,817,326
INVSNP0009285,WH0006,PRD0091,2026-06-01,3867,817,326
INVSNP0009286,WH0006,PRD0091,2026-07-01,3438,817,326
INVSNP0009287,WH0006,PRD0091,2026-08-01,3678,817,326
INVSNP0009288,WH0006,PRD0091,2026-09-01,3476,817,326
INVSNP0009289,WH0006,PRD0018,2024-10-01,1467,344,137
INVSNP0009290,WH0006,PRD0018,2024-11-01,1483,344,137
INVSNP0009291,WH0006,PRD0018,2024-12-01,1427,344,137
INVSNP0009292,WH0006,PRD0018,2025-01-01,1502,344,137
INVSNP0009293,WH0006,PRD0018,2025-02-01,1516,344,137
INVSNP0009294,WH0006,PRD0018,2025-03-01,1336,344,137
INVSNP0009295,WH0006,PRD0018,2025-04-01,1328,344,137
INVSNP0009296,WH0006,PRD0018,2025-05-01,1093,344,137
INVSNP0009297,WH0006,PRD0018,2025-06-01,1072,344,137
INVSNP0009298,WH0006,PRD0018,2025-07-01,1294,344,137
INVSNP0009299,WH0006,PRD0018,2025-08-01,1097,344,137
INVSNP0009300,WH0006,PRD0018,2025-09-01,1402,344,137
INVSNP0009301,WH0006,PRD0018,2025-10-01,1563,344,137
INVSNP0009302,WH0006,PRD0018,2025-11-01,1112,344,137
INVSNP0009303,WH0006,PRD0018,2025-12-01,1374,344,137
INVSNP0009304,WH0006,PRD0018,2026-01-01,1391,344,137
INVSNP0009305,WH0006,PRD0018,2026-02-01,939,344,137
INVSNP0009306,WH0006,PRD0018,2026-03-01,1202,344,137
INVSNP0009307,WH0006,PRD0018,2026-04-01,1752,344,137
INVSNP0009308,WH0006,PRD0018,2026-05-01,1289,344,137
INVSNP0009309,WH0006,PRD0018,2026-06-01,1379,344,137
INVSNP0009310,WH0006,PRD0018,2026-07-01,1370,344,137
INVSNP0009311,WH0006,PRD0018,2026-08-01,1392,344,137
INVSNP0009312,WH0006,PRD0018,2026-09-01,1401,344,137
INVSNP0009313,WH0006,PRD0026,2024-10-01,576,138,55
INVSNP0009314,WH0006,PRD0026,2024-11-01,602,138,55
INVSNP0009315,WH0006,PRD0026,2024-12-01,571,138,55
INVSNP0009316,WH0006,PRD0026,2025-01-01,592,138,55
INVSNP0009317,WH0006,PRD0026,2025-02-01,575,138,55
INVSNP0009318,WH0006,PRD0026,2025-03-01,517,138,55
INVSNP0009319,WH0006,PRD0026,2025-04-01,601,138,55
INVSNP0009320,WH0006,PRD0026,2025-05-01,540,138,55
INVSNP0009321,WH0006,PRD0026,2025-06-01,423,138,55
INVSNP0009322,WH0006,PRD0026,2025-07-01,542,138,55
INVSNP0009323,WH0006,PRD0026,2025-08-01,422,138,55
INVSNP0009324,WH0006,PRD0026,2025-09-01,650,138,55
INVSNP0009325,WH0006,PRD0026,2025-10-01,595,138,55
INVSNP0009326,WH0006,PRD0026,2025-11-01,553,138,55
INVSNP0009327,WH0006,PRD0026,2025-12-01,657,138,55
INVSNP0009328,WH0006,PRD0026,2026-01-01,511,138,55
INVSNP0009329,WH0006,PRD0026,2026-02-01,471,138,55
INVSNP0009330,WH0006,PRD0026,2026-03-01,366,138,55
INVSNP0009331,WH0006,PRD0026,2026-04-01,550,138,55
INVSNP0009332,WH0006,PRD0026,2026-05-01,701,138,55
INVSNP0009333,WH0006,PRD0026,2026-06-01,460,138,55
INVSNP0009334,WH0006,PRD0026,2026-07-01,583,138,55
INVSNP0009335,WH0006,PRD0026,2026-08-01,456,138,55
INVSNP0009336,WH0006,PRD0026,2026-09-01,586,138,55
INVSNP0009337,WH0006,PRD0136,2024-10-01,2856,835,334
INVSNP0009338,WH0006,PRD0136,2024-11-01,3642,835,334
INVSNP0009339,WH0006,PRD0136,2024-12-01,3761,835,334
INVSNP0009340,WH0006,PRD0136,2025-01-01,2964,835,334
INVSNP0009341,WH0006,PRD0136,2025-02-01,3090,835,334
INVSNP0009342,WH0006,PRD0136,2025-03-01,4349,835,334
INVSNP0009343,WH0006,PRD0136,2025-04-01,3947,835,334
INVSNP0009344,WH0006,PRD0136,2025-05-01,2620,835,334
INVSNP0009345,WH0006,PRD0136,2025-06-01,3160,835,334
INVSNP0009346,WH0006,PRD0136,2025-07-01,3749,835,334
INVSNP0009347,WH0006,PRD0136,2025-08-01,3853,835,334
INVSNP0009348,WH0006,PRD0136,2025-09-01,4038,835,334
INVSNP0009349,WH0006,PRD0136,2025-10-01,2572,835,334
INVSNP0009350,WH0006,PRD0136,2025-11-01,2305,835,334
INVSNP0009351,WH0006,PRD0136,2025-12-01,3317,835,334
INVSNP0009352,WH0006,PRD0136,2026-01-01,3732,835,334
INVSNP0009353,WH0006,PRD0136,2026-02-01,3483,835,334
INVSNP0009354,WH0006,PRD0136,2026-03-01,2689,835,334
INVSNP0009355,WH0006,PRD0136,2026-04-01,3231,835,334
INVSNP0009356,WH0006,PRD0136,2026-05-01,3030,835,334
INVSNP0009357,WH0006,PRD0136,2026-06-01,3571,835,334
INVSNP0009358,WH0006,PRD0136,2026-07-01,3336,835,334
INVSNP0009359,WH0006,PRD0136,2026-08-01,2498,835,334
INVSNP0009360,WH0006,PRD0136,2026-09-01,3170,835,334
INVSNP0009361,WH0006,PRD0143,2024-10-01,2143,451,180
INVSNP0009362,WH0006,PRD0143,2024-11-01,1215,451,180
INVSNP0009363,WH0006,PRD0143,2024-12-01,2213,451,180
INVSNP0009364,WH0006,PRD0143,2025-01-01,2013,451,180
INVSNP0009365,WH0006,PRD0143,2025-02-01,1491,451,180
INVSNP0009366,WH0006,PRD0143,2025-03-01,1359,451,180
INVSNP0009367,WH0006,PRD0143,2025-04-01,2157,451,180
INVSNP0009368,WH0006,PRD0143,2025-05-01,1678,451,180
INVSNP0009369,WH0006,PRD0143,2025-06-01,1701,451,180
INVSNP0009370,WH0006,PRD0143,2025-07-01,1754,451,180
INVSNP0009371,WH0006,PRD0143,2025-08-01,2336,451,180
INVSNP0009372,WH0006,PRD0143,2025-09-01,1756,451,180
INVSNP0009373,WH0006,PRD0143,2025-10-01,1582,451,180
INVSNP0009374,WH0006,PRD0143,2025-11-01,1934,451,180
INVSNP0009375,WH0006,PRD0143,2025-12-01,1918,451,180
INVSNP0009376,WH0006,PRD0143,2026-01-01,2149,451,180
INVSNP0009377,WH0006,PRD0143,2026-02-01,2238,451,180
INVSNP0009378,WH0006,PRD0143,2026-03-01,2076,451,180
INVSNP0009379,WH0006,PRD0143,2026-04-01,1417,451,180
INVSNP0009380,WH0006,PRD0143,2026-05-01,1877,451,180
INVSNP0009381,WH0006,PRD0143,2026-06-01,1423,451,180
INVSNP0009382,WH0006,PRD0143,2026-07-01,1371,451,180
INVSNP0009383,WH0006,PRD0143,2026-08-01,2088,451,180
INVSNP0009384,WH0006,PRD0143,2026-09-01,1817,451,180
INVSNP0009385,WH0006,PRD0135,2024-10-01,1602,449,179
INVSNP0009386,WH0006,PRD0135,2024-11-01,2182,449,179
INVSNP0009387,WH0006,PRD0135,2024-12-01,1832,449,179
INVSNP0009388,WH0006,PRD0135,2025-01-01,1984,449,179
INVSNP0009389,WH0006,PRD0135,2025-02-01,1824,449,179
INVSNP0009390,WH0006,PRD0135,2025-03-01,1963,449,179
INVSNP0009391,WH0006,PRD0135,2025-04-01,2577,449,179
INVSNP0009392,WH0006,PRD0135,2025-05-01,1685,449,179
INVSNP0009393,WH0006,PRD0135,2025-06-01,1960,449,179
INVSNP0009394,WH0006,PRD0135,2025-07-01,1925,449,179
INVSNP0009395,WH0006,PRD0135,2025-08-01,1744,449,179
INVSNP0009396,WH0006,PRD0135,2025-09-01,1971,449,179
INVSNP0009397,WH0006,PRD0135,2025-10-01,2021,449,179
INVSNP0009398,WH0006,PRD0135,2025-11-01,2164,449,179
INVSNP0009399,WH0006,PRD0135,2025-12-01,1694,449,179
INVSNP0009400,WH0006,PRD0135,2026-01-01,1262,449,179
INVSNP0009401,WH0006,PRD0135,2026-02-01,1864,449,179
INVSNP0009402,WH0006,PRD0135,2026-03-01,1430,449,179
INVSNP0009403,WH0006,PRD0135,2026-04-01,1975,449,179
INVSNP0009404,WH0006,PRD0135,2026-05-01,1585,449,179
INVSNP0009405,WH0006,PRD0135,2026-06-01,2746,449,179
INVSNP0009406,WH0006,PRD0135,2026-07-01,1397,449,179
INVSNP0009407,WH0006,PRD0135,2026-08-01,1880,449,179
INVSNP0009408,WH0006,PRD0135,2026-09-01,1975,449,179
INVSNP0009409,WH0006,PRD0015,2024-10-01,4285,972,389
INVSNP0009410,WH0006,PRD0015,2024-11-01,4400,972,389
INVSNP0009411,WH0006,PRD0015,2024-12-01,3595,972,389
INVSNP0009412,WH0006,PRD0015,2025-01-01,4097,972,389
INVSNP0009413,WH0006,PRD0015,2025-02-01,3256,972,389
INVSNP0009414,WH0006,PRD0015,2025-03-01,3506,972,389
INVSNP0009415,WH0006,PRD0015,2025-04-01,4222,972,389
INVSNP0009416,WH0006,PRD0015,2025-05-01,4193,972,389
INVSNP0009417,WH0006,PRD0015,2025-06-01,3731,972,389
INVSNP0009418,WH0006,PRD0015,2025-07-01,3779,972,389
INVSNP0009419,WH0006,PRD0015,2025-08-01,5136,972,389
INVSNP0009420,WH0006,PRD0015,2025-09-01,4285,972,389
INVSNP0009421,WH0006,PRD0015,2025-10-01,3519,972,389
INVSNP0009422,WH0006,PRD0015,2025-11-01,3203,972,389
INVSNP0009423,WH0006,PRD0015,2025-12-01,4754,972,389
INVSNP0009424,WH0006,PRD0015,2026-01-01,3669,972,389
INVSNP0009425,WH0006,PRD0015,2026-02-01,4310,972,389
INVSNP0009426,WH0006,PRD0015,2026-03-01,3692,972,389
INVSNP0009427,WH0006,PRD0015,2026-04-01,4644,972,389
INVSNP0009428,WH0006,PRD0015,2026-05-01,4646,972,389
INVSNP0009429,WH0006,PRD0015,2026-06-01,4316,972,389
INVSNP0009430,WH0006,PRD0015,2026-07-01,3911,972,389
INVSNP0009431,WH0006,PRD0015,2026-08-01,3115,972,389
INVSNP0009432,WH0006,PRD0015,2026-09-01,3566,972,389
INVSNP0009433,WH0006,PRD0058,2024-10-01,2516,752,301
INVSNP0009434,WH0006,PRD0058,2024-11-01,3173,752,301
INVSNP0009435,WH0006,PRD0058,2024-12-01,3320,752,301
INVSNP0009436,WH0006,PRD0058,2025-01-01,2922,752,301
INVSNP0009437,WH0006,PRD0058,2025-02-01,2329,752,301
INVSNP0009438,WH0006,PRD0058,2025-03-01,3627,752,301
INVSNP0009439,WH0006,PRD0058,2025-04-01,3148,752,301
INVSNP0009440,WH0006,PRD0058,2025-05-01,3545,752,301
INVSNP0009441,WH0006,PRD0058,2025-06-01,3120,752,301
INVSNP0009442,WH0006,PRD0058,2025-07-01,3054,752,301
INVSNP0009443,WH0006,PRD0058,2025-08-01,3018,752,301
INVSNP0009444,WH0006,PRD0058,2025-09-01,3064,752,301
INVSNP0009445,WH0006,PRD0058,2025-10-01,2386,752,301
INVSNP0009446,WH0006,PRD0058,2025-11-01,3516,752,301
INVSNP0009447,WH0006,PRD0058,2025-12-01,2954,752,301
INVSNP0009448,WH0006,PRD0058,2026-01-01,3113,752,301
INVSNP0009449,WH0006,PRD0058,2026-02-01,2731,752,301
INVSNP0009450,WH0006,PRD0058,2026-03-01,3201,752,301
INVSNP0009451,WH0006,PRD0058,2026-04-01,2771,752,301
INVSNP0009452,WH0006,PRD0058,2026-05-01,3869,752,301
INVSNP0009453,WH0006,PRD0058,2026-06-01,3357,752,301
INVSNP0009454,WH0006,PRD0058,2026-07-01,3590,752,301
INVSNP0009455,WH0006,PRD0058,2026-08-01,3339,752,301
INVSNP0009456,WH0006,PRD0058,2026-09-01,1618,752,301
INVSNP0009457,WH0006,PRD0073,2024-10-01,1460,473,189
INVSNP0009458,WH0006,PRD0073,2024-11-01,1756,473,189
INVSNP0009459,WH0006,PRD0073,2024-12-01,1580,473,189
INVSNP0009460,WH0006,PRD0073,2025-01-01,2083,473,189
INVSNP0009461,WH0006,PRD0073,2025-02-01,1843,473,189
INVSNP0009462,WH0006,PRD0073,2025-03-01,2050,473,189
INVSNP0009463,WH0006,PRD0073,2025-04-01,2099,473,189
INVSNP0009464,WH0006,PRD0073,2025-05-01,1895,473,189
INVSNP0009465,WH0006,PRD0073,2025-06-01,1804,473,189
INVSNP0009466,WH0006,PRD0073,2025-07-01,1829,473,189
INVSNP0009467,WH0006,PRD0073,2025-08-01,1644,473,189
INVSNP0009468,WH0006,PRD0073,2025-09-01,2637,473,189
INVSNP0009469,WH0006,PRD0073,2025-10-01,1865,473,189
INVSNP0009470,WH0006,PRD0073,2025-11-01,2239,473,189
INVSNP0009471,WH0006,PRD0073,2025-12-01,2199,473,189
INVSNP0009472,WH0006,PRD0073,2026-01-01,2401,473,189
INVSNP0009473,WH0006,PRD0073,2026-02-01,2043,473,189
INVSNP0009474,WH0006,PRD0073,2026-03-01,1738,473,189
INVSNP0009475,WH0006,PRD0073,2026-04-01,2062,473,189
INVSNP0009476,WH0006,PRD0073,2026-05-01,2058,473,189
INVSNP0009477,WH0006,PRD0073,2026-06-01,1644,473,189
INVSNP0009478,WH0006,PRD0073,2026-07-01,1817,473,189
INVSNP0009479,WH0006,PRD0073,2026-08-01,2103,473,189
INVSNP0009480,WH0006,PRD0073,2026-09-01,1911,473,189
INVSNP0009481,WH0006,PRD0128,2024-10-01,4007,902,361
INVSNP0009482,WH0006,PRD0128,2024-11-01,4505,902,361
INVSNP0009483,WH0006,PRD0128,2024-12-01,2764,902,361
INVSNP0009484,WH0006,PRD0128,2025-01-01,3991,902,361
INVSNP0009485,WH0006,PRD0128,2025-02-01,4104,902,361
INVSNP0009486,WH0006,PRD0128,2025-03-01,3773,902,361
INVSNP0009487,WH0006,PRD0128,2025-04-01,3774,902,361
INVSNP0009488,WH0006,PRD0128,2025-05-01,3574,902,361
INVSNP0009489,WH0006,PRD0128,2025-06-01,4139,902,361
INVSNP0009490,WH0006,PRD0128,2025-07-01,3873,902,361
INVSNP0009491,WH0006,PRD0128,2025-08-01,3784,902,361
INVSNP0009492,WH0006,PRD0128,2025-09-01,3697,902,361
INVSNP0009493,WH0006,PRD0128,2025-10-01,3124,902,361
INVSNP0009494,WH0006,PRD0128,2025-11-01,2730,902,361
INVSNP0009495,WH0006,PRD0128,2025-12-01,4462,902,361
INVSNP0009496,WH0006,PRD0128,2026-01-01,3820,902,361
INVSNP0009497,WH0006,PRD0128,2026-02-01,2984,902,361
INVSNP0009498,WH0006,PRD0128,2026-03-01,3088,902,361
INVSNP0009499,WH0006,PRD0128,2026-04-01,4170,902,361
INVSNP0009500,WH0006,PRD0128,2026-05-01,4173,902,361
INVSNP0009501,WH0006,PRD0128,2026-06-01,4256,902,361
INVSNP0009502,WH0006,PRD0128,2026-07-01,4625,902,361
INVSNP0009503,WH0006,PRD0128,2026-08-01,3538,902,361
INVSNP0009504,WH0006,PRD0128,2026-09-01,3464,902,361
INVSNP0009505,WH0006,PRD0089,2024-10-01,4364,845,338
INVSNP0009506,WH0006,PRD0089,2024-11-01,3418,845,338
INVSNP0009507,WH0006,PRD0089,2024-12-01,3420,845,338
INVSNP0009508,WH0006,PRD0089,2025-01-01,3150,845,338
INVSNP0009509,WH0006,PRD0089,2025-02-01,3362,845,338
INVSNP0009510,WH0006,PRD0089,2025-03-01,3913,845,338
INVSNP0009511,WH0006,PRD0089,2025-04-01,3058,845,338
INVSNP0009512,WH0006,PRD0089,2025-05-01,3556,845,338
INVSNP0009513,WH0006,PRD0089,2025-06-01,2558,845,338
INVSNP0009514,WH0006,PRD0089,2025-07-01,3354,845,338
INVSNP0009515,WH0006,PRD0089,2025-08-01,3513,845,338
INVSNP0009516,WH0006,PRD0089,2025-09-01,2579,845,338
INVSNP0009517,WH0006,PRD0089,2025-10-01,3403,845,338
INVSNP0009518,WH0006,PRD0089,2025-11-01,3522,845,338
INVSNP0009519,WH0006,PRD0089,2025-12-01,3160,845,338
INVSNP0009520,WH0006,PRD0089,2026-01-01,2782,845,338
INVSNP0009521,WH0006,PRD0089,2026-02-01,4030,845,338
INVSNP0009522,WH0006,PRD0089,2026-03-01,3501,845,338
INVSNP0009523,WH0006,PRD0089,2026-04-01,3539,845,338
INVSNP0009524,WH0006,PRD0089,2026-05-01,3617,845,338
INVSNP0009525,WH0006,PRD0089,2026-06-01,3386,845,338
INVSNP0009526,WH0006,PRD0089,2026-07-01,2551,845,338
INVSNP0009527,WH0006,PRD0089,2026-08-01,3127,845,338
INVSNP0009528,WH0006,PRD0089,2026-09-01,2912,845,338
INVSNP0009529,WH0006,PRD0093,2024-10-01,2057,552,221
INVSNP0009530,WH0006,PRD0093,2024-11-01,2358,552,221
INVSNP0009531,WH0006,PRD0093,2024-12-01,2435,552,221
INVSNP0009532,WH0006,PRD0093,2025-01-01,2222,552,221
INVSNP0009533,WH0006,PRD0093,2025-02-01,2222,552,221
INVSNP0009534,WH0006,PRD0093,2025-03-01,1883,552,221
INVSNP0009535,WH0006,PRD0093,2025-04-01,1914,552,221
INVSNP0009536,WH0006,PRD0093,2025-05-01,2453,552,221
INVSNP0009537,WH0006,PRD0093,2025-06-01,2146,552,221
INVSNP0009538,WH0006,PRD0093,2025-07-01,2257,552,221
INVSNP0009539,WH0006,PRD0093,2025-08-01,1566,552,221
INVSNP0009540,WH0006,PRD0093,2025-09-01,1886,552,221
INVSNP0009541,WH0006,PRD0093,2025-10-01,1890,552,221
INVSNP0009542,WH0006,PRD0093,2025-11-01,2305,552,221
INVSNP0009543,WH0006,PRD0093,2025-12-01,2279,552,221
INVSNP0009544,WH0006,PRD0093,2026-01-01,2405,552,221
INVSNP0009545,WH0006,PRD0093,2026-02-01,2450,552,221
INVSNP0009546,WH0006,PRD0093,2026-03-01,1714,552,221
INVSNP0009547,WH0006,PRD0093,2026-04-01,2959,552,221
INVSNP0009548,WH0006,PRD0093,2026-05-01,2007,552,221
INVSNP0009549,WH0006,PRD0093,2026-06-01,2560,552,221
INVSNP0009550,WH0006,PRD0093,2026-07-01,2397,552,221
INVSNP0009551,WH0006,PRD0093,2026-08-01,2129,552,221
INVSNP0009552,WH0006,PRD0093,2026-09-01,2658,552,221
INVSNP0009553,WH0006,PRD0008,2024-10-01,4537,1115,446
INVSNP0009554,WH0006,PRD0008,2024-11-01,5009,1115,446
INVSNP0009555,WH0006,PRD0008,2024-12-01,4267,1115,446
INVSNP0009556,WH0006,PRD0008,2025-01-01,4136,1115,446
INVSNP0009557,WH0006,PRD0008,2025-02-01,4229,1115,446
INVSNP0009558,WH0006,PRD0008,2025-03-01,4892,1115,446
INVSNP0009559,WH0006,PRD0008,2025-04-01,4370,1115,446
INVSNP0009560,WH0006,PRD0008,2025-05-01,5039,1115,446
INVSNP0009561,WH0006,PRD0008,2025-06-01,4952,1115,446
INVSNP0009562,WH0006,PRD0008,2025-07-01,4357,1115,446
INVSNP0009563,WH0006,PRD0008,2025-08-01,4713,1115,446
INVSNP0009564,WH0006,PRD0008,2025-09-01,4791,1115,446
INVSNP0009565,WH0006,PRD0008,2025-10-01,4985,1115,446
INVSNP0009566,WH0006,PRD0008,2025-11-01,4138,1115,446
INVSNP0009567,WH0006,PRD0008,2025-12-01,3731,1115,446
INVSNP0009568,WH0006,PRD0008,2026-01-01,4297,1115,446
INVSNP0009569,WH0006,PRD0008,2026-02-01,4298,1115,446
INVSNP0009570,WH0006,PRD0008,2026-03-01,4617,1115,446
INVSNP0009571,WH0006,PRD0008,2026-04-01,3924,1115,446
INVSNP0009572,WH0006,PRD0008,2026-05-01,4502,1115,446
INVSNP0009573,WH0006,PRD0008,2026-06-01,4058,1115,446
INVSNP0009574,WH0006,PRD0008,2026-07-01,4130,1115,446
INVSNP0009575,WH0006,PRD0008,2026-08-01,3717,1115,446
INVSNP0009576,WH0006,PRD0008,2026-09-01,2600,1115,446
INVSNP0009577,WH0006,PRD0083,2024-10-01,2757,852,340
INVSNP0009578,WH0006,PRD0083,2024-11-01,3308,852,340
INVSNP0009579,WH0006,PRD0083,2024-12-01,2607,852,340
INVSNP0009580,WH0006,PRD0083,2025-01-01,3115,852,340
INVSNP0009581,WH0006,PRD0083,2025-02-01,3373,852,340
INVSNP0009582,WH0006,PRD0083,2025-03-01,3143,852,340
INVSNP0009583,WH0006,PRD0083,2025-04-01,3543,852,340
INVSNP0009584,WH0006,PRD0083,2025-05-01,2771,852,340
INVSNP0009585,WH0006,PRD0083,2025-06-01,3401,852,340
INVSNP0009586,WH0006,PRD0083,2025-07-01,2863,852,340
INVSNP0009587,WH0006,PRD0083,2025-08-01,2750,852,340
INVSNP0009588,WH0006,PRD0083,2025-09-01,2910,852,340
INVSNP0009589,WH0006,PRD0083,2025-10-01,3853,852,340
INVSNP0009590,WH0006,PRD0083,2025-11-01,2953,852,340
INVSNP0009591,WH0006,PRD0083,2025-12-01,3361,852,340
INVSNP0009592,WH0006,PRD0083,2026-01-01,4011,852,340
INVSNP0009593,WH0006,PRD0083,2026-02-01,3197,852,340
INVSNP0009594,WH0006,PRD0083,2026-03-01,3206,852,340
INVSNP0009595,WH0006,PRD0083,2026-04-01,3643,852,340
INVSNP0009596,WH0006,PRD0083,2026-05-01,3612,852,340
INVSNP0009597,WH0006,PRD0083,2026-06-01,2486,852,340
INVSNP0009598,WH0006,PRD0083,2026-07-01,4129,852,340
INVSNP0009599,WH0006,PRD0083,2026-08-01,3414,852,340
INVSNP0009600,WH0006,PRD0083,2026-09-01,3007,852,340
INVSNP0009601,WH0006,PRD0025,2024-10-01,821,240,96
INVSNP0009602,WH0006,PRD0025,2024-11-01,1126,240,96
INVSNP0009603,WH0006,PRD0025,2024-12-01,957,240,96
INVSNP0009604,WH0006,PRD0025,2025-01-01,866,240,96
INVSNP0009605,WH0006,PRD0025,2025-02-01,1103,240,96
INVSNP0009606,WH0006,PRD0025,2025-03-01,819,240,96
INVSNP0009607,WH0006,PRD0025,2025-04-01,985,240,96
INVSNP0009608,WH0006,PRD0025,2025-05-01,1031,240,96
INVSNP0009609,WH0006,PRD0025,2025-06-01,1087,240,96
INVSNP0009610,WH0006,PRD0025,2025-07-01,1061,240,96
INVSNP0009611,WH0006,PRD0025,2025-08-01,932,240,96
INVSNP0009612,WH0006,PRD0025,2025-09-01,917,240,96
INVSNP0009613,WH0006,PRD0025,2025-10-01,786,240,96
INVSNP0009614,WH0006,PRD0025,2025-11-01,1167,240,96
INVSNP0009615,WH0006,PRD0025,2025-12-01,1086,240,96
INVSNP0009616,WH0006,PRD0025,2026-01-01,762,240,96
INVSNP0009617,WH0006,PRD0025,2026-02-01,1075,240,96
INVSNP0009618,WH0006,PRD0025,2026-03-01,1069,240,96
INVSNP0009619,WH0006,PRD0025,2026-04-01,986,240,96
INVSNP0009620,WH0006,PRD0025,2026-05-01,910,240,96
INVSNP0009621,WH0006,PRD0025,2026-06-01,749,240,96
INVSNP0009622,WH0006,PRD0025,2026-07-01,998,240,96
INVSNP0009623,WH0006,PRD0025,2026-08-01,1216,240,96
INVSNP0009624,WH0006,PRD0025,2026-09-01,959,240,96
INVSNP0009625,WH0006,PRD0034,2024-10-01,463,114,45
INVSNP0009626,WH0006,PRD0034,2024-11-01,401,114,45
INVSNP0009627,WH0006,PRD0034,2024-12-01,482,114,45
INVSNP0009628,WH0006,PRD0034,2025-01-01,472,114,45
INVSNP0009629,WH0006,PRD0034,2025-02-01,528,114,45
INVSNP0009630,WH0006,PRD0034,2025-03-01,414,114,45
INVSNP0009631,WH0006,PRD0034,2025-04-01,336,114,45
INVSNP0009632,WH0006,PRD0034,2025-05-01,401,114,45
INVSNP0009633,WH0006,PRD0034,2025-06-01,464,114,45
INVSNP0009634,WH0006,PRD0034,2025-07-01,479,114,45
INVSNP0009635,WH0006,PRD0034,2025-08-01,508,114,45
INVSNP0009636,WH0006,PRD0034,2025-09-01,355,114,45
INVSNP0009637,WH0006,PRD0034,2025-10-01,488,114,45
INVSNP0009638,WH0006,PRD0034,2025-11-01,448,114,45
INVSNP0009639,WH0006,PRD0034,2025-12-01,521,114,45
INVSNP0009640,WH0006,PRD0034,2026-01-01,390,114,45
INVSNP0009641,WH0006,PRD0034,2026-02-01,458,114,45
INVSNP0009642,WH0006,PRD0034,2026-03-01,459,114,45
INVSNP0009643,WH0006,PRD0034,2026-04-01,337,114,45
INVSNP0009644,WH0006,PRD0034,2026-05-01,539,114,45
INVSNP0009645,WH0006,PRD0034,2026-06-01,451,114,45
INVSNP0009646,WH0006,PRD0034,2026-07-01,450,114,45
INVSNP0009647,WH0006,PRD0034,2026-08-01,252,114,45
INVSNP0009648,WH0006,PRD0034,2026-09-01,505,114,45
INVSNP0009649,WH0006,PRD0053,2024-10-01,2511,615,246
INVSNP0009650,WH0006,PRD0053,2024-11-01,2706,615,246
INVSNP0009651,WH0006,PRD0053,2024-12-01,2076,615,246
INVSNP0009652,WH0006,PRD0053,2025-01-01,2798,615,246
INVSNP0009653,WH0006,PRD0053,2025-02-01,2156,615,246
INVSNP0009654,WH0006,PRD0053,2025-03-01,2643,615,246
INVSNP0009655,WH0006,PRD0053,2025-04-01,2539,615,246
INVSNP0009656,WH0006,PRD0053,2025-05-01,2474,615,246
INVSNP0009657,WH0006,PRD0053,2025-06-01,2628,615,246
INVSNP0009658,WH0006,PRD0053,2025-07-01,1477,615,246
INVSNP0009659,WH0006,PRD0053,2025-08-01,1634,615,246
INVSNP0009660,WH0006,PRD0053,2025-09-01,2851,615,246
INVSNP0009661,WH0006,PRD0053,2025-10-01,2251,615,246
INVSNP0009662,WH0006,PRD0053,2025-11-01,2424,615,246
INVSNP0009663,WH0006,PRD0053,2025-12-01,2674,615,246
INVSNP0009664,WH0006,PRD0053,2026-01-01,2596,615,246
INVSNP0009665,WH0006,PRD0053,2026-02-01,2284,615,246
INVSNP0009666,WH0006,PRD0053,2026-03-01,2495,615,246
INVSNP0009667,WH0006,PRD0053,2026-04-01,2444,615,246
INVSNP0009668,WH0006,PRD0053,2026-05-01,3420,615,246
INVSNP0009669,WH0006,PRD0053,2026-06-01,2492,615,246
INVSNP0009670,WH0006,PRD0053,2026-07-01,2560,615,246
INVSNP0009671,WH0006,PRD0053,2026-08-01,2959,615,246
INVSNP0009672,WH0006,PRD0053,2026-09-01,2307,615,246
INVSNP0009673,WH0006,PRD0057,2024-10-01,1588,416,166
INVSNP0009674,WH0006,PRD0057,2024-11-01,1975,416,166
INVSNP0009675,WH0006,PRD0057,2024-12-01,1887,416,166
INVSNP0009676,WH0006,PRD0057,2025-01-01,1628,416,166
INVSNP0009677,WH0006,PRD0057,2025-02-01,1483,416,166
INVSNP0009678,WH0006,PRD0057,2025-03-01,1954,416,166
INVSNP0009679,WH0006,PRD0057,2025-04-01,1660,416,166
INVSNP0009680,WH0006,PRD0057,2025-05-01,1299,416,166
INVSNP0009681,WH0006,PRD0057,2025-06-01,1557,416,166
INVSNP0009682,WH0006,PRD0057,2025-07-01,1492,416,166
INVSNP0009683,WH0006,PRD0057,2025-08-01,1616,416,166
INVSNP0009684,WH0006,PRD0057,2025-09-01,1806,416,166
INVSNP0009685,WH0006,PRD0057,2025-10-01,1544,416,166
INVSNP0009686,WH0006,PRD0057,2025-11-01,1638,416,166
INVSNP0009687,WH0006,PRD0057,2025-12-01,1776,416,166
INVSNP0009688,WH0006,PRD0057,2026-01-01,2136,416,166
INVSNP0009689,WH0006,PRD0057,2026-02-01,1741,416,166
INVSNP0009690,WH0006,PRD0057,2026-03-01,1757,416,166
INVSNP0009691,WH0006,PRD0057,2026-04-01,1703,416,166
INVSNP0009692,WH0006,PRD0057,2026-05-01,1755,416,166
INVSNP0009693,WH0006,PRD0057,2026-06-01,1616,416,166
INVSNP0009694,WH0006,PRD0057,2026-07-01,1908,416,166
INVSNP0009695,WH0006,PRD0057,2026-08-01,1566,416,166
INVSNP0009696,WH0006,PRD0057,2026-09-01,1571,416,166
INVSNP0009697,WH0006,PRD0014,2024-10-01,4462,1070,428
INVSNP0009698,WH0006,PRD0014,2024-11-01,5227,1070,428
INVSNP0009699,WH0006,PRD0014,2024-12-01,4651,1070,428
INVSNP0009700,WH0006,PRD0014,2025-01-01,3947,1070,428
INVSNP0009701,WH0006,PRD0014,2025-02-01,4088,1070,428
INVSNP0009702,WH0006,PRD0014,2025-03-01,5765,1070,428
INVSNP0009703,WH0006,PRD0014,2025-04-01,3996,1070,428
INVSNP0009704,WH0006,PRD0014,2025-05-01,4424,1070,428
INVSNP0009705,WH0006,PRD0014,2025-06-01,4687,1070,428
INVSNP0009706,WH0006,PRD0014,2025-07-01,4431,1070,428
INVSNP0009707,WH0006,PRD0014,2025-08-01,4486,1070,428
INVSNP0009708,WH0006,PRD0014,2025-09-01,4473,1070,428
INVSNP0009709,WH0006,PRD0014,2025-10-01,4612,1070,428
INVSNP0009710,WH0006,PRD0014,2025-11-01,3904,1070,428
INVSNP0009711,WH0006,PRD0014,2025-12-01,5125,1070,428
INVSNP0009712,WH0006,PRD0014,2026-01-01,4129,1070,428
INVSNP0009713,WH0006,PRD0014,2026-02-01,4264,1070,428
INVSNP0009714,WH0006,PRD0014,2026-03-01,4303,1070,428
INVSNP0009715,WH0006,PRD0014,2026-04-01,4063,1070,428
INVSNP0009716,WH0006,PRD0014,2026-05-01,3918,1070,428
INVSNP0009717,WH0006,PRD0014,2026-06-01,3247,1070,428
INVSNP0009718,WH0006,PRD0014,2026-07-01,5399,1070,428
INVSNP0009719,WH0006,PRD0014,2026-08-01,3378,1070,428
INVSNP0009720,WH0006,PRD0014,2026-09-01,5115,1070,428
INVSNP0009721,WH0006,PRD0097,2024-10-01,981,231,92
INVSNP0009722,WH0006,PRD0097,2024-11-01,942,231,92
INVSNP0009723,WH0006,PRD0097,2024-12-01,769,231,92
INVSNP0009724,WH0006,PRD0097,2025-01-01,773,231,92
INVSNP0009725,WH0006,PRD0097,2025-02-01,725,231,92
INVSNP0009726,WH0006,PRD0097,2025-03-01,906,231,92
INVSNP0009727,WH0006,PRD0097,2025-04-01,932,231,92
INVSNP0009728,WH0006,PRD0097,2025-05-01,771,231,92
INVSNP0009729,WH0006,PRD0097,2025-06-01,846,231,92
INVSNP0009730,WH0006,PRD0097,2025-07-01,749,231,92
INVSNP0009731,WH0006,PRD0097,2025-08-01,871,231,92
INVSNP0009732,WH0006,PRD0097,2025-09-01,1040,231,92
INVSNP0009733,WH0006,PRD0097,2025-10-01,917,231,92
INVSNP0009734,WH0006,PRD0097,2025-11-01,895,231,92
INVSNP0009735,WH0006,PRD0097,2025-12-01,894,231,92
INVSNP0009736,WH0006,PRD0097,2026-01-01,968,231,92
INVSNP0009737,WH0006,PRD0097,2026-02-01,686,231,92
INVSNP0009738,WH0006,PRD0097,2026-03-01,810,231,92
INVSNP0009739,WH0006,PRD0097,2026-04-01,959,231,92
INVSNP0009740,WH0006,PRD0097,2026-05-01,831,231,92
INVSNP0009741,WH0006,PRD0097,2026-06-01,779,231,92
INVSNP0009742,WH0006,PRD0097,2026-07-01,712,231,92
INVSNP0009743,WH0006,PRD0097,2026-08-01,804,231,92
INVSNP0009744,WH0006,PRD0097,2026-09-01,1194,231,92
INVSNP0009745,WH0006,PRD0011,2024-10-01,3943,1089,435
INVSNP0009746,WH0006,PRD0011,2024-11-01,3479,1089,435
INVSNP0009747,WH0006,PRD0011,2024-12-01,4179,1089,435
INVSNP0009748,WH0006,PRD0011,2025-01-01,3925,1089,435
INVSNP0009749,WH0006,PRD0011,2025-02-01,4826,1089,435
INVSNP0009750,WH0006,PRD0011,2025-03-01,4238,1089,435
INVSNP0009751,WH0006,PRD0011,2025-04-01,4722,1089,435
INVSNP0009752,WH0006,PRD0011,2025-05-01,4176,1089,435
INVSNP0009753,WH0006,PRD0011,2025-06-01,4578,1089,435
INVSNP0009754,WH0006,PRD0011,2025-07-01,3901,1089,435
INVSNP0009755,WH0006,PRD0011,2025-08-01,4421,1089,435
INVSNP0009756,WH0006,PRD0011,2025-09-01,3607,1089,435
INVSNP0009757,WH0006,PRD0011,2025-10-01,4102,1089,435
INVSNP0009758,WH0006,PRD0011,2025-11-01,3896,1089,435
INVSNP0009759,WH0006,PRD0011,2025-12-01,4505,1089,435
INVSNP0009760,WH0006,PRD0011,2026-01-01,3872,1089,435
INVSNP0009761,WH0006,PRD0011,2026-02-01,3528,1089,435
INVSNP0009762,WH0006,PRD0011,2026-03-01,4204,1089,435
INVSNP0009763,WH0006,PRD0011,2026-04-01,4820,1089,435
INVSNP0009764,WH0006,PRD0011,2026-05-01,4084,1089,435
INVSNP0009765,WH0006,PRD0011,2026-06-01,5449,1089,435
INVSNP0009766,WH0006,PRD0011,2026-07-01,4572,1089,435
INVSNP0009767,WH0006,PRD0011,2026-08-01,3738,1089,435
INVSNP0009768,WH0006,PRD0011,2026-09-01,4413,1089,435
INVSNP0009769,WH0006,PRD0150,2024-10-01,1974,494,197
INVSNP0009770,WH0006,PRD0150,2024-11-01,2348,494,197
INVSNP0009771,WH0006,PRD0150,2024-12-01,1687,494,197
INVSNP0009772,WH0006,PRD0150,2025-01-01,1668,494,197
INVSNP0009773,WH0006,PRD0150,2025-02-01,1716,494,197
INVSNP0009774,WH0006,PRD0150,2025-03-01,1884,494,197
INVSNP0009775,WH0006,PRD0150,2025-04-01,1541,494,197
INVSNP0009776,WH0006,PRD0150,2025-05-01,1951,494,197
INVSNP0009777,WH0006,PRD0150,2025-06-01,2145,494,197
INVSNP0009778,WH0006,PRD0150,2025-07-01,2267,494,197
INVSNP0009779,WH0006,PRD0150,2025-08-01,2260,494,197
INVSNP0009780,WH0006,PRD0150,2025-09-01,1908,494,197
INVSNP0009781,WH0006,PRD0150,2025-10-01,2248,494,197
INVSNP0009782,WH0006,PRD0150,2025-11-01,2310,494,197
INVSNP0009783,WH0006,PRD0150,2025-12-01,1958,494,197
INVSNP0009784,WH0006,PRD0150,2026-01-01,2199,494,197
INVSNP0009785,WH0006,PRD0150,2026-02-01,1931,494,197
INVSNP0009786,WH0006,PRD0150,2026-03-01,2443,494,197
INVSNP0009787,WH0006,PRD0150,2026-04-01,1514,494,197
INVSNP0009788,WH0006,PRD0150,2026-05-01,2111,494,197
INVSNP0009789,WH0006,PRD0150,2026-06-01,1997,494,197
INVSNP0009790,WH0006,PRD0150,2026-07-01,2095,494,197
INVSNP0009791,WH0006,PRD0150,2026-08-01,2544,494,197
INVSNP0009792,WH0006,PRD0150,2026-09-01,1648,494,197
INVSNP0009793,WH0006,PRD0085,2024-10-01,3507,764,305
INVSNP0009794,WH0006,PRD0085,2024-11-01,3220,764,305
INVSNP0009795,WH0006,PRD0085,2024-12-01,2594,764,305
INVSNP0009796,WH0006,PRD0085,2025-01-01,3086,764,305
INVSNP0009797,WH0006,PRD0085,2025-02-01,3391,764,305
INVSNP0009798,WH0006,PRD0085,2025-03-01,3620,764,305
INVSNP0009799,WH0006,PRD0085,2025-04-01,2963,764,305
INVSNP0009800,WH0006,PRD0085,2025-05-01,3429,764,305
INVSNP0009801,WH0006,PRD0085,2025-06-01,3508,764,305
INVSNP0009802,WH0006,PRD0085,2025-07-01,2429,764,305
INVSNP0009803,WH0006,PRD0085,2025-08-01,3484,764,305
INVSNP0009804,WH0006,PRD0085,2025-09-01,3226,764,305
INVSNP0009805,WH0006,PRD0085,2025-10-01,2467,764,305
INVSNP0009806,WH0006,PRD0085,2025-11-01,2932,764,305
INVSNP0009807,WH0006,PRD0085,2025-12-01,2606,764,305
INVSNP0009808,WH0006,PRD0085,2026-01-01,3059,764,305
INVSNP0009809,WH0006,PRD0085,2026-02-01,2480,764,305
INVSNP0009810,WH0006,PRD0085,2026-03-01,3413,764,305
INVSNP0009811,WH0006,PRD0085,2026-04-01,2191,764,305
INVSNP0009812,WH0006,PRD0085,2026-05-01,2966,764,305
INVSNP0009813,WH0006,PRD0085,2026-06-01,2674,764,305
INVSNP0009814,WH0006,PRD0085,2026-07-01,2367,764,305
INVSNP0009815,WH0006,PRD0085,2026-08-01,2459,764,305
INVSNP0009816,WH0006,PRD0085,2026-09-01,3418,764,305
INVSNP0009817,WH0006,PRD0139,2024-10-01,2784,801,320
INVSNP0009818,WH0006,PRD0139,2024-11-01,3138,801,320
INVSNP0009819,WH0006,PRD0139,2024-12-01,3684,801,320
INVSNP0009820,WH0006,PRD0139,2025-01-01,3208,801,320
INVSNP0009821,WH0006,PRD0139,2025-02-01,2604,801,320
INVSNP0009822,WH0006,PRD0139,2025-03-01,3242,801,320
INVSNP0009823,WH0006,PRD0139,2025-04-01,3825,801,320
INVSNP0009824,WH0006,PRD0139,2025-05-01,3116,801,320
INVSNP0009825,WH0006,PRD0139,2025-06-01,3529,801,320
INVSNP0009826,WH0006,PRD0139,2025-07-01,2944,801,320
INVSNP0009827,WH0006,PRD0139,2025-08-01,3375,801,320
INVSNP0009828,WH0006,PRD0139,2025-09-01,2665,801,320
INVSNP0009829,WH0006,PRD0139,2025-10-01,4216,801,320
INVSNP0009830,WH0006,PRD0139,2025-11-01,4308,801,320
INVSNP0009831,WH0006,PRD0139,2025-12-01,3729,801,320
INVSNP0009832,WH0006,PRD0139,2026-01-01,2334,801,320
INVSNP0009833,WH0006,PRD0139,2026-02-01,3460,801,320
INVSNP0009834,WH0006,PRD0139,2026-03-01,3409,801,320
INVSNP0009835,WH0006,PRD0139,2026-04-01,2959,801,320
INVSNP0009836,WH0006,PRD0139,2026-05-01,2964,801,320
INVSNP0009837,WH0006,PRD0139,2026-06-01,3643,801,320
INVSNP0009838,WH0006,PRD0139,2026-07-01,3317,801,320
INVSNP0009839,WH0006,PRD0139,2026-08-01,4222,801,320
INVSNP0009840,WH0006,PRD0139,2026-09-01,3630,801,320
INVSNP0009841,WH0006,PRD0016,2024-10-01,587,203,81
INVSNP0009842,WH0006,PRD0016,2024-11-01,721,203,81
INVSNP0009843,WH0006,PRD0016,2024-12-01,847,203,81
INVSNP0009844,WH0006,PRD0016,2025-01-01,858,203,81
INVSNP0009845,WH0006,PRD0016,2025-02-01,885,203,81
INVSNP0009846,WH0006,PRD0016,2025-03-01,757,203,81
INVSNP0009847,WH0006,PRD0016,2025-04-01,956,203,81
INVSNP0009848,WH0006,PRD0016,2025-05-01,568,203,81
INVSNP0009849,WH0006,PRD0016,2025-06-01,791,203,81
INVSNP0009850,WH0006,PRD0016,2025-07-01,610,203,81
INVSNP0009851,WH0006,PRD0016,2025-08-01,819,203,81
INVSNP0009852,WH0006,PRD0016,2025-09-01,830,203,81
INVSNP0009853,WH0006,PRD0016,2025-10-01,943,203,81
INVSNP0009854,WH0006,PRD0016,2025-11-01,693,203,81
INVSNP0009855,WH0006,PRD0016,2025-12-01,736,203,81
INVSNP0009856,WH0006,PRD0016,2026-01-01,745,203,81
INVSNP0009857,WH0006,PRD0016,2026-02-01,829,203,81
INVSNP0009858,WH0006,PRD0016,2026-03-01,857,203,81
INVSNP0009859,WH0006,PRD0016,2026-04-01,813,203,81
INVSNP0009860,WH0006,PRD0016,2026-05-01,731,203,81
INVSNP0009861,WH0006,PRD0016,2026-06-01,889,203,81
INVSNP0009862,WH0006,PRD0016,2026-07-01,700,203,81
INVSNP0009863,WH0006,PRD0016,2026-08-01,616,203,81
INVSNP0009864,WH0006,PRD0016,2026-09-01,762,203,81
INVSNP0009865,WH0006,PRD0036,2024-10-01,463,127,50
INVSNP0009866,WH0006,PRD0036,2024-11-01,533,127,50
INVSNP0009867,WH0006,PRD0036,2024-12-01,470,127,50
INVSNP0009868,WH0006,PRD0036,2025-01-01,526,127,50
INVSNP0009869,WH0006,PRD0036,2025-02-01,581,127,50
INVSNP0009870,WH0006,PRD0036,2025-03-01,569,127,50
INVSNP0009871,WH0006,PRD0036,2025-04-01,658,127,50
INVSNP0009872,WH0006,PRD0036,2025-05-01,417,127,50
INVSNP0009873,WH0006,PRD0036,2025-06-01,548,127,50
INVSNP0009874,WH0006,PRD0036,2025-07-01,598,127,50
INVSNP0009875,WH0006,PRD0036,2025-08-01,632,127,50
INVSNP0009876,WH0006,PRD0036,2025-09-01,535,127,50
INVSNP0009877,WH0006,PRD0036,2025-10-01,450,127,50
INVSNP0009878,WH0006,PRD0036,2025-11-01,467,127,50
INVSNP0009879,WH0006,PRD0036,2025-12-01,592,127,50
INVSNP0009880,WH0006,PRD0036,2026-01-01,372,127,50
INVSNP0009881,WH0006,PRD0036,2026-02-01,462,127,50
INVSNP0009882,WH0006,PRD0036,2026-03-01,512,127,50
INVSNP0009883,WH0006,PRD0036,2026-04-01,603,127,50
INVSNP0009884,WH0006,PRD0036,2026-05-01,447,127,50
INVSNP0009885,WH0006,PRD0036,2026-06-01,556,127,50
INVSNP0009886,WH0006,PRD0036,2026-07-01,595,127,50
INVSNP0009887,WH0006,PRD0036,2026-08-01,500,127,50
INVSNP0009888,WH0006,PRD0036,2026-09-01,621,127,50
INVSNP0009889,WH0007,PRD0088,2024-10-01,1800,413,165
INVSNP0009890,WH0007,PRD0088,2024-11-01,1900,413,165
INVSNP0009891,WH0007,PRD0088,2024-12-01,1975,413,165
INVSNP0009892,WH0007,PRD0088,2025-01-01,1566,413,165
INVSNP0009893,WH0007,PRD0088,2025-02-01,1902,413,165
INVSNP0009894,WH0007,PRD0088,2025-03-01,1680,413,165
INVSNP0009895,WH0007,PRD0088,2025-04-01,1809,413,165
INVSNP0009896,WH0007,PRD0088,2025-05-01,1668,413,165
INVSNP0009897,WH0007,PRD0088,2025-06-01,1867,413,165
INVSNP0009898,WH0007,PRD0088,2025-07-01,2063,413,165
INVSNP0009899,WH0007,PRD0088,2025-08-01,1330,413,165
INVSNP0009900,WH0007,PRD0088,2025-09-01,1468,413,165
INVSNP0009901,WH0007,PRD0088,2025-10-01,1528,413,165
INVSNP0009902,WH0007,PRD0088,2025-11-01,1371,413,165
INVSNP0009903,WH0007,PRD0088,2025-12-01,1563,413,165
INVSNP0009904,WH0007,PRD0088,2026-01-01,1615,413,165
INVSNP0009905,WH0007,PRD0088,2026-02-01,1438,413,165
INVSNP0009906,WH0007,PRD0088,2026-03-01,1779,413,165
INVSNP0009907,WH0007,PRD0088,2026-04-01,1138,413,165
INVSNP0009908,WH0007,PRD0088,2026-05-01,1631,413,165
INVSNP0009909,WH0007,PRD0088,2026-06-01,1645,413,165
INVSNP0009910,WH0007,PRD0088,2026-07-01,1673,413,165
INVSNP0009911,WH0007,PRD0088,2026-08-01,1433,413,165
INVSNP0009912,WH0007,PRD0088,2026-09-01,1494,413,165
INVSNP0009913,WH0007,PRD0008,2024-10-01,1487,378,151
INVSNP0009914,WH0007,PRD0008,2024-11-01,1354,378,151
INVSNP0009915,WH0007,PRD0008,2024-12-01,1675,378,151
INVSNP0009916,WH0007,PRD0008,2025-01-01,1813,378,151
INVSNP0009917,WH0007,PRD0008,2025-02-01,1303,378,151
INVSNP0009918,WH0007,PRD0008,2025-03-01,1330,378,151
INVSNP0009919,WH0007,PRD0008,2025-04-01,1658,378,151
INVSNP0009920,WH0007,PRD0008,2025-05-01,1097,378,151
INVSNP0009921,WH0007,PRD0008,2025-06-01,1521,378,151
INVSNP0009922,WH0007,PRD0008,2025-07-01,1352,378,151
INVSNP0009923,WH0007,PRD0008,2025-08-01,1327,378,151
INVSNP0009924,WH0007,PRD0008,2025-09-01,1829,378,151
INVSNP0009925,WH0007,PRD0008,2025-10-01,1638,378,151
INVSNP0009926,WH0007,PRD0008,2025-11-01,1751,378,151
INVSNP0009927,WH0007,PRD0008,2025-12-01,864,378,151
INVSNP0009928,WH0007,PRD0008,2026-01-01,1616,378,151
INVSNP0009929,WH0007,PRD0008,2026-02-01,1746,378,151
INVSNP0009930,WH0007,PRD0008,2026-03-01,1792,378,151
INVSNP0009931,WH0007,PRD0008,2026-04-01,1746,378,151
INVSNP0009932,WH0007,PRD0008,2026-05-01,1747,378,151
INVSNP0009933,WH0007,PRD0008,2026-06-01,1560,378,151
INVSNP0009934,WH0007,PRD0008,2026-07-01,1458,378,151
INVSNP0009935,WH0007,PRD0008,2026-08-01,1720,378,151
INVSNP0009936,WH0007,PRD0008,2026-09-01,1225,378,151
INVSNP0009937,WH0007,PRD0061,2024-10-01,2629,1028,411
INVSNP0009938,WH0007,PRD0061,2024-11-01,4467,1028,411
INVSNP0009939,WH0007,PRD0061,2024-12-01,3347,1028,411
INVSNP0009940,WH0007,PRD0061,2025-01-01,4503,1028,411
INVSNP0009941,WH0007,PRD0061,2025-02-01,4379,1028,411
INVSNP0009942,WH0007,PRD0061,2025-03-01,4736,1028,411
INVSNP0009943,WH0007,PRD0061,2025-04-01,3516,1028,411
INVSNP0009944,WH0007,PRD0061,2025-05-01,3428,1028,411
INVSNP0009945,WH0007,PRD0061,2025-06-01,3785,1028,411
INVSNP0009946,WH0007,PRD0061,2025-07-01,4483,1028,411
INVSNP0009947,WH0007,PRD0061,2025-08-01,3794,1028,411
INVSNP0009948,WH0007,PRD0061,2025-09-01,3456,1028,411
INVSNP0009949,WH0007,PRD0061,2025-10-01,4365,1028,411
INVSNP0009950,WH0007,PRD0061,2025-11-01,4633,1028,411
INVSNP0009951,WH0007,PRD0061,2025-12-01,4155,1028,411
INVSNP0009952,WH0007,PRD0061,2026-01-01,3477,1028,411
INVSNP0009953,WH0007,PRD0061,2026-02-01,2643,1028,411
INVSNP0009954,WH0007,PRD0061,2026-03-01,3582,1028,411
INVSNP0009955,WH0007,PRD0061,2026-04-01,4804,1028,411
INVSNP0009956,WH0007,PRD0061,2026-05-01,4866,1028,411
INVSNP0009957,WH0007,PRD0061,2026-06-01,3342,1028,411
INVSNP0009958,WH0007,PRD0061,2026-07-01,4135,1028,411
INVSNP0009959,WH0007,PRD0061,2026-08-01,3890,1028,411
INVSNP0009960,WH0007,PRD0061,2026-09-01,3984,1028,411
INVSNP0009961,WH0007,PRD0123,2024-10-01,1697,422,168
INVSNP0009962,WH0007,PRD0123,2024-11-01,1945,422,168
INVSNP0009963,WH0007,PRD0123,2024-12-01,1728,422,168
INVSNP0009964,WH0007,PRD0123,2025-01-01,1722,422,168
INVSNP0009965,WH0007,PRD0123,2025-02-01,1866,422,168
INVSNP0009966,WH0007,PRD0123,2025-03-01,1704,422,168
INVSNP0009967,WH0007,PRD0123,2025-04-01,1481,422,168
INVSNP0009968,WH0007,PRD0123,2025-05-01,1798,422,168
INVSNP0009969,WH0007,PRD0123,2025-06-01,916,422,168
INVSNP0009970,WH0007,PRD0123,2025-07-01,1518,422,168
INVSNP0009971,WH0007,PRD0123,2025-08-01,1613,422,168
INVSNP0009972,WH0007,PRD0123,2025-09-01,1891,422,168
INVSNP0009973,WH0007,PRD0123,2025-10-01,1760,422,168
INVSNP0009974,WH0007,PRD0123,2025-11-01,2472,422,168
INVSNP0009975,WH0007,PRD0123,2025-12-01,1639,422,168
INVSNP0009976,WH0007,PRD0123,2026-01-01,2024,422,168
INVSNP0009977,WH0007,PRD0123,2026-02-01,1363,422,168
INVSNP0009978,WH0007,PRD0123,2026-03-01,1648,422,168
INVSNP0009979,WH0007,PRD0123,2026-04-01,1775,422,168
INVSNP0009980,WH0007,PRD0123,2026-05-01,1958,422,168
INVSNP0009981,WH0007,PRD0123,2026-06-01,1540,422,168
INVSNP0009982,WH0007,PRD0123,2026-07-01,1554,422,168
INVSNP0009983,WH0007,PRD0123,2026-08-01,1786,422,168
INVSNP0009984,WH0007,PRD0123,2026-09-01,2128,422,168
INVSNP0009985,WH0007,PRD0125,2024-10-01,2930,936,374
INVSNP0009986,WH0007,PRD0125,2024-11-01,4126,936,374
INVSNP0009987,WH0007,PRD0125,2024-12-01,3716,936,374
INVSNP0009988,WH0007,PRD0125,2025-01-01,2815,936,374
INVSNP0009989,WH0007,PRD0125,2025-02-01,3150,936,374
INVSNP0009990,WH0007,PRD0125,2025-03-01,4015,936,374
INVSNP0009991,WH0007,PRD0125,2025-04-01,3237,936,374
INVSNP0009992,WH0007,PRD0125,2025-05-01,4295,936,374
INVSNP0009993,WH0007,PRD0125,2025-06-01,4564,936,374
INVSNP0009994,WH0007,PRD0125,2025-07-01,3628,936,374
INVSNP0009995,WH0007,PRD0125,2025-08-01,3908,936,374
INVSNP0009996,WH0007,PRD0125,2025-09-01,3746,936,374
INVSNP0009997,WH0007,PRD0125,2025-10-01,3664,936,374
INVSNP0009998,WH0007,PRD0125,2025-11-01,3230,936,374
INVSNP0009999,WH0007,PRD0125,2025-12-01,4357,936,374
INVSNP0010000,WH0007,PRD0125,2026-01-01,3129,936,374
INVSNP0010001,WH0007,PRD0125,2026-02-01,4011,936,374
INVSNP0010002,WH0007,PRD0125,2026-03-01,3249,936,374
INVSNP0010003,WH0007,PRD0125,2026-04-01,3195,936,374
INVSNP0010004,WH0007,PRD0125,2026-05-01,2874,936,374
INVSNP0010005,WH0007,PRD0125,2026-06-01,4425,936,374
INVSNP0010006,WH0007,PRD0125,2026-07-01,3121,936,374
INVSNP0010007,WH0007,PRD0125,2026-08-01,4019,936,374
INVSNP0010008,WH0007,PRD0125,2026-09-01,3867,936,374
INVSNP0010009,WH0007,PRD0026,2024-10-01,3873,1002,401
INVSNP0010010,WH0007,PRD0026,2024-11-01,4867,1002,401
INVSNP0010011,WH0007,PRD0026,2024-12-01,3121,1002,401
INVSNP0010012,WH0007,PRD0026,2025-01-01,3562,1002,401
INVSNP0010013,WH0007,PRD0026,2025-02-01,4045,1002,401
INVSNP0010014,WH0007,PRD0026,2025-03-01,4195,1002,401
INVSNP0010015,WH0007,PRD0026,2025-04-01,2595,1002,401
INVSNP0010016,WH0007,PRD0026,2025-05-01,4475,1002,401
INVSNP0010017,WH0007,PRD0026,2025-06-01,3244,1002,401
INVSNP0010018,WH0007,PRD0026,2025-07-01,4399,1002,401
INVSNP0010019,WH0007,PRD0026,2025-08-01,3587,1002,401
INVSNP0010020,WH0007,PRD0026,2025-09-01,2868,1002,401
INVSNP0010021,WH0007,PRD0026,2025-10-01,4549,1002,401
INVSNP0010022,WH0007,PRD0026,2025-11-01,2776,1002,401
INVSNP0010023,WH0007,PRD0026,2025-12-01,4384,1002,401
INVSNP0010024,WH0007,PRD0026,2026-01-01,4478,1002,401
INVSNP0010025,WH0007,PRD0026,2026-02-01,4799,1002,401
INVSNP0010026,WH0007,PRD0026,2026-03-01,4357,1002,401
INVSNP0010027,WH0007,PRD0026,2026-04-01,3257,1002,401
INVSNP0010028,WH0007,PRD0026,2026-05-01,4651,1002,401
INVSNP0010029,WH0007,PRD0026,2026-06-01,3568,1002,401
INVSNP0010030,WH0007,PRD0026,2026-07-01,3750,1002,401
INVSNP0010031,WH0007,PRD0026,2026-08-01,3304,1002,401
INVSNP0010032,WH0007,PRD0026,2026-09-01,2993,1002,401
INVSNP0010033,WH0007,PRD0003,2024-10-01,2363,582,232
INVSNP0010034,WH0007,PRD0003,2024-11-01,1926,582,232
INVSNP0010035,WH0007,PRD0003,2024-12-01,1855,582,232
INVSNP0010036,WH0007,PRD0003,2025-01-01,2222,582,232
INVSNP0010037,WH0007,PRD0003,2025-02-01,2987,582,232
INVSNP0010038,WH0007,PRD0003,2025-03-01,2487,582,232
INVSNP0010039,WH0007,PRD0003,2025-04-01,2844,582,232
INVSNP0010040,WH0007,PRD0003,2025-05-01,2339,582,232
INVSNP0010041,WH0007,PRD0003,2025-06-01,2121,582,232
INVSNP0010042,WH0007,PRD0003,2025-07-01,2086,582,232
INVSNP0010043,WH0007,PRD0003,2025-08-01,2616,582,232
INVSNP0010044,WH0007,PRD0003,2025-09-01,2062,582,232
INVSNP0010045,WH0007,PRD0003,2025-10-01,2437,582,232
INVSNP0010046,WH0007,PRD0003,2025-11-01,2641,582,232
INVSNP0010047,WH0007,PRD0003,2025-12-01,2252,582,232
INVSNP0010048,WH0007,PRD0003,2026-01-01,3043,582,232
INVSNP0010049,WH0007,PRD0003,2026-02-01,2045,582,232
INVSNP0010050,WH0007,PRD0003,2026-03-01,2468,582,232
INVSNP0010051,WH0007,PRD0003,2026-04-01,2781,582,232
INVSNP0010052,WH0007,PRD0003,2026-05-01,2369,582,232
INVSNP0010053,WH0007,PRD0003,2026-06-01,2071,582,232
INVSNP0010054,WH0007,PRD0003,2026-07-01,2496,582,232
INVSNP0010055,WH0007,PRD0003,2026-08-01,2969,582,232
INVSNP0010056,WH0007,PRD0003,2026-09-01,2322,582,232
INVSNP0010057,WH0007,PRD0016,2024-10-01,4035,1016,406
INVSNP0010058,WH0007,PRD0016,2024-11-01,4460,1016,406
INVSNP0010059,WH0007,PRD0016,2024-12-01,4048,1016,406
INVSNP0010060,WH0007,PRD0016,2025-01-01,4306,1016,406
INVSNP0010061,WH0007,PRD0016,2025-02-01,3643,1016,406
INVSNP0010062,WH0007,PRD0016,2025-03-01,3838,1016,406
INVSNP0010063,WH0007,PRD0016,2025-04-01,4462,1016,406
INVSNP0010064,WH0007,PRD0016,2025-05-01,4348,1016,406
INVSNP0010065,WH0007,PRD0016,2025-06-01,4722,1016,406
INVSNP0010066,WH0007,PRD0016,2025-07-01,3606,1016,406
INVSNP0010067,WH0007,PRD0016,2025-08-01,4053,1016,406
INVSNP0010068,WH0007,PRD0016,2025-09-01,2733,1016,406
INVSNP0010069,WH0007,PRD0016,2025-10-01,3411,1016,406
INVSNP0010070,WH0007,PRD0016,2025-11-01,3512,1016,406
INVSNP0010071,WH0007,PRD0016,2025-12-01,3102,1016,406
INVSNP0010072,WH0007,PRD0016,2026-01-01,3784,1016,406
INVSNP0010073,WH0007,PRD0016,2026-02-01,4704,1016,406
INVSNP0010074,WH0007,PRD0016,2026-03-01,4302,1016,406
INVSNP0010075,WH0007,PRD0016,2026-04-01,5050,1016,406
INVSNP0010076,WH0007,PRD0016,2026-05-01,4802,1016,406
INVSNP0010077,WH0007,PRD0016,2026-06-01,4160,1016,406
INVSNP0010078,WH0007,PRD0016,2026-07-01,4255,1016,406
INVSNP0010079,WH0007,PRD0016,2026-08-01,4801,1016,406
INVSNP0010080,WH0007,PRD0016,2026-09-01,3983,1016,406
INVSNP0010081,WH0007,PRD0069,2024-10-01,1789,443,177
INVSNP0010082,WH0007,PRD0069,2024-11-01,2243,443,177
INVSNP0010083,WH0007,PRD0069,2024-12-01,2080,443,177
INVSNP0010084,WH0007,PRD0069,2025-01-01,2065,443,177
INVSNP0010085,WH0007,PRD0069,2025-02-01,1513,443,177
INVSNP0010086,WH0007,PRD0069,2025-03-01,1515,443,177
INVSNP0010087,WH0007,PRD0069,2025-04-01,2152,443,177
INVSNP0010088,WH0007,PRD0069,2025-05-01,2092,443,177
INVSNP0010089,WH0007,PRD0069,2025-06-01,2045,443,177
INVSNP0010090,WH0007,PRD0069,2025-07-01,1171,443,177
INVSNP0010091,WH0007,PRD0069,2025-08-01,1489,443,177
INVSNP0010092,WH0007,PRD0069,2025-09-01,1690,443,177
INVSNP0010093,WH0007,PRD0069,2025-10-01,2215,443,177
INVSNP0010094,WH0007,PRD0069,2025-11-01,1812,443,177
INVSNP0010095,WH0007,PRD0069,2025-12-01,1346,443,177
INVSNP0010096,WH0007,PRD0069,2026-01-01,1297,443,177
INVSNP0010097,WH0007,PRD0069,2026-02-01,1627,443,177
INVSNP0010098,WH0007,PRD0069,2026-03-01,1736,443,177
INVSNP0010099,WH0007,PRD0069,2026-04-01,2096,443,177
INVSNP0010100,WH0007,PRD0069,2026-05-01,1663,443,177
INVSNP0010101,WH0007,PRD0069,2026-06-01,1396,443,177
INVSNP0010102,WH0007,PRD0069,2026-07-01,1657,443,177
INVSNP0010103,WH0007,PRD0069,2026-08-01,1464,443,177
INVSNP0010104,WH0007,PRD0069,2026-09-01,1769,443,177
INVSNP0010105,WH0007,PRD0002,2024-10-01,3409,1234,493
INVSNP0010106,WH0007,PRD0002,2024-11-01,5228,1234,493
INVSNP0010107,WH0007,PRD0002,2024-12-01,5401,1234,493
INVSNP0010108,WH0007,PRD0002,2025-01-01,5170,1234,493
INVSNP0010109,WH0007,PRD0002,2025-02-01,4800,1234,493
INVSNP0010110,WH0007,PRD0002,2025-03-01,3830,1234,493
INVSNP0010111,WH0007,PRD0002,2025-04-01,4816,1234,493
INVSNP0010112,WH0007,PRD0002,2025-05-01,4253,1234,493
INVSNP0010113,WH0007,PRD0002,2025-06-01,5064,1234,493
INVSNP0010114,WH0007,PRD0002,2025-07-01,4370,1234,493
INVSNP0010115,WH0007,PRD0002,2025-08-01,4632,1234,493
INVSNP0010116,WH0007,PRD0002,2025-09-01,4100,1234,493
INVSNP0010117,WH0007,PRD0002,2025-10-01,4092,1234,493
INVSNP0010118,WH0007,PRD0002,2025-11-01,6034,1234,493
INVSNP0010119,WH0007,PRD0002,2025-12-01,5442,1234,493
INVSNP0010120,WH0007,PRD0002,2026-01-01,6164,1234,493
INVSNP0010121,WH0007,PRD0002,2026-02-01,4941,1234,493
INVSNP0010122,WH0007,PRD0002,2026-03-01,4403,1234,493
INVSNP0010123,WH0007,PRD0002,2026-04-01,4106,1234,493
INVSNP0010124,WH0007,PRD0002,2026-05-01,5972,1234,493
INVSNP0010125,WH0007,PRD0002,2026-06-01,4611,1234,493
INVSNP0010126,WH0007,PRD0002,2026-07-01,4987,1234,493
INVSNP0010127,WH0007,PRD0002,2026-08-01,3429,1234,493
INVSNP0010128,WH0007,PRD0002,2026-09-01,5259,1234,493
INVSNP0010129,WH0007,PRD0011,2024-10-01,1777,444,177
INVSNP0010130,WH0007,PRD0011,2024-11-01,1711,444,177
INVSNP0010131,WH0007,PRD0011,2024-12-01,1987,444,177
INVSNP0010132,WH0007,PRD0011,2025-01-01,1697,444,177
INVSNP0010133,WH0007,PRD0011,2025-02-01,1770,444,177
INVSNP0010134,WH0007,PRD0011,2025-03-01,1867,444,177
INVSNP0010135,WH0007,PRD0011,2025-04-01,1834,444,177
INVSNP0010136,WH0007,PRD0011,2025-05-01,1422,444,177
INVSNP0010137,WH0007,PRD0011,2025-06-01,1845,444,177
INVSNP0010138,WH0007,PRD0011,2025-07-01,1774,444,177
INVSNP0010139,WH0007,PRD0011,2025-08-01,1791,444,177
INVSNP0010140,WH0007,PRD0011,2025-09-01,2218,444,177
INVSNP0010141,WH0007,PRD0011,2025-10-01,1400,444,177
INVSNP0010142,WH0007,PRD0011,2025-11-01,1959,444,177
INVSNP0010143,WH0007,PRD0011,2025-12-01,2053,444,177
INVSNP0010144,WH0007,PRD0011,2026-01-01,2328,444,177
INVSNP0010145,WH0007,PRD0011,2026-02-01,2124,444,177
INVSNP0010146,WH0007,PRD0011,2026-03-01,1594,444,177
INVSNP0010147,WH0007,PRD0011,2026-04-01,1775,444,177
INVSNP0010148,WH0007,PRD0011,2026-05-01,2140,444,177
INVSNP0010149,WH0007,PRD0011,2026-06-01,2401,444,177
INVSNP0010150,WH0007,PRD0011,2026-07-01,1383,444,177
INVSNP0010151,WH0007,PRD0011,2026-08-01,1807,444,177
INVSNP0010152,WH0007,PRD0011,2026-09-01,2467,444,177
INVSNP0010153,WH0007,PRD0025,2024-10-01,4318,928,371
INVSNP0010154,WH0007,PRD0025,2024-11-01,3764,928,371
INVSNP0010155,WH0007,PRD0025,2024-12-01,3757,928,371
INVSNP0010156,WH0007,PRD0025,2025-01-01,3953,928,371
INVSNP0010157,WH0007,PRD0025,2025-02-01,4585,928,371
INVSNP0010158,WH0007,PRD0025,2025-03-01,3877,928,371
INVSNP0010159,WH0007,PRD0025,2025-04-01,3615,928,371
INVSNP0010160,WH0007,PRD0025,2025-05-01,4516,928,371
INVSNP0010161,WH0007,PRD0025,2025-06-01,3273,928,371
INVSNP0010162,WH0007,PRD0025,2025-07-01,4107,928,371
INVSNP0010163,WH0007,PRD0025,2025-08-01,4539,928,371
INVSNP0010164,WH0007,PRD0025,2025-09-01,3315,928,371
INVSNP0010165,WH0007,PRD0025,2025-10-01,3982,928,371
INVSNP0010166,WH0007,PRD0025,2025-11-01,4401,928,371
INVSNP0010167,WH0007,PRD0025,2025-12-01,4362,928,371
INVSNP0010168,WH0007,PRD0025,2026-01-01,3538,928,371
INVSNP0010169,WH0007,PRD0025,2026-02-01,4038,928,371
INVSNP0010170,WH0007,PRD0025,2026-03-01,3716,928,371
INVSNP0010171,WH0007,PRD0025,2026-04-01,4648,928,371
INVSNP0010172,WH0007,PRD0025,2026-05-01,3070,928,371
INVSNP0010173,WH0007,PRD0025,2026-06-01,3386,928,371
INVSNP0010174,WH0007,PRD0025,2026-07-01,2712,928,371
INVSNP0010175,WH0007,PRD0025,2026-08-01,4664,928,371
INVSNP0010176,WH0007,PRD0025,2026-09-01,3926,928,371
INVSNP0010177,WH0007,PRD0055,2024-10-01,4167,966,386
INVSNP0010178,WH0007,PRD0055,2024-11-01,3267,966,386
INVSNP0010179,WH0007,PRD0055,2024-12-01,3990,966,386
INVSNP0010180,WH0007,PRD0055,2025-01-01,4390,966,386
INVSNP0010181,WH0007,PRD0055,2025-02-01,4378,966,386
INVSNP0010182,WH0007,PRD0055,2025-03-01,4072,966,386
INVSNP0010183,WH0007,PRD0055,2025-04-01,5245,966,386
INVSNP0010184,WH0007,PRD0055,2025-05-01,3915,966,386
INVSNP0010185,WH0007,PRD0055,2025-06-01,2545,966,386
INVSNP0010186,WH0007,PRD0055,2025-07-01,3861,966,386
INVSNP0010187,WH0007,PRD0055,2025-08-01,2706,966,386
INVSNP0010188,WH0007,PRD0055,2025-09-01,3524,966,386
INVSNP0010189,WH0007,PRD0055,2025-10-01,3639,966,386
INVSNP0010190,WH0007,PRD0055,2025-11-01,4032,966,386
INVSNP0010191,WH0007,PRD0055,2025-12-01,3007,966,386
INVSNP0010192,WH0007,PRD0055,2026-01-01,4062,966,386
INVSNP0010193,WH0007,PRD0055,2026-02-01,3305,966,386
INVSNP0010194,WH0007,PRD0055,2026-03-01,3794,966,386
INVSNP0010195,WH0007,PRD0055,2026-04-01,4440,966,386
INVSNP0010196,WH0007,PRD0055,2026-05-01,4207,966,386
INVSNP0010197,WH0007,PRD0055,2026-06-01,4092,966,386
INVSNP0010198,WH0007,PRD0055,2026-07-01,3655,966,386
INVSNP0010199,WH0007,PRD0055,2026-08-01,4662,966,386
INVSNP0010200,WH0007,PRD0055,2026-09-01,4399,966,386
INVSNP0010201,WH0007,PRD0134,2024-10-01,515,110,44
INVSNP0010202,WH0007,PRD0134,2024-11-01,567,110,44
INVSNP0010203,WH0007,PRD0134,2024-12-01,401,110,44
INVSNP0010204,WH0007,PRD0134,2025-01-01,558,110,44
INVSNP0010205,WH0007,PRD0134,2025-02-01,495,110,44
INVSNP0010206,WH0007,PRD0134,2025-03-01,426,110,44
INVSNP0010207,WH0007,PRD0134,2025-04-01,444,110,44
INVSNP0010208,WH0007,PRD0134,2025-05-01,349,110,44
INVSNP0010209,WH0007,PRD0134,2025-06-01,368,110,44
INVSNP0010210,WH0007,PRD0134,2025-07-01,431,110,44
INVSNP0010211,WH0007,PRD0134,2025-08-01,385,110,44
INVSNP0010212,WH0007,PRD0134,2025-09-01,408,110,44
INVSNP0010213,WH0007,PRD0134,2025-10-01,437,110,44
INVSNP0010214,WH0007,PRD0134,2025-11-01,330,110,44
INVSNP0010215,WH0007,PRD0134,2025-12-01,573,110,44
INVSNP0010216,WH0007,PRD0134,2026-01-01,333,110,44
INVSNP0010217,WH0007,PRD0134,2026-02-01,449,110,44
INVSNP0010218,WH0007,PRD0134,2026-03-01,418,110,44
INVSNP0010219,WH0007,PRD0134,2026-04-01,425,110,44
INVSNP0010220,WH0007,PRD0134,2026-05-01,396,110,44
INVSNP0010221,WH0007,PRD0134,2026-06-01,554,110,44
INVSNP0010222,WH0007,PRD0134,2026-07-01,429,110,44
INVSNP0010223,WH0007,PRD0134,2026-08-01,546,110,44
INVSNP0010224,WH0007,PRD0134,2026-09-01,295,110,44
INVSNP0010225,WH0007,PRD0141,2024-10-01,1151,327,131
INVSNP0010226,WH0007,PRD0141,2024-11-01,1443,327,131
INVSNP0010227,WH0007,PRD0141,2024-12-01,1479,327,131
INVSNP0010228,WH0007,PRD0141,2025-01-01,1354,327,131
INVSNP0010229,WH0007,PRD0141,2025-02-01,1456,327,131
INVSNP0010230,WH0007,PRD0141,2025-03-01,1380,327,131
INVSNP0010231,WH0007,PRD0141,2025-04-01,999,327,131
INVSNP0010232,WH0007,PRD0141,2025-05-01,1074,327,131
INVSNP0010233,WH0007,PRD0141,2025-06-01,1474,327,131
INVSNP0010234,WH0007,PRD0141,2025-07-01,1079,327,131
INVSNP0010235,WH0007,PRD0141,2025-08-01,1420,327,131
INVSNP0010236,WH0007,PRD0141,2025-09-01,1384,327,131
INVSNP0010237,WH0007,PRD0141,2025-10-01,1025,327,131
INVSNP0010238,WH0007,PRD0141,2025-11-01,1271,327,131
INVSNP0010239,WH0007,PRD0141,2025-12-01,1523,327,131
INVSNP0010240,WH0007,PRD0141,2026-01-01,1196,327,131
INVSNP0010241,WH0007,PRD0141,2026-02-01,1443,327,131
INVSNP0010242,WH0007,PRD0141,2026-03-01,1382,327,131
INVSNP0010243,WH0007,PRD0141,2026-04-01,1374,327,131
INVSNP0010244,WH0007,PRD0141,2026-05-01,942,327,131
INVSNP0010245,WH0007,PRD0141,2026-06-01,1232,327,131
INVSNP0010246,WH0007,PRD0141,2026-07-01,960,327,131
INVSNP0010247,WH0007,PRD0141,2026-08-01,1629,327,131
INVSNP0010248,WH0007,PRD0141,2026-09-01,1422,327,131
INVSNP0010249,WH0007,PRD0097,2024-10-01,1671,432,172
INVSNP0010250,WH0007,PRD0097,2024-11-01,2182,432,172
INVSNP0010251,WH0007,PRD0097,2024-12-01,1658,432,172
INVSNP0010252,WH0007,PRD0097,2025-01-01,1570,432,172
INVSNP0010253,WH0007,PRD0097,2025-02-01,1554,432,172
INVSNP0010254,WH0007,PRD0097,2025-03-01,1499,432,172
INVSNP0010255,WH0007,PRD0097,2025-04-01,2092,432,172
INVSNP0010256,WH0007,PRD0097,2025-05-01,1958,432,172
INVSNP0010257,WH0007,PRD0097,2025-06-01,1592,432,172
INVSNP0010258,WH0007,PRD0097,2025-07-01,1776,432,172
INVSNP0010259,WH0007,PRD0097,2025-08-01,1859,432,172
INVSNP0010260,WH0007,PRD0097,2025-09-01,1784,432,172
INVSNP0010261,WH0007,PRD0097,2025-10-01,1968,432,172
INVSNP0010262,WH0007,PRD0097,2025-11-01,1961,432,172
INVSNP0010263,WH0007,PRD0097,2025-12-01,1273,432,172
INVSNP0010264,WH0007,PRD0097,2026-01-01,1584,432,172
INVSNP0010265,WH0007,PRD0097,2026-02-01,1560,432,172
INVSNP0010266,WH0007,PRD0097,2026-03-01,1809,432,172
INVSNP0010267,WH0007,PRD0097,2026-04-01,1761,432,172
INVSNP0010268,WH0007,PRD0097,2026-05-01,1851,432,172
INVSNP0010269,WH0007,PRD0097,2026-06-01,1644,432,172
INVSNP0010270,WH0007,PRD0097,2026-07-01,2413,432,172
INVSNP0010271,WH0007,PRD0097,2026-08-01,1824,432,172
INVSNP0010272,WH0007,PRD0097,2026-09-01,1362,432,172
INVSNP0010273,WH0007,PRD0137,2024-10-01,1916,440,176
INVSNP0010274,WH0007,PRD0137,2024-11-01,1938,440,176
INVSNP0010275,WH0007,PRD0137,2024-12-01,1495,440,176
INVSNP0010276,WH0007,PRD0137,2025-01-01,2273,440,176
INVSNP0010277,WH0007,PRD0137,2025-02-01,2217,440,176
INVSNP0010278,WH0007,PRD0137,2025-03-01,1671,440,176
INVSNP0010279,WH0007,PRD0137,2025-04-01,2694,440,176
INVSNP0010280,WH0007,PRD0137,2025-05-01,2171,440,176
INVSNP0010281,WH0007,PRD0137,2025-06-01,1689,440,176
INVSNP0010282,WH0007,PRD0137,2025-07-01,1310,440,176
INVSNP0010283,WH0007,PRD0137,2025-08-01,1474,440,176
INVSNP0010284,WH0007,PRD0137,2025-09-01,1636,440,176
INVSNP0010285,WH0007,PRD0137,2025-10-01,1672,440,176
INVSNP0010286,WH0007,PRD0137,2025-11-01,1802,440,176
INVSNP0010287,WH0007,PRD0137,2025-12-01,1514,440,176
INVSNP0010288,WH0007,PRD0137,2026-01-01,2050,440,176
INVSNP0010289,WH0007,PRD0137,2026-02-01,1592,440,176
INVSNP0010290,WH0007,PRD0137,2026-03-01,2073,440,176
INVSNP0010291,WH0007,PRD0137,2026-04-01,1719,440,176
INVSNP0010292,WH0007,PRD0137,2026-05-01,2473,440,176
INVSNP0010293,WH0007,PRD0137,2026-06-01,1348,440,176
INVSNP0010294,WH0007,PRD0137,2026-07-01,1706,440,176
INVSNP0010295,WH0007,PRD0137,2026-08-01,2256,440,176
INVSNP0010296,WH0007,PRD0137,2026-09-01,1590,440,176
INVSNP0010297,WH0007,PRD0142,2024-10-01,2957,887,354
INVSNP0010298,WH0007,PRD0142,2024-11-01,3603,887,354
INVSNP0010299,WH0007,PRD0142,2024-12-01,3015,887,354
INVSNP0010300,WH0007,PRD0142,2025-01-01,3605,887,354
INVSNP0010301,WH0007,PRD0142,2025-02-01,4409,887,354
INVSNP0010302,WH0007,PRD0142,2025-03-01,4141,887,354
INVSNP0010303,WH0007,PRD0142,2025-04-01,3356,887,354
INVSNP0010304,WH0007,PRD0142,2025-05-01,3957,887,354
INVSNP0010305,WH0007,PRD0142,2025-06-01,3197,887,354
INVSNP0010306,WH0007,PRD0142,2025-07-01,3506,887,354
INVSNP0010307,WH0007,PRD0142,2025-08-01,2652,887,354
INVSNP0010308,WH0007,PRD0142,2025-09-01,4039,887,354
INVSNP0010309,WH0007,PRD0142,2025-10-01,3806,887,354
INVSNP0010310,WH0007,PRD0142,2025-11-01,3094,887,354
INVSNP0010311,WH0007,PRD0142,2025-12-01,4378,887,354
INVSNP0010312,WH0007,PRD0142,2026-01-01,3293,887,354
INVSNP0010313,WH0007,PRD0142,2026-02-01,3942,887,354
INVSNP0010314,WH0007,PRD0142,2026-03-01,3075,887,354
INVSNP0010315,WH0007,PRD0142,2026-04-01,3342,887,354
INVSNP0010316,WH0007,PRD0142,2026-05-01,4210,887,354
INVSNP0010317,WH0007,PRD0142,2026-06-01,3497,887,354
INVSNP0010318,WH0007,PRD0142,2026-07-01,3056,887,354
INVSNP0010319,WH0007,PRD0142,2026-08-01,3908,887,354
INVSNP0010320,WH0007,PRD0142,2026-09-01,2989,887,354
INVSNP0010321,WH0007,PRD0146,2024-10-01,851,238,95
INVSNP0010322,WH0007,PRD0146,2024-11-01,880,238,95
INVSNP0010323,WH0007,PRD0146,2024-12-01,1096,238,95
INVSNP0010324,WH0007,PRD0146,2025-01-01,821,238,95
INVSNP0010325,WH0007,PRD0146,2025-02-01,1252,238,95
INVSNP0010326,WH0007,PRD0146,2025-03-01,1195,238,95
INVSNP0010327,WH0007,PRD0146,2025-04-01,756,238,95
INVSNP0010328,WH0007,PRD0146,2025-05-01,960,238,95
INVSNP0010329,WH0007,PRD0146,2025-06-01,979,238,95
INVSNP0010330,WH0007,PRD0146,2025-07-01,1064,238,95
INVSNP0010331,WH0007,PRD0146,2025-08-01,1100,238,95
INVSNP0010332,WH0007,PRD0146,2025-09-01,1084,238,95
INVSNP0010333,WH0007,PRD0146,2025-10-01,1132,238,95
INVSNP0010334,WH0007,PRD0146,2025-11-01,923,238,95
INVSNP0010335,WH0007,PRD0146,2025-12-01,1187,238,95
INVSNP0010336,WH0007,PRD0146,2026-01-01,821,238,95
INVSNP0010337,WH0007,PRD0146,2026-02-01,1039,238,95
INVSNP0010338,WH0007,PRD0146,2026-03-01,766,238,95
INVSNP0010339,WH0007,PRD0146,2026-04-01,1106,238,95
INVSNP0010340,WH0007,PRD0146,2026-05-01,953,238,95
INVSNP0010341,WH0007,PRD0146,2026-06-01,1141,238,95
INVSNP0010342,WH0007,PRD0146,2026-07-01,834,238,95
INVSNP0010343,WH0007,PRD0146,2026-08-01,928,238,95
INVSNP0010344,WH0007,PRD0146,2026-09-01,923,238,95
INVSNP0010345,WH0007,PRD0122,2024-10-01,2078,590,236
INVSNP0010346,WH0007,PRD0122,2024-11-01,1934,590,236
INVSNP0010347,WH0007,PRD0122,2024-12-01,2127,590,236
INVSNP0010348,WH0007,PRD0122,2025-01-01,2181,590,236
INVSNP0010349,WH0007,PRD0122,2025-02-01,2730,590,236
INVSNP0010350,WH0007,PRD0122,2025-03-01,2409,590,236
INVSNP0010351,WH0007,PRD0122,2025-04-01,1637,590,236
INVSNP0010352,WH0007,PRD0122,2025-05-01,1740,590,236
INVSNP0010353,WH0007,PRD0122,2025-06-01,2778,590,236
INVSNP0010354,WH0007,PRD0122,2025-07-01,2044,590,236
INVSNP0010355,WH0007,PRD0122,2025-08-01,2823,590,236
INVSNP0010356,WH0007,PRD0122,2025-09-01,2291,590,236
INVSNP0010357,WH0007,PRD0122,2025-10-01,2412,590,236
INVSNP0010358,WH0007,PRD0122,2025-11-01,1930,590,236
INVSNP0010359,WH0007,PRD0122,2025-12-01,2147,590,236
INVSNP0010360,WH0007,PRD0122,2026-01-01,1967,590,236
INVSNP0010361,WH0007,PRD0122,2026-02-01,2853,590,236
INVSNP0010362,WH0007,PRD0122,2026-03-01,2952,590,236
INVSNP0010363,WH0007,PRD0122,2026-04-01,2635,590,236
INVSNP0010364,WH0007,PRD0122,2026-05-01,2430,590,236
INVSNP0010365,WH0007,PRD0122,2026-06-01,2906,590,236
INVSNP0010366,WH0007,PRD0122,2026-07-01,2337,590,236
INVSNP0010367,WH0007,PRD0122,2026-08-01,2114,590,236
INVSNP0010368,WH0007,PRD0122,2026-09-01,2900,590,236
INVSNP0010369,WH0007,PRD0087,2024-10-01,4217,1240,496
INVSNP0010370,WH0007,PRD0087,2024-11-01,4095,1240,496
INVSNP0010371,WH0007,PRD0087,2024-12-01,5083,1240,496
INVSNP0010372,WH0007,PRD0087,2025-01-01,5661,1240,496
INVSNP0010373,WH0007,PRD0087,2025-02-01,4575,1240,496
INVSNP0010374,WH0007,PRD0087,2025-03-01,5523,1240,496
INVSNP0010375,WH0007,PRD0087,2025-04-01,6531,1240,496
INVSNP0010376,WH0007,PRD0087,2025-05-01,6389,1240,496
INVSNP0010377,WH0007,PRD0087,2025-06-01,4620,1240,496
INVSNP0010378,WH0007,PRD0087,2025-07-01,6103,1240,496
INVSNP0010379,WH0007,PRD0087,2025-08-01,3962,1240,496
INVSNP0010380,WH0007,PRD0087,2025-09-01,4817,1240,496
INVSNP0010381,WH0007,PRD0087,2025-10-01,4669,1240,496
INVSNP0010382,WH0007,PRD0087,2025-11-01,4436,1240,496
INVSNP0010383,WH0007,PRD0087,2025-12-01,5679,1240,496
INVSNP0010384,WH0007,PRD0087,2026-01-01,5872,1240,496
INVSNP0010385,WH0007,PRD0087,2026-02-01,5422,1240,496
INVSNP0010386,WH0007,PRD0087,2026-03-01,4282,1240,496
INVSNP0010387,WH0007,PRD0087,2026-04-01,6768,1240,496
INVSNP0010388,WH0007,PRD0087,2026-05-01,6344,1240,496
INVSNP0010389,WH0007,PRD0087,2026-06-01,5091,1240,496
INVSNP0010390,WH0007,PRD0087,2026-07-01,5246,1240,496
INVSNP0010391,WH0007,PRD0087,2026-08-01,5859,1240,496
INVSNP0010392,WH0007,PRD0087,2026-09-01,4458,1240,496
INVSNP0010393,WH0007,PRD0110,2024-10-01,235,63,25
INVSNP0010394,WH0007,PRD0110,2024-11-01,289,63,25
INVSNP0010395,WH0007,PRD0110,2024-12-01,206,63,25
INVSNP0010396,WH0007,PRD0110,2025-01-01,234,63,25
INVSNP0010397,WH0007,PRD0110,2025-02-01,301,63,25
INVSNP0010398,WH0007,PRD0110,2025-03-01,269,63,25
INVSNP0010399,WH0007,PRD0110,2025-04-01,272,63,25
INVSNP0010400,WH0007,PRD0110,2025-05-01,258,63,25
INVSNP0010401,WH0007,PRD0110,2025-06-01,236,63,25
INVSNP0010402,WH0007,PRD0110,2025-07-01,222,63,25
INVSNP0010403,WH0007,PRD0110,2025-08-01,189,63,25
INVSNP0010404,WH0007,PRD0110,2025-09-01,269,63,25
INVSNP0010405,WH0007,PRD0110,2025-10-01,210,63,25
INVSNP0010406,WH0007,PRD0110,2025-11-01,313,63,25
INVSNP0010407,WH0007,PRD0110,2025-12-01,302,63,25
INVSNP0010408,WH0007,PRD0110,2026-01-01,223,63,25
INVSNP0010409,WH0007,PRD0110,2026-02-01,294,63,25
INVSNP0010410,WH0007,PRD0110,2026-03-01,295,63,25
INVSNP0010411,WH0007,PRD0110,2026-04-01,260,63,25
INVSNP0010412,WH0007,PRD0110,2026-05-01,277,63,25
INVSNP0010413,WH0007,PRD0110,2026-06-01,226,63,25
INVSNP0010414,WH0007,PRD0110,2026-07-01,213,63,25
INVSNP0010415,WH0007,PRD0110,2026-08-01,286,63,25
INVSNP0010416,WH0007,PRD0110,2026-09-01,350,63,25
INVSNP0010417,WH0007,PRD0130,2024-10-01,2043,569,227
INVSNP0010418,WH0007,PRD0130,2024-11-01,2349,569,227
INVSNP0010419,WH0007,PRD0130,2024-12-01,1728,569,227
INVSNP0010420,WH0007,PRD0130,2025-01-01,2701,569,227
INVSNP0010421,WH0007,PRD0130,2025-02-01,2490,569,227
INVSNP0010422,WH0007,PRD0130,2025-03-01,1947,569,227
INVSNP0010423,WH0007,PRD0130,2025-04-01,2907,569,227
INVSNP0010424,WH0007,PRD0130,2025-05-01,1495,569,227
INVSNP0010425,WH0007,PRD0130,2025-06-01,2457,569,227
INVSNP0010426,WH0007,PRD0130,2025-07-01,1697,569,227
INVSNP0010427,WH0007,PRD0130,2025-08-01,3032,569,227
INVSNP0010428,WH0007,PRD0130,2025-09-01,2925,569,227
INVSNP0010429,WH0007,PRD0130,2025-10-01,2374,569,227
INVSNP0010430,WH0007,PRD0130,2025-11-01,2242,569,227
INVSNP0010431,WH0007,PRD0130,2025-12-01,1765,569,227
INVSNP0010432,WH0007,PRD0130,2026-01-01,2177,569,227
INVSNP0010433,WH0007,PRD0130,2026-02-01,2596,569,227
INVSNP0010434,WH0007,PRD0130,2026-03-01,2377,569,227
INVSNP0010435,WH0007,PRD0130,2026-04-01,2128,569,227
INVSNP0010436,WH0007,PRD0130,2026-05-01,1667,569,227
INVSNP0010437,WH0007,PRD0130,2026-06-01,2211,569,227
INVSNP0010438,WH0007,PRD0130,2026-07-01,2333,569,227
INVSNP0010439,WH0007,PRD0130,2026-08-01,2413,569,227
INVSNP0010440,WH0007,PRD0130,2026-09-01,2214,569,227
INVSNP0010441,WH0007,PRD0048,2024-10-01,445,132,52
INVSNP0010442,WH0007,PRD0048,2024-11-01,756,132,52
INVSNP0010443,WH0007,PRD0048,2024-12-01,603,132,52
INVSNP0010444,WH0007,PRD0048,2025-01-01,603,132,52
INVSNP0010445,WH0007,PRD0048,2025-02-01,506,132,52
INVSNP0010446,WH0007,PRD0048,2025-03-01,563,132,52
INVSNP0010447,WH0007,PRD0048,2025-04-01,445,132,52
INVSNP0010448,WH0007,PRD0048,2025-05-01,465,132,52
INVSNP0010449,WH0007,PRD0048,2025-06-01,659,132,52
INVSNP0010450,WH0007,PRD0048,2025-07-01,551,132,52
INVSNP0010451,WH0007,PRD0048,2025-08-01,594,132,52
INVSNP0010452,WH0007,PRD0048,2025-09-01,520,132,52
INVSNP0010453,WH0007,PRD0048,2025-10-01,474,132,52
INVSNP0010454,WH0007,PRD0048,2025-11-01,467,132,52
INVSNP0010455,WH0007,PRD0048,2025-12-01,489,132,52
INVSNP0010456,WH0007,PRD0048,2026-01-01,406,132,52
INVSNP0010457,WH0007,PRD0048,2026-02-01,586,132,52
INVSNP0010458,WH0007,PRD0048,2026-03-01,518,132,52
INVSNP0010459,WH0007,PRD0048,2026-04-01,428,132,52
INVSNP0010460,WH0007,PRD0048,2026-05-01,454,132,52
INVSNP0010461,WH0007,PRD0048,2026-06-01,422,132,52
INVSNP0010462,WH0007,PRD0048,2026-07-01,636,132,52
INVSNP0010463,WH0007,PRD0048,2026-08-01,600,132,52
INVSNP0010464,WH0007,PRD0048,2026-09-01,607,132,52
INVSNP0010465,WH0007,PRD0150,2024-10-01,3480,832,333
INVSNP0010466,WH0007,PRD0150,2024-11-01,3848,832,333
INVSNP0010467,WH0007,PRD0150,2024-12-01,3029,832,333
INVSNP0010468,WH0007,PRD0150,2025-01-01,3756,832,333
INVSNP0010469,WH0007,PRD0150,2025-02-01,3624,832,333
INVSNP0010470,WH0007,PRD0150,2025-03-01,3426,832,333
INVSNP0010471,WH0007,PRD0150,2025-04-01,2110,832,333
INVSNP0010472,WH0007,PRD0150,2025-05-01,3262,832,333
INVSNP0010473,WH0007,PRD0150,2025-06-01,3456,832,333
INVSNP0010474,WH0007,PRD0150,2025-07-01,3565,832,333
INVSNP0010475,WH0007,PRD0150,2025-08-01,3641,832,333
INVSNP0010476,WH0007,PRD0150,2025-09-01,4116,832,333
INVSNP0010477,WH0007,PRD0150,2025-10-01,3433,832,333
INVSNP0010478,WH0007,PRD0150,2025-11-01,3028,832,333
INVSNP0010479,WH0007,PRD0150,2025-12-01,3423,832,333
INVSNP0010480,WH0007,PRD0150,2026-01-01,4095,832,333
INVSNP0010481,WH0007,PRD0150,2026-02-01,3846,832,333
INVSNP0010482,WH0007,PRD0150,2026-03-01,3379,832,333
INVSNP0010483,WH0007,PRD0150,2026-04-01,3437,832,333
INVSNP0010484,WH0007,PRD0150,2026-05-01,2853,832,333
INVSNP0010485,WH0007,PRD0150,2026-06-01,3650,832,333
INVSNP0010486,WH0007,PRD0150,2026-07-01,2963,832,333
INVSNP0010487,WH0007,PRD0150,2026-08-01,3105,832,333
INVSNP0010488,WH0007,PRD0150,2026-09-01,3607,832,333
INVSNP0010489,WH0007,PRD0114,2024-10-01,3251,696,278
INVSNP0010490,WH0007,PRD0114,2024-11-01,2847,696,278
INVSNP0010491,WH0007,PRD0114,2024-12-01,2627,696,278
INVSNP0010492,WH0007,PRD0114,2025-01-01,2430,696,278
INVSNP0010493,WH0007,PRD0114,2025-02-01,3355,696,278
INVSNP0010494,WH0007,PRD0114,2025-03-01,2374,696,278
INVSNP0010495,WH0007,PRD0114,2025-04-01,3060,696,278
INVSNP0010496,WH0007,PRD0114,2025-05-01,2557,696,278
INVSNP0010497,WH0007,PRD0114,2025-06-01,2233,696,278
INVSNP0010498,WH0007,PRD0114,2025-07-01,3005,696,278
INVSNP0010499,WH0007,PRD0114,2025-08-01,3119,696,278
INVSNP0010500,WH0007,PRD0114,2025-09-01,2322,696,278
INVSNP0010501,WH0007,PRD0114,2025-10-01,2162,696,278
INVSNP0010502,WH0007,PRD0114,2025-11-01,2716,696,278
INVSNP0010503,WH0007,PRD0114,2025-12-01,2646,696,278
INVSNP0010504,WH0007,PRD0114,2026-01-01,3047,696,278
INVSNP0010505,WH0007,PRD0114,2026-02-01,3042,696,278
INVSNP0010506,WH0007,PRD0114,2026-03-01,3147,696,278
INVSNP0010507,WH0007,PRD0114,2026-04-01,3095,696,278
INVSNP0010508,WH0007,PRD0114,2026-05-01,2753,696,278
INVSNP0010509,WH0007,PRD0114,2026-06-01,3069,696,278
INVSNP0010510,WH0007,PRD0114,2026-07-01,2410,696,278
INVSNP0010511,WH0007,PRD0114,2026-08-01,3434,696,278
INVSNP0010512,WH0007,PRD0114,2026-09-01,3186,696,278
INVSNP0010513,WH0007,PRD0044,2024-10-01,2685,741,296
INVSNP0010514,WH0007,PRD0044,2024-11-01,2455,741,296
INVSNP0010515,WH0007,PRD0044,2024-12-01,2544,741,296
INVSNP0010516,WH0007,PRD0044,2025-01-01,3107,741,296
INVSNP0010517,WH0007,PRD0044,2025-02-01,2436,741,296
INVSNP0010518,WH0007,PRD0044,2025-03-01,2817,741,296
INVSNP0010519,WH0007,PRD0044,2025-04-01,3071,741,296
INVSNP0010520,WH0007,PRD0044,2025-05-01,2697,741,296
INVSNP0010521,WH0007,PRD0044,2025-06-01,2861,741,296
INVSNP0010522,WH0007,PRD0044,2025-07-01,3163,741,296
INVSNP0010523,WH0007,PRD0044,2025-08-01,3558,741,296
INVSNP0010524,WH0007,PRD0044,2025-09-01,1901,741,296
INVSNP0010525,WH0007,PRD0044,2025-10-01,2890,741,296
INVSNP0010526,WH0007,PRD0044,2025-11-01,2804,741,296
INVSNP0010527,WH0007,PRD0044,2025-12-01,2399,741,296
INVSNP0010528,WH0007,PRD0044,2026-01-01,3534,741,296
INVSNP0010529,WH0007,PRD0044,2026-02-01,2379,741,296
INVSNP0010530,WH0007,PRD0044,2026-03-01,2658,741,296
INVSNP0010531,WH0007,PRD0044,2026-04-01,3233,741,296
INVSNP0010532,WH0007,PRD0044,2026-05-01,2884,741,296
INVSNP0010533,WH0007,PRD0044,2026-06-01,3031,741,296
INVSNP0010534,WH0007,PRD0044,2026-07-01,2979,741,296
INVSNP0010535,WH0007,PRD0044,2026-08-01,2710,741,296
INVSNP0010536,WH0007,PRD0044,2026-09-01,3022,741,296
INVSNP0010537,WH0007,PRD0041,2024-10-01,3556,932,373
INVSNP0010538,WH0007,PRD0041,2024-11-01,3977,932,373
INVSNP0010539,WH0007,PRD0041,2024-12-01,3824,932,373
INVSNP0010540,WH0007,PRD0041,2025-01-01,4034,932,373
INVSNP0010541,WH0007,PRD0041,2025-02-01,4292,932,373
INVSNP0010542,WH0007,PRD0041,2025-03-01,3869,932,373
INVSNP0010543,WH0007,PRD0041,2025-04-01,3694,932,373
INVSNP0010544,WH0007,PRD0041,2025-05-01,3366,932,373
INVSNP0010545,WH0007,PRD0041,2025-06-01,2243,932,373
INVSNP0010546,WH0007,PRD0041,2025-07-01,3561,932,373
INVSNP0010547,WH0007,PRD0041,2025-08-01,3735,932,373
INVSNP0010548,WH0007,PRD0041,2025-09-01,3220,932,373
INVSNP0010549,WH0007,PRD0041,2025-10-01,4106,932,373
INVSNP0010550,WH0007,PRD0041,2025-11-01,3326,932,373
INVSNP0010551,WH0007,PRD0041,2025-12-01,3712,932,373
INVSNP0010552,WH0007,PRD0041,2026-01-01,3531,932,373
INVSNP0010553,WH0007,PRD0041,2026-02-01,4658,932,373
INVSNP0010554,WH0007,PRD0041,2026-03-01,4589,932,373
INVSNP0010555,WH0007,PRD0041,2026-04-01,4094,932,373
INVSNP0010556,WH0007,PRD0041,2026-05-01,3725,932,373
INVSNP0010557,WH0007,PRD0041,2026-06-01,3987,932,373
INVSNP0010558,WH0007,PRD0041,2026-07-01,3706,932,373
INVSNP0010559,WH0007,PRD0041,2026-08-01,4242,932,373
INVSNP0010560,WH0007,PRD0041,2026-09-01,4140,932,373
INVSNP0010561,WH0007,PRD0105,2024-10-01,3182,749,299
INVSNP0010562,WH0007,PRD0105,2024-11-01,3870,749,299
INVSNP0010563,WH0007,PRD0105,2024-12-01,2718,749,299
INVSNP0010564,WH0007,PRD0105,2025-01-01,4137,749,299
INVSNP0010565,WH0007,PRD0105,2025-02-01,2981,749,299
INVSNP0010566,WH0007,PRD0105,2025-03-01,2410,749,299
INVSNP0010567,WH0007,PRD0105,2025-04-01,3222,749,299
INVSNP0010568,WH0007,PRD0105,2025-05-01,2464,749,299
INVSNP0010569,WH0007,PRD0105,2025-06-01,2986,749,299
INVSNP0010570,WH0007,PRD0105,2025-07-01,2896,749,299
INVSNP0010571,WH0007,PRD0105,2025-08-01,2959,749,299
INVSNP0010572,WH0007,PRD0105,2025-09-01,3123,749,299
INVSNP0010573,WH0007,PRD0105,2025-10-01,2961,749,299
INVSNP0010574,WH0007,PRD0105,2025-11-01,3454,749,299
INVSNP0010575,WH0007,PRD0105,2025-12-01,3526,749,299
INVSNP0010576,WH0007,PRD0105,2026-01-01,2658,749,299
INVSNP0010577,WH0007,PRD0105,2026-02-01,2588,749,299
INVSNP0010578,WH0007,PRD0105,2026-03-01,3194,749,299
INVSNP0010579,WH0007,PRD0105,2026-04-01,2939,749,299
INVSNP0010580,WH0007,PRD0105,2026-05-01,3148,749,299
INVSNP0010581,WH0007,PRD0105,2026-06-01,2348,749,299
INVSNP0010582,WH0007,PRD0105,2026-07-01,2236,749,299
INVSNP0010583,WH0007,PRD0105,2026-08-01,3585,749,299
INVSNP0010584,WH0007,PRD0105,2026-09-01,3339,749,299
INVSNP0010585,WH0007,PRD0031,2024-10-01,3198,796,318
INVSNP0010586,WH0007,PRD0031,2024-11-01,3073,796,318
INVSNP0010587,WH0007,PRD0031,2024-12-01,2716,796,318
INVSNP0010588,WH0007,PRD0031,2025-01-01,3754,796,318
INVSNP0010589,WH0007,PRD0031,2025-02-01,3537,796,318
INVSNP0010590,WH0007,PRD0031,2025-03-01,4476,796,318
INVSNP0010591,WH0007,PRD0031,2025-04-01,3135,796,318
INVSNP0010592,WH0007,PRD0031,2025-05-01,3160,796,318
INVSNP0010593,WH0007,PRD0031,2025-06-01,2639,796,318
INVSNP0010594,WH0007,PRD0031,2025-07-01,3502,796,318
INVSNP0010595,WH0007,PRD0031,2025-08-01,2140,796,318
INVSNP0010596,WH0007,PRD0031,2025-09-01,2343,796,318
INVSNP0010597,WH0007,PRD0031,2025-10-01,3290,796,318
INVSNP0010598,WH0007,PRD0031,2025-11-01,3423,796,318
INVSNP0010599,WH0007,PRD0031,2025-12-01,2890,796,318
INVSNP0010600,WH0007,PRD0031,2026-01-01,2640,796,318
INVSNP0010601,WH0007,PRD0031,2026-02-01,3202,796,318
INVSNP0010602,WH0007,PRD0031,2026-03-01,2845,796,318
INVSNP0010603,WH0007,PRD0031,2026-04-01,2833,796,318
INVSNP0010604,WH0007,PRD0031,2026-05-01,3424,796,318
INVSNP0010605,WH0007,PRD0031,2026-06-01,4585,796,318
INVSNP0010606,WH0007,PRD0031,2026-07-01,2888,796,318
INVSNP0010607,WH0007,PRD0031,2026-08-01,3188,796,318
INVSNP0010608,WH0007,PRD0031,2026-09-01,3231,796,318
INVSNP0010609,WH0007,PRD0047,2024-10-01,2832,706,282
INVSNP0010610,WH0007,PRD0047,2024-11-01,2653,706,282
INVSNP0010611,WH0007,PRD0047,2024-12-01,2228,706,282
INVSNP0010612,WH0007,PRD0047,2025-01-01,3420,706,282
INVSNP0010613,WH0007,PRD0047,2025-02-01,3259,706,282
INVSNP0010614,WH0007,PRD0047,2025-03-01,3286,706,282
INVSNP0010615,WH0007,PRD0047,2025-04-01,2315,706,282
INVSNP0010616,WH0007,PRD0047,2025-05-01,2780,706,282
INVSNP0010617,WH0007,PRD0047,2025-06-01,2400,706,282
INVSNP0010618,WH0007,PRD0047,2025-07-01,2817,706,282
INVSNP0010619,WH0007,PRD0047,2025-08-01,2544,706,282
INVSNP0010620,WH0007,PRD0047,2025-09-01,2377,706,282
INVSNP0010621,WH0007,PRD0047,2025-10-01,3245,706,282
INVSNP0010622,WH0007,PRD0047,2025-11-01,2633,706,282
INVSNP0010623,WH0007,PRD0047,2025-12-01,2440,706,282
INVSNP0010624,WH0007,PRD0047,2026-01-01,2838,706,282
INVSNP0010625,WH0007,PRD0047,2026-02-01,3210,706,282
INVSNP0010626,WH0007,PRD0047,2026-03-01,3022,706,282
INVSNP0010627,WH0007,PRD0047,2026-04-01,3020,706,282
INVSNP0010628,WH0007,PRD0047,2026-05-01,2689,706,282
INVSNP0010629,WH0007,PRD0047,2026-06-01,2599,706,282
INVSNP0010630,WH0007,PRD0047,2026-07-01,2581,706,282
INVSNP0010631,WH0007,PRD0047,2026-08-01,2498,706,282
INVSNP0010632,WH0007,PRD0047,2026-09-01,2208,706,282
INVSNP0010633,WH0007,PRD0086,2024-10-01,3972,1100,440
INVSNP0010634,WH0007,PRD0086,2024-11-01,4596,1100,440
INVSNP0010635,WH0007,PRD0086,2024-12-01,4572,1100,440
INVSNP0010636,WH0007,PRD0086,2025-01-01,4577,1100,440
INVSNP0010637,WH0007,PRD0086,2025-02-01,3745,1100,440
INVSNP0010638,WH0007,PRD0086,2025-03-01,4165,1100,440
INVSNP0010639,WH0007,PRD0086,2025-04-01,5144,1100,440
INVSNP0010640,WH0007,PRD0086,2025-05-01,4465,1100,440
INVSNP0010641,WH0007,PRD0086,2025-06-01,4080,1100,440
INVSNP0010642,WH0007,PRD0086,2025-07-01,3732,1100,440
INVSNP0010643,WH0007,PRD0086,2025-08-01,4996,1100,440
INVSNP0010644,WH0007,PRD0086,2025-09-01,4499,1100,440
INVSNP0010645,WH0007,PRD0086,2025-10-01,4157,1100,440
INVSNP0010646,WH0007,PRD0086,2025-11-01,4765,1100,440
INVSNP0010647,WH0007,PRD0086,2025-12-01,4325,1100,440
INVSNP0010648,WH0007,PRD0086,2026-01-01,3198,1100,440
INVSNP0010649,WH0007,PRD0086,2026-02-01,4822,1100,440
INVSNP0010650,WH0007,PRD0086,2026-03-01,6510,1100,440
INVSNP0010651,WH0007,PRD0086,2026-04-01,3586,1100,440
INVSNP0010652,WH0007,PRD0086,2026-05-01,4676,1100,440
INVSNP0010653,WH0007,PRD0086,2026-06-01,4009,1100,440
INVSNP0010654,WH0007,PRD0086,2026-07-01,5243,1100,440
INVSNP0010655,WH0007,PRD0086,2026-08-01,4499,1100,440
INVSNP0010656,WH0007,PRD0086,2026-09-01,4913,1100,440
INVSNP0010657,WH0007,PRD0052,2024-10-01,1289,309,123
INVSNP0010658,WH0007,PRD0052,2024-11-01,1179,309,123
INVSNP0010659,WH0007,PRD0052,2024-12-01,1159,309,123
INVSNP0010660,WH0007,PRD0052,2025-01-01,1376,309,123
INVSNP0010661,WH0007,PRD0052,2025-02-01,1292,309,123
INVSNP0010662,WH0007,PRD0052,2025-03-01,951,309,123
INVSNP0010663,WH0007,PRD0052,2025-04-01,1447,309,123
INVSNP0010664,WH0007,PRD0052,2025-05-01,1407,309,123
INVSNP0010665,WH0007,PRD0052,2025-06-01,1403,309,123
INVSNP0010666,WH0007,PRD0052,2025-07-01,1075,309,123
INVSNP0010667,WH0007,PRD0052,2025-08-01,1145,309,123
INVSNP0010668,WH0007,PRD0052,2025-09-01,1115,309,123
INVSNP0010669,WH0007,PRD0052,2025-10-01,1348,309,123
INVSNP0010670,WH0007,PRD0052,2025-11-01,1232,309,123
INVSNP0010671,WH0007,PRD0052,2025-12-01,1296,309,123
INVSNP0010672,WH0007,PRD0052,2026-01-01,1204,309,123
INVSNP0010673,WH0007,PRD0052,2026-02-01,959,309,123
INVSNP0010674,WH0007,PRD0052,2026-03-01,1285,309,123
INVSNP0010675,WH0007,PRD0052,2026-04-01,1295,309,123
INVSNP0010676,WH0007,PRD0052,2026-05-01,1402,309,123
INVSNP0010677,WH0007,PRD0052,2026-06-01,1521,309,123
INVSNP0010678,WH0007,PRD0052,2026-07-01,1083,309,123
INVSNP0010679,WH0007,PRD0052,2026-08-01,1418,309,123
INVSNP0010680,WH0007,PRD0052,2026-09-01,916,309,123
INVSNP0010681,WH0007,PRD0049,2024-10-01,1102,321,128
INVSNP0010682,WH0007,PRD0049,2024-11-01,1526,321,128
INVSNP0010683,WH0007,PRD0049,2024-12-01,1322,321,128
INVSNP0010684,WH0007,PRD0049,2025-01-01,1203,321,128
INVSNP0010685,WH0007,PRD0049,2025-02-01,1584,321,128
INVSNP0010686,WH0007,PRD0049,2025-03-01,1857,321,128
INVSNP0010687,WH0007,PRD0049,2025-04-01,1163,321,128
INVSNP0010688,WH0007,PRD0049,2025-05-01,1256,321,128
INVSNP0010689,WH0007,PRD0049,2025-06-01,1227,321,128
INVSNP0010690,WH0007,PRD0049,2025-07-01,1135,321,128
INVSNP0010691,WH0007,PRD0049,2025-08-01,853,321,128
INVSNP0010692,WH0007,PRD0049,2025-09-01,1359,321,128
INVSNP0010693,WH0007,PRD0049,2025-10-01,1450,321,128
INVSNP0010694,WH0007,PRD0049,2025-11-01,1146,321,128
INVSNP0010695,WH0007,PRD0049,2025-12-01,1457,321,128
INVSNP0010696,WH0007,PRD0049,2026-01-01,1578,321,128
INVSNP0010697,WH0007,PRD0049,2026-02-01,1734,321,128
INVSNP0010698,WH0007,PRD0049,2026-03-01,1221,321,128
INVSNP0010699,WH0007,PRD0049,2026-04-01,1076,321,128
INVSNP0010700,WH0007,PRD0049,2026-05-01,1429,321,128
INVSNP0010701,WH0007,PRD0049,2026-06-01,1486,321,128
INVSNP0010702,WH0007,PRD0049,2026-07-01,1513,321,128
INVSNP0010703,WH0007,PRD0049,2026-08-01,1246,321,128
INVSNP0010704,WH0007,PRD0049,2026-09-01,1016,321,128
INVSNP0010705,WH0007,PRD0079,2024-10-01,1402,339,135
INVSNP0010706,WH0007,PRD0079,2024-11-01,1119,339,135
INVSNP0010707,WH0007,PRD0079,2024-12-01,1171,339,135
INVSNP0010708,WH0007,PRD0079,2025-01-01,1282,339,135
INVSNP0010709,WH0007,PRD0079,2025-02-01,1391,339,135
INVSNP0010710,WH0007,PRD0079,2025-03-01,1534,339,135
INVSNP0010711,WH0007,PRD0079,2025-04-01,1401,339,135
INVSNP0010712,WH0007,PRD0079,2025-05-01,1230,339,135
INVSNP0010713,WH0007,PRD0079,2025-06-01,1675,339,135
INVSNP0010714,WH0007,PRD0079,2025-07-01,1585,339,135
INVSNP0010715,WH0007,PRD0079,2025-08-01,1033,339,135
INVSNP0010716,WH0007,PRD0079,2025-09-01,973,339,135
INVSNP0010717,WH0007,PRD0079,2025-10-01,1056,339,135
INVSNP0010718,WH0007,PRD0079,2025-11-01,1283,339,135
INVSNP0010719,WH0007,PRD0079,2025-12-01,1257,339,135
INVSNP0010720,WH0007,PRD0079,2026-01-01,1005,339,135
INVSNP0010721,WH0007,PRD0079,2026-02-01,1651,339,135
INVSNP0010722,WH0007,PRD0079,2026-03-01,1098,339,135
INVSNP0010723,WH0007,PRD0079,2026-04-01,1259,339,135
INVSNP0010724,WH0007,PRD0079,2026-05-01,1277,339,135
INVSNP0010725,WH0007,PRD0079,2026-06-01,1577,339,135
INVSNP0010726,WH0007,PRD0079,2026-07-01,1515,339,135
INVSNP0010727,WH0007,PRD0079,2026-08-01,992,339,135
INVSNP0010728,WH0007,PRD0079,2026-09-01,999,339,135
INVSNP0010729,WH0007,PRD0149,2024-10-01,1646,531,212
INVSNP0010730,WH0007,PRD0149,2024-11-01,2440,531,212
INVSNP0010731,WH0007,PRD0149,2024-12-01,1472,531,212
INVSNP0010732,WH0007,PRD0149,2025-01-01,2611,531,212
INVSNP0010733,WH0007,PRD0149,2025-02-01,1655,531,212
INVSNP0010734,WH0007,PRD0149,2025-03-01,2474,531,212
INVSNP0010735,WH0007,PRD0149,2025-04-01,2135,531,212
INVSNP0010736,WH0007,PRD0149,2025-05-01,2489,531,212
INVSNP0010737,WH0007,PRD0149,2025-06-01,2091,531,212
INVSNP0010738,WH0007,PRD0149,2025-07-01,2099,531,212
INVSNP0010739,WH0007,PRD0149,2025-08-01,1957,531,212
INVSNP0010740,WH0007,PRD0149,2025-09-01,1840,531,212
INVSNP0010741,WH0007,PRD0149,2025-10-01,2193,531,212
INVSNP0010742,WH0007,PRD0149,2025-11-01,1755,531,212
INVSNP0010743,WH0007,PRD0149,2025-12-01,1878,531,212
INVSNP0010744,WH0007,PRD0149,2026-01-01,1967,531,212
INVSNP0010745,WH0007,PRD0149,2026-02-01,2095,531,212
INVSNP0010746,WH0007,PRD0149,2026-03-01,2138,531,212
INVSNP0010747,WH0007,PRD0149,2026-04-01,1667,531,212
INVSNP0010748,WH0007,PRD0149,2026-05-01,2173,531,212
INVSNP0010749,WH0007,PRD0149,2026-06-01,2416,531,212
INVSNP0010750,WH0007,PRD0149,2026-07-01,2311,531,212
INVSNP0010751,WH0007,PRD0149,2026-08-01,2611,531,212
INVSNP0010752,WH0007,PRD0149,2026-09-01,1903,531,212
INVSNP0010753,WH0007,PRD0046,2024-10-01,3121,783,313
INVSNP0010754,WH0007,PRD0046,2024-11-01,2821,783,313
INVSNP0010755,WH0007,PRD0046,2024-12-01,3930,783,313
INVSNP0010756,WH0007,PRD0046,2025-01-01,3543,783,313
INVSNP0010757,WH0007,PRD0046,2025-02-01,2409,783,313
INVSNP0010758,WH0007,PRD0046,2025-03-01,3382,783,313
INVSNP0010759,WH0007,PRD0046,2025-04-01,3891,783,313
INVSNP0010760,WH0007,PRD0046,2025-05-01,3237,783,313
INVSNP0010761,WH0007,PRD0046,2025-06-01,3345,783,313
INVSNP0010762,WH0007,PRD0046,2025-07-01,2661,783,313
INVSNP0010763,WH0007,PRD0046,2025-08-01,3579,783,313
INVSNP0010764,WH0007,PRD0046,2025-09-01,3180,783,313
INVSNP0010765,WH0007,PRD0046,2025-10-01,3290,783,313
INVSNP0010766,WH0007,PRD0046,2025-11-01,3383,783,313
INVSNP0010767,WH0007,PRD0046,2025-12-01,2189,783,313
INVSNP0010768,WH0007,PRD0046,2026-01-01,3703,783,313
INVSNP0010769,WH0007,PRD0046,2026-02-01,2701,783,313
INVSNP0010770,WH0007,PRD0046,2026-03-01,3093,783,313
INVSNP0010771,WH0007,PRD0046,2026-04-01,3247,783,313
INVSNP0010772,WH0007,PRD0046,2026-05-01,3543,783,313
INVSNP0010773,WH0007,PRD0046,2026-06-01,2551,783,313
INVSNP0010774,WH0007,PRD0046,2026-07-01,3142,783,313
INVSNP0010775,WH0007,PRD0046,2026-08-01,3203,783,313
INVSNP0010776,WH0007,PRD0046,2026-09-01,2843,783,313
INVSNP0010777,WH0007,PRD0112,2024-10-01,1672,458,183
INVSNP0010778,WH0007,PRD0112,2024-11-01,1291,458,183
INVSNP0010779,WH0007,PRD0112,2024-12-01,1860,458,183
INVSNP0010780,WH0007,PRD0112,2025-01-01,1860,458,183
INVSNP0010781,WH0007,PRD0112,2025-02-01,1672,458,183
INVSNP0010782,WH0007,PRD0112,2025-03-01,1896,458,183
INVSNP0010783,WH0007,PRD0112,2025-04-01,2028,458,183
INVSNP0010784,WH0007,PRD0112,2025-05-01,2258,458,183
INVSNP0010785,WH0007,PRD0112,2025-06-01,2105,458,183
INVSNP0010786,WH0007,PRD0112,2025-07-01,1807,458,183
INVSNP0010787,WH0007,PRD0112,2025-08-01,1353,458,183
INVSNP0010788,WH0007,PRD0112,2025-09-01,1996,458,183
INVSNP0010789,WH0007,PRD0112,2025-10-01,1373,458,183
INVSNP0010790,WH0007,PRD0112,2025-11-01,2185,458,183
INVSNP0010791,WH0007,PRD0112,2025-12-01,1935,458,183
INVSNP0010792,WH0007,PRD0112,2026-01-01,1880,458,183
INVSNP0010793,WH0007,PRD0112,2026-02-01,1735,458,183
INVSNP0010794,WH0007,PRD0112,2026-03-01,1360,458,183
INVSNP0010795,WH0007,PRD0112,2026-04-01,2206,458,183
INVSNP0010796,WH0007,PRD0112,2026-05-01,2179,458,183
INVSNP0010797,WH0007,PRD0112,2026-06-01,1800,458,183
INVSNP0010798,WH0007,PRD0112,2026-07-01,1620,458,183
INVSNP0010799,WH0007,PRD0112,2026-08-01,1968,458,183
INVSNP0010800,WH0007,PRD0112,2026-09-01,1651,458,183
INVSNP0010801,WH0007,PRD0043,2024-10-01,951,209,83
INVSNP0010802,WH0007,PRD0043,2024-11-01,841,209,83
INVSNP0010803,WH0007,PRD0043,2024-12-01,748,209,83
INVSNP0010804,WH0007,PRD0043,2025-01-01,830,209,83
INVSNP0010805,WH0007,PRD0043,2025-02-01,729,209,83
INVSNP0010806,WH0007,PRD0043,2025-03-01,857,209,83
INVSNP0010807,WH0007,PRD0043,2025-04-01,954,209,83
INVSNP0010808,WH0007,PRD0043,2025-05-01,753,209,83
INVSNP0010809,WH0007,PRD0043,2025-06-01,814,209,83
INVSNP0010810,WH0007,PRD0043,2025-07-01,1019,209,83
INVSNP0010811,WH0007,PRD0043,2025-08-01,747,209,83
INVSNP0010812,WH0007,PRD0043,2025-09-01,740,209,83
INVSNP0010813,WH0007,PRD0043,2025-10-01,990,209,83
INVSNP0010814,WH0007,PRD0043,2025-11-01,853,209,83
INVSNP0010815,WH0007,PRD0043,2025-12-01,935,209,83
INVSNP0010816,WH0007,PRD0043,2026-01-01,797,209,83
INVSNP0010817,WH0007,PRD0043,2026-02-01,669,209,83
INVSNP0010818,WH0007,PRD0043,2026-03-01,931,209,83
INVSNP0010819,WH0007,PRD0043,2026-04-01,985,209,83
INVSNP0010820,WH0007,PRD0043,2026-05-01,1032,209,83
INVSNP0010821,WH0007,PRD0043,2026-06-01,964,209,83
INVSNP0010822,WH0007,PRD0043,2026-07-01,876,209,83
INVSNP0010823,WH0007,PRD0043,2026-08-01,917,209,83
INVSNP0010824,WH0007,PRD0043,2026-09-01,834,209,83
INVSNP0010825,WH0007,PRD0104,2024-10-01,4133,814,325
INVSNP0010826,WH0007,PRD0104,2024-11-01,3580,814,325
INVSNP0010827,WH0007,PRD0104,2024-12-01,2944,814,325
INVSNP0010828,WH0007,PRD0104,2025-01-01,3183,814,325
INVSNP0010829,WH0007,PRD0104,2025-02-01,3056,814,325
INVSNP0010830,WH0007,PRD0104,2025-03-01,3011,814,325
INVSNP0010831,WH0007,PRD0104,2025-04-01,3365,814,325
INVSNP0010832,WH0007,PRD0104,2025-05-01,3143,814,325
INVSNP0010833,WH0007,PRD0104,2025-06-01,3534,814,325
INVSNP0010834,WH0007,PRD0104,2025-07-01,3482,814,325
INVSNP0010835,WH0007,PRD0104,2025-08-01,3510,814,325
INVSNP0010836,WH0007,PRD0104,2025-09-01,3172,814,325
INVSNP0010837,WH0007,PRD0104,2025-10-01,3488,814,325
INVSNP0010838,WH0007,PRD0104,2025-11-01,3267,814,325
INVSNP0010839,WH0007,PRD0104,2025-12-01,3365,814,325
INVSNP0010840,WH0007,PRD0104,2026-01-01,3128,814,325
INVSNP0010841,WH0007,PRD0104,2026-02-01,2957,814,325
INVSNP0010842,WH0007,PRD0104,2026-03-01,2993,814,325
INVSNP0010843,WH0007,PRD0104,2026-04-01,3822,814,325
INVSNP0010844,WH0007,PRD0104,2026-05-01,4057,814,325
INVSNP0010845,WH0007,PRD0104,2026-06-01,3183,814,325
INVSNP0010846,WH0007,PRD0104,2026-07-01,3203,814,325
INVSNP0010847,WH0007,PRD0104,2026-08-01,2229,814,325
INVSNP0010848,WH0007,PRD0104,2026-09-01,3172,814,325
INVSNP0010849,WH0007,PRD0013,2024-10-01,1166,276,110
INVSNP0010850,WH0007,PRD0013,2024-11-01,1257,276,110
INVSNP0010851,WH0007,PRD0013,2024-12-01,1293,276,110
INVSNP0010852,WH0007,PRD0013,2025-01-01,870,276,110
INVSNP0010853,WH0007,PRD0013,2025-02-01,1179,276,110
INVSNP0010854,WH0007,PRD0013,2025-03-01,830,276,110
INVSNP0010855,WH0007,PRD0013,2025-04-01,999,276,110
INVSNP0010856,WH0007,PRD0013,2025-05-01,1379,276,110
INVSNP0010857,WH0007,PRD0013,2025-06-01,835,276,110
INVSNP0010858,WH0007,PRD0013,2025-07-01,811,276,110
INVSNP0010859,WH0007,PRD0013,2025-08-01,982,276,110
INVSNP0010860,WH0007,PRD0013,2025-09-01,1060,276,110
INVSNP0010861,WH0007,PRD0013,2025-10-01,1115,276,110
INVSNP0010862,WH0007,PRD0013,2025-11-01,1023,276,110
INVSNP0010863,WH0007,PRD0013,2025-12-01,948,276,110
INVSNP0010864,WH0007,PRD0013,2026-01-01,1140,276,110
INVSNP0010865,WH0007,PRD0013,2026-02-01,1273,276,110
INVSNP0010866,WH0007,PRD0013,2026-03-01,1117,276,110
INVSNP0010867,WH0007,PRD0013,2026-04-01,1034,276,110
INVSNP0010868,WH0007,PRD0013,2026-05-01,1084,276,110
INVSNP0010869,WH0007,PRD0013,2026-06-01,1192,276,110
INVSNP0010870,WH0007,PRD0013,2026-07-01,810,276,110
INVSNP0010871,WH0007,PRD0013,2026-08-01,1230,276,110
INVSNP0010872,WH0007,PRD0013,2026-09-01,1204,276,110
INVSNP0010873,WH0007,PRD0001,2024-10-01,307,56,22
INVSNP0010874,WH0007,PRD0001,2024-11-01,227,56,22
INVSNP0010875,WH0007,PRD0001,2024-12-01,204,56,22
INVSNP0010876,WH0007,PRD0001,2025-01-01,174,56,22
INVSNP0010877,WH0007,PRD0001,2025-02-01,216,56,22
INVSNP0010878,WH0007,PRD0001,2025-03-01,309,56,22
INVSNP0010879,WH0007,PRD0001,2025-04-01,180,56,22
INVSNP0010880,WH0007,PRD0001,2025-05-01,167,56,22
INVSNP0010881,WH0007,PRD0001,2025-06-01,262,56,22
INVSNP0010882,WH0007,PRD0001,2025-07-01,278,56,22
INVSNP0010883,WH0007,PRD0001,2025-08-01,213,56,22
INVSNP0010884,WH0007,PRD0001,2025-09-01,243,56,22
INVSNP0010885,WH0007,PRD0001,2025-10-01,222,56,22
INVSNP0010886,WH0007,PRD0001,2025-11-01,236,56,22
INVSNP0010887,WH0007,PRD0001,2025-12-01,282,56,22
INVSNP0010888,WH0007,PRD0001,2026-01-01,241,56,22
INVSNP0010889,WH0007,PRD0001,2026-02-01,277,56,22
INVSNP0010890,WH0007,PRD0001,2026-03-01,224,56,22
INVSNP0010891,WH0007,PRD0001,2026-04-01,226,56,22
INVSNP0010892,WH0007,PRD0001,2026-05-01,226,56,22
INVSNP0010893,WH0007,PRD0001,2026-06-01,166,56,22
INVSNP0010894,WH0007,PRD0001,2026-07-01,152,56,22
INVSNP0010895,WH0007,PRD0001,2026-08-01,248,56,22
INVSNP0010896,WH0007,PRD0001,2026-09-01,244,56,22
INVSNP0010897,WH0007,PRD0059,2024-10-01,1966,615,246
INVSNP0010898,WH0007,PRD0059,2024-11-01,3216,615,246
INVSNP0010899,WH0007,PRD0059,2024-12-01,2304,615,246
INVSNP0010900,WH0007,PRD0059,2025-01-01,2511,615,246
INVSNP0010901,WH0007,PRD0059,2025-02-01,2980,615,246
INVSNP0010902,WH0007,PRD0059,2025-03-01,2197,615,246
INVSNP0010903,WH0007,PRD0059,2025-04-01,3209,615,246
INVSNP0010904,WH0007,PRD0059,2025-05-01,2624,615,246
INVSNP0010905,WH0007,PRD0059,2025-06-01,2722,615,246
INVSNP0010906,WH0007,PRD0059,2025-07-01,2797,615,246
INVSNP0010907,WH0007,PRD0059,2025-08-01,2578,615,246
INVSNP0010908,WH0007,PRD0059,2025-09-01,2335,615,246
INVSNP0010909,WH0007,PRD0059,2025-10-01,2774,615,246
INVSNP0010910,WH0007,PRD0059,2025-11-01,2402,615,246
INVSNP0010911,WH0007,PRD0059,2025-12-01,2635,615,246
INVSNP0010912,WH0007,PRD0059,2026-01-01,1837,615,246
INVSNP0010913,WH0007,PRD0059,2026-02-01,2622,615,246
INVSNP0010914,WH0007,PRD0059,2026-03-01,2922,615,246
INVSNP0010915,WH0007,PRD0059,2026-04-01,3013,615,246
INVSNP0010916,WH0007,PRD0059,2026-05-01,2390,615,246
INVSNP0010917,WH0007,PRD0059,2026-06-01,2359,615,246
INVSNP0010918,WH0007,PRD0059,2026-07-01,2024,615,246
INVSNP0010919,WH0007,PRD0059,2026-08-01,2296,615,246
INVSNP0010920,WH0007,PRD0059,2026-09-01,1968,615,246
INVSNP0010921,WH0007,PRD0090,2024-10-01,2567,708,283
INVSNP0010922,WH0007,PRD0090,2024-11-01,3787,708,283
INVSNP0010923,WH0007,PRD0090,2024-12-01,2588,708,283
INVSNP0010924,WH0007,PRD0090,2025-01-01,2522,708,283
INVSNP0010925,WH0007,PRD0090,2025-02-01,2528,708,283
INVSNP0010926,WH0007,PRD0090,2025-03-01,3119,708,283
INVSNP0010927,WH0007,PRD0090,2025-04-01,3546,708,283
INVSNP0010928,WH0007,PRD0090,2025-05-01,2828,708,283
INVSNP0010929,WH0007,PRD0090,2025-06-01,2669,708,283
INVSNP0010930,WH0007,PRD0090,2025-07-01,2712,708,283
INVSNP0010931,WH0007,PRD0090,2025-08-01,2435,708,283
INVSNP0010932,WH0007,PRD0090,2025-09-01,2399,708,283
INVSNP0010933,WH0007,PRD0090,2025-10-01,3073,708,283
INVSNP0010934,WH0007,PRD0090,2025-11-01,2577,708,283
INVSNP0010935,WH0007,PRD0090,2025-12-01,3205,708,283
INVSNP0010936,WH0007,PRD0090,2026-01-01,1568,708,283
INVSNP0010937,WH0007,PRD0090,2026-02-01,3391,708,283
INVSNP0010938,WH0007,PRD0090,2026-03-01,2421,708,283
INVSNP0010939,WH0007,PRD0090,2026-04-01,3112,708,283
INVSNP0010940,WH0007,PRD0090,2026-05-01,3315,708,283
INVSNP0010941,WH0007,PRD0090,2026-06-01,2878,708,283
INVSNP0010942,WH0007,PRD0090,2026-07-01,3114,708,283
INVSNP0010943,WH0007,PRD0090,2026-08-01,2870,708,283
INVSNP0010944,WH0007,PRD0090,2026-09-01,3642,708,283
INVSNP0010945,WH0008,PRD0036,2024-10-01,413,119,47
INVSNP0010946,WH0008,PRD0036,2024-11-01,553,119,47
INVSNP0010947,WH0008,PRD0036,2024-12-01,402,119,47
INVSNP0010948,WH0008,PRD0036,2025-01-01,457,119,47
INVSNP0010949,WH0008,PRD0036,2025-02-01,411,119,47
INVSNP0010950,WH0008,PRD0036,2025-03-01,442,119,47
INVSNP0010951,WH0008,PRD0036,2025-04-01,525,119,47
INVSNP0010952,WH0008,PRD0036,2025-05-01,441,119,47
INVSNP0010953,WH0008,PRD0036,2025-06-01,550,119,47
INVSNP0010954,WH0008,PRD0036,2025-07-01,396,119,47
INVSNP0010955,WH0008,PRD0036,2025-08-01,365,119,47
INVSNP0010956,WH0008,PRD0036,2025-09-01,519,119,47
INVSNP0010957,WH0008,PRD0036,2025-10-01,452,119,47
INVSNP0010958,WH0008,PRD0036,2025-11-01,539,119,47
INVSNP0010959,WH0008,PRD0036,2025-12-01,442,119,47
INVSNP0010960,WH0008,PRD0036,2026-01-01,488,119,47
INVSNP0010961,WH0008,PRD0036,2026-02-01,471,119,47
INVSNP0010962,WH0008,PRD0036,2026-03-01,559,119,47
INVSNP0010963,WH0008,PRD0036,2026-04-01,330,119,47
INVSNP0010964,WH0008,PRD0036,2026-05-01,516,119,47
INVSNP0010965,WH0008,PRD0036,2026-06-01,409,119,47
INVSNP0010966,WH0008,PRD0036,2026-07-01,451,119,47
INVSNP0010967,WH0008,PRD0036,2026-08-01,461,119,47
INVSNP0010968,WH0008,PRD0036,2026-09-01,510,119,47
INVSNP0010969,WH0008,PRD0007,2024-10-01,2881,874,349
INVSNP0010970,WH0008,PRD0007,2024-11-01,3614,874,349
INVSNP0010971,WH0008,PRD0007,2024-12-01,3507,874,349
INVSNP0010972,WH0008,PRD0007,2025-01-01,3788,874,349
INVSNP0010973,WH0008,PRD0007,2025-02-01,4037,874,349
INVSNP0010974,WH0008,PRD0007,2025-03-01,3903,874,349
INVSNP0010975,WH0008,PRD0007,2025-04-01,2906,874,349
INVSNP0010976,WH0008,PRD0007,2025-05-01,3237,874,349
INVSNP0010977,WH0008,PRD0007,2025-06-01,4295,874,349
INVSNP0010978,WH0008,PRD0007,2025-07-01,3574,874,349
INVSNP0010979,WH0008,PRD0007,2025-08-01,3702,874,349
INVSNP0010980,WH0008,PRD0007,2025-09-01,2631,874,349
INVSNP0010981,WH0008,PRD0007,2025-10-01,3431,874,349
INVSNP0010982,WH0008,PRD0007,2025-11-01,3819,874,349
INVSNP0010983,WH0008,PRD0007,2025-12-01,3649,874,349
INVSNP0010984,WH0008,PRD0007,2026-01-01,3134,874,349
INVSNP0010985,WH0008,PRD0007,2026-02-01,3292,874,349
INVSNP0010986,WH0008,PRD0007,2026-03-01,3146,874,349
INVSNP0010987,WH0008,PRD0007,2026-04-01,3294,874,349
INVSNP0010988,WH0008,PRD0007,2026-05-01,4034,874,349
INVSNP0010989,WH0008,PRD0007,2026-06-01,2861,874,349
INVSNP0010990,WH0008,PRD0007,2026-07-01,3161,874,349
INVSNP0010991,WH0008,PRD0007,2026-08-01,3036,874,349
INVSNP0010992,WH0008,PRD0007,2026-09-01,4116,874,349
INVSNP0010993,WH0008,PRD0032,2024-10-01,5079,1160,464
INVSNP0010994,WH0008,PRD0032,2024-11-01,5216,1160,464
INVSNP0010995,WH0008,PRD0032,2024-12-01,5901,1160,464
INVSNP0010996,WH0008,PRD0032,2025-01-01,4631,1160,464
INVSNP0010997,WH0008,PRD0032,2025-02-01,3543,1160,464
INVSNP0010998,WH0008,PRD0032,2025-03-01,4013,1160,464
INVSNP0010999,WH0008,PRD0032,2025-04-01,4920,1160,464
INVSNP0011000,WH0008,PRD0032,2025-05-01,4532,1160,464
INVSNP0011001,WH0008,PRD0032,2025-06-01,4345,1160,464
INVSNP0011002,WH0008,PRD0032,2025-07-01,5356,1160,464
INVSNP0011003,WH0008,PRD0032,2025-08-01,3937,1160,464
INVSNP0011004,WH0008,PRD0032,2025-09-01,4718,1160,464
INVSNP0011005,WH0008,PRD0032,2025-10-01,4323,1160,464
INVSNP0011006,WH0008,PRD0032,2025-11-01,4910,1160,464
INVSNP0011007,WH0008,PRD0032,2025-12-01,5575,1160,464
INVSNP0011008,WH0008,PRD0032,2026-01-01,4430,1160,464
INVSNP0011009,WH0008,PRD0032,2026-02-01,4020,1160,464
INVSNP0011010,WH0008,PRD0032,2026-03-01,5593,1160,464
INVSNP0011011,WH0008,PRD0032,2026-04-01,3623,1160,464
INVSNP0011012,WH0008,PRD0032,2026-05-01,4303,1160,464
INVSNP0011013,WH0008,PRD0032,2026-06-01,5225,1160,464
INVSNP0011014,WH0008,PRD0032,2026-07-01,4349,1160,464
INVSNP0011015,WH0008,PRD0032,2026-08-01,5284,1160,464
INVSNP0011016,WH0008,PRD0032,2026-09-01,5120,1160,464
INVSNP0011017,WH0008,PRD0136,2024-10-01,1928,680,272
INVSNP0011018,WH0008,PRD0136,2024-11-01,3000,680,272
INVSNP0011019,WH0008,PRD0136,2024-12-01,2438,680,272
INVSNP0011020,WH0008,PRD0136,2025-01-01,2099,680,272
INVSNP0011021,WH0008,PRD0136,2025-02-01,2906,680,272
INVSNP0011022,WH0008,PRD0136,2025-03-01,2759,680,272
INVSNP0011023,WH0008,PRD0136,2025-04-01,2407,680,272
INVSNP0011024,WH0008,PRD0136,2025-05-01,2632,680,272
INVSNP0011025,WH0008,PRD0136,2025-06-01,2817,680,272
INVSNP0011026,WH0008,PRD0136,2025-07-01,2547,680,272
INVSNP0011027,WH0008,PRD0136,2025-08-01,2176,680,272
INVSNP0011028,WH0008,PRD0136,2025-09-01,3196,680,272
INVSNP0011029,WH0008,PRD0136,2025-10-01,2459,680,272
INVSNP0011030,WH0008,PRD0136,2025-11-01,2750,680,272
INVSNP0011031,WH0008,PRD0136,2025-12-01,3139,680,272
INVSNP0011032,WH0008,PRD0136,2026-01-01,2810,680,272
INVSNP0011033,WH0008,PRD0136,2026-02-01,2210,680,272
INVSNP0011034,WH0008,PRD0136,2026-03-01,2868,680,272
INVSNP0011035,WH0008,PRD0136,2026-04-01,2112,680,272
INVSNP0011036,WH0008,PRD0136,2026-05-01,3176,680,272
INVSNP0011037,WH0008,PRD0136,2026-06-01,2652,680,272
INVSNP0011038,WH0008,PRD0136,2026-07-01,3274,680,272
INVSNP0011039,WH0008,PRD0136,2026-08-01,3231,680,272
INVSNP0011040,WH0008,PRD0136,2026-09-01,3063,680,272
INVSNP0011041,WH0008,PRD0072,2024-10-01,1041,241,96
INVSNP0011042,WH0008,PRD0072,2024-11-01,823,241,96
INVSNP0011043,WH0008,PRD0072,2024-12-01,881,241,96
INVSNP0011044,WH0008,PRD0072,2025-01-01,885,241,96
INVSNP0011045,WH0008,PRD0072,2025-02-01,834,241,96
INVSNP0011046,WH0008,PRD0072,2025-03-01,785,241,96
INVSNP0011047,WH0008,PRD0072,2025-04-01,928,241,96
INVSNP0011048,WH0008,PRD0072,2025-05-01,846,241,96
INVSNP0011049,WH0008,PRD0072,2025-06-01,886,241,96
INVSNP0011050,WH0008,PRD0072,2025-07-01,641,241,96
INVSNP0011051,WH0008,PRD0072,2025-08-01,821,241,96
INVSNP0011052,WH0008,PRD0072,2025-09-01,862,241,96
INVSNP0011053,WH0008,PRD0072,2025-10-01,1049,241,96
INVSNP0011054,WH0008,PRD0072,2025-11-01,937,241,96
INVSNP0011055,WH0008,PRD0072,2025-12-01,1205,241,96
INVSNP0011056,WH0008,PRD0072,2026-01-01,662,241,96
INVSNP0011057,WH0008,PRD0072,2026-02-01,1052,241,96
INVSNP0011058,WH0008,PRD0072,2026-03-01,945,241,96
INVSNP0011059,WH0008,PRD0072,2026-04-01,1114,241,96
INVSNP0011060,WH0008,PRD0072,2026-05-01,1136,241,96
INVSNP0011061,WH0008,PRD0072,2026-06-01,873,241,96
INVSNP0011062,WH0008,PRD0072,2026-07-01,885,241,96
INVSNP0011063,WH0008,PRD0072,2026-08-01,960,241,96
INVSNP0011064,WH0008,PRD0072,2026-09-01,847,241,96
INVSNP0011065,WH0008,PRD0064,2024-10-01,3555,847,339
INVSNP0011066,WH0008,PRD0064,2024-11-01,2968,847,339
INVSNP0011067,WH0008,PRD0064,2024-12-01,4029,847,339
INVSNP0011068,WH0008,PRD0064,2025-01-01,3026,847,339
INVSNP0011069,WH0008,PRD0064,2025-02-01,3441,847,339
INVSNP0011070,WH0008,PRD0064,2025-03-01,3466,847,339
INVSNP0011071,WH0008,PRD0064,2025-04-01,2920,847,339
INVSNP0011072,WH0008,PRD0064,2025-05-01,2830,847,339
INVSNP0011073,WH0008,PRD0064,2025-06-01,2394,847,339
INVSNP0011074,WH0008,PRD0064,2025-07-01,2958,847,339
INVSNP0011075,WH0008,PRD0064,2025-08-01,3631,847,339
INVSNP0011076,WH0008,PRD0064,2025-09-01,3430,847,339
INVSNP0011077,WH0008,PRD0064,2025-10-01,3448,847,339
INVSNP0011078,WH0008,PRD0064,2025-11-01,3399,847,339
INVSNP0011079,WH0008,PRD0064,2025-12-01,4407,847,339
INVSNP0011080,WH0008,PRD0064,2026-01-01,3717,847,339
INVSNP0011081,WH0008,PRD0064,2026-02-01,3259,847,339
INVSNP0011082,WH0008,PRD0064,2026-03-01,2981,847,339
INVSNP0011083,WH0008,PRD0064,2026-04-01,2420,847,339
INVSNP0011084,WH0008,PRD0064,2026-05-01,3662,847,339
INVSNP0011085,WH0008,PRD0064,2026-06-01,3420,847,339
INVSNP0011086,WH0008,PRD0064,2026-07-01,2905,847,339
INVSNP0011087,WH0008,PRD0064,2026-08-01,5196,847,339
INVSNP0011088,WH0008,PRD0064,2026-09-01,3524,847,339
INVSNP0011089,WH0008,PRD0095,2024-10-01,2207,524,209
INVSNP0011090,WH0008,PRD0095,2024-11-01,2420,524,209
INVSNP0011091,WH0008,PRD0095,2024-12-01,2294,524,209
INVSNP0011092,WH0008,PRD0095,2025-01-01,2351,524,209
INVSNP0011093,WH0008,PRD0095,2025-02-01,2398,524,209
INVSNP0011094,WH0008,PRD0095,2025-03-01,2296,524,209
INVSNP0011095,WH0008,PRD0095,2025-04-01,2443,524,209
INVSNP0011096,WH0008,PRD0095,2025-05-01,2379,524,209
INVSNP0011097,WH0008,PRD0095,2025-06-01,2050,524,209
INVSNP0011098,WH0008,PRD0095,2025-07-01,2365,524,209
INVSNP0011099,WH0008,PRD0095,2025-08-01,1904,524,209
INVSNP0011100,WH0008,PRD0095,2025-09-01,1741,524,209
INVSNP0011101,WH0008,PRD0095,2025-10-01,2044,524,209
INVSNP0011102,WH0008,PRD0095,2025-11-01,1625,524,209
INVSNP0011103,WH0008,PRD0095,2025-12-01,1753,524,209
INVSNP0011104,WH0008,PRD0095,2026-01-01,1804,524,209
INVSNP0011105,WH0008,PRD0095,2026-02-01,2438,524,209
INVSNP0011106,WH0008,PRD0095,2026-03-01,2135,524,209
INVSNP0011107,WH0008,PRD0095,2026-04-01,2115,524,209
INVSNP0011108,WH0008,PRD0095,2026-05-01,2287,524,209
INVSNP0011109,WH0008,PRD0095,2026-06-01,2116,524,209
INVSNP0011110,WH0008,PRD0095,2026-07-01,2340,524,209
INVSNP0011111,WH0008,PRD0095,2026-08-01,2111,524,209
INVSNP0011112,WH0008,PRD0095,2026-09-01,1824,524,209
INVSNP0011113,WH0008,PRD0116,2024-10-01,333,80,32
INVSNP0011114,WH0008,PRD0116,2024-11-01,271,80,32
INVSNP0011115,WH0008,PRD0116,2024-12-01,403,80,32
INVSNP0011116,WH0008,PRD0116,2025-01-01,260,80,32
INVSNP0011117,WH0008,PRD0116,2025-02-01,359,80,32
INVSNP0011118,WH0008,PRD0116,2025-03-01,367,80,32
INVSNP0011119,WH0008,PRD0116,2025-04-01,322,80,32
INVSNP0011120,WH0008,PRD0116,2025-05-01,339,80,32
INVSNP0011121,WH0008,PRD0116,2025-06-01,310,80,32
INVSNP0011122,WH0008,PRD0116,2025-07-01,332,80,32
INVSNP0011123,WH0008,PRD0116,2025-08-01,276,80,32
INVSNP0011124,WH0008,PRD0116,2025-09-01,406,80,32
INVSNP0011125,WH0008,PRD0116,2025-10-01,270,80,32
INVSNP0011126,WH0008,PRD0116,2025-11-01,301,80,32
INVSNP0011127,WH0008,PRD0116,2025-12-01,380,80,32
INVSNP0011128,WH0008,PRD0116,2026-01-01,351,80,32
INVSNP0011129,WH0008,PRD0116,2026-02-01,400,80,32
INVSNP0011130,WH0008,PRD0116,2026-03-01,361,80,32
INVSNP0011131,WH0008,PRD0116,2026-04-01,290,80,32
INVSNP0011132,WH0008,PRD0116,2026-05-01,276,80,32
INVSNP0011133,WH0008,PRD0116,2026-06-01,338,80,32
INVSNP0011134,WH0008,PRD0116,2026-07-01,324,80,32
INVSNP0011135,WH0008,PRD0116,2026-08-01,337,80,32
INVSNP0011136,WH0008,PRD0116,2026-09-01,363,80,32
INVSNP0011137,WH0008,PRD0122,2024-10-01,2522,811,324
INVSNP0011138,WH0008,PRD0122,2024-11-01,2875,811,324
INVSNP0011139,WH0008,PRD0122,2024-12-01,3508,811,324
INVSNP0011140,WH0008,PRD0122,2025-01-01,3455,811,324
INVSNP0011141,WH0008,PRD0122,2025-02-01,3224,811,324
INVSNP0011142,WH0008,PRD0122,2025-03-01,3123,811,324
INVSNP0011143,WH0008,PRD0122,2025-04-01,4000,811,324
INVSNP0011144,WH0008,PRD0122,2025-05-01,3715,811,324
INVSNP0011145,WH0008,PRD0122,2025-06-01,3066,811,324
INVSNP0011146,WH0008,PRD0122,2025-07-01,2650,811,324
INVSNP0011147,WH0008,PRD0122,2025-08-01,3717,811,324
INVSNP0011148,WH0008,PRD0122,2025-09-01,3313,811,324
INVSNP0011149,WH0008,PRD0122,2025-10-01,3461,811,324
INVSNP0011150,WH0008,PRD0122,2025-11-01,3220,811,324
INVSNP0011151,WH0008,PRD0122,2025-12-01,3656,811,324
INVSNP0011152,WH0008,PRD0122,2026-01-01,2707,811,324
INVSNP0011153,WH0008,PRD0122,2026-02-01,3555,811,324
INVSNP0011154,WH0008,PRD0122,2026-03-01,3490,811,324
INVSNP0011155,WH0008,PRD0122,2026-04-01,3222,811,324
INVSNP0011156,WH0008,PRD0122,2026-05-01,2174,811,324
INVSNP0011157,WH0008,PRD0122,2026-06-01,3159,811,324
INVSNP0011158,WH0008,PRD0122,2026-07-01,3106,811,324
INVSNP0011159,WH0008,PRD0122,2026-08-01,3818,811,324
INVSNP0011160,WH0008,PRD0122,2026-09-01,2815,811,324
INVSNP0011161,WH0008,PRD0132,2024-10-01,4260,964,385
INVSNP0011162,WH0008,PRD0132,2024-11-01,4578,964,385
INVSNP0011163,WH0008,PRD0132,2024-12-01,4141,964,385
INVSNP0011164,WH0008,PRD0132,2025-01-01,3941,964,385
INVSNP0011165,WH0008,PRD0132,2025-02-01,3690,964,385
INVSNP0011166,WH0008,PRD0132,2025-03-01,4308,964,385
INVSNP0011167,WH0008,PRD0132,2025-04-01,3914,964,385
INVSNP0011168,WH0008,PRD0132,2025-05-01,3570,964,385
INVSNP0011169,WH0008,PRD0132,2025-06-01,4210,964,385
INVSNP0011170,WH0008,PRD0132,2025-07-01,3144,964,385
INVSNP0011171,WH0008,PRD0132,2025-08-01,4638,964,385
INVSNP0011172,WH0008,PRD0132,2025-09-01,4720,964,385
INVSNP0011173,WH0008,PRD0132,2025-10-01,4262,964,385
INVSNP0011174,WH0008,PRD0132,2025-11-01,3119,964,385
INVSNP0011175,WH0008,PRD0132,2025-12-01,3709,964,385
INVSNP0011176,WH0008,PRD0132,2026-01-01,3501,964,385
INVSNP0011177,WH0008,PRD0132,2026-02-01,3551,964,385
INVSNP0011178,WH0008,PRD0132,2026-03-01,3249,964,385
INVSNP0011179,WH0008,PRD0132,2026-04-01,4212,964,385
INVSNP0011180,WH0008,PRD0132,2026-05-01,4197,964,385
INVSNP0011181,WH0008,PRD0132,2026-06-01,3153,964,385
INVSNP0011182,WH0008,PRD0132,2026-07-01,3021,964,385
INVSNP0011183,WH0008,PRD0132,2026-08-01,3485,964,385
INVSNP0011184,WH0008,PRD0132,2026-09-01,3135,964,385
INVSNP0011185,WH0008,PRD0106,2024-10-01,3337,806,322
INVSNP0011186,WH0008,PRD0106,2024-11-01,2555,806,322
INVSNP0011187,WH0008,PRD0106,2024-12-01,3023,806,322
INVSNP0011188,WH0008,PRD0106,2025-01-01,3589,806,322
INVSNP0011189,WH0008,PRD0106,2025-02-01,2573,806,322
INVSNP0011190,WH0008,PRD0106,2025-03-01,2636,806,322
INVSNP0011191,WH0008,PRD0106,2025-04-01,3343,806,322
INVSNP0011192,WH0008,PRD0106,2025-05-01,3124,806,322
INVSNP0011193,WH0008,PRD0106,2025-06-01,2477,806,322
INVSNP0011194,WH0008,PRD0106,2025-07-01,3082,806,322
INVSNP0011195,WH0008,PRD0106,2025-08-01,2864,806,322
INVSNP0011196,WH0008,PRD0106,2025-09-01,3459,806,322
INVSNP0011197,WH0008,PRD0106,2025-10-01,2824,806,322
INVSNP0011198,WH0008,PRD0106,2025-11-01,2814,806,322
INVSNP0011199,WH0008,PRD0106,2025-12-01,2595,806,322
INVSNP0011200,WH0008,PRD0106,2026-01-01,3746,806,322
INVSNP0011201,WH0008,PRD0106,2026-02-01,3380,806,322
INVSNP0011202,WH0008,PRD0106,2026-03-01,2973,806,322
INVSNP0011203,WH0008,PRD0106,2026-04-01,3464,806,322
INVSNP0011204,WH0008,PRD0106,2026-05-01,2860,806,322
INVSNP0011205,WH0008,PRD0106,2026-06-01,3195,806,322
INVSNP0011206,WH0008,PRD0106,2026-07-01,2389,806,322
INVSNP0011207,WH0008,PRD0106,2026-08-01,3273,806,322
INVSNP0011208,WH0008,PRD0106,2026-09-01,3146,806,322
INVSNP0011209,WH0008,PRD0049,2024-10-01,2881,698,279
INVSNP0011210,WH0008,PRD0049,2024-11-01,2637,698,279
INVSNP0011211,WH0008,PRD0049,2024-12-01,2995,698,279
INVSNP0011212,WH0008,PRD0049,2025-01-01,2955,698,279
INVSNP0011213,WH0008,PRD0049,2025-02-01,3193,698,279
INVSNP0011214,WH0008,PRD0049,2025-03-01,3267,698,279
INVSNP0011215,WH0008,PRD0049,2025-04-01,2872,698,279
INVSNP0011216,WH0008,PRD0049,2025-05-01,2862,698,279
INVSNP0011217,WH0008,PRD0049,2025-06-01,2187,698,279
INVSNP0011218,WH0008,PRD0049,2025-07-01,2249,698,279
INVSNP0011219,WH0008,PRD0049,2025-08-01,2439,698,279
INVSNP0011220,WH0008,PRD0049,2025-09-01,2441,698,279
INVSNP0011221,WH0008,PRD0049,2025-10-01,2816,698,279
INVSNP0011222,WH0008,PRD0049,2025-11-01,2709,698,279
INVSNP0011223,WH0008,PRD0049,2025-12-01,1777,698,279
INVSNP0011224,WH0008,PRD0049,2026-01-01,2647,698,279
INVSNP0011225,WH0008,PRD0049,2026-02-01,2964,698,279
INVSNP0011226,WH0008,PRD0049,2026-03-01,1855,698,279
INVSNP0011227,WH0008,PRD0049,2026-04-01,2470,698,279
INVSNP0011228,WH0008,PRD0049,2026-05-01,2565,698,279
INVSNP0011229,WH0008,PRD0049,2026-06-01,2067,698,279
INVSNP0011230,WH0008,PRD0049,2026-07-01,2491,698,279
INVSNP0011231,WH0008,PRD0049,2026-08-01,3337,698,279
INVSNP0011232,WH0008,PRD0049,2026-09-01,2971,698,279
INVSNP0011233,WH0008,PRD0001,2024-10-01,5031,1093,437
INVSNP0011234,WH0008,PRD0001,2024-11-01,4882,1093,437
INVSNP0011235,WH0008,PRD0001,2024-12-01,4758,1093,437
INVSNP0011236,WH0008,PRD0001,2025-01-01,4898,1093,437
INVSNP0011237,WH0008,PRD0001,2025-02-01,4237,1093,437
INVSNP0011238,WH0008,PRD0001,2025-03-01,4913,1093,437
INVSNP0011239,WH0008,PRD0001,2025-04-01,3455,1093,437
INVSNP0011240,WH0008,PRD0001,2025-05-01,3761,1093,437
INVSNP0011241,WH0008,PRD0001,2025-06-01,3325,1093,437
INVSNP0011242,WH0008,PRD0001,2025-07-01,4494,1093,437
INVSNP0011243,WH0008,PRD0001,2025-08-01,4188,1093,437
INVSNP0011244,WH0008,PRD0001,2025-09-01,5004,1093,437
INVSNP0011245,WH0008,PRD0001,2025-10-01,5243,1093,437
INVSNP0011246,WH0008,PRD0001,2025-11-01,4053,1093,437
INVSNP0011247,WH0008,PRD0001,2025-12-01,3978,1093,437
INVSNP0011248,WH0008,PRD0001,2026-01-01,3867,1093,437
INVSNP0011249,WH0008,PRD0001,2026-02-01,4199,1093,437
INVSNP0011250,WH0008,PRD0001,2026-03-01,4178,1093,437
INVSNP0011251,WH0008,PRD0001,2026-04-01,3589,1093,437
INVSNP0011252,WH0008,PRD0001,2026-05-01,3515,1093,437
INVSNP0011253,WH0008,PRD0001,2026-06-01,4286,1093,437
INVSNP0011254,WH0008,PRD0001,2026-07-01,3755,1093,437
INVSNP0011255,WH0008,PRD0001,2026-08-01,2658,1093,437
INVSNP0011256,WH0008,PRD0001,2026-09-01,3813,1093,437
INVSNP0011257,WH0008,PRD0083,2024-10-01,1888,535,214
INVSNP0011258,WH0008,PRD0083,2024-11-01,2750,535,214
INVSNP0011259,WH0008,PRD0083,2024-12-01,1976,535,214
INVSNP0011260,WH0008,PRD0083,2025-01-01,1927,535,214
INVSNP0011261,WH0008,PRD0083,2025-02-01,2549,535,214
INVSNP0011262,WH0008,PRD0083,2025-03-01,1989,535,214
INVSNP0011263,WH0008,PRD0083,2025-04-01,2598,535,214
INVSNP0011264,WH0008,PRD0083,2025-05-01,1954,535,214
INVSNP0011265,WH0008,PRD0083,2025-06-01,2030,535,214
INVSNP0011266,WH0008,PRD0083,2025-07-01,2411,535,214
INVSNP0011267,WH0008,PRD0083,2025-08-01,1904,535,214
INVSNP0011268,WH0008,PRD0083,2025-09-01,1936,535,214
INVSNP0011269,WH0008,PRD0083,2025-10-01,2703,535,214
INVSNP0011270,WH0008,PRD0083,2025-11-01,2347,535,214
INVSNP0011271,WH0008,PRD0083,2025-12-01,2154,535,214
INVSNP0011272,WH0008,PRD0083,2026-01-01,2233,535,214
INVSNP0011273,WH0008,PRD0083,2026-02-01,2821,535,214
INVSNP0011274,WH0008,PRD0083,2026-03-01,2257,535,214
INVSNP0011275,WH0008,PRD0083,2026-04-01,2163,535,214
INVSNP0011276,WH0008,PRD0083,2026-05-01,2192,535,214
INVSNP0011277,WH0008,PRD0083,2026-06-01,1851,535,214
INVSNP0011278,WH0008,PRD0083,2026-07-01,2051,535,214
INVSNP0011279,WH0008,PRD0083,2026-08-01,2218,535,214
INVSNP0011280,WH0008,PRD0083,2026-09-01,2322,535,214
INVSNP0011281,WH0008,PRD0005,2024-10-01,2174,551,220
INVSNP0011282,WH0008,PRD0005,2024-11-01,2243,551,220
INVSNP0011283,WH0008,PRD0005,2024-12-01,1698,551,220
INVSNP0011284,WH0008,PRD0005,2025-01-01,2229,551,220
INVSNP0011285,WH0008,PRD0005,2025-02-01,2793,551,220
INVSNP0011286,WH0008,PRD0005,2025-03-01,2377,551,220
INVSNP0011287,WH0008,PRD0005,2025-04-01,1892,551,220
INVSNP0011288,WH0008,PRD0005,2025-05-01,1857,551,220
INVSNP0011289,WH0008,PRD0005,2025-06-01,2942,551,220
INVSNP0011290,WH0008,PRD0005,2025-07-01,2622,551,220
INVSNP0011291,WH0008,PRD0005,2025-08-01,2519,551,220
INVSNP0011292,WH0008,PRD0005,2025-09-01,1911,551,220
INVSNP0011293,WH0008,PRD0005,2025-10-01,1954,551,220
INVSNP0011294,WH0008,PRD0005,2025-11-01,2054,551,220
INVSNP0011295,WH0008,PRD0005,2025-12-01,2796,551,220
INVSNP0011296,WH0008,PRD0005,2026-01-01,1803,551,220
INVSNP0011297,WH0008,PRD0005,2026-02-01,2904,551,220
INVSNP0011298,WH0008,PRD0005,2026-03-01,1830,551,220
INVSNP0011299,WH0008,PRD0005,2026-04-01,2067,551,220
INVSNP0011300,WH0008,PRD0005,2026-05-01,2389,551,220
INVSNP0011301,WH0008,PRD0005,2026-06-01,2553,551,220
INVSNP0011302,WH0008,PRD0005,2026-07-01,1900,551,220
INVSNP0011303,WH0008,PRD0005,2026-08-01,1860,551,220
INVSNP0011304,WH0008,PRD0005,2026-09-01,1838,551,220
INVSNP0011305,WH0008,PRD0093,2024-10-01,2837,682,272
INVSNP0011306,WH0008,PRD0093,2024-11-01,2773,682,272
INVSNP0011307,WH0008,PRD0093,2024-12-01,2614,682,272
INVSNP0011308,WH0008,PRD0093,2025-01-01,3044,682,272
INVSNP0011309,WH0008,PRD0093,2025-02-01,3198,682,272
INVSNP0011310,WH0008,PRD0093,2025-03-01,3032,682,272
INVSNP0011311,WH0008,PRD0093,2025-04-01,2199,682,272
INVSNP0011312,WH0008,PRD0093,2025-05-01,3392,682,272
INVSNP0011313,WH0008,PRD0093,2025-06-01,2981,682,272
INVSNP0011314,WH0008,PRD0093,2025-07-01,2565,682,272
INVSNP0011315,WH0008,PRD0093,2025-08-01,2955,682,272
INVSNP0011316,WH0008,PRD0093,2025-09-01,2651,682,272
INVSNP0011317,WH0008,PRD0093,2025-10-01,2928,682,272
INVSNP0011318,WH0008,PRD0093,2025-11-01,3326,682,272
INVSNP0011319,WH0008,PRD0093,2025-12-01,2700,682,272
INVSNP0011320,WH0008,PRD0093,2026-01-01,3156,682,272
INVSNP0011321,WH0008,PRD0093,2026-02-01,2618,682,272
INVSNP0011322,WH0008,PRD0093,2026-03-01,3149,682,272
INVSNP0011323,WH0008,PRD0093,2026-04-01,2909,682,272
INVSNP0011324,WH0008,PRD0093,2026-05-01,2866,682,272
INVSNP0011325,WH0008,PRD0093,2026-06-01,2858,682,272
INVSNP0011326,WH0008,PRD0093,2026-07-01,2526,682,272
INVSNP0011327,WH0008,PRD0093,2026-08-01,2849,682,272
INVSNP0011328,WH0008,PRD0093,2026-09-01,2465,682,272
INVSNP0011329,WH0008,PRD0012,2024-10-01,871,187,74
INVSNP0011330,WH0008,PRD0012,2024-11-01,801,187,74
INVSNP0011331,WH0008,PRD0012,2024-12-01,694,187,74
INVSNP0011332,WH0008,PRD0012,2025-01-01,803,187,74
INVSNP0011333,WH0008,PRD0012,2025-02-01,853,187,74
INVSNP0011334,WH0008,PRD0012,2025-03-01,669,187,74
INVSNP0011335,WH0008,PRD0012,2025-04-01,777,187,74
INVSNP0011336,WH0008,PRD0012,2025-05-01,777,187,74
INVSNP0011337,WH0008,PRD0012,2025-06-01,1104,187,74
INVSNP0011338,WH0008,PRD0012,2025-07-01,625,187,74
INVSNP0011339,WH0008,PRD0012,2025-08-01,743,187,74
INVSNP0011340,WH0008,PRD0012,2025-09-01,775,187,74
INVSNP0011341,WH0008,PRD0012,2025-10-01,607,187,74
INVSNP0011342,WH0008,PRD0012,2025-11-01,882,187,74
INVSNP0011343,WH0008,PRD0012,2025-12-01,816,187,74
INVSNP0011344,WH0008,PRD0012,2026-01-01,723,187,74
INVSNP0011345,WH0008,PRD0012,2026-02-01,603,187,74
INVSNP0011346,WH0008,PRD0012,2026-03-01,821,187,74
INVSNP0011347,WH0008,PRD0012,2026-04-01,942,187,74
INVSNP0011348,WH0008,PRD0012,2026-05-01,663,187,74
INVSNP0011349,WH0008,PRD0012,2026-06-01,814,187,74
INVSNP0011350,WH0008,PRD0012,2026-07-01,841,187,74
INVSNP0011351,WH0008,PRD0012,2026-08-01,780,187,74
INVSNP0011352,WH0008,PRD0012,2026-09-01,571,187,74
INVSNP0011353,WH0008,PRD0084,2024-10-01,1785,429,171
INVSNP0011354,WH0008,PRD0084,2024-11-01,1201,429,171
INVSNP0011355,WH0008,PRD0084,2024-12-01,1635,429,171
INVSNP0011356,WH0008,PRD0084,2025-01-01,1986,429,171
INVSNP0011357,WH0008,PRD0084,2025-02-01,1990,429,171
INVSNP0011358,WH0008,PRD0084,2025-03-01,1894,429,171
INVSNP0011359,WH0008,PRD0084,2025-04-01,1751,429,171
INVSNP0011360,WH0008,PRD0084,2025-05-01,1918,429,171
INVSNP0011361,WH0008,PRD0084,2025-06-01,1888,429,171
INVSNP0011362,WH0008,PRD0084,2025-07-01,1630,429,171
INVSNP0011363,WH0008,PRD0084,2025-08-01,2181,429,171
INVSNP0011364,WH0008,PRD0084,2025-09-01,1787,429,171
INVSNP0011365,WH0008,PRD0084,2025-10-01,1664,429,171
INVSNP0011366,WH0008,PRD0084,2025-11-01,1710,429,171
INVSNP0011367,WH0008,PRD0084,2025-12-01,1396,429,171
INVSNP0011368,WH0008,PRD0084,2026-01-01,1858,429,171
INVSNP0011369,WH0008,PRD0084,2026-02-01,1488,429,171
INVSNP0011370,WH0008,PRD0084,2026-03-01,1945,429,171
INVSNP0011371,WH0008,PRD0084,2026-04-01,1872,429,171
INVSNP0011372,WH0008,PRD0084,2026-05-01,2188,429,171
INVSNP0011373,WH0008,PRD0084,2026-06-01,1430,429,171
INVSNP0011374,WH0008,PRD0084,2026-07-01,2162,429,171
INVSNP0011375,WH0008,PRD0084,2026-08-01,2011,429,171
INVSNP0011376,WH0008,PRD0084,2026-09-01,1671,429,171
INVSNP0011377,WH0008,PRD0114,2024-10-01,3292,842,336
INVSNP0011378,WH0008,PRD0114,2024-11-01,2741,842,336
INVSNP0011379,WH0008,PRD0114,2024-12-01,3413,842,336
INVSNP0011380,WH0008,PRD0114,2025-01-01,3786,842,336
INVSNP0011381,WH0008,PRD0114,2025-02-01,3386,842,336
INVSNP0011382,WH0008,PRD0114,2025-03-01,2994,842,336
INVSNP0011383,WH0008,PRD0114,2025-04-01,3217,842,336
INVSNP0011384,WH0008,PRD0114,2025-05-01,3061,842,336
INVSNP0011385,WH0008,PRD0114,2025-06-01,2815,842,336
INVSNP0011386,WH0008,PRD0114,2025-07-01,3306,842,336
INVSNP0011387,WH0008,PRD0114,2025-08-01,4043,842,336
INVSNP0011388,WH0008,PRD0114,2025-09-01,3544,842,336
INVSNP0011389,WH0008,PRD0114,2025-10-01,4252,842,336
INVSNP0011390,WH0008,PRD0114,2025-11-01,2803,842,336
INVSNP0011391,WH0008,PRD0114,2025-12-01,2651,842,336
INVSNP0011392,WH0008,PRD0114,2026-01-01,4436,842,336
INVSNP0011393,WH0008,PRD0114,2026-02-01,3232,842,336
INVSNP0011394,WH0008,PRD0114,2026-03-01,2804,842,336
INVSNP0011395,WH0008,PRD0114,2026-04-01,3355,842,336
INVSNP0011396,WH0008,PRD0114,2026-05-01,3081,842,336
INVSNP0011397,WH0008,PRD0114,2026-06-01,2423,842,336
INVSNP0011398,WH0008,PRD0114,2026-07-01,3659,842,336
INVSNP0011399,WH0008,PRD0114,2026-08-01,2366,842,336
INVSNP0011400,WH0008,PRD0114,2026-09-01,2891,842,336
INVSNP0011401,WH0008,PRD0060,2024-10-01,5753,1247,498
INVSNP0011402,WH0008,PRD0060,2024-11-01,4878,1247,498
INVSNP0011403,WH0008,PRD0060,2024-12-01,3649,1247,498
INVSNP0011404,WH0008,PRD0060,2025-01-01,4235,1247,498
INVSNP0011405,WH0008,PRD0060,2025-02-01,6463,1247,498
INVSNP0011406,WH0008,PRD0060,2025-03-01,6098,1247,498
INVSNP0011407,WH0008,PRD0060,2025-04-01,4401,1247,498
INVSNP0011408,WH0008,PRD0060,2025-05-01,4244,1247,498
INVSNP0011409,WH0008,PRD0060,2025-06-01,4703,1247,498
INVSNP0011410,WH0008,PRD0060,2025-07-01,5375,1247,498
INVSNP0011411,WH0008,PRD0060,2025-08-01,5753,1247,498
INVSNP0011412,WH0008,PRD0060,2025-09-01,5508,1247,498
INVSNP0011413,WH0008,PRD0060,2025-10-01,5375,1247,498
INVSNP0011414,WH0008,PRD0060,2025-11-01,5295,1247,498
INVSNP0011415,WH0008,PRD0060,2025-12-01,5324,1247,498
INVSNP0011416,WH0008,PRD0060,2026-01-01,5075,1247,498
INVSNP0011417,WH0008,PRD0060,2026-02-01,3468,1247,498
INVSNP0011418,WH0008,PRD0060,2026-03-01,4625,1247,498
INVSNP0011419,WH0008,PRD0060,2026-04-01,4772,1247,498
INVSNP0011420,WH0008,PRD0060,2026-05-01,3367,1247,498
INVSNP0011421,WH0008,PRD0060,2026-06-01,4890,1247,498
INVSNP0011422,WH0008,PRD0060,2026-07-01,5206,1247,498
INVSNP0011423,WH0008,PRD0060,2026-08-01,4573,1247,498
INVSNP0011424,WH0008,PRD0060,2026-09-01,6041,1247,498
INVSNP0011425,WH0008,PRD0125,2024-10-01,3964,976,390
INVSNP0011426,WH0008,PRD0125,2024-11-01,4003,976,390
INVSNP0011427,WH0008,PRD0125,2024-12-01,3330,976,390
INVSNP0011428,WH0008,PRD0125,2025-01-01,4454,976,390
INVSNP0011429,WH0008,PRD0125,2025-02-01,4156,976,390
INVSNP0011430,WH0008,PRD0125,2025-03-01,3762,976,390
INVSNP0011431,WH0008,PRD0125,2025-04-01,3047,976,390
INVSNP0011432,WH0008,PRD0125,2025-05-01,3617,976,390
INVSNP0011433,WH0008,PRD0125,2025-06-01,4028,976,390
INVSNP0011434,WH0008,PRD0125,2025-07-01,3698,976,390
INVSNP0011435,WH0008,PRD0125,2025-08-01,4670,976,390
INVSNP0011436,WH0008,PRD0125,2025-09-01,3072,976,390
INVSNP0011437,WH0008,PRD0125,2025-10-01,4040,976,390
INVSNP0011438,WH0008,PRD0125,2025-11-01,3049,976,390
INVSNP0011439,WH0008,PRD0125,2025-12-01,4019,976,390
INVSNP0011440,WH0008,PRD0125,2026-01-01,4232,976,390
INVSNP0011441,WH0008,PRD0125,2026-02-01,4502,976,390
INVSNP0011442,WH0008,PRD0125,2026-03-01,3648,976,390
INVSNP0011443,WH0008,PRD0125,2026-04-01,4241,976,390
INVSNP0011444,WH0008,PRD0125,2026-05-01,3926,976,390
INVSNP0011445,WH0008,PRD0125,2026-06-01,3915,976,390
INVSNP0011446,WH0008,PRD0125,2026-07-01,4702,976,390
INVSNP0011447,WH0008,PRD0125,2026-08-01,4600,976,390
INVSNP0011448,WH0008,PRD0125,2026-09-01,4168,976,390
INVSNP0011449,WH0008,PRD0103,2024-10-01,2053,585,234
INVSNP0011450,WH0008,PRD0103,2024-11-01,2627,585,234
INVSNP0011451,WH0008,PRD0103,2024-12-01,2612,585,234
INVSNP0011452,WH0008,PRD0103,2025-01-01,2656,585,234
INVSNP0011453,WH0008,PRD0103,2025-02-01,2452,585,234
INVSNP0011454,WH0008,PRD0103,2025-03-01,1908,585,234
INVSNP0011455,WH0008,PRD0103,2025-04-01,2325,585,234
INVSNP0011456,WH0008,PRD0103,2025-05-01,2261,585,234
INVSNP0011457,WH0008,PRD0103,2025-06-01,2656,585,234
INVSNP0011458,WH0008,PRD0103,2025-07-01,2497,585,234
INVSNP0011459,WH0008,PRD0103,2025-08-01,2568,585,234
INVSNP0011460,WH0008,PRD0103,2025-09-01,2485,585,234
INVSNP0011461,WH0008,PRD0103,2025-10-01,1841,585,234
INVSNP0011462,WH0008,PRD0103,2025-11-01,2690,585,234
INVSNP0011463,WH0008,PRD0103,2025-12-01,2179,585,234
INVSNP0011464,WH0008,PRD0103,2026-01-01,2246,585,234
INVSNP0011465,WH0008,PRD0103,2026-02-01,2756,585,234
INVSNP0011466,WH0008,PRD0103,2026-03-01,1951,585,234
INVSNP0011467,WH0008,PRD0103,2026-04-01,1673,585,234
INVSNP0011468,WH0008,PRD0103,2026-05-01,1854,585,234
INVSNP0011469,WH0008,PRD0103,2026-06-01,2438,585,234
INVSNP0011470,WH0008,PRD0103,2026-07-01,1529,585,234
INVSNP0011471,WH0008,PRD0103,2026-08-01,1826,585,234
INVSNP0011472,WH0008,PRD0103,2026-09-01,2047,585,234
INVSNP0011473,WH0008,PRD0021,2024-10-01,5834,1226,490
INVSNP0011474,WH0008,PRD0021,2024-11-01,3593,1226,490
INVSNP0011475,WH0008,PRD0021,2024-12-01,5799,1226,490
INVSNP0011476,WH0008,PRD0021,2025-01-01,6305,1226,490
INVSNP0011477,WH0008,PRD0021,2025-02-01,5239,1226,490
INVSNP0011478,WH0008,PRD0021,2025-03-01,4132,1226,490
INVSNP0011479,WH0008,PRD0021,2025-04-01,5228,1226,490
INVSNP0011480,WH0008,PRD0021,2025-05-01,5560,1226,490
INVSNP0011481,WH0008,PRD0021,2025-06-01,4742,1226,490
INVSNP0011482,WH0008,PRD0021,2025-07-01,4602,1226,490
INVSNP0011483,WH0008,PRD0021,2025-08-01,5202,1226,490
INVSNP0011484,WH0008,PRD0021,2025-09-01,4461,1226,490
INVSNP0011485,WH0008,PRD0021,2025-10-01,5425,1226,490
INVSNP0011486,WH0008,PRD0021,2025-11-01,4263,1226,490
INVSNP0011487,WH0008,PRD0021,2025-12-01,5156,1226,490
INVSNP0011488,WH0008,PRD0021,2026-01-01,5111,1226,490
INVSNP0011489,WH0008,PRD0021,2026-02-01,5936,1226,490
INVSNP0011490,WH0008,PRD0021,2026-03-01,5833,1226,490
INVSNP0011491,WH0008,PRD0021,2026-04-01,5321,1226,490
INVSNP0011492,WH0008,PRD0021,2026-05-01,4384,1226,490
INVSNP0011493,WH0008,PRD0021,2026-06-01,4495,1226,490
INVSNP0011494,WH0008,PRD0021,2026-07-01,4503,1226,490
INVSNP0011495,WH0008,PRD0021,2026-08-01,4096,1226,490
INVSNP0011496,WH0008,PRD0021,2026-09-01,4471,1226,490
INVSNP0011497,WH0008,PRD0045,2024-10-01,5416,1103,441
INVSNP0011498,WH0008,PRD0045,2024-11-01,5393,1103,441
INVSNP0011499,WH0008,PRD0045,2024-12-01,4481,1103,441
INVSNP0011500,WH0008,PRD0045,2025-01-01,4520,1103,441
INVSNP0011501,WH0008,PRD0045,2025-02-01,5438,1103,441
INVSNP0011502,WH0008,PRD0045,2025-03-01,4688,1103,441
INVSNP0011503,WH0008,PRD0045,2025-04-01,4569,1103,441
INVSNP0011504,WH0008,PRD0045,2025-05-01,3953,1103,441
INVSNP0011505,WH0008,PRD0045,2025-06-01,3851,1103,441
INVSNP0011506,WH0008,PRD0045,2025-07-01,2739,1103,441
INVSNP0011507,WH0008,PRD0045,2025-08-01,4593,1103,441
INVSNP0011508,WH0008,PRD0045,2025-09-01,4569,1103,441
INVSNP0011509,WH0008,PRD0045,2025-10-01,3834,1103,441
INVSNP0011510,WH0008,PRD0045,2025-11-01,4816,1103,441
INVSNP0011511,WH0008,PRD0045,2025-12-01,4521,1103,441
INVSNP0011512,WH0008,PRD0045,2026-01-01,4379,1103,441
INVSNP0011513,WH0008,PRD0045,2026-02-01,5893,1103,441
INVSNP0011514,WH0008,PRD0045,2026-03-01,4238,1103,441
INVSNP0011515,WH0008,PRD0045,2026-04-01,3823,1103,441
INVSNP0011516,WH0008,PRD0045,2026-05-01,5147,1103,441
INVSNP0011517,WH0008,PRD0045,2026-06-01,3759,1103,441
INVSNP0011518,WH0008,PRD0045,2026-07-01,3418,1103,441
INVSNP0011519,WH0008,PRD0045,2026-08-01,4600,1103,441
INVSNP0011520,WH0008,PRD0045,2026-09-01,4173,1103,441
INVSNP0011521,WH0008,PRD0055,2024-10-01,4721,1150,460
INVSNP0011522,WH0008,PRD0055,2024-11-01,5102,1150,460
INVSNP0011523,WH0008,PRD0055,2024-12-01,5232,1150,460
INVSNP0011524,WH0008,PRD0055,2025-01-01,4762,1150,460
INVSNP0011525,WH0008,PRD0055,2025-02-01,3434,1150,460
INVSNP0011526,WH0008,PRD0055,2025-03-01,5071,1150,460
INVSNP0011527,WH0008,PRD0055,2025-04-01,5776,1150,460
INVSNP0011528,WH0008,PRD0055,2025-05-01,4051,1150,460
INVSNP0011529,WH0008,PRD0055,2025-06-01,4589,1150,460
INVSNP0011530,WH0008,PRD0055,2025-07-01,4109,1150,460
INVSNP0011531,WH0008,PRD0055,2025-08-01,4888,1150,460
INVSNP0011532,WH0008,PRD0055,2025-09-01,5030,1150,460
INVSNP0011533,WH0008,PRD0055,2025-10-01,4784,1150,460
INVSNP0011534,WH0008,PRD0055,2025-11-01,4923,1150,460
INVSNP0011535,WH0008,PRD0055,2025-12-01,5337,1150,460
INVSNP0011536,WH0008,PRD0055,2026-01-01,4957,1150,460
INVSNP0011537,WH0008,PRD0055,2026-02-01,4697,1150,460
INVSNP0011538,WH0008,PRD0055,2026-03-01,4063,1150,460
INVSNP0011539,WH0008,PRD0055,2026-04-01,3945,1150,460
INVSNP0011540,WH0008,PRD0055,2026-05-01,3799,1150,460
INVSNP0011541,WH0008,PRD0055,2026-06-01,4673,1150,460
INVSNP0011542,WH0008,PRD0055,2026-07-01,5520,1150,460
INVSNP0011543,WH0008,PRD0055,2026-08-01,4382,1150,460
INVSNP0011544,WH0008,PRD0055,2026-09-01,4686,1150,460
INVSNP0011545,WH0008,PRD0121,2024-10-01,2666,577,230
INVSNP0011546,WH0008,PRD0121,2024-11-01,2218,577,230
INVSNP0011547,WH0008,PRD0121,2024-12-01,1850,577,230
INVSNP0011548,WH0008,PRD0121,2025-01-01,2390,577,230
INVSNP0011549,WH0008,PRD0121,2025-02-01,2367,577,230
INVSNP0011550,WH0008,PRD0121,2025-03-01,2056,577,230
INVSNP0011551,WH0008,PRD0121,2025-04-01,2718,577,230
INVSNP0011552,WH0008,PRD0121,2025-05-01,2235,577,230
INVSNP0011553,WH0008,PRD0121,2025-06-01,2169,577,230
INVSNP0011554,WH0008,PRD0121,2025-07-01,2178,577,230
INVSNP0011555,WH0008,PRD0121,2025-08-01,1859,577,230
INVSNP0011556,WH0008,PRD0121,2025-09-01,2054,577,230
INVSNP0011557,WH0008,PRD0121,2025-10-01,2050,577,230
INVSNP0011558,WH0008,PRD0121,2025-11-01,2530,577,230
INVSNP0011559,WH0008,PRD0121,2025-12-01,1706,577,230
INVSNP0011560,WH0008,PRD0121,2026-01-01,2269,577,230
INVSNP0011561,WH0008,PRD0121,2026-02-01,2809,577,230
INVSNP0011562,WH0008,PRD0121,2026-03-01,2374,577,230
INVSNP0011563,WH0008,PRD0121,2026-04-01,2426,577,230
INVSNP0011564,WH0008,PRD0121,2026-05-01,2328,577,230
INVSNP0011565,WH0008,PRD0121,2026-06-01,2044,577,230
INVSNP0011566,WH0008,PRD0121,2026-07-01,2070,577,230
INVSNP0011567,WH0008,PRD0121,2026-08-01,1850,577,230
INVSNP0011568,WH0008,PRD0121,2026-09-01,2589,577,230
INVSNP0011569,WH0008,PRD0120,2024-10-01,1845,585,234
INVSNP0011570,WH0008,PRD0120,2024-11-01,2379,585,234
INVSNP0011571,WH0008,PRD0120,2024-12-01,2150,585,234
INVSNP0011572,WH0008,PRD0120,2025-01-01,2722,585,234
INVSNP0011573,WH0008,PRD0120,2025-02-01,2694,585,234
INVSNP0011574,WH0008,PRD0120,2025-03-01,2613,585,234
INVSNP0011575,WH0008,PRD0120,2025-04-01,1991,585,234
INVSNP0011576,WH0008,PRD0120,2025-05-01,2180,585,234
INVSNP0011577,WH0008,PRD0120,2025-06-01,2215,585,234
INVSNP0011578,WH0008,PRD0120,2025-07-01,3122,585,234
INVSNP0011579,WH0008,PRD0120,2025-08-01,2501,585,234
INVSNP0011580,WH0008,PRD0120,2025-09-01,2990,585,234
INVSNP0011581,WH0008,PRD0120,2025-10-01,1951,585,234
INVSNP0011582,WH0008,PRD0120,2025-11-01,2540,585,234
INVSNP0011583,WH0008,PRD0120,2025-12-01,2045,585,234
INVSNP0011584,WH0008,PRD0120,2026-01-01,2481,585,234
INVSNP0011585,WH0008,PRD0120,2026-02-01,2470,585,234
INVSNP0011586,WH0008,PRD0120,2026-03-01,2865,585,234
INVSNP0011587,WH0008,PRD0120,2026-04-01,1798,585,234
INVSNP0011588,WH0008,PRD0120,2026-05-01,2335,585,234
INVSNP0011589,WH0008,PRD0120,2026-06-01,2750,585,234
INVSNP0011590,WH0008,PRD0120,2026-07-01,1969,585,234
INVSNP0011591,WH0008,PRD0120,2026-08-01,2944,585,234
INVSNP0011592,WH0008,PRD0120,2026-09-01,1781,585,234
INVSNP0011593,WH0008,PRD0130,2024-10-01,4283,1022,409
INVSNP0011594,WH0008,PRD0130,2024-11-01,3875,1022,409
INVSNP0011595,WH0008,PRD0130,2024-12-01,4382,1022,409
INVSNP0011596,WH0008,PRD0130,2025-01-01,4164,1022,409
INVSNP0011597,WH0008,PRD0130,2025-02-01,4838,1022,409
INVSNP0011598,WH0008,PRD0130,2025-03-01,3352,1022,409
INVSNP0011599,WH0008,PRD0130,2025-04-01,3277,1022,409
INVSNP0011600,WH0008,PRD0130,2025-05-01,4922,1022,409
INVSNP0011601,WH0008,PRD0130,2025-06-01,4055,1022,409
INVSNP0011602,WH0008,PRD0130,2025-07-01,5404,1022,409
INVSNP0011603,WH0008,PRD0130,2025-08-01,4303,1022,409
INVSNP0011604,WH0008,PRD0130,2025-09-01,4700,1022,409
INVSNP0011605,WH0008,PRD0130,2025-10-01,5139,1022,409
INVSNP0011606,WH0008,PRD0130,2025-11-01,4328,1022,409
INVSNP0011607,WH0008,PRD0130,2025-12-01,4222,1022,409
INVSNP0011608,WH0008,PRD0130,2026-01-01,3653,1022,409
INVSNP0011609,WH0008,PRD0130,2026-02-01,3874,1022,409
INVSNP0011610,WH0008,PRD0130,2026-03-01,3755,1022,409
INVSNP0011611,WH0008,PRD0130,2026-04-01,4446,1022,409
INVSNP0011612,WH0008,PRD0130,2026-05-01,5566,1022,409
INVSNP0011613,WH0008,PRD0130,2026-06-01,4499,1022,409
INVSNP0011614,WH0008,PRD0130,2026-07-01,4126,1022,409
INVSNP0011615,WH0008,PRD0130,2026-08-01,4429,1022,409
INVSNP0011616,WH0008,PRD0130,2026-09-01,4134,1022,409
INVSNP0011617,WH0008,PRD0124,2024-10-01,2189,532,213
INVSNP0011618,WH0008,PRD0124,2024-11-01,1410,532,213
INVSNP0011619,WH0008,PRD0124,2024-12-01,2228,532,213
INVSNP0011620,WH0008,PRD0124,2025-01-01,2286,532,213
INVSNP0011621,WH0008,PRD0124,2025-02-01,2241,532,213
INVSNP0011622,WH0008,PRD0124,2025-03-01,2494,532,213
INVSNP0011623,WH0008,PRD0124,2025-04-01,2353,532,213
INVSNP0011624,WH0008,PRD0124,2025-05-01,2356,532,213
INVSNP0011625,WH0008,PRD0124,2025-06-01,2003,532,213
INVSNP0011626,WH0008,PRD0124,2025-07-01,1830,532,213
INVSNP0011627,WH0008,PRD0124,2025-08-01,2366,532,213
INVSNP0011628,WH0008,PRD0124,2025-09-01,2306,532,213
INVSNP0011629,WH0008,PRD0124,2025-10-01,2097,532,213
INVSNP0011630,WH0008,PRD0124,2025-11-01,2553,532,213
INVSNP0011631,WH0008,PRD0124,2025-12-01,1372,532,213
INVSNP0011632,WH0008,PRD0124,2026-01-01,2509,532,213
INVSNP0011633,WH0008,PRD0124,2026-02-01,1933,532,213
INVSNP0011634,WH0008,PRD0124,2026-03-01,2294,532,213
INVSNP0011635,WH0008,PRD0124,2026-04-01,1938,532,213
INVSNP0011636,WH0008,PRD0124,2026-05-01,1551,532,213
INVSNP0011637,WH0008,PRD0124,2026-06-01,1690,532,213
INVSNP0011638,WH0008,PRD0124,2026-07-01,1811,532,213
INVSNP0011639,WH0008,PRD0124,2026-08-01,1875,532,213
INVSNP0011640,WH0008,PRD0124,2026-09-01,2389,532,213
INVSNP0011641,WH0008,PRD0061,2024-10-01,1300,361,144
INVSNP0011642,WH0008,PRD0061,2024-11-01,1886,361,144
INVSNP0011643,WH0008,PRD0061,2024-12-01,1704,361,144
INVSNP0011644,WH0008,PRD0061,2025-01-01,1395,361,144
INVSNP0011645,WH0008,PRD0061,2025-02-01,1531,361,144
INVSNP0011646,WH0008,PRD0061,2025-03-01,1278,361,144
INVSNP0011647,WH0008,PRD0061,2025-04-01,1044,361,144
INVSNP0011648,WH0008,PRD0061,2025-05-01,1226,361,144
INVSNP0011649,WH0008,PRD0061,2025-06-01,1567,361,144
INVSNP0011650,WH0008,PRD0061,2025-07-01,1229,361,144
INVSNP0011651,WH0008,PRD0061,2025-08-01,1729,361,144
INVSNP0011652,WH0008,PRD0061,2025-09-01,1427,361,144
INVSNP0011653,WH0008,PRD0061,2025-10-01,1393,361,144
INVSNP0011654,WH0008,PRD0061,2025-11-01,1470,361,144
INVSNP0011655,WH0008,PRD0061,2025-12-01,1288,361,144
INVSNP0011656,WH0008,PRD0061,2026-01-01,1404,361,144
INVSNP0011657,WH0008,PRD0061,2026-02-01,1591,361,144
INVSNP0011658,WH0008,PRD0061,2026-03-01,1382,361,144
INVSNP0011659,WH0008,PRD0061,2026-04-01,1809,361,144
INVSNP0011660,WH0008,PRD0061,2026-05-01,1230,361,144
INVSNP0011661,WH0008,PRD0061,2026-06-01,1210,361,144
INVSNP0011662,WH0008,PRD0061,2026-07-01,1482,361,144
INVSNP0011663,WH0008,PRD0061,2026-08-01,1288,361,144
INVSNP0011664,WH0008,PRD0061,2026-09-01,1575,361,144
INVSNP0011665,WH0008,PRD0085,2024-10-01,6108,1150,460
INVSNP0011666,WH0008,PRD0085,2024-11-01,4213,1150,460
INVSNP0011667,WH0008,PRD0085,2024-12-01,4115,1150,460
INVSNP0011668,WH0008,PRD0085,2025-01-01,4442,1150,460
INVSNP0011669,WH0008,PRD0085,2025-02-01,5232,1150,460
INVSNP0011670,WH0008,PRD0085,2025-03-01,3774,1150,460
INVSNP0011671,WH0008,PRD0085,2025-04-01,3636,1150,460
INVSNP0011672,WH0008,PRD0085,2025-05-01,6037,1150,460
INVSNP0011673,WH0008,PRD0085,2025-06-01,5168,1150,460
INVSNP0011674,WH0008,PRD0085,2025-07-01,5330,1150,460
INVSNP0011675,WH0008,PRD0085,2025-08-01,5581,1150,460
INVSNP0011676,WH0008,PRD0085,2025-09-01,4939,1150,460
INVSNP0011677,WH0008,PRD0085,2025-10-01,4458,1150,460
INVSNP0011678,WH0008,PRD0085,2025-11-01,2116,1150,460
INVSNP0011679,WH0008,PRD0085,2025-12-01,6386,1150,460
INVSNP0011680,WH0008,PRD0085,2026-01-01,3731,1150,460
INVSNP0011681,WH0008,PRD0085,2026-02-01,4582,1150,460
INVSNP0011682,WH0008,PRD0085,2026-03-01,3401,1150,460
INVSNP0011683,WH0008,PRD0085,2026-04-01,3996,1150,460
INVSNP0011684,WH0008,PRD0085,2026-05-01,5051,1150,460
INVSNP0011685,WH0008,PRD0085,2026-06-01,5072,1150,460
INVSNP0011686,WH0008,PRD0085,2026-07-01,4900,1150,460
INVSNP0011687,WH0008,PRD0085,2026-08-01,3972,1150,460
INVSNP0011688,WH0008,PRD0085,2026-09-01,4783,1150,460
INVSNP0011689,WH0008,PRD0110,2024-10-01,1058,214,85
INVSNP0011690,WH0008,PRD0110,2024-11-01,883,214,85
INVSNP0011691,WH0008,PRD0110,2024-12-01,929,214,85
INVSNP0011692,WH0008,PRD0110,2025-01-01,685,214,85
INVSNP0011693,WH0008,PRD0110,2025-02-01,887,214,85
INVSNP0011694,WH0008,PRD0110,2025-03-01,667,214,85
INVSNP0011695,WH0008,PRD0110,2025-04-01,815,214,85
INVSNP0011696,WH0008,PRD0110,2025-05-01,977,214,85
INVSNP0011697,WH0008,PRD0110,2025-06-01,691,214,85
INVSNP0011698,WH0008,PRD0110,2025-07-01,859,214,85
INVSNP0011699,WH0008,PRD0110,2025-08-01,825,214,85
INVSNP0011700,WH0008,PRD0110,2025-09-01,932,214,85
INVSNP0011701,WH0008,PRD0110,2025-10-01,1126,214,85
INVSNP0011702,WH0008,PRD0110,2025-11-01,957,214,85
INVSNP0011703,WH0008,PRD0110,2025-12-01,878,214,85
INVSNP0011704,WH0008,PRD0110,2026-01-01,884,214,85
INVSNP0011705,WH0008,PRD0110,2026-02-01,929,214,85
INVSNP0011706,WH0008,PRD0110,2026-03-01,959,214,85
INVSNP0011707,WH0008,PRD0110,2026-04-01,903,214,85
INVSNP0011708,WH0008,PRD0110,2026-05-01,969,214,85
INVSNP0011709,WH0008,PRD0110,2026-06-01,959,214,85
INVSNP0011710,WH0008,PRD0110,2026-07-01,917,214,85
INVSNP0011711,WH0008,PRD0110,2026-08-01,943,214,85
INVSNP0011712,WH0008,PRD0110,2026-09-01,811,214,85
INVSNP0011713,WH0008,PRD0090,2024-10-01,3965,932,373
INVSNP0011714,WH0008,PRD0090,2024-11-01,3524,932,373
INVSNP0011715,WH0008,PRD0090,2024-12-01,3929,932,373
INVSNP0011716,WH0008,PRD0090,2025-01-01,3826,932,373
INVSNP0011717,WH0008,PRD0090,2025-02-01,4722,932,373
INVSNP0011718,WH0008,PRD0090,2025-03-01,4352,932,373
INVSNP0011719,WH0008,PRD0090,2025-04-01,2980,932,373
INVSNP0011720,WH0008,PRD0090,2025-05-01,3580,932,373
INVSNP0011721,WH0008,PRD0090,2025-06-01,3980,932,373
INVSNP0011722,WH0008,PRD0090,2025-07-01,2810,932,373
INVSNP0011723,WH0008,PRD0090,2025-08-01,3108,932,373
INVSNP0011724,WH0008,PRD0090,2025-09-01,4962,932,373
INVSNP0011725,WH0008,PRD0090,2025-10-01,4212,932,373
INVSNP0011726,WH0008,PRD0090,2025-11-01,4525,932,373
INVSNP0011727,WH0008,PRD0090,2025-12-01,3612,932,373
INVSNP0011728,WH0008,PRD0090,2026-01-01,3674,932,373
INVSNP0011729,WH0008,PRD0090,2026-02-01,3864,932,373
INVSNP0011730,WH0008,PRD0090,2026-03-01,4086,932,373
INVSNP0011731,WH0008,PRD0090,2026-04-01,4352,932,373
INVSNP0011732,WH0008,PRD0090,2026-05-01,3518,932,373
INVSNP0011733,WH0008,PRD0090,2026-06-01,4333,932,373
INVSNP0011734,WH0008,PRD0090,2026-07-01,3673,932,373
INVSNP0011735,WH0008,PRD0090,2026-08-01,4652,932,373
INVSNP0011736,WH0008,PRD0090,2026-09-01,3875,932,373
INVSNP0011737,WH0008,PRD0143,2024-10-01,1812,533,213
INVSNP0011738,WH0008,PRD0143,2024-11-01,1610,533,213
INVSNP0011739,WH0008,PRD0143,2024-12-01,2392,533,213
INVSNP0011740,WH0008,PRD0143,2025-01-01,1851,533,213
INVSNP0011741,WH0008,PRD0143,2025-02-01,1868,533,213
INVSNP0011742,WH0008,PRD0143,2025-03-01,2053,533,213
INVSNP0011743,WH0008,PRD0143,2025-04-01,2488,533,213
INVSNP0011744,WH0008,PRD0143,2025-05-01,1688,533,213
INVSNP0011745,WH0008,PRD0143,2025-06-01,2108,533,213
INVSNP0011746,WH0008,PRD0143,2025-07-01,1895,533,213
INVSNP0011747,WH0008,PRD0143,2025-08-01,1868,533,213
INVSNP0011748,WH0008,PRD0143,2025-09-01,2043,533,213
INVSNP0011749,WH0008,PRD0143,2025-10-01,2498,533,213
INVSNP0011750,WH0008,PRD0143,2025-11-01,2480,533,213
INVSNP0011751,WH0008,PRD0143,2025-12-01,2114,533,213
INVSNP0011752,WH0008,PRD0143,2026-01-01,2453,533,213
INVSNP0011753,WH0008,PRD0143,2026-02-01,2369,533,213
INVSNP0011754,WH0008,PRD0143,2026-03-01,2125,533,213
INVSNP0011755,WH0008,PRD0143,2026-04-01,2103,533,213
INVSNP0011756,WH0008,PRD0143,2026-05-01,2224,533,213
INVSNP0011757,WH0008,PRD0143,2026-06-01,2386,533,213
INVSNP0011758,WH0008,PRD0143,2026-07-01,2222,533,213
INVSNP0011759,WH0008,PRD0143,2026-08-01,2128,533,213
INVSNP0011760,WH0008,PRD0143,2026-09-01,2763,533,213
INVSNP0011761,WH0008,PRD0013,2024-10-01,4552,1240,496
INVSNP0011762,WH0008,PRD0013,2024-11-01,4749,1240,496
INVSNP0011763,WH0008,PRD0013,2024-12-01,5776,1240,496
INVSNP0011764,WH0008,PRD0013,2025-01-01,4142,1240,496
INVSNP0011765,WH0008,PRD0013,2025-02-01,6134,1240,496
INVSNP0011766,WH0008,PRD0013,2025-03-01,5545,1240,496
INVSNP0011767,WH0008,PRD0013,2025-04-01,5742,1240,496
INVSNP0011768,WH0008,PRD0013,2025-05-01,5105,1240,496
INVSNP0011769,WH0008,PRD0013,2025-06-01,5309,1240,496
INVSNP0011770,WH0008,PRD0013,2025-07-01,5217,1240,496
INVSNP0011771,WH0008,PRD0013,2025-08-01,3895,1240,496
INVSNP0011772,WH0008,PRD0013,2025-09-01,5212,1240,496
INVSNP0011773,WH0008,PRD0013,2025-10-01,3870,1240,496
INVSNP0011774,WH0008,PRD0013,2025-11-01,5020,1240,496
INVSNP0011775,WH0008,PRD0013,2025-12-01,4231,1240,496
INVSNP0011776,WH0008,PRD0013,2026-01-01,4476,1240,496
INVSNP0011777,WH0008,PRD0013,2026-02-01,4953,1240,496
INVSNP0011778,WH0008,PRD0013,2026-03-01,5377,1240,496
INVSNP0011779,WH0008,PRD0013,2026-04-01,2942,1240,496
INVSNP0011780,WH0008,PRD0013,2026-05-01,3800,1240,496
INVSNP0011781,WH0008,PRD0013,2026-06-01,4465,1240,496
INVSNP0011782,WH0008,PRD0013,2026-07-01,5326,1240,496
INVSNP0011783,WH0008,PRD0013,2026-08-01,6171,1240,496
INVSNP0011784,WH0008,PRD0013,2026-09-01,3875,1240,496
INVSNP0011785,WH0008,PRD0094,2024-10-01,1062,240,96
INVSNP0011786,WH0008,PRD0094,2024-11-01,807,240,96
INVSNP0011787,WH0008,PRD0094,2024-12-01,1137,240,96
INVSNP0011788,WH0008,PRD0094,2025-01-01,931,240,96
INVSNP0011789,WH0008,PRD0094,2025-02-01,835,240,96
INVSNP0011790,WH0008,PRD0094,2025-03-01,1221,240,96
INVSNP0011791,WH0008,PRD0094,2025-04-01,1023,240,96
INVSNP0011792,WH0008,PRD0094,2025-05-01,1072,240,96
INVSNP0011793,WH0008,PRD0094,2025-06-01,875,240,96
INVSNP0011794,WH0008,PRD0094,2025-07-01,850,240,96
INVSNP0011795,WH0008,PRD0094,2025-08-01,969,240,96
INVSNP0011796,WH0008,PRD0094,2025-09-01,1227,240,96
INVSNP0011797,WH0008,PRD0094,2025-10-01,1134,240,96
INVSNP0011798,WH0008,PRD0094,2025-11-01,973,240,96
INVSNP0011799,WH0008,PRD0094,2025-12-01,872,240,96
INVSNP0011800,WH0008,PRD0094,2026-01-01,1202,240,96
INVSNP0011801,WH0008,PRD0094,2026-02-01,992,240,96
INVSNP0011802,WH0008,PRD0094,2026-03-01,1047,240,96
INVSNP0011803,WH0008,PRD0094,2026-04-01,1072,240,96
INVSNP0011804,WH0008,PRD0094,2026-05-01,969,240,96
INVSNP0011805,WH0008,PRD0094,2026-06-01,849,240,96
INVSNP0011806,WH0008,PRD0094,2026-07-01,1060,240,96
INVSNP0011807,WH0008,PRD0094,2026-08-01,959,240,96
INVSNP0011808,WH0008,PRD0094,2026-09-01,700,240,96
INVSNP0011809,WH0008,PRD0050,2024-10-01,3338,993,397
INVSNP0011810,WH0008,PRD0050,2024-11-01,3797,993,397
INVSNP0011811,WH0008,PRD0050,2024-12-01,3100,993,397
INVSNP0011812,WH0008,PRD0050,2025-01-01,4031,993,397
INVSNP0011813,WH0008,PRD0050,2025-02-01,3566,993,397
INVSNP0011814,WH0008,PRD0050,2025-03-01,3653,993,397
INVSNP0011815,WH0008,PRD0050,2025-04-01,4031,993,397
INVSNP0011816,WH0008,PRD0050,2025-05-01,3150,993,397
INVSNP0011817,WH0008,PRD0050,2025-06-01,4037,993,397
INVSNP0011818,WH0008,PRD0050,2025-07-01,3156,993,397
INVSNP0011819,WH0008,PRD0050,2025-08-01,3766,993,397
INVSNP0011820,WH0008,PRD0050,2025-09-01,3089,993,397
INVSNP0011821,WH0008,PRD0050,2025-10-01,4370,993,397
INVSNP0011822,WH0008,PRD0050,2025-11-01,4357,993,397
INVSNP0011823,WH0008,PRD0050,2025-12-01,3781,993,397
INVSNP0011824,WH0008,PRD0050,2026-01-01,4178,993,397
INVSNP0011825,WH0008,PRD0050,2026-02-01,4518,993,397
INVSNP0011826,WH0008,PRD0050,2026-03-01,4450,993,397
INVSNP0011827,WH0008,PRD0050,2026-04-01,3254,993,397
INVSNP0011828,WH0008,PRD0050,2026-05-01,4414,993,397
INVSNP0011829,WH0008,PRD0050,2026-06-01,3273,993,397
INVSNP0011830,WH0008,PRD0050,2026-07-01,4132,993,397
INVSNP0011831,WH0008,PRD0050,2026-08-01,4822,993,397
INVSNP0011832,WH0008,PRD0050,2026-09-01,3971,993,397
INVSNP0011833,WH0008,PRD0038,2024-10-01,4531,1125,450
INVSNP0011834,WH0008,PRD0038,2024-11-01,4832,1125,450
INVSNP0011835,WH0008,PRD0038,2024-12-01,5169,1125,450
INVSNP0011836,WH0008,PRD0038,2025-01-01,4264,1125,450
INVSNP0011837,WH0008,PRD0038,2025-02-01,5216,1125,450
INVSNP0011838,WH0008,PRD0038,2025-03-01,4823,1125,450
INVSNP0011839,WH0008,PRD0038,2025-04-01,5099,1125,450
INVSNP0011840,WH0008,PRD0038,2025-05-01,4194,1125,450
INVSNP0011841,WH0008,PRD0038,2025-06-01,3669,1125,450
INVSNP0011842,WH0008,PRD0038,2025-07-01,4375,1125,450
INVSNP0011843,WH0008,PRD0038,2025-08-01,4173,1125,450
INVSNP0011844,WH0008,PRD0038,2025-09-01,4439,1125,450
INVSNP0011845,WH0008,PRD0038,2025-10-01,4394,1125,450
INVSNP0011846,WH0008,PRD0038,2025-11-01,4104,1125,450
INVSNP0011847,WH0008,PRD0038,2025-12-01,3968,1125,450
INVSNP0011848,WH0008,PRD0038,2026-01-01,4704,1125,450
INVSNP0011849,WH0008,PRD0038,2026-02-01,5601,1125,450
INVSNP0011850,WH0008,PRD0038,2026-03-01,4754,1125,450
INVSNP0011851,WH0008,PRD0038,2026-04-01,4918,1125,450
INVSNP0011852,WH0008,PRD0038,2026-05-01,4521,1125,450
INVSNP0011853,WH0008,PRD0038,2026-06-01,4476,1125,450
INVSNP0011854,WH0008,PRD0038,2026-07-01,4600,1125,450
INVSNP0011855,WH0008,PRD0038,2026-08-01,5108,1125,450
INVSNP0011856,WH0008,PRD0038,2026-09-01,3798,1125,450
INVSNP0011857,WH0008,PRD0078,2024-10-01,2958,773,309
INVSNP0011858,WH0008,PRD0078,2024-11-01,3884,773,309
INVSNP0011859,WH0008,PRD0078,2024-12-01,2906,773,309
INVSNP0011860,WH0008,PRD0078,2025-01-01,3932,773,309
INVSNP0011861,WH0008,PRD0078,2025-02-01,2910,773,309
INVSNP0011862,WH0008,PRD0078,2025-03-01,2718,773,309
INVSNP0011863,WH0008,PRD0078,2025-04-01,3861,773,309
INVSNP0011864,WH0008,PRD0078,2025-05-01,3065,773,309
INVSNP0011865,WH0008,PRD0078,2025-06-01,2668,773,309
INVSNP0011866,WH0008,PRD0078,2025-07-01,3807,773,309
INVSNP0011867,WH0008,PRD0078,2025-08-01,2711,773,309
INVSNP0011868,WH0008,PRD0078,2025-09-01,3019,773,309
INVSNP0011869,WH0008,PRD0078,2025-10-01,3460,773,309
INVSNP0011870,WH0008,PRD0078,2025-11-01,2623,773,309
INVSNP0011871,WH0008,PRD0078,2025-12-01,3001,773,309
INVSNP0011872,WH0008,PRD0078,2026-01-01,2696,773,309
INVSNP0011873,WH0008,PRD0078,2026-02-01,2786,773,309
INVSNP0011874,WH0008,PRD0078,2026-03-01,3137,773,309
INVSNP0011875,WH0008,PRD0078,2026-04-01,2812,773,309
INVSNP0011876,WH0008,PRD0078,2026-05-01,2449,773,309
INVSNP0011877,WH0008,PRD0078,2026-06-01,3694,773,309
INVSNP0011878,WH0008,PRD0078,2026-07-01,3250,773,309
INVSNP0011879,WH0008,PRD0078,2026-08-01,3258,773,309
INVSNP0011880,WH0008,PRD0078,2026-09-01,2927,773,309
INVSNP0011881,WH0008,PRD0025,2024-10-01,4325,892,356
INVSNP0011882,WH0008,PRD0025,2024-11-01,3283,892,356
INVSNP0011883,WH0008,PRD0025,2024-12-01,3423,892,356
INVSNP0011884,WH0008,PRD0025,2025-01-01,3561,892,356
INVSNP0011885,WH0008,PRD0025,2025-02-01,4451,892,356
INVSNP0011886,WH0008,PRD0025,2025-03-01,3175,892,356
INVSNP0011887,WH0008,PRD0025,2025-04-01,2968,892,356
INVSNP0011888,WH0008,PRD0025,2025-05-01,3310,892,356
INVSNP0011889,WH0008,PRD0025,2025-06-01,3292,892,356
INVSNP0011890,WH0008,PRD0025,2025-07-01,4543,892,356
INVSNP0011891,WH0008,PRD0025,2025-08-01,3880,892,356
INVSNP0011892,WH0008,PRD0025,2025-09-01,3371,892,356
INVSNP0011893,WH0008,PRD0025,2025-10-01,4719,892,356
INVSNP0011894,WH0008,PRD0025,2025-11-01,3444,892,356
INVSNP0011895,WH0008,PRD0025,2025-12-01,4906,892,356
INVSNP0011896,WH0008,PRD0025,2026-01-01,4309,892,356
INVSNP0011897,WH0008,PRD0025,2026-02-01,4268,892,356
INVSNP0011898,WH0008,PRD0025,2026-03-01,3586,892,356
INVSNP0011899,WH0008,PRD0025,2026-04-01,4058,892,356
INVSNP0011900,WH0008,PRD0025,2026-05-01,3061,892,356
INVSNP0011901,WH0008,PRD0025,2026-06-01,4111,892,356
INVSNP0011902,WH0008,PRD0025,2026-07-01,3037,892,356
INVSNP0011903,WH0008,PRD0025,2026-08-01,2899,892,356
INVSNP0011904,WH0008,PRD0025,2026-09-01,2677,892,356
INVSNP0011905,WH0008,PRD0092,2024-10-01,1427,310,124
INVSNP0011906,WH0008,PRD0092,2024-11-01,1138,310,124
INVSNP0011907,WH0008,PRD0092,2024-12-01,1232,310,124
INVSNP0011908,WH0008,PRD0092,2025-01-01,1311,310,124
INVSNP0011909,WH0008,PRD0092,2025-02-01,1226,310,124
INVSNP0011910,WH0008,PRD0092,2025-03-01,1556,310,124
INVSNP0011911,WH0008,PRD0092,2025-04-01,1267,310,124
INVSNP0011912,WH0008,PRD0092,2025-05-01,1032,310,124
INVSNP0011913,WH0008,PRD0092,2025-06-01,1616,310,124
INVSNP0011914,WH0008,PRD0092,2025-07-01,1337,310,124
INVSNP0011915,WH0008,PRD0092,2025-08-01,1253,310,124
INVSNP0011916,WH0008,PRD0092,2025-09-01,1571,310,124
INVSNP0011917,WH0008,PRD0092,2025-10-01,1445,310,124
INVSNP0011918,WH0008,PRD0092,2025-11-01,1298,310,124
INVSNP0011919,WH0008,PRD0092,2025-12-01,1384,310,124
INVSNP0011920,WH0008,PRD0092,2026-01-01,1074,310,124
INVSNP0011921,WH0008,PRD0092,2026-02-01,1543,310,124
INVSNP0011922,WH0008,PRD0092,2026-03-01,1134,310,124
INVSNP0011923,WH0008,PRD0092,2026-04-01,1279,310,124
INVSNP0011924,WH0008,PRD0092,2026-05-01,1025,310,124
INVSNP0011925,WH0008,PRD0092,2026-06-01,1084,310,124
INVSNP0011926,WH0008,PRD0092,2026-07-01,1102,310,124
INVSNP0011927,WH0008,PRD0092,2026-08-01,1092,310,124
INVSNP0011928,WH0008,PRD0092,2026-09-01,1316,310,124
INVSNP0011929,WH0008,PRD0019,2024-10-01,1294,310,124
INVSNP0011930,WH0008,PRD0019,2024-11-01,775,310,124
INVSNP0011931,WH0008,PRD0019,2024-12-01,1391,310,124
INVSNP0011932,WH0008,PRD0019,2025-01-01,1178,310,124
INVSNP0011933,WH0008,PRD0019,2025-02-01,1517,310,124
INVSNP0011934,WH0008,PRD0019,2025-03-01,1212,310,124
INVSNP0011935,WH0008,PRD0019,2025-04-01,1517,310,124
INVSNP0011936,WH0008,PRD0019,2025-05-01,1014,310,124
INVSNP0011937,WH0008,PRD0019,2025-06-01,993,310,124
INVSNP0011938,WH0008,PRD0019,2025-07-01,1327,310,124
INVSNP0011939,WH0008,PRD0019,2025-08-01,1409,310,124
INVSNP0011940,WH0008,PRD0019,2025-09-01,1428,310,124
INVSNP0011941,WH0008,PRD0019,2025-10-01,1136,310,124
INVSNP0011942,WH0008,PRD0019,2025-11-01,1308,310,124
INVSNP0011943,WH0008,PRD0019,2025-12-01,1022,310,124
INVSNP0011944,WH0008,PRD0019,2026-01-01,1382,310,124
INVSNP0011945,WH0008,PRD0019,2026-02-01,1162,310,124
INVSNP0011946,WH0008,PRD0019,2026-03-01,1392,310,124
INVSNP0011947,WH0008,PRD0019,2026-04-01,1472,310,124
INVSNP0011948,WH0008,PRD0019,2026-05-01,1085,310,124
INVSNP0011949,WH0008,PRD0019,2026-06-01,1583,310,124
INVSNP0011950,WH0008,PRD0019,2026-07-01,1366,310,124
INVSNP0011951,WH0008,PRD0019,2026-08-01,1253,310,124
INVSNP0011952,WH0008,PRD0019,2026-09-01,1229,310,124
INVSNP0011953,WH0008,PRD0067,2024-10-01,2990,748,299
INVSNP0011954,WH0008,PRD0067,2024-11-01,3359,748,299
INVSNP0011955,WH0008,PRD0067,2024-12-01,2069,748,299
INVSNP0011956,WH0008,PRD0067,2025-01-01,2120,748,299
INVSNP0011957,WH0008,PRD0067,2025-02-01,4008,748,299
INVSNP0011958,WH0008,PRD0067,2025-03-01,3246,748,299
INVSNP0011959,WH0008,PRD0067,2025-04-01,3043,748,299
INVSNP0011960,WH0008,PRD0067,2025-05-01,3271,748,299
INVSNP0011961,WH0008,PRD0067,2025-06-01,2381,748,299
INVSNP0011962,WH0008,PRD0067,2025-07-01,2250,748,299
INVSNP0011963,WH0008,PRD0067,2025-08-01,3549,748,299
INVSNP0011964,WH0008,PRD0067,2025-09-01,2944,748,299
INVSNP0011965,WH0008,PRD0067,2025-10-01,2900,748,299
INVSNP0011966,WH0008,PRD0067,2025-11-01,3099,748,299
INVSNP0011967,WH0008,PRD0067,2025-12-01,2739,748,299
INVSNP0011968,WH0008,PRD0067,2026-01-01,2591,748,299
INVSNP0011969,WH0008,PRD0067,2026-02-01,2317,748,299
INVSNP0011970,WH0008,PRD0067,2026-03-01,3122,748,299
INVSNP0011971,WH0008,PRD0067,2026-04-01,2509,748,299
INVSNP0011972,WH0008,PRD0067,2026-05-01,3810,748,299
INVSNP0011973,WH0008,PRD0067,2026-06-01,2908,748,299
INVSNP0011974,WH0008,PRD0067,2026-07-01,3552,748,299
INVSNP0011975,WH0008,PRD0067,2026-08-01,2758,748,299
INVSNP0011976,WH0008,PRD0067,2026-09-01,3004,748,299
INVSNP0011977,WH0008,PRD0074,2024-10-01,2223,665,266
INVSNP0011978,WH0008,PRD0074,2024-11-01,2648,665,266
INVSNP0011979,WH0008,PRD0074,2024-12-01,2361,665,266
INVSNP0011980,WH0008,PRD0074,2025-01-01,2166,665,266
INVSNP0011981,WH0008,PRD0074,2025-02-01,3060,665,266
INVSNP0011982,WH0008,PRD0074,2025-03-01,2425,665,266
INVSNP0011983,WH0008,PRD0074,2025-04-01,2471,665,266
INVSNP0011984,WH0008,PRD0074,2025-05-01,1660,665,266
INVSNP0011985,WH0008,PRD0074,2025-06-01,2660,665,266
INVSNP0011986,WH0008,PRD0074,2025-07-01,3205,665,266
INVSNP0011987,WH0008,PRD0074,2025-08-01,3367,665,266
INVSNP0011988,WH0008,PRD0074,2025-09-01,1838,665,266
INVSNP0011989,WH0008,PRD0074,2025-10-01,1882,665,266
INVSNP0011990,WH0008,PRD0074,2025-11-01,2673,665,266
INVSNP0011991,WH0008,PRD0074,2025-12-01,2916,665,266
INVSNP0011992,WH0008,PRD0074,2026-01-01,2818,665,266
INVSNP0011993,WH0008,PRD0074,2026-02-01,2724,665,266
INVSNP0011994,WH0008,PRD0074,2026-03-01,3130,665,266
INVSNP0011995,WH0008,PRD0074,2026-04-01,2121,665,266
INVSNP0011996,WH0008,PRD0074,2026-05-01,2462,665,266
INVSNP0011997,WH0008,PRD0074,2026-06-01,2856,665,266
INVSNP0011998,WH0008,PRD0074,2026-07-01,2598,665,266
INVSNP0011999,WH0008,PRD0074,2026-08-01,2937,665,266
INVSNP0012000,WH0008,PRD0074,2026-09-01,2014,665,266
INVSNP0012001,WH0008,PRD0101,2024-10-01,1979,428,171
INVSNP0012002,WH0008,PRD0101,2024-11-01,2383,428,171
INVSNP0012003,WH0008,PRD0101,2024-12-01,1992,428,171
INVSNP0012004,WH0008,PRD0101,2025-01-01,1948,428,171
INVSNP0012005,WH0008,PRD0101,2025-02-01,1867,428,171
INVSNP0012006,WH0008,PRD0101,2025-03-01,1291,428,171
INVSNP0012007,WH0008,PRD0101,2025-04-01,1800,428,171
INVSNP0012008,WH0008,PRD0101,2025-05-01,1749,428,171
INVSNP0012009,WH0008,PRD0101,2025-06-01,2065,428,171
INVSNP0012010,WH0008,PRD0101,2025-07-01,1444,428,171
INVSNP0012011,WH0008,PRD0101,2025-08-01,1460,428,171
INVSNP0012012,WH0008,PRD0101,2025-09-01,1705,428,171
INVSNP0012013,WH0008,PRD0101,2025-10-01,1658,428,171
INVSNP0012014,WH0008,PRD0101,2025-11-01,2080,428,171
INVSNP0012015,WH0008,PRD0101,2025-12-01,1880,428,171
INVSNP0012016,WH0008,PRD0101,2026-01-01,1917,428,171
INVSNP0012017,WH0008,PRD0101,2026-02-01,1925,428,171
INVSNP0012018,WH0008,PRD0101,2026-03-01,1404,428,171
INVSNP0012019,WH0008,PRD0101,2026-04-01,1582,428,171
INVSNP0012020,WH0008,PRD0101,2026-05-01,1927,428,171
INVSNP0012021,WH0008,PRD0101,2026-06-01,1658,428,171
INVSNP0012022,WH0008,PRD0101,2026-07-01,1557,428,171
INVSNP0012023,WH0008,PRD0101,2026-08-01,2416,428,171
INVSNP0012024,WH0008,PRD0101,2026-09-01,1737,428,171
INVSNP0012025,WH0008,PRD0119,2024-10-01,1737,633,253
INVSNP0012026,WH0008,PRD0119,2024-11-01,3359,633,253
INVSNP0012027,WH0008,PRD0119,2024-12-01,2250,633,253
INVSNP0012028,WH0008,PRD0119,2025-01-01,2734,633,253
INVSNP0012029,WH0008,PRD0119,2025-02-01,3000,633,253
INVSNP0012030,WH0008,PRD0119,2025-03-01,2049,633,253
INVSNP0012031,WH0008,PRD0119,2025-04-01,2732,633,253
INVSNP0012032,WH0008,PRD0119,2025-05-01,2611,633,253
INVSNP0012033,WH0008,PRD0119,2025-06-01,2768,633,253
INVSNP0012034,WH0008,PRD0119,2025-07-01,2576,633,253
INVSNP0012035,WH0008,PRD0119,2025-08-01,2697,633,253
INVSNP0012036,WH0008,PRD0119,2025-09-01,2444,633,253
INVSNP0012037,WH0008,PRD0119,2025-10-01,2318,633,253
INVSNP0012038,WH0008,PRD0119,2025-11-01,2692,633,253
INVSNP0012039,WH0008,PRD0119,2025-12-01,2539,633,253
INVSNP0012040,WH0008,PRD0119,2026-01-01,1846,633,253
INVSNP0012041,WH0008,PRD0119,2026-02-01,2520,633,253
INVSNP0012042,WH0008,PRD0119,2026-03-01,2573,633,253
INVSNP0012043,WH0008,PRD0119,2026-04-01,2990,633,253
INVSNP0012044,WH0008,PRD0119,2026-05-01,2510,633,253
INVSNP0012045,WH0008,PRD0119,2026-06-01,2235,633,253
INVSNP0012046,WH0008,PRD0119,2026-07-01,2619,633,253
INVSNP0012047,WH0008,PRD0119,2026-08-01,2549,633,253
INVSNP0012048,WH0008,PRD0119,2026-09-01,2572,633,253
INVSNP0012049,WH0008,PRD0065,2024-10-01,1752,501,200
INVSNP0012050,WH0008,PRD0065,2024-11-01,1764,501,200
INVSNP0012051,WH0008,PRD0065,2024-12-01,1300,501,200
INVSNP0012052,WH0008,PRD0065,2025-01-01,1334,501,200
INVSNP0012053,WH0008,PRD0065,2025-02-01,1503,501,200
INVSNP0012054,WH0008,PRD0065,2025-03-01,1982,501,200
INVSNP0012055,WH0008,PRD0065,2025-04-01,2061,501,200
INVSNP0012056,WH0008,PRD0065,2025-05-01,2380,501,200
INVSNP0012057,WH0008,PRD0065,2025-06-01,2003,501,200
INVSNP0012058,WH0008,PRD0065,2025-07-01,1377,501,200
INVSNP0012059,WH0008,PRD0065,2025-08-01,1932,501,200
INVSNP0012060,WH0008,PRD0065,2025-09-01,1796,501,200
INVSNP0012061,WH0008,PRD0065,2025-10-01,2157,501,200
INVSNP0012062,WH0008,PRD0065,2025-11-01,1599,501,200
INVSNP0012063,WH0008,PRD0065,2025-12-01,1903,501,200
INVSNP0012064,WH0008,PRD0065,2026-01-01,1857,501,200
INVSNP0012065,WH0008,PRD0065,2026-02-01,1580,501,200
INVSNP0012066,WH0008,PRD0065,2026-03-01,1914,501,200
INVSNP0012067,WH0008,PRD0065,2026-04-01,1965,501,200
INVSNP0012068,WH0008,PRD0065,2026-05-01,2850,501,200
INVSNP0012069,WH0008,PRD0065,2026-06-01,1799,501,200
INVSNP0012070,WH0008,PRD0065,2026-07-01,2539,501,200
INVSNP0012071,WH0008,PRD0065,2026-08-01,1379,501,200
INVSNP0012072,WH0008,PRD0065,2026-09-01,1480,501,200
INVSNP0012073,WH0008,PRD0147,2024-10-01,2283,568,227
INVSNP0012074,WH0008,PRD0147,2024-11-01,2414,568,227
INVSNP0012075,WH0008,PRD0147,2024-12-01,2438,568,227
INVSNP0012076,WH0008,PRD0147,2025-01-01,2701,568,227
INVSNP0012077,WH0008,PRD0147,2025-02-01,1896,568,227
INVSNP0012078,WH0008,PRD0147,2025-03-01,1981,568,227
INVSNP0012079,WH0008,PRD0147,2025-04-01,2250,568,227
INVSNP0012080,WH0008,PRD0147,2025-05-01,2387,568,227
INVSNP0012081,WH0008,PRD0147,2025-06-01,2369,568,227
INVSNP0012082,WH0008,PRD0147,2025-07-01,1754,568,227
INVSNP0012083,WH0008,PRD0147,2025-08-01,2840,568,227
INVSNP0012084,WH0008,PRD0147,2025-09-01,3001,568,227
INVSNP0012085,WH0008,PRD0147,2025-10-01,2157,568,227
INVSNP0012086,WH0008,PRD0147,2025-11-01,2334,568,227
INVSNP0012087,WH0008,PRD0147,2025-12-01,3067,568,227
INVSNP0012088,WH0008,PRD0147,2026-01-01,2049,568,227
INVSNP0012089,WH0008,PRD0147,2026-02-01,1960,568,227
INVSNP0012090,WH0008,PRD0147,2026-03-01,1721,568,227
INVSNP0012091,WH0008,PRD0147,2026-04-01,1981,568,227
INVSNP0012092,WH0008,PRD0147,2026-05-01,2012,568,227
INVSNP0012093,WH0008,PRD0147,2026-06-01,2244,568,227
INVSNP0012094,WH0008,PRD0147,2026-07-01,1640,568,227
INVSNP0012095,WH0008,PRD0147,2026-08-01,2436,568,227
INVSNP0012096,WH0008,PRD0147,2026-09-01,2285,568,227
INVSNP0012097,WH0008,PRD0017,2024-10-01,2912,749,299
INVSNP0012098,WH0008,PRD0017,2024-11-01,3280,749,299
INVSNP0012099,WH0008,PRD0017,2024-12-01,2558,749,299
INVSNP0012100,WH0008,PRD0017,2025-01-01,2437,749,299
INVSNP0012101,WH0008,PRD0017,2025-02-01,3176,749,299
INVSNP0012102,WH0008,PRD0017,2025-03-01,3104,749,299
INVSNP0012103,WH0008,PRD0017,2025-04-01,1693,749,299
INVSNP0012104,WH0008,PRD0017,2025-05-01,2607,749,299
INVSNP0012105,WH0008,PRD0017,2025-06-01,2914,749,299
INVSNP0012106,WH0008,PRD0017,2025-07-01,3322,749,299
INVSNP0012107,WH0008,PRD0017,2025-08-01,2953,749,299
INVSNP0012108,WH0008,PRD0017,2025-09-01,2709,749,299
INVSNP0012109,WH0008,PRD0017,2025-10-01,2668,749,299
INVSNP0012110,WH0008,PRD0017,2025-11-01,2466,749,299
INVSNP0012111,WH0008,PRD0017,2025-12-01,3693,749,299
INVSNP0012112,WH0008,PRD0017,2026-01-01,3040,749,299
INVSNP0012113,WH0008,PRD0017,2026-02-01,2912,749,299
INVSNP0012114,WH0008,PRD0017,2026-03-01,2382,749,299
INVSNP0012115,WH0008,PRD0017,2026-04-01,3565,749,299
INVSNP0012116,WH0008,PRD0017,2026-05-01,3862,749,299
INVSNP0012117,WH0008,PRD0017,2026-06-01,2653,749,299
INVSNP0012118,WH0008,PRD0017,2026-07-01,3217,749,299
INVSNP0012119,WH0008,PRD0017,2026-08-01,3094,749,299
INVSNP0012120,WH0008,PRD0017,2026-09-01,2976,749,299
INVSNP0012121,WH0008,PRD0145,2024-10-01,1718,397,159
INVSNP0012122,WH0008,PRD0145,2024-11-01,1855,397,159
INVSNP0012123,WH0008,PRD0145,2024-12-01,1443,397,159
INVSNP0012124,WH0008,PRD0145,2025-01-01,1610,397,159
INVSNP0012125,WH0008,PRD0145,2025-02-01,1865,397,159
INVSNP0012126,WH0008,PRD0145,2025-03-01,1882,397,159
INVSNP0012127,WH0008,PRD0145,2025-04-01,1906,397,159
INVSNP0012128,WH0008,PRD0145,2025-05-01,1646,397,159
INVSNP0012129,WH0008,PRD0145,2025-06-01,1823,397,159
INVSNP0012130,WH0008,PRD0145,2025-07-01,1565,397,159
INVSNP0012131,WH0008,PRD0145,2025-08-01,1261,397,159
INVSNP0012132,WH0008,PRD0145,2025-09-01,1485,397,159
INVSNP0012133,WH0008,PRD0145,2025-10-01,1470,397,159
INVSNP0012134,WH0008,PRD0145,2025-11-01,1484,397,159
INVSNP0012135,WH0008,PRD0145,2025-12-01,1106,397,159
INVSNP0012136,WH0008,PRD0145,2026-01-01,1671,397,159
INVSNP0012137,WH0008,PRD0145,2026-02-01,1706,397,159
INVSNP0012138,WH0008,PRD0145,2026-03-01,1591,397,159
INVSNP0012139,WH0008,PRD0145,2026-04-01,1399,397,159
INVSNP0012140,WH0008,PRD0145,2026-05-01,1256,397,159
INVSNP0012141,WH0008,PRD0145,2026-06-01,1764,397,159
INVSNP0012142,WH0008,PRD0145,2026-07-01,1722,397,159
INVSNP0012143,WH0008,PRD0145,2026-08-01,1160,397,159
INVSNP0012144,WH0008,PRD0145,2026-09-01,2027,397,159
INVSNP0012145,WH0008,PRD0134,2024-10-01,2024,704,281
INVSNP0012146,WH0008,PRD0134,2024-11-01,2578,704,281
INVSNP0012147,WH0008,PRD0134,2024-12-01,2739,704,281
INVSNP0012148,WH0008,PRD0134,2025-01-01,3092,704,281
INVSNP0012149,WH0008,PRD0134,2025-02-01,2233,704,281
INVSNP0012150,WH0008,PRD0134,2025-03-01,2647,704,281
INVSNP0012151,WH0008,PRD0134,2025-04-01,2257,704,281
INVSNP0012152,WH0008,PRD0134,2025-05-01,3067,704,281
INVSNP0012153,WH0008,PRD0134,2025-06-01,2334,704,281
INVSNP0012154,WH0008,PRD0134,2025-07-01,2188,704,281
INVSNP0012155,WH0008,PRD0134,2025-08-01,3208,704,281
INVSNP0012156,WH0008,PRD0134,2025-09-01,3241,704,281
INVSNP0012157,WH0008,PRD0134,2025-10-01,2121,704,281
INVSNP0012158,WH0008,PRD0134,2025-11-01,2756,704,281
INVSNP0012159,WH0008,PRD0134,2025-12-01,3118,704,281
INVSNP0012160,WH0008,PRD0134,2026-01-01,2963,704,281
INVSNP0012161,WH0008,PRD0134,2026-02-01,3135,704,281
INVSNP0012162,WH0008,PRD0134,2026-03-01,2528,704,281
INVSNP0012163,WH0008,PRD0134,2026-04-01,3427,704,281
INVSNP0012164,WH0008,PRD0134,2026-05-01,3101,704,281
INVSNP0012165,WH0008,PRD0134,2026-06-01,3514,704,281
INVSNP0012166,WH0008,PRD0134,2026-07-01,2994,704,281
INVSNP0012167,WH0008,PRD0134,2026-08-01,3090,704,281
INVSNP0012168,WH0008,PRD0134,2026-09-01,3128,704,281
INVSNP0012169,WH0008,PRD0039,2024-10-01,2967,659,263
INVSNP0012170,WH0008,PRD0039,2024-11-01,2504,659,263
INVSNP0012171,WH0008,PRD0039,2024-12-01,2574,659,263
INVSNP0012172,WH0008,PRD0039,2025-01-01,2290,659,263
INVSNP0012173,WH0008,PRD0039,2025-02-01,2724,659,263
INVSNP0012174,WH0008,PRD0039,2025-03-01,2233,659,263
INVSNP0012175,WH0008,PRD0039,2025-04-01,2959,659,263
INVSNP0012176,WH0008,PRD0039,2025-05-01,2152,659,263
INVSNP0012177,WH0008,PRD0039,2025-06-01,2802,659,263
INVSNP0012178,WH0008,PRD0039,2025-07-01,2794,659,263
INVSNP0012179,WH0008,PRD0039,2025-08-01,2627,659,263
INVSNP0012180,WH0008,PRD0039,2025-09-01,1963,659,263
INVSNP0012181,WH0008,PRD0039,2025-10-01,2437,659,263
INVSNP0012182,WH0008,PRD0039,2025-11-01,2155,659,263
INVSNP0012183,WH0008,PRD0039,2025-12-01,2827,659,263
INVSNP0012184,WH0008,PRD0039,2026-01-01,2648,659,263
INVSNP0012185,WH0008,PRD0039,2026-02-01,2592,659,263
INVSNP0012186,WH0008,PRD0039,2026-03-01,2493,659,263
INVSNP0012187,WH0008,PRD0039,2026-04-01,2017,659,263
INVSNP0012188,WH0008,PRD0039,2026-05-01,3100,659,263
INVSNP0012189,WH0008,PRD0039,2026-06-01,2700,659,263
INVSNP0012190,WH0008,PRD0039,2026-07-01,2091,659,263
INVSNP0012191,WH0008,PRD0039,2026-08-01,3123,659,263
INVSNP0012192,WH0008,PRD0039,2026-09-01,3208,659,263
INVSNP0012193,WH0008,PRD0087,2024-10-01,3562,1026,410
INVSNP0012194,WH0008,PRD0087,2024-11-01,3520,1026,410
INVSNP0012195,WH0008,PRD0087,2024-12-01,5103,1026,410
INVSNP0012196,WH0008,PRD0087,2025-01-01,4560,1026,410
INVSNP0012197,WH0008,PRD0087,2025-02-01,3046,1026,410
INVSNP0012198,WH0008,PRD0087,2025-03-01,4393,1026,410
INVSNP0012199,WH0008,PRD0087,2025-04-01,4743,1026,410
INVSNP0012200,WH0008,PRD0087,2025-05-01,4518,1026,410
INVSNP0012201,WH0008,PRD0087,2025-06-01,5101,1026,410
INVSNP0012202,WH0008,PRD0087,2025-07-01,4237,1026,410
INVSNP0012203,WH0008,PRD0087,2025-08-01,3346,1026,410
INVSNP0012204,WH0008,PRD0087,2025-09-01,5022,1026,410
INVSNP0012205,WH0008,PRD0087,2025-10-01,3592,1026,410
INVSNP0012206,WH0008,PRD0087,2025-11-01,3536,1026,410
INVSNP0012207,WH0008,PRD0087,2025-12-01,4572,1026,410
INVSNP0012208,WH0008,PRD0087,2026-01-01,3130,1026,410
INVSNP0012209,WH0008,PRD0087,2026-02-01,4725,1026,410
INVSNP0012210,WH0008,PRD0087,2026-03-01,4511,1026,410
INVSNP0012211,WH0008,PRD0087,2026-04-01,3800,1026,410
INVSNP0012212,WH0008,PRD0087,2026-05-01,4588,1026,410
INVSNP0012213,WH0008,PRD0087,2026-06-01,4698,1026,410
INVSNP0012214,WH0008,PRD0087,2026-07-01,4376,1026,410
INVSNP0012215,WH0008,PRD0087,2026-08-01,4290,1026,410
INVSNP0012216,WH0008,PRD0087,2026-09-01,4831,1026,410
INVSNP0012217,WH0008,PRD0071,2024-10-01,838,211,84
INVSNP0012218,WH0008,PRD0071,2024-11-01,776,211,84
INVSNP0012219,WH0008,PRD0071,2024-12-01,846,211,84
INVSNP0012220,WH0008,PRD0071,2025-01-01,585,211,84
INVSNP0012221,WH0008,PRD0071,2025-02-01,806,211,84
INVSNP0012222,WH0008,PRD0071,2025-03-01,905,211,84
INVSNP0012223,WH0008,PRD0071,2025-04-01,1006,211,84
INVSNP0012224,WH0008,PRD0071,2025-05-01,748,211,84
INVSNP0012225,WH0008,PRD0071,2025-06-01,841,211,84
INVSNP0012226,WH0008,PRD0071,2025-07-01,822,211,84
INVSNP0012227,WH0008,PRD0071,2025-08-01,805,211,84
INVSNP0012228,WH0008,PRD0071,2025-09-01,944,211,84
INVSNP0012229,WH0008,PRD0071,2025-10-01,825,211,84
INVSNP0012230,WH0008,PRD0071,2025-11-01,853,211,84
INVSNP0012231,WH0008,PRD0071,2025-12-01,1113,211,84
INVSNP0012232,WH0008,PRD0071,2026-01-01,863,211,84
INVSNP0012233,WH0008,PRD0071,2026-02-01,766,211,84
INVSNP0012234,WH0008,PRD0071,2026-03-01,656,211,84
INVSNP0012235,WH0008,PRD0071,2026-04-01,1037,211,84
INVSNP0012236,WH0008,PRD0071,2026-05-01,682,211,84
INVSNP0012237,WH0008,PRD0071,2026-06-01,828,211,84
INVSNP0012238,WH0008,PRD0071,2026-07-01,903,211,84
INVSNP0012239,WH0008,PRD0071,2026-08-01,657,211,84
INVSNP0012240,WH0008,PRD0071,2026-09-01,816,211,84
INVSNP0012241,WH0008,PRD0131,2024-10-01,2705,714,285
INVSNP0012242,WH0008,PRD0131,2024-11-01,2701,714,285
INVSNP0012243,WH0008,PRD0131,2024-12-01,2576,714,285
INVSNP0012244,WH0008,PRD0131,2025-01-01,2593,714,285
INVSNP0012245,WH0008,PRD0131,2025-02-01,3196,714,285
INVSNP0012246,WH0008,PRD0131,2025-03-01,2498,714,285
INVSNP0012247,WH0008,PRD0131,2025-04-01,2843,714,285
INVSNP0012248,WH0008,PRD0131,2025-05-01,2496,714,285
INVSNP0012249,WH0008,PRD0131,2025-06-01,3402,714,285
INVSNP0012250,WH0008,PRD0131,2025-07-01,2502,714,285
INVSNP0012251,WH0008,PRD0131,2025-08-01,2674,714,285
INVSNP0012252,WH0008,PRD0131,2025-09-01,2594,714,285
INVSNP0012253,WH0008,PRD0131,2025-10-01,3405,714,285
INVSNP0012254,WH0008,PRD0131,2025-11-01,2700,714,285
INVSNP0012255,WH0008,PRD0131,2025-12-01,3050,714,285
INVSNP0012256,WH0008,PRD0131,2026-01-01,2843,714,285
INVSNP0012257,WH0008,PRD0131,2026-02-01,3767,714,285
INVSNP0012258,WH0008,PRD0131,2026-03-01,2824,714,285
INVSNP0012259,WH0008,PRD0131,2026-04-01,2407,714,285
INVSNP0012260,WH0008,PRD0131,2026-05-01,3148,714,285
INVSNP0012261,WH0008,PRD0131,2026-06-01,2677,714,285
INVSNP0012262,WH0008,PRD0131,2026-07-01,2756,714,285
INVSNP0012263,WH0008,PRD0131,2026-08-01,3185,714,285
INVSNP0012264,WH0008,PRD0131,2026-09-01,3227,714,285
INVSNP0012265,WH0008,PRD0022,2024-10-01,343,96,38
INVSNP0012266,WH0008,PRD0022,2024-11-01,405,96,38
INVSNP0012267,WH0008,PRD0022,2024-12-01,370,96,38
INVSNP0012268,WH0008,PRD0022,2025-01-01,352,96,38
INVSNP0012269,WH0008,PRD0022,2025-02-01,330,96,38
INVSNP0012270,WH0008,PRD0022,2025-03-01,415,96,38
INVSNP0012271,WH0008,PRD0022,2025-04-01,397,96,38
INVSNP0012272,WH0008,PRD0022,2025-05-01,386,96,38
INVSNP0012273,WH0008,PRD0022,2025-06-01,379,96,38
INVSNP0012274,WH0008,PRD0022,2025-07-01,439,96,38
INVSNP0012275,WH0008,PRD0022,2025-08-01,477,96,38
INVSNP0012276,WH0008,PRD0022,2025-09-01,377,96,38
INVSNP0012277,WH0008,PRD0022,2025-10-01,415,96,38
INVSNP0012278,WH0008,PRD0022,2025-11-01,358,96,38
INVSNP0012279,WH0008,PRD0022,2025-12-01,371,96,38
INVSNP0012280,WH0008,PRD0022,2026-01-01,388,96,38
INVSNP0012281,WH0008,PRD0022,2026-02-01,328,96,38
INVSNP0012282,WH0008,PRD0022,2026-03-01,369,96,38
INVSNP0012283,WH0008,PRD0022,2026-04-01,377,96,38
INVSNP0012284,WH0008,PRD0022,2026-05-01,436,96,38
INVSNP0012285,WH0008,PRD0022,2026-06-01,447,96,38
INVSNP0012286,WH0008,PRD0022,2026-07-01,399,96,38
INVSNP0012287,WH0008,PRD0022,2026-08-01,407,96,38
INVSNP0012288,WH0008,PRD0022,2026-09-01,384,96,38
INVSNP0012289,WH0008,PRD0058,2024-10-01,2609,844,337
INVSNP0012290,WH0008,PRD0058,2024-11-01,3046,844,337
INVSNP0012291,WH0008,PRD0058,2024-12-01,2981,844,337
INVSNP0012292,WH0008,PRD0058,2025-01-01,3562,844,337
INVSNP0012293,WH0008,PRD0058,2025-02-01,3971,844,337
INVSNP0012294,WH0008,PRD0058,2025-03-01,3611,844,337
INVSNP0012295,WH0008,PRD0058,2025-04-01,3601,844,337
INVSNP0012296,WH0008,PRD0058,2025-05-01,3258,844,337
INVSNP0012297,WH0008,PRD0058,2025-06-01,3679,844,337
INVSNP0012298,WH0008,PRD0058,2025-07-01,3337,844,337
INVSNP0012299,WH0008,PRD0058,2025-08-01,3253,844,337
INVSNP0012300,WH0008,PRD0058,2025-09-01,3163,844,337
INVSNP0012301,WH0008,PRD0058,2025-10-01,3832,844,337
INVSNP0012302,WH0008,PRD0058,2025-11-01,4264,844,337
INVSNP0012303,WH0008,PRD0058,2025-12-01,3970,844,337
INVSNP0012304,WH0008,PRD0058,2026-01-01,4004,844,337
INVSNP0012305,WH0008,PRD0058,2026-02-01,2815,844,337
INVSNP0012306,WH0008,PRD0058,2026-03-01,3088,844,337
INVSNP0012307,WH0008,PRD0058,2026-04-01,3457,844,337
INVSNP0012308,WH0008,PRD0058,2026-05-01,3924,844,337
INVSNP0012309,WH0008,PRD0058,2026-06-01,1881,844,337
INVSNP0012310,WH0008,PRD0058,2026-07-01,2702,844,337
INVSNP0012311,WH0008,PRD0058,2026-08-01,2543,844,337
INVSNP0012312,WH0008,PRD0058,2026-09-01,2819,844,337
INVSNP0012313,WH0008,PRD0015,2024-10-01,2914,687,274
INVSNP0012314,WH0008,PRD0015,2024-11-01,2770,687,274
INVSNP0012315,WH0008,PRD0015,2024-12-01,2356,687,274
INVSNP0012316,WH0008,PRD0015,2025-01-01,2696,687,274
INVSNP0012317,WH0008,PRD0015,2025-02-01,2671,687,274
INVSNP0012318,WH0008,PRD0015,2025-03-01,3053,687,274
INVSNP0012319,WH0008,PRD0015,2025-04-01,3401,687,274
INVSNP0012320,WH0008,PRD0015,2025-05-01,2949,687,274
INVSNP0012321,WH0008,PRD0015,2025-06-01,2462,687,274
INVSNP0012322,WH0008,PRD0015,2025-07-01,2418,687,274
INVSNP0012323,WH0008,PRD0015,2025-08-01,3278,687,274
INVSNP0012324,WH0008,PRD0015,2025-09-01,2580,687,274
INVSNP0012325,WH0008,PRD0015,2025-10-01,2510,687,274
INVSNP0012326,WH0008,PRD0015,2025-11-01,2149,687,274
INVSNP0012327,WH0008,PRD0015,2025-12-01,2453,687,274
INVSNP0012328,WH0008,PRD0015,2026-01-01,3180,687,274
INVSNP0012329,WH0008,PRD0015,2026-02-01,2921,687,274
INVSNP0012330,WH0008,PRD0015,2026-03-01,2292,687,274
INVSNP0012331,WH0008,PRD0015,2026-04-01,3297,687,274
INVSNP0012332,WH0008,PRD0015,2026-05-01,3636,687,274
INVSNP0012333,WH0008,PRD0015,2026-06-01,2345,687,274
INVSNP0012334,WH0008,PRD0015,2026-07-01,2709,687,274
INVSNP0012335,WH0008,PRD0015,2026-08-01,2924,687,274
INVSNP0012336,WH0008,PRD0015,2026-09-01,3288,687,274
INVSNP0012337,WH0008,PRD0062,2024-10-01,1056,270,108
INVSNP0012338,WH0008,PRD0062,2024-11-01,1065,270,108
INVSNP0012339,WH0008,PRD0062,2024-12-01,1346,270,108
INVSNP0012340,WH0008,PRD0062,2025-01-01,755,270,108
INVSNP0012341,WH0008,PRD0062,2025-02-01,886,270,108
INVSNP0012342,WH0008,PRD0062,2025-03-01,1233,270,108
INVSNP0012343,WH0008,PRD0062,2025-04-01,971,270,108
INVSNP0012344,WH0008,PRD0062,2025-05-01,1088,270,108
INVSNP0012345,WH0008,PRD0062,2025-06-01,1058,270,108
INVSNP0012346,WH0008,PRD0062,2025-07-01,1019,270,108
INVSNP0012347,WH0008,PRD0062,2025-08-01,1151,270,108
INVSNP0012348,WH0008,PRD0062,2025-09-01,998,270,108
INVSNP0012349,WH0008,PRD0062,2025-10-01,1391,270,108
INVSNP0012350,WH0008,PRD0062,2025-11-01,978,270,108
INVSNP0012351,WH0008,PRD0062,2025-12-01,1157,270,108
INVSNP0012352,WH0008,PRD0062,2026-01-01,1312,270,108
INVSNP0012353,WH0008,PRD0062,2026-02-01,940,270,108
INVSNP0012354,WH0008,PRD0062,2026-03-01,1005,270,108
INVSNP0012355,WH0008,PRD0062,2026-04-01,1084,270,108
INVSNP0012356,WH0008,PRD0062,2026-05-01,1076,270,108
INVSNP0012357,WH0008,PRD0062,2026-06-01,1099,270,108
INVSNP0012358,WH0008,PRD0062,2026-07-01,1235,270,108
INVSNP0012359,WH0008,PRD0062,2026-08-01,717,270,108
INVSNP0012360,WH0008,PRD0062,2026-09-01,779,270,108
INVSNP0012361,WH0008,PRD0142,2024-10-01,1764,403,161
INVSNP0012362,WH0008,PRD0142,2024-11-01,1709,403,161
INVSNP0012363,WH0008,PRD0142,2024-12-01,1043,403,161
INVSNP0012364,WH0008,PRD0142,2025-01-01,1510,403,161
INVSNP0012365,WH0008,PRD0142,2025-02-01,1608,403,161
INVSNP0012366,WH0008,PRD0142,2025-03-01,1662,403,161
INVSNP0012367,WH0008,PRD0142,2025-04-01,1430,403,161
INVSNP0012368,WH0008,PRD0142,2025-05-01,1076,403,161
INVSNP0012369,WH0008,PRD0142,2025-06-01,1814,403,161
INVSNP0012370,WH0008,PRD0142,2025-07-01,1502,403,161
INVSNP0012371,WH0008,PRD0142,2025-08-01,1692,403,161
INVSNP0012372,WH0008,PRD0142,2025-09-01,1174,403,161
INVSNP0012373,WH0008,PRD0142,2025-10-01,1332,403,161
INVSNP0012374,WH0008,PRD0142,2025-11-01,1634,403,161
INVSNP0012375,WH0008,PRD0142,2025-12-01,1771,403,161
INVSNP0012376,WH0008,PRD0142,2026-01-01,1215,403,161
INVSNP0012377,WH0008,PRD0142,2026-02-01,1508,403,161
INVSNP0012378,WH0008,PRD0142,2026-03-01,1631,403,161
INVSNP0012379,WH0008,PRD0142,2026-04-01,1792,403,161
INVSNP0012380,WH0008,PRD0142,2026-05-01,1569,403,161
INVSNP0012381,WH0008,PRD0142,2026-06-01,1726,403,161
INVSNP0012382,WH0008,PRD0142,2026-07-01,1944,403,161
INVSNP0012383,WH0008,PRD0142,2026-08-01,1234,403,161
INVSNP0012384,WH0008,PRD0142,2026-09-01,1299,403,161
INVSNP0012385,WH0008,PRD0070,2024-10-01,2383,552,221
INVSNP0012386,WH0008,PRD0070,2024-11-01,1820,552,221
INVSNP0012387,WH0008,PRD0070,2024-12-01,2488,552,221
INVSNP0012388,WH0008,PRD0070,2025-01-01,2400,552,221
INVSNP0012389,WH0008,PRD0070,2025-02-01,2719,552,221
INVSNP0012390,WH0008,PRD0070,2025-03-01,2233,552,221
INVSNP0012391,WH0008,PRD0070,2025-04-01,2296,552,221
INVSNP0012392,WH0008,PRD0070,2025-05-01,2010,552,221
INVSNP0012393,WH0008,PRD0070,2025-06-01,1564,552,221
INVSNP0012394,WH0008,PRD0070,2025-07-01,1512,552,221
INVSNP0012395,WH0008,PRD0070,2025-08-01,2494,552,221
INVSNP0012396,WH0008,PRD0070,2025-09-01,2365,552,221
INVSNP0012397,WH0008,PRD0070,2025-10-01,2234,552,221
INVSNP0012398,WH0008,PRD0070,2025-11-01,1966,552,221
INVSNP0012399,WH0008,PRD0070,2025-12-01,2064,552,221
INVSNP0012400,WH0008,PRD0070,2026-01-01,1429,552,221
INVSNP0012401,WH0008,PRD0070,2026-02-01,2119,552,221
INVSNP0012402,WH0008,PRD0070,2026-03-01,2826,552,221
INVSNP0012403,WH0008,PRD0070,2026-04-01,2056,552,221
INVSNP0012404,WH0008,PRD0070,2026-05-01,2141,552,221
INVSNP0012405,WH0008,PRD0070,2026-06-01,1879,552,221
INVSNP0012406,WH0008,PRD0070,2026-07-01,2402,552,221
INVSNP0012407,WH0008,PRD0070,2026-08-01,1998,552,221
INVSNP0012408,WH0008,PRD0070,2026-09-01,2549,552,221
INVSNP0012409,WH0008,PRD0031,2024-10-01,1221,284,113
INVSNP0012410,WH0008,PRD0031,2024-11-01,1256,284,113
INVSNP0012411,WH0008,PRD0031,2024-12-01,1070,284,113
INVSNP0012412,WH0008,PRD0031,2025-01-01,1135,284,113
INVSNP0012413,WH0008,PRD0031,2025-02-01,1099,284,113
INVSNP0012414,WH0008,PRD0031,2025-03-01,1209,284,113
INVSNP0012415,WH0008,PRD0031,2025-04-01,904,284,113
INVSNP0012416,WH0008,PRD0031,2025-05-01,1181,284,113
INVSNP0012417,WH0008,PRD0031,2025-06-01,1074,284,113
INVSNP0012418,WH0008,PRD0031,2025-07-01,1198,284,113
INVSNP0012419,WH0008,PRD0031,2025-08-01,869,284,113
INVSNP0012420,WH0008,PRD0031,2025-09-01,1027,284,113
INVSNP0012421,WH0008,PRD0031,2025-10-01,1030,284,113
INVSNP0012422,WH0008,PRD0031,2025-11-01,1480,284,113
INVSNP0012423,WH0008,PRD0031,2025-12-01,1042,284,113
INVSNP0012424,WH0008,PRD0031,2026-01-01,1110,284,113
INVSNP0012425,WH0008,PRD0031,2026-02-01,1209,284,113
INVSNP0012426,WH0008,PRD0031,2026-03-01,1108,284,113
INVSNP0012427,WH0008,PRD0031,2026-04-01,1062,284,113
INVSNP0012428,WH0008,PRD0031,2026-05-01,1264,284,113
INVSNP0012429,WH0008,PRD0031,2026-06-01,1479,284,113
INVSNP0012430,WH0008,PRD0031,2026-07-01,1141,284,113
INVSNP0012431,WH0008,PRD0031,2026-08-01,1132,284,113
INVSNP0012432,WH0008,PRD0031,2026-09-01,1008,284,113
INVSNP0012433,WH0008,PRD0148,2024-10-01,3869,1084,433
INVSNP0012434,WH0008,PRD0148,2024-11-01,4414,1084,433
INVSNP0012435,WH0008,PRD0148,2024-12-01,4161,1084,433
INVSNP0012436,WH0008,PRD0148,2025-01-01,4854,1084,433
INVSNP0012437,WH0008,PRD0148,2025-02-01,4687,1084,433
INVSNP0012438,WH0008,PRD0148,2025-03-01,3351,1084,433
INVSNP0012439,WH0008,PRD0148,2025-04-01,4841,1084,433
INVSNP0012440,WH0008,PRD0148,2025-05-01,5436,1084,433
INVSNP0012441,WH0008,PRD0148,2025-06-01,4017,1084,433
INVSNP0012442,WH0008,PRD0148,2025-07-01,4232,1084,433
INVSNP0012443,WH0008,PRD0148,2025-08-01,3140,1084,433
INVSNP0012444,WH0008,PRD0148,2025-09-01,4562,1084,433
INVSNP0012445,WH0008,PRD0148,2025-10-01,3755,1084,433
INVSNP0012446,WH0008,PRD0148,2025-11-01,4159,1084,433
INVSNP0012447,WH0008,PRD0148,2025-12-01,4064,1084,433
INVSNP0012448,WH0008,PRD0148,2026-01-01,4186,1084,433
INVSNP0012449,WH0008,PRD0148,2026-02-01,3752,1084,433
INVSNP0012450,WH0008,PRD0148,2026-03-01,4238,1084,433
INVSNP0012451,WH0008,PRD0148,2026-04-01,4269,1084,433
INVSNP0012452,WH0008,PRD0148,2026-05-01,4665,1084,433
INVSNP0012453,WH0008,PRD0148,2026-06-01,4585,1084,433
INVSNP0012454,WH0008,PRD0148,2026-07-01,4303,1084,433
INVSNP0012455,WH0008,PRD0148,2026-08-01,4176,1084,433
INVSNP0012456,WH0008,PRD0148,2026-09-01,4326,1084,433
INVSNP0012457,WH0008,PRD0028,2024-10-01,3811,1156,462
INVSNP0012458,WH0008,PRD0028,2024-11-01,4638,1156,462
INVSNP0012459,WH0008,PRD0028,2024-12-01,4682,1156,462
INVSNP0012460,WH0008,PRD0028,2025-01-01,4376,1156,462
INVSNP0012461,WH0008,PRD0028,2025-02-01,3340,1156,462
INVSNP0012462,WH0008,PRD0028,2025-03-01,4507,1156,462
INVSNP0012463,WH0008,PRD0028,2025-04-01,4497,1156,462
INVSNP0012464,WH0008,PRD0028,2025-05-01,3982,1156,462
INVSNP0012465,WH0008,PRD0028,2025-06-01,5089,1156,462
INVSNP0012466,WH0008,PRD0028,2025-07-01,4582,1156,462
INVSNP0012467,WH0008,PRD0028,2025-08-01,4428,1156,462
INVSNP0012468,WH0008,PRD0028,2025-09-01,5529,1156,462
INVSNP0012469,WH0008,PRD0028,2025-10-01,4871,1156,462
INVSNP0012470,WH0008,PRD0028,2025-11-01,4631,1156,462
INVSNP0012471,WH0008,PRD0028,2025-12-01,5497,1156,462
INVSNP0012472,WH0008,PRD0028,2026-01-01,4530,1156,462
INVSNP0012473,WH0008,PRD0028,2026-02-01,5103,1156,462
INVSNP0012474,WH0008,PRD0028,2026-03-01,3309,1156,462
INVSNP0012475,WH0008,PRD0028,2026-04-01,4235,1156,462
INVSNP0012476,WH0008,PRD0028,2026-05-01,3796,1156,462
INVSNP0012477,WH0008,PRD0028,2026-06-01,4812,1156,462
INVSNP0012478,WH0008,PRD0028,2026-07-01,4302,1156,462
INVSNP0012479,WH0008,PRD0028,2026-08-01,3883,1156,462
INVSNP0012480,WH0008,PRD0028,2026-09-01,5099,1156,462
INVSNP0012481,WH0008,PRD0144,2024-10-01,3992,979,391
INVSNP0012482,WH0008,PRD0144,2024-11-01,4453,979,391
INVSNP0012483,WH0008,PRD0144,2024-12-01,4256,979,391
INVSNP0012484,WH0008,PRD0144,2025-01-01,5712,979,391
INVSNP0012485,WH0008,PRD0144,2025-02-01,3791,979,391
INVSNP0012486,WH0008,PRD0144,2025-03-01,4362,979,391
INVSNP0012487,WH0008,PRD0144,2025-04-01,4321,979,391
INVSNP0012488,WH0008,PRD0144,2025-05-01,3927,979,391
INVSNP0012489,WH0008,PRD0144,2025-06-01,3515,979,391
INVSNP0012490,WH0008,PRD0144,2025-07-01,3430,979,391
INVSNP0012491,WH0008,PRD0144,2025-08-01,4042,979,391
INVSNP0012492,WH0008,PRD0144,2025-09-01,2918,979,391
INVSNP0012493,WH0008,PRD0144,2025-10-01,3514,979,391
INVSNP0012494,WH0008,PRD0144,2025-11-01,3935,979,391
INVSNP0012495,WH0008,PRD0144,2025-12-01,3639,979,391
INVSNP0012496,WH0008,PRD0144,2026-01-01,2984,979,391
INVSNP0012497,WH0008,PRD0144,2026-02-01,2778,979,391
INVSNP0012498,WH0008,PRD0144,2026-03-01,3658,979,391
INVSNP0012499,WH0008,PRD0144,2026-04-01,4243,979,391
INVSNP0012500,WH0008,PRD0144,2026-05-01,2754,979,391
INVSNP0012501,WH0008,PRD0144,2026-06-01,3837,979,391
INVSNP0012502,WH0008,PRD0144,2026-07-01,3404,979,391
INVSNP0012503,WH0008,PRD0144,2026-08-01,4908,979,391
INVSNP0012504,WH0008,PRD0144,2026-09-01,4450,979,391
INVSNP0012505,WH0009,PRD0023,2024-10-01,1109,311,124
INVSNP0012506,WH0009,PRD0023,2024-11-01,1368,311,124
INVSNP0012507,WH0009,PRD0023,2024-12-01,1511,311,124
INVSNP0012508,WH0009,PRD0023,2025-01-01,1291,311,124
INVSNP0012509,WH0009,PRD0023,2025-02-01,908,311,124
INVSNP0012510,WH0009,PRD0023,2025-03-01,1073,311,124
INVSNP0012511,WH0009,PRD0023,2025-04-01,1394,311,124
INVSNP0012512,WH0009,PRD0023,2025-05-01,784,311,124
INVSNP0012513,WH0009,PRD0023,2025-06-01,1309,311,124
INVSNP0012514,WH0009,PRD0023,2025-07-01,980,311,124
INVSNP0012515,WH0009,PRD0023,2025-08-01,1559,311,124
INVSNP0012516,WH0009,PRD0023,2025-09-01,1423,311,124
INVSNP0012517,WH0009,PRD0023,2025-10-01,1151,311,124
INVSNP0012518,WH0009,PRD0023,2025-11-01,1236,311,124
INVSNP0012519,WH0009,PRD0023,2025-12-01,1206,311,124
INVSNP0012520,WH0009,PRD0023,2026-01-01,1309,311,124
INVSNP0012521,WH0009,PRD0023,2026-02-01,1352,311,124
INVSNP0012522,WH0009,PRD0023,2026-03-01,1601,311,124
INVSNP0012523,WH0009,PRD0023,2026-04-01,1022,311,124
INVSNP0012524,WH0009,PRD0023,2026-05-01,1370,311,124
INVSNP0012525,WH0009,PRD0023,2026-06-01,1271,311,124
INVSNP0012526,WH0009,PRD0023,2026-07-01,534,311,124
INVSNP0012527,WH0009,PRD0023,2026-08-01,1330,311,124
INVSNP0012528,WH0009,PRD0023,2026-09-01,1347,311,124
INVSNP0012529,WH0009,PRD0028,2024-10-01,5410,1239,495
INVSNP0012530,WH0009,PRD0028,2024-11-01,4114,1239,495
INVSNP0012531,WH0009,PRD0028,2024-12-01,3705,1239,495
INVSNP0012532,WH0009,PRD0028,2025-01-01,4195,1239,495
INVSNP0012533,WH0009,PRD0028,2025-02-01,4259,1239,495
INVSNP0012534,WH0009,PRD0028,2025-03-01,4984,1239,495
INVSNP0012535,WH0009,PRD0028,2025-04-01,5697,1239,495
INVSNP0012536,WH0009,PRD0028,2025-05-01,3601,1239,495
INVSNP0012537,WH0009,PRD0028,2025-06-01,3899,1239,495
INVSNP0012538,WH0009,PRD0028,2025-07-01,4490,1239,495
INVSNP0012539,WH0009,PRD0028,2025-08-01,4993,1239,495
INVSNP0012540,WH0009,PRD0028,2025-09-01,6212,1239,495
INVSNP0012541,WH0009,PRD0028,2025-10-01,4756,1239,495
INVSNP0012542,WH0009,PRD0028,2025-11-01,5076,1239,495
INVSNP0012543,WH0009,PRD0028,2025-12-01,5247,1239,495
INVSNP0012544,WH0009,PRD0028,2026-01-01,4431,1239,495
INVSNP0012545,WH0009,PRD0028,2026-02-01,5250,1239,495
INVSNP0012546,WH0009,PRD0028,2026-03-01,5079,1239,495
INVSNP0012547,WH0009,PRD0028,2026-04-01,5321,1239,495
INVSNP0012548,WH0009,PRD0028,2026-05-01,3364,1239,495
INVSNP0012549,WH0009,PRD0028,2026-06-01,4806,1239,495
INVSNP0012550,WH0009,PRD0028,2026-07-01,5307,1239,495
INVSNP0012551,WH0009,PRD0028,2026-08-01,4462,1239,495
INVSNP0012552,WH0009,PRD0028,2026-09-01,5432,1239,495
INVSNP0012553,WH0009,PRD0112,2024-10-01,2992,689,275
INVSNP0012554,WH0009,PRD0112,2024-11-01,3113,689,275
INVSNP0012555,WH0009,PRD0112,2024-12-01,2728,689,275
INVSNP0012556,WH0009,PRD0112,2025-01-01,2621,689,275
INVSNP0012557,WH0009,PRD0112,2025-02-01,2996,689,275
INVSNP0012558,WH0009,PRD0112,2025-03-01,2041,689,275
INVSNP0012559,WH0009,PRD0112,2025-04-01,2547,689,275
INVSNP0012560,WH0009,PRD0112,2025-05-01,3307,689,275
INVSNP0012561,WH0009,PRD0112,2025-06-01,2954,689,275
INVSNP0012562,WH0009,PRD0112,2025-07-01,2587,689,275
INVSNP0012563,WH0009,PRD0112,2025-08-01,2957,689,275
INVSNP0012564,WH0009,PRD0112,2025-09-01,2908,689,275
INVSNP0012565,WH0009,PRD0112,2025-10-01,3518,689,275
INVSNP0012566,WH0009,PRD0112,2025-11-01,3507,689,275
INVSNP0012567,WH0009,PRD0112,2025-12-01,2815,689,275
INVSNP0012568,WH0009,PRD0112,2026-01-01,3005,689,275
INVSNP0012569,WH0009,PRD0112,2026-02-01,2754,689,275
INVSNP0012570,WH0009,PRD0112,2026-03-01,2460,689,275
INVSNP0012571,WH0009,PRD0112,2026-04-01,2755,689,275
INVSNP0012572,WH0009,PRD0112,2026-05-01,2623,689,275
INVSNP0012573,WH0009,PRD0112,2026-06-01,3043,689,275
INVSNP0012574,WH0009,PRD0112,2026-07-01,2367,689,275
INVSNP0012575,WH0009,PRD0112,2026-08-01,2486,689,275
INVSNP0012576,WH0009,PRD0112,2026-09-01,2800,689,275
INVSNP0012577,WH0009,PRD0008,2024-10-01,3666,859,343
INVSNP0012578,WH0009,PRD0008,2024-11-01,2797,859,343
INVSNP0012579,WH0009,PRD0008,2024-12-01,3818,859,343
INVSNP0012580,WH0009,PRD0008,2025-01-01,3013,859,343
INVSNP0012581,WH0009,PRD0008,2025-02-01,2797,859,343
INVSNP0012582,WH0009,PRD0008,2025-03-01,3494,859,343
INVSNP0012583,WH0009,PRD0008,2025-04-01,3401,859,343
INVSNP0012584,WH0009,PRD0008,2025-05-01,2676,859,343
INVSNP0012585,WH0009,PRD0008,2025-06-01,4165,859,343
INVSNP0012586,WH0009,PRD0008,2025-07-01,3340,859,343
INVSNP0012587,WH0009,PRD0008,2025-08-01,3494,859,343
INVSNP0012588,WH0009,PRD0008,2025-09-01,3804,859,343
INVSNP0012589,WH0009,PRD0008,2025-10-01,4350,859,343
INVSNP0012590,WH0009,PRD0008,2025-11-01,3625,859,343
INVSNP0012591,WH0009,PRD0008,2025-12-01,3538,859,343
INVSNP0012592,WH0009,PRD0008,2026-01-01,4105,859,343
INVSNP0012593,WH0009,PRD0008,2026-02-01,2850,859,343
INVSNP0012594,WH0009,PRD0008,2026-03-01,2795,859,343
INVSNP0012595,WH0009,PRD0008,2026-04-01,3075,859,343
INVSNP0012596,WH0009,PRD0008,2026-05-01,4325,859,343
INVSNP0012597,WH0009,PRD0008,2026-06-01,3687,859,343
INVSNP0012598,WH0009,PRD0008,2026-07-01,4273,859,343
INVSNP0012599,WH0009,PRD0008,2026-08-01,3368,859,343
INVSNP0012600,WH0009,PRD0008,2026-09-01,3914,859,343
INVSNP0012601,WH0009,PRD0042,2024-10-01,1855,385,154
INVSNP0012602,WH0009,PRD0042,2024-11-01,1351,385,154
INVSNP0012603,WH0009,PRD0042,2024-12-01,1605,385,154
INVSNP0012604,WH0009,PRD0042,2025-01-01,1975,385,154
INVSNP0012605,WH0009,PRD0042,2025-02-01,1288,385,154
INVSNP0012606,WH0009,PRD0042,2025-03-01,1325,385,154
INVSNP0012607,WH0009,PRD0042,2025-04-01,1242,385,154
INVSNP0012608,WH0009,PRD0042,2025-05-01,2085,385,154
INVSNP0012609,WH0009,PRD0042,2025-06-01,1410,385,154
INVSNP0012610,WH0009,PRD0042,2025-07-01,1528,385,154
INVSNP0012611,WH0009,PRD0042,2025-08-01,1658,385,154
INVSNP0012612,WH0009,PRD0042,2025-09-01,1247,385,154
INVSNP0012613,WH0009,PRD0042,2025-10-01,1486,385,154
INVSNP0012614,WH0009,PRD0042,2025-11-01,1389,385,154
INVSNP0012615,WH0009,PRD0042,2025-12-01,1310,385,154
INVSNP0012616,WH0009,PRD0042,2026-01-01,1908,385,154
INVSNP0012617,WH0009,PRD0042,2026-02-01,1132,385,154
INVSNP0012618,WH0009,PRD0042,2026-03-01,1448,385,154
INVSNP0012619,WH0009,PRD0042,2026-04-01,1783,385,154
INVSNP0012620,WH0009,PRD0042,2026-05-01,1697,385,154
INVSNP0012621,WH0009,PRD0042,2026-06-01,1043,385,154
INVSNP0012622,WH0009,PRD0042,2026-07-01,1867,385,154
INVSNP0012623,WH0009,PRD0042,2026-08-01,1597,385,154
INVSNP0012624,WH0009,PRD0042,2026-09-01,1549,385,154
INVSNP0012625,WH0009,PRD0084,2024-10-01,3915,944,377
INVSNP0012626,WH0009,PRD0084,2024-11-01,3103,944,377
INVSNP0012627,WH0009,PRD0084,2024-12-01,4309,944,377
INVSNP0012628,WH0009,PRD0084,2025-01-01,3721,944,377
INVSNP0012629,WH0009,PRD0084,2025-02-01,3453,944,377
INVSNP0012630,WH0009,PRD0084,2025-03-01,4139,944,377
INVSNP0012631,WH0009,PRD0084,2025-04-01,3920,944,377
INVSNP0012632,WH0009,PRD0084,2025-05-01,3329,944,377
INVSNP0012633,WH0009,PRD0084,2025-06-01,4145,944,377
INVSNP0012634,WH0009,PRD0084,2025-07-01,3288,944,377
INVSNP0012635,WH0009,PRD0084,2025-08-01,3703,944,377
INVSNP0012636,WH0009,PRD0084,2025-09-01,2849,944,377
INVSNP0012637,WH0009,PRD0084,2025-10-01,3952,944,377
INVSNP0012638,WH0009,PRD0084,2025-11-01,3581,944,377
INVSNP0012639,WH0009,PRD0084,2025-12-01,4052,944,377
INVSNP0012640,WH0009,PRD0084,2026-01-01,4408,944,377
INVSNP0012641,WH0009,PRD0084,2026-02-01,3628,944,377
INVSNP0012642,WH0009,PRD0084,2026-03-01,3168,944,377
INVSNP0012643,WH0009,PRD0084,2026-04-01,3734,944,377
INVSNP0012644,WH0009,PRD0084,2026-05-01,3607,944,377
INVSNP0012645,WH0009,PRD0084,2026-06-01,3660,944,377
INVSNP0012646,WH0009,PRD0084,2026-07-01,3634,944,377
INVSNP0012647,WH0009,PRD0084,2026-08-01,4114,944,377
INVSNP0012648,WH0009,PRD0084,2026-09-01,4184,944,377
INVSNP0012649,WH0009,PRD0099,2024-10-01,2860,825,330
INVSNP0012650,WH0009,PRD0099,2024-11-01,3456,825,330
INVSNP0012651,WH0009,PRD0099,2024-12-01,2751,825,330
INVSNP0012652,WH0009,PRD0099,2025-01-01,3261,825,330
INVSNP0012653,WH0009,PRD0099,2025-02-01,2867,825,330
INVSNP0012654,WH0009,PRD0099,2025-03-01,3630,825,330
INVSNP0012655,WH0009,PRD0099,2025-04-01,3161,825,330
INVSNP0012656,WH0009,PRD0099,2025-05-01,3359,825,330
INVSNP0012657,WH0009,PRD0099,2025-06-01,3045,825,330
INVSNP0012658,WH0009,PRD0099,2025-07-01,2839,825,330
INVSNP0012659,WH0009,PRD0099,2025-08-01,2455,825,330
INVSNP0012660,WH0009,PRD0099,2025-09-01,3096,825,330
INVSNP0012661,WH0009,PRD0099,2025-10-01,3804,825,330
INVSNP0012662,WH0009,PRD0099,2025-11-01,4171,825,330
INVSNP0012663,WH0009,PRD0099,2025-12-01,2665,825,330
INVSNP0012664,WH0009,PRD0099,2026-01-01,3566,825,330
INVSNP0012665,WH0009,PRD0099,2026-02-01,3583,825,330
INVSNP0012666,WH0009,PRD0099,2026-03-01,4623,825,330
INVSNP0012667,WH0009,PRD0099,2026-04-01,3457,825,330
INVSNP0012668,WH0009,PRD0099,2026-05-01,3165,825,330
INVSNP0012669,WH0009,PRD0099,2026-06-01,2949,825,330
INVSNP0012670,WH0009,PRD0099,2026-07-01,2808,825,330
INVSNP0012671,WH0009,PRD0099,2026-08-01,2968,825,330
INVSNP0012672,WH0009,PRD0099,2026-09-01,3107,825,330
INVSNP0012673,WH0009,PRD0072,2024-10-01,1382,453,181
INVSNP0012674,WH0009,PRD0072,2024-11-01,2041,453,181
INVSNP0012675,WH0009,PRD0072,2024-12-01,1612,453,181
INVSNP0012676,WH0009,PRD0072,2025-01-01,2206,453,181
INVSNP0012677,WH0009,PRD0072,2025-02-01,2350,453,181
INVSNP0012678,WH0009,PRD0072,2025-03-01,2060,453,181
INVSNP0012679,WH0009,PRD0072,2025-04-01,1939,453,181
INVSNP0012680,WH0009,PRD0072,2025-05-01,2151,453,181
INVSNP0012681,WH0009,PRD0072,2025-06-01,1933,453,181
INVSNP0012682,WH0009,PRD0072,2025-07-01,1227,453,181
INVSNP0012683,WH0009,PRD0072,2025-08-01,1755,453,181
INVSNP0012684,WH0009,PRD0072,2025-09-01,1514,453,181
INVSNP0012685,WH0009,PRD0072,2025-10-01,2192,453,181
INVSNP0012686,WH0009,PRD0072,2025-11-01,1685,453,181
INVSNP0012687,WH0009,PRD0072,2025-12-01,2103,453,181
INVSNP0012688,WH0009,PRD0072,2026-01-01,1606,453,181
INVSNP0012689,WH0009,PRD0072,2026-02-01,1757,453,181
INVSNP0012690,WH0009,PRD0072,2026-03-01,2036,453,181
INVSNP0012691,WH0009,PRD0072,2026-04-01,1544,453,181
INVSNP0012692,WH0009,PRD0072,2026-05-01,2069,453,181
INVSNP0012693,WH0009,PRD0072,2026-06-01,1571,453,181
INVSNP0012694,WH0009,PRD0072,2026-07-01,2101,453,181
INVSNP0012695,WH0009,PRD0072,2026-08-01,1784,453,181
INVSNP0012696,WH0009,PRD0072,2026-09-01,1861,453,181
INVSNP0012697,WH0009,PRD0057,2024-10-01,3975,940,376
INVSNP0012698,WH0009,PRD0057,2024-11-01,3596,940,376
INVSNP0012699,WH0009,PRD0057,2024-12-01,4060,940,376
INVSNP0012700,WH0009,PRD0057,2025-01-01,3474,940,376
INVSNP0012701,WH0009,PRD0057,2025-02-01,3812,940,376
INVSNP0012702,WH0009,PRD0057,2025-03-01,3848,940,376
INVSNP0012703,WH0009,PRD0057,2025-04-01,4074,940,376
INVSNP0012704,WH0009,PRD0057,2025-05-01,3314,940,376
INVSNP0012705,WH0009,PRD0057,2025-06-01,2584,940,376
INVSNP0012706,WH0009,PRD0057,2025-07-01,4916,940,376
INVSNP0012707,WH0009,PRD0057,2025-08-01,3992,940,376
INVSNP0012708,WH0009,PRD0057,2025-09-01,3618,940,376
INVSNP0012709,WH0009,PRD0057,2025-10-01,3296,940,376
INVSNP0012710,WH0009,PRD0057,2025-11-01,4143,940,376
INVSNP0012711,WH0009,PRD0057,2025-12-01,2329,940,376
INVSNP0012712,WH0009,PRD0057,2026-01-01,3717,940,376
INVSNP0012713,WH0009,PRD0057,2026-02-01,3049,940,376
INVSNP0012714,WH0009,PRD0057,2026-03-01,3846,940,376
INVSNP0012715,WH0009,PRD0057,2026-04-01,2882,940,376
INVSNP0012716,WH0009,PRD0057,2026-05-01,3299,940,376
INVSNP0012717,WH0009,PRD0057,2026-06-01,4033,940,376
INVSNP0012718,WH0009,PRD0057,2026-07-01,3561,940,376
INVSNP0012719,WH0009,PRD0057,2026-08-01,4013,940,376
INVSNP0012720,WH0009,PRD0057,2026-09-01,2964,940,376
INVSNP0012721,WH0009,PRD0066,2024-10-01,2163,601,240
INVSNP0012722,WH0009,PRD0066,2024-11-01,2019,601,240
INVSNP0012723,WH0009,PRD0066,2024-12-01,2179,601,240
INVSNP0012724,WH0009,PRD0066,2025-01-01,2389,601,240
INVSNP0012725,WH0009,PRD0066,2025-02-01,1674,601,240
INVSNP0012726,WH0009,PRD0066,2025-03-01,2713,601,240
INVSNP0012727,WH0009,PRD0066,2025-04-01,1611,601,240
INVSNP0012728,WH0009,PRD0066,2025-05-01,2147,601,240
INVSNP0012729,WH0009,PRD0066,2025-06-01,2825,601,240
INVSNP0012730,WH0009,PRD0066,2025-07-01,2105,601,240
INVSNP0012731,WH0009,PRD0066,2025-08-01,1836,601,240
INVSNP0012732,WH0009,PRD0066,2025-09-01,2240,601,240
INVSNP0012733,WH0009,PRD0066,2025-10-01,2275,601,240
INVSNP0012734,WH0009,PRD0066,2025-11-01,2375,601,240
INVSNP0012735,WH0009,PRD0066,2025-12-01,2707,601,240
INVSNP0012736,WH0009,PRD0066,2026-01-01,1933,601,240
INVSNP0012737,WH0009,PRD0066,2026-02-01,2485,601,240
INVSNP0012738,WH0009,PRD0066,2026-03-01,2483,601,240
INVSNP0012739,WH0009,PRD0066,2026-04-01,2584,601,240
INVSNP0012740,WH0009,PRD0066,2026-05-01,1888,601,240
INVSNP0012741,WH0009,PRD0066,2026-06-01,2305,601,240
INVSNP0012742,WH0009,PRD0066,2026-07-01,2299,601,240
INVSNP0012743,WH0009,PRD0066,2026-08-01,2923,601,240
INVSNP0012744,WH0009,PRD0066,2026-09-01,2886,601,240
INVSNP0012745,WH0009,PRD0122,2024-10-01,2359,656,262
INVSNP0012746,WH0009,PRD0122,2024-11-01,2758,656,262
INVSNP0012747,WH0009,PRD0122,2024-12-01,2144,656,262
INVSNP0012748,WH0009,PRD0122,2025-01-01,2761,656,262
INVSNP0012749,WH0009,PRD0122,2025-02-01,2830,656,262
INVSNP0012750,WH0009,PRD0122,2025-03-01,2866,656,262
INVSNP0012751,WH0009,PRD0122,2025-04-01,2650,656,262
INVSNP0012752,WH0009,PRD0122,2025-05-01,2651,656,262
INVSNP0012753,WH0009,PRD0122,2025-06-01,2763,656,262
INVSNP0012754,WH0009,PRD0122,2025-07-01,2709,656,262
INVSNP0012755,WH0009,PRD0122,2025-08-01,2253,656,262
INVSNP0012756,WH0009,PRD0122,2025-09-01,2201,656,262
INVSNP0012757,WH0009,PRD0122,2025-10-01,1938,656,262
INVSNP0012758,WH0009,PRD0122,2025-11-01,1837,656,262
INVSNP0012759,WH0009,PRD0122,2025-12-01,2566,656,262
INVSNP0012760,WH0009,PRD0122,2026-01-01,1973,656,262
INVSNP0012761,WH0009,PRD0122,2026-02-01,2699,656,262
INVSNP0012762,WH0009,PRD0122,2026-03-01,2610,656,262
INVSNP0012763,WH0009,PRD0122,2026-04-01,3222,656,262
INVSNP0012764,WH0009,PRD0122,2026-05-01,3291,656,262
INVSNP0012765,WH0009,PRD0122,2026-06-01,3105,656,262
INVSNP0012766,WH0009,PRD0122,2026-07-01,2850,656,262
INVSNP0012767,WH0009,PRD0122,2026-08-01,3143,656,262
INVSNP0012768,WH0009,PRD0122,2026-09-01,2321,656,262
INVSNP0012769,WH0009,PRD0032,2024-10-01,3216,898,359
INVSNP0012770,WH0009,PRD0032,2024-11-01,4175,898,359
INVSNP0012771,WH0009,PRD0032,2024-12-01,3573,898,359
INVSNP0012772,WH0009,PRD0032,2025-01-01,3232,898,359
INVSNP0012773,WH0009,PRD0032,2025-02-01,3517,898,359
INVSNP0012774,WH0009,PRD0032,2025-03-01,3614,898,359
INVSNP0012775,WH0009,PRD0032,2025-04-01,3685,898,359
INVSNP0012776,WH0009,PRD0032,2025-05-01,3674,898,359
INVSNP0012777,WH0009,PRD0032,2025-06-01,2748,898,359
INVSNP0012778,WH0009,PRD0032,2025-07-01,4307,898,359
INVSNP0012779,WH0009,PRD0032,2025-08-01,3110,898,359
INVSNP0012780,WH0009,PRD0032,2025-09-01,4008,898,359
INVSNP0012781,WH0009,PRD0032,2025-10-01,3315,898,359
INVSNP0012782,WH0009,PRD0032,2025-11-01,3852,898,359
INVSNP0012783,WH0009,PRD0032,2025-12-01,3424,898,359
INVSNP0012784,WH0009,PRD0032,2026-01-01,3508,898,359
INVSNP0012785,WH0009,PRD0032,2026-02-01,4184,898,359
INVSNP0012786,WH0009,PRD0032,2026-03-01,3182,898,359
INVSNP0012787,WH0009,PRD0032,2026-04-01,3921,898,359
INVSNP0012788,WH0009,PRD0032,2026-05-01,3832,898,359
INVSNP0012789,WH0009,PRD0032,2026-06-01,3605,898,359
INVSNP0012790,WH0009,PRD0032,2026-07-01,3808,898,359
INVSNP0012791,WH0009,PRD0032,2026-08-01,4511,898,359
INVSNP0012792,WH0009,PRD0032,2026-09-01,2603,898,359
INVSNP0012793,WH0009,PRD0035,2024-10-01,2283,641,256
INVSNP0012794,WH0009,PRD0035,2024-11-01,2531,641,256
INVSNP0012795,WH0009,PRD0035,2024-12-01,3426,641,256
INVSNP0012796,WH0009,PRD0035,2025-01-01,1706,641,256
INVSNP0012797,WH0009,PRD0035,2025-02-01,2140,641,256
INVSNP0012798,WH0009,PRD0035,2025-03-01,2445,641,256
INVSNP0012799,WH0009,PRD0035,2025-04-01,2555,641,256
INVSNP0012800,WH0009,PRD0035,2025-05-01,2183,641,256
INVSNP0012801,WH0009,PRD0035,2025-06-01,3142,641,256
INVSNP0012802,WH0009,PRD0035,2025-07-01,2583,641,256
INVSNP0012803,WH0009,PRD0035,2025-08-01,2272,641,256
INVSNP0012804,WH0009,PRD0035,2025-09-01,2280,641,256
INVSNP0012805,WH0009,PRD0035,2025-10-01,2715,641,256
INVSNP0012806,WH0009,PRD0035,2025-11-01,2548,641,256
INVSNP0012807,WH0009,PRD0035,2025-12-01,3107,641,256
INVSNP0012808,WH0009,PRD0035,2026-01-01,2677,641,256
INVSNP0012809,WH0009,PRD0035,2026-02-01,2774,641,256
INVSNP0012810,WH0009,PRD0035,2026-03-01,2781,641,256
INVSNP0012811,WH0009,PRD0035,2026-04-01,2760,641,256
INVSNP0012812,WH0009,PRD0035,2026-05-01,2139,641,256
INVSNP0012813,WH0009,PRD0035,2026-06-01,2906,641,256
INVSNP0012814,WH0009,PRD0035,2026-07-01,2019,641,256
INVSNP0012815,WH0009,PRD0035,2026-08-01,2462,641,256
INVSNP0012816,WH0009,PRD0035,2026-09-01,3173,641,256
INVSNP0012817,WH0009,PRD0137,2024-10-01,2203,616,246
INVSNP0012818,WH0009,PRD0137,2024-11-01,1747,616,246
INVSNP0012819,WH0009,PRD0137,2024-12-01,2388,616,246
INVSNP0012820,WH0009,PRD0137,2025-01-01,2530,616,246
INVSNP0012821,WH0009,PRD0137,2025-02-01,2104,616,246
INVSNP0012822,WH0009,PRD0137,2025-03-01,2775,616,246
INVSNP0012823,WH0009,PRD0137,2025-04-01,2206,616,246
INVSNP0012824,WH0009,PRD0137,2025-05-01,2785,616,246
INVSNP0012825,WH0009,PRD0137,2025-06-01,2295,616,246
INVSNP0012826,WH0009,PRD0137,2025-07-01,2616,616,246
INVSNP0012827,WH0009,PRD0137,2025-08-01,2605,616,246
INVSNP0012828,WH0009,PRD0137,2025-09-01,2445,616,246
INVSNP0012829,WH0009,PRD0137,2025-10-01,2632,616,246
INVSNP0012830,WH0009,PRD0137,2025-11-01,2703,616,246
INVSNP0012831,WH0009,PRD0137,2025-12-01,2003,616,246
INVSNP0012832,WH0009,PRD0137,2026-01-01,2287,616,246
INVSNP0012833,WH0009,PRD0137,2026-02-01,2876,616,246
INVSNP0012834,WH0009,PRD0137,2026-03-01,2620,616,246
INVSNP0012835,WH0009,PRD0137,2026-04-01,2878,616,246
INVSNP0012836,WH0009,PRD0137,2026-05-01,1835,616,246
INVSNP0012837,WH0009,PRD0137,2026-06-01,2888,616,246
INVSNP0012838,WH0009,PRD0137,2026-07-01,2437,616,246
INVSNP0012839,WH0009,PRD0137,2026-08-01,2275,616,246
INVSNP0012840,WH0009,PRD0137,2026-09-01,2608,616,246
INVSNP0012841,WH0009,PRD0126,2024-10-01,1603,463,185
INVSNP0012842,WH0009,PRD0126,2024-11-01,1923,463,185
INVSNP0012843,WH0009,PRD0126,2024-12-01,2058,463,185
INVSNP0012844,WH0009,PRD0126,2025-01-01,1780,463,185
INVSNP0012845,WH0009,PRD0126,2025-02-01,1748,463,185
INVSNP0012846,WH0009,PRD0126,2025-03-01,1962,463,185
INVSNP0012847,WH0009,PRD0126,2025-04-01,1438,463,185
INVSNP0012848,WH0009,PRD0126,2025-05-01,2006,463,185
INVSNP0012849,WH0009,PRD0126,2025-06-01,2031,463,185
INVSNP0012850,WH0009,PRD0126,2025-07-01,1544,463,185
INVSNP0012851,WH0009,PRD0126,2025-08-01,2017,463,185
INVSNP0012852,WH0009,PRD0126,2025-09-01,1877,463,185
INVSNP0012853,WH0009,PRD0126,2025-10-01,1804,463,185
INVSNP0012854,WH0009,PRD0126,2025-11-01,2050,463,185
INVSNP0012855,WH0009,PRD0126,2025-12-01,1821,463,185
INVSNP0012856,WH0009,PRD0126,2026-01-01,1554,463,185
INVSNP0012857,WH0009,PRD0126,2026-02-01,1897,463,185
INVSNP0012858,WH0009,PRD0126,2026-03-01,2223,463,185
INVSNP0012859,WH0009,PRD0126,2026-04-01,1455,463,185
INVSNP0012860,WH0009,PRD0126,2026-05-01,2040,463,185
INVSNP0012861,WH0009,PRD0126,2026-06-01,1820,463,185
INVSNP0012862,WH0009,PRD0126,2026-07-01,2098,463,185
INVSNP0012863,WH0009,PRD0126,2026-08-01,1804,463,185
INVSNP0012864,WH0009,PRD0126,2026-09-01,1783,463,185
INVSNP0012865,WH0009,PRD0024,2024-10-01,1919,470,188
INVSNP0012866,WH0009,PRD0024,2024-11-01,1926,470,188
INVSNP0012867,WH0009,PRD0024,2024-12-01,1803,470,188
INVSNP0012868,WH0009,PRD0024,2025-01-01,1763,470,188
INVSNP0012869,WH0009,PRD0024,2025-02-01,2179,470,188
INVSNP0012870,WH0009,PRD0024,2025-03-01,1802,470,188
INVSNP0012871,WH0009,PRD0024,2025-04-01,2046,470,188
INVSNP0012872,WH0009,PRD0024,2025-05-01,1902,470,188
INVSNP0012873,WH0009,PRD0024,2025-06-01,2001,470,188
INVSNP0012874,WH0009,PRD0024,2025-07-01,1428,470,188
INVSNP0012875,WH0009,PRD0024,2025-08-01,1655,470,188
INVSNP0012876,WH0009,PRD0024,2025-09-01,1388,470,188
INVSNP0012877,WH0009,PRD0024,2025-10-01,1902,470,188
INVSNP0012878,WH0009,PRD0024,2025-11-01,1908,470,188
INVSNP0012879,WH0009,PRD0024,2025-12-01,2235,470,188
INVSNP0012880,WH0009,PRD0024,2026-01-01,2511,470,188
INVSNP0012881,WH0009,PRD0024,2026-02-01,1883,470,188
INVSNP0012882,WH0009,PRD0024,2026-03-01,1680,470,188
INVSNP0012883,WH0009,PRD0024,2026-04-01,1645,470,188
INVSNP0012884,WH0009,PRD0024,2026-05-01,1286,470,188
INVSNP0012885,WH0009,PRD0024,2026-06-01,1494,470,188
INVSNP0012886,WH0009,PRD0024,2026-07-01,1779,470,188
INVSNP0012887,WH0009,PRD0024,2026-08-01,2331,470,188
INVSNP0012888,WH0009,PRD0024,2026-09-01,1865,470,188
INVSNP0012889,WH0009,PRD0086,2024-10-01,3978,929,371
INVSNP0012890,WH0009,PRD0086,2024-11-01,3853,929,371
INVSNP0012891,WH0009,PRD0086,2024-12-01,3627,929,371
INVSNP0012892,WH0009,PRD0086,2025-01-01,3660,929,371
INVSNP0012893,WH0009,PRD0086,2025-02-01,4200,929,371
INVSNP0012894,WH0009,PRD0086,2025-03-01,3401,929,371
INVSNP0012895,WH0009,PRD0086,2025-04-01,4390,929,371
INVSNP0012896,WH0009,PRD0086,2025-05-01,2734,929,371
INVSNP0012897,WH0009,PRD0086,2025-06-01,4357,929,371
INVSNP0012898,WH0009,PRD0086,2025-07-01,4122,929,371
INVSNP0012899,WH0009,PRD0086,2025-08-01,3632,929,371
INVSNP0012900,WH0009,PRD0086,2025-09-01,2436,929,371
INVSNP0012901,WH0009,PRD0086,2025-10-01,3745,929,371
INVSNP0012902,WH0009,PRD0086,2025-11-01,3457,929,371
INVSNP0012903,WH0009,PRD0086,2025-12-01,4495,929,371
INVSNP0012904,WH0009,PRD0086,2026-01-01,3302,929,371
INVSNP0012905,WH0009,PRD0086,2026-02-01,3937,929,371
INVSNP0012906,WH0009,PRD0086,2026-03-01,4267,929,371
INVSNP0012907,WH0009,PRD0086,2026-04-01,4046,929,371
INVSNP0012908,WH0009,PRD0086,2026-05-01,4322,929,371
INVSNP0012909,WH0009,PRD0086,2026-06-01,3113,929,371
INVSNP0012910,WH0009,PRD0086,2026-07-01,4209,929,371
INVSNP0012911,WH0009,PRD0086,2026-08-01,3335,929,371
INVSNP0012912,WH0009,PRD0086,2026-09-01,4154,929,371
INVSNP0012913,WH0009,PRD0058,2024-10-01,5026,996,398
INVSNP0012914,WH0009,PRD0058,2024-11-01,3124,996,398
INVSNP0012915,WH0009,PRD0058,2024-12-01,3556,996,398
INVSNP0012916,WH0009,PRD0058,2025-01-01,4112,996,398
INVSNP0012917,WH0009,PRD0058,2025-02-01,3813,996,398
INVSNP0012918,WH0009,PRD0058,2025-03-01,4246,996,398
INVSNP0012919,WH0009,PRD0058,2025-04-01,3758,996,398
INVSNP0012920,WH0009,PRD0058,2025-05-01,2043,996,398
INVSNP0012921,WH0009,PRD0058,2025-06-01,4291,996,398
INVSNP0012922,WH0009,PRD0058,2025-07-01,4518,996,398
INVSNP0012923,WH0009,PRD0058,2025-08-01,4621,996,398
INVSNP0012924,WH0009,PRD0058,2025-09-01,4106,996,398
INVSNP0012925,WH0009,PRD0058,2025-10-01,4300,996,398
INVSNP0012926,WH0009,PRD0058,2025-11-01,3115,996,398
INVSNP0012927,WH0009,PRD0058,2025-12-01,4828,996,398
INVSNP0012928,WH0009,PRD0058,2026-01-01,4722,996,398
INVSNP0012929,WH0009,PRD0058,2026-02-01,4084,996,398
INVSNP0012930,WH0009,PRD0058,2026-03-01,4623,996,398
INVSNP0012931,WH0009,PRD0058,2026-04-01,2195,996,398
INVSNP0012932,WH0009,PRD0058,2026-05-01,3526,996,398
INVSNP0012933,WH0009,PRD0058,2026-06-01,4496,996,398
INVSNP0012934,WH0009,PRD0058,2026-07-01,3615,996,398
INVSNP0012935,WH0009,PRD0058,2026-08-01,3543,996,398
INVSNP0012936,WH0009,PRD0058,2026-09-01,3993,996,398
INVSNP0012937,WH0009,PRD0017,2024-10-01,1864,453,181
INVSNP0012938,WH0009,PRD0017,2024-11-01,2251,453,181
INVSNP0012939,WH0009,PRD0017,2024-12-01,1896,453,181
INVSNP0012940,WH0009,PRD0017,2025-01-01,1428,453,181
INVSNP0012941,WH0009,PRD0017,2025-02-01,1434,453,181
INVSNP0012942,WH0009,PRD0017,2025-03-01,1776,453,181
INVSNP0012943,WH0009,PRD0017,2025-04-01,1605,453,181
INVSNP0012944,WH0009,PRD0017,2025-05-01,1547,453,181
INVSNP0012945,WH0009,PRD0017,2025-06-01,2166,453,181
INVSNP0012946,WH0009,PRD0017,2025-07-01,1859,453,181
INVSNP0012947,WH0009,PRD0017,2025-08-01,2212,453,181
INVSNP0012948,WH0009,PRD0017,2025-09-01,2042,453,181
INVSNP0012949,WH0009,PRD0017,2025-10-01,1544,453,181
INVSNP0012950,WH0009,PRD0017,2025-11-01,1815,453,181
INVSNP0012951,WH0009,PRD0017,2025-12-01,1938,453,181
INVSNP0012952,WH0009,PRD0017,2026-01-01,1408,453,181
INVSNP0012953,WH0009,PRD0017,2026-02-01,1485,453,181
INVSNP0012954,WH0009,PRD0017,2026-03-01,1861,453,181
INVSNP0012955,WH0009,PRD0017,2026-04-01,1876,453,181
INVSNP0012956,WH0009,PRD0017,2026-05-01,1770,453,181
INVSNP0012957,WH0009,PRD0017,2026-06-01,1613,453,181
INVSNP0012958,WH0009,PRD0017,2026-07-01,1341,453,181
INVSNP0012959,WH0009,PRD0017,2026-08-01,1467,453,181
INVSNP0012960,WH0009,PRD0017,2026-09-01,1567,453,181
INVSNP0012961,WH0009,PRD0088,2024-10-01,312,70,28
INVSNP0012962,WH0009,PRD0088,2024-11-01,185,70,28
INVSNP0012963,WH0009,PRD0088,2024-12-01,303,70,28
INVSNP0012964,WH0009,PRD0088,2025-01-01,276,70,28
INVSNP0012965,WH0009,PRD0088,2025-02-01,218,70,28
INVSNP0012966,WH0009,PRD0088,2025-03-01,263,70,28
INVSNP0012967,WH0009,PRD0088,2025-04-01,204,70,28
INVSNP0012968,WH0009,PRD0088,2025-05-01,308,70,28
INVSNP0012969,WH0009,PRD0088,2025-06-01,328,70,28
INVSNP0012970,WH0009,PRD0088,2025-07-01,263,70,28
INVSNP0012971,WH0009,PRD0088,2025-08-01,281,70,28
INVSNP0012972,WH0009,PRD0088,2025-09-01,286,70,28
INVSNP0012973,WH0009,PRD0088,2025-10-01,268,70,28
INVSNP0012974,WH0009,PRD0088,2025-11-01,309,70,28
INVSNP0012975,WH0009,PRD0088,2025-12-01,202,70,28
INVSNP0012976,WH0009,PRD0088,2026-01-01,376,70,28
INVSNP0012977,WH0009,PRD0088,2026-02-01,217,70,28
INVSNP0012978,WH0009,PRD0088,2026-03-01,379,70,28
INVSNP0012979,WH0009,PRD0088,2026-04-01,264,70,28
INVSNP0012980,WH0009,PRD0088,2026-05-01,317,70,28
INVSNP0012981,WH0009,PRD0088,2026-06-01,272,70,28
INVSNP0012982,WH0009,PRD0088,2026-07-01,321,70,28
INVSNP0012983,WH0009,PRD0088,2026-08-01,243,70,28
INVSNP0012984,WH0009,PRD0088,2026-09-01,316,70,28
INVSNP0012985,WH0009,PRD0097,2024-10-01,3499,878,351
INVSNP0012986,WH0009,PRD0097,2024-11-01,3519,878,351
INVSNP0012987,WH0009,PRD0097,2024-12-01,2950,878,351
INVSNP0012988,WH0009,PRD0097,2025-01-01,3070,878,351
INVSNP0012989,WH0009,PRD0097,2025-02-01,2826,878,351
INVSNP0012990,WH0009,PRD0097,2025-03-01,3506,878,351
INVSNP0012991,WH0009,PRD0097,2025-04-01,3176,878,351
INVSNP0012992,WH0009,PRD0097,2025-05-01,2905,878,351
INVSNP0012993,WH0009,PRD0097,2025-06-01,4184,878,351
INVSNP0012994,WH0009,PRD0097,2025-07-01,3852,878,351
INVSNP0012995,WH0009,PRD0097,2025-08-01,4665,878,351
INVSNP0012996,WH0009,PRD0097,2025-09-01,3800,878,351
INVSNP0012997,WH0009,PRD0097,2025-10-01,3628,878,351
INVSNP0012998,WH0009,PRD0097,2025-11-01,2984,878,351
INVSNP0012999,WH0009,PRD0097,2025-12-01,3879,878,351
INVSNP0013000,WH0009,PRD0097,2026-01-01,3635,878,351
INVSNP0013001,WH0009,PRD0097,2026-02-01,3882,878,351
INVSNP0013002,WH0009,PRD0097,2026-03-01,3756,878,351
INVSNP0013003,WH0009,PRD0097,2026-04-01,3956,878,351
INVSNP0013004,WH0009,PRD0097,2026-05-01,2711,878,351
INVSNP0013005,WH0009,PRD0097,2026-06-01,3145,878,351
INVSNP0013006,WH0009,PRD0097,2026-07-01,3139,878,351
INVSNP0013007,WH0009,PRD0097,2026-08-01,3351,878,351
INVSNP0013008,WH0009,PRD0097,2026-09-01,3061,878,351
INVSNP0013009,WH0009,PRD0098,2024-10-01,3627,1021,408
INVSNP0013010,WH0009,PRD0098,2024-11-01,3483,1021,408
INVSNP0013011,WH0009,PRD0098,2024-12-01,3192,1021,408
INVSNP0013012,WH0009,PRD0098,2025-01-01,3602,1021,408
INVSNP0013013,WH0009,PRD0098,2025-02-01,3842,1021,408
INVSNP0013014,WH0009,PRD0098,2025-03-01,3407,1021,408
INVSNP0013015,WH0009,PRD0098,2025-04-01,3249,1021,408
INVSNP0013016,WH0009,PRD0098,2025-05-01,4314,1021,408
INVSNP0013017,WH0009,PRD0098,2025-06-01,4422,1021,408
INVSNP0013018,WH0009,PRD0098,2025-07-01,4005,1021,408
INVSNP0013019,WH0009,PRD0098,2025-08-01,4236,1021,408
INVSNP0013020,WH0009,PRD0098,2025-09-01,4098,1021,408
INVSNP0013021,WH0009,PRD0098,2025-10-01,3881,1021,408
INVSNP0013022,WH0009,PRD0098,2025-11-01,4234,1021,408
INVSNP0013023,WH0009,PRD0098,2025-12-01,3856,1021,408
INVSNP0013024,WH0009,PRD0098,2026-01-01,4130,1021,408
INVSNP0013025,WH0009,PRD0098,2026-02-01,3357,1021,408
INVSNP0013026,WH0009,PRD0098,2026-03-01,4703,1021,408
INVSNP0013027,WH0009,PRD0098,2026-04-01,4348,1021,408
INVSNP0013028,WH0009,PRD0098,2026-05-01,3667,1021,408
INVSNP0013029,WH0009,PRD0098,2026-06-01,4881,1021,408
INVSNP0013030,WH0009,PRD0098,2026-07-01,4116,1021,408
INVSNP0013031,WH0009,PRD0098,2026-08-01,4518,1021,408
INVSNP0013032,WH0009,PRD0098,2026-09-01,3890,1021,408
INVSNP0013033,WH0009,PRD0148,2024-10-01,818,208,83
INVSNP0013034,WH0009,PRD0148,2024-11-01,624,208,83
INVSNP0013035,WH0009,PRD0148,2024-12-01,762,208,83
INVSNP0013036,WH0009,PRD0148,2025-01-01,776,208,83
INVSNP0013037,WH0009,PRD0148,2025-02-01,828,208,83
INVSNP0013038,WH0009,PRD0148,2025-03-01,839,208,83
INVSNP0013039,WH0009,PRD0148,2025-04-01,786,208,83
INVSNP0013040,WH0009,PRD0148,2025-05-01,801,208,83
INVSNP0013041,WH0009,PRD0148,2025-06-01,787,208,83
INVSNP0013042,WH0009,PRD0148,2025-07-01,779,208,83
INVSNP0013043,WH0009,PRD0148,2025-08-01,907,208,83
INVSNP0013044,WH0009,PRD0148,2025-09-01,765,208,83
INVSNP0013045,WH0009,PRD0148,2025-10-01,730,208,83
INVSNP0013046,WH0009,PRD0148,2025-11-01,831,208,83
INVSNP0013047,WH0009,PRD0148,2025-12-01,864,208,83
INVSNP0013048,WH0009,PRD0148,2026-01-01,999,208,83
INVSNP0013049,WH0009,PRD0148,2026-02-01,740,208,83
INVSNP0013050,WH0009,PRD0148,2026-03-01,1069,208,83
INVSNP0013051,WH0009,PRD0148,2026-04-01,788,208,83
INVSNP0013052,WH0009,PRD0148,2026-05-01,909,208,83
INVSNP0013053,WH0009,PRD0148,2026-06-01,592,208,83
INVSNP0013054,WH0009,PRD0148,2026-07-01,947,208,83
INVSNP0013055,WH0009,PRD0148,2026-08-01,909,208,83
INVSNP0013056,WH0009,PRD0148,2026-09-01,1020,208,83
INVSNP0013057,WH0009,PRD0104,2024-10-01,4130,1033,413
INVSNP0013058,WH0009,PRD0104,2024-11-01,4465,1033,413
INVSNP0013059,WH0009,PRD0104,2024-12-01,3718,1033,413
INVSNP0013060,WH0009,PRD0104,2025-01-01,3627,1033,413
INVSNP0013061,WH0009,PRD0104,2025-02-01,3136,1033,413
INVSNP0013062,WH0009,PRD0104,2025-03-01,4524,1033,413
INVSNP0013063,WH0009,PRD0104,2025-04-01,4529,1033,413
INVSNP0013064,WH0009,PRD0104,2025-05-01,3493,1033,413
INVSNP0013065,WH0009,PRD0104,2025-06-01,4278,1033,413
INVSNP0013066,WH0009,PRD0104,2025-07-01,4403,1033,413
INVSNP0013067,WH0009,PRD0104,2025-08-01,3004,1033,413
INVSNP0013068,WH0009,PRD0104,2025-09-01,4539,1033,413
INVSNP0013069,WH0009,PRD0104,2025-10-01,3761,1033,413
INVSNP0013070,WH0009,PRD0104,2025-11-01,4196,1033,413
INVSNP0013071,WH0009,PRD0104,2025-12-01,3571,1033,413
INVSNP0013072,WH0009,PRD0104,2026-01-01,3750,1033,413
INVSNP0013073,WH0009,PRD0104,2026-02-01,3186,1033,413
INVSNP0013074,WH0009,PRD0104,2026-03-01,4665,1033,413
INVSNP0013075,WH0009,PRD0104,2026-04-01,3742,1033,413
INVSNP0013076,WH0009,PRD0104,2026-05-01,4548,1033,413
INVSNP0013077,WH0009,PRD0104,2026-06-01,3427,1033,413
INVSNP0013078,WH0009,PRD0104,2026-07-01,4460,1033,413
INVSNP0013079,WH0009,PRD0104,2026-08-01,3421,1033,413
INVSNP0013080,WH0009,PRD0104,2026-09-01,5310,1033,413
INVSNP0013081,WH0009,PRD0030,2024-10-01,769,197,79
INVSNP0013082,WH0009,PRD0030,2024-11-01,833,197,79
INVSNP0013083,WH0009,PRD0030,2024-12-01,716,197,79
INVSNP0013084,WH0009,PRD0030,2025-01-01,876,197,79
INVSNP0013085,WH0009,PRD0030,2025-02-01,907,197,79
INVSNP0013086,WH0009,PRD0030,2025-03-01,1048,197,79
INVSNP0013087,WH0009,PRD0030,2025-04-01,951,197,79
INVSNP0013088,WH0009,PRD0030,2025-05-01,663,197,79
INVSNP0013089,WH0009,PRD0030,2025-06-01,923,197,79
INVSNP0013090,WH0009,PRD0030,2025-07-01,585,197,79
INVSNP0013091,WH0009,PRD0030,2025-08-01,852,197,79
INVSNP0013092,WH0009,PRD0030,2025-09-01,926,197,79
INVSNP0013093,WH0009,PRD0030,2025-10-01,990,197,79
INVSNP0013094,WH0009,PRD0030,2025-11-01,663,197,79
INVSNP0013095,WH0009,PRD0030,2025-12-01,813,197,79
INVSNP0013096,WH0009,PRD0030,2026-01-01,1096,197,79
INVSNP0013097,WH0009,PRD0030,2026-02-01,744,197,79
INVSNP0013098,WH0009,PRD0030,2026-03-01,932,197,79
INVSNP0013099,WH0009,PRD0030,2026-04-01,538,197,79
INVSNP0013100,WH0009,PRD0030,2026-05-01,793,197,79
INVSNP0013101,WH0009,PRD0030,2026-06-01,826,197,79
INVSNP0013102,WH0009,PRD0030,2026-07-01,754,197,79
INVSNP0013103,WH0009,PRD0030,2026-08-01,895,197,79
INVSNP0013104,WH0009,PRD0030,2026-09-01,601,197,79
INVSNP0013105,WH0009,PRD0029,2024-10-01,2763,987,394
INVSNP0013106,WH0009,PRD0029,2024-11-01,2767,987,394
INVSNP0013107,WH0009,PRD0029,2024-12-01,4057,987,394
INVSNP0013108,WH0009,PRD0029,2025-01-01,4038,987,394
INVSNP0013109,WH0009,PRD0029,2025-02-01,2714,987,394
INVSNP0013110,WH0009,PRD0029,2025-03-01,3144,987,394
INVSNP0013111,WH0009,PRD0029,2025-04-01,4783,987,394
INVSNP0013112,WH0009,PRD0029,2025-05-01,3785,987,394
INVSNP0013113,WH0009,PRD0029,2025-06-01,3590,987,394
INVSNP0013114,WH0009,PRD0029,2025-07-01,3988,987,394
INVSNP0013115,WH0009,PRD0029,2025-08-01,3104,987,394
INVSNP0013116,WH0009,PRD0029,2025-09-01,2952,987,394
INVSNP0013117,WH0009,PRD0029,2025-10-01,5029,987,394
INVSNP0013118,WH0009,PRD0029,2025-11-01,3403,987,394
INVSNP0013119,WH0009,PRD0029,2025-12-01,4945,987,394
INVSNP0013120,WH0009,PRD0029,2026-01-01,3141,987,394
INVSNP0013121,WH0009,PRD0029,2026-02-01,4237,987,394
INVSNP0013122,WH0009,PRD0029,2026-03-01,3742,987,394
INVSNP0013123,WH0009,PRD0029,2026-04-01,4172,987,394
INVSNP0013124,WH0009,PRD0029,2026-05-01,3026,987,394
INVSNP0013125,WH0009,PRD0029,2026-06-01,3683,987,394
INVSNP0013126,WH0009,PRD0029,2026-07-01,5122,987,394
INVSNP0013127,WH0009,PRD0029,2026-08-01,3498,987,394
INVSNP0013128,WH0009,PRD0029,2026-09-01,3658,987,394
INVSNP0013129,WH0009,PRD0034,2024-10-01,3061,794,317
INVSNP0013130,WH0009,PRD0034,2024-11-01,2916,794,317
INVSNP0013131,WH0009,PRD0034,2024-12-01,3046,794,317
INVSNP0013132,WH0009,PRD0034,2025-01-01,3175,794,317
INVSNP0013133,WH0009,PRD0034,2025-02-01,3110,794,317
INVSNP0013134,WH0009,PRD0034,2025-03-01,2576,794,317
INVSNP0013135,WH0009,PRD0034,2025-04-01,2985,794,317
INVSNP0013136,WH0009,PRD0034,2025-05-01,2153,794,317
INVSNP0013137,WH0009,PRD0034,2025-06-01,3286,794,317
INVSNP0013138,WH0009,PRD0034,2025-07-01,3579,794,317
INVSNP0013139,WH0009,PRD0034,2025-08-01,3352,794,317
INVSNP0013140,WH0009,PRD0034,2025-09-01,3504,794,317
INVSNP0013141,WH0009,PRD0034,2025-10-01,3154,794,317
INVSNP0013142,WH0009,PRD0034,2025-11-01,3372,794,317
INVSNP0013143,WH0009,PRD0034,2025-12-01,3391,794,317
INVSNP0013144,WH0009,PRD0034,2026-01-01,3578,794,317
INVSNP0013145,WH0009,PRD0034,2026-02-01,2368,794,317
INVSNP0013146,WH0009,PRD0034,2026-03-01,3292,794,317
INVSNP0013147,WH0009,PRD0034,2026-04-01,3498,794,317
INVSNP0013148,WH0009,PRD0034,2026-05-01,3299,794,317
INVSNP0013149,WH0009,PRD0034,2026-06-01,2590,794,317
INVSNP0013150,WH0009,PRD0034,2026-07-01,3302,794,317
INVSNP0013151,WH0009,PRD0034,2026-08-01,3102,794,317
INVSNP0013152,WH0009,PRD0034,2026-09-01,2394,794,317
INVSNP0013153,WH0009,PRD0015,2024-10-01,3379,878,351
INVSNP0013154,WH0009,PRD0015,2024-11-01,4464,878,351
INVSNP0013155,WH0009,PRD0015,2024-12-01,3031,878,351
INVSNP0013156,WH0009,PRD0015,2025-01-01,3990,878,351
INVSNP0013157,WH0009,PRD0015,2025-02-01,4225,878,351
INVSNP0013158,WH0009,PRD0015,2025-03-01,3265,878,351
INVSNP0013159,WH0009,PRD0015,2025-04-01,3632,878,351
INVSNP0013160,WH0009,PRD0015,2025-05-01,3176,878,351
INVSNP0013161,WH0009,PRD0015,2025-06-01,3623,878,351
INVSNP0013162,WH0009,PRD0015,2025-07-01,2268,878,351
INVSNP0013163,WH0009,PRD0015,2025-08-01,2421,878,351
INVSNP0013164,WH0009,PRD0015,2025-09-01,4177,878,351
INVSNP0013165,WH0009,PRD0015,2025-10-01,3978,878,351
INVSNP0013166,WH0009,PRD0015,2025-11-01,3946,878,351
INVSNP0013167,WH0009,PRD0015,2025-12-01,3529,878,351
INVSNP0013168,WH0009,PRD0015,2026-01-01,3990,878,351
INVSNP0013169,WH0009,PRD0015,2026-02-01,4311,878,351
INVSNP0013170,WH0009,PRD0015,2026-03-01,4617,878,351
INVSNP0013171,WH0009,PRD0015,2026-04-01,4741,878,351
INVSNP0013172,WH0009,PRD0015,2026-05-01,3162,878,351
INVSNP0013173,WH0009,PRD0015,2026-06-01,3416,878,351
INVSNP0013174,WH0009,PRD0015,2026-07-01,3757,878,351
INVSNP0013175,WH0009,PRD0015,2026-08-01,3807,878,351
INVSNP0013176,WH0009,PRD0015,2026-09-01,2989,878,351
INVSNP0013177,WH0009,PRD0038,2024-10-01,2560,741,296
INVSNP0013178,WH0009,PRD0038,2024-11-01,2830,741,296
INVSNP0013179,WH0009,PRD0038,2024-12-01,3915,741,296
INVSNP0013180,WH0009,PRD0038,2025-01-01,2451,741,296
INVSNP0013181,WH0009,PRD0038,2025-02-01,3678,741,296
INVSNP0013182,WH0009,PRD0038,2025-03-01,2732,741,296
INVSNP0013183,WH0009,PRD0038,2025-04-01,2002,741,296
INVSNP0013184,WH0009,PRD0038,2025-05-01,2888,741,296
INVSNP0013185,WH0009,PRD0038,2025-06-01,3666,741,296
INVSNP0013186,WH0009,PRD0038,2025-07-01,3121,741,296
INVSNP0013187,WH0009,PRD0038,2025-08-01,3321,741,296
INVSNP0013188,WH0009,PRD0038,2025-09-01,3177,741,296
INVSNP0013189,WH0009,PRD0038,2025-10-01,2522,741,296
INVSNP0013190,WH0009,PRD0038,2025-11-01,2684,741,296
INVSNP0013191,WH0009,PRD0038,2025-12-01,2686,741,296
INVSNP0013192,WH0009,PRD0038,2026-01-01,3178,741,296
INVSNP0013193,WH0009,PRD0038,2026-02-01,3577,741,296
INVSNP0013194,WH0009,PRD0038,2026-03-01,3085,741,296
INVSNP0013195,WH0009,PRD0038,2026-04-01,2404,741,296
INVSNP0013196,WH0009,PRD0038,2026-05-01,3864,741,296
INVSNP0013197,WH0009,PRD0038,2026-06-01,2775,741,296
INVSNP0013198,WH0009,PRD0038,2026-07-01,2528,741,296
INVSNP0013199,WH0009,PRD0038,2026-08-01,3094,741,296
INVSNP0013200,WH0009,PRD0038,2026-09-01,3379,741,296
INVSNP0013201,WH0009,PRD0012,2024-10-01,3551,805,322
INVSNP0013202,WH0009,PRD0012,2024-11-01,3476,805,322
INVSNP0013203,WH0009,PRD0012,2024-12-01,3467,805,322
INVSNP0013204,WH0009,PRD0012,2025-01-01,3070,805,322
INVSNP0013205,WH0009,PRD0012,2025-02-01,3290,805,322
INVSNP0013206,WH0009,PRD0012,2025-03-01,2802,805,322
INVSNP0013207,WH0009,PRD0012,2025-04-01,3000,805,322
INVSNP0013208,WH0009,PRD0012,2025-05-01,3351,805,322
INVSNP0013209,WH0009,PRD0012,2025-06-01,3302,805,322
INVSNP0013210,WH0009,PRD0012,2025-07-01,3071,805,322
INVSNP0013211,WH0009,PRD0012,2025-08-01,1933,805,322
INVSNP0013212,WH0009,PRD0012,2025-09-01,3202,805,322
INVSNP0013213,WH0009,PRD0012,2025-10-01,2552,805,322
INVSNP0013214,WH0009,PRD0012,2025-11-01,3381,805,322
INVSNP0013215,WH0009,PRD0012,2025-12-01,3892,805,322
INVSNP0013216,WH0009,PRD0012,2026-01-01,4646,805,322
INVSNP0013217,WH0009,PRD0012,2026-02-01,2729,805,322
INVSNP0013218,WH0009,PRD0012,2026-03-01,3785,805,322
INVSNP0013219,WH0009,PRD0012,2026-04-01,3308,805,322
INVSNP0013220,WH0009,PRD0012,2026-05-01,3329,805,322
INVSNP0013221,WH0009,PRD0012,2026-06-01,3079,805,322
INVSNP0013222,WH0009,PRD0012,2026-07-01,3684,805,322
INVSNP0013223,WH0009,PRD0012,2026-08-01,2327,805,322
INVSNP0013224,WH0009,PRD0012,2026-09-01,3410,805,322
INVSNP0013225,WH0009,PRD0123,2024-10-01,1004,190,76
INVSNP0013226,WH0009,PRD0123,2024-11-01,851,190,76
INVSNP0013227,WH0009,PRD0123,2024-12-01,823,190,76
INVSNP0013228,WH0009,PRD0123,2025-01-01,744,190,76
INVSNP0013229,WH0009,PRD0123,2025-02-01,862,190,76
INVSNP0013230,WH0009,PRD0123,2025-03-01,841,190,76
INVSNP0013231,WH0009,PRD0123,2025-04-01,793,190,76
INVSNP0013232,WH0009,PRD0123,2025-05-01,691,190,76
INVSNP0013233,WH0009,PRD0123,2025-06-01,938,190,76
INVSNP0013234,WH0009,PRD0123,2025-07-01,719,190,76
INVSNP0013235,WH0009,PRD0123,2025-08-01,861,190,76
INVSNP0013236,WH0009,PRD0123,2025-09-01,749,190,76
INVSNP0013237,WH0009,PRD0123,2025-10-01,653,190,76
INVSNP0013238,WH0009,PRD0123,2025-11-01,790,190,76
INVSNP0013239,WH0009,PRD0123,2025-12-01,774,190,76
INVSNP0013240,WH0009,PRD0123,2026-01-01,769,190,76
INVSNP0013241,WH0009,PRD0123,2026-02-01,718,190,76
INVSNP0013242,WH0009,PRD0123,2026-03-01,916,190,76
INVSNP0013243,WH0009,PRD0123,2026-04-01,729,190,76
INVSNP0013244,WH0009,PRD0123,2026-05-01,871,190,76
INVSNP0013245,WH0009,PRD0123,2026-06-01,911,190,76
INVSNP0013246,WH0009,PRD0123,2026-07-01,772,190,76
INVSNP0013247,WH0009,PRD0123,2026-08-01,792,190,76
INVSNP0013248,WH0009,PRD0123,2026-09-01,679,190,76
INVSNP0013249,WH0009,PRD0121,2024-10-01,702,209,83
INVSNP0013250,WH0009,PRD0121,2024-11-01,716,209,83
INVSNP0013251,WH0009,PRD0121,2024-12-01,693,209,83
INVSNP0013252,WH0009,PRD0121,2025-01-01,1130,209,83
INVSNP0013253,WH0009,PRD0121,2025-02-01,883,209,83
INVSNP0013254,WH0009,PRD0121,2025-03-01,669,209,83
INVSNP0013255,WH0009,PRD0121,2025-04-01,672,209,83
INVSNP0013256,WH0009,PRD0121,2025-05-01,892,209,83
INVSNP0013257,WH0009,PRD0121,2025-06-01,656,209,83
INVSNP0013258,WH0009,PRD0121,2025-07-01,925,209,83
INVSNP0013259,WH0009,PRD0121,2025-08-01,886,209,83
INVSNP0013260,WH0009,PRD0121,2025-09-01,828,209,83
INVSNP0013261,WH0009,PRD0121,2025-10-01,703,209,83
INVSNP0013262,WH0009,PRD0121,2025-11-01,552,209,83
INVSNP0013263,WH0009,PRD0121,2025-12-01,844,209,83
INVSNP0013264,WH0009,PRD0121,2026-01-01,1051,209,83
INVSNP0013265,WH0009,PRD0121,2026-02-01,862,209,83
INVSNP0013266,WH0009,PRD0121,2026-03-01,571,209,83
INVSNP0013267,WH0009,PRD0121,2026-04-01,658,209,83
INVSNP0013268,WH0009,PRD0121,2026-05-01,786,209,83
INVSNP0013269,WH0009,PRD0121,2026-06-01,975,209,83
INVSNP0013270,WH0009,PRD0121,2026-07-01,845,209,83
INVSNP0013271,WH0009,PRD0121,2026-08-01,962,209,83
INVSNP0013272,WH0009,PRD0121,2026-09-01,679,209,83
INVSNP0013273,WH0009,PRD0044,2024-10-01,1366,399,159
INVSNP0013274,WH0009,PRD0044,2024-11-01,1768,399,159
INVSNP0013275,WH0009,PRD0044,2024-12-01,1557,399,159
INVSNP0013276,WH0009,PRD0044,2025-01-01,1865,399,159
INVSNP0013277,WH0009,PRD0044,2025-02-01,1602,399,159
INVSNP0013278,WH0009,PRD0044,2025-03-01,1495,399,159
INVSNP0013279,WH0009,PRD0044,2025-04-01,1307,399,159
INVSNP0013280,WH0009,PRD0044,2025-05-01,1666,399,159
INVSNP0013281,WH0009,PRD0044,2025-06-01,1674,399,159
INVSNP0013282,WH0009,PRD0044,2025-07-01,1568,399,159
INVSNP0013283,WH0009,PRD0044,2025-08-01,1942,399,159
INVSNP0013284,WH0009,PRD0044,2025-09-01,1480,399,159
INVSNP0013285,WH0009,PRD0044,2025-10-01,1739,399,159
INVSNP0013286,WH0009,PRD0044,2025-11-01,1666,399,159
INVSNP0013287,WH0009,PRD0044,2025-12-01,1396,399,159
INVSNP0013288,WH0009,PRD0044,2026-01-01,1812,399,159
INVSNP0013289,WH0009,PRD0044,2026-02-01,1425,399,159
INVSNP0013290,WH0009,PRD0044,2026-03-01,1338,399,159
INVSNP0013291,WH0009,PRD0044,2026-04-01,1589,399,159
INVSNP0013292,WH0009,PRD0044,2026-05-01,2071,399,159
INVSNP0013293,WH0009,PRD0044,2026-06-01,1559,399,159
INVSNP0013294,WH0009,PRD0044,2026-07-01,1837,399,159
INVSNP0013295,WH0009,PRD0044,2026-08-01,1667,399,159
INVSNP0013296,WH0009,PRD0044,2026-09-01,1457,399,159
INVSNP0013297,WH0009,PRD0095,2024-10-01,4709,1012,404
INVSNP0013298,WH0009,PRD0095,2024-11-01,4219,1012,404
INVSNP0013299,WH0009,PRD0095,2024-12-01,3267,1012,404
INVSNP0013300,WH0009,PRD0095,2025-01-01,4276,1012,404
INVSNP0013301,WH0009,PRD0095,2025-02-01,4390,1012,404
INVSNP0013302,WH0009,PRD0095,2025-03-01,4058,1012,404
INVSNP0013303,WH0009,PRD0095,2025-04-01,4295,1012,404
INVSNP0013304,WH0009,PRD0095,2025-05-01,3174,1012,404
INVSNP0013305,WH0009,PRD0095,2025-06-01,4055,1012,404
INVSNP0013306,WH0009,PRD0095,2025-07-01,3048,1012,404
INVSNP0013307,WH0009,PRD0095,2025-08-01,3477,1012,404
INVSNP0013308,WH0009,PRD0095,2025-09-01,3316,1012,404
INVSNP0013309,WH0009,PRD0095,2025-10-01,3994,1012,404
INVSNP0013310,WH0009,PRD0095,2025-11-01,4314,1012,404
INVSNP0013311,WH0009,PRD0095,2025-12-01,4271,1012,404
INVSNP0013312,WH0009,PRD0095,2026-01-01,4514,1012,404
INVSNP0013313,WH0009,PRD0095,2026-02-01,4060,1012,404
INVSNP0013314,WH0009,PRD0095,2026-03-01,3838,1012,404
INVSNP0013315,WH0009,PRD0095,2026-04-01,4329,1012,404
INVSNP0013316,WH0009,PRD0095,2026-05-01,3391,1012,404
INVSNP0013317,WH0009,PRD0095,2026-06-01,3792,1012,404
INVSNP0013318,WH0009,PRD0095,2026-07-01,4405,1012,404
INVSNP0013319,WH0009,PRD0095,2026-08-01,5345,1012,404
INVSNP0013320,WH0009,PRD0095,2026-09-01,4841,1012,404
INVSNP0013321,WH0009,PRD0076,2024-10-01,1171,246,98
INVSNP0013322,WH0009,PRD0076,2024-11-01,979,246,98
INVSNP0013323,WH0009,PRD0076,2024-12-01,749,246,98
INVSNP0013324,WH0009,PRD0076,2025-01-01,961,246,98
INVSNP0013325,WH0009,PRD0076,2025-02-01,896,246,98
INVSNP0013326,WH0009,PRD0076,2025-03-01,749,246,98
INVSNP0013327,WH0009,PRD0076,2025-04-01,849,246,98
INVSNP0013328,WH0009,PRD0076,2025-05-01,931,246,98
INVSNP0013329,WH0009,PRD0076,2025-06-01,678,246,98
INVSNP0013330,WH0009,PRD0076,2025-07-01,1010,246,98
INVSNP0013331,WH0009,PRD0076,2025-08-01,1051,246,98
INVSNP0013332,WH0009,PRD0076,2025-09-01,900,246,98
INVSNP0013333,WH0009,PRD0076,2025-10-01,1007,246,98
INVSNP0013334,WH0009,PRD0076,2025-11-01,1266,246,98
INVSNP0013335,WH0009,PRD0076,2025-12-01,765,246,98
INVSNP0013336,WH0009,PRD0076,2026-01-01,994,246,98
INVSNP0013337,WH0009,PRD0076,2026-02-01,718,246,98
INVSNP0013338,WH0009,PRD0076,2026-03-01,782,246,98
INVSNP0013339,WH0009,PRD0076,2026-04-01,864,246,98
INVSNP0013340,WH0009,PRD0076,2026-05-01,1103,246,98
INVSNP0013341,WH0009,PRD0076,2026-06-01,906,246,98
INVSNP0013342,WH0009,PRD0076,2026-07-01,1123,246,98
INVSNP0013343,WH0009,PRD0076,2026-08-01,1090,246,98
INVSNP0013344,WH0009,PRD0076,2026-09-01,1078,246,98
INVSNP0013345,WH0009,PRD0025,2024-10-01,1404,313,125
INVSNP0013346,WH0009,PRD0025,2024-11-01,1548,313,125
INVSNP0013347,WH0009,PRD0025,2024-12-01,1155,313,125
INVSNP0013348,WH0009,PRD0025,2025-01-01,1104,313,125
INVSNP0013349,WH0009,PRD0025,2025-02-01,1404,313,125
INVSNP0013350,WH0009,PRD0025,2025-03-01,1270,313,125
INVSNP0013351,WH0009,PRD0025,2025-04-01,1495,313,125
INVSNP0013352,WH0009,PRD0025,2025-05-01,949,313,125
INVSNP0013353,WH0009,PRD0025,2025-06-01,1147,313,125
INVSNP0013354,WH0009,PRD0025,2025-07-01,1330,313,125
INVSNP0013355,WH0009,PRD0025,2025-08-01,1279,313,125
INVSNP0013356,WH0009,PRD0025,2025-09-01,1059,313,125
INVSNP0013357,WH0009,PRD0025,2025-10-01,950,313,125
INVSNP0013358,WH0009,PRD0025,2025-11-01,1374,313,125
INVSNP0013359,WH0009,PRD0025,2025-12-01,1038,313,125
INVSNP0013360,WH0009,PRD0025,2026-01-01,1270,313,125
INVSNP0013361,WH0009,PRD0025,2026-02-01,1385,313,125
INVSNP0013362,WH0009,PRD0025,2026-03-01,1265,313,125
INVSNP0013363,WH0009,PRD0025,2026-04-01,1171,313,125
INVSNP0013364,WH0009,PRD0025,2026-05-01,1096,313,125
INVSNP0013365,WH0009,PRD0025,2026-06-01,1046,313,125
INVSNP0013366,WH0009,PRD0025,2026-07-01,1523,313,125
INVSNP0013367,WH0009,PRD0025,2026-08-01,1284,313,125
INVSNP0013368,WH0009,PRD0025,2026-09-01,1155,313,125
INVSNP0013369,WH0009,PRD0096,2024-10-01,726,175,70
INVSNP0013370,WH0009,PRD0096,2024-11-01,718,175,70
INVSNP0013371,WH0009,PRD0096,2024-12-01,533,175,70
INVSNP0013372,WH0009,PRD0096,2025-01-01,606,175,70
INVSNP0013373,WH0009,PRD0096,2025-02-01,620,175,70
INVSNP0013374,WH0009,PRD0096,2025-03-01,779,175,70
INVSNP0013375,WH0009,PRD0096,2025-04-01,594,175,70
INVSNP0013376,WH0009,PRD0096,2025-05-01,514,175,70
INVSNP0013377,WH0009,PRD0096,2025-06-01,725,175,70
INVSNP0013378,WH0009,PRD0096,2025-07-01,621,175,70
INVSNP0013379,WH0009,PRD0096,2025-08-01,703,175,70
INVSNP0013380,WH0009,PRD0096,2025-09-01,812,175,70
INVSNP0013381,WH0009,PRD0096,2025-10-01,743,175,70
INVSNP0013382,WH0009,PRD0096,2025-11-01,865,175,70
INVSNP0013383,WH0009,PRD0096,2025-12-01,637,175,70
INVSNP0013384,WH0009,PRD0096,2026-01-01,758,175,70
INVSNP0013385,WH0009,PRD0096,2026-02-01,575,175,70
INVSNP0013386,WH0009,PRD0096,2026-03-01,740,175,70
INVSNP0013387,WH0009,PRD0096,2026-04-01,683,175,70
INVSNP0013388,WH0009,PRD0096,2026-05-01,706,175,70
INVSNP0013389,WH0009,PRD0096,2026-06-01,755,175,70
INVSNP0013390,WH0009,PRD0096,2026-07-01,736,175,70
INVSNP0013391,WH0009,PRD0096,2026-08-01,632,175,70
INVSNP0013392,WH0009,PRD0096,2026-09-01,722,175,70
INVSNP0013393,WH0009,PRD0120,2024-10-01,791,156,62
INVSNP0013394,WH0009,PRD0120,2024-11-01,669,156,62
INVSNP0013395,WH0009,PRD0120,2024-12-01,718,156,62
INVSNP0013396,WH0009,PRD0120,2025-01-01,775,156,62
INVSNP0013397,WH0009,PRD0120,2025-02-01,704,156,62
INVSNP0013398,WH0009,PRD0120,2025-03-01,642,156,62
INVSNP0013399,WH0009,PRD0120,2025-04-01,504,156,62
INVSNP0013400,WH0009,PRD0120,2025-05-01,635,156,62
INVSNP0013401,WH0009,PRD0120,2025-06-01,822,156,62
INVSNP0013402,WH0009,PRD0120,2025-07-01,862,156,62
INVSNP0013403,WH0009,PRD0120,2025-08-01,833,156,62
INVSNP0013404,WH0009,PRD0120,2025-09-01,736,156,62
INVSNP0013405,WH0009,PRD0120,2025-10-01,535,156,62
INVSNP0013406,WH0009,PRD0120,2025-11-01,686,156,62
INVSNP0013407,WH0009,PRD0120,2025-12-01,645,156,62
INVSNP0013408,WH0009,PRD0120,2026-01-01,566,156,62
INVSNP0013409,WH0009,PRD0120,2026-02-01,675,156,62
INVSNP0013410,WH0009,PRD0120,2026-03-01,713,156,62
INVSNP0013411,WH0009,PRD0120,2026-04-01,717,156,62
INVSNP0013412,WH0009,PRD0120,2026-05-01,489,156,62
INVSNP0013413,WH0009,PRD0120,2026-06-01,646,156,62
INVSNP0013414,WH0009,PRD0120,2026-07-01,746,156,62
INVSNP0013415,WH0009,PRD0120,2026-08-01,789,156,62
INVSNP0013416,WH0009,PRD0120,2026-09-01,759,156,62
INVSNP0013417,WH0009,PRD0074,2024-10-01,1776,433,173
INVSNP0013418,WH0009,PRD0074,2024-11-01,1421,433,173
INVSNP0013419,WH0009,PRD0074,2024-12-01,2204,433,173
INVSNP0013420,WH0009,PRD0074,2025-01-01,1709,433,173
INVSNP0013421,WH0009,PRD0074,2025-02-01,2092,433,173
INVSNP0013422,WH0009,PRD0074,2025-03-01,1848,433,173
INVSNP0013423,WH0009,PRD0074,2025-04-01,1811,433,173
INVSNP0013424,WH0009,PRD0074,2025-05-01,1835,433,173
INVSNP0013425,WH0009,PRD0074,2025-06-01,1812,433,173
INVSNP0013426,WH0009,PRD0074,2025-07-01,1342,433,173
INVSNP0013427,WH0009,PRD0074,2025-08-01,1340,433,173
INVSNP0013428,WH0009,PRD0074,2025-09-01,2001,433,173
INVSNP0013429,WH0009,PRD0074,2025-10-01,1754,433,173
INVSNP0013430,WH0009,PRD0074,2025-11-01,1755,433,173
INVSNP0013431,WH0009,PRD0074,2025-12-01,1399,433,173
INVSNP0013432,WH0009,PRD0074,2026-01-01,1383,433,173
INVSNP0013433,WH0009,PRD0074,2026-02-01,2089,433,173
INVSNP0013434,WH0009,PRD0074,2026-03-01,1626,433,173
INVSNP0013435,WH0009,PRD0074,2026-04-01,1476,433,173
INVSNP0013436,WH0009,PRD0074,2026-05-01,2077,433,173
INVSNP0013437,WH0009,PRD0074,2026-06-01,1565,433,173
INVSNP0013438,WH0009,PRD0074,2026-07-01,1827,433,173
INVSNP0013439,WH0009,PRD0074,2026-08-01,1692,433,173
INVSNP0013440,WH0009,PRD0074,2026-09-01,1918,433,173
INVSNP0013441,WH0009,PRD0048,2024-10-01,255,70,28
INVSNP0013442,WH0009,PRD0048,2024-11-01,286,70,28
INVSNP0013443,WH0009,PRD0048,2024-12-01,248,70,28
INVSNP0013444,WH0009,PRD0048,2025-01-01,269,70,28
INVSNP0013445,WH0009,PRD0048,2025-02-01,320,70,28
INVSNP0013446,WH0009,PRD0048,2025-03-01,197,70,28
INVSNP0013447,WH0009,PRD0048,2025-04-01,304,70,28
INVSNP0013448,WH0009,PRD0048,2025-05-01,277,70,28
INVSNP0013449,WH0009,PRD0048,2025-06-01,310,70,28
INVSNP0013450,WH0009,PRD0048,2025-07-01,302,70,28
INVSNP0013451,WH0009,PRD0048,2025-08-01,225,70,28
INVSNP0013452,WH0009,PRD0048,2025-09-01,270,70,28
INVSNP0013453,WH0009,PRD0048,2025-10-01,314,70,28
INVSNP0013454,WH0009,PRD0048,2025-11-01,331,70,28
INVSNP0013455,WH0009,PRD0048,2025-12-01,201,70,28
INVSNP0013456,WH0009,PRD0048,2026-01-01,251,70,28
INVSNP0013457,WH0009,PRD0048,2026-02-01,234,70,28
INVSNP0013458,WH0009,PRD0048,2026-03-01,267,70,28
INVSNP0013459,WH0009,PRD0048,2026-04-01,317,70,28
INVSNP0013460,WH0009,PRD0048,2026-05-01,312,70,28
INVSNP0013461,WH0009,PRD0048,2026-06-01,323,70,28
INVSNP0013462,WH0009,PRD0048,2026-07-01,249,70,28
INVSNP0013463,WH0009,PRD0048,2026-08-01,236,70,28
INVSNP0013464,WH0009,PRD0048,2026-09-01,322,70,28
INVSNP0013465,WH0009,PRD0132,2024-10-01,1974,599,239
INVSNP0013466,WH0009,PRD0132,2024-11-01,2759,599,239
INVSNP0013467,WH0009,PRD0132,2024-12-01,2362,599,239
INVSNP0013468,WH0009,PRD0132,2025-01-01,2677,599,239
INVSNP0013469,WH0009,PRD0132,2025-02-01,2539,599,239
INVSNP0013470,WH0009,PRD0132,2025-03-01,2273,599,239
INVSNP0013471,WH0009,PRD0132,2025-04-01,2319,599,239
INVSNP0013472,WH0009,PRD0132,2025-05-01,2345,599,239
INVSNP0013473,WH0009,PRD0132,2025-06-01,2125,599,239
INVSNP0013474,WH0009,PRD0132,2025-07-01,2481,599,239
INVSNP0013475,WH0009,PRD0132,2025-08-01,3140,599,239
INVSNP0013476,WH0009,PRD0132,2025-09-01,2494,599,239
INVSNP0013477,WH0009,PRD0132,2025-10-01,2735,599,239
INVSNP0013478,WH0009,PRD0132,2025-11-01,2067,599,239
INVSNP0013479,WH0009,PRD0132,2025-12-01,2237,599,239
INVSNP0013480,WH0009,PRD0132,2026-01-01,1746,599,239
INVSNP0013481,WH0009,PRD0132,2026-02-01,2367,599,239
INVSNP0013482,WH0009,PRD0132,2026-03-01,2166,599,239
INVSNP0013483,WH0009,PRD0132,2026-04-01,1807,599,239
INVSNP0013484,WH0009,PRD0132,2026-05-01,2397,599,239
INVSNP0013485,WH0009,PRD0132,2026-06-01,1955,599,239
INVSNP0013486,WH0009,PRD0132,2026-07-01,2707,599,239
INVSNP0013487,WH0009,PRD0132,2026-08-01,2163,599,239
INVSNP0013488,WH0009,PRD0132,2026-09-01,2824,599,239
INVSNP0013489,WH0009,PRD0041,2024-10-01,1241,366,146
INVSNP0013490,WH0009,PRD0041,2024-11-01,1388,366,146
INVSNP0013491,WH0009,PRD0041,2024-12-01,1009,366,146
INVSNP0013492,WH0009,PRD0041,2025-01-01,1735,366,146
INVSNP0013493,WH0009,PRD0041,2025-02-01,1293,366,146
INVSNP0013494,WH0009,PRD0041,2025-03-01,1518,366,146
INVSNP0013495,WH0009,PRD0041,2025-04-01,1210,366,146
INVSNP0013496,WH0009,PRD0041,2025-05-01,1384,366,146
INVSNP0013497,WH0009,PRD0041,2025-06-01,1140,366,146
INVSNP0013498,WH0009,PRD0041,2025-07-01,1951,366,146
INVSNP0013499,WH0009,PRD0041,2025-08-01,1711,366,146
INVSNP0013500,WH0009,PRD0041,2025-09-01,1598,366,146
INVSNP0013501,WH0009,PRD0041,2025-10-01,1495,366,146
INVSNP0013502,WH0009,PRD0041,2025-11-01,1544,366,146
INVSNP0013503,WH0009,PRD0041,2025-12-01,1501,366,146
INVSNP0013504,WH0009,PRD0041,2026-01-01,1503,366,146
INVSNP0013505,WH0009,PRD0041,2026-02-01,1215,366,146
INVSNP0013506,WH0009,PRD0041,2026-03-01,1641,366,146
INVSNP0013507,WH0009,PRD0041,2026-04-01,1094,366,146
INVSNP0013508,WH0009,PRD0041,2026-05-01,1533,366,146
INVSNP0013509,WH0009,PRD0041,2026-06-01,1348,366,146
INVSNP0013510,WH0009,PRD0041,2026-07-01,1727,366,146
INVSNP0013511,WH0009,PRD0041,2026-08-01,1603,366,146
INVSNP0013512,WH0009,PRD0041,2026-09-01,1697,366,146
INVSNP0013513,WH0009,PRD0049,2024-10-01,1755,394,157
INVSNP0013514,WH0009,PRD0049,2024-11-01,1246,394,157
INVSNP0013515,WH0009,PRD0049,2024-12-01,1606,394,157
INVSNP0013516,WH0009,PRD0049,2025-01-01,1079,394,157
INVSNP0013517,WH0009,PRD0049,2025-02-01,1787,394,157
INVSNP0013518,WH0009,PRD0049,2025-03-01,1735,394,157
INVSNP0013519,WH0009,PRD0049,2025-04-01,1714,394,157
INVSNP0013520,WH0009,PRD0049,2025-05-01,1377,394,157
INVSNP0013521,WH0009,PRD0049,2025-06-01,1984,394,157
INVSNP0013522,WH0009,PRD0049,2025-07-01,1164,394,157
INVSNP0013523,WH0009,PRD0049,2025-08-01,1421,394,157
INVSNP0013524,WH0009,PRD0049,2025-09-01,1029,394,157
INVSNP0013525,WH0009,PRD0049,2025-10-01,1528,394,157
INVSNP0013526,WH0009,PRD0049,2025-11-01,1406,394,157
INVSNP0013527,WH0009,PRD0049,2025-12-01,1482,394,157
INVSNP0013528,WH0009,PRD0049,2026-01-01,1691,394,157
INVSNP0013529,WH0009,PRD0049,2026-02-01,1555,394,157
INVSNP0013530,WH0009,PRD0049,2026-03-01,1490,394,157
INVSNP0013531,WH0009,PRD0049,2026-04-01,1857,394,157
INVSNP0013532,WH0009,PRD0049,2026-05-01,1774,394,157
INVSNP0013533,WH0009,PRD0049,2026-06-01,1634,394,157
INVSNP0013534,WH0009,PRD0049,2026-07-01,1607,394,157
INVSNP0013535,WH0009,PRD0049,2026-08-01,1402,394,157
INVSNP0013536,WH0009,PRD0049,2026-09-01,1687,394,157
INVSNP0013537,WH0009,PRD0128,2024-10-01,380,89,35
INVSNP0013538,WH0009,PRD0128,2024-11-01,326,89,35
INVSNP0013539,WH0009,PRD0128,2024-12-01,432,89,35
INVSNP0013540,WH0009,PRD0128,2025-01-01,315,89,35
INVSNP0013541,WH0009,PRD0128,2025-02-01,411,89,35
INVSNP0013542,WH0009,PRD0128,2025-03-01,369,89,35
INVSNP0013543,WH0009,PRD0128,2025-04-01,276,89,35
INVSNP0013544,WH0009,PRD0128,2025-05-01,426,89,35
INVSNP0013545,WH0009,PRD0128,2025-06-01,421,89,35
INVSNP0013546,WH0009,PRD0128,2025-07-01,336,89,35
INVSNP0013547,WH0009,PRD0128,2025-08-01,339,89,35
INVSNP0013548,WH0009,PRD0128,2025-09-01,371,89,35
INVSNP0013549,WH0009,PRD0128,2025-10-01,310,89,35
INVSNP0013550,WH0009,PRD0128,2025-11-01,367,89,35
INVSNP0013551,WH0009,PRD0128,2025-12-01,373,89,35
INVSNP0013552,WH0009,PRD0128,2026-01-01,352,89,35
INVSNP0013553,WH0009,PRD0128,2026-02-01,366,89,35
INVSNP0013554,WH0009,PRD0128,2026-03-01,340,89,35
INVSNP0013555,WH0009,PRD0128,2026-04-01,320,89,35
INVSNP0013556,WH0009,PRD0128,2026-05-01,348,89,35
INVSNP0013557,WH0009,PRD0128,2026-06-01,465,89,35
INVSNP0013558,WH0009,PRD0128,2026-07-01,315,89,35
INVSNP0013559,WH0009,PRD0128,2026-08-01,346,89,35
INVSNP0013560,WH0009,PRD0128,2026-09-01,277,89,35
INVSNP0013561,WH0009,PRD0117,2024-10-01,2362,581,232
INVSNP0013562,WH0009,PRD0117,2024-11-01,1719,581,232
INVSNP0013563,WH0009,PRD0117,2024-12-01,2580,581,232
INVSNP0013564,WH0009,PRD0117,2025-01-01,1860,581,232
INVSNP0013565,WH0009,PRD0117,2025-02-01,2416,581,232
INVSNP0013566,WH0009,PRD0117,2025-03-01,2582,581,232
INVSNP0013567,WH0009,PRD0117,2025-04-01,2206,581,232
INVSNP0013568,WH0009,PRD0117,2025-05-01,1963,581,232
INVSNP0013569,WH0009,PRD0117,2025-06-01,2124,581,232
INVSNP0013570,WH0009,PRD0117,2025-07-01,2657,581,232
INVSNP0013571,WH0009,PRD0117,2025-08-01,2750,581,232
INVSNP0013572,WH0009,PRD0117,2025-09-01,2461,581,232
INVSNP0013573,WH0009,PRD0117,2025-10-01,2481,581,232
INVSNP0013574,WH0009,PRD0117,2025-11-01,2308,581,232
INVSNP0013575,WH0009,PRD0117,2025-12-01,1875,581,232
INVSNP0013576,WH0009,PRD0117,2026-01-01,2509,581,232
INVSNP0013577,WH0009,PRD0117,2026-02-01,2105,581,232
INVSNP0013578,WH0009,PRD0117,2026-03-01,2919,581,232
INVSNP0013579,WH0009,PRD0117,2026-04-01,2280,581,232
INVSNP0013580,WH0009,PRD0117,2026-05-01,2329,581,232
INVSNP0013581,WH0009,PRD0117,2026-06-01,2259,581,232
INVSNP0013582,WH0009,PRD0117,2026-07-01,1933,581,232
INVSNP0013583,WH0009,PRD0117,2026-08-01,2943,581,232
INVSNP0013584,WH0009,PRD0117,2026-09-01,2306,581,232
INVSNP0013585,WH0009,PRD0001,2024-10-01,2972,785,314
INVSNP0013586,WH0009,PRD0001,2024-11-01,3362,785,314
INVSNP0013587,WH0009,PRD0001,2024-12-01,2804,785,314
INVSNP0013588,WH0009,PRD0001,2025-01-01,3775,785,314
INVSNP0013589,WH0009,PRD0001,2025-02-01,3580,785,314
INVSNP0013590,WH0009,PRD0001,2025-03-01,3114,785,314
INVSNP0013591,WH0009,PRD0001,2025-04-01,2672,785,314
INVSNP0013592,WH0009,PRD0001,2025-05-01,3073,785,314
INVSNP0013593,WH0009,PRD0001,2025-06-01,3859,785,314
INVSNP0013594,WH0009,PRD0001,2025-07-01,3433,785,314
INVSNP0013595,WH0009,PRD0001,2025-08-01,3389,785,314
INVSNP0013596,WH0009,PRD0001,2025-09-01,3098,785,314
INVSNP0013597,WH0009,PRD0001,2025-10-01,2412,785,314
INVSNP0013598,WH0009,PRD0001,2025-11-01,2963,785,314
INVSNP0013599,WH0009,PRD0001,2025-12-01,3018,785,314
INVSNP0013600,WH0009,PRD0001,2026-01-01,3078,785,314
INVSNP0013601,WH0009,PRD0001,2026-02-01,2461,785,314
INVSNP0013602,WH0009,PRD0001,2026-03-01,3479,785,314
INVSNP0013603,WH0009,PRD0001,2026-04-01,2735,785,314
INVSNP0013604,WH0009,PRD0001,2026-05-01,3320,785,314
INVSNP0013605,WH0009,PRD0001,2026-06-01,3515,785,314
INVSNP0013606,WH0009,PRD0001,2026-07-01,3146,785,314
INVSNP0013607,WH0009,PRD0001,2026-08-01,3312,785,314
INVSNP0013608,WH0009,PRD0001,2026-09-01,2703,785,314
INVSNP0013609,WH0009,PRD0040,2024-10-01,1545,388,155
INVSNP0013610,WH0009,PRD0040,2024-11-01,1632,388,155
INVSNP0013611,WH0009,PRD0040,2024-12-01,1623,388,155
INVSNP0013612,WH0009,PRD0040,2025-01-01,1793,388,155
INVSNP0013613,WH0009,PRD0040,2025-02-01,2030,388,155
INVSNP0013614,WH0009,PRD0040,2025-03-01,1689,388,155
INVSNP0013615,WH0009,PRD0040,2025-04-01,1249,388,155
INVSNP0013616,WH0009,PRD0040,2025-05-01,1499,388,155
INVSNP0013617,WH0009,PRD0040,2025-06-01,1150,388,155
INVSNP0013618,WH0009,PRD0040,2025-07-01,1515,388,155
INVSNP0013619,WH0009,PRD0040,2025-08-01,1086,388,155
INVSNP0013620,WH0009,PRD0040,2025-09-01,1789,388,155
INVSNP0013621,WH0009,PRD0040,2025-10-01,1368,388,155
INVSNP0013622,WH0009,PRD0040,2025-11-01,1586,388,155
INVSNP0013623,WH0009,PRD0040,2025-12-01,1079,388,155
INVSNP0013624,WH0009,PRD0040,2026-01-01,1270,388,155
INVSNP0013625,WH0009,PRD0040,2026-02-01,1424,388,155
INVSNP0013626,WH0009,PRD0040,2026-03-01,1486,388,155
INVSNP0013627,WH0009,PRD0040,2026-04-01,1493,388,155
INVSNP0013628,WH0009,PRD0040,2026-05-01,1192,388,155
INVSNP0013629,WH0009,PRD0040,2026-06-01,1761,388,155
INVSNP0013630,WH0009,PRD0040,2026-07-01,1548,388,155
INVSNP0013631,WH0009,PRD0040,2026-08-01,1417,388,155
INVSNP0013632,WH0009,PRD0040,2026-09-01,1713,388,155
INVSNP0013633,WH0009,PRD0147,2024-10-01,1471,515,206
INVSNP0013634,WH0009,PRD0147,2024-11-01,1537,515,206
INVSNP0013635,WH0009,PRD0147,2024-12-01,2210,515,206
INVSNP0013636,WH0009,PRD0147,2025-01-01,2021,515,206
INVSNP0013637,WH0009,PRD0147,2025-02-01,2903,515,206
INVSNP0013638,WH0009,PRD0147,2025-03-01,1808,515,206
INVSNP0013639,WH0009,PRD0147,2025-04-01,1527,515,206
INVSNP0013640,WH0009,PRD0147,2025-05-01,2647,515,206
INVSNP0013641,WH0009,PRD0147,2025-06-01,2307,515,206
INVSNP0013642,WH0009,PRD0147,2025-07-01,1887,515,206
INVSNP0013643,WH0009,PRD0147,2025-08-01,2844,515,206
INVSNP0013644,WH0009,PRD0147,2025-09-01,1921,515,206
INVSNP0013645,WH0009,PRD0147,2025-10-01,2777,515,206
INVSNP0013646,WH0009,PRD0147,2025-11-01,1892,515,206
INVSNP0013647,WH0009,PRD0147,2025-12-01,2356,515,206
INVSNP0013648,WH0009,PRD0147,2026-01-01,1980,515,206
INVSNP0013649,WH0009,PRD0147,2026-02-01,2203,515,206
INVSNP0013650,WH0009,PRD0147,2026-03-01,1911,515,206
INVSNP0013651,WH0009,PRD0147,2026-04-01,1530,515,206
INVSNP0013652,WH0009,PRD0147,2026-05-01,2343,515,206
INVSNP0013653,WH0009,PRD0147,2026-06-01,1569,515,206
INVSNP0013654,WH0009,PRD0147,2026-07-01,2042,515,206
INVSNP0013655,WH0009,PRD0147,2026-08-01,2462,515,206
INVSNP0013656,WH0009,PRD0147,2026-09-01,2827,515,206
INVSNP0013657,WH0009,PRD0116,2024-10-01,3451,1030,412
INVSNP0013658,WH0009,PRD0116,2024-11-01,4205,1030,412
INVSNP0013659,WH0009,PRD0116,2024-12-01,4884,1030,412
INVSNP0013660,WH0009,PRD0116,2025-01-01,4255,1030,412
INVSNP0013661,WH0009,PRD0116,2025-02-01,3380,1030,412
INVSNP0013662,WH0009,PRD0116,2025-03-01,3516,1030,412
INVSNP0013663,WH0009,PRD0116,2025-04-01,5039,1030,412
INVSNP0013664,WH0009,PRD0116,2025-05-01,4346,1030,412
INVSNP0013665,WH0009,PRD0116,2025-06-01,3771,1030,412
INVSNP0013666,WH0009,PRD0116,2025-07-01,3664,1030,412
INVSNP0013667,WH0009,PRD0116,2025-08-01,3712,1030,412
INVSNP0013668,WH0009,PRD0116,2025-09-01,5135,1030,412
INVSNP0013669,WH0009,PRD0116,2025-10-01,4149,1030,412
INVSNP0013670,WH0009,PRD0116,2025-11-01,4013,1030,412
INVSNP0013671,WH0009,PRD0116,2025-12-01,4872,1030,412
INVSNP0013672,WH0009,PRD0116,2026-01-01,4223,1030,412
INVSNP0013673,WH0009,PRD0116,2026-02-01,4537,1030,412
INVSNP0013674,WH0009,PRD0116,2026-03-01,4074,1030,412
INVSNP0013675,WH0009,PRD0116,2026-04-01,4036,1030,412
INVSNP0013676,WH0009,PRD0116,2026-05-01,4017,1030,412
INVSNP0013677,WH0009,PRD0116,2026-06-01,3354,1030,412
INVSNP0013678,WH0009,PRD0116,2026-07-01,5245,1030,412
INVSNP0013679,WH0009,PRD0116,2026-08-01,3473,1030,412
INVSNP0013680,WH0009,PRD0116,2026-09-01,3308,1030,412
INVSNP0013681,WH0009,PRD0069,2024-10-01,2206,660,264
INVSNP0013682,WH0009,PRD0069,2024-11-01,2204,660,264
INVSNP0013683,WH0009,PRD0069,2024-12-01,2741,660,264
INVSNP0013684,WH0009,PRD0069,2025-01-01,2546,660,264
INVSNP0013685,WH0009,PRD0069,2025-02-01,2141,660,264
INVSNP0013686,WH0009,PRD0069,2025-03-01,2726,660,264
INVSNP0013687,WH0009,PRD0069,2025-04-01,2817,660,264
INVSNP0013688,WH0009,PRD0069,2025-05-01,3356,660,264
INVSNP0013689,WH0009,PRD0069,2025-06-01,2423,660,264
INVSNP0013690,WH0009,PRD0069,2025-07-01,2700,660,264
INVSNP0013691,WH0009,PRD0069,2025-08-01,3571,660,264
INVSNP0013692,WH0009,PRD0069,2025-09-01,3047,660,264
INVSNP0013693,WH0009,PRD0069,2025-10-01,2044,660,264
INVSNP0013694,WH0009,PRD0069,2025-11-01,2404,660,264
INVSNP0013695,WH0009,PRD0069,2025-12-01,2840,660,264
INVSNP0013696,WH0009,PRD0069,2026-01-01,2245,660,264
INVSNP0013697,WH0009,PRD0069,2026-02-01,2828,660,264
INVSNP0013698,WH0009,PRD0069,2026-03-01,1856,660,264
INVSNP0013699,WH0009,PRD0069,2026-04-01,3326,660,264
INVSNP0013700,WH0009,PRD0069,2026-05-01,2802,660,264
INVSNP0013701,WH0009,PRD0069,2026-06-01,3030,660,264
INVSNP0013702,WH0009,PRD0069,2026-07-01,1586,660,264
INVSNP0013703,WH0009,PRD0069,2026-08-01,2543,660,264
INVSNP0013704,WH0009,PRD0069,2026-09-01,2318,660,264
INVSNP0013705,WH0009,PRD0115,2024-10-01,5600,1116,446
INVSNP0013706,WH0009,PRD0115,2024-11-01,4993,1116,446
INVSNP0013707,WH0009,PRD0115,2024-12-01,3872,1116,446
INVSNP0013708,WH0009,PRD0115,2025-01-01,3793,1116,446
INVSNP0013709,WH0009,PRD0115,2025-02-01,2911,1116,446
INVSNP0013710,WH0009,PRD0115,2025-03-01,4126,1116,446
INVSNP0013711,WH0009,PRD0115,2025-04-01,3246,1116,446
INVSNP0013712,WH0009,PRD0115,2025-05-01,6313,1116,446
INVSNP0013713,WH0009,PRD0115,2025-06-01,4622,1116,446
INVSNP0013714,WH0009,PRD0115,2025-07-01,4818,1116,446
INVSNP0013715,WH0009,PRD0115,2025-08-01,3448,1116,446
INVSNP0013716,WH0009,PRD0115,2025-09-01,5172,1116,446
INVSNP0013717,WH0009,PRD0115,2025-10-01,4435,1116,446
INVSNP0013718,WH0009,PRD0115,2025-11-01,5479,1116,446
INVSNP0013719,WH0009,PRD0115,2025-12-01,3771,1116,446
INVSNP0013720,WH0009,PRD0115,2026-01-01,4034,1116,446
INVSNP0013721,WH0009,PRD0115,2026-02-01,4477,1116,446
INVSNP0013722,WH0009,PRD0115,2026-03-01,4249,1116,446
INVSNP0013723,WH0009,PRD0115,2026-04-01,3733,1116,446
INVSNP0013724,WH0009,PRD0115,2026-05-01,4208,1116,446
INVSNP0013725,WH0009,PRD0115,2026-06-01,4803,1116,446
INVSNP0013726,WH0009,PRD0115,2026-07-01,3744,1116,446
INVSNP0013727,WH0009,PRD0115,2026-08-01,4844,1116,446
INVSNP0013728,WH0009,PRD0115,2026-09-01,3983,1116,446
INVSNP0013729,WH0009,PRD0050,2024-10-01,3725,932,372
INVSNP0013730,WH0009,PRD0050,2024-11-01,2978,932,372
INVSNP0013731,WH0009,PRD0050,2024-12-01,3927,932,372
INVSNP0013732,WH0009,PRD0050,2025-01-01,3140,932,372
INVSNP0013733,WH0009,PRD0050,2025-02-01,2995,932,372
INVSNP0013734,WH0009,PRD0050,2025-03-01,4241,932,372
INVSNP0013735,WH0009,PRD0050,2025-04-01,4237,932,372
INVSNP0013736,WH0009,PRD0050,2025-05-01,3930,932,372
INVSNP0013737,WH0009,PRD0050,2025-06-01,3320,932,372
INVSNP0013738,WH0009,PRD0050,2025-07-01,4241,932,372
INVSNP0013739,WH0009,PRD0050,2025-08-01,2950,932,372
INVSNP0013740,WH0009,PRD0050,2025-09-01,2200,932,372
INVSNP0013741,WH0009,PRD0050,2025-10-01,3108,932,372
INVSNP0013742,WH0009,PRD0050,2025-11-01,3173,932,372
INVSNP0013743,WH0009,PRD0050,2025-12-01,5192,932,372
INVSNP0013744,WH0009,PRD0050,2026-01-01,4287,932,372
INVSNP0013745,WH0009,PRD0050,2026-02-01,3458,932,372
INVSNP0013746,WH0009,PRD0050,2026-03-01,3230,932,372
INVSNP0013747,WH0009,PRD0050,2026-04-01,4038,932,372
INVSNP0013748,WH0009,PRD0050,2026-05-01,3357,932,372
INVSNP0013749,WH0009,PRD0050,2026-06-01,3909,932,372
INVSNP0013750,WH0009,PRD0050,2026-07-01,4537,932,372
INVSNP0013751,WH0009,PRD0050,2026-08-01,4531,932,372
INVSNP0013752,WH0009,PRD0050,2026-09-01,3080,932,372
INVSNP0013753,WH0009,PRD0055,2024-10-01,2571,609,243
INVSNP0013754,WH0009,PRD0055,2024-11-01,2746,609,243
INVSNP0013755,WH0009,PRD0055,2024-12-01,2025,609,243
INVSNP0013756,WH0009,PRD0055,2025-01-01,2196,609,243
INVSNP0013757,WH0009,PRD0055,2025-02-01,2477,609,243
INVSNP0013758,WH0009,PRD0055,2025-03-01,2521,609,243
INVSNP0013759,WH0009,PRD0055,2025-04-01,2350,609,243
INVSNP0013760,WH0009,PRD0055,2025-05-01,2715,609,243
INVSNP0013761,WH0009,PRD0055,2025-06-01,2181,609,243
INVSNP0013762,WH0009,PRD0055,2025-07-01,2444,609,243
INVSNP0013763,WH0009,PRD0055,2025-08-01,2044,609,243
INVSNP0013764,WH0009,PRD0055,2025-09-01,2824,609,243
INVSNP0013765,WH0009,PRD0055,2025-10-01,1714,609,243
INVSNP0013766,WH0009,PRD0055,2025-11-01,2410,609,243
INVSNP0013767,WH0009,PRD0055,2025-12-01,2652,609,243
INVSNP0013768,WH0009,PRD0055,2026-01-01,1736,609,243
INVSNP0013769,WH0009,PRD0055,2026-02-01,2848,609,243
INVSNP0013770,WH0009,PRD0055,2026-03-01,2718,609,243
INVSNP0013771,WH0009,PRD0055,2026-04-01,2635,609,243
INVSNP0013772,WH0009,PRD0055,2026-05-01,2841,609,243
INVSNP0013773,WH0009,PRD0055,2026-06-01,2558,609,243
INVSNP0013774,WH0009,PRD0055,2026-07-01,3051,609,243
INVSNP0013775,WH0009,PRD0055,2026-08-01,2229,609,243
INVSNP0013776,WH0009,PRD0055,2026-09-01,2162,609,243
INVSNP0013777,WH0009,PRD0109,2024-10-01,4226,1005,402
INVSNP0013778,WH0009,PRD0109,2024-11-01,4034,1005,402
INVSNP0013779,WH0009,PRD0109,2024-12-01,3970,1005,402
INVSNP0013780,WH0009,PRD0109,2025-01-01,3843,1005,402
INVSNP0013781,WH0009,PRD0109,2025-02-01,5019,1005,402
INVSNP0013782,WH0009,PRD0109,2025-03-01,3502,1005,402
INVSNP0013783,WH0009,PRD0109,2025-04-01,3966,1005,402
INVSNP0013784,WH0009,PRD0109,2025-05-01,4558,1005,402
INVSNP0013785,WH0009,PRD0109,2025-06-01,3649,1005,402
INVSNP0013786,WH0009,PRD0109,2025-07-01,5002,1005,402
INVSNP0013787,WH0009,PRD0109,2025-08-01,3869,1005,402
INVSNP0013788,WH0009,PRD0109,2025-09-01,3272,1005,402
INVSNP0013789,WH0009,PRD0109,2025-10-01,4166,1005,402
INVSNP0013790,WH0009,PRD0109,2025-11-01,3186,1005,402
INVSNP0013791,WH0009,PRD0109,2025-12-01,3462,1005,402
INVSNP0013792,WH0009,PRD0109,2026-01-01,3319,1005,402
INVSNP0013793,WH0009,PRD0109,2026-02-01,3446,1005,402
INVSNP0013794,WH0009,PRD0109,2026-03-01,3626,1005,402
INVSNP0013795,WH0009,PRD0109,2026-04-01,3678,1005,402
INVSNP0013796,WH0009,PRD0109,2026-05-01,3163,1005,402
INVSNP0013797,WH0009,PRD0109,2026-06-01,3991,1005,402
INVSNP0013798,WH0009,PRD0109,2026-07-01,4689,1005,402
INVSNP0013799,WH0009,PRD0109,2026-08-01,4601,1005,402
INVSNP0013800,WH0009,PRD0109,2026-09-01,4575,1005,402
INVSNP0013801,WH0009,PRD0047,2024-10-01,1920,515,206
INVSNP0013802,WH0009,PRD0047,2024-11-01,1680,515,206
INVSNP0013803,WH0009,PRD0047,2024-12-01,2438,515,206
INVSNP0013804,WH0009,PRD0047,2025-01-01,1669,515,206
INVSNP0013805,WH0009,PRD0047,2025-02-01,2263,515,206
INVSNP0013806,WH0009,PRD0047,2025-03-01,1954,515,206
INVSNP0013807,WH0009,PRD0047,2025-04-01,1498,515,206
INVSNP0013808,WH0009,PRD0047,2025-05-01,2337,515,206
INVSNP0013809,WH0009,PRD0047,2025-06-01,2238,515,206
INVSNP0013810,WH0009,PRD0047,2025-07-01,1716,515,206
INVSNP0013811,WH0009,PRD0047,2025-08-01,2226,515,206
INVSNP0013812,WH0009,PRD0047,2025-09-01,1941,515,206
INVSNP0013813,WH0009,PRD0047,2025-10-01,2651,515,206
INVSNP0013814,WH0009,PRD0047,2025-11-01,1988,515,206
INVSNP0013815,WH0009,PRD0047,2025-12-01,2100,515,206
INVSNP0013816,WH0009,PRD0047,2026-01-01,2049,515,206
INVSNP0013817,WH0009,PRD0047,2026-02-01,2078,515,206
INVSNP0013818,WH0009,PRD0047,2026-03-01,2132,515,206
INVSNP0013819,WH0009,PRD0047,2026-04-01,2202,515,206
INVSNP0013820,WH0009,PRD0047,2026-05-01,2372,515,206
INVSNP0013821,WH0009,PRD0047,2026-06-01,2165,515,206
INVSNP0013822,WH0009,PRD0047,2026-07-01,1995,515,206
INVSNP0013823,WH0009,PRD0047,2026-08-01,1850,515,206
INVSNP0013824,WH0009,PRD0047,2026-09-01,1668,515,206
INVSNP0013825,WH0009,PRD0087,2024-10-01,5873,1233,493
INVSNP0013826,WH0009,PRD0087,2024-11-01,3876,1233,493
INVSNP0013827,WH0009,PRD0087,2024-12-01,4461,1233,493
INVSNP0013828,WH0009,PRD0087,2025-01-01,5806,1233,493
INVSNP0013829,WH0009,PRD0087,2025-02-01,5338,1233,493
INVSNP0013830,WH0009,PRD0087,2025-03-01,4123,1233,493
INVSNP0013831,WH0009,PRD0087,2025-04-01,5613,1233,493
INVSNP0013832,WH0009,PRD0087,2025-05-01,4088,1233,493
INVSNP0013833,WH0009,PRD0087,2025-06-01,3218,1233,493
INVSNP0013834,WH0009,PRD0087,2025-07-01,4927,1233,493
INVSNP0013835,WH0009,PRD0087,2025-08-01,3897,1233,493
INVSNP0013836,WH0009,PRD0087,2025-09-01,4926,1233,493
INVSNP0013837,WH0009,PRD0087,2025-10-01,4038,1233,493
INVSNP0013838,WH0009,PRD0087,2025-11-01,4204,1233,493
INVSNP0013839,WH0009,PRD0087,2025-12-01,4664,1233,493
INVSNP0013840,WH0009,PRD0087,2026-01-01,4049,1233,493
INVSNP0013841,WH0009,PRD0087,2026-02-01,5939,1233,493
INVSNP0013842,WH0009,PRD0087,2026-03-01,5107,1233,493
INVSNP0013843,WH0009,PRD0087,2026-04-01,4390,1233,493
INVSNP0013844,WH0009,PRD0087,2026-05-01,5083,1233,493
INVSNP0013845,WH0009,PRD0087,2026-06-01,5405,1233,493
INVSNP0013846,WH0009,PRD0087,2026-07-01,5260,1233,493
INVSNP0013847,WH0009,PRD0087,2026-08-01,5301,1233,493
INVSNP0013848,WH0009,PRD0087,2026-09-01,3534,1233,493
INVSNP0013849,WH0009,PRD0110,2024-10-01,3668,788,315
INVSNP0013850,WH0009,PRD0110,2024-11-01,2780,788,315
INVSNP0013851,WH0009,PRD0110,2024-12-01,2457,788,315
INVSNP0013852,WH0009,PRD0110,2025-01-01,2813,788,315
INVSNP0013853,WH0009,PRD0110,2025-02-01,3729,788,315
INVSNP0013854,WH0009,PRD0110,2025-03-01,3027,788,315
INVSNP0013855,WH0009,PRD0110,2025-04-01,3196,788,315
INVSNP0013856,WH0009,PRD0110,2025-05-01,3714,788,315
INVSNP0013857,WH0009,PRD0110,2025-06-01,2785,788,315
INVSNP0013858,WH0009,PRD0110,2025-07-01,3761,788,315
INVSNP0013859,WH0009,PRD0110,2025-08-01,2958,788,315
INVSNP0013860,WH0009,PRD0110,2025-09-01,2338,788,315
INVSNP0013861,WH0009,PRD0110,2025-10-01,3107,788,315
INVSNP0013862,WH0009,PRD0110,2025-11-01,3825,788,315
INVSNP0013863,WH0009,PRD0110,2025-12-01,2859,788,315
INVSNP0013864,WH0009,PRD0110,2026-01-01,2769,788,315
INVSNP0013865,WH0009,PRD0110,2026-02-01,3261,788,315
INVSNP0013866,WH0009,PRD0110,2026-03-01,3131,788,315
INVSNP0013867,WH0009,PRD0110,2026-04-01,2536,788,315
INVSNP0013868,WH0009,PRD0110,2026-05-01,3566,788,315
INVSNP0013869,WH0009,PRD0110,2026-06-01,2828,788,315
INVSNP0013870,WH0009,PRD0110,2026-07-01,2291,788,315
INVSNP0013871,WH0009,PRD0110,2026-08-01,3038,788,315
INVSNP0013872,WH0009,PRD0110,2026-09-01,2563,788,315
INVSNP0013873,WH0009,PRD0067,2024-10-01,765,247,99
INVSNP0013874,WH0009,PRD0067,2024-11-01,875,247,99
INVSNP0013875,WH0009,PRD0067,2024-12-01,1148,247,99
INVSNP0013876,WH0009,PRD0067,2025-01-01,988,247,99
INVSNP0013877,WH0009,PRD0067,2025-02-01,993,247,99
INVSNP0013878,WH0009,PRD0067,2025-03-01,890,247,99
INVSNP0013879,WH0009,PRD0067,2025-04-01,982,247,99
INVSNP0013880,WH0009,PRD0067,2025-05-01,1116,247,99
INVSNP0013881,WH0009,PRD0067,2025-06-01,909,247,99
INVSNP0013882,WH0009,PRD0067,2025-07-01,1092,247,99
INVSNP0013883,WH0009,PRD0067,2025-08-01,1095,247,99
INVSNP0013884,WH0009,PRD0067,2025-09-01,973,247,99
INVSNP0013885,WH0009,PRD0067,2025-10-01,853,247,99
INVSNP0013886,WH0009,PRD0067,2025-11-01,882,247,99
INVSNP0013887,WH0009,PRD0067,2025-12-01,1236,247,99
INVSNP0013888,WH0009,PRD0067,2026-01-01,1087,247,99
INVSNP0013889,WH0009,PRD0067,2026-02-01,1195,247,99
INVSNP0013890,WH0009,PRD0067,2026-03-01,1083,247,99
INVSNP0013891,WH0009,PRD0067,2026-04-01,985,247,99
INVSNP0013892,WH0009,PRD0067,2026-05-01,1109,247,99
INVSNP0013893,WH0009,PRD0067,2026-06-01,550,247,99
INVSNP0013894,WH0009,PRD0067,2026-07-01,981,247,99
INVSNP0013895,WH0009,PRD0067,2026-08-01,933,247,99
INVSNP0013896,WH0009,PRD0067,2026-09-01,1242,247,99
INVSNP0013897,WH0009,PRD0085,2024-10-01,307,90,36
INVSNP0013898,WH0009,PRD0085,2024-11-01,372,90,36
INVSNP0013899,WH0009,PRD0085,2024-12-01,408,90,36
INVSNP0013900,WH0009,PRD0085,2025-01-01,421,90,36
INVSNP0013901,WH0009,PRD0085,2025-02-01,338,90,36
INVSNP0013902,WH0009,PRD0085,2025-03-01,400,90,36
INVSNP0013903,WH0009,PRD0085,2025-04-01,457,90,36
INVSNP0013904,WH0009,PRD0085,2025-05-01,320,90,36
INVSNP0013905,WH0009,PRD0085,2025-06-01,308,90,36
INVSNP0013906,WH0009,PRD0085,2025-07-01,360,90,36
INVSNP0013907,WH0009,PRD0085,2025-08-01,442,90,36
INVSNP0013908,WH0009,PRD0085,2025-09-01,361,90,36
INVSNP0013909,WH0009,PRD0085,2025-10-01,314,90,36
INVSNP0013910,WH0009,PRD0085,2025-11-01,400,90,36
INVSNP0013911,WH0009,PRD0085,2025-12-01,316,90,36
INVSNP0013912,WH0009,PRD0085,2026-01-01,325,90,36
INVSNP0013913,WH0009,PRD0085,2026-02-01,375,90,36
INVSNP0013914,WH0009,PRD0085,2026-03-01,349,90,36
INVSNP0013915,WH0009,PRD0085,2026-04-01,417,90,36
INVSNP0013916,WH0009,PRD0085,2026-05-01,447,90,36
INVSNP0013917,WH0009,PRD0085,2026-06-01,379,90,36
INVSNP0013918,WH0009,PRD0085,2026-07-01,394,90,36
INVSNP0013919,WH0009,PRD0085,2026-08-01,262,90,36
INVSNP0013920,WH0009,PRD0085,2026-09-01,454,90,36
INVSNP0013921,WH0009,PRD0078,2024-10-01,2032,487,194
INVSNP0013922,WH0009,PRD0078,2024-11-01,1442,487,194
INVSNP0013923,WH0009,PRD0078,2024-12-01,2594,487,194
INVSNP0013924,WH0009,PRD0078,2025-01-01,1950,487,194
INVSNP0013925,WH0009,PRD0078,2025-02-01,2296,487,194
INVSNP0013926,WH0009,PRD0078,2025-03-01,2315,487,194
INVSNP0013927,WH0009,PRD0078,2025-04-01,1891,487,194
INVSNP0013928,WH0009,PRD0078,2025-05-01,2220,487,194
INVSNP0013929,WH0009,PRD0078,2025-06-01,1880,487,194
INVSNP0013930,WH0009,PRD0078,2025-07-01,2317,487,194
INVSNP0013931,WH0009,PRD0078,2025-08-01,2049,487,194
INVSNP0013932,WH0009,PRD0078,2025-09-01,2586,487,194
INVSNP0013933,WH0009,PRD0078,2025-10-01,1819,487,194
INVSNP0013934,WH0009,PRD0078,2025-11-01,1603,487,194
INVSNP0013935,WH0009,PRD0078,2025-12-01,1795,487,194
INVSNP0013936,WH0009,PRD0078,2026-01-01,1747,487,194
INVSNP0013937,WH0009,PRD0078,2026-02-01,1984,487,194
INVSNP0013938,WH0009,PRD0078,2026-03-01,1988,487,194
INVSNP0013939,WH0009,PRD0078,2026-04-01,2302,487,194
INVSNP0013940,WH0009,PRD0078,2026-05-01,1956,487,194
INVSNP0013941,WH0009,PRD0078,2026-06-01,2165,487,194
INVSNP0013942,WH0009,PRD0078,2026-07-01,2086,487,194
INVSNP0013943,WH0009,PRD0078,2026-08-01,1977,487,194
INVSNP0013944,WH0009,PRD0078,2026-09-01,1611,487,194
INVSNP0013945,WH0009,PRD0102,2024-10-01,1554,439,175
INVSNP0013946,WH0009,PRD0102,2024-11-01,1790,439,175
INVSNP0013947,WH0009,PRD0102,2024-12-01,1930,439,175
INVSNP0013948,WH0009,PRD0102,2025-01-01,2113,439,175
INVSNP0013949,WH0009,PRD0102,2025-02-01,2010,439,175
INVSNP0013950,WH0009,PRD0102,2025-03-01,2411,439,175
INVSNP0013951,WH0009,PRD0102,2025-04-01,2125,439,175
INVSNP0013952,WH0009,PRD0102,2025-05-01,1958,439,175
INVSNP0013953,WH0009,PRD0102,2025-06-01,1570,439,175
INVSNP0013954,WH0009,PRD0102,2025-07-01,1838,439,175
INVSNP0013955,WH0009,PRD0102,2025-08-01,2018,439,175
INVSNP0013956,WH0009,PRD0102,2025-09-01,1801,439,175
INVSNP0013957,WH0009,PRD0102,2025-10-01,1309,439,175
INVSNP0013958,WH0009,PRD0102,2025-11-01,1447,439,175
INVSNP0013959,WH0009,PRD0102,2025-12-01,1399,439,175
INVSNP0013960,WH0009,PRD0102,2026-01-01,1970,439,175
INVSNP0013961,WH0009,PRD0102,2026-02-01,2045,439,175
INVSNP0013962,WH0009,PRD0102,2026-03-01,1701,439,175
INVSNP0013963,WH0009,PRD0102,2026-04-01,1694,439,175
INVSNP0013964,WH0009,PRD0102,2026-05-01,1618,439,175
INVSNP0013965,WH0009,PRD0102,2026-06-01,1524,439,175
INVSNP0013966,WH0009,PRD0102,2026-07-01,1594,439,175
INVSNP0013967,WH0009,PRD0102,2026-08-01,1626,439,175
INVSNP0013968,WH0009,PRD0102,2026-09-01,1911,439,175
INVSNP0013969,WH0009,PRD0125,2024-10-01,4371,863,345
INVSNP0013970,WH0009,PRD0125,2024-11-01,2963,863,345
INVSNP0013971,WH0009,PRD0125,2024-12-01,4243,863,345
INVSNP0013972,WH0009,PRD0125,2025-01-01,3695,863,345
INVSNP0013973,WH0009,PRD0125,2025-02-01,2561,863,345
INVSNP0013974,WH0009,PRD0125,2025-03-01,3347,863,345
INVSNP0013975,WH0009,PRD0125,2025-04-01,3197,863,345
INVSNP0013976,WH0009,PRD0125,2025-05-01,3429,863,345
INVSNP0013977,WH0009,PRD0125,2025-06-01,3989,863,345
INVSNP0013978,WH0009,PRD0125,2025-07-01,3163,863,345
INVSNP0013979,WH0009,PRD0125,2025-08-01,3054,863,345
INVSNP0013980,WH0009,PRD0125,2025-09-01,3522,863,345
INVSNP0013981,WH0009,PRD0125,2025-10-01,4484,863,345
INVSNP0013982,WH0009,PRD0125,2025-11-01,3816,863,345
INVSNP0013983,WH0009,PRD0125,2025-12-01,3495,863,345
INVSNP0013984,WH0009,PRD0125,2026-01-01,3233,863,345
INVSNP0013985,WH0009,PRD0125,2026-02-01,4175,863,345
INVSNP0013986,WH0009,PRD0125,2026-03-01,4303,863,345
INVSNP0013987,WH0009,PRD0125,2026-04-01,3465,863,345
INVSNP0013988,WH0009,PRD0125,2026-05-01,4080,863,345
INVSNP0013989,WH0009,PRD0125,2026-06-01,3838,863,345
INVSNP0013990,WH0009,PRD0125,2026-07-01,3752,863,345
INVSNP0013991,WH0009,PRD0125,2026-08-01,3445,863,345
INVSNP0013992,WH0009,PRD0125,2026-09-01,2355,863,345
INVSNP0013993,WH0009,PRD0014,2024-10-01,2642,703,281
INVSNP0013994,WH0009,PRD0014,2024-11-01,1776,703,281
INVSNP0013995,WH0009,PRD0014,2024-12-01,2982,703,281
INVSNP0013996,WH0009,PRD0014,2025-01-01,2710,703,281
INVSNP0013997,WH0009,PRD0014,2025-02-01,2725,703,281
INVSNP0013998,WH0009,PRD0014,2025-03-01,2214,703,281
INVSNP0013999,WH0009,PRD0014,2025-04-01,2644,703,281
INVSNP0014000,WH0009,PRD0014,2025-05-01,3039,703,281
INVSNP0014001,WH0009,PRD0014,2025-06-01,2406,703,281
INVSNP0014002,WH0009,PRD0014,2025-07-01,2489,703,281
INVSNP0014003,WH0009,PRD0014,2025-08-01,3491,703,281
INVSNP0014004,WH0009,PRD0014,2025-09-01,2172,703,281
INVSNP0014005,WH0009,PRD0014,2025-10-01,2365,703,281
INVSNP0014006,WH0009,PRD0014,2025-11-01,2007,703,281
INVSNP0014007,WH0009,PRD0014,2025-12-01,2494,703,281
INVSNP0014008,WH0009,PRD0014,2026-01-01,2833,703,281
INVSNP0014009,WH0009,PRD0014,2026-02-01,3539,703,281
INVSNP0014010,WH0009,PRD0014,2026-03-01,2077,703,281
INVSNP0014011,WH0009,PRD0014,2026-04-01,2118,703,281
INVSNP0014012,WH0009,PRD0014,2026-05-01,3246,703,281
INVSNP0014013,WH0009,PRD0014,2026-06-01,2515,703,281
INVSNP0014014,WH0009,PRD0014,2026-07-01,2407,703,281
INVSNP0014015,WH0009,PRD0014,2026-08-01,2587,703,281
INVSNP0014016,WH0009,PRD0014,2026-09-01,2105,703,281
INVSNP0014017,WH0009,PRD0051,2024-10-01,1747,385,154
INVSNP0014018,WH0009,PRD0051,2024-11-01,1489,385,154
INVSNP0014019,WH0009,PRD0051,2024-12-01,1989,385,154
INVSNP0014020,WH0009,PRD0051,2025-01-01,1617,385,154
INVSNP0014021,WH0009,PRD0051,2025-02-01,1273,385,154
INVSNP0014022,WH0009,PRD0051,2025-03-01,1793,385,154
INVSNP0014023,WH0009,PRD0051,2025-04-01,1267,385,154
INVSNP0014024,WH0009,PRD0051,2025-05-01,1659,385,154
INVSNP0014025,WH0009,PRD0051,2025-06-01,1389,385,154
INVSNP0014026,WH0009,PRD0051,2025-07-01,1454,385,154
INVSNP0014027,WH0009,PRD0051,2025-08-01,1681,385,154
INVSNP0014028,WH0009,PRD0051,2025-09-01,1477,385,154
INVSNP0014029,WH0009,PRD0051,2025-10-01,1495,385,154
INVSNP0014030,WH0009,PRD0051,2025-11-01,1916,385,154
INVSNP0014031,WH0009,PRD0051,2025-12-01,1448,385,154
INVSNP0014032,WH0009,PRD0051,2026-01-01,1989,385,154
INVSNP0014033,WH0009,PRD0051,2026-02-01,1402,385,154
INVSNP0014034,WH0009,PRD0051,2026-03-01,1675,385,154
INVSNP0014035,WH0009,PRD0051,2026-04-01,1592,385,154
INVSNP0014036,WH0009,PRD0051,2026-05-01,1701,385,154
INVSNP0014037,WH0009,PRD0051,2026-06-01,1289,385,154
INVSNP0014038,WH0009,PRD0051,2026-07-01,1688,385,154
INVSNP0014039,WH0009,PRD0051,2026-08-01,1691,385,154
INVSNP0014040,WH0009,PRD0051,2026-09-01,1789,385,154
INVSNP0014041,WH0009,PRD0002,2024-10-01,694,136,54
INVSNP0014042,WH0009,PRD0002,2024-11-01,535,136,54
INVSNP0014043,WH0009,PRD0002,2024-12-01,548,136,54
INVSNP0014044,WH0009,PRD0002,2025-01-01,502,136,54
INVSNP0014045,WH0009,PRD0002,2025-02-01,644,136,54
INVSNP0014046,WH0009,PRD0002,2025-03-01,483,136,54
INVSNP0014047,WH0009,PRD0002,2025-04-01,565,136,54
INVSNP0014048,WH0009,PRD0002,2025-05-01,516,136,54
INVSNP0014049,WH0009,PRD0002,2025-06-01,510,136,54
INVSNP0014050,WH0009,PRD0002,2025-07-01,674,136,54
INVSNP0014051,WH0009,PRD0002,2025-08-01,360,136,54
INVSNP0014052,WH0009,PRD0002,2025-09-01,686,136,54
INVSNP0014053,WH0009,PRD0002,2025-10-01,602,136,54
INVSNP0014054,WH0009,PRD0002,2025-11-01,522,136,54
INVSNP0014055,WH0009,PRD0002,2025-12-01,498,136,54
INVSNP0014056,WH0009,PRD0002,2026-01-01,621,136,54
INVSNP0014057,WH0009,PRD0002,2026-02-01,435,136,54
INVSNP0014058,WH0009,PRD0002,2026-03-01,712,136,54
INVSNP0014059,WH0009,PRD0002,2026-04-01,355,136,54
INVSNP0014060,WH0009,PRD0002,2026-05-01,700,136,54
INVSNP0014061,WH0009,PRD0002,2026-06-01,586,136,54
INVSNP0014062,WH0009,PRD0002,2026-07-01,679,136,54
INVSNP0014063,WH0009,PRD0002,2026-08-01,488,136,54
INVSNP0014064,WH0009,PRD0002,2026-09-01,585,136,54
INVSNP0014065,WH0009,PRD0101,2024-10-01,2768,605,242
INVSNP0014066,WH0009,PRD0101,2024-11-01,2762,605,242
INVSNP0014067,WH0009,PRD0101,2024-12-01,1914,605,242
INVSNP0014068,WH0009,PRD0101,2025-01-01,2308,605,242
INVSNP0014069,WH0009,PRD0101,2025-02-01,1569,605,242
INVSNP0014070,WH0009,PRD0101,2025-03-01,2314,605,242
INVSNP0014071,WH0009,PRD0101,2025-04-01,2702,605,242
INVSNP0014072,WH0009,PRD0101,2025-05-01,1952,605,242
INVSNP0014073,WH0009,PRD0101,2025-06-01,2384,605,242
INVSNP0014074,WH0009,PRD0101,2025-07-01,2529,605,242
INVSNP0014075,WH0009,PRD0101,2025-08-01,2371,605,242
INVSNP0014076,WH0009,PRD0101,2025-09-01,1799,605,242
INVSNP0014077,WH0009,PRD0101,2025-10-01,2058,605,242
INVSNP0014078,WH0009,PRD0101,2025-11-01,1876,605,242
INVSNP0014079,WH0009,PRD0101,2025-12-01,2337,605,242
INVSNP0014080,WH0009,PRD0101,2026-01-01,2396,605,242
INVSNP0014081,WH0009,PRD0101,2026-02-01,2700,605,242
INVSNP0014082,WH0009,PRD0101,2026-03-01,2322,605,242
INVSNP0014083,WH0009,PRD0101,2026-04-01,2699,605,242
INVSNP0014084,WH0009,PRD0101,2026-05-01,2173,605,242
INVSNP0014085,WH0009,PRD0101,2026-06-01,3229,605,242
INVSNP0014086,WH0009,PRD0101,2026-07-01,2689,605,242
INVSNP0014087,WH0009,PRD0101,2026-08-01,2160,605,242
INVSNP0014088,WH0009,PRD0101,2026-09-01,1855,605,242
INVSNP0014089,WH0009,PRD0059,2024-10-01,446,109,43
INVSNP0014090,WH0009,PRD0059,2024-11-01,467,109,43
INVSNP0014091,WH0009,PRD0059,2024-12-01,392,109,43
INVSNP0014092,WH0009,PRD0059,2025-01-01,442,109,43
INVSNP0014093,WH0009,PRD0059,2025-02-01,432,109,43
INVSNP0014094,WH0009,PRD0059,2025-03-01,433,109,43
INVSNP0014095,WH0009,PRD0059,2025-04-01,378,109,43
INVSNP0014096,WH0009,PRD0059,2025-05-01,369,109,43
INVSNP0014097,WH0009,PRD0059,2025-06-01,374,109,43
INVSNP0014098,WH0009,PRD0059,2025-07-01,541,109,43
INVSNP0014099,WH0009,PRD0059,2025-08-01,461,109,43
INVSNP0014100,WH0009,PRD0059,2025-09-01,435,109,43
INVSNP0014101,WH0009,PRD0059,2025-10-01,421,109,43
INVSNP0014102,WH0009,PRD0059,2025-11-01,480,109,43
INVSNP0014103,WH0009,PRD0059,2025-12-01,497,109,43
INVSNP0014104,WH0009,PRD0059,2026-01-01,541,109,43
INVSNP0014105,WH0009,PRD0059,2026-02-01,292,109,43
INVSNP0014106,WH0009,PRD0059,2026-03-01,549,109,43
INVSNP0014107,WH0009,PRD0059,2026-04-01,286,109,43
INVSNP0014108,WH0009,PRD0059,2026-05-01,430,109,43
INVSNP0014109,WH0009,PRD0059,2026-06-01,466,109,43
INVSNP0014110,WH0009,PRD0059,2026-07-01,413,109,43
INVSNP0014111,WH0009,PRD0059,2026-08-01,423,109,43
INVSNP0014112,WH0009,PRD0059,2026-09-01,465,109,43
INVSNP0014113,WH0009,PRD0130,2024-10-01,284,58,23
INVSNP0014114,WH0009,PRD0130,2024-11-01,246,58,23
INVSNP0014115,WH0009,PRD0130,2024-12-01,267,58,23
INVSNP0014116,WH0009,PRD0130,2025-01-01,236,58,23
INVSNP0014117,WH0009,PRD0130,2025-02-01,231,58,23
INVSNP0014118,WH0009,PRD0130,2025-03-01,274,58,23
INVSNP0014119,WH0009,PRD0130,2025-04-01,197,58,23
INVSNP0014120,WH0009,PRD0130,2025-05-01,230,58,23
INVSNP0014121,WH0009,PRD0130,2025-06-01,194,58,23
INVSNP0014122,WH0009,PRD0130,2025-07-01,198,58,23
INVSNP0014123,WH0009,PRD0130,2025-08-01,212,58,23
INVSNP0014124,WH0009,PRD0130,2025-09-01,176,58,23
INVSNP0014125,WH0009,PRD0130,2025-10-01,226,58,23
INVSNP0014126,WH0009,PRD0130,2025-11-01,199,58,23
INVSNP0014127,WH0009,PRD0130,2025-12-01,215,58,23
INVSNP0014128,WH0009,PRD0130,2026-01-01,215,58,23
INVSNP0014129,WH0009,PRD0130,2026-02-01,207,58,23
INVSNP0014130,WH0009,PRD0130,2026-03-01,265,58,23
INVSNP0014131,WH0009,PRD0130,2026-04-01,252,58,23
INVSNP0014132,WH0009,PRD0130,2026-05-01,255,58,23
INVSNP0014133,WH0009,PRD0130,2026-06-01,233,58,23
INVSNP0014134,WH0009,PRD0130,2026-07-01,266,58,23
INVSNP0014135,WH0009,PRD0130,2026-08-01,222,58,23
INVSNP0014136,WH0009,PRD0130,2026-09-01,260,58,23
INVSNP0014137,WH0009,PRD0019,2024-10-01,3887,966,386
INVSNP0014138,WH0009,PRD0019,2024-11-01,4013,966,386
INVSNP0014139,WH0009,PRD0019,2024-12-01,3817,966,386
INVSNP0014140,WH0009,PRD0019,2025-01-01,5023,966,386
INVSNP0014141,WH0009,PRD0019,2025-02-01,3890,966,386
INVSNP0014142,WH0009,PRD0019,2025-03-01,2964,966,386
INVSNP0014143,WH0009,PRD0019,2025-04-01,4036,966,386
INVSNP0014144,WH0009,PRD0019,2025-05-01,3245,966,386
INVSNP0014145,WH0009,PRD0019,2025-06-01,3486,966,386
INVSNP0014146,WH0009,PRD0019,2025-07-01,4863,966,386
INVSNP0014147,WH0009,PRD0019,2025-08-01,4019,966,386
INVSNP0014148,WH0009,PRD0019,2025-09-01,3266,966,386
INVSNP0014149,WH0009,PRD0019,2025-10-01,3556,966,386
INVSNP0014150,WH0009,PRD0019,2025-11-01,4481,966,386
INVSNP0014151,WH0009,PRD0019,2025-12-01,4134,966,386
INVSNP0014152,WH0009,PRD0019,2026-01-01,3391,966,386
INVSNP0014153,WH0009,PRD0019,2026-02-01,3978,966,386
INVSNP0014154,WH0009,PRD0019,2026-03-01,4699,966,386
INVSNP0014155,WH0009,PRD0019,2026-04-01,4770,966,386
INVSNP0014156,WH0009,PRD0019,2026-05-01,4476,966,386
INVSNP0014157,WH0009,PRD0019,2026-06-01,4685,966,386
INVSNP0014158,WH0009,PRD0019,2026-07-01,4756,966,386
INVSNP0014159,WH0009,PRD0019,2026-08-01,3897,966,386
INVSNP0014160,WH0009,PRD0019,2026-09-01,2792,966,386
INVSNP0014161,WH0009,PRD0140,2024-10-01,3594,691,276
INVSNP0014162,WH0009,PRD0140,2024-11-01,2810,691,276
INVSNP0014163,WH0009,PRD0140,2024-12-01,3502,691,276
INVSNP0014164,WH0009,PRD0140,2025-01-01,2740,691,276
INVSNP0014165,WH0009,PRD0140,2025-02-01,2862,691,276
INVSNP0014166,WH0009,PRD0140,2025-03-01,2432,691,276
INVSNP0014167,WH0009,PRD0140,2025-04-01,2827,691,276
INVSNP0014168,WH0009,PRD0140,2025-05-01,3103,691,276
INVSNP0014169,WH0009,PRD0140,2025-06-01,2835,691,276
INVSNP0014170,WH0009,PRD0140,2025-07-01,2764,691,276
INVSNP0014171,WH0009,PRD0140,2025-08-01,3012,691,276
INVSNP0014172,WH0009,PRD0140,2025-09-01,2782,691,276
INVSNP0014173,WH0009,PRD0140,2025-10-01,2874,691,276
INVSNP0014174,WH0009,PRD0140,2025-11-01,2709,691,276
INVSNP0014175,WH0009,PRD0140,2025-12-01,3237,691,276
INVSNP0014176,WH0009,PRD0140,2026-01-01,2853,691,276
INVSNP0014177,WH0009,PRD0140,2026-02-01,3158,691,276
INVSNP0014178,WH0009,PRD0140,2026-03-01,2998,691,276
INVSNP0014179,WH0009,PRD0140,2026-04-01,2392,691,276
INVSNP0014180,WH0009,PRD0140,2026-05-01,2069,691,276
INVSNP0014181,WH0009,PRD0140,2026-06-01,2606,691,276
INVSNP0014182,WH0009,PRD0140,2026-07-01,2940,691,276
INVSNP0014183,WH0009,PRD0140,2026-08-01,3238,691,276
INVSNP0014184,WH0009,PRD0140,2026-09-01,2485,691,276
INVSNP0014185,WH0009,PRD0089,2024-10-01,1349,376,150
INVSNP0014186,WH0009,PRD0089,2024-11-01,1316,376,150
INVSNP0014187,WH0009,PRD0089,2024-12-01,1765,376,150
INVSNP0014188,WH0009,PRD0089,2025-01-01,1508,376,150
INVSNP0014189,WH0009,PRD0089,2025-02-01,1720,376,150
INVSNP0014190,WH0009,PRD0089,2025-03-01,1336,376,150
INVSNP0014191,WH0009,PRD0089,2025-04-01,1981,376,150
INVSNP0014192,WH0009,PRD0089,2025-05-01,1364,376,150
INVSNP0014193,WH0009,PRD0089,2025-06-01,1647,376,150
INVSNP0014194,WH0009,PRD0089,2025-07-01,1146,376,150
INVSNP0014195,WH0009,PRD0089,2025-08-01,1480,376,150
INVSNP0014196,WH0009,PRD0089,2025-09-01,1689,376,150
INVSNP0014197,WH0009,PRD0089,2025-10-01,1382,376,150
INVSNP0014198,WH0009,PRD0089,2025-11-01,1385,376,150
INVSNP0014199,WH0009,PRD0089,2025-12-01,1564,376,150
INVSNP0014200,WH0009,PRD0089,2026-01-01,1630,376,150
INVSNP0014201,WH0009,PRD0089,2026-02-01,1613,376,150
INVSNP0014202,WH0009,PRD0089,2026-03-01,1292,376,150
INVSNP0014203,WH0009,PRD0089,2026-04-01,1459,376,150
INVSNP0014204,WH0009,PRD0089,2026-05-01,1810,376,150
INVSNP0014205,WH0009,PRD0089,2026-06-01,1271,376,150
INVSNP0014206,WH0009,PRD0089,2026-07-01,1401,376,150
INVSNP0014207,WH0009,PRD0089,2026-08-01,1425,376,150
INVSNP0014208,WH0009,PRD0089,2026-09-01,1703,376,150
INVSNP0014209,WH0009,PRD0064,2024-10-01,424,90,36
INVSNP0014210,WH0009,PRD0064,2024-11-01,399,90,36
INVSNP0014211,WH0009,PRD0064,2024-12-01,355,90,36
INVSNP0014212,WH0009,PRD0064,2025-01-01,270,90,36
INVSNP0014213,WH0009,PRD0064,2025-02-01,388,90,36
INVSNP0014214,WH0009,PRD0064,2025-03-01,326,90,36
INVSNP0014215,WH0009,PRD0064,2025-04-01,446,90,36
INVSNP0014216,WH0009,PRD0064,2025-05-01,396,90,36
INVSNP0014217,WH0009,PRD0064,2025-06-01,348,90,36
INVSNP0014218,WH0009,PRD0064,2025-07-01,371,90,36
INVSNP0014219,WH0009,PRD0064,2025-08-01,386,90,36
INVSNP0014220,WH0009,PRD0064,2025-09-01,392,90,36
INVSNP0014221,WH0009,PRD0064,2025-10-01,356,90,36
INVSNP0014222,WH0009,PRD0064,2025-11-01,267,90,36
INVSNP0014223,WH0009,PRD0064,2025-12-01,395,90,36
INVSNP0014224,WH0009,PRD0064,2026-01-01,355,90,36
INVSNP0014225,WH0009,PRD0064,2026-02-01,377,90,36
INVSNP0014226,WH0009,PRD0064,2026-03-01,416,90,36
INVSNP0014227,WH0009,PRD0064,2026-04-01,417,90,36
INVSNP0014228,WH0009,PRD0064,2026-05-01,379,90,36
INVSNP0014229,WH0009,PRD0064,2026-06-01,269,90,36
INVSNP0014230,WH0009,PRD0064,2026-07-01,519,90,36
INVSNP0014231,WH0009,PRD0064,2026-08-01,329,90,36
INVSNP0014232,WH0009,PRD0064,2026-09-01,306,90,36
INVSNP0014233,WH0009,PRD0145,2024-10-01,2278,865,346
INVSNP0014234,WH0009,PRD0145,2024-11-01,3080,865,346
INVSNP0014235,WH0009,PRD0145,2024-12-01,3684,865,346
INVSNP0014236,WH0009,PRD0145,2025-01-01,2984,865,346
INVSNP0014237,WH0009,PRD0145,2025-02-01,3664,865,346
INVSNP0014238,WH0009,PRD0145,2025-03-01,3345,865,346
INVSNP0014239,WH0009,PRD0145,2025-04-01,3021,865,346
INVSNP0014240,WH0009,PRD0145,2025-05-01,3375,865,346
INVSNP0014241,WH0009,PRD0145,2025-06-01,2909,865,346
INVSNP0014242,WH0009,PRD0145,2025-07-01,3275,865,346
INVSNP0014243,WH0009,PRD0145,2025-08-01,3303,865,346
INVSNP0014244,WH0009,PRD0145,2025-09-01,3008,865,346
INVSNP0014245,WH0009,PRD0145,2025-10-01,4697,865,346
INVSNP0014246,WH0009,PRD0145,2025-11-01,4073,865,346
INVSNP0014247,WH0009,PRD0145,2025-12-01,3495,865,346
INVSNP0014248,WH0009,PRD0145,2026-01-01,2805,865,346
INVSNP0014249,WH0009,PRD0145,2026-02-01,4664,865,346
INVSNP0014250,WH0009,PRD0145,2026-03-01,2821,865,346
INVSNP0014251,WH0009,PRD0145,2026-04-01,2661,865,346
INVSNP0014252,WH0009,PRD0145,2026-05-01,3008,865,346
INVSNP0014253,WH0009,PRD0145,2026-06-01,2756,865,346
INVSNP0014254,WH0009,PRD0145,2026-07-01,3627,865,346
INVSNP0014255,WH0009,PRD0145,2026-08-01,3591,865,346
INVSNP0014256,WH0009,PRD0145,2026-09-01,3542,865,346
INVSNP0014257,WH0009,PRD0082,2024-10-01,4417,1133,453
INVSNP0014258,WH0009,PRD0082,2024-11-01,3475,1133,453
INVSNP0014259,WH0009,PRD0082,2024-12-01,3495,1133,453
INVSNP0014260,WH0009,PRD0082,2025-01-01,4628,1133,453
INVSNP0014261,WH0009,PRD0082,2025-02-01,4215,1133,453
INVSNP0014262,WH0009,PRD0082,2025-03-01,5439,1133,453
INVSNP0014263,WH0009,PRD0082,2025-04-01,4705,1133,453
INVSNP0014264,WH0009,PRD0082,2025-05-01,4172,1133,453
INVSNP0014265,WH0009,PRD0082,2025-06-01,3772,1133,453
INVSNP0014266,WH0009,PRD0082,2025-07-01,5001,1133,453
INVSNP0014267,WH0009,PRD0082,2025-08-01,5295,1133,453
INVSNP0014268,WH0009,PRD0082,2025-09-01,3845,1133,453
INVSNP0014269,WH0009,PRD0082,2025-10-01,4357,1133,453
INVSNP0014270,WH0009,PRD0082,2025-11-01,5994,1133,453
INVSNP0014271,WH0009,PRD0082,2025-12-01,4942,1133,453
INVSNP0014272,WH0009,PRD0082,2026-01-01,5170,1133,453
INVSNP0014273,WH0009,PRD0082,2026-02-01,4625,1133,453
INVSNP0014274,WH0009,PRD0082,2026-03-01,4291,1133,453
INVSNP0014275,WH0009,PRD0082,2026-04-01,4393,1133,453
INVSNP0014276,WH0009,PRD0082,2026-05-01,4427,1133,453
INVSNP0014277,WH0009,PRD0082,2026-06-01,3716,1133,453
INVSNP0014278,WH0009,PRD0082,2026-07-01,4435,1133,453
INVSNP0014279,WH0009,PRD0082,2026-08-01,4322,1133,453
INVSNP0014280,WH0009,PRD0082,2026-09-01,4964,1133,453
INVSNP0014281,WH0009,PRD0037,2024-10-01,4045,1091,436
INVSNP0014282,WH0009,PRD0037,2024-11-01,5202,1091,436
INVSNP0014283,WH0009,PRD0037,2024-12-01,4078,1091,436
INVSNP0014284,WH0009,PRD0037,2025-01-01,4938,1091,436
INVSNP0014285,WH0009,PRD0037,2025-02-01,5727,1091,436
INVSNP0014286,WH0009,PRD0037,2025-03-01,3456,1091,436
INVSNP0014287,WH0009,PRD0037,2025-04-01,4542,1091,436
INVSNP0014288,WH0009,PRD0037,2025-05-01,4559,1091,436
INVSNP0014289,WH0009,PRD0037,2025-06-01,4611,1091,436
INVSNP0014290,WH0009,PRD0037,2025-07-01,4397,1091,436
INVSNP0014291,WH0009,PRD0037,2025-08-01,5065,1091,436
INVSNP0014292,WH0009,PRD0037,2025-09-01,4659,1091,436
INVSNP0014293,WH0009,PRD0037,2025-10-01,4639,1091,436
INVSNP0014294,WH0009,PRD0037,2025-11-01,3735,1091,436
INVSNP0014295,WH0009,PRD0037,2025-12-01,5182,1091,436
INVSNP0014296,WH0009,PRD0037,2026-01-01,4668,1091,436
INVSNP0014297,WH0009,PRD0037,2026-02-01,4220,1091,436
INVSNP0014298,WH0009,PRD0037,2026-03-01,4828,1091,436
INVSNP0014299,WH0009,PRD0037,2026-04-01,5436,1091,436
INVSNP0014300,WH0009,PRD0037,2026-05-01,4864,1091,436
INVSNP0014301,WH0009,PRD0037,2026-06-01,4199,1091,436
INVSNP0014302,WH0009,PRD0037,2026-07-01,3734,1091,436
INVSNP0014303,WH0009,PRD0037,2026-08-01,4113,1091,436
INVSNP0014304,WH0009,PRD0037,2026-09-01,4710,1091,436
INVSNP0014305,WH0009,PRD0077,2024-10-01,306,76,30
INVSNP0014306,WH0009,PRD0077,2024-11-01,340,76,30
INVSNP0014307,WH0009,PRD0077,2024-12-01,304,76,30
INVSNP0014308,WH0009,PRD0077,2025-01-01,237,76,30
INVSNP0014309,WH0009,PRD0077,2025-02-01,253,76,30
INVSNP0014310,WH0009,PRD0077,2025-03-01,307,76,30
INVSNP0014311,WH0009,PRD0077,2025-04-01,280,76,30
INVSNP0014312,WH0009,PRD0077,2025-05-01,307,76,30
INVSNP0014313,WH0009,PRD0077,2025-06-01,239,76,30
INVSNP0014314,WH0009,PRD0077,2025-07-01,319,76,30
INVSNP0014315,WH0009,PRD0077,2025-08-01,223,76,30
INVSNP0014316,WH0009,PRD0077,2025-09-01,300,76,30
INVSNP0014317,WH0009,PRD0077,2025-10-01,300,76,30
INVSNP0014318,WH0009,PRD0077,2025-11-01,302,76,30
INVSNP0014319,WH0009,PRD0077,2025-12-01,213,76,30
INVSNP0014320,WH0009,PRD0077,2026-01-01,329,76,30
INVSNP0014321,WH0009,PRD0077,2026-02-01,300,76,30
INVSNP0014322,WH0009,PRD0077,2026-03-01,325,76,30
INVSNP0014323,WH0009,PRD0077,2026-04-01,373,76,30
INVSNP0014324,WH0009,PRD0077,2026-05-01,437,76,30
INVSNP0014325,WH0009,PRD0077,2026-06-01,294,76,30
INVSNP0014326,WH0009,PRD0077,2026-07-01,365,76,30
INVSNP0014327,WH0009,PRD0077,2026-08-01,291,76,30
INVSNP0014328,WH0009,PRD0077,2026-09-01,420,76,30
INVSNP0014329,WH0009,PRD0005,2024-10-01,1737,448,179
INVSNP0014330,WH0009,PRD0005,2024-11-01,1680,448,179
INVSNP0014331,WH0009,PRD0005,2024-12-01,1974,448,179
INVSNP0014332,WH0009,PRD0005,2025-01-01,1627,448,179
INVSNP0014333,WH0009,PRD0005,2025-02-01,1885,448,179
INVSNP0014334,WH0009,PRD0005,2025-03-01,1519,448,179
INVSNP0014335,WH0009,PRD0005,2025-04-01,2148,448,179
INVSNP0014336,WH0009,PRD0005,2025-05-01,2484,448,179
INVSNP0014337,WH0009,PRD0005,2025-06-01,1915,448,179
INVSNP0014338,WH0009,PRD0005,2025-07-01,2065,448,179
INVSNP0014339,WH0009,PRD0005,2025-08-01,2116,448,179
INVSNP0014340,WH0009,PRD0005,2025-09-01,1437,448,179
INVSNP0014341,WH0009,PRD0005,2025-10-01,2097,448,179
INVSNP0014342,WH0009,PRD0005,2025-11-01,2051,448,179
INVSNP0014343,WH0009,PRD0005,2025-12-01,1653,448,179
INVSNP0014344,WH0009,PRD0005,2026-01-01,1691,448,179
INVSNP0014345,WH0009,PRD0005,2026-02-01,1743,448,179
INVSNP0014346,WH0009,PRD0005,2026-03-01,1682,448,179
INVSNP0014347,WH0009,PRD0005,2026-04-01,1707,448,179
INVSNP0014348,WH0009,PRD0005,2026-05-01,1141,448,179
INVSNP0014349,WH0009,PRD0005,2026-06-01,1712,448,179
INVSNP0014350,WH0009,PRD0005,2026-07-01,1702,448,179
INVSNP0014351,WH0009,PRD0005,2026-08-01,2192,448,179
INVSNP0014352,WH0009,PRD0005,2026-09-01,1861,448,179
INVSNP0014353,WH0009,PRD0083,2024-10-01,4153,1039,415
INVSNP0014354,WH0009,PRD0083,2024-11-01,2198,1039,415
INVSNP0014355,WH0009,PRD0083,2024-12-01,3871,1039,415
INVSNP0014356,WH0009,PRD0083,2025-01-01,3406,1039,415
INVSNP0014357,WH0009,PRD0083,2025-02-01,4092,1039,415
INVSNP0014358,WH0009,PRD0083,2025-03-01,3911,1039,415
INVSNP0014359,WH0009,PRD0083,2025-04-01,5015,1039,415
INVSNP0014360,WH0009,PRD0083,2025-05-01,3837,1039,415
INVSNP0014361,WH0009,PRD0083,2025-06-01,3179,1039,415
INVSNP0014362,WH0009,PRD0083,2025-07-01,5335,1039,415
INVSNP0014363,WH0009,PRD0083,2025-08-01,4061,1039,415
INVSNP0014364,WH0009,PRD0083,2025-09-01,3431,1039,415
INVSNP0014365,WH0009,PRD0083,2025-10-01,5086,1039,415
INVSNP0014366,WH0009,PRD0083,2025-11-01,5243,1039,415
INVSNP0014367,WH0009,PRD0083,2025-12-01,4242,1039,415
INVSNP0014368,WH0009,PRD0083,2026-01-01,3791,1039,415
INVSNP0014369,WH0009,PRD0083,2026-02-01,3648,1039,415
INVSNP0014370,WH0009,PRD0083,2026-03-01,3665,1039,415
INVSNP0014371,WH0009,PRD0083,2026-04-01,5442,1039,415
INVSNP0014372,WH0009,PRD0083,2026-05-01,4147,1039,415
INVSNP0014373,WH0009,PRD0083,2026-06-01,3869,1039,415
INVSNP0014374,WH0009,PRD0083,2026-07-01,4204,1039,415
INVSNP0014375,WH0009,PRD0083,2026-08-01,3609,1039,415
INVSNP0014376,WH0009,PRD0083,2026-09-01,4780,1039,415
INVSNP0014377,WH0009,PRD0127,2024-10-01,2138,521,208
INVSNP0014378,WH0009,PRD0127,2024-11-01,2357,521,208
INVSNP0014379,WH0009,PRD0127,2024-12-01,2089,521,208
INVSNP0014380,WH0009,PRD0127,2025-01-01,2104,521,208
INVSNP0014381,WH0009,PRD0127,2025-02-01,2321,521,208
INVSNP0014382,WH0009,PRD0127,2025-03-01,1763,521,208
INVSNP0014383,WH0009,PRD0127,2025-04-01,2018,521,208
INVSNP0014384,WH0009,PRD0127,2025-05-01,1939,521,208
INVSNP0014385,WH0009,PRD0127,2025-06-01,1993,521,208
INVSNP0014386,WH0009,PRD0127,2025-07-01,2260,521,208
INVSNP0014387,WH0009,PRD0127,2025-08-01,2077,521,208
INVSNP0014388,WH0009,PRD0127,2025-09-01,1945,521,208
INVSNP0014389,WH0009,PRD0127,2025-10-01,2699,521,208
INVSNP0014390,WH0009,PRD0127,2025-11-01,2152,521,208
INVSNP0014391,WH0009,PRD0127,2025-12-01,1555,521,208
INVSNP0014392,WH0009,PRD0127,2026-01-01,2058,521,208
INVSNP0014393,WH0009,PRD0127,2026-02-01,2089,521,208
INVSNP0014394,WH0009,PRD0127,2026-03-01,2177,521,208
INVSNP0014395,WH0009,PRD0127,2026-04-01,2050,521,208
INVSNP0014396,WH0009,PRD0127,2026-05-01,1409,521,208
INVSNP0014397,WH0009,PRD0127,2026-06-01,1867,521,208
INVSNP0014398,WH0009,PRD0127,2026-07-01,1990,521,208
INVSNP0014399,WH0009,PRD0127,2026-08-01,2226,521,208
INVSNP0014400,WH0009,PRD0127,2026-09-01,1896,521,208
INVSNP0014401,WH0009,PRD0065,2024-10-01,4362,1017,406
INVSNP0014402,WH0009,PRD0065,2024-11-01,3751,1017,406
INVSNP0014403,WH0009,PRD0065,2024-12-01,4766,1017,406
INVSNP0014404,WH0009,PRD0065,2025-01-01,5052,1017,406
INVSNP0014405,WH0009,PRD0065,2025-02-01,3618,1017,406
INVSNP0014406,WH0009,PRD0065,2025-03-01,5357,1017,406
INVSNP0014407,WH0009,PRD0065,2025-04-01,3753,1017,406
INVSNP0014408,WH0009,PRD0065,2025-05-01,2569,1017,406
INVSNP0014409,WH0009,PRD0065,2025-06-01,3091,1017,406
INVSNP0014410,WH0009,PRD0065,2025-07-01,4265,1017,406
INVSNP0014411,WH0009,PRD0065,2025-08-01,3540,1017,406
INVSNP0014412,WH0009,PRD0065,2025-09-01,4162,1017,406
INVSNP0014413,WH0009,PRD0065,2025-10-01,5702,1017,406
INVSNP0014414,WH0009,PRD0065,2025-11-01,4311,1017,406
INVSNP0014415,WH0009,PRD0065,2025-12-01,4001,1017,406
INVSNP0014416,WH0009,PRD0065,2026-01-01,5237,1017,406
INVSNP0014417,WH0009,PRD0065,2026-02-01,3375,1017,406
INVSNP0014418,WH0009,PRD0065,2026-03-01,3020,1017,406
INVSNP0014419,WH0009,PRD0065,2026-04-01,3960,1017,406
INVSNP0014420,WH0009,PRD0065,2026-05-01,3444,1017,406
INVSNP0014421,WH0009,PRD0065,2026-06-01,3875,1017,406
INVSNP0014422,WH0009,PRD0065,2026-07-01,3853,1017,406
INVSNP0014423,WH0009,PRD0065,2026-08-01,4334,1017,406
INVSNP0014424,WH0009,PRD0065,2026-09-01,4506,1017,406
INVSNP0014425,WH0009,PRD0016,2024-10-01,1785,557,223
INVSNP0014426,WH0009,PRD0016,2024-11-01,1532,557,223
INVSNP0014427,WH0009,PRD0016,2024-12-01,1399,557,223
INVSNP0014428,WH0009,PRD0016,2025-01-01,2325,557,223
INVSNP0014429,WH0009,PRD0016,2025-02-01,2247,557,223
INVSNP0014430,WH0009,PRD0016,2025-03-01,2225,557,223
INVSNP0014431,WH0009,PRD0016,2025-04-01,2122,557,223
INVSNP0014432,WH0009,PRD0016,2025-05-01,1556,557,223
INVSNP0014433,WH0009,PRD0016,2025-06-01,1984,557,223
INVSNP0014434,WH0009,PRD0016,2025-07-01,2128,557,223
INVSNP0014435,WH0009,PRD0016,2025-08-01,2415,557,223
INVSNP0014436,WH0009,PRD0016,2025-09-01,2744,557,223
INVSNP0014437,WH0009,PRD0016,2025-10-01,2349,557,223
INVSNP0014438,WH0009,PRD0016,2025-11-01,1766,557,223
INVSNP0014439,WH0009,PRD0016,2025-12-01,2439,557,223
INVSNP0014440,WH0009,PRD0016,2026-01-01,2939,557,223
INVSNP0014441,WH0009,PRD0016,2026-02-01,2300,557,223
INVSNP0014442,WH0009,PRD0016,2026-03-01,1838,557,223
INVSNP0014443,WH0009,PRD0016,2026-04-01,2505,557,223
INVSNP0014444,WH0009,PRD0016,2026-05-01,2122,557,223
INVSNP0014445,WH0009,PRD0016,2026-06-01,2282,557,223
INVSNP0014446,WH0009,PRD0016,2026-07-01,2145,557,223
INVSNP0014447,WH0009,PRD0016,2026-08-01,2329,557,223
INVSNP0014448,WH0009,PRD0016,2026-09-01,2561,557,223
INVSNP0014449,WH0009,PRD0036,2024-10-01,2327,563,225
INVSNP0014450,WH0009,PRD0036,2024-11-01,2334,563,225
INVSNP0014451,WH0009,PRD0036,2024-12-01,2155,563,225
INVSNP0014452,WH0009,PRD0036,2025-01-01,2164,563,225
INVSNP0014453,WH0009,PRD0036,2025-02-01,2988,563,225
INVSNP0014454,WH0009,PRD0036,2025-03-01,1731,563,225
INVSNP0014455,WH0009,PRD0036,2025-04-01,2100,563,225
INVSNP0014456,WH0009,PRD0036,2025-05-01,1768,563,225
INVSNP0014457,WH0009,PRD0036,2025-06-01,2413,563,225
INVSNP0014458,WH0009,PRD0036,2025-07-01,2144,563,225
INVSNP0014459,WH0009,PRD0036,2025-08-01,2253,563,225
INVSNP0014460,WH0009,PRD0036,2025-09-01,2555,563,225
INVSNP0014461,WH0009,PRD0036,2025-10-01,2642,563,225
INVSNP0014462,WH0009,PRD0036,2025-11-01,1789,563,225
INVSNP0014463,WH0009,PRD0036,2025-12-01,1725,563,225
INVSNP0014464,WH0009,PRD0036,2026-01-01,2085,563,225
INVSNP0014465,WH0009,PRD0036,2026-02-01,2320,563,225
INVSNP0014466,WH0009,PRD0036,2026-03-01,2353,563,225
INVSNP0014467,WH0009,PRD0036,2026-04-01,2246,563,225
INVSNP0014468,WH0009,PRD0036,2026-05-01,2095,563,225
INVSNP0014469,WH0009,PRD0036,2026-06-01,1833,563,225
INVSNP0014470,WH0009,PRD0036,2026-07-01,2457,563,225
INVSNP0014471,WH0009,PRD0036,2026-08-01,3202,563,225
INVSNP0014472,WH0009,PRD0036,2026-09-01,2306,563,225
INVSNP0014473,WH0009,PRD0062,2024-10-01,175,51,20
INVSNP0014474,WH0009,PRD0062,2024-11-01,185,51,20
INVSNP0014475,WH0009,PRD0062,2024-12-01,168,51,20
INVSNP0014476,WH0009,PRD0062,2025-01-01,179,51,20
INVSNP0014477,WH0009,PRD0062,2025-02-01,213,51,20
INVSNP0014478,WH0009,PRD0062,2025-03-01,193,51,20
INVSNP0014479,WH0009,PRD0062,2025-04-01,213,51,20
INVSNP0014480,WH0009,PRD0062,2025-05-01,177,51,20
INVSNP0014481,WH0009,PRD0062,2025-06-01,172,51,20
INVSNP0014482,WH0009,PRD0062,2025-07-01,157,51,20
INVSNP0014483,WH0009,PRD0062,2025-08-01,258,51,20
INVSNP0014484,WH0009,PRD0062,2025-09-01,137,51,20
INVSNP0014485,WH0009,PRD0062,2025-10-01,224,51,20
INVSNP0014486,WH0009,PRD0062,2025-11-01,208,51,20
INVSNP0014487,WH0009,PRD0062,2025-12-01,180,51,20
INVSNP0014488,WH0009,PRD0062,2026-01-01,224,51,20
INVSNP0014489,WH0009,PRD0062,2026-02-01,151,51,20
INVSNP0014490,WH0009,PRD0062,2026-03-01,169,51,20
INVSNP0014491,WH0009,PRD0062,2026-04-01,210,51,20
INVSNP0014492,WH0009,PRD0062,2026-05-01,206,51,20
INVSNP0014493,WH0009,PRD0062,2026-06-01,202,51,20
INVSNP0014494,WH0009,PRD0062,2026-07-01,190,51,20
INVSNP0014495,WH0009,PRD0062,2026-08-01,231,51,20
INVSNP0014496,WH0009,PRD0062,2026-09-01,164,51,20
INVSNP0014497,WH0009,PRD0149,2024-10-01,3164,830,332
INVSNP0014498,WH0009,PRD0149,2024-11-01,3471,830,332
INVSNP0014499,WH0009,PRD0149,2024-12-01,3951,830,332
INVSNP0014500,WH0009,PRD0149,2025-01-01,3997,830,332
INVSNP0014501,WH0009,PRD0149,2025-02-01,2542,830,332
INVSNP0014502,WH0009,PRD0149,2025-03-01,3674,830,332
INVSNP0014503,WH0009,PRD0149,2025-04-01,3210,830,332
INVSNP0014504,WH0009,PRD0149,2025-05-01,3495,830,332
INVSNP0014505,WH0009,PRD0149,2025-06-01,2876,830,332
INVSNP0014506,WH0009,PRD0149,2025-07-01,4146,830,332
INVSNP0014507,WH0009,PRD0149,2025-08-01,3107,830,332
INVSNP0014508,WH0009,PRD0149,2025-09-01,2568,830,332
INVSNP0014509,WH0009,PRD0149,2025-10-01,3265,830,332
INVSNP0014510,WH0009,PRD0149,2025-11-01,2832,830,332
INVSNP0014511,WH0009,PRD0149,2025-12-01,3560,830,332
INVSNP0014512,WH0009,PRD0149,2026-01-01,3673,830,332
INVSNP0014513,WH0009,PRD0149,2026-02-01,3912,830,332
INVSNP0014514,WH0009,PRD0149,2026-03-01,4144,830,332
INVSNP0014515,WH0009,PRD0149,2026-04-01,3156,830,332
INVSNP0014516,WH0009,PRD0149,2026-05-01,3282,830,332
INVSNP0014517,WH0009,PRD0149,2026-06-01,3212,830,332
INVSNP0014518,WH0009,PRD0149,2026-07-01,3713,830,332
INVSNP0014519,WH0009,PRD0149,2026-08-01,3625,830,332
INVSNP0014520,WH0009,PRD0149,2026-09-01,2086,830,332
INVSNP0014521,WH0009,PRD0079,2024-10-01,4632,1041,416
INVSNP0014522,WH0009,PRD0079,2024-11-01,3621,1041,416
INVSNP0014523,WH0009,PRD0079,2024-12-01,4284,1041,416
INVSNP0014524,WH0009,PRD0079,2025-01-01,4690,1041,416
INVSNP0014525,WH0009,PRD0079,2025-02-01,4063,1041,416
INVSNP0014526,WH0009,PRD0079,2025-03-01,3776,1041,416
INVSNP0014527,WH0009,PRD0079,2025-04-01,2493,1041,416
INVSNP0014528,WH0009,PRD0079,2025-05-01,4200,1041,416
INVSNP0014529,WH0009,PRD0079,2025-06-01,4589,1041,416
INVSNP0014530,WH0009,PRD0079,2025-07-01,4906,1041,416
INVSNP0014531,WH0009,PRD0079,2025-08-01,5000,1041,416
INVSNP0014532,WH0009,PRD0079,2025-09-01,4061,1041,416
INVSNP0014533,WH0009,PRD0079,2025-10-01,4108,1041,416
INVSNP0014534,WH0009,PRD0079,2025-11-01,2474,1041,416
INVSNP0014535,WH0009,PRD0079,2025-12-01,4013,1041,416
INVSNP0014536,WH0009,PRD0079,2026-01-01,4348,1041,416
INVSNP0014537,WH0009,PRD0079,2026-02-01,4309,1041,416
INVSNP0014538,WH0009,PRD0079,2026-03-01,3831,1041,416
INVSNP0014539,WH0009,PRD0079,2026-04-01,4568,1041,416
INVSNP0014540,WH0009,PRD0079,2026-05-01,4414,1041,416
INVSNP0014541,WH0009,PRD0079,2026-06-01,3231,1041,416
INVSNP0014542,WH0009,PRD0079,2026-07-01,4950,1041,416
INVSNP0014543,WH0009,PRD0079,2026-08-01,4113,1041,416
INVSNP0014544,WH0009,PRD0079,2026-09-01,2612,1041,416
INVSNP0014545,WH0009,PRD0081,2024-10-01,1101,214,85
INVSNP0014546,WH0009,PRD0081,2024-11-01,947,214,85
INVSNP0014547,WH0009,PRD0081,2024-12-01,604,214,85
INVSNP0014548,WH0009,PRD0081,2025-01-01,906,214,85
INVSNP0014549,WH0009,PRD0081,2025-02-01,706,214,85
INVSNP0014550,WH0009,PRD0081,2025-03-01,1025,214,85
INVSNP0014551,WH0009,PRD0081,2025-04-01,834,214,85
INVSNP0014552,WH0009,PRD0081,2025-05-01,687,214,85
INVSNP0014553,WH0009,PRD0081,2025-06-01,806,214,85
INVSNP0014554,WH0009,PRD0081,2025-07-01,842,214,85
INVSNP0014555,WH0009,PRD0081,2025-08-01,930,214,85
INVSNP0014556,WH0009,PRD0081,2025-09-01,940,214,85
INVSNP0014557,WH0009,PRD0081,2025-10-01,837,214,85
INVSNP0014558,WH0009,PRD0081,2025-11-01,692,214,85
INVSNP0014559,WH0009,PRD0081,2025-12-01,626,214,85
INVSNP0014560,WH0009,PRD0081,2026-01-01,843,214,85
INVSNP0014561,WH0009,PRD0081,2026-02-01,785,214,85
INVSNP0014562,WH0009,PRD0081,2026-03-01,742,214,85
INVSNP0014563,WH0009,PRD0081,2026-04-01,844,214,85
INVSNP0014564,WH0009,PRD0081,2026-05-01,936,214,85
INVSNP0014565,WH0009,PRD0081,2026-06-01,1001,214,85
INVSNP0014566,WH0009,PRD0081,2026-07-01,884,214,85
INVSNP0014567,WH0009,PRD0081,2026-08-01,788,214,85
INVSNP0014568,WH0009,PRD0081,2026-09-01,931,214,85
INVSNP0014569,WH0009,PRD0108,2024-10-01,2169,683,273
INVSNP0014570,WH0009,PRD0108,2024-11-01,3314,683,273
INVSNP0014571,WH0009,PRD0108,2024-12-01,2663,683,273
INVSNP0014572,WH0009,PRD0108,2025-01-01,2552,683,273
INVSNP0014573,WH0009,PRD0108,2025-02-01,2461,683,273
INVSNP0014574,WH0009,PRD0108,2025-03-01,2852,683,273
INVSNP0014575,WH0009,PRD0108,2025-04-01,1868,683,273
INVSNP0014576,WH0009,PRD0108,2025-05-01,2846,683,273
INVSNP0014577,WH0009,PRD0108,2025-06-01,2931,683,273
INVSNP0014578,WH0009,PRD0108,2025-07-01,3032,683,273
INVSNP0014579,WH0009,PRD0108,2025-08-01,3143,683,273
INVSNP0014580,WH0009,PRD0108,2025-09-01,2441,683,273
INVSNP0014581,WH0009,PRD0108,2025-10-01,1795,683,273
INVSNP0014582,WH0009,PRD0108,2025-11-01,2445,683,273
INVSNP0014583,WH0009,PRD0108,2025-12-01,2325,683,273
INVSNP0014584,WH0009,PRD0108,2026-01-01,1948,683,273
INVSNP0014585,WH0009,PRD0108,2026-02-01,2160,683,273
INVSNP0014586,WH0009,PRD0108,2026-03-01,2679,683,273
INVSNP0014587,WH0009,PRD0108,2026-04-01,2597,683,273
INVSNP0014588,WH0009,PRD0108,2026-05-01,2059,683,273
INVSNP0014589,WH0009,PRD0108,2026-06-01,2168,683,273
INVSNP0014590,WH0009,PRD0108,2026-07-01,2985,683,273
INVSNP0014591,WH0009,PRD0108,2026-08-01,2003,683,273
INVSNP0014592,WH0009,PRD0108,2026-09-01,3225,683,273
INVSNP0014593,WH0009,PRD0004,2024-10-01,2560,682,272
INVSNP0014594,WH0009,PRD0004,2024-11-01,2770,682,272
INVSNP0014595,WH0009,PRD0004,2024-12-01,3062,682,272
INVSNP0014596,WH0009,PRD0004,2025-01-01,3424,682,272
INVSNP0014597,WH0009,PRD0004,2025-02-01,3293,682,272
INVSNP0014598,WH0009,PRD0004,2025-03-01,1784,682,272
INVSNP0014599,WH0009,PRD0004,2025-04-01,2193,682,272
INVSNP0014600,WH0009,PRD0004,2025-05-01,3339,682,272
INVSNP0014601,WH0009,PRD0004,2025-06-01,2594,682,272
INVSNP0014602,WH0009,PRD0004,2025-07-01,2512,682,272
INVSNP0014603,WH0009,PRD0004,2025-08-01,2525,682,272
INVSNP0014604,WH0009,PRD0004,2025-09-01,2336,682,272
INVSNP0014605,WH0009,PRD0004,2025-10-01,3202,682,272
INVSNP0014606,WH0009,PRD0004,2025-11-01,2856,682,272
INVSNP0014607,WH0009,PRD0004,2025-12-01,2584,682,272
INVSNP0014608,WH0009,PRD0004,2026-01-01,2337,682,272
INVSNP0014609,WH0009,PRD0004,2026-02-01,2864,682,272
INVSNP0014610,WH0009,PRD0004,2026-03-01,2228,682,272
INVSNP0014611,WH0009,PRD0004,2026-04-01,2625,682,272
INVSNP0014612,WH0009,PRD0004,2026-05-01,3441,682,272
INVSNP0014613,WH0009,PRD0004,2026-06-01,2677,682,272
INVSNP0014614,WH0009,PRD0004,2026-07-01,2868,682,272
INVSNP0014615,WH0009,PRD0004,2026-08-01,2122,682,272
INVSNP0014616,WH0009,PRD0004,2026-09-01,2554,682,272
INVSNP0014617,WH0010,PRD0040,2024-10-01,1173,290,116
INVSNP0014618,WH0010,PRD0040,2024-11-01,1287,290,116
INVSNP0014619,WH0010,PRD0040,2024-12-01,1273,290,116
INVSNP0014620,WH0010,PRD0040,2025-01-01,1274,290,116
INVSNP0014621,WH0010,PRD0040,2025-02-01,979,290,116
INVSNP0014622,WH0010,PRD0040,2025-03-01,1132,290,116
INVSNP0014623,WH0010,PRD0040,2025-04-01,975,290,116
INVSNP0014624,WH0010,PRD0040,2025-05-01,984,290,116
INVSNP0014625,WH0010,PRD0040,2025-06-01,1128,290,116
INVSNP0014626,WH0010,PRD0040,2025-07-01,1150,290,116
INVSNP0014627,WH0010,PRD0040,2025-08-01,898,290,116
INVSNP0014628,WH0010,PRD0040,2025-09-01,1238,290,116
INVSNP0014629,WH0010,PRD0040,2025-10-01,1008,290,116
INVSNP0014630,WH0010,PRD0040,2025-11-01,1262,290,116
INVSNP0014631,WH0010,PRD0040,2025-12-01,1008,290,116
INVSNP0014632,WH0010,PRD0040,2026-01-01,1429,290,116
INVSNP0014633,WH0010,PRD0040,2026-02-01,989,290,116
INVSNP0014634,WH0010,PRD0040,2026-03-01,1043,290,116
INVSNP0014635,WH0010,PRD0040,2026-04-01,1077,290,116
INVSNP0014636,WH0010,PRD0040,2026-05-01,1245,290,116
INVSNP0014637,WH0010,PRD0040,2026-06-01,1351,290,116
INVSNP0014638,WH0010,PRD0040,2026-07-01,955,290,116
INVSNP0014639,WH0010,PRD0040,2026-08-01,1062,290,116
INVSNP0014640,WH0010,PRD0040,2026-09-01,1214,290,116
INVSNP0014641,WH0010,PRD0054,2024-10-01,2036,479,191
INVSNP0014642,WH0010,PRD0054,2024-11-01,2020,479,191
INVSNP0014643,WH0010,PRD0054,2024-12-01,1900,479,191
INVSNP0014644,WH0010,PRD0054,2025-01-01,2208,479,191
INVSNP0014645,WH0010,PRD0054,2025-02-01,2089,479,191
INVSNP0014646,WH0010,PRD0054,2025-03-01,1889,479,191
INVSNP0014647,WH0010,PRD0054,2025-04-01,1586,479,191
INVSNP0014648,WH0010,PRD0054,2025-05-01,2221,479,191
INVSNP0014649,WH0010,PRD0054,2025-06-01,1851,479,191
INVSNP0014650,WH0010,PRD0054,2025-07-01,1882,479,191
INVSNP0014651,WH0010,PRD0054,2025-08-01,1780,479,191
INVSNP0014652,WH0010,PRD0054,2025-09-01,2253,479,191
INVSNP0014653,WH0010,PRD0054,2025-10-01,2679,479,191
INVSNP0014654,WH0010,PRD0054,2025-11-01,1692,479,191
INVSNP0014655,WH0010,PRD0054,2025-12-01,1596,479,191
INVSNP0014656,WH0010,PRD0054,2026-01-01,2192,479,191
INVSNP0014657,WH0010,PRD0054,2026-02-01,1916,479,191
INVSNP0014658,WH0010,PRD0054,2026-03-01,1579,479,191
INVSNP0014659,WH0010,PRD0054,2026-04-01,1820,479,191
INVSNP0014660,WH0010,PRD0054,2026-05-01,2145,479,191
INVSNP0014661,WH0010,PRD0054,2026-06-01,2318,479,191
INVSNP0014662,WH0010,PRD0054,2026-07-01,2255,479,191
INVSNP0014663,WH0010,PRD0054,2026-08-01,1858,479,191
INVSNP0014664,WH0010,PRD0054,2026-09-01,2117,479,191
INVSNP0014665,WH0010,PRD0058,2024-10-01,750,210,84
INVSNP0014666,WH0010,PRD0058,2024-11-01,878,210,84
INVSNP0014667,WH0010,PRD0058,2024-12-01,737,210,84
INVSNP0014668,WH0010,PRD0058,2025-01-01,982,210,84
INVSNP0014669,WH0010,PRD0058,2025-02-01,743,210,84
INVSNP0014670,WH0010,PRD0058,2025-03-01,760,210,84
INVSNP0014671,WH0010,PRD0058,2025-04-01,1069,210,84
INVSNP0014672,WH0010,PRD0058,2025-05-01,998,210,84
INVSNP0014673,WH0010,PRD0058,2025-06-01,803,210,84
INVSNP0014674,WH0010,PRD0058,2025-07-01,779,210,84
INVSNP0014675,WH0010,PRD0058,2025-08-01,671,210,84
INVSNP0014676,WH0010,PRD0058,2025-09-01,881,210,84
INVSNP0014677,WH0010,PRD0058,2025-10-01,865,210,84
INVSNP0014678,WH0010,PRD0058,2025-11-01,674,210,84
INVSNP0014679,WH0010,PRD0058,2025-12-01,844,210,84
INVSNP0014680,WH0010,PRD0058,2026-01-01,870,210,84
INVSNP0014681,WH0010,PRD0058,2026-02-01,789,210,84
INVSNP0014682,WH0010,PRD0058,2026-03-01,708,210,84
INVSNP0014683,WH0010,PRD0058,2026-04-01,888,210,84
INVSNP0014684,WH0010,PRD0058,2026-05-01,1035,210,84
INVSNP0014685,WH0010,PRD0058,2026-06-01,965,210,84
INVSNP0014686,WH0010,PRD0058,2026-07-01,965,210,84
INVSNP0014687,WH0010,PRD0058,2026-08-01,743,210,84
INVSNP0014688,WH0010,PRD0058,2026-09-01,861,210,84
INVSNP0014689,WH0010,PRD0014,2024-10-01,1950,798,319
INVSNP0014690,WH0010,PRD0014,2024-11-01,3018,798,319
INVSNP0014691,WH0010,PRD0014,2024-12-01,3513,798,319
INVSNP0014692,WH0010,PRD0014,2025-01-01,3402,798,319
INVSNP0014693,WH0010,PRD0014,2025-02-01,3475,798,319
INVSNP0014694,WH0010,PRD0014,2025-03-01,3073,798,319
INVSNP0014695,WH0010,PRD0014,2025-04-01,2673,798,319
INVSNP0014696,WH0010,PRD0014,2025-05-01,3073,798,319
INVSNP0014697,WH0010,PRD0014,2025-06-01,2265,798,319
INVSNP0014698,WH0010,PRD0014,2025-07-01,3612,798,319
INVSNP0014699,WH0010,PRD0014,2025-08-01,3270,798,319
INVSNP0014700,WH0010,PRD0014,2025-09-01,3599,798,319
INVSNP0014701,WH0010,PRD0014,2025-10-01,2780,798,319
INVSNP0014702,WH0010,PRD0014,2025-11-01,2950,798,319
INVSNP0014703,WH0010,PRD0014,2025-12-01,3804,798,319
INVSNP0014704,WH0010,PRD0014,2026-01-01,3971,798,319
INVSNP0014705,WH0010,PRD0014,2026-02-01,2089,798,319
INVSNP0014706,WH0010,PRD0014,2026-03-01,3039,798,319
INVSNP0014707,WH0010,PRD0014,2026-04-01,2913,798,319
INVSNP0014708,WH0010,PRD0014,2026-05-01,3415,798,319
INVSNP0014709,WH0010,PRD0014,2026-06-01,3646,798,319
INVSNP0014710,WH0010,PRD0014,2026-07-01,3650,798,319
INVSNP0014711,WH0010,PRD0014,2026-08-01,3149,798,319
INVSNP0014712,WH0010,PRD0014,2026-09-01,3474,798,319
INVSNP0014713,WH0010,PRD0046,2024-10-01,1461,316,126
INVSNP0014714,WH0010,PRD0046,2024-11-01,1053,316,126
INVSNP0014715,WH0010,PRD0046,2024-12-01,925,316,126
INVSNP0014716,WH0010,PRD0046,2025-01-01,1462,316,126
INVSNP0014717,WH0010,PRD0046,2025-02-01,1528,316,126
INVSNP0014718,WH0010,PRD0046,2025-03-01,1300,316,126
INVSNP0014719,WH0010,PRD0046,2025-04-01,1535,316,126
INVSNP0014720,WH0010,PRD0046,2025-05-01,1245,316,126
INVSNP0014721,WH0010,PRD0046,2025-06-01,1254,316,126
INVSNP0014722,WH0010,PRD0046,2025-07-01,1192,316,126
INVSNP0014723,WH0010,PRD0046,2025-08-01,1342,316,126
INVSNP0014724,WH0010,PRD0046,2025-09-01,1148,316,126
INVSNP0014725,WH0010,PRD0046,2025-10-01,1149,316,126
INVSNP0014726,WH0010,PRD0046,2025-11-01,1044,316,126
INVSNP0014727,WH0010,PRD0046,2025-12-01,1025,316,126
INVSNP0014728,WH0010,PRD0046,2026-01-01,1556,316,126
INVSNP0014729,WH0010,PRD0046,2026-02-01,1347,316,126
INVSNP0014730,WH0010,PRD0046,2026-03-01,1196,316,126
INVSNP0014731,WH0010,PRD0046,2026-04-01,1518,316,126
INVSNP0014732,WH0010,PRD0046,2026-05-01,1387,316,126
INVSNP0014733,WH0010,PRD0046,2026-06-01,1272,316,126
INVSNP0014734,WH0010,PRD0046,2026-07-01,1384,316,126
INVSNP0014735,WH0010,PRD0046,2026-08-01,1418,316,126
INVSNP0014736,WH0010,PRD0046,2026-09-01,1443,316,126
INVSNP0014737,WH0010,PRD0125,2024-10-01,2001,401,160
INVSNP0014738,WH0010,PRD0125,2024-11-01,1786,401,160
INVSNP0014739,WH0010,PRD0125,2024-12-01,1518,401,160
INVSNP0014740,WH0010,PRD0125,2025-01-01,1848,401,160
INVSNP0014741,WH0010,PRD0125,2025-02-01,1588,401,160
INVSNP0014742,WH0010,PRD0125,2025-03-01,1782,401,160
INVSNP0014743,WH0010,PRD0125,2025-04-01,1440,401,160
INVSNP0014744,WH0010,PRD0125,2025-05-01,1774,401,160
INVSNP0014745,WH0010,PRD0125,2025-06-01,1480,401,160
INVSNP0014746,WH0010,PRD0125,2025-07-01,1289,401,160
INVSNP0014747,WH0010,PRD0125,2025-08-01,1576,401,160
INVSNP0014748,WH0010,PRD0125,2025-09-01,1361,401,160
INVSNP0014749,WH0010,PRD0125,2025-10-01,1535,401,160
INVSNP0014750,WH0010,PRD0125,2025-11-01,1698,401,160
INVSNP0014751,WH0010,PRD0125,2025-12-01,1523,401,160
INVSNP0014752,WH0010,PRD0125,2026-01-01,1448,401,160
INVSNP0014753,WH0010,PRD0125,2026-02-01,1190,401,160
INVSNP0014754,WH0010,PRD0125,2026-03-01,1502,401,160
INVSNP0014755,WH0010,PRD0125,2026-04-01,1856,401,160
INVSNP0014756,WH0010,PRD0125,2026-05-01,1787,401,160
INVSNP0014757,WH0010,PRD0125,2026-06-01,1799,401,160
INVSNP0014758,WH0010,PRD0125,2026-07-01,2006,401,160
INVSNP0014759,WH0010,PRD0125,2026-08-01,2154,401,160
INVSNP0014760,WH0010,PRD0125,2026-09-01,1567,401,160
INVSNP0014761,WH0010,PRD0101,2024-10-01,5011,1210,484
INVSNP0014762,WH0010,PRD0101,2024-11-01,4567,1210,484
INVSNP0014763,WH0010,PRD0101,2024-12-01,4873,1210,484
INVSNP0014764,WH0010,PRD0101,2025-01-01,3170,1210,484
INVSNP0014765,WH0010,PRD0101,2025-02-01,5784,1210,484
INVSNP0014766,WH0010,PRD0101,2025-03-01,4333,1210,484
INVSNP0014767,WH0010,PRD0101,2025-04-01,3669,1210,484
INVSNP0014768,WH0010,PRD0101,2025-05-01,5677,1210,484
INVSNP0014769,WH0010,PRD0101,2025-06-01,4851,1210,484
INVSNP0014770,WH0010,PRD0101,2025-07-01,5258,1210,484
INVSNP0014771,WH0010,PRD0101,2025-08-01,5744,1210,484
INVSNP0014772,WH0010,PRD0101,2025-09-01,5452,1210,484
INVSNP0014773,WH0010,PRD0101,2025-10-01,4810,1210,484
INVSNP0014774,WH0010,PRD0101,2025-11-01,4321,1210,484
INVSNP0014775,WH0010,PRD0101,2025-12-01,5076,1210,484
INVSNP0014776,WH0010,PRD0101,2026-01-01,4177,1210,484
INVSNP0014777,WH0010,PRD0101,2026-02-01,4879,1210,484
INVSNP0014778,WH0010,PRD0101,2026-03-01,5103,1210,484
INVSNP0014779,WH0010,PRD0101,2026-04-01,3212,1210,484
INVSNP0014780,WH0010,PRD0101,2026-05-01,5545,1210,484
INVSNP0014781,WH0010,PRD0101,2026-06-01,5127,1210,484
INVSNP0014782,WH0010,PRD0101,2026-07-01,4706,1210,484
INVSNP0014783,WH0010,PRD0101,2026-08-01,4795,1210,484
INVSNP0014784,WH0010,PRD0101,2026-09-01,4743,1210,484
INVSNP0014785,WH0010,PRD0077,2024-10-01,4045,952,380
INVSNP0014786,WH0010,PRD0077,2024-11-01,4116,952,380
INVSNP0014787,WH0010,PRD0077,2024-12-01,3594,952,380
INVSNP0014788,WH0010,PRD0077,2025-01-01,3596,952,380
INVSNP0014789,WH0010,PRD0077,2025-02-01,2709,952,380
INVSNP0014790,WH0010,PRD0077,2025-03-01,3195,952,380
INVSNP0014791,WH0010,PRD0077,2025-04-01,2709,952,380
INVSNP0014792,WH0010,PRD0077,2025-05-01,4223,952,380
INVSNP0014793,WH0010,PRD0077,2025-06-01,2679,952,380
INVSNP0014794,WH0010,PRD0077,2025-07-01,3615,952,380
INVSNP0014795,WH0010,PRD0077,2025-08-01,3755,952,380
INVSNP0014796,WH0010,PRD0077,2025-09-01,3982,952,380
INVSNP0014797,WH0010,PRD0077,2025-10-01,3495,952,380
INVSNP0014798,WH0010,PRD0077,2025-11-01,4610,952,380
INVSNP0014799,WH0010,PRD0077,2025-12-01,3603,952,380
INVSNP0014800,WH0010,PRD0077,2026-01-01,3404,952,380
INVSNP0014801,WH0010,PRD0077,2026-02-01,3990,952,380
INVSNP0014802,WH0010,PRD0077,2026-03-01,3615,952,380
INVSNP0014803,WH0010,PRD0077,2026-04-01,4334,952,380
INVSNP0014804,WH0010,PRD0077,2026-05-01,2428,952,380
INVSNP0014805,WH0010,PRD0077,2026-06-01,4749,952,380
INVSNP0014806,WH0010,PRD0077,2026-07-01,3869,952,380
INVSNP0014807,WH0010,PRD0077,2026-08-01,4851,952,380
INVSNP0014808,WH0010,PRD0077,2026-09-01,2983,952,380
INVSNP0014809,WH0010,PRD0041,2024-10-01,3082,819,327
INVSNP0014810,WH0010,PRD0041,2024-11-01,3597,819,327
INVSNP0014811,WH0010,PRD0041,2024-12-01,3193,819,327
INVSNP0014812,WH0010,PRD0041,2025-01-01,2759,819,327
INVSNP0014813,WH0010,PRD0041,2025-02-01,3333,819,327
INVSNP0014814,WH0010,PRD0041,2025-03-01,2992,819,327
INVSNP0014815,WH0010,PRD0041,2025-04-01,2866,819,327
INVSNP0014816,WH0010,PRD0041,2025-05-01,3432,819,327
INVSNP0014817,WH0010,PRD0041,2025-06-01,2953,819,327
INVSNP0014818,WH0010,PRD0041,2025-07-01,3306,819,327
INVSNP0014819,WH0010,PRD0041,2025-08-01,3679,819,327
INVSNP0014820,WH0010,PRD0041,2025-09-01,4050,819,327
INVSNP0014821,WH0010,PRD0041,2025-10-01,3495,819,327
INVSNP0014822,WH0010,PRD0041,2025-11-01,3075,819,327
INVSNP0014823,WH0010,PRD0041,2025-12-01,3418,819,327
INVSNP0014824,WH0010,PRD0041,2026-01-01,3679,819,327
INVSNP0014825,WH0010,PRD0041,2026-02-01,3294,819,327
INVSNP0014826,WH0010,PRD0041,2026-03-01,3614,819,327
INVSNP0014827,WH0010,PRD0041,2026-04-01,3199,819,327
INVSNP0014828,WH0010,PRD0041,2026-05-01,2977,819,327
INVSNP0014829,WH0010,PRD0041,2026-06-01,3291,819,327
INVSNP0014830,WH0010,PRD0041,2026-07-01,3627,819,327
INVSNP0014831,WH0010,PRD0041,2026-08-01,4195,819,327
INVSNP0014832,WH0010,PRD0041,2026-09-01,3452,819,327
INVSNP0014833,WH0010,PRD0006,2024-10-01,2207,695,278
INVSNP0014834,WH0010,PRD0006,2024-11-01,2358,695,278
INVSNP0014835,WH0010,PRD0006,2024-12-01,1847,695,278
INVSNP0014836,WH0010,PRD0006,2025-01-01,3991,695,278
INVSNP0014837,WH0010,PRD0006,2025-02-01,3073,695,278
INVSNP0014838,WH0010,PRD0006,2025-03-01,2411,695,278
INVSNP0014839,WH0010,PRD0006,2025-04-01,2967,695,278
INVSNP0014840,WH0010,PRD0006,2025-05-01,2546,695,278
INVSNP0014841,WH0010,PRD0006,2025-06-01,2648,695,278
INVSNP0014842,WH0010,PRD0006,2025-07-01,3243,695,278
INVSNP0014843,WH0010,PRD0006,2025-08-01,2747,695,278
INVSNP0014844,WH0010,PRD0006,2025-09-01,1725,695,278
INVSNP0014845,WH0010,PRD0006,2025-10-01,3106,695,278
INVSNP0014846,WH0010,PRD0006,2025-11-01,2644,695,278
INVSNP0014847,WH0010,PRD0006,2025-12-01,2857,695,278
INVSNP0014848,WH0010,PRD0006,2026-01-01,2774,695,278
INVSNP0014849,WH0010,PRD0006,2026-02-01,3438,695,278
INVSNP0014850,WH0010,PRD0006,2026-03-01,2865,695,278
INVSNP0014851,WH0010,PRD0006,2026-04-01,3154,695,278
INVSNP0014852,WH0010,PRD0006,2026-05-01,2651,695,278
INVSNP0014853,WH0010,PRD0006,2026-06-01,2588,695,278
INVSNP0014854,WH0010,PRD0006,2026-07-01,2896,695,278
INVSNP0014855,WH0010,PRD0006,2026-08-01,2976,695,278
INVSNP0014856,WH0010,PRD0006,2026-09-01,2712,695,278
INVSNP0014857,WH0010,PRD0144,2024-10-01,3861,809,323
INVSNP0014858,WH0010,PRD0144,2024-11-01,2649,809,323
INVSNP0014859,WH0010,PRD0144,2024-12-01,2661,809,323
INVSNP0014860,WH0010,PRD0144,2025-01-01,3099,809,323
INVSNP0014861,WH0010,PRD0144,2025-02-01,3724,809,323
INVSNP0014862,WH0010,PRD0144,2025-03-01,4008,809,323
INVSNP0014863,WH0010,PRD0144,2025-04-01,3173,809,323
INVSNP0014864,WH0010,PRD0144,2025-05-01,3014,809,323
INVSNP0014865,WH0010,PRD0144,2025-06-01,2722,809,323
INVSNP0014866,WH0010,PRD0144,2025-07-01,3252,809,323
INVSNP0014867,WH0010,PRD0144,2025-08-01,2795,809,323
INVSNP0014868,WH0010,PRD0144,2025-09-01,3107,809,323
INVSNP0014869,WH0010,PRD0144,2025-10-01,2713,809,323
INVSNP0014870,WH0010,PRD0144,2025-11-01,2831,809,323
INVSNP0014871,WH0010,PRD0144,2025-12-01,3858,809,323
INVSNP0014872,WH0010,PRD0144,2026-01-01,3169,809,323
INVSNP0014873,WH0010,PRD0144,2026-02-01,3501,809,323
INVSNP0014874,WH0010,PRD0144,2026-03-01,3275,809,323
INVSNP0014875,WH0010,PRD0144,2026-04-01,3152,809,323
INVSNP0014876,WH0010,PRD0144,2026-05-01,3498,809,323
INVSNP0014877,WH0010,PRD0144,2026-06-01,3445,809,323
INVSNP0014878,WH0010,PRD0144,2026-07-01,3161,809,323
INVSNP0014879,WH0010,PRD0144,2026-08-01,3332,809,323
INVSNP0014880,WH0010,PRD0144,2026-09-01,3348,809,323
INVSNP0014881,WH0010,PRD0087,2024-10-01,2035,610,244
INVSNP0014882,WH0010,PRD0087,2024-11-01,1997,610,244
INVSNP0014883,WH0010,PRD0087,2024-12-01,2816,610,244
INVSNP0014884,WH0010,PRD0087,2025-01-01,2253,610,244
INVSNP0014885,WH0010,PRD0087,2025-02-01,1999,610,244
INVSNP0014886,WH0010,PRD0087,2025-03-01,2092,610,244
INVSNP0014887,WH0010,PRD0087,2025-04-01,2827,610,244
INVSNP0014888,WH0010,PRD0087,2025-05-01,2232,610,244
INVSNP0014889,WH0010,PRD0087,2025-06-01,2142,610,244
INVSNP0014890,WH0010,PRD0087,2025-07-01,2296,610,244
INVSNP0014891,WH0010,PRD0087,2025-08-01,2482,610,244
INVSNP0014892,WH0010,PRD0087,2025-09-01,2415,610,244
INVSNP0014893,WH0010,PRD0087,2025-10-01,1767,610,244
INVSNP0014894,WH0010,PRD0087,2025-11-01,2619,610,244
INVSNP0014895,WH0010,PRD0087,2025-12-01,1982,610,244
INVSNP0014896,WH0010,PRD0087,2026-01-01,2437,610,244
INVSNP0014897,WH0010,PRD0087,2026-02-01,3036,610,244
INVSNP0014898,WH0010,PRD0087,2026-03-01,2306,610,244
INVSNP0014899,WH0010,PRD0087,2026-04-01,2757,610,244
INVSNP0014900,WH0010,PRD0087,2026-05-01,1932,610,244
INVSNP0014901,WH0010,PRD0087,2026-06-01,1984,610,244
INVSNP0014902,WH0010,PRD0087,2026-07-01,2308,610,244
INVSNP0014903,WH0010,PRD0087,2026-08-01,1940,610,244
INVSNP0014904,WH0010,PRD0087,2026-09-01,2656,610,244
INVSNP0014905,WH0010,PRD0109,2024-10-01,1683,452,181
INVSNP0014906,WH0010,PRD0109,2024-11-01,1864,452,181
INVSNP0014907,WH0010,PRD0109,2024-12-01,2240,452,181
INVSNP0014908,WH0010,PRD0109,2025-01-01,1934,452,181
INVSNP0014909,WH0010,PRD0109,2025-02-01,2021,452,181
INVSNP0014910,WH0010,PRD0109,2025-03-01,1502,452,181
INVSNP0014911,WH0010,PRD0109,2025-04-01,1817,452,181
INVSNP0014912,WH0010,PRD0109,2025-05-01,2270,452,181
INVSNP0014913,WH0010,PRD0109,2025-06-01,2088,452,181
INVSNP0014914,WH0010,PRD0109,2025-07-01,2351,452,181
INVSNP0014915,WH0010,PRD0109,2025-08-01,2172,452,181
INVSNP0014916,WH0010,PRD0109,2025-09-01,2042,452,181
INVSNP0014917,WH0010,PRD0109,2025-10-01,1813,452,181
INVSNP0014918,WH0010,PRD0109,2025-11-01,1743,452,181
INVSNP0014919,WH0010,PRD0109,2025-12-01,2079,452,181
INVSNP0014920,WH0010,PRD0109,2026-01-01,1546,452,181
INVSNP0014921,WH0010,PRD0109,2026-02-01,1825,452,181
INVSNP0014922,WH0010,PRD0109,2026-03-01,1786,452,181
INVSNP0014923,WH0010,PRD0109,2026-04-01,2129,452,181
INVSNP0014924,WH0010,PRD0109,2026-05-01,1592,452,181
INVSNP0014925,WH0010,PRD0109,2026-06-01,2039,452,181
INVSNP0014926,WH0010,PRD0109,2026-07-01,2369,452,181
INVSNP0014927,WH0010,PRD0109,2026-08-01,1984,452,181
INVSNP0014928,WH0010,PRD0109,2026-09-01,1535,452,181
INVSNP0014929,WH0010,PRD0122,2024-10-01,2442,806,322
INVSNP0014930,WH0010,PRD0122,2024-11-01,2595,806,322
INVSNP0014931,WH0010,PRD0122,2024-12-01,2721,806,322
INVSNP0014932,WH0010,PRD0122,2025-01-01,3148,806,322
INVSNP0014933,WH0010,PRD0122,2025-02-01,2485,806,322
INVSNP0014934,WH0010,PRD0122,2025-03-01,3035,806,322
INVSNP0014935,WH0010,PRD0122,2025-04-01,3001,806,322
INVSNP0014936,WH0010,PRD0122,2025-05-01,3003,806,322
INVSNP0014937,WH0010,PRD0122,2025-06-01,3130,806,322
INVSNP0014938,WH0010,PRD0122,2025-07-01,3436,806,322
INVSNP0014939,WH0010,PRD0122,2025-08-01,2757,806,322
INVSNP0014940,WH0010,PRD0122,2025-09-01,3039,806,322
INVSNP0014941,WH0010,PRD0122,2025-10-01,2937,806,322
INVSNP0014942,WH0010,PRD0122,2025-11-01,3380,806,322
INVSNP0014943,WH0010,PRD0122,2025-12-01,3917,806,322
INVSNP0014944,WH0010,PRD0122,2026-01-01,3359,806,322
INVSNP0014945,WH0010,PRD0122,2026-02-01,3377,806,322
INVSNP0014946,WH0010,PRD0122,2026-03-01,3528,806,322
INVSNP0014947,WH0010,PRD0122,2026-04-01,2711,806,322
INVSNP0014948,WH0010,PRD0122,2026-05-01,2599,806,322
INVSNP0014949,WH0010,PRD0122,2026-06-01,3269,806,322
INVSNP0014950,WH0010,PRD0122,2026-07-01,2962,806,322
INVSNP0014951,WH0010,PRD0122,2026-08-01,3408,806,322
INVSNP0014952,WH0010,PRD0122,2026-09-01,3936,806,322
INVSNP0014953,WH0010,PRD0090,2024-10-01,4462,877,350
INVSNP0014954,WH0010,PRD0090,2024-11-01,3453,877,350
INVSNP0014955,WH0010,PRD0090,2024-12-01,4031,877,350
INVSNP0014956,WH0010,PRD0090,2025-01-01,3352,877,350
INVSNP0014957,WH0010,PRD0090,2025-02-01,3161,877,350
INVSNP0014958,WH0010,PRD0090,2025-03-01,3353,877,350
INVSNP0014959,WH0010,PRD0090,2025-04-01,4571,877,350
INVSNP0014960,WH0010,PRD0090,2025-05-01,3790,877,350
INVSNP0014961,WH0010,PRD0090,2025-06-01,4245,877,350
INVSNP0014962,WH0010,PRD0090,2025-07-01,3336,877,350
INVSNP0014963,WH0010,PRD0090,2025-08-01,3746,877,350
INVSNP0014964,WH0010,PRD0090,2025-09-01,3802,877,350
INVSNP0014965,WH0010,PRD0090,2025-10-01,3882,877,350
INVSNP0014966,WH0010,PRD0090,2025-11-01,3257,877,350
INVSNP0014967,WH0010,PRD0090,2025-12-01,3988,877,350
INVSNP0014968,WH0010,PRD0090,2026-01-01,3385,877,350
INVSNP0014969,WH0010,PRD0090,2026-02-01,3931,877,350
INVSNP0014970,WH0010,PRD0090,2026-03-01,4464,877,350
INVSNP0014971,WH0010,PRD0090,2026-04-01,2947,877,350
INVSNP0014972,WH0010,PRD0090,2026-05-01,3378,877,350
INVSNP0014973,WH0010,PRD0090,2026-06-01,3442,877,350
INVSNP0014974,WH0010,PRD0090,2026-07-01,4511,877,350
INVSNP0014975,WH0010,PRD0090,2026-08-01,4486,877,350
INVSNP0014976,WH0010,PRD0090,2026-09-01,4742,877,350
INVSNP0014977,WH0010,PRD0140,2024-10-01,4070,971,388
INVSNP0014978,WH0010,PRD0140,2024-11-01,4578,971,388
INVSNP0014979,WH0010,PRD0140,2024-12-01,4343,971,388
INVSNP0014980,WH0010,PRD0140,2025-01-01,3222,971,388
INVSNP0014981,WH0010,PRD0140,2025-02-01,4141,971,388
INVSNP0014982,WH0010,PRD0140,2025-03-01,4311,971,388
INVSNP0014983,WH0010,PRD0140,2025-04-01,3453,971,388
INVSNP0014984,WH0010,PRD0140,2025-05-01,4260,971,388
INVSNP0014985,WH0010,PRD0140,2025-06-01,2812,971,388
INVSNP0014986,WH0010,PRD0140,2025-07-01,3849,971,388
INVSNP0014987,WH0010,PRD0140,2025-08-01,4075,971,388
INVSNP0014988,WH0010,PRD0140,2025-09-01,3805,971,388
INVSNP0014989,WH0010,PRD0140,2025-10-01,3157,971,388
INVSNP0014990,WH0010,PRD0140,2025-11-01,4184,971,388
INVSNP0014991,WH0010,PRD0140,2025-12-01,4329,971,388
INVSNP0014992,WH0010,PRD0140,2026-01-01,3592,971,388
INVSNP0014993,WH0010,PRD0140,2026-02-01,3130,971,388
INVSNP0014994,WH0010,PRD0140,2026-03-01,4664,971,388
INVSNP0014995,WH0010,PRD0140,2026-04-01,4457,971,388
INVSNP0014996,WH0010,PRD0140,2026-05-01,3995,971,388
INVSNP0014997,WH0010,PRD0140,2026-06-01,3197,971,388
INVSNP0014998,WH0010,PRD0140,2026-07-01,4809,971,388
INVSNP0014999,WH0010,PRD0140,2026-08-01,3862,971,388
INVSNP0015000,WH0010,PRD0140,2026-09-01,4018,971,388
INVSNP0015001,WH0010,PRD0135,2024-10-01,2919,974,389
INVSNP0015002,WH0010,PRD0135,2024-11-01,2665,974,389
INVSNP0015003,WH0010,PRD0135,2024-12-01,3862,974,389
INVSNP0015004,WH0010,PRD0135,2025-01-01,3743,974,389
INVSNP0015005,WH0010,PRD0135,2025-02-01,3948,974,389
INVSNP0015006,WH0010,PRD0135,2025-03-01,3524,974,389
INVSNP0015007,WH0010,PRD0135,2025-04-01,4270,974,389
INVSNP0015008,WH0010,PRD0135,2025-05-01,4224,974,389
INVSNP0015009,WH0010,PRD0135,2025-06-01,3918,974,389
INVSNP0015010,WH0010,PRD0135,2025-07-01,2862,974,389
INVSNP0015011,WH0010,PRD0135,2025-08-01,4664,974,389
INVSNP0015012,WH0010,PRD0135,2025-09-01,3339,974,389
INVSNP0015013,WH0010,PRD0135,2025-10-01,4084,974,389
INVSNP0015014,WH0010,PRD0135,2025-11-01,4400,974,389
INVSNP0015015,WH0010,PRD0135,2025-12-01,4306,974,389
INVSNP0015016,WH0010,PRD0135,2026-01-01,4400,974,389
INVSNP0015017,WH0010,PRD0135,2026-02-01,3449,974,389
INVSNP0015018,WH0010,PRD0135,2026-03-01,3681,974,389
INVSNP0015019,WH0010,PRD0135,2026-04-01,3994,974,389
INVSNP0015020,WH0010,PRD0135,2026-05-01,4098,974,389
INVSNP0015021,WH0010,PRD0135,2026-06-01,4736,974,389
INVSNP0015022,WH0010,PRD0135,2026-07-01,4204,974,389
INVSNP0015023,WH0010,PRD0135,2026-08-01,3557,974,389
INVSNP0015024,WH0010,PRD0135,2026-09-01,4537,974,389
INVSNP0015025,WH0010,PRD0019,2024-10-01,5374,1123,449
INVSNP0015026,WH0010,PRD0019,2024-11-01,5064,1123,449
INVSNP0015027,WH0010,PRD0019,2024-12-01,4073,1123,449
INVSNP0015028,WH0010,PRD0019,2025-01-01,4393,1123,449
INVSNP0015029,WH0010,PRD0019,2025-02-01,5723,1123,449
INVSNP0015030,WH0010,PRD0019,2025-03-01,5024,1123,449
INVSNP0015031,WH0010,PRD0019,2025-04-01,4740,1123,449
INVSNP0015032,WH0010,PRD0019,2025-05-01,4842,1123,449
INVSNP0015033,WH0010,PRD0019,2025-06-01,4118,1123,449
INVSNP0015034,WH0010,PRD0019,2025-07-01,4768,1123,449
INVSNP0015035,WH0010,PRD0019,2025-08-01,4749,1123,449
INVSNP0015036,WH0010,PRD0019,2025-09-01,4982,1123,449
INVSNP0015037,WH0010,PRD0019,2025-10-01,4594,1123,449
INVSNP0015038,WH0010,PRD0019,2025-11-01,4813,1123,449
INVSNP0015039,WH0010,PRD0019,2025-12-01,2949,1123,449
INVSNP0015040,WH0010,PRD0019,2026-01-01,4593,1123,449
INVSNP0015041,WH0010,PRD0019,2026-02-01,3935,1123,449
INVSNP0015042,WH0010,PRD0019,2026-03-01,4500,1123,449
INVSNP0015043,WH0010,PRD0019,2026-04-01,5370,1123,449
INVSNP0015044,WH0010,PRD0019,2026-05-01,4340,1123,449
INVSNP0015045,WH0010,PRD0019,2026-06-01,5538,1123,449
INVSNP0015046,WH0010,PRD0019,2026-07-01,4076,1123,449
INVSNP0015047,WH0010,PRD0019,2026-08-01,4343,1123,449
INVSNP0015048,WH0010,PRD0019,2026-09-01,4970,1123,449
INVSNP0015049,WH0010,PRD0073,2024-10-01,3948,1006,402
INVSNP0015050,WH0010,PRD0073,2024-11-01,3575,1006,402
INVSNP0015051,WH0010,PRD0073,2024-12-01,3870,1006,402
INVSNP0015052,WH0010,PRD0073,2025-01-01,4139,1006,402
INVSNP0015053,WH0010,PRD0073,2025-02-01,3582,1006,402
INVSNP0015054,WH0010,PRD0073,2025-03-01,4907,1006,402
INVSNP0015055,WH0010,PRD0073,2025-04-01,4612,1006,402
INVSNP0015056,WH0010,PRD0073,2025-05-01,4105,1006,402
INVSNP0015057,WH0010,PRD0073,2025-06-01,4766,1006,402
INVSNP0015058,WH0010,PRD0073,2025-07-01,3369,1006,402
INVSNP0015059,WH0010,PRD0073,2025-08-01,4621,1006,402
INVSNP0015060,WH0010,PRD0073,2025-09-01,4227,1006,402
INVSNP0015061,WH0010,PRD0073,2025-10-01,4122,1006,402
INVSNP0015062,WH0010,PRD0073,2025-11-01,3772,1006,402
INVSNP0015063,WH0010,PRD0073,2025-12-01,3458,1006,402
INVSNP0015064,WH0010,PRD0073,2026-01-01,3767,1006,402
INVSNP0015065,WH0010,PRD0073,2026-02-01,4117,1006,402
INVSNP0015066,WH0010,PRD0073,2026-03-01,4244,1006,402
INVSNP0015067,WH0010,PRD0073,2026-04-01,3812,1006,402
INVSNP0015068,WH0010,PRD0073,2026-05-01,3946,1006,402
INVSNP0015069,WH0010,PRD0073,2026-06-01,4192,1006,402
INVSNP0015070,WH0010,PRD0073,2026-07-01,4394,1006,402
INVSNP0015071,WH0010,PRD0073,2026-08-01,2989,1006,402
INVSNP0015072,WH0010,PRD0073,2026-09-01,4829,1006,402
INVSNP0015073,WH0010,PRD0132,2024-10-01,1047,232,92
INVSNP0015074,WH0010,PRD0132,2024-11-01,941,232,92
INVSNP0015075,WH0010,PRD0132,2024-12-01,785,232,92
INVSNP0015076,WH0010,PRD0132,2025-01-01,656,232,92
INVSNP0015077,WH0010,PRD0132,2025-02-01,1093,232,92
INVSNP0015078,WH0010,PRD0132,2025-03-01,988,232,92
INVSNP0015079,WH0010,PRD0132,2025-04-01,847,232,92
INVSNP0015080,WH0010,PRD0132,2025-05-01,942,232,92
INVSNP0015081,WH0010,PRD0132,2025-06-01,1122,232,92
INVSNP0015082,WH0010,PRD0132,2025-07-01,1114,232,92
INVSNP0015083,WH0010,PRD0132,2025-08-01,1052,232,92
INVSNP0015084,WH0010,PRD0132,2025-09-01,934,232,92
INVSNP0015085,WH0010,PRD0132,2025-10-01,1017,232,92
INVSNP0015086,WH0010,PRD0132,2025-11-01,1014,232,92
INVSNP0015087,WH0010,PRD0132,2025-12-01,814,232,92
INVSNP0015088,WH0010,PRD0132,2026-01-01,938,232,92
INVSNP0015089,WH0010,PRD0132,2026-02-01,826,232,92
INVSNP0015090,WH0010,PRD0132,2026-03-01,863,232,92
INVSNP0015091,WH0010,PRD0132,2026-04-01,1077,232,92
INVSNP0015092,WH0010,PRD0132,2026-05-01,1034,232,92
INVSNP0015093,WH0010,PRD0132,2026-06-01,1170,232,92
INVSNP0015094,WH0010,PRD0132,2026-07-01,804,232,92
INVSNP0015095,WH0010,PRD0132,2026-08-01,990,232,92
INVSNP0015096,WH0010,PRD0132,2026-09-01,924,232,92
INVSNP0015097,WH0010,PRD0050,2024-10-01,2366,539,215
INVSNP0015098,WH0010,PRD0050,2024-11-01,1811,539,215
INVSNP0015099,WH0010,PRD0050,2024-12-01,2542,539,215
INVSNP0015100,WH0010,PRD0050,2025-01-01,2048,539,215
INVSNP0015101,WH0010,PRD0050,2025-02-01,2508,539,215
INVSNP0015102,WH0010,PRD0050,2025-03-01,2204,539,215
INVSNP0015103,WH0010,PRD0050,2025-04-01,2063,539,215
INVSNP0015104,WH0010,PRD0050,2025-05-01,2015,539,215
INVSNP0015105,WH0010,PRD0050,2025-06-01,1839,539,215
INVSNP0015106,WH0010,PRD0050,2025-07-01,1945,539,215
INVSNP0015107,WH0010,PRD0050,2025-08-01,1683,539,215
INVSNP0015108,WH0010,PRD0050,2025-09-01,1795,539,215
INVSNP0015109,WH0010,PRD0050,2025-10-01,2684,539,215
INVSNP0015110,WH0010,PRD0050,2025-11-01,2455,539,215
INVSNP0015111,WH0010,PRD0050,2025-12-01,2179,539,215
INVSNP0015112,WH0010,PRD0050,2026-01-01,2443,539,215
INVSNP0015113,WH0010,PRD0050,2026-02-01,1732,539,215
INVSNP0015114,WH0010,PRD0050,2026-03-01,1831,539,215
INVSNP0015115,WH0010,PRD0050,2026-04-01,2247,539,215
INVSNP0015116,WH0010,PRD0050,2026-05-01,2137,539,215
INVSNP0015117,WH0010,PRD0050,2026-06-01,2131,539,215
INVSNP0015118,WH0010,PRD0050,2026-07-01,2179,539,215
INVSNP0015119,WH0010,PRD0050,2026-08-01,2203,539,215
INVSNP0015120,WH0010,PRD0050,2026-09-01,2113,539,215
INVSNP0015121,WH0010,PRD0134,2024-10-01,3409,876,350
INVSNP0015122,WH0010,PRD0134,2024-11-01,4034,876,350
INVSNP0015123,WH0010,PRD0134,2024-12-01,3806,876,350
INVSNP0015124,WH0010,PRD0134,2025-01-01,3670,876,350
INVSNP0015125,WH0010,PRD0134,2025-02-01,4636,876,350
INVSNP0015126,WH0010,PRD0134,2025-03-01,3198,876,350
INVSNP0015127,WH0010,PRD0134,2025-04-01,3032,876,350
INVSNP0015128,WH0010,PRD0134,2025-05-01,2670,876,350
INVSNP0015129,WH0010,PRD0134,2025-06-01,4271,876,350
INVSNP0015130,WH0010,PRD0134,2025-07-01,2712,876,350
INVSNP0015131,WH0010,PRD0134,2025-08-01,3743,876,350
INVSNP0015132,WH0010,PRD0134,2025-09-01,3603,876,350
INVSNP0015133,WH0010,PRD0134,2025-10-01,3219,876,350
INVSNP0015134,WH0010,PRD0134,2025-11-01,3420,876,350
INVSNP0015135,WH0010,PRD0134,2025-12-01,3564,876,350
INVSNP0015136,WH0010,PRD0134,2026-01-01,3341,876,350
INVSNP0015137,WH0010,PRD0134,2026-02-01,3609,876,350
INVSNP0015138,WH0010,PRD0134,2026-03-01,3238,876,350
INVSNP0015139,WH0010,PRD0134,2026-04-01,3496,876,350
INVSNP0015140,WH0010,PRD0134,2026-05-01,3421,876,350
INVSNP0015141,WH0010,PRD0134,2026-06-01,2640,876,350
INVSNP0015142,WH0010,PRD0134,2026-07-01,4625,876,350
INVSNP0015143,WH0010,PRD0134,2026-08-01,3561,876,350
INVSNP0015144,WH0010,PRD0134,2026-09-01,3539,876,350
INVSNP0015145,WH0010,PRD0025,2024-10-01,3862,876,350
INVSNP0015146,WH0010,PRD0025,2024-11-01,3104,876,350
INVSNP0015147,WH0010,PRD0025,2024-12-01,3984,876,350
INVSNP0015148,WH0010,PRD0025,2025-01-01,3166,876,350
INVSNP0015149,WH0010,PRD0025,2025-02-01,3704,876,350
INVSNP0015150,WH0010,PRD0025,2025-03-01,4150,876,350
INVSNP0015151,WH0010,PRD0025,2025-04-01,4878,876,350
INVSNP0015152,WH0010,PRD0025,2025-05-01,4030,876,350
INVSNP0015153,WH0010,PRD0025,2025-06-01,2779,876,350
INVSNP0015154,WH0010,PRD0025,2025-07-01,2773,876,350
INVSNP0015155,WH0010,PRD0025,2025-08-01,3720,876,350
INVSNP0015156,WH0010,PRD0025,2025-09-01,3976,876,350
INVSNP0015157,WH0010,PRD0025,2025-10-01,3262,876,350
INVSNP0015158,WH0010,PRD0025,2025-11-01,4207,876,350
INVSNP0015159,WH0010,PRD0025,2025-12-01,3337,876,350
INVSNP0015160,WH0010,PRD0025,2026-01-01,3760,876,350
INVSNP0015161,WH0010,PRD0025,2026-02-01,3703,876,350
INVSNP0015162,WH0010,PRD0025,2026-03-01,3598,876,350
INVSNP0015163,WH0010,PRD0025,2026-04-01,4222,876,350
INVSNP0015164,WH0010,PRD0025,2026-05-01,3453,876,350
INVSNP0015165,WH0010,PRD0025,2026-06-01,3921,876,350
INVSNP0015166,WH0010,PRD0025,2026-07-01,3445,876,350
INVSNP0015167,WH0010,PRD0025,2026-08-01,4039,876,350
INVSNP0015168,WH0010,PRD0025,2026-09-01,3519,876,350
INVSNP0015169,WH0010,PRD0017,2024-10-01,1192,316,126
INVSNP0015170,WH0010,PRD0017,2024-11-01,1354,316,126
INVSNP0015171,WH0010,PRD0017,2024-12-01,941,316,126
INVSNP0015172,WH0010,PRD0017,2025-01-01,1033,316,126
INVSNP0015173,WH0010,PRD0017,2025-02-01,1127,316,126
INVSNP0015174,WH0010,PRD0017,2025-03-01,1415,316,126
INVSNP0015175,WH0010,PRD0017,2025-04-01,1079,316,126
INVSNP0015176,WH0010,PRD0017,2025-05-01,1173,316,126
INVSNP0015177,WH0010,PRD0017,2025-06-01,1404,316,126
INVSNP0015178,WH0010,PRD0017,2025-07-01,1337,316,126
INVSNP0015179,WH0010,PRD0017,2025-08-01,1413,316,126
INVSNP0015180,WH0010,PRD0017,2025-09-01,1218,316,126
INVSNP0015181,WH0010,PRD0017,2025-10-01,953,316,126
INVSNP0015182,WH0010,PRD0017,2025-11-01,1573,316,126
INVSNP0015183,WH0010,PRD0017,2025-12-01,1212,316,126
INVSNP0015184,WH0010,PRD0017,2026-01-01,1236,316,126
INVSNP0015185,WH0010,PRD0017,2026-02-01,1269,316,126
INVSNP0015186,WH0010,PRD0017,2026-03-01,1307,316,126
INVSNP0015187,WH0010,PRD0017,2026-04-01,991,316,126
INVSNP0015188,WH0010,PRD0017,2026-05-01,1309,316,126
INVSNP0015189,WH0010,PRD0017,2026-06-01,1257,316,126
INVSNP0015190,WH0010,PRD0017,2026-07-01,1459,316,126
INVSNP0015191,WH0010,PRD0017,2026-08-01,1229,316,126
INVSNP0015192,WH0010,PRD0017,2026-09-01,1116,316,126
INVSNP0015193,WH0010,PRD0042,2024-10-01,4682,1047,419
INVSNP0015194,WH0010,PRD0042,2024-11-01,3935,1047,419
INVSNP0015195,WH0010,PRD0042,2024-12-01,4818,1047,419
INVSNP0015196,WH0010,PRD0042,2025-01-01,4368,1047,419
INVSNP0015197,WH0010,PRD0042,2025-02-01,4405,1047,419
INVSNP0015198,WH0010,PRD0042,2025-03-01,4170,1047,419
INVSNP0015199,WH0010,PRD0042,2025-04-01,3446,1047,419
INVSNP0015200,WH0010,PRD0042,2025-05-01,4065,1047,419
INVSNP0015201,WH0010,PRD0042,2025-06-01,3802,1047,419
INVSNP0015202,WH0010,PRD0042,2025-07-01,4342,1047,419
INVSNP0015203,WH0010,PRD0042,2025-08-01,4595,1047,419
INVSNP0015204,WH0010,PRD0042,2025-09-01,4102,1047,419
INVSNP0015205,WH0010,PRD0042,2025-10-01,2606,1047,419
INVSNP0015206,WH0010,PRD0042,2025-11-01,2958,1047,419
INVSNP0015207,WH0010,PRD0042,2025-12-01,4629,1047,419
INVSNP0015208,WH0010,PRD0042,2026-01-01,4464,1047,419
INVSNP0015209,WH0010,PRD0042,2026-02-01,4724,1047,419
INVSNP0015210,WH0010,PRD0042,2026-03-01,3311,1047,419
INVSNP0015211,WH0010,PRD0042,2026-04-01,4069,1047,419
INVSNP0015212,WH0010,PRD0042,2026-05-01,3750,1047,419
INVSNP0015213,WH0010,PRD0042,2026-06-01,3970,1047,419
INVSNP0015214,WH0010,PRD0042,2026-07-01,4157,1047,419
INVSNP0015215,WH0010,PRD0042,2026-08-01,5014,1047,419
INVSNP0015216,WH0010,PRD0042,2026-09-01,4296,1047,419
INVSNP0015217,WH0010,PRD0097,2024-10-01,2432,481,192
INVSNP0015218,WH0010,PRD0097,2024-11-01,1884,481,192
INVSNP0015219,WH0010,PRD0097,2024-12-01,1954,481,192
INVSNP0015220,WH0010,PRD0097,2025-01-01,1639,481,192
INVSNP0015221,WH0010,PRD0097,2025-02-01,1628,481,192
INVSNP0015222,WH0010,PRD0097,2025-03-01,1754,481,192
INVSNP0015223,WH0010,PRD0097,2025-04-01,1935,481,192
INVSNP0015224,WH0010,PRD0097,2025-05-01,2054,481,192
INVSNP0015225,WH0010,PRD0097,2025-06-01,2023,481,192
INVSNP0015226,WH0010,PRD0097,2025-07-01,1066,481,192
INVSNP0015227,WH0010,PRD0097,2025-08-01,1663,481,192
INVSNP0015228,WH0010,PRD0097,2025-09-01,1425,481,192
INVSNP0015229,WH0010,PRD0097,2025-10-01,1755,481,192
INVSNP0015230,WH0010,PRD0097,2025-11-01,1552,481,192
INVSNP0015231,WH0010,PRD0097,2025-12-01,2052,481,192
INVSNP0015232,WH0010,PRD0097,2026-01-01,1864,481,192
INVSNP0015233,WH0010,PRD0097,2026-02-01,2269,481,192
INVSNP0015234,WH0010,PRD0097,2026-03-01,1680,481,192
INVSNP0015235,WH0010,PRD0097,2026-04-01,2056,481,192
INVSNP0015236,WH0010,PRD0097,2026-05-01,2237,481,192
INVSNP0015237,WH0010,PRD0097,2026-06-01,1867,481,192
INVSNP0015238,WH0010,PRD0097,2026-07-01,1936,481,192
INVSNP0015239,WH0010,PRD0097,2026-08-01,2690,481,192
INVSNP0015240,WH0010,PRD0097,2026-09-01,1518,481,192
INVSNP0015241,WH0010,PRD0102,2024-10-01,205,55,22
INVSNP0015242,WH0010,PRD0102,2024-11-01,264,55,22
INVSNP0015243,WH0010,PRD0102,2024-12-01,195,55,22
INVSNP0015244,WH0010,PRD0102,2025-01-01,187,55,22
INVSNP0015245,WH0010,PRD0102,2025-02-01,185,55,22
INVSNP0015246,WH0010,PRD0102,2025-03-01,244,55,22
INVSNP0015247,WH0010,PRD0102,2025-04-01,225,55,22
INVSNP0015248,WH0010,PRD0102,2025-05-01,224,55,22
INVSNP0015249,WH0010,PRD0102,2025-06-01,269,55,22
INVSNP0015250,WH0010,PRD0102,2025-07-01,180,55,22
INVSNP0015251,WH0010,PRD0102,2025-08-01,200,55,22
INVSNP0015252,WH0010,PRD0102,2025-09-01,216,55,22
INVSNP0015253,WH0010,PRD0102,2025-10-01,182,55,22
INVSNP0015254,WH0010,PRD0102,2025-11-01,223,55,22
INVSNP0015255,WH0010,PRD0102,2025-12-01,177,55,22
INVSNP0015256,WH0010,PRD0102,2026-01-01,248,55,22
INVSNP0015257,WH0010,PRD0102,2026-02-01,204,55,22
INVSNP0015258,WH0010,PRD0102,2026-03-01,198,55,22
INVSNP0015259,WH0010,PRD0102,2026-04-01,220,55,22
INVSNP0015260,WH0010,PRD0102,2026-05-01,213,55,22
INVSNP0015261,WH0010,PRD0102,2026-06-01,232,55,22
INVSNP0015262,WH0010,PRD0102,2026-07-01,227,55,22
INVSNP0015263,WH0010,PRD0102,2026-08-01,220,55,22
INVSNP0015264,WH0010,PRD0102,2026-09-01,229,55,22
INVSNP0015265,WH0010,PRD0075,2024-10-01,2694,576,230
INVSNP0015266,WH0010,PRD0075,2024-11-01,3376,576,230
INVSNP0015267,WH0010,PRD0075,2024-12-01,2098,576,230
INVSNP0015268,WH0010,PRD0075,2025-01-01,2921,576,230
INVSNP0015269,WH0010,PRD0075,2025-02-01,1977,576,230
INVSNP0015270,WH0010,PRD0075,2025-03-01,2364,576,230
INVSNP0015271,WH0010,PRD0075,2025-04-01,2122,576,230
INVSNP0015272,WH0010,PRD0075,2025-05-01,2330,576,230
INVSNP0015273,WH0010,PRD0075,2025-06-01,2499,576,230
INVSNP0015274,WH0010,PRD0075,2025-07-01,1909,576,230
INVSNP0015275,WH0010,PRD0075,2025-08-01,1996,576,230
INVSNP0015276,WH0010,PRD0075,2025-09-01,2321,576,230
INVSNP0015277,WH0010,PRD0075,2025-10-01,2428,576,230
INVSNP0015278,WH0010,PRD0075,2025-11-01,2066,576,230
INVSNP0015279,WH0010,PRD0075,2025-12-01,2335,576,230
INVSNP0015280,WH0010,PRD0075,2026-01-01,2487,576,230
INVSNP0015281,WH0010,PRD0075,2026-02-01,2150,576,230
INVSNP0015282,WH0010,PRD0075,2026-03-01,2351,576,230
INVSNP0015283,WH0010,PRD0075,2026-04-01,2056,576,230
INVSNP0015284,WH0010,PRD0075,2026-05-01,2303,576,230
INVSNP0015285,WH0010,PRD0075,2026-06-01,3090,576,230
INVSNP0015286,WH0010,PRD0075,2026-07-01,2286,576,230
INVSNP0015287,WH0010,PRD0075,2026-08-01,3150,576,230
INVSNP0015288,WH0010,PRD0075,2026-09-01,1959,576,230
INVSNP0015289,WH0010,PRD0111,2024-10-01,2748,1084,433
INVSNP0015290,WH0010,PRD0111,2024-11-01,4373,1084,433
INVSNP0015291,WH0010,PRD0111,2024-12-01,5225,1084,433
INVSNP0015292,WH0010,PRD0111,2025-01-01,4171,1084,433
INVSNP0015293,WH0010,PRD0111,2025-02-01,5128,1084,433
INVSNP0015294,WH0010,PRD0111,2025-03-01,3547,1084,433
INVSNP0015295,WH0010,PRD0111,2025-04-01,3770,1084,433
INVSNP0015296,WH0010,PRD0111,2025-05-01,3512,1084,433
INVSNP0015297,WH0010,PRD0111,2025-06-01,5171,1084,433
INVSNP0015298,WH0010,PRD0111,2025-07-01,4616,1084,433
INVSNP0015299,WH0010,PRD0111,2025-08-01,3502,1084,433
INVSNP0015300,WH0010,PRD0111,2025-09-01,4401,1084,433
INVSNP0015301,WH0010,PRD0111,2025-10-01,4577,1084,433
INVSNP0015302,WH0010,PRD0111,2025-11-01,4516,1084,433
INVSNP0015303,WH0010,PRD0111,2025-12-01,4301,1084,433
INVSNP0015304,WH0010,PRD0111,2026-01-01,3977,1084,433
INVSNP0015305,WH0010,PRD0111,2026-02-01,4583,1084,433
INVSNP0015306,WH0010,PRD0111,2026-03-01,3644,1084,433
INVSNP0015307,WH0010,PRD0111,2026-04-01,3932,1084,433
INVSNP0015308,WH0010,PRD0111,2026-05-01,5398,1084,433
INVSNP0015309,WH0010,PRD0111,2026-06-01,4548,1084,433
INVSNP0015310,WH0010,PRD0111,2026-07-01,4449,1084,433
INVSNP0015311,WH0010,PRD0111,2026-08-01,4162,1084,433
INVSNP0015312,WH0010,PRD0111,2026-09-01,4929,1084,433
INVSNP0015313,WH0010,PRD0104,2024-10-01,5534,1214,485
INVSNP0015314,WH0010,PRD0104,2024-11-01,5374,1214,485
INVSNP0015315,WH0010,PRD0104,2024-12-01,5201,1214,485
INVSNP0015316,WH0010,PRD0104,2025-01-01,4675,1214,485
INVSNP0015317,WH0010,PRD0104,2025-02-01,4426,1214,485
INVSNP0015318,WH0010,PRD0104,2025-03-01,4595,1214,485
INVSNP0015319,WH0010,PRD0104,2025-04-01,4970,1214,485
INVSNP0015320,WH0010,PRD0104,2025-05-01,4863,1214,485
INVSNP0015321,WH0010,PRD0104,2025-06-01,4606,1214,485
INVSNP0015322,WH0010,PRD0104,2025-07-01,4774,1214,485
INVSNP0015323,WH0010,PRD0104,2025-08-01,5476,1214,485
INVSNP0015324,WH0010,PRD0104,2025-09-01,5272,1214,485
INVSNP0015325,WH0010,PRD0104,2025-10-01,4711,1214,485
INVSNP0015326,WH0010,PRD0104,2025-11-01,4362,1214,485
INVSNP0015327,WH0010,PRD0104,2025-12-01,5526,1214,485
INVSNP0015328,WH0010,PRD0104,2026-01-01,5698,1214,485
INVSNP0015329,WH0010,PRD0104,2026-02-01,4532,1214,485
INVSNP0015330,WH0010,PRD0104,2026-03-01,4372,1214,485
INVSNP0015331,WH0010,PRD0104,2026-04-01,5685,1214,485
INVSNP0015332,WH0010,PRD0104,2026-05-01,7221,1214,485
INVSNP0015333,WH0010,PRD0104,2026-06-01,5485,1214,485
INVSNP0015334,WH0010,PRD0104,2026-07-01,4855,1214,485
INVSNP0015335,WH0010,PRD0104,2026-08-01,4428,1214,485
INVSNP0015336,WH0010,PRD0104,2026-09-01,4611,1214,485
INVSNP0015337,WH0010,PRD0007,2024-10-01,3666,843,337
INVSNP0015338,WH0010,PRD0007,2024-11-01,3283,843,337
INVSNP0015339,WH0010,PRD0007,2024-12-01,4029,843,337
INVSNP0015340,WH0010,PRD0007,2025-01-01,3441,843,337
INVSNP0015341,WH0010,PRD0007,2025-02-01,3879,843,337
INVSNP0015342,WH0010,PRD0007,2025-03-01,2991,843,337
INVSNP0015343,WH0010,PRD0007,2025-04-01,4325,843,337
INVSNP0015344,WH0010,PRD0007,2025-05-01,3264,843,337
INVSNP0015345,WH0010,PRD0007,2025-06-01,4102,843,337
INVSNP0015346,WH0010,PRD0007,2025-07-01,4089,843,337
INVSNP0015347,WH0010,PRD0007,2025-08-01,3920,843,337
INVSNP0015348,WH0010,PRD0007,2025-09-01,3413,843,337
INVSNP0015349,WH0010,PRD0007,2025-10-01,2957,843,337
INVSNP0015350,WH0010,PRD0007,2025-11-01,3165,843,337
INVSNP0015351,WH0010,PRD0007,2025-12-01,3949,843,337
INVSNP0015352,WH0010,PRD0007,2026-01-01,4035,843,337
INVSNP0015353,WH0010,PRD0007,2026-02-01,2982,843,337
INVSNP0015354,WH0010,PRD0007,2026-03-01,3692,843,337
INVSNP0015355,WH0010,PRD0007,2026-04-01,2809,843,337
INVSNP0015356,WH0010,PRD0007,2026-05-01,4024,843,337
INVSNP0015357,WH0010,PRD0007,2026-06-01,3703,843,337
INVSNP0015358,WH0010,PRD0007,2026-07-01,3956,843,337
INVSNP0015359,WH0010,PRD0007,2026-08-01,4013,843,337
INVSNP0015360,WH0010,PRD0007,2026-09-01,2878,843,337
INVSNP0015361,WH0010,PRD0138,2024-10-01,340,83,33
INVSNP0015362,WH0010,PRD0138,2024-11-01,343,83,33
INVSNP0015363,WH0010,PRD0138,2024-12-01,298,83,33
INVSNP0015364,WH0010,PRD0138,2025-01-01,340,83,33
INVSNP0015365,WH0010,PRD0138,2025-02-01,348,83,33
INVSNP0015366,WH0010,PRD0138,2025-03-01,260,83,33
INVSNP0015367,WH0010,PRD0138,2025-04-01,313,83,33
INVSNP0015368,WH0010,PRD0138,2025-05-01,286,83,33
INVSNP0015369,WH0010,PRD0138,2025-06-01,346,83,33
INVSNP0015370,WH0010,PRD0138,2025-07-01,367,83,33
INVSNP0015371,WH0010,PRD0138,2025-08-01,399,83,33
INVSNP0015372,WH0010,PRD0138,2025-09-01,359,83,33
INVSNP0015373,WH0010,PRD0138,2025-10-01,312,83,33
INVSNP0015374,WH0010,PRD0138,2025-11-01,250,83,33
INVSNP0015375,WH0010,PRD0138,2025-12-01,278,83,33
INVSNP0015376,WH0010,PRD0138,2026-01-01,335,83,33
INVSNP0015377,WH0010,PRD0138,2026-02-01,320,83,33
INVSNP0015378,WH0010,PRD0138,2026-03-01,340,83,33
INVSNP0015379,WH0010,PRD0138,2026-04-01,369,83,33
INVSNP0015380,WH0010,PRD0138,2026-05-01,339,83,33
INVSNP0015381,WH0010,PRD0138,2026-06-01,314,83,33
INVSNP0015382,WH0010,PRD0138,2026-07-01,338,83,33
INVSNP0015383,WH0010,PRD0138,2026-08-01,317,83,33
INVSNP0015384,WH0010,PRD0138,2026-09-01,278,83,33
INVSNP0015385,WH0010,PRD0091,2024-10-01,2295,728,291
INVSNP0015386,WH0010,PRD0091,2024-11-01,3173,728,291
INVSNP0015387,WH0010,PRD0091,2024-12-01,3231,728,291
INVSNP0015388,WH0010,PRD0091,2025-01-01,2473,728,291
INVSNP0015389,WH0010,PRD0091,2025-02-01,1951,728,291
INVSNP0015390,WH0010,PRD0091,2025-03-01,2602,728,291
INVSNP0015391,WH0010,PRD0091,2025-04-01,3013,728,291
INVSNP0015392,WH0010,PRD0091,2025-05-01,2960,728,291
INVSNP0015393,WH0010,PRD0091,2025-06-01,2556,728,291
INVSNP0015394,WH0010,PRD0091,2025-07-01,2730,728,291
INVSNP0015395,WH0010,PRD0091,2025-08-01,2128,728,291
INVSNP0015396,WH0010,PRD0091,2025-09-01,2982,728,291
INVSNP0015397,WH0010,PRD0091,2025-10-01,2811,728,291
INVSNP0015398,WH0010,PRD0091,2025-11-01,2517,728,291
INVSNP0015399,WH0010,PRD0091,2025-12-01,3267,728,291
INVSNP0015400,WH0010,PRD0091,2026-01-01,1684,728,291
INVSNP0015401,WH0010,PRD0091,2026-02-01,2385,728,291
INVSNP0015402,WH0010,PRD0091,2026-03-01,2400,728,291
INVSNP0015403,WH0010,PRD0091,2026-04-01,3243,728,291
INVSNP0015404,WH0010,PRD0091,2026-05-01,2628,728,291
INVSNP0015405,WH0010,PRD0091,2026-06-01,3558,728,291
INVSNP0015406,WH0010,PRD0091,2026-07-01,3689,728,291
INVSNP0015407,WH0010,PRD0091,2026-08-01,3480,728,291
INVSNP0015408,WH0010,PRD0091,2026-09-01,2231,728,291
INVSNP0015409,WH0010,PRD0039,2024-10-01,1461,293,117
INVSNP0015410,WH0010,PRD0039,2024-11-01,1226,293,117
INVSNP0015411,WH0010,PRD0039,2024-12-01,1368,293,117
INVSNP0015412,WH0010,PRD0039,2025-01-01,1119,293,117
INVSNP0015413,WH0010,PRD0039,2025-02-01,1306,293,117
INVSNP0015414,WH0010,PRD0039,2025-03-01,1240,293,117
INVSNP0015415,WH0010,PRD0039,2025-04-01,1175,293,117
INVSNP0015416,WH0010,PRD0039,2025-05-01,1778,293,117
INVSNP0015417,WH0010,PRD0039,2025-06-01,1004,293,117
INVSNP0015418,WH0010,PRD0039,2025-07-01,1300,293,117
INVSNP0015419,WH0010,PRD0039,2025-08-01,1554,293,117
INVSNP0015420,WH0010,PRD0039,2025-09-01,1032,293,117
INVSNP0015421,WH0010,PRD0039,2025-10-01,1065,293,117
INVSNP0015422,WH0010,PRD0039,2025-11-01,1526,293,117
INVSNP0015423,WH0010,PRD0039,2025-12-01,994,293,117
INVSNP0015424,WH0010,PRD0039,2026-01-01,1342,293,117
INVSNP0015425,WH0010,PRD0039,2026-02-01,1401,293,117
INVSNP0015426,WH0010,PRD0039,2026-03-01,986,293,117
INVSNP0015427,WH0010,PRD0039,2026-04-01,643,293,117
INVSNP0015428,WH0010,PRD0039,2026-05-01,1042,293,117
INVSNP0015429,WH0010,PRD0039,2026-06-01,890,293,117
INVSNP0015430,WH0010,PRD0039,2026-07-01,1232,293,117
INVSNP0015431,WH0010,PRD0039,2026-08-01,1308,293,117
INVSNP0015432,WH0010,PRD0039,2026-09-01,1347,293,117
INVSNP0015433,WH0010,PRD0059,2024-10-01,4539,991,396
INVSNP0015434,WH0010,PRD0059,2024-11-01,3164,991,396
INVSNP0015435,WH0010,PRD0059,2024-12-01,4007,991,396
INVSNP0015436,WH0010,PRD0059,2025-01-01,3659,991,396
INVSNP0015437,WH0010,PRD0059,2025-02-01,3984,991,396
INVSNP0015438,WH0010,PRD0059,2025-03-01,3526,991,396
INVSNP0015439,WH0010,PRD0059,2025-04-01,4252,991,396
INVSNP0015440,WH0010,PRD0059,2025-05-01,3753,991,396
INVSNP0015441,WH0010,PRD0059,2025-06-01,4636,991,396
INVSNP0015442,WH0010,PRD0059,2025-07-01,3368,991,396
INVSNP0015443,WH0010,PRD0059,2025-08-01,3513,991,396
INVSNP0015444,WH0010,PRD0059,2025-09-01,3581,991,396
INVSNP0015445,WH0010,PRD0059,2025-10-01,5347,991,396
INVSNP0015446,WH0010,PRD0059,2025-11-01,5186,991,396
INVSNP0015447,WH0010,PRD0059,2025-12-01,3919,991,396
INVSNP0015448,WH0010,PRD0059,2026-01-01,4311,991,396
INVSNP0015449,WH0010,PRD0059,2026-02-01,4127,991,396
INVSNP0015450,WH0010,PRD0059,2026-03-01,3542,991,396
INVSNP0015451,WH0010,PRD0059,2026-04-01,4117,991,396
INVSNP0015452,WH0010,PRD0059,2026-05-01,3312,991,396
INVSNP0015453,WH0010,PRD0059,2026-06-01,3890,991,396
INVSNP0015454,WH0010,PRD0059,2026-07-01,3885,991,396
INVSNP0015455,WH0010,PRD0059,2026-08-01,3739,991,396
INVSNP0015456,WH0010,PRD0059,2026-09-01,3614,991,396
INVSNP0015457,WH0010,PRD0084,2024-10-01,262,63,25
INVSNP0015458,WH0010,PRD0084,2024-11-01,253,63,25
INVSNP0015459,WH0010,PRD0084,2024-12-01,250,63,25
INVSNP0015460,WH0010,PRD0084,2025-01-01,219,63,25
INVSNP0015461,WH0010,PRD0084,2025-02-01,316,63,25
INVSNP0015462,WH0010,PRD0084,2025-03-01,263,63,25
INVSNP0015463,WH0010,PRD0084,2025-04-01,237,63,25
INVSNP0015464,WH0010,PRD0084,2025-05-01,238,63,25
INVSNP0015465,WH0010,PRD0084,2025-06-01,261,63,25
INVSNP0015466,WH0010,PRD0084,2025-07-01,252,63,25
INVSNP0015467,WH0010,PRD0084,2025-08-01,256,63,25
INVSNP0015468,WH0010,PRD0084,2025-09-01,205,63,25
INVSNP0015469,WH0010,PRD0084,2025-10-01,201,63,25
INVSNP0015470,WH0010,PRD0084,2025-11-01,276,63,25
INVSNP0015471,WH0010,PRD0084,2025-12-01,237,63,25
INVSNP0015472,WH0010,PRD0084,2026-01-01,329,63,25
INVSNP0015473,WH0010,PRD0084,2026-02-01,193,63,25
INVSNP0015474,WH0010,PRD0084,2026-03-01,227,63,25
INVSNP0015475,WH0010,PRD0084,2026-04-01,262,63,25
INVSNP0015476,WH0010,PRD0084,2026-05-01,299,63,25
INVSNP0015477,WH0010,PRD0084,2026-06-01,263,63,25
INVSNP0015478,WH0010,PRD0084,2026-07-01,249,63,25
INVSNP0015479,WH0010,PRD0084,2026-08-01,285,63,25
INVSNP0015480,WH0010,PRD0084,2026-09-01,262,63,25
INVSNP0015481,WH0010,PRD0021,2024-10-01,3486,858,343
INVSNP0015482,WH0010,PRD0021,2024-11-01,2591,858,343
INVSNP0015483,WH0010,PRD0021,2024-12-01,3511,858,343
INVSNP0015484,WH0010,PRD0021,2025-01-01,2829,858,343
INVSNP0015485,WH0010,PRD0021,2025-02-01,2249,858,343
INVSNP0015486,WH0010,PRD0021,2025-03-01,3552,858,343
INVSNP0015487,WH0010,PRD0021,2025-04-01,3064,858,343
INVSNP0015488,WH0010,PRD0021,2025-05-01,3233,858,343
INVSNP0015489,WH0010,PRD0021,2025-06-01,3653,858,343
INVSNP0015490,WH0010,PRD0021,2025-07-01,3856,858,343
INVSNP0015491,WH0010,PRD0021,2025-08-01,3792,858,343
INVSNP0015492,WH0010,PRD0021,2025-09-01,2865,858,343
INVSNP0015493,WH0010,PRD0021,2025-10-01,2736,858,343
INVSNP0015494,WH0010,PRD0021,2025-11-01,3520,858,343
INVSNP0015495,WH0010,PRD0021,2025-12-01,3020,858,343
INVSNP0015496,WH0010,PRD0021,2026-01-01,3636,858,343
INVSNP0015497,WH0010,PRD0021,2026-02-01,3441,858,343
INVSNP0015498,WH0010,PRD0021,2026-03-01,2979,858,343
INVSNP0015499,WH0010,PRD0021,2026-04-01,3383,858,343
INVSNP0015500,WH0010,PRD0021,2026-05-01,3696,858,343
INVSNP0015501,WH0010,PRD0021,2026-06-01,3202,858,343
INVSNP0015502,WH0010,PRD0021,2026-07-01,4102,858,343
INVSNP0015503,WH0010,PRD0021,2026-08-01,4209,858,343
INVSNP0015504,WH0010,PRD0021,2026-09-01,3000,858,343
INVSNP0015505,WH0010,PRD0074,2024-10-01,3804,880,352
INVSNP0015506,WH0010,PRD0074,2024-11-01,3968,880,352
INVSNP0015507,WH0010,PRD0074,2024-12-01,3899,880,352
INVSNP0015508,WH0010,PRD0074,2025-01-01,4154,880,352
INVSNP0015509,WH0010,PRD0074,2025-02-01,4007,880,352
INVSNP0015510,WH0010,PRD0074,2025-03-01,3649,880,352
INVSNP0015511,WH0010,PRD0074,2025-04-01,3859,880,352
INVSNP0015512,WH0010,PRD0074,2025-05-01,3591,880,352
INVSNP0015513,WH0010,PRD0074,2025-06-01,3020,880,352
INVSNP0015514,WH0010,PRD0074,2025-07-01,3347,880,352
INVSNP0015515,WH0010,PRD0074,2025-08-01,3257,880,352
INVSNP0015516,WH0010,PRD0074,2025-09-01,3282,880,352
INVSNP0015517,WH0010,PRD0074,2025-10-01,4862,880,352
INVSNP0015518,WH0010,PRD0074,2025-11-01,3367,880,352
INVSNP0015519,WH0010,PRD0074,2025-12-01,3319,880,352
INVSNP0015520,WH0010,PRD0074,2026-01-01,3106,880,352
INVSNP0015521,WH0010,PRD0074,2026-02-01,3827,880,352
INVSNP0015522,WH0010,PRD0074,2026-03-01,3635,880,352
INVSNP0015523,WH0010,PRD0074,2026-04-01,3223,880,352
INVSNP0015524,WH0010,PRD0074,2026-05-01,3321,880,352
INVSNP0015525,WH0010,PRD0074,2026-06-01,4034,880,352
INVSNP0015526,WH0010,PRD0074,2026-07-01,2966,880,352
INVSNP0015527,WH0010,PRD0074,2026-08-01,3207,880,352
INVSNP0015528,WH0010,PRD0074,2026-09-01,3603,880,352
INVSNP0015529,WH0010,PRD0018,2024-10-01,351,94,37
INVSNP0015530,WH0010,PRD0018,2024-11-01,497,94,37
INVSNP0015531,WH0010,PRD0018,2024-12-01,406,94,37
INVSNP0015532,WH0010,PRD0018,2025-01-01,360,94,37
INVSNP0015533,WH0010,PRD0018,2025-02-01,439,94,37
INVSNP0015534,WH0010,PRD0018,2025-03-01,371,94,37
INVSNP0015535,WH0010,PRD0018,2025-04-01,315,94,37
INVSNP0015536,WH0010,PRD0018,2025-05-01,406,94,37
INVSNP0015537,WH0010,PRD0018,2025-06-01,421,94,37
INVSNP0015538,WH0010,PRD0018,2025-07-01,363,94,37
INVSNP0015539,WH0010,PRD0018,2025-08-01,345,94,37
INVSNP0015540,WH0010,PRD0018,2025-09-01,468,94,37
INVSNP0015541,WH0010,PRD0018,2025-10-01,337,94,37
INVSNP0015542,WH0010,PRD0018,2025-11-01,426,94,37
INVSNP0015543,WH0010,PRD0018,2025-12-01,360,94,37
INVSNP0015544,WH0010,PRD0018,2026-01-01,394,94,37
INVSNP0015545,WH0010,PRD0018,2026-02-01,446,94,37
INVSNP0015546,WH0010,PRD0018,2026-03-01,295,94,37
INVSNP0015547,WH0010,PRD0018,2026-04-01,405,94,37
INVSNP0015548,WH0010,PRD0018,2026-05-01,479,94,37
INVSNP0015549,WH0010,PRD0018,2026-06-01,394,94,37
INVSNP0015550,WH0010,PRD0018,2026-07-01,300,94,37
INVSNP0015551,WH0010,PRD0018,2026-08-01,352,94,37
INVSNP0015552,WH0010,PRD0018,2026-09-01,372,94,37
INVSNP0015553,WH0010,PRD0057,2024-10-01,1534,386,154
INVSNP0015554,WH0010,PRD0057,2024-11-01,1584,386,154
INVSNP0015555,WH0010,PRD0057,2024-12-01,1699,386,154
INVSNP0015556,WH0010,PRD0057,2025-01-01,1327,386,154
INVSNP0015557,WH0010,PRD0057,2025-02-01,1110,386,154
INVSNP0015558,WH0010,PRD0057,2025-03-01,1343,386,154
INVSNP0015559,WH0010,PRD0057,2025-04-01,1527,386,154
INVSNP0015560,WH0010,PRD0057,2025-05-01,1717,386,154
INVSNP0015561,WH0010,PRD0057,2025-06-01,1888,386,154
INVSNP0015562,WH0010,PRD0057,2025-07-01,1848,386,154
INVSNP0015563,WH0010,PRD0057,2025-08-01,1636,386,154
INVSNP0015564,WH0010,PRD0057,2025-09-01,1552,386,154
INVSNP0015565,WH0010,PRD0057,2025-10-01,1584,386,154
INVSNP0015566,WH0010,PRD0057,2025-11-01,1701,386,154
INVSNP0015567,WH0010,PRD0057,2025-12-01,1593,386,154
INVSNP0015568,WH0010,PRD0057,2026-01-01,1374,386,154
INVSNP0015569,WH0010,PRD0057,2026-02-01,1775,386,154
INVSNP0015570,WH0010,PRD0057,2026-03-01,1701,386,154
INVSNP0015571,WH0010,PRD0057,2026-04-01,1796,386,154
INVSNP0015572,WH0010,PRD0057,2026-05-01,1867,386,154
INVSNP0015573,WH0010,PRD0057,2026-06-01,1529,386,154
INVSNP0015574,WH0010,PRD0057,2026-07-01,1225,386,154
INVSNP0015575,WH0010,PRD0057,2026-08-01,1153,386,154
INVSNP0015576,WH0010,PRD0057,2026-09-01,1604,386,154
INVSNP0015577,WH0010,PRD0136,2024-10-01,2443,522,208
INVSNP0015578,WH0010,PRD0136,2024-11-01,1978,522,208
INVSNP0015579,WH0010,PRD0136,2024-12-01,1818,522,208
INVSNP0015580,WH0010,PRD0136,2025-01-01,2181,522,208
INVSNP0015581,WH0010,PRD0136,2025-02-01,1982,522,208
INVSNP0015582,WH0010,PRD0136,2025-03-01,2149,522,208
INVSNP0015583,WH0010,PRD0136,2025-04-01,1795,522,208
INVSNP0015584,WH0010,PRD0136,2025-05-01,2314,522,208
INVSNP0015585,WH0010,PRD0136,2025-06-01,1674,522,208
INVSNP0015586,WH0010,PRD0136,2025-07-01,1850,522,208
INVSNP0015587,WH0010,PRD0136,2025-08-01,2681,522,208
INVSNP0015588,WH0010,PRD0136,2025-09-01,2279,522,208
INVSNP0015589,WH0010,PRD0136,2025-10-01,1984,522,208
INVSNP0015590,WH0010,PRD0136,2025-11-01,2030,522,208
INVSNP0015591,WH0010,PRD0136,2025-12-01,2349,522,208
INVSNP0015592,WH0010,PRD0136,2026-01-01,2238,522,208
INVSNP0015593,WH0010,PRD0136,2026-02-01,2299,522,208
INVSNP0015594,WH0010,PRD0136,2026-03-01,2345,522,208
INVSNP0015595,WH0010,PRD0136,2026-04-01,1392,522,208
INVSNP0015596,WH0010,PRD0136,2026-05-01,1986,522,208
INVSNP0015597,WH0010,PRD0136,2026-06-01,2335,522,208
INVSNP0015598,WH0010,PRD0136,2026-07-01,2239,522,208
INVSNP0015599,WH0010,PRD0136,2026-08-01,2353,522,208
INVSNP0015600,WH0010,PRD0136,2026-09-01,2273,522,208
INVSNP0015601,WH0010,PRD0062,2024-10-01,2512,549,219
INVSNP0015602,WH0010,PRD0062,2024-11-01,2325,549,219
INVSNP0015603,WH0010,PRD0062,2024-12-01,2342,549,219
INVSNP0015604,WH0010,PRD0062,2025-01-01,2640,549,219
INVSNP0015605,WH0010,PRD0062,2025-02-01,1949,549,219
INVSNP0015606,WH0010,PRD0062,2025-03-01,2314,549,219
INVSNP0015607,WH0010,PRD0062,2025-04-01,2059,549,219
INVSNP0015608,WH0010,PRD0062,2025-05-01,2168,549,219
INVSNP0015609,WH0010,PRD0062,2025-06-01,2738,549,219
INVSNP0015610,WH0010,PRD0062,2025-07-01,1973,549,219
INVSNP0015611,WH0010,PRD0062,2025-08-01,2474,549,219
INVSNP0015612,WH0010,PRD0062,2025-09-01,1913,549,219
INVSNP0015613,WH0010,PRD0062,2025-10-01,2337,549,219
INVSNP0015614,WH0010,PRD0062,2025-11-01,2571,549,219
INVSNP0015615,WH0010,PRD0062,2025-12-01,1980,549,219
INVSNP0015616,WH0010,PRD0062,2026-01-01,2076,549,219
INVSNP0015617,WH0010,PRD0062,2026-02-01,2081,549,219
INVSNP0015618,WH0010,PRD0062,2026-03-01,1937,549,219
INVSNP0015619,WH0010,PRD0062,2026-04-01,2495,549,219
INVSNP0015620,WH0010,PRD0062,2026-05-01,2277,549,219
INVSNP0015621,WH0010,PRD0062,2026-06-01,2449,549,219
INVSNP0015622,WH0010,PRD0062,2026-07-01,2154,549,219
INVSNP0015623,WH0010,PRD0062,2026-08-01,2195,549,219
INVSNP0015624,WH0010,PRD0062,2026-09-01,2364,549,219
INVSNP0015625,WH0010,PRD0038,2024-10-01,6601,1213,485
INVSNP0015626,WH0010,PRD0038,2024-11-01,5098,1213,485
INVSNP0015627,WH0010,PRD0038,2024-12-01,5985,1213,485
INVSNP0015628,WH0010,PRD0038,2025-01-01,5017,1213,485
INVSNP0015629,WH0010,PRD0038,2025-02-01,5128,1213,485
INVSNP0015630,WH0010,PRD0038,2025-03-01,5475,1213,485
INVSNP0015631,WH0010,PRD0038,2025-04-01,4307,1213,485
INVSNP0015632,WH0010,PRD0038,2025-05-01,4843,1213,485
INVSNP0015633,WH0010,PRD0038,2025-06-01,4096,1213,485
INVSNP0015634,WH0010,PRD0038,2025-07-01,5257,1213,485
INVSNP0015635,WH0010,PRD0038,2025-08-01,4388,1213,485
INVSNP0015636,WH0010,PRD0038,2025-09-01,4262,1213,485
INVSNP0015637,WH0010,PRD0038,2025-10-01,4465,1213,485
INVSNP0015638,WH0010,PRD0038,2025-11-01,4539,1213,485
INVSNP0015639,WH0010,PRD0038,2025-12-01,5258,1213,485
INVSNP0015640,WH0010,PRD0038,2026-01-01,4677,1213,485
INVSNP0015641,WH0010,PRD0038,2026-02-01,5739,1213,485
INVSNP0015642,WH0010,PRD0038,2026-03-01,4694,1213,485
INVSNP0015643,WH0010,PRD0038,2026-04-01,4585,1213,485
INVSNP0015644,WH0010,PRD0038,2026-05-01,5113,1213,485
INVSNP0015645,WH0010,PRD0038,2026-06-01,4463,1213,485
INVSNP0015646,WH0010,PRD0038,2026-07-01,3906,1213,485
INVSNP0015647,WH0010,PRD0038,2026-08-01,3568,1213,485
INVSNP0015648,WH0010,PRD0038,2026-09-01,4277,1213,485
INVSNP0015649,WH0010,PRD0133,2024-10-01,2743,591,236
INVSNP0015650,WH0010,PRD0133,2024-11-01,2432,591,236
INVSNP0015651,WH0010,PRD0133,2024-12-01,2152,591,236
INVSNP0015652,WH0010,PRD0133,2025-01-01,2396,591,236
INVSNP0015653,WH0010,PRD0133,2025-02-01,2188,591,236
INVSNP0015654,WH0010,PRD0133,2025-03-01,2519,591,236
INVSNP0015655,WH0010,PRD0133,2025-04-01,2258,591,236
INVSNP0015656,WH0010,PRD0133,2025-05-01,2129,591,236
INVSNP0015657,WH0010,PRD0133,2025-06-01,2339,591,236
INVSNP0015658,WH0010,PRD0133,2025-07-01,1953,591,236
INVSNP0015659,WH0010,PRD0133,2025-08-01,2719,591,236
INVSNP0015660,WH0010,PRD0133,2025-09-01,1828,591,236
INVSNP0015661,WH0010,PRD0133,2025-10-01,2671,591,236
INVSNP0015662,WH0010,PRD0133,2025-11-01,2125,591,236
INVSNP0015663,WH0010,PRD0133,2025-12-01,2725,591,236
INVSNP0015664,WH0010,PRD0133,2026-01-01,2136,591,236
INVSNP0015665,WH0010,PRD0133,2026-02-01,1754,591,236
INVSNP0015666,WH0010,PRD0133,2026-03-01,2351,591,236
INVSNP0015667,WH0010,PRD0133,2026-04-01,3182,591,236
INVSNP0015668,WH0010,PRD0133,2026-05-01,2862,591,236
INVSNP0015669,WH0010,PRD0133,2026-06-01,2844,591,236
INVSNP0015670,WH0010,PRD0133,2026-07-01,2756,591,236
INVSNP0015671,WH0010,PRD0133,2026-08-01,1810,591,236
INVSNP0015672,WH0010,PRD0133,2026-09-01,2236,591,236
INVSNP0015673,WH0010,PRD0027,2024-10-01,2251,486,194
INVSNP0015674,WH0010,PRD0027,2024-11-01,1830,486,194
INVSNP0015675,WH0010,PRD0027,2024-12-01,1977,486,194
INVSNP0015676,WH0010,PRD0027,2025-01-01,1881,486,194
INVSNP0015677,WH0010,PRD0027,2025-02-01,2044,486,194
INVSNP0015678,WH0010,PRD0027,2025-03-01,1977,486,194
INVSNP0015679,WH0010,PRD0027,2025-04-01,2256,486,194
INVSNP0015680,WH0010,PRD0027,2025-05-01,1929,486,194
INVSNP0015681,WH0010,PRD0027,2025-06-01,2081,486,194
INVSNP0015682,WH0010,PRD0027,2025-07-01,2213,486,194
INVSNP0015683,WH0010,PRD0027,2025-08-01,1874,486,194
INVSNP0015684,WH0010,PRD0027,2025-09-01,1835,486,194
INVSNP0015685,WH0010,PRD0027,2025-10-01,1795,486,194
INVSNP0015686,WH0010,PRD0027,2025-11-01,2374,486,194
INVSNP0015687,WH0010,PRD0027,2025-12-01,2188,486,194
INVSNP0015688,WH0010,PRD0027,2026-01-01,1746,486,194
INVSNP0015689,WH0010,PRD0027,2026-02-01,2110,486,194
INVSNP0015690,WH0010,PRD0027,2026-03-01,2365,486,194
INVSNP0015691,WH0010,PRD0027,2026-04-01,2090,486,194
INVSNP0015692,WH0010,PRD0027,2026-05-01,1195,486,194
INVSNP0015693,WH0010,PRD0027,2026-06-01,2017,486,194
INVSNP0015694,WH0010,PRD0027,2026-07-01,2146,486,194
INVSNP0015695,WH0010,PRD0027,2026-08-01,1745,486,194
INVSNP0015696,WH0010,PRD0027,2026-09-01,1633,486,194
INVSNP0015697,WH0010,PRD0028,2024-10-01,4421,1108,443
INVSNP0015698,WH0010,PRD0028,2024-11-01,3754,1108,443
INVSNP0015699,WH0010,PRD0028,2024-12-01,4153,1108,443
INVSNP0015700,WH0010,PRD0028,2025-01-01,4146,1108,443
INVSNP0015701,WH0010,PRD0028,2025-02-01,4903,1108,443
INVSNP0015702,WH0010,PRD0028,2025-03-01,4141,1108,443
INVSNP0015703,WH0010,PRD0028,2025-04-01,5087,1108,443
INVSNP0015704,WH0010,PRD0028,2025-05-01,4925,1108,443
INVSNP0015705,WH0010,PRD0028,2025-06-01,3961,1108,443
INVSNP0015706,WH0010,PRD0028,2025-07-01,4692,1108,443
INVSNP0015707,WH0010,PRD0028,2025-08-01,3119,1108,443
INVSNP0015708,WH0010,PRD0028,2025-09-01,5145,1108,443
INVSNP0015709,WH0010,PRD0028,2025-10-01,5881,1108,443
INVSNP0015710,WH0010,PRD0028,2025-11-01,4462,1108,443
INVSNP0015711,WH0010,PRD0028,2025-12-01,5092,1108,443
INVSNP0015712,WH0010,PRD0028,2026-01-01,3834,1108,443
INVSNP0015713,WH0010,PRD0028,2026-02-01,3872,1108,443
INVSNP0015714,WH0010,PRD0028,2026-03-01,4339,1108,443
INVSNP0015715,WH0010,PRD0028,2026-04-01,3785,1108,443
INVSNP0015716,WH0010,PRD0028,2026-05-01,4856,1108,443
INVSNP0015717,WH0010,PRD0028,2026-06-01,4336,1108,443
INVSNP0015718,WH0010,PRD0028,2026-07-01,3168,1108,443
INVSNP0015719,WH0010,PRD0028,2026-08-01,2657,1108,443
INVSNP0015720,WH0010,PRD0028,2026-09-01,5007,1108,443
INVSNP0015721,WH0010,PRD0103,2024-10-01,2017,428,171
INVSNP0015722,WH0010,PRD0103,2024-11-01,1285,428,171
INVSNP0015723,WH0010,PRD0103,2024-12-01,1539,428,171
INVSNP0015724,WH0010,PRD0103,2025-01-01,1948,428,171
INVSNP0015725,WH0010,PRD0103,2025-02-01,2131,428,171
INVSNP0015726,WH0010,PRD0103,2025-03-01,2152,428,171
INVSNP0015727,WH0010,PRD0103,2025-04-01,1963,428,171
INVSNP0015728,WH0010,PRD0103,2025-05-01,1807,428,171
INVSNP0015729,WH0010,PRD0103,2025-06-01,2332,428,171
INVSNP0015730,WH0010,PRD0103,2025-07-01,1792,428,171
INVSNP0015731,WH0010,PRD0103,2025-08-01,1548,428,171
INVSNP0015732,WH0010,PRD0103,2025-09-01,1564,428,171
INVSNP0015733,WH0010,PRD0103,2025-10-01,1527,428,171
INVSNP0015734,WH0010,PRD0103,2025-11-01,1730,428,171
INVSNP0015735,WH0010,PRD0103,2025-12-01,1863,428,171
INVSNP0015736,WH0010,PRD0103,2026-01-01,1457,428,171
INVSNP0015737,WH0010,PRD0103,2026-02-01,1419,428,171
INVSNP0015738,WH0010,PRD0103,2026-03-01,1656,428,171
INVSNP0015739,WH0010,PRD0103,2026-04-01,1769,428,171
INVSNP0015740,WH0010,PRD0103,2026-05-01,1658,428,171
INVSNP0015741,WH0010,PRD0103,2026-06-01,1536,428,171
INVSNP0015742,WH0010,PRD0103,2026-07-01,1627,428,171
INVSNP0015743,WH0010,PRD0103,2026-08-01,1746,428,171
INVSNP0015744,WH0010,PRD0103,2026-09-01,1456,428,171
INVSNP0015745,WH0010,PRD0096,2024-10-01,2158,506,202
INVSNP0015746,WH0010,PRD0096,2024-11-01,1838,506,202
INVSNP0015747,WH0010,PRD0096,2024-12-01,2066,506,202
INVSNP0015748,WH0010,PRD0096,2025-01-01,2020,506,202
INVSNP0015749,WH0010,PRD0096,2025-02-01,2288,506,202
INVSNP0015750,WH0010,PRD0096,2025-03-01,1902,506,202
INVSNP0015751,WH0010,PRD0096,2025-04-01,1758,506,202
INVSNP0015752,WH0010,PRD0096,2025-05-01,2085,506,202
INVSNP0015753,WH0010,PRD0096,2025-06-01,1943,506,202
INVSNP0015754,WH0010,PRD0096,2025-07-01,1897,506,202
INVSNP0015755,WH0010,PRD0096,2025-08-01,2016,506,202
INVSNP0015756,WH0010,PRD0096,2025-09-01,2061,506,202
INVSNP0015757,WH0010,PRD0096,2025-10-01,1903,506,202
INVSNP0015758,WH0010,PRD0096,2025-11-01,1477,506,202
INVSNP0015759,WH0010,PRD0096,2025-12-01,2044,506,202
INVSNP0015760,WH0010,PRD0096,2026-01-01,2429,506,202
INVSNP0015761,WH0010,PRD0096,2026-02-01,2329,506,202
INVSNP0015762,WH0010,PRD0096,2026-03-01,2055,506,202
INVSNP0015763,WH0010,PRD0096,2026-04-01,1872,506,202
INVSNP0015764,WH0010,PRD0096,2026-05-01,1843,506,202
INVSNP0015765,WH0010,PRD0096,2026-06-01,2126,506,202
INVSNP0015766,WH0010,PRD0096,2026-07-01,2224,506,202
INVSNP0015767,WH0010,PRD0096,2026-08-01,1802,506,202
INVSNP0015768,WH0010,PRD0096,2026-09-01,2206,506,202
INVSNP0015769,WH0010,PRD0026,2024-10-01,460,100,40
INVSNP0015770,WH0010,PRD0026,2024-11-01,456,100,40
INVSNP0015771,WH0010,PRD0026,2024-12-01,308,100,40
INVSNP0015772,WH0010,PRD0026,2025-01-01,402,100,40
INVSNP0015773,WH0010,PRD0026,2025-02-01,324,100,40
INVSNP0015774,WH0010,PRD0026,2025-03-01,378,100,40
INVSNP0015775,WH0010,PRD0026,2025-04-01,307,100,40
INVSNP0015776,WH0010,PRD0026,2025-05-01,376,100,40
INVSNP0015777,WH0010,PRD0026,2025-06-01,320,100,40
INVSNP0015778,WH0010,PRD0026,2025-07-01,397,100,40
INVSNP0015779,WH0010,PRD0026,2025-08-01,385,100,40
INVSNP0015780,WH0010,PRD0026,2025-09-01,458,100,40
INVSNP0015781,WH0010,PRD0026,2025-10-01,409,100,40
INVSNP0015782,WH0010,PRD0026,2025-11-01,491,100,40
INVSNP0015783,WH0010,PRD0026,2025-12-01,427,100,40
INVSNP0015784,WH0010,PRD0026,2026-01-01,388,100,40
INVSNP0015785,WH0010,PRD0026,2026-02-01,490,100,40
INVSNP0015786,WH0010,PRD0026,2026-03-01,291,100,40
INVSNP0015787,WH0010,PRD0026,2026-04-01,407,100,40
INVSNP0015788,WH0010,PRD0026,2026-05-01,324,100,40
INVSNP0015789,WH0010,PRD0026,2026-06-01,475,100,40
INVSNP0015790,WH0010,PRD0026,2026-07-01,405,100,40
INVSNP0015791,WH0010,PRD0026,2026-08-01,441,100,40
INVSNP0015792,WH0010,PRD0026,2026-09-01,428,100,40
INVSNP0015793,WH0010,PRD0095,2024-10-01,2500,685,274
INVSNP0015794,WH0010,PRD0095,2024-11-01,3004,685,274
INVSNP0015795,WH0010,PRD0095,2024-12-01,2647,685,274
INVSNP0015796,WH0010,PRD0095,2025-01-01,2650,685,274
INVSNP0015797,WH0010,PRD0095,2025-02-01,3076,685,274
INVSNP0015798,WH0010,PRD0095,2025-03-01,2262,685,274
INVSNP0015799,WH0010,PRD0095,2025-04-01,3246,685,274
INVSNP0015800,WH0010,PRD0095,2025-05-01,2875,685,274
INVSNP0015801,WH0010,PRD0095,2025-06-01,2890,685,274
INVSNP0015802,WH0010,PRD0095,2025-07-01,2220,685,274
INVSNP0015803,WH0010,PRD0095,2025-08-01,3018,685,274
INVSNP0015804,WH0010,PRD0095,2025-09-01,2895,685,274
INVSNP0015805,WH0010,PRD0095,2025-10-01,2461,685,274
INVSNP0015806,WH0010,PRD0095,2025-11-01,2555,685,274
INVSNP0015807,WH0010,PRD0095,2025-12-01,2388,685,274
INVSNP0015808,WH0010,PRD0095,2026-01-01,2205,685,274
INVSNP0015809,WH0010,PRD0095,2026-02-01,2197,685,274
INVSNP0015810,WH0010,PRD0095,2026-03-01,2113,685,274
INVSNP0015811,WH0010,PRD0095,2026-04-01,2538,685,274
INVSNP0015812,WH0010,PRD0095,2026-05-01,2769,685,274
INVSNP0015813,WH0010,PRD0095,2026-06-01,2810,685,274
INVSNP0015814,WH0010,PRD0095,2026-07-01,3065,685,274
INVSNP0015815,WH0010,PRD0095,2026-08-01,2028,685,274
INVSNP0015816,WH0010,PRD0095,2026-09-01,3065,685,274
INVSNP0015817,WH0010,PRD0115,2024-10-01,245,67,26
INVSNP0015818,WH0010,PRD0115,2024-11-01,300,67,26
INVSNP0015819,WH0010,PRD0115,2024-12-01,221,67,26
INVSNP0015820,WH0010,PRD0115,2025-01-01,315,67,26
INVSNP0015821,WH0010,PRD0115,2025-02-01,332,67,26
INVSNP0015822,WH0010,PRD0115,2025-03-01,348,67,26
INVSNP0015823,WH0010,PRD0115,2025-04-01,307,67,26
INVSNP0015824,WH0010,PRD0115,2025-05-01,306,67,26
INVSNP0015825,WH0010,PRD0115,2025-06-01,251,67,26
INVSNP0015826,WH0010,PRD0115,2025-07-01,216,67,26
INVSNP0015827,WH0010,PRD0115,2025-08-01,270,67,26
INVSNP0015828,WH0010,PRD0115,2025-09-01,254,67,26
INVSNP0015829,WH0010,PRD0115,2025-10-01,271,67,26
INVSNP0015830,WH0010,PRD0115,2025-11-01,285,67,26
INVSNP0015831,WH0010,PRD0115,2025-12-01,241,67,26
INVSNP0015832,WH0010,PRD0115,2026-01-01,239,67,26
INVSNP0015833,WH0010,PRD0115,2026-02-01,324,67,26
INVSNP0015834,WH0010,PRD0115,2026-03-01,220,67,26
INVSNP0015835,WH0010,PRD0115,2026-04-01,274,67,26
INVSNP0015836,WH0010,PRD0115,2026-05-01,211,67,26
INVSNP0015837,WH0010,PRD0115,2026-06-01,268,67,26
INVSNP0015838,WH0010,PRD0115,2026-07-01,218,67,26
INVSNP0015839,WH0010,PRD0115,2026-08-01,264,67,26
INVSNP0015840,WH0010,PRD0115,2026-09-01,314,67,26
INVSNP0015841,WH0010,PRD0002,2024-10-01,297,106,42
INVSNP0015842,WH0010,PRD0002,2024-11-01,402,106,42
INVSNP0015843,WH0010,PRD0002,2024-12-01,460,106,42
INVSNP0015844,WH0010,PRD0002,2025-01-01,499,106,42
INVSNP0015845,WH0010,PRD0002,2025-02-01,429,106,42
INVSNP0015846,WH0010,PRD0002,2025-03-01,446,106,42
INVSNP0015847,WH0010,PRD0002,2025-04-01,517,106,42
INVSNP0015848,WH0010,PRD0002,2025-05-01,457,106,42
INVSNP0015849,WH0010,PRD0002,2025-06-01,305,106,42
INVSNP0015850,WH0010,PRD0002,2025-07-01,338,106,42
INVSNP0015851,WH0010,PRD0002,2025-08-01,419,106,42
INVSNP0015852,WH0010,PRD0002,2025-09-01,433,106,42
INVSNP0015853,WH0010,PRD0002,2025-10-01,556,106,42
INVSNP0015854,WH0010,PRD0002,2025-11-01,508,106,42
INVSNP0015855,WH0010,PRD0002,2025-12-01,381,106,42
INVSNP0015856,WH0010,PRD0002,2026-01-01,433,106,42
INVSNP0015857,WH0010,PRD0002,2026-02-01,410,106,42
INVSNP0015858,WH0010,PRD0002,2026-03-01,571,106,42
INVSNP0015859,WH0010,PRD0002,2026-04-01,328,106,42
INVSNP0015860,WH0010,PRD0002,2026-05-01,435,106,42
INVSNP0015861,WH0010,PRD0002,2026-06-01,375,106,42
INVSNP0015862,WH0010,PRD0002,2026-07-01,374,106,42
INVSNP0015863,WH0010,PRD0002,2026-08-01,501,106,42
INVSNP0015864,WH0010,PRD0002,2026-09-01,338,106,42
INVSNP0015865,WH0010,PRD0047,2024-10-01,3014,790,316
INVSNP0015866,WH0010,PRD0047,2024-11-01,3489,790,316
INVSNP0015867,WH0010,PRD0047,2024-12-01,3415,790,316
INVSNP0015868,WH0010,PRD0047,2025-01-01,3240,790,316
INVSNP0015869,WH0010,PRD0047,2025-02-01,2778,790,316
INVSNP0015870,WH0010,PRD0047,2025-03-01,3610,790,316
INVSNP0015871,WH0010,PRD0047,2025-04-01,3575,790,316
INVSNP0015872,WH0010,PRD0047,2025-05-01,2475,790,316
INVSNP0015873,WH0010,PRD0047,2025-06-01,3297,790,316
INVSNP0015874,WH0010,PRD0047,2025-07-01,3278,790,316
INVSNP0015875,WH0010,PRD0047,2025-08-01,2727,790,316
INVSNP0015876,WH0010,PRD0047,2025-09-01,3192,790,316
INVSNP0015877,WH0010,PRD0047,2025-10-01,3611,790,316
INVSNP0015878,WH0010,PRD0047,2025-11-01,3204,790,316
INVSNP0015879,WH0010,PRD0047,2025-12-01,3517,790,316
INVSNP0015880,WH0010,PRD0047,2026-01-01,3373,790,316
INVSNP0015881,WH0010,PRD0047,2026-02-01,2591,790,316
INVSNP0015882,WH0010,PRD0047,2026-03-01,2605,790,316
INVSNP0015883,WH0010,PRD0047,2026-04-01,3366,790,316
INVSNP0015884,WH0010,PRD0047,2026-05-01,2617,790,316
INVSNP0015885,WH0010,PRD0047,2026-06-01,2464,790,316
INVSNP0015886,WH0010,PRD0047,2026-07-01,2989,790,316
INVSNP0015887,WH0010,PRD0047,2026-08-01,4310,790,316
INVSNP0015888,WH0010,PRD0047,2026-09-01,4332,790,316
INVSNP0015889,WH0010,PRD0093,2024-10-01,4116,884,353
INVSNP0015890,WH0010,PRD0093,2024-11-01,3472,884,353
INVSNP0015891,WH0010,PRD0093,2024-12-01,3929,884,353
INVSNP0015892,WH0010,PRD0093,2025-01-01,3149,884,353
INVSNP0015893,WH0010,PRD0093,2025-02-01,3246,884,353
INVSNP0015894,WH0010,PRD0093,2025-03-01,2729,884,353
INVSNP0015895,WH0010,PRD0093,2025-04-01,3617,884,353
INVSNP0015896,WH0010,PRD0093,2025-05-01,3999,884,353
INVSNP0015897,WH0010,PRD0093,2025-06-01,3628,884,353
INVSNP0015898,WH0010,PRD0093,2025-07-01,2806,884,353
INVSNP0015899,WH0010,PRD0093,2025-08-01,2665,884,353
INVSNP0015900,WH0010,PRD0093,2025-09-01,3315,884,353
INVSNP0015901,WH0010,PRD0093,2025-10-01,4146,884,353
INVSNP0015902,WH0010,PRD0093,2025-11-01,4101,884,353
INVSNP0015903,WH0010,PRD0093,2025-12-01,3211,884,353
INVSNP0015904,WH0010,PRD0093,2026-01-01,3464,884,353
INVSNP0015905,WH0010,PRD0093,2026-02-01,3605,884,353
INVSNP0015906,WH0010,PRD0093,2026-03-01,4310,884,353
INVSNP0015907,WH0010,PRD0093,2026-04-01,4056,884,353
INVSNP0015908,WH0010,PRD0093,2026-05-01,3084,884,353
INVSNP0015909,WH0010,PRD0093,2026-06-01,3496,884,353
INVSNP0015910,WH0010,PRD0093,2026-07-01,2233,884,353
INVSNP0015911,WH0010,PRD0093,2026-08-01,2990,884,353
INVSNP0015912,WH0010,PRD0093,2026-09-01,3242,884,353
INVSNP0015913,WH0010,PRD0113,2024-10-01,661,171,68
INVSNP0015914,WH0010,PRD0113,2024-11-01,658,171,68
INVSNP0015915,WH0010,PRD0113,2024-12-01,497,171,68
INVSNP0015916,WH0010,PRD0113,2025-01-01,884,171,68
INVSNP0015917,WH0010,PRD0113,2025-02-01,823,171,68
INVSNP0015918,WH0010,PRD0113,2025-03-01,624,171,68
INVSNP0015919,WH0010,PRD0113,2025-04-01,791,171,68
INVSNP0015920,WH0010,PRD0113,2025-05-01,705,171,68
INVSNP0015921,WH0010,PRD0113,2025-06-01,675,171,68
INVSNP0015922,WH0010,PRD0113,2025-07-01,428,171,68
INVSNP0015923,WH0010,PRD0113,2025-08-01,840,171,68
INVSNP0015924,WH0010,PRD0113,2025-09-01,570,171,68
INVSNP0015925,WH0010,PRD0113,2025-10-01,548,171,68
INVSNP0015926,WH0010,PRD0113,2025-11-01,765,171,68
INVSNP0015927,WH0010,PRD0113,2025-12-01,628,171,68
INVSNP0015928,WH0010,PRD0113,2026-01-01,630,171,68
INVSNP0015929,WH0010,PRD0113,2026-02-01,978,171,68
INVSNP0015930,WH0010,PRD0113,2026-03-01,639,171,68
INVSNP0015931,WH0010,PRD0113,2026-04-01,779,171,68
INVSNP0015932,WH0010,PRD0113,2026-05-01,764,171,68
INVSNP0015933,WH0010,PRD0113,2026-06-01,727,171,68
INVSNP0015934,WH0010,PRD0113,2026-07-01,719,171,68
INVSNP0015935,WH0010,PRD0113,2026-08-01,703,171,68
INVSNP0015936,WH0010,PRD0113,2026-09-01,569,171,68
INVSNP0015937,WH0010,PRD0147,2024-10-01,176,57,22
INVSNP0015938,WH0010,PRD0147,2024-11-01,215,57,22
INVSNP0015939,WH0010,PRD0147,2024-12-01,226,57,22
INVSNP0015940,WH0010,PRD0147,2025-01-01,244,57,22
INVSNP0015941,WH0010,PRD0147,2025-02-01,229,57,22
INVSNP0015942,WH0010,PRD0147,2025-03-01,222,57,22
INVSNP0015943,WH0010,PRD0147,2025-04-01,175,57,22
INVSNP0015944,WH0010,PRD0147,2025-05-01,195,57,22
INVSNP0015945,WH0010,PRD0147,2025-06-01,257,57,22
INVSNP0015946,WH0010,PRD0147,2025-07-01,243,57,22
INVSNP0015947,WH0010,PRD0147,2025-08-01,202,57,22
INVSNP0015948,WH0010,PRD0147,2025-09-01,273,57,22
INVSNP0015949,WH0010,PRD0147,2025-10-01,260,57,22
INVSNP0015950,WH0010,PRD0147,2025-11-01,197,57,22
INVSNP0015951,WH0010,PRD0147,2025-12-01,219,57,22
INVSNP0015952,WH0010,PRD0147,2026-01-01,176,57,22
INVSNP0015953,WH0010,PRD0147,2026-02-01,210,57,22
INVSNP0015954,WH0010,PRD0147,2026-03-01,271,57,22
INVSNP0015955,WH0010,PRD0147,2026-04-01,247,57,22
INVSNP0015956,WH0010,PRD0147,2026-05-01,203,57,22
INVSNP0015957,WH0010,PRD0147,2026-06-01,263,57,22
INVSNP0015958,WH0010,PRD0147,2026-07-01,227,57,22
INVSNP0015959,WH0010,PRD0147,2026-08-01,246,57,22
INVSNP0015960,WH0010,PRD0147,2026-09-01,206,57,22
INVSNP0015961,WH0010,PRD0139,2024-10-01,3070,687,275
INVSNP0015962,WH0010,PRD0139,2024-11-01,2973,687,275
INVSNP0015963,WH0010,PRD0139,2024-12-01,2247,687,275
INVSNP0015964,WH0010,PRD0139,2025-01-01,2100,687,275
INVSNP0015965,WH0010,PRD0139,2025-02-01,2968,687,275
INVSNP0015966,WH0010,PRD0139,2025-03-01,2583,687,275
INVSNP0015967,WH0010,PRD0139,2025-04-01,2370,687,275
INVSNP0015968,WH0010,PRD0139,2025-05-01,2912,687,275
INVSNP0015969,WH0010,PRD0139,2025-06-01,2543,687,275
INVSNP0015970,WH0010,PRD0139,2025-07-01,2632,687,275
INVSNP0015971,WH0010,PRD0139,2025-08-01,3408,687,275
INVSNP0015972,WH0010,PRD0139,2025-09-01,2595,687,275
INVSNP0015973,WH0010,PRD0139,2025-10-01,2573,687,275
INVSNP0015974,WH0010,PRD0139,2025-11-01,1940,687,275
INVSNP0015975,WH0010,PRD0139,2025-12-01,1974,687,275
INVSNP0015976,WH0010,PRD0139,2026-01-01,2726,687,275
INVSNP0015977,WH0010,PRD0139,2026-02-01,2974,687,275
INVSNP0015978,WH0010,PRD0139,2026-03-01,2563,687,275
INVSNP0015979,WH0010,PRD0139,2026-04-01,2853,687,275
INVSNP0015980,WH0010,PRD0139,2026-05-01,2468,687,275
INVSNP0015981,WH0010,PRD0139,2026-06-01,2418,687,275
INVSNP0015982,WH0010,PRD0139,2026-07-01,3151,687,275
INVSNP0015983,WH0010,PRD0139,2026-08-01,2461,687,275
INVSNP0015984,WH0010,PRD0139,2026-09-01,2713,687,275
INVSNP0015985,WH0010,PRD0107,2024-10-01,3562,795,318
INVSNP0015986,WH0010,PRD0107,2024-11-01,2665,795,318
INVSNP0015987,WH0010,PRD0107,2024-12-01,3215,795,318
INVSNP0015988,WH0010,PRD0107,2025-01-01,3361,795,318
INVSNP0015989,WH0010,PRD0107,2025-02-01,2176,795,318
INVSNP0015990,WH0010,PRD0107,2025-03-01,4065,795,318
INVSNP0015991,WH0010,PRD0107,2025-04-01,3552,795,318
INVSNP0015992,WH0010,PRD0107,2025-05-01,3739,795,318
INVSNP0015993,WH0010,PRD0107,2025-06-01,2864,795,318
INVSNP0015994,WH0010,PRD0107,2025-07-01,3567,795,318
INVSNP0015995,WH0010,PRD0107,2025-08-01,3671,795,318
INVSNP0015996,WH0010,PRD0107,2025-09-01,3222,795,318
INVSNP0015997,WH0010,PRD0107,2025-10-01,4150,795,318
INVSNP0015998,WH0010,PRD0107,2025-11-01,2390,795,318
INVSNP0015999,WH0010,PRD0107,2025-12-01,3488,795,318
INVSNP0016000,WH0010,PRD0107,2026-01-01,2700,795,318
INVSNP0016001,WH0010,PRD0107,2026-02-01,3352,795,318
INVSNP0016002,WH0010,PRD0107,2026-03-01,2486,795,318
INVSNP0016003,WH0010,PRD0107,2026-04-01,3270,795,318
INVSNP0016004,WH0010,PRD0107,2026-05-01,2787,795,318
INVSNP0016005,WH0010,PRD0107,2026-06-01,2913,795,318
INVSNP0016006,WH0010,PRD0107,2026-07-01,3796,795,318
INVSNP0016007,WH0010,PRD0107,2026-08-01,2780,795,318
INVSNP0016008,WH0010,PRD0107,2026-09-01,3746,795,318
INVSNP0016009,WH0010,PRD0049,2024-10-01,2074,426,170
INVSNP0016010,WH0010,PRD0049,2024-11-01,1295,426,170
INVSNP0016011,WH0010,PRD0049,2024-12-01,1521,426,170
INVSNP0016012,WH0010,PRD0049,2025-01-01,1518,426,170
INVSNP0016013,WH0010,PRD0049,2025-02-01,2168,426,170
INVSNP0016014,WH0010,PRD0049,2025-03-01,1907,426,170
INVSNP0016015,WH0010,PRD0049,2025-04-01,1820,426,170
INVSNP0016016,WH0010,PRD0049,2025-05-01,1854,426,170
INVSNP0016017,WH0010,PRD0049,2025-06-01,1773,426,170
INVSNP0016018,WH0010,PRD0049,2025-07-01,1509,426,170
INVSNP0016019,WH0010,PRD0049,2025-08-01,1450,426,170
INVSNP0016020,WH0010,PRD0049,2025-09-01,1840,426,170
INVSNP0016021,WH0010,PRD0049,2025-10-01,1690,426,170
INVSNP0016022,WH0010,PRD0049,2025-11-01,2039,426,170
INVSNP0016023,WH0010,PRD0049,2025-12-01,1712,426,170
INVSNP0016024,WH0010,PRD0049,2026-01-01,1972,426,170
INVSNP0016025,WH0010,PRD0049,2026-02-01,1766,426,170
INVSNP0016026,WH0010,PRD0049,2026-03-01,1685,426,170
INVSNP0016027,WH0010,PRD0049,2026-04-01,2229,426,170
INVSNP0016028,WH0010,PRD0049,2026-05-01,1631,426,170
INVSNP0016029,WH0010,PRD0049,2026-06-01,1541,426,170
INVSNP0016030,WH0010,PRD0049,2026-07-01,2067,426,170
INVSNP0016031,WH0010,PRD0049,2026-08-01,1663,426,170
INVSNP0016032,WH0010,PRD0049,2026-09-01,2043,426,170
INVSNP0016033,WH0010,PRD0055,2024-10-01,1913,590,236
INVSNP0016034,WH0010,PRD0055,2024-11-01,2735,590,236
INVSNP0016035,WH0010,PRD0055,2024-12-01,2192,590,236
INVSNP0016036,WH0010,PRD0055,2025-01-01,2316,590,236
INVSNP0016037,WH0010,PRD0055,2025-02-01,2356,590,236
INVSNP0016038,WH0010,PRD0055,2025-03-01,2232,590,236
INVSNP0016039,WH0010,PRD0055,2025-04-01,1658,590,236
INVSNP0016040,WH0010,PRD0055,2025-05-01,2855,590,236
INVSNP0016041,WH0010,PRD0055,2025-06-01,2223,590,236
INVSNP0016042,WH0010,PRD0055,2025-07-01,2437,590,236
INVSNP0016043,WH0010,PRD0055,2025-08-01,2643,590,236
INVSNP0016044,WH0010,PRD0055,2025-09-01,2202,590,236
INVSNP0016045,WH0010,PRD0055,2025-10-01,1842,590,236
INVSNP0016046,WH0010,PRD0055,2025-11-01,2322,590,236
INVSNP0016047,WH0010,PRD0055,2025-12-01,2156,590,236
INVSNP0016048,WH0010,PRD0055,2026-01-01,1725,590,236
INVSNP0016049,WH0010,PRD0055,2026-02-01,2736,590,236
INVSNP0016050,WH0010,PRD0055,2026-03-01,1847,590,236
INVSNP0016051,WH0010,PRD0055,2026-04-01,2177,590,236
INVSNP0016052,WH0010,PRD0055,2026-05-01,2518,590,236
INVSNP0016053,WH0010,PRD0055,2026-06-01,1635,590,236
INVSNP0016054,WH0010,PRD0055,2026-07-01,1985,590,236
INVSNP0016055,WH0010,PRD0055,2026-08-01,1897,590,236
INVSNP0016056,WH0010,PRD0055,2026-09-01,2639,590,236
INVSNP0016057,WH0010,PRD0094,2024-10-01,580,133,53
INVSNP0016058,WH0010,PRD0094,2024-11-01,601,133,53
INVSNP0016059,WH0010,PRD0094,2024-12-01,431,133,53
INVSNP0016060,WH0010,PRD0094,2025-01-01,530,133,53
INVSNP0016061,WH0010,PRD0094,2025-02-01,538,133,53
INVSNP0016062,WH0010,PRD0094,2025-03-01,569,133,53
INVSNP0016063,WH0010,PRD0094,2025-04-01,518,133,53
INVSNP0016064,WH0010,PRD0094,2025-05-01,465,133,53
INVSNP0016065,WH0010,PRD0094,2025-06-01,403,133,53
INVSNP0016066,WH0010,PRD0094,2025-07-01,371,133,53
INVSNP0016067,WH0010,PRD0094,2025-08-01,485,133,53
INVSNP0016068,WH0010,PRD0094,2025-09-01,445,133,53
INVSNP0016069,WH0010,PRD0094,2025-10-01,455,133,53
INVSNP0016070,WH0010,PRD0094,2025-11-01,650,133,53
INVSNP0016071,WH0010,PRD0094,2025-12-01,517,133,53
INVSNP0016072,WH0010,PRD0094,2026-01-01,581,133,53
INVSNP0016073,WH0010,PRD0094,2026-02-01,387,133,53
INVSNP0016074,WH0010,PRD0094,2026-03-01,666,133,53
INVSNP0016075,WH0010,PRD0094,2026-04-01,636,133,53
INVSNP0016076,WH0010,PRD0094,2026-05-01,514,133,53
INVSNP0016077,WH0010,PRD0094,2026-06-01,432,133,53
INVSNP0016078,WH0010,PRD0094,2026-07-01,598,133,53
INVSNP0016079,WH0010,PRD0094,2026-08-01,518,133,53
INVSNP0016080,WH0010,PRD0094,2026-09-01,629,133,53
