invoice_id,po_id,invoice_date,amount,payment_status,payment_date
INV000001,PO000001,2025-10-05,1001.52,paid,2025-11-06
INV000002,PO000002,2024-10-01,173436.18,pending,
INV000003,PO000003,2024-12-04,2457.0,pending,
INV000004,PO000004,2026-08-18,138842.24,paid,2026-08-25
INV000005,PO000005,2026-06-02,93593.21,paid,2026-06-15
INV000006,PO000006,2026-01-01,26132.6,paid,2026-01-29
INV000007,PO000007,2024-09-22,547390.35,pending,
INV000008,PO000008,2025-08-20,341.77,paid,2025-09-03
INV000009,PO000009,2025-02-21,494380.25,pending,
INV000010,PO000010,2026-06-07,221422.96,paid,2026-06-22
INV000011,PO000011,2025-01-10,56879.1,pending,
INV000012,PO000012,2025-09-08,161198.76,paid,2025-10-21
INV000013,PO000013,2024-10-20,23377.36,pending,
INV000015,PO000015,2026-04-13,13739.52,paid,2026-05-21
INV000017,PO000017,2026-08-29,26348.25,overdue,
INV000018,PO000018,2024-12-18,844182.58,paid,2024-12-29
INV000019,PO000019,2025-11-02,290189.28,pending,
INV000020,PO000020,2025-08-03,229.68,pending,
INV000021,PO000021,2026-03-07,455.07,pending,
INV000022,PO000022,2026-06-15,61546.72,paid,2026-07-06
INV000023,PO000023,2026-09-12,1283035.98,paid,2026-10-01
INV000024,PO000024,2025-07-13,441.44,paid,2025-08-20
INV000025,PO000025,2025-05-18,4672.77,paid,2025-06-03
INV000026,PO000026,2026-07-29,86116.14,paid,2026-08-14
INV000027,PO000027,2026-02-25,378286.12,paid,2026-03-12
INV000028,PO000028,2025-03-30,34805.06,paid,2025-04-21
INV000029,PO000029,2025-04-04,1809.5,paid,2025-05-03
INV000030,PO000030,2025-10-21,1610.35,paid,2025-10-26
INV000031,PO000031,2025-10-09,196710.48,pending,
INV000033,PO000033,2026-08-05,858.24,paid,2026-08-11
INV000034,PO000034,2025-07-29,5604.68,paid,2025-08-29
INV000035,PO000035,2026-02-09,68131.8,pending,
INV000036,PO000036,2026-05-01,3644.63,overdue,
INV000037,PO000037,2026-02-22,1078438.17,paid,2026-03-26
INV000038,PO000038,2026-06-03,1064796.0,paid,2026-06-30
INV000039,PO000039,2025-10-30,42668.86,paid,2025-11-16
INV000041,PO000041,2026-08-11,300105.6,overdue,
INV000042,PO000042,2025-08-12,142648.05,overdue,
INV000043,PO000043,2025-03-26,3252.48,paid,2025-04-02
INV000044,PO000044,2025-06-20,9391.34,paid,2025-07-29
INV000045,PO000045,2024-09-18,438.4,paid,2024-10-21
INV000046,PO000046,2024-11-09,196158.62,paid,2024-11-28
INV000047,PO000047,2026-06-23,58254.3,paid,2026-07-23
INV000049,PO000049,2026-04-28,57.75,paid,2026-06-03
INV000050,PO000050,2026-06-03,14944.5,paid,2026-06-27
INV000051,PO000051,2024-11-09,83334.67,overdue,
INV000053,PO000053,2025-06-30,171292.8,paid,2025-07-14
INV000054,PO000054,2024-10-16,269506.26,paid,2024-10-29
INV000055,PO000055,2025-05-11,525.78,paid,2025-06-12
INV000056,PO000056,2026-04-11,237.6,paid,2026-04-18
INV000057,PO000057,2025-12-27,3316397.09,pending,
INV000058,PO000058,2026-05-04,704.16,pending,
INV000059,PO000059,2025-12-01,437780.08,pending,
INV000060,PO000060,2025-05-31,9930.99,paid,2025-06-24
INV000061,PO000061,2025-05-18,970.7,paid,2025-06-05
INV000062,PO000062,2025-10-12,650104.95,paid,2025-11-24
INV000063,PO000063,2026-06-17,145645.0,paid,2026-07-06
INV000064,PO000064,2026-06-23,13883.02,paid,2026-07-25
INV000065,PO000065,2025-11-06,318339.48,paid,2025-12-15
INV000066,PO000066,2026-07-21,261869.2,paid,2026-08-25
INV000067,PO000067,2025-01-19,14309.28,pending,
INV000068,PO000068,2026-06-13,137378.7,paid,2026-06-26
INV000070,PO000070,2024-10-30,67.25,pending,
INV000071,PO000071,2026-01-10,3322.1,overdue,
INV000072,PO000072,2025-05-20,445021.92,paid,2025-06-01
INV000073,PO000073,2025-09-09,12399.44,pending,
INV000074,PO000074,2026-01-18,6201.44,paid,2026-02-03
INV000075,PO000075,2026-02-16,575.99,paid,2026-03-15
INV000076,PO000076,2026-02-13,90418.38,paid,2026-03-06
INV000077,PO000077,2026-03-07,90849.64,pending,
INV000078,PO000078,2025-02-27,445513.39,pending,
INV000080,PO000080,2025-05-26,5625.36,paid,2025-06-30
INV000081,PO000081,2025-01-22,10254.6,paid,2025-01-27
INV000082,PO000082,2025-08-10,2735.05,paid,2025-09-11
INV000083,PO000083,2025-01-15,865.36,paid,2025-02-17
INV000084,PO000084,2026-07-06,153183.94,paid,2026-08-07
INV000085,PO000085,2025-11-05,1823.52,paid,2025-11-28
INV000086,PO000086,2026-06-29,31975.96,overdue,
INV000088,PO000088,2025-05-29,1319.01,pending,
INV000089,PO000089,2025-08-03,930.34,paid,2025-09-04
INV000090,PO000090,2024-11-18,189702.4,paid,2024-12-26
INV000091,PO000091,2026-05-11,344.52,overdue,
INV000092,PO000092,2025-06-07,4820.35,paid,2025-07-16
INV000093,PO000093,2025-06-17,369065.6,paid,2025-07-02
INV000094,PO000094,2025-01-21,286.12,pending,
INV000095,PO000095,2024-09-07,1687.34,overdue,
INV000096,PO000096,2026-03-11,292.32,pending,
INV000097,PO000097,2025-07-04,147455.73,pending,
INV000098,PO000098,2026-08-20,77196.55,paid,2026-09-25
INV000099,PO000099,2026-04-22,205.92,paid,2026-05-26
INV000100,PO000100,2024-12-06,39538.31,pending,
INV000101,PO000101,2025-04-22,474.3,pending,
INV000102,PO000102,2025-07-06,15865.45,pending,
INV000103,PO000103,2026-08-14,119072.24,paid,2026-09-09
INV000104,PO000104,2024-11-20,15716.16,paid,2024-12-12
INV000105,PO000105,2025-01-03,186663.4,pending,
INV000106,PO000106,2024-11-14,422086.71,paid,2024-11-22
INV000107,PO000107,2025-10-05,824277.9,pending,
INV000108,PO000108,2024-11-01,73453.4,overdue,
INV000109,PO000109,2026-03-10,6045.42,paid,2026-04-21
INV000110,PO000110,2025-05-20,532089.74,paid,2025-06-03
INV000111,PO000111,2025-02-03,33072.84,paid,2025-03-07
INV000112,PO000112,2025-06-29,2913.87,pending,
INV000113,PO000113,2025-11-24,502.32,paid,2025-12-10
INV000115,PO000115,2025-01-20,1673061.21,paid,2025-01-25
INV000116,PO000116,2026-02-12,42671.57,overdue,
INV000117,PO000117,2026-04-02,321822.3,paid,2026-05-08
INV000118,PO000118,2026-01-07,198.71,paid,2026-01-24
INV000119,PO000119,2025-06-26,378.27,paid,2025-07-18
INV000120,PO000120,2025-01-15,668.71,paid,2025-02-14
INV000121,PO000121,2024-11-12,5545.81,paid,2024-12-14
INV000122,PO000122,2025-07-10,2486.94,paid,2025-07-25
INV000123,PO000123,2024-11-01,10567.05,paid,2024-11-23
INV000124,PO000124,2025-08-29,9324.8,paid,2025-10-10
INV000125,PO000125,2026-02-24,29537.46,paid,2026-03-20
INV000126,PO000126,2024-10-16,239795.36,overdue,
INV000127,PO000127,2026-05-07,66598.35,paid,2026-05-24
INV000128,PO000128,2024-10-22,337493.92,paid,2024-11-12
INV000129,PO000129,2025-07-23,103572.63,paid,2025-08-26
INV000130,PO000130,2025-01-19,806157.12,paid,2025-02-06
INV000131,PO000131,2025-07-22,1114.56,paid,2025-08-26
INV000132,PO000132,2025-01-15,8182.7,pending,
INV000133,PO000133,2026-04-06,11985.12,paid,2026-05-15
INV000134,PO000134,2026-08-17,22210.8,pending,
INV000135,PO000135,2026-09-01,1070.42,paid,2026-09-27
INV000136,PO000136,2025-07-30,2774.88,paid,2025-09-08
INV000137,PO000137,2025-11-18,520602.84,pending,
INV000138,PO000138,2025-08-23,330.0,paid,2025-08-30
INV000139,PO000139,2024-10-08,62.91,paid,2024-11-10
INV000140,PO000140,2025-01-19,7928.7,paid,2025-02-11
INV000141,PO000141,2026-04-14,6944.22,paid,2026-05-18
INV000142,PO000142,2025-07-11,3096.04,paid,2025-08-24
INV000143,PO000143,2025-03-20,2559.52,paid,2025-04-01
INV000144,PO000144,2025-09-08,18315.52,paid,2025-10-17
INV000145,PO000145,2025-09-13,51147.45,pending,
INV000146,PO000146,2025-03-23,1338.75,pending,
INV000147,PO000147,2026-03-03,34966.32,paid,2026-03-16
INV000148,PO000148,2024-11-21,592062.5,paid,2024-12-03
INV000149,PO000149,2026-02-02,9597.28,pending,
INV000150,PO000150,2025-07-09,676175.16,pending,
INV000151,PO000151,2025-09-19,15671.84,paid,2025-10-17
INV000152,PO000152,2024-11-01,6790.0,paid,2024-11-16
INV000153,PO000153,2025-06-15,963793.92,paid,2025-07-29
INV000154,PO000154,2026-08-22,1664691.6,paid,2026-10-02
INV000155,PO000155,2024-12-04,472.12,paid,2025-01-17
INV000156,PO000156,2025-11-12,51499.46,paid,2025-12-01
INV000157,PO000157,2025-08-16,180132.48,paid,2025-09-02
INV000158,PO000158,2026-05-15,167.28,paid,2026-06-14
INV000159,PO000159,2024-11-11,11102.84,pending,
INV000160,PO000160,2025-12-20,7676.76,paid,2026-01-22
INV000161,PO000161,2025-05-03,275.88,paid,2025-05-21
INV000162,PO000162,2026-05-15,493466.32,paid,2026-05-21
INV000163,PO000163,2026-01-17,64808.26,paid,2026-02-28
INV000164,PO000164,2025-03-06,17922.96,paid,2025-03-17
INV000165,PO000165,2026-01-18,868195.72,overdue,
INV000166,PO000166,2024-12-06,586.53,paid,2025-01-08
INV000167,PO000167,2026-09-07,32927.68,paid,2026-09-14
INV000168,PO000168,2025-12-13,1399614.24,paid,2026-01-20
INV000169,PO000169,2026-02-05,633102.8,paid,2026-02-19
INV000170,PO000170,2026-02-28,1412.52,paid,2026-04-13
INV000171,PO000171,2024-12-27,2551.48,paid,2025-02-07
INV000172,PO000172,2024-12-15,516.12,paid,2025-01-17
INV000173,PO000173,2026-08-10,304536.32,paid,2026-09-17
INV000174,PO000174,2026-08-16,13749.84,paid,2026-09-10
INV000176,PO000176,2025-11-30,21204.05,pending,
INV000177,PO000177,2026-04-09,443561.3,paid,2026-05-02
INV000178,PO000178,2025-09-17,4474756.26,paid,2025-10-16
INV000179,PO000179,2025-01-24,6199.88,paid,2025-02-01
INV000180,PO000180,2026-02-18,209863.3,overdue,
INV000181,PO000181,2024-10-20,69360.48,paid,2024-11-26
INV000182,PO000182,2024-12-21,1135.7,pending,
INV000183,PO000183,2025-06-12,3615.7,paid,2025-07-14
INV000184,PO000184,2026-07-29,147593.76,paid,2026-08-19
INV000185,PO000185,2024-09-26,563626.99,paid,2024-10-10
INV000186,PO000186,2026-08-23,765.51,paid,2026-10-02
INV000187,PO000187,2025-11-19,346473.78,paid,2025-12-15
INV000188,PO000188,2026-06-25,157.08,pending,
INV000189,PO000189,2026-02-19,111.84,paid,2026-02-27
INV000190,PO000190,2025-05-05,3260.0,paid,2025-05-15
INV000191,PO000191,2025-05-31,1176108.48,paid,2025-06-26
INV000192,PO000192,2026-03-01,48097.08,paid,2026-04-04
INV000193,PO000193,2025-02-24,909828.9,paid,2025-03-29
INV000194,PO000194,2025-11-10,21098.0,paid,2025-12-23
INV000195,PO000195,2025-09-08,587815.83,pending,
INV000196,PO000196,2024-11-01,647.28,paid,2024-11-11
INV000198,PO000198,2024-11-30,1149.12,paid,2024-12-10
INV000199,PO000199,2025-09-23,50723.4,pending,
INV000200,PO000200,2026-09-09,207174.2,paid,2026-09-19
INV000202,PO000202,2025-11-19,3546.2,paid,2025-12-05
INV000203,PO000203,2026-01-27,33008.82,pending,
INV000204,PO000204,2025-03-22,11426.8,paid,2025-04-28
INV000205,PO000205,2026-05-14,110975.4,pending,
INV000206,PO000206,2026-05-24,7158.24,paid,2026-06-05
INV000207,PO000207,2026-02-11,2678.94,paid,2026-02-21
INV000208,PO000208,2024-12-31,649.6,pending,
INV000209,PO000209,2025-03-30,1314.55,overdue,
INV000210,PO000210,2024-11-20,719125.32,paid,2025-01-02
INV000211,PO000211,2025-04-16,76351.29,paid,2025-05-05
INV000212,PO000212,2025-11-09,83905.04,pending,
INV000213,PO000213,2024-10-14,400.8,paid,2024-11-07
INV000214,PO000214,2026-02-27,151718.58,paid,2026-04-12
INV000215,PO000215,2026-02-23,7929.26,paid,2026-04-06
INV000216,PO000216,2025-06-20,728918.64,overdue,
INV000217,PO000217,2025-05-07,36444.85,paid,2025-06-19
INV000218,PO000218,2026-07-09,733781.0,paid,2026-08-21
INV000219,PO000219,2024-11-09,5871.0,paid,2024-12-04
INV000220,PO000220,2025-06-13,1281.5,pending,
INV000221,PO000221,2025-09-28,50661.84,paid,2025-10-21
INV000223,PO000223,2025-11-11,5124.54,paid,2025-11-20
INV000224,PO000224,2025-10-29,118659.64,paid,2025-12-11
INV000225,PO000225,2026-06-27,15140.2,paid,2026-07-27
INV000226,PO000226,2025-10-18,171359.37,paid,2025-11-07
INV000227,PO000227,2026-02-28,306.07,overdue,
INV000228,PO000228,2025-04-13,224593.8,paid,2025-05-07
INV000229,PO000229,2026-03-09,340667.64,paid,2026-04-21
INV000230,PO000230,2025-10-14,602848.9,paid,2025-11-01
INV000231,PO000231,2024-10-17,376.74,pending,
INV000232,PO000232,2025-04-23,378.14,overdue,
INV000233,PO000233,2026-02-15,155164.8,paid,2026-03-27
INV000234,PO000234,2025-11-29,27014.56,overdue,
INV000235,PO000235,2026-08-26,901.59,pending,
INV000236,PO000236,2026-05-30,594.55,paid,2026-06-10
INV000237,PO000237,2026-07-26,227294.08,overdue,
INV000238,PO000238,2024-09-14,930.24,paid,2024-10-28
INV000239,PO000239,2026-04-27,304.8,paid,2026-06-07
INV000240,PO000240,2025-06-17,31132.92,paid,2025-07-20
INV000241,PO000241,2024-12-25,34896.88,overdue,
INV000242,PO000242,2026-05-31,14013.68,paid,2026-07-12
INV000243,PO000243,2025-01-02,963.75,paid,2025-01-21
INV000244,PO000244,2026-04-04,395988.48,overdue,
INV000245,PO000245,2025-07-15,412581.75,paid,2025-08-02
INV000246,PO000246,2026-04-11,1918.69,pending,
INV000248,PO000248,2026-05-02,1206473.66,paid,2026-05-12
INV000249,PO000249,2025-03-26,245.92,paid,2025-04-20
INV000250,PO000250,2025-01-28,139328.61,paid,2025-02-21
INV000251,PO000251,2025-03-03,31969.35,pending,
INV000252,PO000252,2025-02-23,152463.19,paid,2025-03-25
INV000254,PO000254,2025-03-27,5404.3,paid,2025-04-01
INV000255,PO000255,2026-02-13,836706.75,paid,2026-02-27
INV000257,PO000257,2025-01-27,75144.83,paid,2025-02-02
INV000258,PO000258,2026-08-25,106133.76,overdue,
INV000259,PO000259,2026-03-30,34620.24,paid,2026-04-26
INV000260,PO000260,2024-09-16,1942.28,paid,2024-10-06
INV000261,PO000261,2025-08-25,621.18,pending,
INV000262,PO000262,2025-12-04,7968.62,pending,
INV000263,PO000263,2025-10-07,5301.44,pending,
INV000264,PO000264,2025-12-14,542844.0,paid,2026-01-18
INV000265,PO000265,2026-04-24,6034.5,paid,2026-05-16
INV000266,PO000266,2024-10-22,1172.48,paid,2024-10-28
INV000267,PO000267,2026-05-13,15800.31,paid,2026-06-08
INV000268,PO000268,2025-06-04,4191.6,paid,2025-07-17
INV000269,PO000269,2026-09-14,963351.0,pending,
INV000270,PO000270,2025-12-21,22536.66,paid,2026-01-12
INV000271,PO000271,2026-05-06,1154.15,paid,2026-06-18
INV000273,PO000273,2025-05-18,15358.4,overdue,
INV000274,PO000274,2025-07-28,14287.28,paid,2025-08-12
INV000275,PO000275,2025-10-03,28002.11,paid,2025-10-13
INV000276,PO000276,2025-11-05,24180.48,paid,2025-11-30
INV000277,PO000277,2026-03-16,2246158.32,paid,2026-03-26
INV000278,PO000278,2026-02-10,103855.04,paid,2026-02-25
INV000279,PO000279,2025-04-23,65687.58,pending,
INV000280,PO000280,2025-05-03,470.0,paid,2025-06-01
INV000281,PO000281,2024-12-25,4846.14,paid,2025-01-07
INV000282,PO000282,2026-07-15,52051.17,paid,2026-08-04
INV000283,PO000283,2025-09-18,652688.82,paid,2025-10-23
INV000284,PO000284,2026-04-23,2125.1,paid,2026-05-24
INV000286,PO000286,2024-11-06,37025.1,paid,2024-11-14
INV000287,PO000287,2026-06-05,104079.95,paid,2026-07-19
INV000288,PO000288,2025-07-01,40442.0,paid,2025-07-06
INV000290,PO000290,2024-10-10,95948.32,paid,2024-11-14
INV000291,PO000291,2025-06-02,15207.68,overdue,
INV000292,PO000292,2026-04-07,15679.56,paid,2026-04-14
INV000293,PO000293,2024-10-24,2311.71,pending,
INV000295,PO000295,2025-01-26,326953.35,pending,
INV000297,PO000297,2024-11-06,27295.32,paid,2024-12-09
INV000298,PO000298,2025-07-15,154087.44,paid,2025-07-20
INV000299,PO000299,2026-02-07,55071.5,paid,2026-02-14
INV000300,PO000300,2025-10-27,2123.46,paid,2025-11-25
INV000302,PO000302,2025-05-03,241833.24,paid,2025-06-14
INV000303,PO000303,2025-08-23,59346.27,pending,
INV000304,PO000304,2025-06-07,122488.76,overdue,
INV000305,PO000305,2026-01-27,1912000.39,paid,2026-02-10
INV000306,PO000306,2025-04-01,7433.72,paid,2025-04-26
INV000307,PO000307,2026-08-25,4990.4,paid,2026-09-28
INV000308,PO000308,2025-04-02,298.45,paid,2025-05-05
INV000309,PO000309,2024-12-19,107756.22,paid,2025-01-04
INV000310,PO000310,2026-07-19,1242789.96,paid,2026-07-28
INV000311,PO000311,2026-04-14,589.68,paid,2026-05-19
INV000312,PO000312,2026-01-02,16547.8,overdue,
INV000314,PO000314,2024-12-27,245586.32,pending,
INV000315,PO000315,2025-07-14,9682.48,paid,2025-07-24
INV000316,PO000316,2026-02-19,421.68,pending,
INV000317,PO000317,2024-11-16,579.04,paid,2024-12-26
INV000319,PO000319,2024-12-31,2832857.28,paid,2025-02-09
INV000320,PO000320,2025-04-21,77553.54,pending,
INV000321,PO000321,2025-05-08,633540.96,paid,2025-05-31
INV000322,PO000322,2026-08-24,328.51,paid,2026-09-08
INV000323,PO000323,2026-09-06,22250.83,paid,2026-10-20
INV000324,PO000324,2025-08-30,36226.56,pending,
INV000325,PO000325,2024-11-07,39698.8,paid,2024-12-17
INV000326,PO000326,2026-08-04,19879.93,paid,2026-09-12
INV000327,PO000327,2026-01-10,437582.88,paid,2026-01-18
INV000328,PO000328,2025-02-21,102401.88,pending,
INV000329,PO000329,2026-05-17,1035.32,paid,2026-06-18
INV000330,PO000330,2024-12-26,909375.1,paid,2025-01-13
INV000331,PO000331,2024-09-18,958.65,paid,2024-10-26
INV000332,PO000332,2024-11-03,3120.12,pending,
INV000333,PO000333,2024-12-11,26320.86,paid,2024-12-28
INV000334,PO000334,2025-02-27,172991.97,pending,
INV000337,PO000337,2026-02-14,258097.28,pending,
INV000338,PO000338,2024-12-27,610.74,paid,2025-01-14
INV000340,PO000340,2025-06-17,18711.0,paid,2025-06-26
INV000341,PO000341,2024-09-17,494.19,paid,2024-09-29
INV000342,PO000342,2026-01-15,117398.55,paid,2026-02-12
INV000343,PO000343,2026-09-13,64481.39,paid,2026-10-12
INV000344,PO000344,2024-09-14,158421.2,paid,2024-10-16
INV000345,PO000345,2026-06-08,1719034.88,overdue,
INV000346,PO000346,2025-02-11,722.52,paid,2025-03-26
INV000347,PO000347,2025-10-28,287020.44,paid,2025-12-06
INV000348,PO000348,2026-09-01,134696.1,paid,2026-09-15
INV000349,PO000349,2024-09-29,4660.48,paid,2024-11-01
INV000350,PO000350,2025-10-06,94755.8,overdue,
INV000351,PO000351,2025-05-22,320.85,paid,2025-07-01
INV000352,PO000352,2025-07-18,24832.71,paid,2025-08-21
INV000353,PO000353,2025-10-06,122573.0,paid,2025-11-10
INV000355,PO000355,2025-05-28,400948.38,paid,2025-07-11
INV000356,PO000356,2026-06-30,1012449.49,paid,2026-07-21
INV000357,PO000357,2024-12-04,10986.69,paid,2025-01-02
INV000358,PO000358,2024-11-28,341756.16,pending,
INV000359,PO000359,2025-04-06,157363.7,pending,
INV000360,PO000360,2026-04-24,1089.92,pending,
INV000361,PO000361,2025-01-24,17026.64,overdue,
INV000362,PO000362,2026-05-10,425973.94,paid,2026-06-18
INV000363,PO000363,2024-12-06,4211.49,paid,2025-01-03
INV000364,PO000364,2026-01-31,94460.28,paid,2026-03-09
INV000365,PO000365,2026-07-11,47056.1,paid,2026-08-20
INV000366,PO000366,2024-11-09,390711.6,paid,2024-12-08
INV000367,PO000367,2024-12-28,83008.15,pending,
INV000368,PO000368,2026-01-29,813991.62,paid,2026-02-27
INV000369,PO000369,2024-11-18,101789.74,paid,2024-12-04
INV000370,PO000370,2025-12-22,228386.34,pending,
INV000371,PO000371,2024-09-29,3604.44,paid,2024-10-04
INV000372,PO000372,2024-09-20,1595.79,paid,2024-10-13
INV000373,PO000373,2026-06-08,1109.98,overdue,
INV000374,PO000374,2025-05-25,63240.93,paid,2025-06-30
INV000375,PO000375,2025-09-30,60724.51,pending,
INV000376,PO000376,2026-06-25,168460.5,paid,2026-08-07
INV000377,PO000377,2026-07-23,8783.7,paid,2026-09-02
INV000378,PO000378,2026-01-03,227759.2,paid,2026-01-26
INV000379,PO000379,2025-07-20,27535.56,paid,2025-08-06
INV000380,PO000380,2025-08-18,291.51,paid,2025-08-24
INV000381,PO000381,2026-08-09,1427860.0,paid,2026-09-07
INV000382,PO000382,2026-06-05,319971.5,paid,2026-06-21
INV000384,PO000384,2026-05-18,186233.76,overdue,
INV000385,PO000385,2025-06-01,12182.56,paid,2025-07-10
INV000386,PO000386,2025-02-17,91010.01,pending,
INV000387,PO000387,2026-08-18,38286.75,paid,2026-08-29
INV000388,PO000388,2024-12-23,809746.56,paid,2025-01-08
INV000389,PO000389,2025-07-11,15184.8,paid,2025-07-28
INV000390,PO000390,2026-02-05,56445.49,paid,2026-02-20
INV000391,PO000391,2024-10-20,145.53,pending,
INV000393,PO000393,2025-11-27,113701.32,paid,2026-01-05
INV000394,PO000394,2026-04-21,601.2,paid,2026-05-07
INV000396,PO000396,2024-11-03,668964.44,pending,
INV000397,PO000397,2026-06-24,1488048.84,pending,
INV000398,PO000398,2026-09-15,272191.68,paid,2026-10-08
INV000399,PO000399,2026-02-10,469874.9,pending,
INV000400,PO000400,2025-02-06,785626.24,paid,2025-03-17
INV000401,PO000401,2025-01-07,1832.8,paid,2025-02-18
INV000402,PO000402,2025-07-03,259993.8,paid,2025-07-16
INV000403,PO000403,2026-07-03,277696.02,overdue,
INV000404,PO000404,2025-10-12,145448.31,paid,2025-11-05
INV000405,PO000405,2024-12-27,9353.15,paid,2025-02-04
INV000406,PO000406,2024-12-10,1059095.1,pending,
INV000407,PO000407,2025-02-27,319258.44,paid,2025-03-24
INV000408,PO000408,2025-11-14,1200.85,paid,2025-12-13
INV000409,PO000409,2025-06-14,1612.61,paid,2025-07-05
INV000410,PO000410,2025-05-29,11621.77,paid,2025-06-09
INV000411,PO000411,2026-01-24,1201.32,paid,2026-02-13
INV000413,PO000413,2025-05-05,405.0,paid,2025-06-17
INV000414,PO000414,2025-10-10,299.25,overdue,
INV000415,PO000415,2025-10-23,28281.96,paid,2025-11-14
INV000416,PO000416,2025-09-19,3193.52,paid,2025-10-12
INV000417,PO000417,2026-04-08,1071.84,paid,2026-05-14
INV000418,PO000418,2024-11-15,334.95,paid,2024-12-21
INV000419,PO000419,2026-02-28,106795.0,paid,2026-03-08
INV000420,PO000420,2026-01-04,5311.64,overdue,
INV000422,PO000422,2026-09-04,594256.5,paid,2026-10-03
INV000423,PO000423,2024-12-30,512445.12,paid,2025-02-10
INV000424,PO000424,2025-06-26,15990.1,paid,2025-07-04
INV000425,PO000425,2024-09-26,2044.25,paid,2024-11-02
INV000426,PO000426,2026-04-30,1951053.06,overdue,
INV000427,PO000427,2025-12-26,7306.78,paid,2026-01-13
INV000428,PO000428,2025-05-06,6918.0,paid,2025-05-11
INV000429,PO000429,2025-08-11,2660232.84,paid,2025-08-31
INV000430,PO000430,2025-11-17,316787.46,pending,
INV000431,PO000431,2025-07-14,435587.12,overdue,
INV000432,PO000432,2026-03-19,173917.34,paid,2026-04-28
INV000433,PO000433,2025-11-02,126448.13,paid,2025-12-02
INV000434,PO000434,2024-09-30,4771.54,pending,
INV000435,PO000435,2025-11-26,95752.91,pending,
INV000436,PO000436,2025-06-25,134.4,paid,2025-08-01
INV000437,PO000437,2024-11-12,125280.27,overdue,
INV000438,PO000438,2026-06-26,482097.1,paid,2026-07-14
INV000439,PO000439,2024-11-24,425620.4,overdue,
INV000440,PO000440,2025-06-14,493604.37,paid,2025-07-04
INV000441,PO000441,2025-06-04,12040.42,paid,2025-07-09
INV000444,PO000444,2026-06-16,41831.79,paid,2026-07-18
INV000446,PO000446,2025-03-12,279.27,paid,2025-04-07
INV000447,PO000447,2025-12-01,1531045.54,paid,2026-01-03
INV000448,PO000448,2025-03-07,156987.84,pending,
INV000449,PO000449,2026-08-07,133158.74,overdue,
INV000450,PO000450,2024-12-30,310.86,paid,2025-01-19
INV000451,PO000451,2026-02-15,83545.2,paid,2026-03-18
INV000452,PO000452,2025-12-10,82482.4,pending,
INV000453,PO000453,2025-09-27,235515.04,paid,2025-10-02
INV000454,PO000454,2026-05-31,113530.28,overdue,
INV000455,PO000455,2026-05-03,74279.27,paid,2026-05-29
INV000456,PO000456,2026-07-04,36192.0,overdue,
INV000457,PO000457,2025-07-09,1563.75,pending,
INV000458,PO000458,2025-04-30,233018.44,paid,2025-05-08
INV000459,PO000459,2024-11-21,6411.9,paid,2024-12-28
INV000460,PO000460,2026-03-19,3845.4,paid,2026-04-12
INV000461,PO000461,2026-05-12,309243.2,paid,2026-06-17
INV000462,PO000462,2026-05-14,294.64,paid,2026-06-15
INV000463,PO000463,2025-07-23,257.4,paid,2025-08-27
INV000464,PO000464,2026-04-03,2975143.5,pending,
INV000465,PO000465,2026-02-16,46590.03,paid,2026-03-11
INV000466,PO000466,2024-10-23,10069.92,overdue,
INV000467,PO000467,2025-01-03,2731883.8,paid,2025-01-09
INV000468,PO000468,2026-06-23,625.1,paid,2026-07-25
INV000470,PO000470,2026-05-30,51851.3,paid,2026-06-17
INV000471,PO000471,2026-08-19,103383.63,paid,2026-09-29
INV000472,PO000472,2025-04-17,109817.12,pending,
INV000473,PO000473,2025-03-17,2774.2,paid,2025-03-23
INV000474,PO000474,2024-11-28,759.2,paid,2025-01-02
INV000475,PO000475,2025-05-18,88042.17,pending,
INV000476,PO000476,2025-05-12,19438.96,paid,2025-06-13
INV000477,PO000477,2025-06-04,13914.28,overdue,
INV000478,PO000478,2026-07-27,696460.14,paid,2026-08-12
INV000479,PO000479,2025-04-01,2278.47,paid,2025-04-17
INV000480,PO000480,2026-01-16,10558.07,paid,2026-01-26
INV000481,PO000481,2025-06-07,344.56,paid,2025-06-12
INV000483,PO000483,2026-06-06,59629.5,paid,2026-07-11
INV000485,PO000485,2025-08-02,375305.7,paid,2025-09-08
INV000486,PO000486,2026-06-09,180527.4,paid,2026-06-23
INV000487,PO000487,2024-12-02,104765.7,paid,2024-12-09
INV000488,PO000488,2025-11-16,144789.26,paid,2025-11-21
INV000489,PO000489,2026-05-30,225277.73,paid,2026-06-18
INV000490,PO000490,2024-11-10,1244.76,paid,2024-11-21
INV000491,PO000491,2025-02-11,3425.84,overdue,
INV000492,PO000492,2025-04-24,16089.58,paid,2025-05-12
INV000493,PO000493,2026-07-02,3533.2,pending,
INV000494,PO000494,2024-12-25,94101.3,paid,2025-01-08
INV000496,PO000496,2025-09-19,6954.6,paid,2025-10-10
INV000497,PO000497,2026-05-20,11510.01,paid,2026-07-01
INV000498,PO000498,2025-02-16,978.81,pending,
INV000499,PO000499,2026-01-05,252.5,paid,2026-02-08
INV000500,PO000500,2025-10-28,65710.0,pending,
INV000501,PO000501,2025-05-22,156.94,paid,2025-07-02
INV000502,PO000502,2026-03-06,554006.77,pending,
INV000503,PO000503,2026-08-30,694.65,pending,
INV000504,PO000504,2025-05-25,27299.16,paid,2025-06-06
INV000505,PO000505,2025-04-22,377075.46,paid,2025-05-01
INV000506,PO000506,2025-08-21,140376.51,pending,
INV000507,PO000507,2026-05-12,45990.52,paid,2026-06-24
INV000508,PO000508,2025-07-19,697.84,paid,2025-09-01
INV000509,PO000509,2024-11-20,20663.84,pending,
INV000510,PO000510,2024-11-21,717931.2,paid,2024-12-25
INV000511,PO000511,2026-06-23,1617.21,paid,2026-08-01
INV000514,PO000514,2026-01-01,73567.05,paid,2026-01-15
INV000515,PO000515,2025-03-30,4982.4,paid,2025-04-21
INV000516,PO000516,2024-10-15,153578.41,paid,2024-11-01
INV000517,PO000517,2025-04-27,137326.52,pending,
INV000518,PO000518,2025-12-16,551.04,overdue,
INV000519,PO000519,2025-08-03,530.25,paid,2025-09-14
INV000520,PO000520,2026-04-15,20890.08,paid,2026-04-24
INV000521,PO000521,2025-07-15,719.8,pending,
INV000522,PO000522,2024-11-18,47019.72,paid,2024-12-27
INV000523,PO000523,2026-02-11,6621.6,paid,2026-02-27
INV000524,PO000524,2026-02-19,439.76,pending,
INV000525,PO000525,2025-01-12,50854.86,paid,2025-01-30
INV000526,PO000526,2026-04-18,40808.2,paid,2026-05-14
INV000527,PO000527,2025-08-16,21881.92,pending,
INV000528,PO000528,2024-12-22,1485.33,paid,2024-12-31
INV000529,PO000529,2025-05-27,734.72,paid,2025-07-03
INV000530,PO000530,2024-12-29,7097.58,paid,2025-01-09
INV000531,PO000531,2025-01-04,1254152.97,paid,2025-02-14
INV000532,PO000532,2024-11-11,712378.94,pending,
INV000533,PO000533,2025-02-03,29589.3,paid,2025-02-18
INV000534,PO000534,2026-05-01,210597.53,paid,2026-05-07
INV000537,PO000537,2026-03-13,60692.89,paid,2026-04-12
INV000539,PO000539,2026-01-31,4285.44,paid,2026-03-10
INV000540,PO000540,2025-09-10,7811.1,paid,2025-09-26
INV000541,PO000541,2024-10-15,765.6,paid,2024-10-27
INV000542,PO000542,2025-11-08,617.76,paid,2025-12-01
INV000543,PO000543,2026-03-11,171486.49,paid,2026-03-24
INV000544,PO000544,2024-10-08,15491.04,overdue,
INV000545,PO000545,2026-06-12,324549.2,paid,2026-06-30
INV000546,PO000546,2025-09-12,31436.64,paid,2025-09-20
INV000547,PO000547,2025-04-22,161654.38,pending,
INV000548,PO000548,2024-09-24,114457.0,paid,2024-11-03
INV000549,PO000549,2025-05-03,3941.21,pending,
INV000550,PO000550,2025-09-24,1317.89,overdue,
INV000551,PO000551,2026-01-20,1464200.03,paid,2026-01-31
INV000552,PO000552,2026-08-23,281.93,paid,2026-09-18
INV000553,PO000553,2025-08-29,783.46,pending,
INV000554,PO000554,2026-05-19,1403.58,pending,
INV000555,PO000555,2026-01-19,28513.3,pending,
INV000556,PO000556,2025-05-21,1009.77,paid,2025-06-29
INV000557,PO000557,2026-04-27,13581.12,paid,2026-06-10
INV000558,PO000558,2025-09-24,95709.04,paid,2025-10-27
INV000559,PO000559,2026-03-20,214554.4,paid,2026-04-19
INV000560,PO000560,2025-08-02,1499232.0,paid,2025-09-04
INV000561,PO000561,2024-11-29,782814.48,paid,2024-12-28
INV000562,PO000562,2025-04-09,572975.62,paid,2025-05-14
INV000563,PO000563,2026-06-30,219491.85,pending,
INV000564,PO000564,2025-07-18,562280.96,overdue,
INV000565,PO000565,2026-04-17,2604.42,paid,2026-04-25
INV000566,PO000566,2026-08-06,143941.12,pending,
INV000567,PO000567,2025-09-11,60663.25,paid,2025-09-17
INV000568,PO000568,2025-07-17,16945.53,paid,2025-08-10
INV000569,PO000569,2025-01-06,45075.0,paid,2025-01-12
INV000570,PO000570,2024-11-01,2151.36,paid,2024-11-09
INV000572,PO000572,2026-08-09,31045.59,paid,2026-08-18
INV000573,PO000573,2025-01-01,32335.54,overdue,
INV000574,PO000574,2025-04-24,264.33,pending,
INV000575,PO000575,2025-03-20,821701.15,paid,2025-04-17
INV000577,PO000577,2026-06-16,30927.33,paid,2026-06-28
INV000578,PO000578,2025-11-03,13737.59,paid,2025-11-16
INV000579,PO000579,2026-08-02,256472.58,paid,2026-08-26
INV000580,PO000580,2026-08-10,517140.0,paid,2026-09-18
INV000582,PO000582,2024-11-11,2267320.16,paid,2024-12-03
INV000583,PO000583,2024-09-29,331353.75,paid,2024-11-11
INV000584,PO000584,2024-12-16,742.4,paid,2025-01-12
INV000585,PO000585,2025-08-03,318202.43,paid,2025-08-21
INV000586,PO000586,2025-08-17,166011.72,overdue,
INV000587,PO000587,2025-03-05,439.21,paid,2025-03-19
INV000589,PO000589,2026-05-12,1117338.08,paid,2026-05-18
INV000590,PO000590,2025-04-12,549.69,pending,
INV000591,PO000591,2024-12-17,305347.15,paid,2025-01-08
INV000592,PO000592,2024-09-28,2734.29,paid,2024-10-24
INV000593,PO000593,2024-09-13,940.17,paid,2024-10-10
INV000594,PO000594,2025-06-17,2131.8,pending,
INV000595,PO000595,2026-04-15,448189.14,overdue,
INV000596,PO000596,2024-09-23,979.9,paid,2024-11-02
INV000597,PO000597,2025-11-10,8178.36,paid,2025-12-14
INV000598,PO000598,2025-10-17,10394.22,paid,2025-11-20
INV000599,PO000599,2026-05-06,214402.88,pending,
INV000600,PO000600,2025-02-07,364.98,paid,2025-03-21
INV000601,PO000601,2025-10-23,114832.35,paid,2025-11-28
INV000602,PO000602,2025-03-12,149244.84,pending,
INV000603,PO000603,2024-10-16,6147.6,paid,2024-11-11
INV000604,PO000604,2026-07-18,403.7,pending,
INV000605,PO000605,2025-11-19,1344.2,paid,2025-12-16
INV000606,PO000606,2025-08-03,8462.85,pending,
INV000607,PO000607,2025-01-18,2486.92,paid,2025-01-26
INV000608,PO000608,2025-09-16,172645.36,paid,2025-10-21
INV000609,PO000609,2025-12-03,10187.04,paid,2025-12-17
INV000610,PO000610,2025-07-17,2504.45,paid,2025-07-27
INV000611,PO000611,2026-06-24,884513.2,paid,2026-07-14
INV000612,PO000612,2024-11-28,112.33,paid,2024-12-03
INV000613,PO000613,2026-02-07,28482.19,pending,
INV000614,PO000614,2025-05-18,5873.75,paid,2025-06-01
INV000615,PO000615,2025-08-14,176.4,paid,2025-09-09
INV000616,PO000616,2026-08-23,51695.55,paid,2026-09-11
INV000617,PO000617,2026-03-18,2029.44,paid,2026-04-10
INV000618,PO000618,2025-09-03,83499.6,pending,
INV000619,PO000619,2026-03-06,584593.1,paid,2026-03-20
INV000621,PO000621,2025-03-29,337.26,overdue,
INV000622,PO000622,2025-06-24,1328280.5,paid,2025-08-01
INV000623,PO000623,2024-09-15,9069.84,paid,2024-10-10
INV000624,PO000624,2025-03-19,257716.17,paid,2025-04-05
INV000625,PO000625,2025-03-19,7114.2,pending,
INV000626,PO000626,2024-10-23,795.34,pending,
INV000627,PO000627,2025-08-27,317611.8,paid,2025-09-30
INV000628,PO000628,2025-07-25,670215.85,paid,2025-09-06
INV000629,PO000629,2026-04-06,11899.79,paid,2026-05-16
INV000630,PO000630,2024-11-20,61424.16,paid,2024-12-11
INV000631,PO000631,2025-08-03,1285.54,paid,2025-08-15
INV000632,PO000632,2025-01-18,608.88,paid,2025-02-16
INV000633,PO000633,2025-03-17,3202.12,paid,2025-03-31
INV000634,PO000634,2025-02-08,3348772.21,paid,2025-03-12
INV000635,PO000635,2025-03-02,1066.64,paid,2025-03-18
INV000636,PO000636,2025-07-16,47703.36,pending,
INV000637,PO000637,2026-01-03,39967.83,paid,2026-02-11
INV000638,PO000638,2025-08-09,132787.2,overdue,
INV000639,PO000639,2025-07-24,1504.04,overdue,
INV000640,PO000640,2025-12-08,230924.14,paid,2025-12-22
INV000641,PO000641,2026-01-19,3736.77,paid,2026-03-02
INV000642,PO000642,2025-11-12,436.76,paid,2025-12-21
INV000643,PO000643,2025-05-23,1507.92,overdue,
INV000644,PO000644,2025-04-19,1254963.6,overdue,
INV000645,PO000645,2025-02-11,77463.46,pending,
INV000646,PO000646,2025-08-29,775088.18,pending,
INV000647,PO000647,2025-06-25,4157.52,paid,2025-08-02
INV000648,PO000648,2026-03-05,180635.55,overdue,
INV000649,PO000649,2024-11-25,4970.55,paid,2024-12-25
INV000650,PO000650,2026-06-25,59148.63,paid,2026-07-01
INV000651,PO000651,2025-07-09,2719.5,paid,2025-08-15
INV000653,PO000653,2024-11-04,65513.43,paid,2024-11-14
INV000654,PO000654,2025-05-20,64248.92,pending,
INV000655,PO000655,2025-07-25,187833.3,paid,2025-08-15
INV000656,PO000656,2025-09-14,190368.36,paid,2025-10-09
INV000657,PO000657,2025-05-14,605.52,paid,2025-06-16
INV000658,PO000658,2025-02-19,121374.3,paid,2025-03-04
INV000659,PO000659,2024-12-15,123725.0,overdue,
INV000660,PO000660,2024-12-17,667844.15,paid,2024-12-25
INV000661,PO000661,2024-10-27,45237.06,pending,
INV000662,PO000662,2025-08-16,111577.62,pending,
INV000663,PO000663,2024-09-24,257447.45,paid,2024-10-18
INV000664,PO000664,2026-08-21,11025.0,paid,2026-09-05
INV000666,PO000666,2025-03-14,14926.34,paid,2025-04-21
INV000667,PO000667,2026-05-22,442391.35,overdue,
INV000668,PO000668,2026-05-21,49598.45,paid,2026-07-03
INV000669,PO000669,2025-12-18,82226.34,paid,2026-01-07
INV000670,PO000670,2024-10-30,3953.74,paid,2024-11-22
INV000671,PO000671,2024-12-06,505.89,paid,2025-01-06
INV000672,PO000672,2026-05-15,38188.86,paid,2026-06-03
INV000673,PO000673,2025-08-28,17689.0,pending,
INV000674,PO000674,2025-07-30,408447.13,pending,
INV000675,PO000675,2025-06-27,40831.14,overdue,
INV000676,PO000676,2026-02-13,15165.99,pending,
INV000677,PO000677,2025-07-24,42673.57,pending,
INV000678,PO000678,2025-11-09,140318.88,overdue,
INV000679,PO000679,2025-08-16,5464915.04,paid,2025-09-03
INV000680,PO000680,2025-02-09,595.98,paid,2025-03-07
INV000681,PO000681,2026-02-24,31254.3,pending,
INV000682,PO000682,2025-03-20,1080.88,paid,2025-04-13
INV000683,PO000683,2026-05-30,488940.4,paid,2026-06-25
INV000684,PO000684,2025-06-02,4249.5,paid,2025-06-16
INV000685,PO000685,2026-09-08,533.6,pending,
INV000686,PO000686,2026-06-20,5048.68,paid,2026-07-11
INV000687,PO000687,2026-06-25,10844.66,paid,2026-07-20
INV000688,PO000688,2026-07-10,2490.33,overdue,
INV000690,PO000690,2024-10-18,26376.27,paid,2024-11-06
INV000691,PO000691,2025-05-23,8091.15,paid,2025-05-29
INV000692,PO000692,2026-08-27,102289.0,paid,2026-09-07
INV000693,PO000693,2026-06-15,3243.6,overdue,
INV000694,PO000694,2025-06-12,139184.73,pending,
INV000695,PO000695,2025-07-11,49827.34,overdue,
INV000696,PO000696,2026-03-29,67500.27,paid,2026-05-04
INV000698,PO000698,2026-02-28,363.12,paid,2026-04-04
INV000699,PO000699,2024-09-22,20310.11,paid,2024-10-11
INV000700,PO000700,2026-08-20,35852.23,paid,2026-09-24
INV000701,PO000701,2024-10-08,335319.04,paid,2024-11-19
INV000702,PO000702,2024-11-01,186407.61,paid,2024-11-27
INV000703,PO000703,2026-02-16,6549.76,paid,2026-02-25
INV000704,PO000704,2026-02-08,146317.47,paid,2026-02-22
INV000706,PO000706,2026-08-18,99234.72,paid,2026-08-29
INV000707,PO000707,2025-09-21,1051.05,paid,2025-10-17
INV000708,PO000708,2026-02-08,290904.0,pending,
INV000709,PO000709,2025-08-16,48654.06,paid,2025-09-04
INV000711,PO000711,2024-09-30,361678.2,paid,2024-10-21
INV000714,PO000714,2025-08-31,37719.9,paid,2025-10-09
INV000715,PO000715,2026-01-13,6072.21,overdue,
INV000716,PO000716,2025-03-14,1380079.72,paid,2025-04-05
INV000717,PO000717,2024-11-09,328379.41,paid,2024-12-15
INV000718,PO000718,2025-07-15,773899.0,pending,
INV000720,PO000720,2025-06-22,292629.84,paid,2025-07-17
INV000721,PO000721,2026-06-20,272730.36,pending,
INV000722,PO000722,2025-02-12,1311.3,paid,2025-03-21
INV000723,PO000723,2025-04-11,408351.0,overdue,
INV000725,PO000725,2025-09-29,109301.84,paid,2025-10-23
INV000726,PO000726,2025-04-10,2344.32,pending,
INV000727,PO000727,2026-02-10,340699.26,paid,2026-02-16
INV000728,PO000728,2025-03-09,803.66,paid,2025-04-19
INV000729,PO000729,2026-01-12,105944.12,paid,2026-02-17
INV000730,PO000730,2026-02-09,129552.0,paid,2026-03-19
INV000731,PO000731,2026-06-09,2014356.24,overdue,
INV000733,PO000733,2025-11-10,190483.54,pending,
INV000734,PO000734,2024-11-27,439945.92,paid,2024-12-20
INV000735,PO000735,2025-06-15,331523.28,paid,2025-07-12
INV000736,PO000736,2025-09-02,1732570.4,paid,2025-09-27
INV000737,PO000737,2024-10-30,803330.52,paid,2024-12-02
INV000738,PO000738,2026-06-19,976.58,paid,2026-07-21
INV000740,PO000740,2025-07-21,1482.82,paid,2025-08-01
INV000741,PO000741,2025-05-25,6990.75,paid,2025-06-26
INV000742,PO000742,2025-08-20,1914.77,paid,2025-09-29
INV000743,PO000743,2026-07-06,51827.48,paid,2026-07-12
INV000744,PO000744,2026-01-09,44765.14,paid,2026-02-22
INV000745,PO000745,2025-01-29,12968.83,paid,2025-03-07
INV000746,PO000746,2025-10-30,115655.76,pending,
INV000747,PO000747,2026-05-03,146701.12,paid,2026-05-26
INV000748,PO000748,2024-09-28,55624.68,paid,2024-10-12
INV000749,PO000749,2026-07-31,329297.52,paid,2026-08-15
INV000750,PO000750,2025-03-25,9476.54,paid,2025-05-06
INV000751,PO000751,2024-09-11,1422.96,paid,2024-10-10
INV000752,PO000752,2025-05-17,588878.64,pending,
INV000753,PO000753,2024-10-15,13389.3,paid,2024-10-28
INV000754,PO000754,2025-01-20,59316.72,paid,2025-01-25
INV000755,PO000755,2026-07-21,562383.44,pending,
INV000756,PO000756,2026-05-13,1128.27,paid,2026-05-29
INV000757,PO000757,2026-03-01,698767.76,paid,2026-04-06
INV000758,PO000758,2024-10-30,53888.64,paid,2024-11-12
INV000759,PO000759,2026-01-09,255807.99,pending,
INV000760,PO000760,2026-04-14,1472942.28,paid,2026-05-02
INV000761,PO000761,2025-10-03,832.84,paid,2025-11-03
INV000762,PO000762,2024-12-25,7064.92,paid,2025-01-23
INV000763,PO000763,2025-07-08,6830.08,paid,2025-08-10
INV000764,PO000764,2026-07-23,282850.4,paid,2026-08-09
INV000765,PO000765,2024-10-28,2152.5,paid,2024-11-04
INV000766,PO000766,2024-10-24,13603.6,paid,2024-11-06
INV000767,PO000767,2025-03-20,11012.76,paid,2025-04-09
INV000768,PO000768,2026-07-20,146936.27,paid,2026-08-13
INV000770,PO000770,2025-07-15,282724.96,paid,2025-08-05
INV000771,PO000771,2025-09-26,195195.8,paid,2025-10-13
INV000772,PO000772,2025-07-22,2908808.21,paid,2025-08-09
INV000773,PO000773,2024-11-17,5038.08,paid,2024-12-17
INV000774,PO000774,2025-11-10,425806.84,pending,
INV000775,PO000775,2026-08-04,30005.22,overdue,
INV000776,PO000776,2025-07-29,295409.7,paid,2025-08-29
INV000777,PO000777,2025-10-29,48140.96,paid,2025-11-03
INV000778,PO000778,2025-11-19,186861.86,paid,2025-12-25
INV000779,PO000779,2024-10-28,486.2,pending,
INV000780,PO000780,2026-01-15,47412.6,overdue,
INV000781,PO000781,2025-10-13,268810.29,paid,2025-11-06
INV000783,PO000783,2024-10-20,181976.59,paid,2024-11-05
INV000784,PO000784,2026-04-08,24341.85,paid,2026-04-26
INV000785,PO000785,2024-11-25,99733.6,paid,2025-01-04
INV000786,PO000786,2026-03-26,3948.64,paid,2026-04-01
INV000787,PO000787,2026-04-28,655.62,overdue,
INV000788,PO000788,2025-07-12,855063.36,paid,2025-07-19
INV000789,PO000789,2026-07-01,163074.96,paid,2026-08-02
INV000790,PO000790,2026-05-27,181314.56,pending,
INV000791,PO000791,2026-01-03,32427.52,paid,2026-02-16
INV000792,PO000792,2025-08-18,64355.51,paid,2025-08-30
INV000793,PO000793,2025-06-08,28445.28,overdue,
INV000794,PO000794,2025-05-13,66172.34,pending,
INV000795,PO000795,2025-06-14,24149.88,overdue,
INV000797,PO000797,2025-01-16,168760.28,paid,2025-01-24
INV000798,PO000798,2026-09-07,862884.9,pending,
INV000799,PO000799,2026-04-25,1536.5,paid,2026-05-16
INV000800,PO000800,2025-04-28,8831.4,pending,
INV000801,PO000801,2026-05-18,7389.75,paid,2026-06-17
INV000802,PO000802,2024-12-28,2351941.76,pending,
INV000803,PO000803,2025-03-03,422171.2,overdue,
INV000804,PO000804,2025-07-14,261040.15,paid,2025-08-05
INV000805,PO000805,2026-03-22,78.88,paid,2026-04-29
INV000806,PO000806,2026-02-19,22265.6,paid,2026-03-25
INV000807,PO000807,2025-11-12,191265.3,paid,2025-12-05
INV000808,PO000808,2025-12-11,60.06,overdue,
INV000809,PO000809,2025-04-07,4254171.21,paid,2025-05-15
INV000810,PO000810,2024-09-09,3378.96,paid,2024-09-18
INV000811,PO000811,2025-09-29,7564.32,paid,2025-10-08
INV000812,PO000812,2024-10-05,317087.2,paid,2024-10-29
INV000813,PO000813,2025-10-01,4038.8,paid,2025-10-07
INV000814,PO000814,2024-09-30,76.48,paid,2024-11-02
INV000815,PO000815,2024-09-15,160076.28,overdue,
INV000816,PO000816,2025-06-28,8005.13,pending,
INV000817,PO000817,2025-03-14,221234.04,paid,2025-03-24
INV000818,PO000818,2026-04-26,115309.6,paid,2026-05-01
INV000819,PO000819,2025-09-17,180.18,pending,
INV000820,PO000820,2026-05-07,17454.54,paid,2026-06-18
INV000821,PO000821,2026-04-19,36032.64,paid,2026-05-19
INV000823,PO000823,2024-11-24,195420.08,paid,2024-12-26
INV000824,PO000824,2024-10-06,995299.48,overdue,
INV000826,PO000826,2025-06-16,2316.32,pending,
INV000827,PO000827,2024-12-06,1039.5,paid,2024-12-21
INV000828,PO000828,2026-03-24,368.06,paid,2026-05-01
INV000829,PO000829,2025-09-22,546621.4,paid,2025-11-05
INV000830,PO000830,2025-12-01,200.72,overdue,
INV000831,PO000831,2025-04-21,13759.12,overdue,
INV000832,PO000832,2026-09-03,15608.52,paid,2026-09-25
INV000833,PO000833,2025-07-22,1478816.74,paid,2025-08-09
INV000834,PO000834,2025-01-06,32011.98,paid,2025-02-13
INV000835,PO000835,2026-01-08,105145.32,paid,2026-01-15
INV000836,PO000836,2025-05-23,181302.93,pending,
INV000837,PO000837,2025-04-03,95421.48,paid,2025-05-07
INV000838,PO000838,2025-03-29,216074.64,overdue,
INV000840,PO000840,2025-11-14,198599.94,paid,2025-12-26
INV000841,PO000841,2025-12-08,2738.4,pending,
INV000842,PO000842,2025-02-04,52533.35,pending,
INV000843,PO000843,2025-12-17,63294.7,paid,2026-01-21
INV000844,PO000844,2026-03-03,267723.12,paid,2026-03-09
INV000845,PO000845,2026-03-29,6245.8,pending,
INV000846,PO000846,2026-06-13,96805.04,pending,
INV000847,PO000847,2024-10-17,47338.12,pending,
INV000848,PO000848,2025-01-18,7292.4,paid,2025-02-20
INV000849,PO000849,2026-08-13,1972.74,paid,2026-09-16
INV000850,PO000850,2025-12-27,2348.25,paid,2026-01-27
INV000851,PO000851,2024-11-21,960433.76,paid,2024-12-04
INV000853,PO000853,2025-08-04,11386.88,paid,2025-08-19
INV000854,PO000854,2025-04-04,69.6,paid,2025-04-13
INV000855,PO000855,2026-06-27,23611.98,paid,2026-08-01
INV000856,PO000856,2025-02-03,14843.13,pending,
INV000857,PO000857,2025-04-17,154375.83,overdue,
INV000858,PO000858,2026-04-19,562336.54,paid,2026-05-21
INV000859,PO000859,2025-11-16,16488.14,pending,
INV000860,PO000860,2026-09-05,4419.03,paid,2026-09-23
INV000861,PO000861,2024-12-09,2939.33,paid,2025-01-18
INV000862,PO000862,2024-09-20,526652.07,paid,2024-10-09
INV000863,PO000863,2026-04-05,81097.38,paid,2026-05-01
INV000864,PO000864,2025-12-20,22263.08,paid,2026-01-19
INV000865,PO000865,2025-02-15,231476.02,pending,
INV000866,PO000866,2025-12-06,89942.27,paid,2025-12-24
INV000867,PO000867,2025-10-11,209.52,paid,2025-11-21
INV000868,PO000868,2025-04-13,5633.67,paid,2025-05-22
INV000870,PO000870,2026-05-11,210.21,paid,2026-06-19
INV000872,PO000872,2025-12-20,150487.92,paid,2026-01-21
INV000873,PO000873,2025-04-09,843.67,pending,
INV000875,PO000875,2025-01-23,92976.39,paid,2025-02-08
INV000876,PO000876,2025-07-04,6256.85,paid,2025-08-02
INV000877,PO000877,2025-11-10,132779.2,paid,2025-12-17
INV000878,PO000878,2026-05-24,61977.24,paid,2026-07-04
INV000879,PO000879,2025-08-29,151377.54,paid,2025-09-23
INV000880,PO000880,2025-03-31,63210.72,paid,2025-05-07
INV000881,PO000881,2025-07-24,28919.04,pending,
INV000882,PO000882,2026-06-26,5248.32,pending,
INV000883,PO000883,2026-03-20,647930.61,paid,2026-04-30
INV000884,PO000884,2025-06-19,12987.84,paid,2025-06-30
INV000885,PO000885,2025-05-14,57763.47,paid,2025-06-15
INV000886,PO000886,2026-03-24,222780.52,pending,
INV000887,PO000887,2026-07-11,239257.59,overdue,
INV000888,PO000888,2025-06-01,1602.12,paid,2025-06-19
INV000889,PO000889,2025-11-07,474.36,overdue,
INV000890,PO000890,2024-09-08,242.55,paid,2024-10-07
INV000891,PO000891,2025-12-10,870355.44,paid,2026-01-02
INV000892,PO000892,2025-09-18,32795.51,paid,2025-10-31
INV000893,PO000893,2024-11-15,7864.79,paid,2024-11-20
INV000895,PO000895,2024-12-30,1849.38,pending,
INV000896,PO000896,2025-11-08,3758.13,paid,2025-12-05
INV000897,PO000897,2026-06-27,404346.6,paid,2026-08-03
INV000898,PO000898,2025-11-22,8606.76,pending,
INV000899,PO000899,2025-07-13,2020.02,paid,2025-07-30
INV000900,PO000900,2025-03-09,752664.99,paid,2025-04-08
INV000901,PO000901,2024-09-10,4229.47,paid,2024-09-15
INV000902,PO000902,2025-05-29,928610.02,paid,2025-06-29
INV000903,PO000903,2025-09-07,189932.78,paid,2025-09-19
INV000904,PO000904,2026-05-22,467361.8,paid,2026-05-30
INV000905,PO000905,2025-02-02,226701.72,paid,2025-02-22
INV000907,PO000907,2026-04-27,56151.55,paid,2026-05-29
INV000908,PO000908,2024-09-16,33479.82,paid,2024-09-29
INV000909,PO000909,2025-02-02,388528.65,paid,2025-02-08
INV000910,PO000910,2025-07-24,48138.84,paid,2025-08-24
INV000911,PO000911,2026-06-05,215.76,overdue,
INV000912,PO000912,2026-07-21,792374.55,paid,2026-08-07
INV000913,PO000913,2025-08-21,103246.89,pending,
INV000914,PO000914,2026-03-21,67510.56,paid,2026-03-28
INV000915,PO000915,2026-02-11,2911.66,paid,2026-02-26
INV000916,PO000916,2026-04-30,1165.84,paid,2026-06-01
INV000917,PO000917,2026-06-24,104880.42,paid,2026-08-01
INV000918,PO000918,2026-09-05,18640.5,paid,2026-09-23
INV000919,PO000919,2024-10-03,3952132.8,paid,2024-11-11
INV000920,PO000920,2026-01-13,591421.57,pending,
INV000921,PO000921,2025-12-17,71685.5,overdue,
INV000923,PO000923,2026-02-10,6005.52,paid,2026-02-16
INV000924,PO000924,2026-08-24,2345.48,paid,2026-09-18
INV000925,PO000925,2024-12-14,64923.04,pending,
INV000926,PO000926,2025-08-23,227517.12,paid,2025-08-29
INV000927,PO000927,2025-11-08,60929.7,paid,2025-11-29
INV000928,PO000928,2026-07-22,558740.0,paid,2026-08-06
INV000929,PO000929,2025-09-12,66744.72,pending,
INV000930,PO000930,2025-03-25,14839.3,paid,2025-05-04
INV000932,PO000932,2024-11-09,845993.92,pending,
INV000934,PO000934,2025-05-29,118079.04,pending,
INV000935,PO000935,2026-06-19,705601.5,paid,2026-07-20
INV000936,PO000936,2025-11-20,1571.39,paid,2025-12-13
INV000937,PO000937,2026-08-25,1746.36,paid,2026-08-30
INV000938,PO000938,2025-10-12,53283.05,pending,
INV000939,PO000939,2025-09-20,59875.35,paid,2025-09-27
INV000940,PO000940,2025-07-24,422321.49,paid,2025-09-03
INV000941,PO000941,2026-02-27,143233.15,paid,2026-03-17
INV000943,PO000943,2026-09-14,5375.09,paid,2026-09-30
INV000944,PO000944,2025-06-29,3136.0,pending,
INV000945,PO000945,2025-03-25,147284.32,overdue,
INV000946,PO000946,2025-10-11,259720.6,paid,2025-10-31
INV000947,PO000947,2026-06-01,5724.81,paid,2026-07-14
INV000948,PO000948,2026-08-07,226111.05,pending,
INV000949,PO000949,2026-06-18,6658.96,paid,2026-07-24
INV000950,PO000950,2025-09-20,196868.5,pending,
INV000951,PO000951,2025-03-24,145419.2,paid,2025-04-07
INV000953,PO000953,2026-07-05,791531.64,paid,2026-07-11
INV000954,PO000954,2026-03-03,84912.5,overdue,
INV000955,PO000955,2026-04-03,1324.95,paid,2026-05-15
INV000956,PO000956,2024-10-06,139419.5,paid,2024-10-23
INV000957,PO000957,2025-09-01,177458.88,paid,2025-10-14
INV000958,PO000958,2024-11-14,516610.18,paid,2024-11-19
INV000959,PO000959,2026-04-08,516116.74,paid,2026-05-17
INV000960,PO000960,2024-09-23,913.96,paid,2024-10-04
INV000961,PO000961,2025-01-21,911.03,paid,2025-01-30
INV000962,PO000962,2024-12-22,10549.62,paid,2025-01-22
INV000963,PO000963,2024-11-27,4924.76,paid,2024-12-02
INV000964,PO000964,2026-01-28,477.4,paid,2026-03-05
INV000965,PO000965,2026-07-07,158478.54,overdue,
INV000966,PO000966,2026-06-14,1618.5,paid,2026-06-21
INV000967,PO000967,2026-01-08,274.92,paid,2026-02-19
INV000968,PO000968,2025-10-01,3614.4,pending,
INV000969,PO000969,2026-01-10,4715.01,paid,2026-01-21
INV000970,PO000970,2026-03-24,4029.96,overdue,
INV000971,PO000971,2024-12-08,304707.04,paid,2025-01-07
INV000972,PO000972,2026-08-10,7129.65,pending,
INV000973,PO000973,2025-08-22,35401.6,paid,2025-09-17
INV000974,PO000974,2025-05-19,7887.24,paid,2025-06-07
INV000975,PO000975,2026-05-10,184.8,pending,
INV000977,PO000977,2025-07-09,4485.0,paid,2025-07-15
INV000978,PO000978,2025-11-19,240579.5,pending,
INV000979,PO000979,2026-04-14,106077.58,paid,2026-05-10
INV000980,PO000980,2025-08-15,369186.88,paid,2025-08-20
INV000982,PO000982,2025-04-21,4992.24,pending,
INV000983,PO000983,2025-05-10,1244.83,pending,
INV000984,PO000984,2026-01-06,54439.84,paid,2026-01-25
INV000985,PO000985,2025-01-29,64.68,pending,
INV000986,PO000986,2024-12-28,562298.8,paid,2025-01-28
INV000987,PO000987,2025-05-20,1288.0,paid,2025-07-01
INV000988,PO000988,2024-09-15,352156.5,paid,2024-10-21
INV000989,PO000989,2025-03-04,674.96,paid,2025-04-01
INV000990,PO000990,2024-11-25,35065.8,paid,2024-12-02
INV000991,PO000991,2026-04-13,458095.68,paid,2026-05-27
INV000992,PO000992,2026-08-07,103956.3,paid,2026-09-15
INV000993,PO000993,2024-11-01,1094.94,pending,
INV000994,PO000994,2024-11-07,116018.88,pending,
INV000995,PO000995,2026-03-25,56168.88,paid,2026-03-30
INV000996,PO000996,2026-05-20,2170.64,pending,
INV000997,PO000997,2026-03-01,7349.67,pending,
INV000998,PO000998,2025-08-08,41733.12,paid,2025-08-15
INV000999,PO000999,2025-09-13,530.2,paid,2025-10-17
INV001000,PO001000,2026-04-12,1640.12,paid,2026-04-21
INV001001,PO001001,2025-09-12,820.7,paid,2025-09-25
INV001002,PO001002,2026-06-05,121708.98,paid,2026-07-05
INV001003,PO001003,2025-01-20,997.62,pending,
INV001004,PO001004,2025-06-01,34574.28,paid,2025-07-13
INV001005,PO001005,2025-06-17,4231.44,pending,
INV001006,PO001006,2026-05-10,159.8,paid,2026-05-24
INV001007,PO001007,2024-12-06,2800622.52,paid,2025-01-04
INV001008,PO001008,2025-03-23,28960.5,paid,2025-04-25
INV001009,PO001009,2025-06-06,3163.56,paid,2025-06-15
INV001010,PO001010,2025-01-13,25560.8,paid,2025-02-20
INV001011,PO001011,2026-01-24,302479.85,paid,2026-02-02
INV001012,PO001012,2025-07-19,252.86,pending,
INV001013,PO001013,2025-08-09,175979.4,pending,
INV001014,PO001014,2025-12-30,68449.5,paid,2026-01-21
INV001015,PO001015,2024-11-30,302814.4,paid,2025-01-01
INV001016,PO001016,2026-07-15,2444478.68,paid,2026-07-23
INV001017,PO001017,2026-08-05,4297.8,paid,2026-09-12
INV001018,PO001018,2025-04-19,23116.95,pending,
INV001020,PO001020,2025-05-23,41419.04,pending,
INV001021,PO001021,2025-01-19,727415.31,overdue,
INV001022,PO001022,2025-06-04,1082.88,paid,2025-06-23
INV001023,PO001023,2026-08-19,1607.76,paid,2026-09-24
INV001024,PO001024,2026-05-19,18166.16,paid,2026-06-14
INV001025,PO001025,2025-08-06,678374.97,pending,
INV001026,PO001026,2026-04-13,4092.6,pending,
INV001027,PO001027,2026-08-11,291622.62,paid,2026-08-27
INV001028,PO001028,2026-02-09,982.08,pending,
INV001029,PO001029,2026-07-23,3378.96,overdue,
INV001030,PO001030,2026-08-29,335950.02,pending,
INV001032,PO001032,2024-09-21,196.9,paid,2024-10-03
INV001033,PO001033,2026-06-29,8191.26,paid,2026-07-21
INV001034,PO001034,2026-07-30,824.04,paid,2026-09-09
INV001035,PO001035,2025-02-22,111.39,pending,
INV001037,PO001037,2026-04-15,752.15,paid,2026-05-22
INV001038,PO001038,2024-10-26,17403.36,overdue,
INV001039,PO001039,2025-04-13,38092.82,paid,2025-05-03
INV001040,PO001040,2024-12-26,81.55,pending,
INV001041,PO001041,2025-10-25,127131.0,paid,2025-11-17
INV001042,PO001042,2024-09-12,8136.36,paid,2024-10-26
INV001043,PO001043,2025-09-16,40578.56,overdue,
INV001044,PO001044,2025-05-19,242043.28,paid,2025-07-01
INV001045,PO001045,2025-05-04,205892.36,paid,2025-06-01
INV001046,PO001046,2024-11-17,297303.32,pending,
INV001047,PO001047,2025-08-22,54414.63,pending,
INV001049,PO001049,2025-03-18,119984.46,paid,2025-04-17
INV001050,PO001050,2025-10-01,2188026.24,pending,
INV001051,PO001051,2024-10-11,93321.12,pending,
INV001052,PO001052,2025-10-05,8707.14,paid,2025-10-14
INV001053,PO001053,2024-12-02,164382.87,paid,2025-01-11
INV001054,PO001054,2024-11-22,371.07,paid,2024-12-08
INV001055,PO001055,2025-05-29,301874.1,paid,2025-06-13
INV001056,PO001056,2025-07-26,594469.77,paid,2025-08-17
INV001057,PO001057,2026-05-04,152675.8,paid,2026-05-12
INV001058,PO001058,2025-12-03,6132.84,paid,2026-01-06
INV001059,PO001059,2026-07-28,1003.94,paid,2026-08-07
INV001060,PO001060,2025-02-02,949770.39,paid,2025-02-20
INV001061,PO001061,2024-11-06,4950.0,paid,2024-12-19
INV001062,PO001062,2026-06-06,724.35,paid,2026-06-18
INV001063,PO001063,2026-04-23,311820.56,overdue,
INV001064,PO001064,2024-09-29,504.0,paid,2024-10-20
INV001065,PO001065,2026-03-30,21002.94,paid,2026-04-30
INV001067,PO001067,2026-02-01,12036.44,paid,2026-03-12
INV001068,PO001068,2026-04-24,1276072.2,paid,2026-06-03
INV001069,PO001069,2025-09-14,49621.24,paid,2025-10-28
INV001070,PO001070,2025-10-02,630.63,paid,2025-10-23
INV001071,PO001071,2024-10-27,950.13,paid,2024-11-13
INV001072,PO001072,2025-01-14,133.65,paid,2025-02-27
INV001073,PO001073,2025-03-13,25665.93,paid,2025-04-19
INV001074,PO001074,2026-03-29,19890.0,pending,
INV001075,PO001075,2025-06-07,824186.25,paid,2025-07-05
INV001076,PO001076,2026-02-15,13818.75,paid,2026-03-07
INV001077,PO001077,2024-10-05,179034.84,overdue,
INV001078,PO001078,2025-03-24,6430.66,paid,2025-04-30
INV001079,PO001079,2024-11-26,394364.25,paid,2025-01-09
INV001080,PO001080,2024-10-16,177874.56,pending,
INV001081,PO001081,2026-06-04,31262.98,paid,2026-06-18
INV001082,PO001082,2026-08-07,344.85,pending,
INV001083,PO001083,2026-08-15,1428.91,paid,2026-08-28
INV001084,PO001084,2026-07-04,1791.17,paid,2026-07-14
INV001085,PO001085,2025-08-17,72631.35,paid,2025-09-16
INV001086,PO001086,2025-06-28,6489.6,pending,
INV001087,PO001087,2024-10-04,29105.8,paid,2024-10-10
INV001088,PO001088,2025-07-30,39139.1,paid,2025-09-09
INV001089,PO001089,2026-06-08,954135.38,paid,2026-06-26
INV001090,PO001090,2025-02-16,19228.44,paid,2025-03-03
INV001091,PO001091,2025-02-18,1265458.83,pending,
INV001093,PO001093,2025-02-21,22394.96,paid,2025-04-03
INV001094,PO001094,2025-08-12,19403.3,pending,
INV001095,PO001095,2025-10-06,385970.75,paid,2025-11-19
INV001096,PO001096,2025-02-08,103452.48,paid,2025-02-18
INV001097,PO001097,2026-05-11,50186.24,paid,2026-06-24
INV001098,PO001098,2025-03-07,13342.56,paid,2025-04-10
INV001099,PO001099,2025-11-25,11501.84,paid,2026-01-04
INV001100,PO001100,2024-10-16,67878.0,paid,2024-11-24
INV001101,PO001101,2025-08-26,36944.62,paid,2025-09-18
INV001102,PO001102,2025-06-26,71951.04,paid,2025-07-20
INV001104,PO001104,2025-05-21,4079444.16,paid,2025-05-30
INV001105,PO001105,2025-10-20,189207.04,paid,2025-11-06
INV001106,PO001106,2025-08-11,628625.92,pending,
INV001108,PO001108,2025-05-28,90777.86,pending,
INV001109,PO001109,2024-09-23,419.22,pending,
INV001110,PO001110,2025-11-09,12834.92,paid,2025-12-06
INV001112,PO001112,2026-05-07,96806.16,pending,
INV001114,PO001114,2025-05-17,581206.2,paid,2025-05-26
INV001115,PO001115,2026-01-15,83181.28,pending,
INV001116,PO001116,2026-04-21,694775.36,paid,2026-05-18
INV001118,PO001118,2026-08-05,32330.24,paid,2026-09-01
INV001119,PO001119,2026-08-12,56770.56,paid,2026-09-01
INV001121,PO001121,2026-01-28,146576.8,paid,2026-02-09
INV001122,PO001122,2025-02-11,768.79,paid,2025-03-06
INV001123,PO001123,2026-06-17,809685.9,paid,2026-07-17
INV001124,PO001124,2025-11-30,31589.0,paid,2025-12-10
INV001125,PO001125,2025-07-17,3912.04,paid,2025-08-28
INV001126,PO001126,2024-10-10,1008.58,paid,2024-11-05
INV001127,PO001127,2024-12-27,2321.01,paid,2025-02-01
INV001128,PO001128,2025-06-15,1498467.64,paid,2025-07-11
INV001129,PO001129,2025-07-28,20369.16,pending,
INV001130,PO001130,2026-08-08,79258.5,paid,2026-08-15
INV001131,PO001131,2025-01-09,529878.6,pending,
INV001132,PO001132,2025-12-20,492589.23,paid,2026-01-30
INV001133,PO001133,2025-03-03,27027.0,overdue,
INV001134,PO001134,2026-08-11,4694.56,paid,2026-09-22
INV001135,PO001135,2025-03-13,27715.35,pending,
INV001136,PO001136,2024-10-17,283916.43,paid,2024-11-09
INV001138,PO001138,2025-12-04,859691.5,pending,
INV001139,PO001139,2026-02-05,70269.52,paid,2026-03-01
INV001140,PO001140,2025-06-19,230386.2,overdue,
INV001141,PO001141,2025-10-23,183197.28,paid,2025-11-22
INV001142,PO001142,2025-02-13,1370.34,pending,
INV001144,PO001144,2025-05-06,12314.65,paid,2025-06-19
INV001145,PO001145,2026-04-04,51767.1,paid,2026-04-28
INV001146,PO001146,2026-04-09,995.61,paid,2026-04-18
INV001147,PO001147,2026-02-18,227062.43,pending,
INV001148,PO001148,2024-12-31,2434052.21,overdue,
INV001149,PO001149,2025-01-02,58797.12,paid,2025-01-25
INV001151,PO001151,2025-07-30,494019.06,paid,2025-08-29
INV001152,PO001152,2026-06-06,49749.3,paid,2026-06-12
INV001153,PO001153,2024-11-06,643.68,paid,2024-11-22
INV001154,PO001154,2025-05-14,657040.3,pending,
INV001155,PO001155,2026-07-07,42731.7,paid,2026-07-21
INV001156,PO001156,2024-09-18,7462.16,overdue,
INV001157,PO001157,2025-03-25,1160.32,paid,2025-04-21
INV001158,PO001158,2025-02-15,615.12,paid,2025-03-16
INV001159,PO001159,2026-07-09,532433.75,paid,2026-07-16
INV001160,PO001160,2025-11-18,32087.82,paid,2025-11-27
INV001161,PO001161,2024-10-13,52658.69,paid,2024-11-14
INV001163,PO001163,2025-09-08,133731.0,paid,2025-10-16
INV001164,PO001164,2025-03-11,1931.6,paid,2025-04-15
INV001165,PO001165,2025-09-16,14048.44,paid,2025-10-05
INV001166,PO001166,2026-03-08,27186.48,pending,
INV001167,PO001167,2025-08-12,445016.6,paid,2025-08-17
INV001168,PO001168,2026-04-29,2223.76,overdue,
INV001169,PO001169,2025-10-17,906.39,paid,2025-10-22
INV001170,PO001170,2025-07-14,9657.96,paid,2025-08-13
INV001171,PO001171,2025-06-01,32652.16,paid,2025-06-06
INV001172,PO001172,2026-06-27,146629.14,paid,2026-08-01
INV001173,PO001173,2025-03-16,10359.18,overdue,
INV001174,PO001174,2026-07-13,36804.88,paid,2026-08-25
INV001175,PO001175,2026-06-30,103847.58,paid,2026-08-01
INV001176,PO001176,2025-03-20,21931.19,paid,2025-04-14
INV001177,PO001177,2026-04-05,135262.0,pending,
INV001178,PO001178,2024-11-10,867123.47,paid,2024-11-18
INV001179,PO001179,2025-04-19,8176.02,paid,2025-04-30
INV001180,PO001180,2025-06-09,2290.92,paid,2025-06-22
INV001181,PO001181,2025-11-14,3477.76,paid,2025-12-16
INV001182,PO001182,2026-08-26,295747.3,paid,2026-09-15
INV001183,PO001183,2026-07-27,174205.02,paid,2026-08-17
INV001184,PO001184,2025-06-05,10322.7,pending,
INV001185,PO001185,2025-05-07,333711.0,paid,2025-06-20
INV001186,PO001186,2026-03-24,942986.38,paid,2026-04-03
INV001187,PO001187,2026-06-10,298845.48,paid,2026-06-19
INV001188,PO001188,2024-10-04,12358.66,paid,2024-10-25
INV001189,PO001189,2026-05-09,45095.55,paid,2026-06-19
INV001190,PO001190,2024-11-22,9711.52,paid,2024-12-04
INV001192,PO001192,2025-01-05,2550.12,pending,
INV001193,PO001193,2025-12-07,82145.55,paid,2026-01-03
INV001194,PO001194,2024-12-28,440.0,paid,2025-01-25
INV001195,PO001195,2025-09-28,2159.22,overdue,
INV001198,PO001198,2025-08-14,39294.81,paid,2025-09-16
INV001199,PO001199,2025-09-10,6873.66,paid,2025-10-24
INV001200,PO001200,2026-07-11,1000.82,paid,2026-08-13
INV001202,PO001202,2026-05-05,13525.38,paid,2026-05-19
INV001203,PO001203,2026-06-23,28459.44,paid,2026-07-14
INV001204,PO001204,2025-03-10,536138.28,paid,2025-04-19
INV001205,PO001205,2025-07-05,258854.73,paid,2025-08-15
INV001206,PO001206,2026-03-07,6482.04,paid,2026-03-14
INV001207,PO001207,2026-06-02,562740.4,paid,2026-06-16
INV001208,PO001208,2025-05-04,2576.88,paid,2025-06-15
INV001209,PO001209,2026-03-13,696.8,paid,2026-04-18
INV001210,PO001210,2026-08-27,367.29,paid,2026-09-19
INV001211,PO001211,2025-03-15,37381.5,pending,
INV001212,PO001212,2024-12-30,31303.8,paid,2025-01-06
INV001213,PO001213,2025-09-17,8367.39,paid,2025-10-13
INV001214,PO001214,2025-04-26,996878.88,overdue,
INV001215,PO001215,2025-03-12,70885.4,paid,2025-04-14
INV001216,PO001216,2026-07-19,1420195.98,paid,2026-08-14
INV001217,PO001217,2025-03-13,769577.2,pending,
INV001219,PO001219,2026-07-08,22354.62,paid,2026-07-19
INV001220,PO001220,2026-02-16,1329884.16,pending,
INV001221,PO001221,2025-10-25,160564.16,paid,2025-11-01
INV001222,PO001222,2026-07-27,43059.9,pending,
INV001223,PO001223,2026-01-01,2434.23,paid,2026-01-08
INV001224,PO001224,2025-10-14,469673.16,pending,
INV001225,PO001225,2026-05-23,139045.5,paid,2026-05-28
INV001226,PO001226,2025-05-09,1825506.5,pending,
INV001228,PO001228,2025-11-01,119627.64,paid,2025-11-27
INV001229,PO001229,2026-06-21,118814.67,paid,2026-07-04
INV001230,PO001230,2025-05-08,325340.73,paid,2025-05-20
INV001231,PO001231,2025-05-28,156839.72,pending,
INV001232,PO001232,2025-06-03,590685.4,paid,2025-06-19
INV001233,PO001233,2025-08-18,669.9,paid,2025-09-03
INV001234,PO001234,2026-02-15,5597.02,paid,2026-03-10
INV001235,PO001235,2025-01-21,268003.68,overdue,
INV001236,PO001236,2025-12-04,300709.32,pending,
INV001237,PO001237,2025-02-18,2229.87,paid,2025-03-03
INV001238,PO001238,2025-04-27,57209.46,overdue,
INV001239,PO001239,2026-06-02,72371.76,paid,2026-07-01
INV001241,PO001241,2025-10-04,270.27,paid,2025-11-08
INV001242,PO001242,2025-09-10,75527.76,paid,2025-10-18
INV001243,PO001243,2026-05-09,251104.04,paid,2026-05-19
INV001244,PO001244,2026-06-28,893409.64,overdue,
INV001245,PO001245,2025-11-04,1123182.8,paid,2025-11-10
INV001246,PO001246,2024-10-31,1031.4,pending,
INV001247,PO001247,2025-01-21,4200.0,overdue,
INV001248,PO001248,2025-10-04,35289.24,paid,2025-10-23
INV001249,PO001249,2026-08-20,545742.72,paid,2026-09-17
INV001250,PO001250,2024-09-15,618245.4,paid,2024-10-10
INV001251,PO001251,2026-07-02,242.48,paid,2026-07-19
INV001252,PO001252,2026-03-07,1135676.62,paid,2026-03-25
INV001253,PO001253,2026-02-06,4087.35,paid,2026-02-22
INV001254,PO001254,2025-05-27,1772.19,pending,
INV001255,PO001255,2025-02-05,17454.4,paid,2025-02-20
INV001256,PO001256,2026-02-10,230824.11,overdue,
INV001257,PO001257,2026-04-25,10141.22,paid,2026-05-09
INV001258,PO001258,2024-12-19,369396.0,paid,2025-01-24
INV001259,PO001259,2026-04-29,208.26,paid,2026-05-09
INV001260,PO001260,2025-02-19,282603.44,paid,2025-04-02
INV001261,PO001261,2025-04-05,592.31,paid,2025-04-23
INV001262,PO001262,2025-07-11,153769.72,pending,
INV001263,PO001263,2025-05-10,74805.9,paid,2025-05-25
INV001265,PO001265,2025-07-20,4574.78,paid,2025-08-10
INV001266,PO001266,2026-02-15,68236.86,paid,2026-03-24
INV001267,PO001267,2025-11-13,82938.08,pending,
INV001268,PO001268,2025-11-30,12978.15,pending,
INV001269,PO001269,2026-07-17,133.98,pending,
INV001270,PO001270,2025-05-13,806369.15,paid,2025-05-27
INV001272,PO001272,2025-06-16,973.88,paid,2025-07-26
INV001273,PO001273,2026-04-14,1563.1,paid,2026-04-21
INV001274,PO001274,2026-08-18,141064.71,paid,2026-09-12
INV001275,PO001275,2025-04-23,1159083.26,paid,2025-06-01
INV001276,PO001276,2026-01-14,461.34,paid,2026-02-04
INV001277,PO001277,2025-02-15,7564.8,pending,
INV001278,PO001278,2025-12-27,51888.96,overdue,
INV001279,PO001279,2026-01-27,1369.55,paid,2026-03-11
INV001280,PO001280,2026-01-02,426946.26,paid,2026-01-10
INV001281,PO001281,2024-12-26,2036.45,paid,2025-02-05
INV001282,PO001282,2025-12-27,5213.67,pending,
INV001283,PO001283,2026-08-22,57188.23,paid,2026-09-27
INV001284,PO001284,2025-07-24,6515.7,paid,2025-08-01
INV001285,PO001285,2026-01-08,1643190.15,pending,
INV001286,PO001286,2024-10-18,30569.91,pending,
INV001287,PO001287,2025-05-19,11757.41,paid,2025-06-29
INV001288,PO001288,2025-03-27,24049.48,pending,
INV001290,PO001290,2026-05-06,588598.0,paid,2026-05-26
INV001291,PO001291,2025-12-22,39796.68,overdue,
INV001292,PO001292,2024-09-08,22688.25,pending,
INV001293,PO001293,2024-10-21,150663.12,paid,2024-10-31
INV001294,PO001294,2024-12-22,11696.45,paid,2025-01-06
INV001295,PO001295,2025-09-14,1213028.91,pending,
INV001296,PO001296,2025-03-16,67490.28,paid,2025-03-29
INV001298,PO001298,2024-11-22,203509.58,paid,2024-12-31
INV001299,PO001299,2024-10-26,8032.77,paid,2024-11-10
INV001300,PO001300,2025-02-17,377207.64,overdue,
INV001301,PO001301,2026-06-30,9833.26,paid,2026-07-23
INV001302,PO001302,2026-03-04,628.32,paid,2026-03-19
INV001303,PO001303,2024-12-17,1909704.15,paid,2025-01-19
INV001304,PO001304,2024-10-01,14432.36,pending,
INV001305,PO001305,2024-12-27,113123.52,paid,2025-01-06
INV001308,PO001308,2024-10-03,569.77,pending,
INV001309,PO001309,2026-05-11,636.24,paid,2026-06-23
INV001310,PO001310,2026-01-01,364363.2,paid,2026-01-12
INV001311,PO001311,2025-07-11,1059520.78,paid,2025-08-17
INV001312,PO001312,2025-06-03,330549.33,pending,
INV001313,PO001313,2024-10-09,94422.28,paid,2024-11-03
INV001314,PO001314,2024-12-29,4277.7,pending,
INV001315,PO001315,2025-02-19,78407.19,paid,2025-04-04
INV001317,PO001317,2026-04-23,2196334.44,paid,2026-06-01
INV001318,PO001318,2025-12-06,27134.8,paid,2026-01-08
INV001319,PO001319,2025-04-21,42799.32,paid,2025-06-02
INV001320,PO001320,2026-01-08,150109.12,pending,
INV001321,PO001321,2026-03-28,7894.88,paid,2026-04-14
INV001322,PO001322,2026-02-13,490265.87,paid,2026-03-19
INV001323,PO001323,2024-10-03,52465.5,paid,2024-10-13
INV001324,PO001324,2025-03-03,6067.2,overdue,
INV001325,PO001325,2024-11-12,19584.42,paid,2024-12-08
INV001326,PO001326,2025-03-24,475645.17,pending,
INV001327,PO001327,2025-05-23,28112.78,pending,
INV001328,PO001328,2025-12-09,1647.98,pending,
INV001330,PO001330,2026-03-30,5687.62,paid,2026-04-29
INV001331,PO001331,2026-04-27,329383.62,paid,2026-06-06
INV001332,PO001332,2025-01-11,243320.07,paid,2025-02-23
INV001333,PO001333,2026-07-05,90122.76,paid,2026-07-25
INV001334,PO001334,2024-12-30,14702.2,overdue,
INV001335,PO001335,2025-10-07,5910999.7,paid,2025-11-19
INV001336,PO001336,2025-06-13,3274030.29,paid,2025-06-26
INV001338,PO001338,2026-07-14,878.02,paid,2026-08-17
INV001339,PO001339,2025-05-03,807.36,paid,2025-05-13
INV001340,PO001340,2026-06-16,29250.43,paid,2026-07-12
INV001341,PO001341,2026-06-03,168.63,paid,2026-06-22
INV001342,PO001342,2025-11-01,1678509.28,paid,2025-12-11
INV001343,PO001343,2025-01-31,1245.82,paid,2025-02-15
INV001344,PO001344,2025-05-03,28509.8,paid,2025-06-16
INV001345,PO001345,2025-01-12,1837.74,paid,2025-02-24
INV001346,PO001346,2024-10-02,337.85,paid,2024-10-25
INV001347,PO001347,2024-12-07,35471.2,paid,2025-01-05
INV001348,PO001348,2026-02-03,29509.72,paid,2026-03-09
INV001349,PO001349,2025-07-10,73237.32,paid,2025-08-09
INV001350,PO001350,2025-04-01,425689.11,pending,
INV001351,PO001351,2026-02-16,568698.78,paid,2026-02-21
INV001352,PO001352,2025-09-22,69030.36,paid,2025-10-29
INV001353,PO001353,2026-01-05,111012.85,paid,2026-02-18
INV001354,PO001354,2026-02-21,163.4,pending,
INV001355,PO001355,2025-04-07,5953.5,pending,
INV001356,PO001356,2024-11-11,1410669.91,pending,
INV001357,PO001357,2025-12-17,467.19,overdue,
INV001358,PO001358,2025-04-26,1501258.08,overdue,
INV001359,PO001359,2026-06-05,1551602.36,paid,2026-06-26
INV001360,PO001360,2026-01-12,18425.52,paid,2026-02-08
INV001361,PO001361,2026-02-18,10009.72,paid,2026-03-04
INV001362,PO001362,2025-12-28,930244.8,paid,2026-01-16
INV001364,PO001364,2025-06-22,11395.9,pending,
INV001365,PO001365,2026-04-20,65231.28,pending,
INV001366,PO001366,2025-08-25,16383.26,pending,
INV001367,PO001367,2025-08-25,112516.56,paid,2025-09-20
INV001368,PO001368,2025-07-02,132325.0,paid,2025-07-13
INV001369,PO001369,2026-04-08,585619.32,paid,2026-04-14
INV001370,PO001370,2025-03-31,697.97,overdue,
INV001371,PO001371,2026-06-20,4778.54,paid,2026-06-29
INV001372,PO001372,2024-11-24,92985.6,paid,2024-12-23
INV001373,PO001373,2025-07-05,16918.65,paid,2025-07-11
INV001374,PO001374,2025-01-29,7473.0,overdue,
INV001375,PO001375,2025-06-21,619516.02,paid,2025-07-16
INV001376,PO001376,2026-04-27,20242.29,paid,2026-06-07
INV001377,PO001377,2025-01-22,5851.9,pending,
INV001378,PO001378,2025-02-27,329133.28,paid,2025-03-21
INV001379,PO001379,2025-05-14,87709.57,paid,2025-05-29
INV001380,PO001380,2025-04-05,331422.74,paid,2025-04-25
INV001381,PO001381,2025-07-19,695427.84,pending,
INV001382,PO001382,2026-01-03,227.5,paid,2026-01-26
INV001383,PO001383,2024-10-17,27087.5,paid,2024-11-11
INV001384,PO001384,2026-01-25,767.91,paid,2026-02-27
INV001385,PO001385,2025-02-03,136415.3,paid,2025-03-02
INV001386,PO001386,2026-02-08,164.03,paid,2026-03-07
INV001387,PO001387,2025-02-02,34077.54,paid,2025-03-17
INV001388,PO001388,2026-05-01,207911.8,paid,2026-06-04
INV001389,PO001389,2025-08-22,30102.04,paid,2025-09-18
INV001390,PO001390,2026-08-19,2426.06,paid,2026-09-16
INV001391,PO001391,2026-05-12,244.86,overdue,
INV001392,PO001392,2025-08-21,11093.28,paid,2025-09-27
INV001394,PO001394,2026-01-26,1078557.66,overdue,
INV001395,PO001395,2025-07-29,36275.52,paid,2025-08-28
INV001396,PO001396,2025-01-25,2561.68,paid,2025-02-13
INV001397,PO001397,2024-09-12,184887.97,pending,
INV001398,PO001398,2026-08-22,1034092.32,pending,
INV001399,PO001399,2026-06-22,5508.39,paid,2026-07-14
INV001400,PO001400,2025-09-15,163379.04,paid,2025-10-20
INV001402,PO001402,2024-09-19,82414.64,pending,
INV001403,PO001403,2025-08-20,59889.5,paid,2025-09-18
INV001404,PO001404,2025-08-23,219.2,overdue,
INV001405,PO001405,2025-07-18,107886.06,paid,2025-08-18
INV001406,PO001406,2026-03-12,1483.02,paid,2026-03-26
INV001407,PO001407,2026-04-01,1826.72,paid,2026-04-22
INV001408,PO001408,2025-05-25,311500.16,paid,2025-06-01
INV001409,PO001409,2025-12-09,3202.1,paid,2026-01-09
INV001410,PO001410,2025-03-09,638945.38,paid,2025-04-11
INV001412,PO001412,2026-08-16,37086.35,pending,
INV001414,PO001414,2026-05-18,36793.17,pending,
INV001415,PO001415,2026-07-17,27387.78,pending,
INV001418,PO001418,2025-05-25,1110.7,paid,2025-06-09
INV001420,PO001420,2025-04-22,48657.42,paid,2025-05-07
INV001421,PO001421,2026-03-16,11842.51,paid,2026-04-08
INV001422,PO001422,2024-10-07,125913.96,paid,2024-10-12
INV001423,PO001423,2025-07-29,4942.52,paid,2025-09-09
INV001424,PO001424,2025-09-01,9670.1,pending,
INV001425,PO001425,2025-12-08,760.32,paid,2026-01-21
INV001426,PO001426,2026-04-26,7065.58,paid,2026-05-01
INV001427,PO001427,2025-01-25,106020.0,paid,2025-01-31
INV001428,PO001428,2024-09-20,6051.84,paid,2024-10-18
INV001429,PO001429,2026-07-21,8742.3,paid,2026-08-28
INV001430,PO001430,2025-12-11,1202.28,paid,2026-01-16
INV001431,PO001431,2025-11-11,501.49,pending,
INV001432,PO001432,2025-11-03,261.49,paid,2025-11-19
INV001433,PO001433,2025-06-21,768.84,paid,2025-07-06
INV001434,PO001434,2025-06-08,666328.0,paid,2025-06-16
INV001435,PO001435,2024-12-14,923418.8,overdue,
INV001436,PO001436,2026-04-03,695249.44,pending,
INV001437,PO001437,2024-10-03,972.78,paid,2024-11-04
INV001438,PO001438,2024-12-04,108963.14,paid,2024-12-19
INV001439,PO001439,2026-04-21,342.5,paid,2026-04-26
INV001440,PO001440,2024-11-29,19540.65,paid,2025-01-05
INV001441,PO001441,2024-10-14,27918.6,paid,2024-11-27
INV001442,PO001442,2026-05-06,279.51,paid,2026-06-13
INV001443,PO001443,2025-09-19,91787.06,paid,2025-10-29
INV001444,PO001444,2025-08-31,106756.2,paid,2025-09-24
INV001445,PO001445,2024-12-23,2867.7,paid,2025-01-24
INV001446,PO001446,2024-11-09,108451.86,paid,2024-12-13
INV001447,PO001447,2025-11-12,14049.35,paid,2025-11-26
INV001448,PO001448,2024-12-07,43043.0,overdue,
INV001449,PO001449,2025-12-16,1048.64,paid,2026-01-18
INV001450,PO001450,2025-03-01,434.28,paid,2025-03-09
INV001451,PO001451,2024-11-14,2824.25,paid,2024-11-28
INV001452,PO001452,2026-08-05,10869.11,paid,2026-09-08
INV001453,PO001453,2025-04-18,337.98,paid,2025-04-27
INV001454,PO001454,2025-09-07,10886.79,paid,2025-09-15
INV001455,PO001455,2025-05-14,109320.62,paid,2025-05-24
INV001456,PO001456,2026-06-09,1706776.48,paid,2026-06-14
INV001457,PO001457,2025-07-26,30146.7,overdue,
INV001458,PO001458,2025-08-20,60217.68,paid,2025-09-12
INV001459,PO001459,2025-03-16,480217.2,paid,2025-04-18
INV001460,PO001460,2026-09-05,43581.55,paid,2026-09-25
INV001461,PO001461,2025-07-07,56808.82,paid,2025-07-12
INV001463,PO001463,2026-05-04,19307.75,paid,2026-06-05
INV001464,PO001464,2026-01-28,4027.84,paid,2026-03-13
INV001465,PO001465,2026-02-13,7737.93,paid,2026-03-06
INV001467,PO001467,2026-07-27,36750.99,pending,
INV001468,PO001468,2025-06-05,22990.8,paid,2025-06-14
INV001469,PO001469,2024-10-24,1487.82,pending,
INV001470,PO001470,2025-12-05,55935.54,paid,2026-01-18
INV001471,PO001471,2026-06-05,54155.45,paid,2026-07-03
INV001472,PO001472,2025-07-08,23451.12,paid,2025-07-22
INV001473,PO001473,2026-04-11,367242.78,paid,2026-04-29
INV001474,PO001474,2025-07-19,24400.74,paid,2025-08-17
INV001476,PO001476,2024-10-20,76626.81,paid,2024-11-02
INV001477,PO001477,2026-07-25,1173231.5,paid,2026-08-23
INV001478,PO001478,2025-04-18,9479.7,paid,2025-06-01
INV001479,PO001479,2026-08-16,3450.54,paid,2026-09-07
INV001481,PO001481,2025-07-27,380503.95,pending,
INV001482,PO001482,2025-11-19,615893.33,paid,2025-12-27
INV001483,PO001483,2025-03-04,207923.94,pending,
INV001484,PO001484,2026-06-26,42167.0,paid,2026-07-12
INV001485,PO001485,2026-05-15,9300.2,overdue,
INV001486,PO001486,2025-01-25,1662.43,paid,2025-02-20
INV001487,PO001487,2025-11-05,1277.64,paid,2025-12-19
INV001488,PO001488,2024-10-27,3616513.18,paid,2024-11-22
INV001489,PO001489,2024-11-10,17704.5,paid,2024-12-04
INV001490,PO001490,2024-09-26,80.85,pending,
INV001491,PO001491,2025-10-13,975266.2,paid,2025-11-13
INV001492,PO001492,2026-02-28,188.81,paid,2026-03-24
INV001494,PO001494,2026-02-09,218380.98,paid,2026-02-21
INV001495,PO001495,2025-09-27,91524.72,overdue,
INV001497,PO001497,2025-06-24,10540.04,paid,2025-07-21
INV001498,PO001498,2025-06-15,117750.71,paid,2025-07-27
INV001499,PO001499,2025-03-29,119592.4,paid,2025-04-29
INV001500,PO001500,2025-07-19,371.91,overdue,
INV001501,PO001501,2025-08-01,1603.0,overdue,
INV001503,PO001503,2026-03-26,22679.7,pending,
INV001504,PO001504,2026-05-23,1070782.95,pending,
INV001506,PO001506,2025-10-27,238598.5,pending,
INV001507,PO001507,2025-06-17,366951.89,paid,2025-07-03
INV001508,PO001508,2025-03-18,39223.74,overdue,
INV001510,PO001510,2024-10-02,169094.75,paid,2024-11-13
INV001511,PO001511,2024-10-01,302758.5,overdue,
INV001513,PO001513,2024-11-01,1010.16,paid,2024-11-09
INV001514,PO001514,2026-05-03,75770.0,overdue,
INV001515,PO001515,2026-05-28,16717.65,paid,2026-06-05
INV001516,PO001516,2024-11-11,71357.49,paid,2024-12-06
INV001517,PO001517,2026-08-28,22543.92,paid,2026-09-17
INV001519,PO001519,2025-01-15,117913.46,overdue,
INV001520,PO001520,2025-10-10,4116.76,paid,2025-10-17
INV001521,PO001521,2026-07-04,7494.7,overdue,
INV001522,PO001522,2025-02-03,135519.3,paid,2025-03-09
INV001523,PO001523,2024-12-27,145.53,overdue,
INV001524,PO001524,2025-07-29,345708.73,paid,2025-08-20
INV001525,PO001525,2026-05-10,8375.4,pending,
INV001526,PO001526,2026-05-06,87573.3,paid,2026-05-18
INV001527,PO001527,2026-05-18,1497095.25,pending,
INV001528,PO001528,2026-04-06,161648.73,paid,2026-05-20
INV001529,PO001529,2025-01-24,729638.64,paid,2025-02-27
INV001530,PO001530,2026-01-27,81227.95,paid,2026-02-11
INV001531,PO001531,2025-03-12,930.02,paid,2025-03-31
INV001532,PO001532,2024-11-27,1848.7,pending,
INV001533,PO001533,2025-09-13,3397.96,pending,
INV001534,PO001534,2024-11-24,652.47,overdue,
INV001535,PO001535,2025-05-11,286403.0,paid,2025-05-31
INV001536,PO001536,2025-09-11,3571.44,pending,
INV001537,PO001537,2025-06-11,17739.36,paid,2025-07-21
INV001538,PO001538,2026-08-05,784.47,paid,2026-08-26
INV001539,PO001539,2025-01-13,487506.24,paid,2025-02-13
INV001540,PO001540,2025-04-01,110078.57,pending,
INV001541,PO001541,2026-04-17,1333563.54,paid,2026-05-26
INV001542,PO001542,2025-09-29,1778066.04,paid,2025-10-07
INV001543,PO001543,2025-02-18,441801.15,paid,2025-04-03
INV001544,PO001544,2026-05-18,2158.64,paid,2026-05-23
INV001545,PO001545,2026-08-25,702.66,paid,2026-09-27
INV001546,PO001546,2026-03-26,1438072.56,paid,2026-05-08
INV001547,PO001547,2025-11-18,1711.4,paid,2025-12-03
INV001548,PO001548,2025-10-21,1139519.7,paid,2025-11-30
INV001549,PO001549,2025-07-27,442.7,paid,2025-09-02
INV001550,PO001550,2024-11-06,4832.85,paid,2024-11-28
INV001551,PO001551,2025-08-10,3749.04,pending,
INV001552,PO001552,2026-03-30,593.67,pending,
INV001553,PO001553,2025-11-20,846.23,pending,
INV001554,PO001554,2026-02-20,38902.92,paid,2026-03-12
INV001555,PO001555,2025-04-22,104330.5,paid,2025-05-25
INV001556,PO001556,2026-07-27,269507.25,paid,2026-08-01
INV001557,PO001557,2025-07-23,1123.44,paid,2025-08-27
INV001558,PO001558,2024-10-30,576118.85,paid,2024-11-25
INV001559,PO001559,2026-04-20,1569.96,paid,2026-05-19
INV001560,PO001560,2024-11-11,314.16,paid,2024-12-04
INV001561,PO001561,2025-06-09,1196135.84,pending,
INV001562,PO001562,2025-09-23,25494.7,paid,2025-10-31
INV001563,PO001563,2026-06-16,25153.95,paid,2026-07-09
INV001564,PO001564,2026-05-07,139102.23,pending,
INV001565,PO001565,2025-05-11,252793.1,paid,2025-06-19
INV001566,PO001566,2025-09-17,1595147.44,paid,2025-09-24
INV001568,PO001568,2025-09-26,846143.92,paid,2025-10-19
INV001569,PO001569,2024-09-17,344648.3,paid,2024-10-11
INV001570,PO001570,2025-01-16,1193856.15,paid,2025-01-30
INV001571,PO001571,2025-01-31,274198.84,pending,
INV001572,PO001572,2025-12-21,72986.98,pending,
INV001573,PO001573,2025-12-09,125172.95,paid,2026-01-04
INV001574,PO001574,2026-06-28,93468.16,paid,2026-07-29
INV001575,PO001575,2024-11-14,75.14,paid,2024-12-03
INV001576,PO001576,2025-11-21,80783.36,paid,2025-12-05
INV001577,PO001577,2025-06-19,387.44,paid,2025-07-06
INV001578,PO001578,2025-07-17,662140.1,pending,
INV001579,PO001579,2024-11-14,18493.23,pending,
INV001580,PO001580,2026-03-14,396.72,paid,2026-03-24
INV001581,PO001581,2025-09-06,7398.8,pending,
INV001582,PO001582,2025-06-03,775734.96,paid,2025-07-09
INV001583,PO001583,2025-11-18,2444098.23,paid,2025-12-13
INV001584,PO001584,2025-01-31,277.02,paid,2025-02-06
INV001585,PO001585,2026-01-02,297250.08,paid,2026-01-07
INV001586,PO001586,2026-05-26,571394.48,paid,2026-06-29
INV001588,PO001588,2025-08-09,1252.4,pending,
INV001589,PO001589,2025-10-21,1021.02,paid,2025-10-28
INV001590,PO001590,2024-09-22,1068927.72,paid,2024-10-17
INV001591,PO001591,2025-07-22,526.68,pending,
INV001592,PO001592,2025-03-23,89538.4,paid,2025-04-09
INV001594,PO001594,2025-06-09,18398.0,paid,2025-06-29
INV001596,PO001596,2025-12-10,2863508.7,pending,
INV001597,PO001597,2026-03-25,4477.2,overdue,
INV001598,PO001598,2025-07-23,3030.3,pending,
INV001599,PO001599,2025-06-18,12595.88,paid,2025-07-06
INV001600,PO001600,2025-03-28,168598.8,pending,
INV001601,PO001601,2025-01-10,722811.86,paid,2025-01-17
INV001602,PO001602,2024-10-20,242939.36,paid,2024-12-03
INV001603,PO001603,2025-02-01,731105.1,pending,
INV001604,PO001604,2025-08-30,107731.65,overdue,
INV001605,PO001605,2025-07-22,8289.4,pending,
INV001606,PO001606,2025-03-05,3149.6,pending,
INV001607,PO001607,2025-08-23,1291.68,overdue,
INV001608,PO001608,2025-10-22,243880.96,paid,2025-12-01
INV001609,PO001609,2024-10-03,3248.18,paid,2024-11-14
INV001611,PO001611,2024-12-17,33321.12,paid,2024-12-30
INV001612,PO001612,2025-12-04,1729968.81,paid,2025-12-27
INV001613,PO001613,2025-12-24,12093.76,overdue,
INV001614,PO001614,2025-08-03,54154.4,paid,2025-08-08
INV001615,PO001615,2024-12-24,661.08,pending,
INV001616,PO001616,2025-07-21,747.25,overdue,
INV001617,PO001617,2026-05-17,1733.04,paid,2026-06-12
INV001618,PO001618,2026-07-25,803.84,paid,2026-08-10
INV001619,PO001619,2024-10-13,11895.32,paid,2024-11-22
INV001620,PO001620,2025-04-03,1143005.24,overdue,
INV001621,PO001621,2026-07-27,47098.8,pending,
INV001622,PO001622,2025-05-12,97042.4,paid,2025-06-18
INV001623,PO001623,2024-10-19,1426229.75,paid,2024-11-26
INV001624,PO001624,2025-06-28,665.59,overdue,
INV001625,PO001625,2025-08-21,75919.23,pending,
INV001626,PO001626,2025-05-18,65067.72,pending,
INV001627,PO001627,2026-08-30,716220.0,paid,2026-09-17
INV001628,PO001628,2024-10-18,26202.96,pending,
INV001629,PO001629,2025-09-04,558685.27,paid,2025-10-05
INV001630,PO001630,2024-12-16,670.65,pending,
INV001631,PO001631,2025-06-14,289292.3,pending,
INV001633,PO001633,2026-05-21,416017.35,paid,2026-06-12
INV001634,PO001634,2024-10-05,534810.0,paid,2024-11-15
INV001636,PO001636,2026-06-12,52500.8,paid,2026-07-11
INV001637,PO001637,2026-05-16,1546.38,paid,2026-06-08
INV001638,PO001638,2024-10-19,383535.36,pending,
INV001639,PO001639,2025-02-23,30120.1,paid,2025-03-10
INV001640,PO001640,2025-05-26,496970.92,paid,2025-07-08
INV001641,PO001641,2026-08-07,1026923.58,paid,2026-08-27
INV001642,PO001642,2026-09-11,855111.42,paid,2026-10-22
INV001643,PO001643,2025-02-03,7843.64,paid,2025-03-15
INV001644,PO001644,2025-06-15,44403.68,paid,2025-07-11
INV001645,PO001645,2025-09-21,227249.85,paid,2025-10-13
INV001646,PO001646,2026-05-01,77177.65,paid,2026-05-13
INV001647,PO001647,2025-10-21,273714.79,overdue,
INV001648,PO001648,2024-11-26,44309.82,paid,2024-12-19
INV001649,PO001649,2025-06-08,767.44,paid,2025-07-21
INV001651,PO001651,2024-10-16,86.8,overdue,
INV001652,PO001652,2025-06-18,33631.16,paid,2025-07-25
INV001653,PO001653,2026-02-22,5310.24,pending,
INV001654,PO001654,2025-05-03,4233.42,overdue,
INV001656,PO001656,2026-01-23,9695.06,overdue,
INV001657,PO001657,2024-11-21,283.04,paid,2024-12-19
INV001658,PO001658,2025-04-02,1357.5,paid,2025-04-12
INV001659,PO001659,2025-05-02,2901024.06,paid,2025-05-15
INV001660,PO001660,2025-12-28,3545.89,paid,2026-02-09
INV001661,PO001661,2025-01-15,1057912.38,paid,2025-02-01
INV001662,PO001662,2025-06-12,95062.25,paid,2025-07-07
INV001663,PO001663,2024-10-22,404086.2,paid,2024-11-10
INV001664,PO001664,2026-01-07,806.19,paid,2026-02-16
INV001665,PO001665,2026-07-29,8353.35,overdue,
INV001666,PO001666,2025-07-12,1367400.96,paid,2025-07-26
INV001667,PO001667,2025-07-25,2368.74,paid,2025-08-10
INV001668,PO001668,2026-02-03,62722.3,paid,2026-03-18
INV001669,PO001669,2025-09-04,5492.19,paid,2025-09-30
INV001670,PO001670,2025-03-18,860.22,pending,
INV001671,PO001671,2025-06-23,212339.73,paid,2025-07-17
INV001672,PO001672,2025-07-17,810614.45,paid,2025-08-27
INV001673,PO001673,2026-03-10,22398.01,overdue,
INV001675,PO001675,2025-02-18,11380.2,paid,2025-03-28
INV001676,PO001676,2026-07-03,87623.91,paid,2026-08-04
INV001677,PO001677,2025-10-07,14878.71,paid,2025-11-19
INV001678,PO001678,2026-06-11,889990.4,paid,2026-06-30
INV001679,PO001679,2025-02-08,1618.76,paid,2025-03-10
INV001680,PO001680,2026-05-29,4772.64,paid,2026-06-03
INV001681,PO001681,2024-09-15,143105.0,paid,2024-09-23
INV001682,PO001682,2026-04-01,1776.06,pending,
INV001683,PO001683,2025-01-23,712938.03,paid,2025-02-25
INV001684,PO001684,2026-08-01,9657.2,paid,2026-08-20
INV001685,PO001685,2025-05-01,342464.71,paid,2025-06-11
INV001686,PO001686,2024-09-11,8630.98,paid,2024-10-14
INV001687,PO001687,2026-03-13,21494.85,paid,2026-03-31
INV001688,PO001688,2025-05-09,29693.22,paid,2025-06-16
INV001689,PO001689,2025-12-18,23347.2,pending,
INV001690,PO001690,2026-06-03,142275.41,paid,2026-06-17
INV001691,PO001691,2026-08-10,380.48,overdue,
INV001692,PO001692,2024-10-13,622115.5,paid,2024-10-22
INV001693,PO001693,2025-09-29,176867.52,paid,2025-10-24
INV001694,PO001694,2025-04-02,2172.66,paid,2025-05-07
INV001695,PO001695,2026-06-04,2878.37,paid,2026-06-14
INV001696,PO001696,2025-08-14,302.5,paid,2025-09-23
INV001697,PO001697,2024-10-29,370914.76,paid,2024-11-23
INV001698,PO001698,2025-11-25,3764.92,paid,2025-12-18
INV001699,PO001699,2025-10-13,218832.32,paid,2025-11-26
INV001700,PO001700,2025-08-10,408.24,paid,2025-09-02
INV001701,PO001701,2025-01-05,13011.32,overdue,
INV001702,PO001702,2025-12-12,224602.76,paid,2026-01-08
INV001703,PO001703,2025-09-30,449.9,paid,2025-11-10
INV001704,PO001704,2025-06-09,222624.71,pending,
INV001705,PO001705,2025-03-19,9947.2,overdue,
INV001706,PO001706,2024-09-16,16755.16,overdue,
INV001707,PO001707,2026-02-10,139085.64,paid,2026-03-10
INV001708,PO001708,2026-02-09,28016.39,paid,2026-03-25
INV001709,PO001709,2024-11-02,2539.35,paid,2024-11-26
INV001710,PO001710,2025-12-03,25855.54,paid,2025-12-29
INV001711,PO001711,2026-03-13,5829.87,paid,2026-04-14
INV001712,PO001712,2025-01-12,3570.18,paid,2025-02-08
INV001713,PO001713,2025-12-15,342090.44,paid,2025-12-24
INV001714,PO001714,2026-05-25,67836.8,paid,2026-06-03
INV001715,PO001715,2025-12-11,620.68,paid,2025-12-20
INV001716,PO001716,2025-11-06,69160.95,paid,2025-11-12
INV001717,PO001717,2024-12-01,84204.0,paid,2024-12-27
INV001718,PO001718,2026-04-17,493156.24,pending,
INV001719,PO001719,2024-09-12,4447.52,paid,2024-10-09
INV001720,PO001720,2025-04-12,104116.74,paid,2025-04-25
INV001721,PO001721,2025-09-04,226801.14,paid,2025-10-15
INV001722,PO001722,2025-06-16,329.18,paid,2025-07-27
INV001723,PO001723,2025-08-19,12431.31,pending,
INV001725,PO001725,2025-06-05,10628.4,paid,2025-06-14
INV001726,PO001726,2024-12-13,27209.52,paid,2025-01-05
INV001727,PO001727,2025-09-20,916189.25,overdue,
INV001728,PO001728,2025-07-04,19205.0,overdue,
INV001729,PO001729,2025-03-29,113569.4,paid,2025-05-04
INV001730,PO001730,2025-05-09,14071.0,pending,
INV001731,PO001731,2024-12-15,77413.81,paid,2025-01-15
INV001732,PO001732,2025-12-05,5829.12,paid,2026-01-16
INV001733,PO001733,2025-07-22,66900.33,paid,2025-09-03
INV001734,PO001734,2025-01-09,17599.98,paid,2025-01-16
INV001735,PO001735,2026-06-30,183042.74,paid,2026-07-20
INV001737,PO001737,2026-06-12,371979.6,pending,
INV001738,PO001738,2025-11-16,19038.6,paid,2025-11-24
INV001739,PO001739,2026-06-10,963.63,paid,2026-07-04
INV001740,PO001740,2025-08-26,2777.6,paid,2025-10-04
INV001742,PO001742,2025-05-08,18766.08,paid,2025-06-01
INV001743,PO001743,2024-11-26,6322.25,paid,2025-01-05
INV001744,PO001744,2026-02-06,20825.0,paid,2026-03-01
INV001745,PO001745,2025-03-09,61770.52,paid,2025-04-22
INV001746,PO001746,2026-05-04,214984.8,pending,
INV001747,PO001747,2026-07-25,15791.28,pending,
INV001749,PO001749,2026-06-03,41486.25,paid,2026-06-10
INV001750,PO001750,2025-02-09,18511.25,paid,2025-03-18
INV001751,PO001751,2026-04-21,1448.14,overdue,
INV001752,PO001752,2025-03-31,455.7,overdue,
INV001753,PO001753,2024-11-20,2671.56,overdue,
INV001755,PO001755,2024-10-13,28927.5,paid,2024-11-09
INV001757,PO001757,2025-10-12,120.64,pending,
INV001758,PO001758,2025-01-03,316397.43,pending,
INV001759,PO001759,2026-06-25,351.36,overdue,
INV001760,PO001760,2025-10-29,32485.53,paid,2025-12-05
INV001761,PO001761,2025-03-30,3928.05,pending,
INV001762,PO001762,2025-01-12,42702.44,pending,
INV001763,PO001763,2025-10-15,46437.5,paid,2025-11-23
INV001764,PO001764,2024-12-26,72524.65,paid,2025-02-04
INV001766,PO001766,2026-01-27,242637.14,pending,
INV001767,PO001767,2025-10-21,66736.15,paid,2025-11-24
INV001768,PO001768,2024-10-31,730788.42,pending,
INV001769,PO001769,2025-11-24,55303.79,paid,2025-12-03
INV001770,PO001770,2025-03-10,363742.08,paid,2025-03-29
INV001771,PO001771,2024-12-17,26504.84,paid,2025-01-28
INV001773,PO001773,2025-06-17,117160.56,paid,2025-07-01
INV001774,PO001774,2025-10-23,252486.0,paid,2025-11-24
INV001775,PO001775,2025-06-05,1891.26,pending,
INV001776,PO001776,2026-01-11,287700.0,overdue,
INV001777,PO001777,2025-08-24,1169.73,paid,2025-09-10
INV001778,PO001778,2025-10-22,114964.0,paid,2025-11-19
INV001779,PO001779,2026-08-27,28636.8,paid,2026-09-04
INV001780,PO001780,2024-09-16,3320.24,paid,2024-09-28
INV001782,PO001782,2024-11-12,62141.75,paid,2024-11-17
INV001784,PO001784,2025-12-20,1533.63,overdue,
INV001785,PO001785,2025-07-02,1018.41,pending,
INV001786,PO001786,2025-08-28,10755.94,overdue,
INV001787,PO001787,2026-06-25,687292.66,paid,2026-07-24
INV001788,PO001788,2026-02-26,35827.92,paid,2026-04-02
INV001789,PO001789,2025-08-17,5307.61,paid,2025-09-15
INV001790,PO001790,2026-05-31,17341.08,paid,2026-07-12
INV001792,PO001792,2025-11-11,378376.48,paid,2025-11-22
INV001793,PO001793,2026-04-10,379114.68,pending,
INV001794,PO001794,2025-01-17,1529583.51,paid,2025-01-25
INV001795,PO001795,2026-06-25,5427.24,pending,
INV001796,PO001796,2025-03-27,569.52,paid,2025-05-10
INV001797,PO001797,2025-05-24,59280.84,paid,2025-07-06
INV001798,PO001798,2025-11-30,2694.03,paid,2025-12-14
INV001799,PO001799,2025-04-22,83762.25,paid,2025-05-21
INV001800,PO001800,2025-11-21,18478.46,paid,2025-12-03
INV001801,PO001801,2025-10-06,219.45,paid,2025-10-24
INV001802,PO001802,2025-05-25,23222.34,pending,
INV001804,PO001804,2026-02-19,227202.59,pending,
INV001805,PO001805,2025-09-04,225100.72,pending,
INV001806,PO001806,2025-07-19,5802550.5,paid,2025-08-30
INV001807,PO001807,2024-09-22,11684.62,paid,2024-10-12
INV001808,PO001808,2025-07-30,12387.2,pending,
INV001809,PO001809,2025-10-15,39098.76,pending,
INV001810,PO001810,2025-08-15,211340.79,paid,2025-09-16
INV001811,PO001811,2026-01-12,1526.07,pending,
INV001812,PO001812,2026-04-22,47533.64,paid,2026-05-15
INV001813,PO001813,2025-09-21,1471.28,pending,
INV001814,PO001814,2025-07-04,306073.35,pending,
INV001815,PO001815,2024-11-07,653.73,overdue,
INV001816,PO001816,2024-12-30,483619.24,paid,2025-01-11
INV001817,PO001817,2025-05-31,100633.5,paid,2025-07-06
INV001818,PO001818,2025-10-29,602.41,paid,2025-11-28
INV001819,PO001819,2026-03-29,68083.52,paid,2026-04-25
INV001820,PO001820,2025-11-16,1120.35,paid,2025-11-28
INV001821,PO001821,2026-08-29,41037.15,overdue,
INV001822,PO001822,2025-12-25,24393.46,overdue,
INV001823,PO001823,2026-07-23,8206.92,pending,
INV001824,PO001824,2026-04-28,1913.26,pending,
INV001825,PO001825,2026-01-15,193904.8,paid,2026-02-10
INV001826,PO001826,2024-10-06,658.3,paid,2024-10-25
INV001827,PO001827,2025-10-03,10048.5,paid,2025-11-10
INV001828,PO001828,2026-06-02,49687.3,paid,2026-06-09
INV001829,PO001829,2026-08-16,723.8,paid,2026-09-04
INV001830,PO001830,2025-10-30,1072272.04,pending,
INV001831,PO001831,2025-01-07,175392.8,paid,2025-01-30
INV001832,PO001832,2025-12-25,12668.4,paid,2026-01-01
INV001833,PO001833,2024-10-07,33351.99,paid,2024-11-03
INV001834,PO001834,2024-12-09,312.48,paid,2025-01-22
INV001835,PO001835,2025-08-02,653388.33,paid,2025-08-24
INV001836,PO001836,2025-08-24,103384.31,paid,2025-10-04
INV001837,PO001837,2026-01-23,40439.52,paid,2026-02-26
INV001838,PO001838,2025-11-17,753.35,pending,
INV001839,PO001839,2025-02-28,2386.8,pending,
INV001840,PO001840,2025-07-26,34164.09,paid,2025-08-30
INV001841,PO001841,2025-05-09,59505.84,paid,2025-06-21
INV001842,PO001842,2026-08-17,64492.8,paid,2026-09-01
INV001843,PO001843,2025-09-18,2379.84,overdue,
INV001844,PO001844,2025-10-28,33987.36,overdue,
INV001845,PO001845,2026-07-30,239412.75,pending,
INV001846,PO001846,2025-12-01,375110.96,paid,2025-12-29
INV001847,PO001847,2025-04-15,308827.44,paid,2025-05-27
INV001848,PO001848,2026-07-07,2968.2,paid,2026-07-23
INV001850,PO001850,2025-08-01,637.42,pending,
INV001851,PO001851,2025-07-09,470.96,paid,2025-08-14
INV001852,PO001852,2025-07-07,5452.48,paid,2025-08-05
INV001853,PO001853,2025-02-15,78793.28,overdue,
INV001854,PO001854,2026-07-13,499724.78,overdue,
INV001855,PO001855,2026-04-26,107461.2,paid,2026-05-02
INV001856,PO001856,2026-03-01,139596.51,paid,2026-03-27
INV001857,PO001857,2026-03-06,13089.66,paid,2026-03-20
INV001858,PO001858,2026-01-15,697919.36,paid,2026-02-19
INV001859,PO001859,2025-12-21,468078.56,pending,
INV001860,PO001860,2026-04-28,2002575.96,paid,2026-05-08
INV001861,PO001861,2024-12-17,339040.39,overdue,
INV001862,PO001862,2026-02-25,839.7,paid,2026-03-25
INV001863,PO001863,2025-06-03,147911.82,pending,
INV001864,PO001864,2026-09-02,52595.84,paid,2026-09-18
INV001865,PO001865,2026-01-04,92774.14,paid,2026-02-17
INV001866,PO001866,2026-03-20,21260.58,paid,2026-04-21
INV001867,PO001867,2024-11-27,156164.25,paid,2024-12-26
INV001868,PO001868,2026-08-29,119260.62,paid,2026-09-05
INV001869,PO001869,2026-07-21,1670656.96,pending,
INV001871,PO001871,2025-08-15,25518.4,pending,
INV001872,PO001872,2026-04-22,1798473.12,paid,2026-05-16
INV001875,PO001875,2026-08-06,1108.8,overdue,
INV001876,PO001876,2025-07-07,18975.88,pending,
INV001877,PO001877,2025-04-27,1153.74,paid,2025-06-03
INV001878,PO001878,2024-12-12,301.92,overdue,
INV001879,PO001879,2025-12-08,8630.76,pending,
INV001880,PO001880,2025-01-30,186224.13,paid,2025-02-09
INV001881,PO001881,2026-05-14,100588.8,pending,
INV001883,PO001883,2026-06-11,684.0,paid,2026-06-17
INV001884,PO001884,2026-07-10,1118.6,paid,2026-08-13
INV001885,PO001885,2026-03-10,201929.72,paid,2026-03-28
INV001886,PO001886,2026-03-26,2315.72,paid,2026-04-18
INV001887,PO001887,2026-02-22,28835.0,paid,2026-03-10
INV001888,PO001888,2026-01-21,1539.15,paid,2026-03-02
INV001889,PO001889,2025-08-01,14238.98,paid,2025-09-09
INV001891,PO001891,2025-09-19,99005.94,paid,2025-10-31
INV001892,PO001892,2026-05-11,180942.15,paid,2026-05-17
INV001893,PO001893,2026-05-12,232.29,paid,2026-06-15
INV001894,PO001894,2025-11-06,263.7,paid,2025-12-03
INV001895,PO001895,2024-12-08,31447.78,paid,2025-01-18
INV001896,PO001896,2025-07-14,1611915.15,paid,2025-08-26
INV001897,PO001897,2025-01-17,95949.28,paid,2025-02-21
INV001898,PO001898,2026-06-24,65196.72,paid,2026-07-10
INV001899,PO001899,2025-03-08,6010.0,paid,2025-04-06
INV001900,PO001900,2024-11-08,373.52,paid,2024-12-03
INV001901,PO001901,2025-04-26,20732.07,paid,2025-06-07
INV001902,PO001902,2025-03-26,33516.24,overdue,
INV001903,PO001903,2026-08-31,979020.3,paid,2026-10-11
INV001904,PO001904,2025-08-15,33991.0,paid,2025-09-22
INV001905,PO001905,2024-09-23,816.48,paid,2024-10-16
INV001906,PO001906,2025-09-01,277265.23,paid,2025-09-22
INV001907,PO001907,2025-02-28,93277.75,paid,2025-03-18
INV001908,PO001908,2025-01-26,662343.8,paid,2025-02-28
INV001910,PO001910,2024-10-01,26682.3,paid,2024-10-06
INV001911,PO001911,2026-08-26,8567.04,paid,2026-09-13
INV001912,PO001912,2025-03-07,15091.56,paid,2025-03-28
INV001913,PO001913,2025-05-07,8861.04,paid,2025-05-19
INV001914,PO001914,2025-09-24,747046.56,paid,2025-10-24
INV001915,PO001915,2025-11-08,222719.28,paid,2025-12-22
INV001916,PO001916,2025-10-21,21139.28,paid,2025-11-24
INV001917,PO001917,2024-11-22,3653.66,paid,2024-11-28
INV001918,PO001918,2024-10-22,90487.28,paid,2024-10-31
INV001919,PO001919,2025-07-21,8412.32,paid,2025-08-18
INV001920,PO001920,2025-03-19,19504.8,paid,2025-03-27
INV001921,PO001921,2025-12-24,880.88,paid,2026-01-02
INV001922,PO001922,2024-10-16,570.72,paid,2024-10-29
INV001923,PO001923,2026-03-18,78922.2,paid,2026-04-15
INV001924,PO001924,2026-03-17,11709.39,paid,2026-04-06
INV001925,PO001925,2025-02-20,704.0,paid,2025-03-16
INV001926,PO001926,2024-12-30,165634.24,paid,2025-01-11
INV001927,PO001927,2024-12-17,95499.54,paid,2025-01-27
INV001928,PO001928,2024-11-07,898038.8,paid,2024-11-29
INV001929,PO001929,2026-03-01,4109.07,paid,2026-03-24
INV001930,PO001930,2025-10-01,7611.57,paid,2025-11-02
INV001931,PO001931,2025-08-07,415123.32,overdue,
INV001932,PO001932,2025-08-10,1945276.16,paid,2025-09-09
INV001933,PO001933,2025-03-18,23598.55,pending,
INV001934,PO001934,2026-07-13,1317.2,paid,2026-08-21
INV001935,PO001935,2025-09-21,251118.44,paid,2025-10-15
INV001936,PO001936,2025-03-15,880.11,paid,2025-03-27
INV001937,PO001937,2026-03-23,100416.63,paid,2026-04-22
INV001938,PO001938,2025-03-16,878.4,paid,2025-04-19
INV001939,PO001939,2024-10-27,2851.2,paid,2024-11-20
INV001940,PO001940,2025-12-04,672.84,paid,2026-01-09
INV001941,PO001941,2025-01-12,16245.84,pending,
INV001942,PO001942,2024-10-02,129932.6,paid,2024-10-30
INV001943,PO001943,2025-01-25,695.31,paid,2025-03-10
INV001944,PO001944,2024-11-20,1040.76,paid,2024-12-31
INV001945,PO001945,2026-04-10,135.0,paid,2026-04-28
INV001946,PO001946,2025-07-22,81145.64,paid,2025-08-17
INV001947,PO001947,2026-03-12,1624.34,pending,
INV001948,PO001948,2026-06-28,6914.1,paid,2026-08-01
INV001949,PO001949,2026-05-10,43654.74,paid,2026-06-20
INV001950,PO001950,2024-09-21,124174.75,paid,2024-10-02
INV001951,PO001951,2026-05-05,16463.48,pending,
INV001952,PO001952,2025-05-23,3942.35,paid,2025-06-15
INV001953,PO001953,2025-07-11,38152.0,paid,2025-08-09
INV001955,PO001955,2024-10-18,11735.16,pending,
INV001956,PO001956,2025-11-01,958272.0,paid,2025-12-02
INV001957,PO001957,2025-07-20,7729.68,overdue,
INV001958,PO001958,2025-06-29,19250.0,pending,
INV001959,PO001959,2026-06-06,838.95,pending,
INV001960,PO001960,2026-02-15,266.75,pending,
INV001961,PO001961,2024-10-19,1401.3,pending,
INV001962,PO001962,2026-06-07,649.74,paid,2026-06-17
INV001963,PO001963,2025-11-30,3869.58,paid,2026-01-05
INV001964,PO001964,2026-04-24,645.41,paid,2026-04-30
INV001965,PO001965,2026-02-15,77617.54,paid,2026-03-03
INV001966,PO001966,2025-08-29,116.5,paid,2025-09-30
INV001967,PO001967,2025-08-12,715.35,pending,
INV001968,PO001968,2026-07-19,388433.29,paid,2026-07-25
INV001969,PO001969,2025-05-10,100353.12,pending,
INV001970,PO001970,2025-12-05,897.75,paid,2025-12-30
INV001972,PO001972,2025-06-11,1115.73,paid,2025-07-06
INV001973,PO001973,2024-09-18,4180.68,paid,2024-10-24
INV001974,PO001974,2024-11-25,1589.4,pending,
INV001975,PO001975,2024-12-22,383321.63,paid,2025-01-06
INV001976,PO001976,2025-11-23,1359.24,paid,2025-11-29
INV001977,PO001977,2025-06-12,326.34,paid,2025-07-25
INV001978,PO001978,2025-12-03,9890.1,paid,2025-12-29
INV001979,PO001979,2024-09-28,285.6,paid,2024-10-21
INV001980,PO001980,2024-12-25,5664.4,paid,2025-01-25
INV001981,PO001981,2026-05-31,45372.96,overdue,
INV001982,PO001982,2025-02-01,259868.24,paid,2025-03-09
INV001983,PO001983,2025-04-10,902.01,paid,2025-04-24
INV001984,PO001984,2025-06-13,21062.19,paid,2025-07-16
INV001985,PO001985,2024-09-27,668549.28,pending,
INV001986,PO001986,2026-07-23,12233.63,pending,
INV001987,PO001987,2026-09-05,432413.1,paid,2026-09-10
INV001988,PO001988,2026-06-21,84604.24,paid,2026-07-25
INV001989,PO001989,2025-11-20,8117.84,paid,2025-12-30
INV001990,PO001990,2025-03-03,637011.7,pending,
INV001991,PO001991,2026-05-04,131795.3,paid,2026-05-23
INV001992,PO001992,2024-11-24,41870.25,paid,2024-12-12
INV001993,PO001993,2024-09-18,469304.94,paid,2024-09-24
INV001994,PO001994,2026-05-29,6349.2,paid,2026-06-25
INV001995,PO001995,2025-07-20,317249.1,overdue,
INV001996,PO001996,2026-09-13,121612.76,paid,2026-10-20
INV001997,PO001997,2026-04-17,324.8,paid,2026-05-28
INV001998,PO001998,2025-07-22,1287.8,paid,2025-08-19
INV001999,PO001999,2025-07-19,1214003.16,paid,2025-08-01
INV002000,PO002000,2025-06-13,16300.9,pending,
INV002002,PO002002,2025-03-03,65.61,paid,2025-03-19
INV002003,PO002003,2024-10-23,228505.95,paid,2024-11-04
INV002004,PO002004,2026-07-05,34691.8,pending,
INV002005,PO002005,2025-07-27,152463.36,paid,2025-09-01
INV002006,PO002006,2026-04-02,45092.52,paid,2026-05-15
INV002008,PO002008,2025-10-18,121717.64,pending,
INV002009,PO002009,2026-01-23,277694.69,pending,
INV002010,PO002010,2026-08-24,108215.72,pending,
INV002011,PO002011,2025-06-09,10143.6,pending,
INV002012,PO002012,2026-03-29,1349.46,paid,2026-05-01
INV002013,PO002013,2024-11-02,115780.2,pending,
INV002014,PO002014,2025-11-20,337959.15,paid,2025-12-03
INV002015,PO002015,2026-09-08,45318.92,paid,2026-09-29
INV002016,PO002016,2025-10-05,4118.04,paid,2025-11-01
INV002017,PO002017,2026-02-22,1038.24,pending,
INV002018,PO002018,2025-03-31,474.28,paid,2025-04-06
INV002019,PO002019,2026-06-15,28486.56,paid,2026-06-26
INV002020,PO002020,2026-08-18,463.32,paid,2026-09-12
INV002021,PO002021,2025-02-02,419.92,paid,2025-02-15
INV002022,PO002022,2026-06-07,13471.92,pending,
INV002023,PO002023,2025-05-25,671870.62,paid,2025-06-04
INV002024,PO002024,2025-02-24,1277.62,overdue,
INV002025,PO002025,2024-10-29,1522893.06,paid,2024-11-28
INV002026,PO002026,2026-05-27,576618.02,paid,2026-06-22
INV002028,PO002028,2026-01-13,2096.27,paid,2026-02-14
INV002029,PO002029,2025-03-02,10333.62,paid,2025-03-28
INV002031,PO002031,2026-06-01,52685.21,paid,2026-07-04
INV002032,PO002032,2025-01-15,156556.8,paid,2025-02-23
INV002033,PO002033,2025-07-23,35395.46,overdue,
INV002034,PO002034,2025-06-17,205709.4,pending,
INV002035,PO002035,2025-02-06,182015.28,overdue,
INV002036,PO002036,2025-10-21,683197.62,paid,2025-11-09
INV002037,PO002037,2025-10-21,179.52,pending,
INV002038,PO002038,2026-06-15,30781.6,paid,2026-07-04
INV002039,PO002039,2025-03-20,13150.0,overdue,
INV002042,PO002042,2026-05-19,963499.8,paid,2026-06-25
INV002043,PO002043,2024-12-26,2398914.32,paid,2025-01-01
INV002044,PO002044,2026-05-26,130076.1,paid,2026-07-02
INV002045,PO002045,2025-05-05,2094.03,paid,2025-05-28
INV002046,PO002046,2024-09-22,205.82,paid,2024-10-27
INV002047,PO002047,2026-05-22,16060.2,overdue,
INV002048,PO002048,2024-09-11,31999.83,pending,
INV002049,PO002049,2025-10-08,113703.04,paid,2025-10-21
INV002050,PO002050,2026-08-02,315496.0,paid,2026-08-30
INV002051,PO002051,2025-01-21,1479.06,paid,2025-01-27
INV002052,PO002052,2024-09-23,12118.47,paid,2024-09-30
INV002053,PO002053,2026-04-26,1331368.35,paid,2026-05-16
INV002054,PO002054,2025-11-21,239160.04,overdue,
INV002056,PO002056,2026-04-14,42177.84,pending,
INV002057,PO002057,2026-05-09,547.82,paid,2026-05-27
INV002058,PO002058,2025-04-28,68218.2,paid,2025-05-07
INV002060,PO002060,2024-11-25,544966.74,pending,
INV002061,PO002061,2026-05-16,2411.1,pending,
INV002063,PO002063,2025-07-24,1268.3,paid,2025-08-24
INV002064,PO002064,2026-04-27,21091.7,overdue,
INV002065,PO002065,2025-03-03,7549.02,paid,2025-03-09
INV002066,PO002066,2024-11-25,15327.8,paid,2025-01-01
INV002067,PO002067,2025-07-09,37599.06,paid,2025-08-18
INV002068,PO002068,2026-01-03,117.81,pending,
INV002069,PO002069,2026-01-31,612.56,paid,2026-03-14
INV002070,PO002070,2026-01-16,401.86,paid,2026-02-25
INV002071,PO002071,2024-11-12,147390.39,paid,2024-12-18
INV002072,PO002072,2024-12-23,731375.55,paid,2025-01-13
INV002073,PO002073,2026-08-28,158090.4,paid,2026-09-25
INV002074,PO002074,2025-07-26,58512.24,paid,2025-08-27
INV002075,PO002075,2025-02-21,527406.66,pending,
INV002076,PO002076,2024-09-20,169918.02,paid,2024-09-25
INV002077,PO002077,2024-12-08,17792.88,paid,2025-01-01
INV002078,PO002078,2025-07-30,8824.56,paid,2025-08-06
INV002079,PO002079,2026-02-27,3016.8,paid,2026-03-31
INV002080,PO002080,2026-02-16,1009.8,pending,
INV002081,PO002081,2026-02-11,3798.99,paid,2026-03-21
INV002082,PO002082,2024-11-05,2122.68,paid,2024-12-17
INV002083,PO002083,2026-03-31,298200.0,pending,
INV002084,PO002084,2024-12-27,48088.98,paid,2025-01-29
INV002085,PO002085,2024-10-03,1264948.74,pending,
INV002086,PO002086,2025-03-19,278404.34,paid,2025-04-13
INV002087,PO002087,2025-01-18,26222.4,paid,2025-02-08
INV002088,PO002088,2026-05-02,43397.64,pending,
INV002089,PO002089,2025-03-02,597238.73,pending,
INV002090,PO002090,2025-10-03,878934.56,paid,2025-10-16
INV002091,PO002091,2025-12-23,21248.59,paid,2026-01-18
INV002092,PO002092,2025-03-31,12840.08,paid,2025-04-14
INV002093,PO002093,2025-10-07,397380.0,paid,2025-10-23
INV002094,PO002094,2026-01-23,1336.4,paid,2026-02-08
INV002095,PO002095,2025-10-17,62572.56,paid,2025-10-27
INV002096,PO002096,2026-03-19,1621.1,pending,
INV002097,PO002097,2026-02-19,2163597.22,paid,2026-03-01
INV002098,PO002098,2026-06-19,6543.72,paid,2026-07-15
INV002099,PO002099,2024-11-18,191308.05,paid,2024-12-24
INV002100,PO002100,2025-08-22,113450.03,paid,2025-09-05
INV002101,PO002101,2024-12-09,35802.72,paid,2024-12-26
INV002102,PO002102,2025-01-12,45233.72,paid,2025-02-16
INV002103,PO002103,2025-04-04,216199.6,paid,2025-04-21
INV002104,PO002104,2025-01-22,4143.48,paid,2025-01-30
INV002105,PO002105,2024-10-23,7709.26,paid,2024-11-17
INV002106,PO002106,2025-12-30,542170.2,paid,2026-01-11
INV002107,PO002107,2025-10-08,154263.75,overdue,
INV002108,PO002108,2026-05-15,240178.76,paid,2026-05-31
INV002109,PO002109,2025-10-12,74967.44,paid,2025-10-18
INV002110,PO002110,2025-05-27,2185.63,paid,2025-06-22
INV002111,PO002111,2026-07-21,412.38,pending,
INV002112,PO002112,2025-07-03,11093.76,paid,2025-07-20
INV002114,PO002114,2026-04-06,42759.75,paid,2026-04-15
INV002115,PO002115,2026-07-18,105409.44,pending,
INV002116,PO002116,2026-06-21,90912.64,paid,2026-07-17
INV002117,PO002117,2025-09-25,1342.37,paid,2025-11-05
INV002118,PO002118,2025-07-04,8916.16,paid,2025-08-11
INV002119,PO002119,2026-06-24,114544.98,paid,2026-07-01
INV002120,PO002120,2025-05-23,43803.24,paid,2025-06-19
INV002121,PO002121,2025-05-29,998.02,paid,2025-06-26
INV002122,PO002122,2026-05-13,705438.96,paid,2026-06-13
INV002123,PO002123,2024-12-16,50011.02,paid,2025-01-24
INV002124,PO002124,2025-01-11,51732.1,paid,2025-01-17
INV002125,PO002125,2026-08-23,8795.89,paid,2026-08-28
INV002126,PO002126,2026-06-07,495502.26,paid,2026-06-13
INV002127,PO002127,2026-08-18,683696.0,paid,2026-08-27
INV002128,PO002128,2025-11-13,1413.5,paid,2025-12-03
INV002129,PO002129,2026-06-16,576.6,paid,2026-07-22
INV002130,PO002130,2025-02-27,867551.04,paid,2025-03-18
INV002131,PO002131,2025-03-12,63308.16,overdue,
INV002132,PO002132,2024-09-19,1081973.8,paid,2024-10-26
INV002133,PO002133,2024-11-10,232.4,paid,2024-12-20
INV002134,PO002134,2025-10-30,528799.7,pending,
INV002135,PO002135,2025-06-12,121372.02,paid,2025-07-24
INV002136,PO002136,2025-05-23,151581.6,paid,2025-05-30
INV002137,PO002137,2026-05-27,1087.83,pending,
INV002138,PO002138,2025-12-15,215274.35,paid,2026-01-22
INV002139,PO002139,2026-05-07,23952.15,paid,2026-05-28
INV002140,PO002140,2025-07-02,250442.64,paid,2025-07-13
INV002141,PO002141,2025-08-11,7566.02,pending,
INV002143,PO002143,2026-06-07,9202.08,paid,2026-06-14
INV002144,PO002144,2026-05-17,1472940.2,paid,2026-05-29
INV002145,PO002145,2025-09-27,136513.17,pending,
INV002146,PO002146,2026-08-19,79905.1,paid,2026-10-01
INV002147,PO002147,2025-07-29,60438.24,paid,2025-08-10
INV002149,PO002149,2026-04-03,104818.2,paid,2026-04-29
INV002150,PO002150,2026-08-27,385706.5,paid,2026-09-27
INV002151,PO002151,2025-02-26,957102.62,paid,2025-03-07
INV002152,PO002152,2024-10-01,194.36,paid,2024-10-24
INV002153,PO002153,2024-12-11,33714.72,paid,2025-01-06
INV002154,PO002154,2026-09-02,132482.92,pending,
INV002155,PO002155,2025-01-05,2430.9,paid,2025-01-14
INV002156,PO002156,2026-02-03,87019.84,paid,2026-02-21
INV002158,PO002158,2026-02-25,9389987.11,paid,2026-03-21
INV002159,PO002159,2026-05-16,50410.68,overdue,
INV002160,PO002160,2025-03-17,4768.42,paid,2025-04-14
INV002161,PO002161,2026-07-01,300.3,paid,2026-07-30
INV002162,PO002162,2024-12-04,587.84,pending,
INV002163,PO002163,2025-01-03,3146.96,paid,2025-02-05
INV002166,PO002166,2025-06-09,26889.91,overdue,
INV002167,PO002167,2026-01-12,97299.81,paid,2026-01-26
INV002168,PO002168,2026-02-27,28488.5,paid,2026-03-11
INV002169,PO002169,2026-02-26,4292141.7,paid,2026-04-01
INV002170,PO002170,2025-01-07,432201.14,paid,2025-02-05
INV002172,PO002172,2025-04-08,1045.59,pending,
INV002173,PO002173,2026-04-08,21048.12,paid,2026-04-22
INV002174,PO002174,2025-06-07,7734.48,paid,2025-07-09
INV002175,PO002175,2025-06-06,141832.82,paid,2025-06-19
INV002176,PO002176,2024-10-16,4932608.73,paid,2024-10-25
INV002177,PO002177,2026-05-05,44477.24,paid,2026-06-05
INV002179,PO002179,2025-01-06,1377129.9,paid,2025-02-04
INV002180,PO002180,2025-11-11,60863.88,pending,
INV002181,PO002181,2026-01-28,65919.84,pending,
INV002182,PO002182,2024-09-13,115339.84,paid,2024-10-22
INV002183,PO002183,2024-10-01,982.3,paid,2024-10-18
INV002184,PO002184,2024-10-02,1412.88,paid,2024-10-31
INV002185,PO002185,2024-12-26,1771757.95,paid,2025-01-02
INV002186,PO002186,2025-09-16,824.55,overdue,
INV002187,PO002187,2025-10-19,78738.45,paid,2025-11-09
INV002188,PO002188,2025-08-03,1161415.64,paid,2025-08-13
INV002189,PO002189,2026-09-08,33070.32,paid,2026-10-06
INV002190,PO002190,2026-03-10,35409.33,paid,2026-03-25
INV002191,PO002191,2025-07-13,5408.11,overdue,
INV002192,PO002192,2025-11-19,12900.2,paid,2025-12-23
INV002193,PO002193,2025-05-14,1754.4,overdue,
INV002194,PO002194,2025-06-17,33042.72,paid,2025-07-17
INV002195,PO002195,2024-10-16,815.85,paid,2024-11-10
INV002196,PO002196,2025-03-08,942.72,paid,2025-03-22
INV002197,PO002197,2025-12-21,25947.45,pending,
INV002198,PO002198,2025-07-07,37640.52,pending,
INV002199,PO002199,2025-10-05,545.16,paid,2025-10-29
INV002200,PO002200,2026-01-12,74511.54,paid,2026-01-24
INV002201,PO002201,2026-06-16,1782.34,paid,2026-07-26
INV002202,PO002202,2025-10-10,37175.6,paid,2025-11-10
INV002203,PO002203,2025-02-07,1241.88,pending,
INV002204,PO002204,2024-09-19,40513.56,paid,2024-10-23
INV002205,PO002205,2026-08-28,159.0,paid,2026-09-13
INV002206,PO002206,2025-10-03,111.6,paid,2025-10-18
INV002207,PO002207,2025-10-20,449255.5,pending,
INV002208,PO002208,2025-10-05,63325.44,paid,2025-10-13
INV002209,PO002209,2026-05-31,22946.32,paid,2026-07-13
INV002210,PO002210,2026-05-22,7356.44,pending,
INV002211,PO002211,2026-07-09,68821.5,paid,2026-08-10
INV002212,PO002212,2026-01-25,92551.4,paid,2026-02-25
INV002213,PO002213,2026-08-30,1022944.32,paid,2026-09-20
INV002215,PO002215,2025-04-26,705129.4,paid,2025-05-23
INV002216,PO002216,2024-10-07,155427.36,paid,2024-11-11
INV002217,PO002217,2025-11-28,115251.8,overdue,
INV002218,PO002218,2025-05-25,247624.62,paid,2025-07-02
INV002219,PO002219,2026-01-25,10409.2,paid,2026-02-04
INV002221,PO002221,2025-03-01,157806.12,paid,2025-03-23
INV002222,PO002222,2025-04-18,1731091.32,paid,2025-05-14
INV002223,PO002223,2025-11-14,2232.0,paid,2025-12-17
INV002224,PO002224,2024-12-12,77656.32,paid,2024-12-19
INV002225,PO002225,2026-04-22,2393.55,paid,2026-05-05
INV002226,PO002226,2024-11-08,42861.0,overdue,
INV002227,PO002227,2025-10-03,272691.6,paid,2025-10-09
INV002228,PO002228,2025-04-11,3003.0,paid,2025-04-24
INV002229,PO002229,2025-08-24,226004.64,pending,
INV002230,PO002230,2025-05-01,761136.56,paid,2025-05-24
INV002231,PO002231,2025-09-03,8982.82,paid,2025-09-12
INV002232,PO002232,2025-02-08,812620.08,paid,2025-02-26
INV002233,PO002233,2026-01-29,227954.48,paid,2026-02-27
INV002234,PO002234,2026-05-24,29051.32,paid,2026-07-02
INV002235,PO002235,2024-11-01,152.46,overdue,
INV002236,PO002236,2026-02-25,144511.12,paid,2026-03-11
INV002238,PO002238,2025-05-01,22343.85,paid,2025-05-28
INV002239,PO002239,2026-03-30,203027.0,pending,
INV002240,PO002240,2025-09-05,1560.0,paid,2025-10-19
INV002241,PO002241,2026-01-19,7266.15,paid,2026-03-02
INV002242,PO002242,2026-01-25,20928.96,paid,2026-02-23
INV002243,PO002243,2025-01-09,152004.24,pending,
INV002244,PO002244,2026-06-08,8252.53,paid,2026-07-08
INV002245,PO002245,2025-11-04,8028.72,paid,2025-11-17
INV002246,PO002246,2025-03-01,2245.9,paid,2025-04-14
INV002247,PO002247,2026-03-01,18193.92,paid,2026-04-11
INV002248,PO002248,2025-06-04,1009.2,paid,2025-06-30
INV002249,PO002249,2025-03-06,381131.4,paid,2025-04-11
INV002250,PO002250,2026-02-12,220.9,pending,
INV002251,PO002251,2025-10-08,16823.2,overdue,
INV002252,PO002252,2025-08-08,31506.18,pending,
INV002253,PO002253,2025-10-29,9869.79,paid,2025-11-29
INV002254,PO002254,2024-11-20,13163.44,paid,2024-12-27
INV002255,PO002255,2026-05-06,1318.8,paid,2026-05-14
INV002256,PO002256,2024-09-18,526.5,paid,2024-10-25
INV002257,PO002257,2026-08-02,85459.04,paid,2026-09-05
INV002258,PO002258,2026-03-24,275.6,paid,2026-04-20
INV002259,PO002259,2024-11-12,41317.5,pending,
INV002260,PO002260,2025-07-03,1487035.56,paid,2025-07-16
INV002261,PO002261,2025-02-18,39888.45,overdue,
INV002262,PO002262,2026-08-09,1288.93,paid,2026-08-29
INV002263,PO002263,2026-05-13,600125.2,paid,2026-06-04
INV002264,PO002264,2026-08-30,104732.1,paid,2026-10-06
INV002265,PO002265,2024-09-14,346.5,paid,2024-09-24
INV002266,PO002266,2024-11-13,1161.93,pending,
INV002268,PO002268,2025-10-01,307659.3,paid,2025-11-04
INV002269,PO002269,2024-10-08,2625.66,pending,
INV002270,PO002270,2024-12-03,185751.9,paid,2024-12-15
INV002271,PO002271,2025-08-13,619416.0,paid,2025-09-06
INV002273,PO002273,2024-12-16,133219.35,paid,2025-01-09
INV002275,PO002275,2025-05-15,239410.08,paid,2025-06-06
INV002276,PO002276,2024-11-02,8445.64,paid,2024-12-13
INV002277,PO002277,2025-06-20,225831.15,overdue,
INV002278,PO002278,2026-07-19,25985.75,paid,2026-08-12
INV002279,PO002279,2024-10-08,52720.04,paid,2024-11-21
INV002280,PO002280,2025-12-10,3590.48,paid,2025-12-18
INV002281,PO002281,2026-05-01,131.67,paid,2026-06-11
INV002282,PO002282,2025-02-24,911540.7,paid,2025-03-23
INV002283,PO002283,2024-09-24,10228.28,paid,2024-10-13
INV002284,PO002284,2026-07-20,19320.84,paid,2026-09-01
INV002285,PO002285,2024-10-13,99298.56,pending,
INV002286,PO002286,2025-10-21,2626.95,paid,2025-10-29
INV002287,PO002287,2025-04-29,1443.96,pending,
INV002288,PO002288,2025-11-22,280230.9,overdue,
INV002289,PO002289,2026-03-08,129738.54,paid,2026-03-17
INV002290,PO002290,2025-01-27,2373.63,paid,2025-02-25
INV002291,PO002291,2025-04-28,38501.6,paid,2025-05-30
INV002292,PO002292,2026-09-16,944504.48,paid,2026-09-27
INV002293,PO002293,2025-07-01,211624.08,pending,
INV002294,PO002294,2026-07-05,6718.88,pending,
INV002295,PO002295,2024-10-23,70248.55,paid,2024-11-15
INV002296,PO002296,2025-01-03,252443.1,overdue,
INV002297,PO002297,2025-05-15,255238.94,paid,2025-05-26
INV002298,PO002298,2025-01-21,119321.56,overdue,
INV002299,PO002299,2026-06-18,18577.08,paid,2026-07-16
INV002300,PO002300,2025-07-31,68651.44,overdue,
INV002301,PO002301,2025-01-16,180992.76,paid,2025-01-30
INV002302,PO002302,2026-08-29,22314.11,paid,2026-09-22
INV002303,PO002303,2024-12-09,80250.0,paid,2025-01-04
INV002304,PO002304,2025-04-05,35551.48,paid,2025-05-15
INV002305,PO002305,2025-09-21,3646.35,pending,
INV002306,PO002306,2024-12-30,321923.27,paid,2025-01-07
INV002307,PO002307,2026-03-10,3719.1,pending,
INV002308,PO002308,2026-05-19,246848.0,paid,2026-06-04
INV002309,PO002309,2026-02-15,3017.74,overdue,
INV002310,PO002310,2026-02-03,639168.39,paid,2026-02-19
INV002311,PO002311,2025-09-22,1081.92,paid,2025-11-04
INV002312,PO002312,2025-11-26,47893.14,paid,2025-12-28
INV002313,PO002313,2024-10-12,33666.42,paid,2024-11-25
INV002314,PO002314,2025-06-06,39481.75,pending,
INV002315,PO002315,2025-06-14,201872.66,pending,
INV002316,PO002316,2026-07-27,92741.52,paid,2026-08-11
INV002317,PO002317,2025-04-25,1874.13,paid,2025-05-11
INV002318,PO002318,2025-12-20,413282.35,paid,2026-01-02
INV002319,PO002319,2024-09-25,7474.44,paid,2024-10-02
INV002320,PO002320,2025-03-25,361.34,paid,2025-04-28
INV002321,PO002321,2025-01-03,293.37,paid,2025-02-08
INV002322,PO002322,2026-05-15,944.0,paid,2026-05-21
INV002323,PO002323,2026-02-15,123513.5,paid,2026-03-14
INV002324,PO002324,2025-01-03,7609.84,pending,
INV002325,PO002325,2025-01-02,24212.16,paid,2025-01-10
INV002326,PO002326,2025-07-21,98429.58,paid,2025-09-01
INV002327,PO002327,2025-08-22,54881.84,pending,
INV002328,PO002328,2026-05-04,1489.54,overdue,
INV002329,PO002329,2025-09-10,111833.75,paid,2025-09-25
INV002330,PO002330,2024-10-20,12548.38,pending,
INV002331,PO002331,2025-09-14,402.9,paid,2025-10-02
INV002332,PO002332,2024-12-25,7851.78,paid,2025-01-27
INV002333,PO002333,2025-04-15,6393.24,overdue,
INV002334,PO002334,2025-04-29,17031.84,paid,2025-05-24
INV002335,PO002335,2026-01-27,3178550.56,paid,2026-02-22
INV002336,PO002336,2025-09-05,49620.28,paid,2025-09-13
INV002337,PO002337,2026-05-02,103183.29,pending,
INV002338,PO002338,2026-04-17,254262.48,paid,2026-05-17
INV002339,PO002339,2025-03-07,221.16,paid,2025-03-20
INV002340,PO002340,2025-09-05,321.07,paid,2025-09-28
INV002341,PO002341,2025-11-30,808795.2,overdue,
INV002342,PO002342,2025-05-03,67472.3,paid,2025-06-16
INV002343,PO002343,2025-12-12,196533.0,paid,2026-01-09
INV002344,PO002344,2026-07-14,4003.84,paid,2026-08-13
INV002345,PO002345,2024-09-17,4627.48,overdue,
INV002346,PO002346,2025-03-17,201300.4,overdue,
INV002347,PO002347,2025-11-03,2717066.31,paid,2025-11-30
INV002348,PO002348,2025-04-10,37227.08,pending,
INV002349,PO002349,2025-01-27,1002557.25,paid,2025-02-06
INV002350,PO002350,2026-02-19,3266.92,paid,2026-03-15
INV002351,PO002351,2025-09-20,2254622.84,paid,2025-10-09
INV002352,PO002352,2025-03-30,794281.6,paid,2025-04-05
INV002353,PO002353,2026-07-07,21590.56,pending,
INV002354,PO002354,2025-06-27,244382.56,paid,2025-07-19
INV002355,PO002355,2025-02-07,592.86,paid,2025-03-22
INV002356,PO002356,2025-05-17,53755.65,paid,2025-05-31
INV002357,PO002357,2026-09-01,13092.4,paid,2026-10-15
INV002358,PO002358,2026-09-03,79070.46,paid,2026-10-13
INV002359,PO002359,2026-02-15,42014.32,paid,2026-03-20
INV002360,PO002360,2025-04-09,86307.5,paid,2025-05-08
INV002361,PO002361,2025-01-10,9061.08,paid,2025-01-21
INV002362,PO002362,2026-05-12,107814.72,paid,2026-05-24
INV002363,PO002363,2025-04-09,1255.5,pending,
INV002364,PO002364,2025-01-23,29377.92,overdue,
INV002365,PO002365,2025-07-20,154.28,paid,2025-09-02
INV002366,PO002366,2026-08-01,146699.4,paid,2026-09-03
INV002367,PO002367,2025-05-28,511.92,pending,
INV002368,PO002368,2025-09-15,1461640.6,paid,2025-10-16
INV002369,PO002369,2025-04-28,51395.33,paid,2025-05-27
INV002371,PO002371,2024-12-14,140.91,paid,2025-01-13
INV002373,PO002373,2025-09-06,140443.92,paid,2025-10-02
INV002374,PO002374,2025-03-31,731.01,overdue,
INV002375,PO002375,2025-07-08,26007.04,paid,2025-08-04
INV002376,PO002376,2025-04-07,123001.32,overdue,
INV002377,PO002377,2025-11-01,20509.58,paid,2025-11-25
INV002378,PO002378,2024-10-13,2841.3,overdue,
INV002379,PO002379,2026-02-09,62133.0,overdue,
INV002380,PO002380,2025-03-14,253603.68,pending,
INV002382,PO002382,2025-11-30,38279.15,pending,
INV002385,PO002385,2025-07-18,43369.4,paid,2025-08-06
INV002386,PO002386,2024-09-13,361176.9,pending,
INV002387,PO002387,2026-08-31,4962.39,paid,2026-09-05
INV002388,PO002388,2025-09-02,6612.3,paid,2025-09-14
INV002389,PO002389,2025-03-30,1649.64,paid,2025-05-10
INV002390,PO002390,2026-09-02,7693.32,paid,2026-09-14
INV002391,PO002391,2026-07-02,19316.55,paid,2026-07-09
INV002392,PO002392,2026-08-16,113058.24,paid,2026-09-17
INV002393,PO002393,2026-02-05,593945.7,paid,2026-02-18
INV002394,PO002394,2025-04-16,99830.26,paid,2025-05-12
INV002395,PO002395,2025-12-14,150451.84,paid,2025-12-29
INV002396,PO002396,2025-10-15,365839.22,paid,2025-11-14
INV002397,PO002397,2025-08-27,170659.5,paid,2025-09-28
INV002398,PO002398,2025-02-13,681368.84,paid,2025-03-01
INV002399,PO002399,2025-01-27,13109.94,pending,
INV002400,PO002400,2025-12-31,21105.91,paid,2026-02-10
INV002401,PO002401,2025-09-21,15967.29,paid,2025-11-01
INV002402,PO002402,2025-10-19,4306.52,paid,2025-11-23
INV002403,PO002403,2026-01-26,384.79,paid,2026-02-03
INV002404,PO002404,2025-07-22,78.21,pending,
INV002405,PO002405,2026-08-29,548030.34,paid,2026-09-07
INV002406,PO002406,2025-11-05,42508.8,paid,2025-12-05
INV002408,PO002408,2026-04-23,91396.68,paid,2026-05-25
INV002410,PO002410,2025-09-12,2219.58,paid,2025-10-05
INV002413,PO002413,2025-08-09,993.3,paid,2025-09-08
INV002414,PO002414,2026-03-01,1916.11,pending,
INV002415,PO002415,2024-11-05,813.12,paid,2024-11-25
INV002416,PO002416,2024-11-08,554958.0,paid,2024-11-18
INV002417,PO002417,2026-06-18,289.81,paid,2026-06-28
INV002418,PO002418,2024-12-31,365.05,paid,2025-02-01
INV002419,PO002419,2026-04-19,513827.6,pending,
INV002420,PO002420,2025-05-05,1391.6,pending,
INV002421,PO002421,2026-04-28,416471.4,paid,2026-05-07
INV002422,PO002422,2025-06-13,73908.24,paid,2025-07-08
INV002423,PO002423,2026-08-27,777785.8,paid,2026-09-05
INV002424,PO002424,2025-02-10,738952.32,paid,2025-03-05
INV002425,PO002425,2025-05-07,778.47,paid,2025-05-25
INV002426,PO002426,2025-12-15,28828.8,paid,2025-12-30
INV002427,PO002427,2026-08-17,73802.3,paid,2026-09-22
INV002428,PO002428,2025-12-04,9277.2,paid,2025-12-29
INV002429,PO002429,2026-02-23,3785.4,overdue,
INV002430,PO002430,2025-09-02,12168.0,paid,2025-10-10
INV002431,PO002431,2025-04-23,415.28,paid,2025-05-07
INV002432,PO002432,2024-12-25,1150.38,pending,
INV002433,PO002433,2026-01-19,1680240.0,paid,2026-03-01
INV002434,PO002434,2026-02-02,83.52,overdue,
INV002435,PO002435,2026-07-19,17823.36,paid,2026-07-30
INV002436,PO002436,2025-03-23,489.45,paid,2025-03-30
INV002437,PO002437,2026-02-07,7336.99,paid,2026-02-25
INV002438,PO002438,2024-10-11,300.8,paid,2024-11-21
INV002439,PO002439,2026-01-22,1007.05,paid,2026-02-14
INV002440,PO002440,2025-12-30,314235.53,pending,
INV002441,PO002441,2024-11-01,21543.02,paid,2024-12-01
INV002443,PO002443,2024-12-17,15374.88,pending,
INV002444,PO002444,2025-08-26,765.51,pending,
INV002445,PO002445,2024-10-22,627.95,paid,2024-12-01
INV002446,PO002446,2025-09-18,1697.56,paid,2025-10-18
INV002447,PO002447,2026-03-20,6050.45,overdue,
INV002448,PO002448,2026-05-01,23469.75,paid,2026-05-30
INV002450,PO002450,2024-11-06,7058.12,paid,2024-12-12
INV002452,PO002452,2026-04-29,178156.85,pending,
INV002454,PO002454,2024-09-16,370516.55,pending,
INV002455,PO002455,2025-03-30,45954.3,paid,2025-05-09
INV002456,PO002456,2025-02-11,125590.5,paid,2025-03-26
INV002457,PO002457,2024-12-31,1407191.8,paid,2025-01-12
INV002458,PO002458,2025-12-14,110.16,overdue,
INV002459,PO002459,2025-08-04,73252.83,paid,2025-08-31
INV002460,PO002460,2025-02-25,2666.95,paid,2025-03-31
INV002461,PO002461,2026-04-06,112294.08,paid,2026-05-01
INV002462,PO002462,2025-12-27,8687.76,paid,2026-01-17
INV002464,PO002464,2025-09-25,1439.82,pending,
INV002465,PO002465,2025-04-24,84.48,paid,2025-06-05
INV002466,PO002466,2024-11-27,875249.35,paid,2024-12-04
INV002467,PO002467,2026-04-26,272532.55,paid,2026-06-03
INV002468,PO002468,2026-04-02,122659.31,paid,2026-04-11
INV002469,PO002469,2025-03-25,111684.51,paid,2025-04-03
INV002470,PO002470,2024-10-26,114452.1,paid,2024-11-23
INV002471,PO002471,2024-11-21,293219.29,pending,
INV002472,PO002472,2025-05-09,48547.2,paid,2025-05-31
INV002473,PO002473,2026-06-09,971673.16,paid,2026-06-29
INV002474,PO002474,2025-06-02,114543.91,paid,2025-07-12
INV002475,PO002475,2025-06-12,196120.47,paid,2025-07-19
INV002476,PO002476,2026-04-27,4154.84,overdue,
INV002477,PO002477,2025-12-18,1117048.92,overdue,
INV002478,PO002478,2025-09-30,11681.46,pending,
INV002479,PO002479,2026-02-10,26900.46,paid,2026-03-26
INV002480,PO002480,2026-06-11,24946.32,paid,2026-06-19
INV002481,PO002481,2025-02-01,757.54,paid,2025-03-11
INV002482,PO002482,2026-06-17,1315.35,paid,2026-07-28
INV002483,PO002483,2026-06-27,1601145.46,paid,2026-08-06
INV002484,PO002484,2025-05-05,1168.76,paid,2025-05-19
INV002485,PO002485,2026-08-09,1595350.35,paid,2026-08-21
INV002486,PO002486,2024-12-29,10150.0,pending,
INV002487,PO002487,2026-08-08,461354.04,paid,2026-08-16
INV002488,PO002488,2026-08-26,16150.66,paid,2026-09-26
INV002489,PO002489,2025-07-23,5120.78,paid,2025-08-30
INV002490,PO002490,2024-12-11,28976.64,pending,
INV002491,PO002491,2026-04-24,1122.34,overdue,
INV002492,PO002492,2026-04-27,87364.2,paid,2026-05-28
INV002493,PO002493,2026-01-05,2849.0,paid,2026-01-16
INV002494,PO002494,2026-05-23,1481.61,paid,2026-06-11
INV002495,PO002495,2025-04-22,160300.25,pending,
INV002496,PO002496,2025-01-07,861.0,paid,2025-02-05
INV002497,PO002497,2026-08-15,304584.0,paid,2026-09-25
INV002498,PO002498,2025-09-07,937.98,overdue,
INV002499,PO002499,2026-04-10,43629.4,paid,2026-05-07
INV002500,PO002500,2025-06-05,677.88,paid,2025-07-16
INV002501,PO002501,2025-03-24,13300.0,paid,2025-04-17
INV002502,PO002502,2025-07-18,79071.87,paid,2025-08-17
INV002503,PO002503,2025-04-08,1180.41,paid,2025-05-14
INV002504,PO002504,2026-01-01,9256.4,paid,2026-01-13
INV002505,PO002505,2025-06-10,403573.3,overdue,
INV002506,PO002506,2025-11-12,1381534.77,paid,2025-12-16
INV002507,PO002507,2025-12-22,108720.47,paid,2026-01-23
INV002508,PO002508,2024-10-26,2009.3,overdue,
INV002509,PO002509,2026-07-08,1378.98,paid,2026-07-18
INV002510,PO002510,2026-03-07,301.6,overdue,
INV002511,PO002511,2025-08-21,3627.24,paid,2025-09-23
INV002512,PO002512,2025-03-26,223.86,paid,2025-05-01
INV002513,PO002513,2025-11-23,12750.85,paid,2025-12-31
INV002514,PO002514,2026-03-12,1337673.56,paid,2026-04-17
INV002515,PO002515,2025-04-10,2517.6,paid,2025-05-05
INV002516,PO002516,2026-05-21,78069.85,pending,
INV002518,PO002518,2026-08-30,3438.0,pending,
INV002519,PO002519,2026-04-19,778.05,paid,2026-05-08
INV002520,PO002520,2024-10-11,389638.08,paid,2024-10-23
INV002521,PO002521,2025-12-23,26023.47,paid,2026-01-07
INV002522,PO002522,2025-11-10,13883.6,paid,2025-12-16
INV002523,PO002523,2025-01-01,1238800.68,paid,2025-01-08
INV002524,PO002524,2025-03-20,914.61,paid,2025-05-02
INV002526,PO002526,2025-09-28,552960.12,paid,2025-10-16
INV002527,PO002527,2025-02-11,1703.95,paid,2025-03-06
INV002528,PO002528,2025-02-08,14554.96,paid,2025-02-24
INV002529,PO002529,2025-01-14,200.97,overdue,
INV002530,PO002530,2025-03-03,633013.68,pending,
INV002531,PO002531,2025-02-22,662533.17,paid,2025-03-16
INV002532,PO002532,2026-05-19,946.68,paid,2026-06-13
INV002533,PO002533,2026-02-06,202.71,paid,2026-02-20
INV002534,PO002534,2024-12-25,41120.36,overdue,
INV002535,PO002535,2024-10-22,601.62,paid,2024-10-29
INV002536,PO002536,2026-07-24,1038.24,paid,2026-08-03
INV002537,PO002537,2025-03-21,2555431.6,paid,2025-04-06
INV002538,PO002538,2026-01-30,20594.84,paid,2026-02-06
INV002539,PO002539,2025-12-05,67677.71,paid,2025-12-24
INV002540,PO002540,2025-09-21,19762.5,paid,2025-10-03
INV002541,PO002541,2026-06-27,194451.28,paid,2026-07-25
INV002542,PO002542,2025-07-13,635752.95,paid,2025-08-07
INV002543,PO002543,2024-11-07,22473.36,paid,2024-11-30
INV002544,PO002544,2025-05-31,5802.9,paid,2025-06-27
INV002545,PO002545,2026-05-16,158.76,pending,
INV002546,PO002546,2025-05-28,1805.76,paid,2025-06-15
INV002547,PO002547,2026-06-03,367801.05,paid,2026-07-12
INV002548,PO002548,2025-04-17,4946.28,pending,
INV002549,PO002549,2025-03-04,5913.36,paid,2025-03-26
INV002550,PO002550,2025-10-07,362768.63,paid,2025-10-15
INV002551,PO002551,2025-04-25,681055.52,paid,2025-05-27
INV002552,PO002552,2026-04-27,9517.74,paid,2026-06-05
INV002553,PO002553,2026-08-06,6420.0,paid,2026-08-31
INV002554,PO002554,2025-01-12,839395.68,paid,2025-01-25
INV002556,PO002556,2025-05-29,1217.37,overdue,
INV002557,PO002557,2025-08-20,11028.4,paid,2025-09-16
INV002558,PO002558,2025-12-21,285064.67,paid,2025-12-30
INV002559,PO002559,2025-12-31,35716.54,paid,2026-01-17
INV002560,PO002560,2026-01-02,414558.03,paid,2026-02-06
INV002561,PO002561,2026-09-07,39775.0,pending,
INV002562,PO002562,2024-11-24,64221.71,paid,2024-12-09
INV002563,PO002563,2026-05-23,19294.66,paid,2026-05-28
INV002564,PO002564,2024-09-26,28217.57,pending,
INV002565,PO002565,2026-05-08,19890.0,paid,2026-06-11
INV002566,PO002566,2025-03-15,9890.64,paid,2025-04-01
INV002567,PO002567,2026-07-23,13271.46,paid,2026-08-24
INV002569,PO002569,2026-03-03,637.56,paid,2026-03-14
INV002570,PO002570,2025-03-12,873048.18,paid,2025-04-21
INV002571,PO002571,2025-07-21,92068.16,paid,2025-08-29
INV002572,PO002572,2025-03-26,77232.96,pending,
INV002573,PO002573,2024-10-11,63254.52,pending,
INV002574,PO002574,2025-10-21,356687.76,paid,2025-11-12
INV002575,PO002575,2026-05-16,89014.72,paid,2026-06-28
INV002576,PO002576,2026-04-26,331052.04,paid,2026-05-17
INV002577,PO002577,2026-09-11,22538.88,paid,2026-09-20
INV002578,PO002578,2026-09-12,4245.76,paid,2026-10-15
INV002579,PO002579,2026-05-24,123783.64,overdue,
INV002580,PO002580,2026-06-02,520.6,overdue,
INV002582,PO002582,2026-08-10,22467.51,paid,2026-09-07
INV002583,PO002583,2026-04-04,5459.9,paid,2026-05-18
INV002584,PO002584,2025-02-23,49387.13,paid,2025-03-29
INV002585,PO002585,2025-05-01,367558.4,paid,2025-06-12
INV002586,PO002586,2025-04-23,872.76,paid,2025-06-04
INV002587,PO002587,2026-07-31,2987.01,paid,2026-09-09
INV002588,PO002588,2026-08-26,320443.74,paid,2026-09-02
INV002589,PO002589,2025-05-02,451838.24,paid,2025-05-13
INV002590,PO002590,2025-05-18,26818.56,paid,2025-06-08
INV002591,PO002591,2024-09-16,10971.24,paid,2024-10-24
INV002592,PO002592,2025-05-17,224.28,overdue,
INV002593,PO002593,2025-12-31,11663.05,pending,
INV002594,PO002594,2026-05-28,13586.46,paid,2026-06-26
INV002595,PO002595,2024-10-29,196832.4,paid,2024-12-08
INV002596,PO002596,2025-12-18,2557601.28,paid,2026-01-12
INV002597,PO002597,2025-01-13,40105.89,paid,2025-02-20
INV002598,PO002598,2026-09-03,31722.6,paid,2026-09-24
INV002599,PO002599,2026-08-27,84406.08,paid,2026-09-14
INV002600,PO002600,2026-01-21,241385.12,paid,2026-02-12
INV002601,PO002601,2026-03-28,354013.57,paid,2026-04-10
INV002602,PO002602,2025-05-29,19898.75,pending,
INV002603,PO002603,2026-01-18,3778.32,paid,2026-01-30
INV002604,PO002604,2026-04-17,359561.73,overdue,
INV002605,PO002605,2026-08-25,29692.5,paid,2026-09-19
INV002607,PO002607,2025-08-09,5236.0,overdue,
INV002608,PO002608,2025-04-07,504245.0,overdue,
INV002609,PO002609,2025-03-07,583.62,paid,2025-03-23
INV002610,PO002610,2026-07-20,305407.2,paid,2026-08-10
INV002611,PO002611,2024-11-24,230478.95,pending,
INV002612,PO002612,2025-07-24,61850.8,paid,2025-08-23
INV002613,PO002613,2026-09-02,39653.97,paid,2026-09-19
INV002615,PO002615,2026-02-20,65156.52,paid,2026-03-05
INV002616,PO002616,2025-06-20,338841.8,paid,2025-07-22
INV002617,PO002617,2026-01-05,573.18,paid,2026-01-23
INV002618,PO002618,2025-06-14,6826.32,paid,2025-06-20
INV002619,PO002619,2025-04-30,221776.69,paid,2025-05-16
INV002620,PO002620,2026-08-15,4092.48,paid,2026-09-28
INV002621,PO002621,2026-08-20,172627.07,paid,2026-09-07
INV002622,PO002622,2026-04-25,813.51,overdue,
INV002623,PO002623,2026-06-28,947.52,paid,2026-07-11
INV002624,PO002624,2024-10-03,381.03,paid,2024-10-20
INV002625,PO002625,2026-07-23,71495.79,pending,
INV002626,PO002626,2026-01-07,2618.72,paid,2026-02-04
INV002627,PO002627,2026-08-25,592728.18,pending,
INV002628,PO002628,2026-03-10,538458.54,paid,2026-04-05
INV002630,PO002630,2026-04-26,36879.7,paid,2026-06-03
INV002631,PO002631,2026-07-21,38016.44,paid,2026-08-25
INV002632,PO002632,2025-02-27,298399.75,paid,2025-04-05
INV002633,PO002633,2026-05-27,774.99,paid,2026-06-23
INV002634,PO002634,2026-01-30,22286.52,pending,
INV002635,PO002635,2026-08-16,40068.0,paid,2026-09-16
INV002636,PO002636,2025-07-24,11787.36,paid,2025-08-22
INV002637,PO002637,2026-08-20,474.76,paid,2026-08-31
INV002638,PO002638,2024-10-15,14324.06,paid,2024-11-16
INV002639,PO002639,2025-06-06,936878.8,paid,2025-07-16
INV002640,PO002640,2024-12-03,73404.06,paid,2024-12-31
INV002641,PO002641,2025-03-24,194.04,paid,2025-04-02
INV002642,PO002642,2025-10-27,335090.91,paid,2025-12-02
INV002643,PO002643,2025-05-29,3697.4,paid,2025-06-29
INV002644,PO002644,2026-02-01,21357.33,paid,2026-02-17
INV002645,PO002645,2025-01-20,20313.15,paid,2025-02-01
INV002646,PO002646,2026-06-04,23629.76,paid,2026-06-18
INV002647,PO002647,2024-10-23,5109.48,paid,2024-11-01
INV002648,PO002648,2024-11-25,14504.28,paid,2024-12-10
INV002649,PO002649,2025-01-14,806543.65,paid,2025-01-21
INV002650,PO002650,2024-09-13,9314.56,pending,
INV002651,PO002651,2025-08-08,32259.2,paid,2025-09-17
INV002652,PO002652,2025-02-21,12171.12,paid,2025-04-06
INV002653,PO002653,2025-02-28,1473997.26,paid,2025-03-27
INV002654,PO002654,2026-02-09,282981.89,overdue,
INV002655,PO002655,2025-03-24,385706.61,paid,2025-05-01
INV002656,PO002656,2026-03-07,632.94,paid,2026-04-16
INV002657,PO002657,2026-07-02,3928.46,pending,
INV002658,PO002658,2025-02-05,31856.2,paid,2025-02-18
INV002659,PO002659,2024-10-31,151056.57,paid,2024-12-11
INV002660,PO002660,2025-09-29,205.57,paid,2025-11-10
INV002661,PO002661,2026-02-09,1825.74,paid,2026-03-23
INV002662,PO002662,2026-04-15,1759.3,paid,2026-05-08
INV002663,PO002663,2025-05-10,198656.24,paid,2025-05-27
INV002664,PO002664,2025-09-09,788781.78,paid,2025-10-02
INV002665,PO002665,2025-03-14,1940.05,overdue,
INV002666,PO002666,2024-11-08,232653.44,paid,2024-12-20
INV002667,PO002667,2025-08-15,430634.79,paid,2025-08-29
INV002668,PO002668,2025-11-28,1101.24,pending,
INV002669,PO002669,2026-02-06,14674.48,paid,2026-02-12
INV002670,PO002670,2026-07-18,785.15,paid,2026-08-14
INV002671,PO002671,2026-05-28,13013.13,pending,
INV002673,PO002673,2025-02-23,3067.11,pending,
INV002674,PO002674,2026-08-12,49215.6,paid,2026-09-23
INV002675,PO002675,2025-06-17,1238.73,paid,2025-07-07
INV002676,PO002676,2025-03-28,2386.59,paid,2025-04-11
INV002677,PO002677,2025-06-14,14742.86,paid,2025-06-25
INV002678,PO002678,2025-01-08,9135.0,paid,2025-01-17
INV002679,PO002679,2026-08-10,7411.16,paid,2026-09-16
INV002680,PO002680,2026-01-08,194496.96,paid,2026-02-15
INV002681,PO002681,2025-04-30,1302.84,paid,2025-06-12
INV002682,PO002682,2025-11-16,57658.9,paid,2025-12-19
INV002683,PO002683,2025-08-11,11630.5,pending,
INV002684,PO002684,2026-06-30,3578.96,overdue,
INV002685,PO002685,2026-06-29,399540.24,paid,2026-07-30
INV002686,PO002686,2025-02-17,182337.3,pending,
INV002687,PO002687,2024-12-06,194.4,pending,
INV002688,PO002688,2024-10-03,1522.5,paid,2024-10-10
INV002689,PO002689,2025-05-23,196.35,paid,2025-07-05
INV002690,PO002690,2026-08-20,113847.88,pending,
INV002691,PO002691,2025-07-24,610.16,paid,2025-08-11
INV002692,PO002692,2025-06-10,5489.0,paid,2025-06-21
INV002693,PO002693,2025-10-20,2014297.85,paid,2025-11-17
INV002694,PO002694,2026-03-11,3373.89,paid,2026-04-03
INV002695,PO002695,2025-02-02,462126.54,paid,2025-03-12
INV002696,PO002696,2024-11-26,6319897.48,paid,2025-01-05
INV002697,PO002697,2025-03-25,1094.78,paid,2025-04-03
INV002698,PO002698,2026-08-24,362314.77,paid,2026-08-29
INV002699,PO002699,2026-06-09,7980.0,paid,2026-07-19
INV002700,PO002700,2026-06-01,9490.5,paid,2026-07-13
INV002701,PO002701,2025-04-01,83369.06,paid,2025-04-20
INV002702,PO002702,2025-01-19,291.58,paid,2025-03-01
INV002703,PO002703,2025-10-25,19694.22,paid,2025-11-22
INV002704,PO002704,2026-08-14,111212.82,paid,2026-09-22
INV002705,PO002705,2024-11-18,260270.01,paid,2024-11-30
INV002706,PO002706,2026-08-14,624.25,paid,2026-09-03
INV002707,PO002707,2026-03-07,423812.55,paid,2026-04-15
INV002708,PO002708,2025-03-02,859.1,paid,2025-04-07
INV002709,PO002709,2026-09-15,32071.36,paid,2026-10-04
INV002710,PO002710,2026-01-30,5356.19,pending,
INV002711,PO002711,2024-11-13,369821.49,overdue,
INV002712,PO002712,2024-12-21,5332.8,paid,2025-01-25
INV002713,PO002713,2025-04-16,455670.54,paid,2025-04-23
INV002714,PO002714,2026-09-08,547805.35,paid,2026-09-28
INV002715,PO002715,2026-07-27,9515.12,paid,2026-08-28
INV002716,PO002716,2024-10-16,155161.44,paid,2024-11-17
INV002717,PO002717,2024-10-07,9995.52,paid,2024-11-06
INV002718,PO002718,2025-01-31,1248972.32,paid,2025-02-17
INV002719,PO002719,2025-08-31,10167.6,paid,2025-09-20
INV002720,PO002720,2025-10-15,10012.86,paid,2025-11-01
INV002721,PO002721,2025-10-12,101050.8,pending,
INV002723,PO002723,2025-07-14,761002.38,paid,2025-08-17
INV002724,PO002724,2025-12-01,7969.24,paid,2026-01-05
INV002725,PO002725,2026-02-26,3917.16,paid,2026-03-03
INV002726,PO002726,2024-12-26,21779.82,paid,2025-01-11
INV002728,PO002728,2026-02-23,297748.96,paid,2026-03-25
INV002729,PO002729,2026-05-07,545.16,paid,2026-05-27
INV002730,PO002730,2026-07-24,24179.4,paid,2026-08-01
INV002732,PO002732,2024-10-21,16114.26,overdue,
INV002733,PO002733,2026-06-02,17037.3,paid,2026-06-18
INV002734,PO002734,2025-03-26,4749.12,paid,2025-05-03
INV002737,PO002737,2026-06-06,529373.16,paid,2026-07-07
INV002738,PO002738,2024-12-31,767.08,paid,2025-01-20
INV002739,PO002739,2025-01-28,180.54,paid,2025-02-18
INV002740,PO002740,2025-09-22,1246187.01,paid,2025-10-23
INV002741,PO002741,2026-05-28,3800.74,paid,2026-06-27
INV002742,PO002742,2024-10-26,8912.93,paid,2024-11-06
INV002743,PO002743,2025-06-30,106432.92,paid,2025-07-28
INV002744,PO002744,2026-02-01,928.25,paid,2026-03-06
INV002745,PO002745,2026-08-20,690069.92,paid,2026-09-14
INV002746,PO002746,2026-06-14,6708.24,paid,2026-07-18
INV002747,PO002747,2025-01-30,698.4,paid,2025-03-05
INV002748,PO002748,2024-11-07,97.02,overdue,
INV002749,PO002749,2026-02-03,300.67,overdue,
INV002750,PO002750,2026-03-30,79886.46,paid,2026-05-04
INV002751,PO002751,2025-10-15,7978.2,paid,2025-11-27
INV002752,PO002752,2026-05-21,46284.08,overdue,
INV002753,PO002753,2024-10-06,1113.42,paid,2024-11-15
INV002754,PO002754,2024-09-18,299025.58,pending,
INV002755,PO002755,2026-03-12,145598.0,overdue,
INV002756,PO002756,2025-05-14,151109.55,pending,
INV002757,PO002757,2025-04-25,72399.6,paid,2025-05-27
INV002758,PO002758,2024-12-11,3464.74,paid,2025-01-13
INV002759,PO002759,2025-08-05,307744.26,paid,2025-08-27
INV002760,PO002760,2025-09-23,109173.48,paid,2025-10-21
INV002761,PO002761,2025-09-25,72134.9,paid,2025-10-17
INV002762,PO002762,2025-04-20,13488.12,pending,
INV002763,PO002763,2024-10-31,1211.04,paid,2024-12-09
INV002764,PO002764,2026-01-28,62842.86,paid,2026-03-06
INV002765,PO002765,2025-12-31,238.29,paid,2026-01-07
INV002766,PO002766,2025-06-20,13241.42,pending,
INV002767,PO002767,2026-02-24,10677.87,paid,2026-03-09
INV002768,PO002768,2025-01-01,22383.52,pending,
INV002769,PO002769,2026-08-14,647.28,paid,2026-09-06
INV002770,PO002770,2025-11-09,292722.08,pending,
INV002772,PO002772,2026-01-15,95034.24,paid,2026-02-07
INV002773,PO002773,2026-06-01,35438.98,pending,
INV002774,PO002774,2025-01-03,810179.66,paid,2025-02-06
INV002775,PO002775,2024-10-15,10121.81,pending,
INV002778,PO002778,2025-12-28,452901.12,pending,
INV002779,PO002779,2026-04-23,499621.32,paid,2026-05-21
INV002780,PO002780,2024-12-07,33773.76,paid,2025-01-15
INV002781,PO002781,2024-10-02,65146.17,paid,2024-11-12
INV002783,PO002783,2026-02-14,484.88,paid,2026-03-15
INV002784,PO002784,2025-07-23,19800.72,paid,2025-08-28
INV002785,PO002785,2024-09-19,50235.33,paid,2024-09-25
INV002786,PO002786,2026-05-17,54240.58,paid,2026-06-10
INV002787,PO002787,2025-02-14,1143.45,paid,2025-03-08
INV002788,PO002788,2026-04-05,9186.0,paid,2026-04-30
INV002789,PO002789,2025-02-14,56311.57,paid,2025-03-21
INV002792,PO002792,2025-12-06,3576.75,paid,2026-01-12
INV002793,PO002793,2024-11-13,265531.86,paid,2024-12-26
INV002794,PO002794,2025-09-12,538008.3,paid,2025-09-29
INV002796,PO002796,2024-09-14,12751.2,paid,2024-10-15
INV002797,PO002797,2025-08-25,113974.26,paid,2025-09-12
INV002798,PO002798,2025-05-18,1326586.52,paid,2025-06-29
INV002799,PO002799,2026-01-04,68401.74,paid,2026-02-10
INV002800,PO002800,2026-03-19,167797.35,paid,2026-03-26
INV002802,PO002802,2026-04-08,3006.99,paid,2026-04-20
INV002803,PO002803,2025-02-07,383.52,pending,
INV002804,PO002804,2025-02-08,715836.59,paid,2025-03-22
INV002805,PO002805,2025-01-29,152733.94,paid,2025-03-08
INV002806,PO002806,2024-12-27,699.06,paid,2025-02-04
INV002807,PO002807,2026-06-24,147892.77,pending,
INV002809,PO002809,2026-06-17,337025.4,paid,2026-07-13
INV002810,PO002810,2026-03-02,9870.96,pending,
INV002811,PO002811,2024-12-14,25576.74,paid,2025-01-09
INV002812,PO002812,2025-11-18,1946.36,paid,2026-01-01
INV002813,PO002813,2025-03-06,1288638.72,overdue,
INV002814,PO002814,2026-04-20,905.58,pending,
INV002815,PO002815,2026-08-04,2776.11,paid,2026-08-11
INV002816,PO002816,2026-05-16,1326.5,pending,
INV002817,PO002817,2025-03-14,160143.71,paid,2025-04-18
INV002818,PO002818,2026-02-26,945.06,paid,2026-03-10
INV002819,PO002819,2026-09-08,18311.99,paid,2026-10-03
INV002820,PO002820,2025-04-03,2605.59,paid,2025-05-15
INV002821,PO002821,2026-05-18,283778.16,pending,
INV002822,PO002822,2025-04-13,32373.78,paid,2025-05-10
INV002823,PO002823,2025-09-26,21977.67,paid,2025-10-29
INV002824,PO002824,2025-01-10,2555.64,paid,2025-02-03
INV002825,PO002825,2024-10-02,1272.3,paid,2024-10-14
INV002826,PO002826,2026-08-15,75914.02,paid,2026-08-27
INV002828,PO002828,2025-08-11,3521871.36,paid,2025-08-25
INV002829,PO002829,2026-03-07,766.08,paid,2026-03-19
INV002830,PO002830,2024-11-26,34292.4,paid,2024-12-20
INV002831,PO002831,2025-02-17,86423.22,pending,
INV002832,PO002832,2025-09-08,26465.4,pending,
INV002833,PO002833,2025-04-05,1160493.23,paid,2025-04-24
INV002834,PO002834,2026-03-18,20108.0,paid,2026-04-22
INV002835,PO002835,2026-07-19,3617.46,paid,2026-08-15
INV002836,PO002836,2025-05-31,1424.28,paid,2025-06-26
INV002837,PO002837,2025-06-01,342.76,paid,2025-07-05
INV002838,PO002838,2025-09-09,11225.0,pending,
INV002839,PO002839,2025-12-19,40881.94,paid,2026-01-14
INV002840,PO002840,2026-04-18,91676.75,overdue,
INV002842,PO002842,2026-01-09,1559.61,paid,2026-02-20
INV002843,PO002843,2026-02-13,34429.22,paid,2026-03-25
INV002844,PO002844,2025-03-01,173738.24,paid,2025-04-06
INV002845,PO002845,2025-10-18,36655.15,paid,2025-10-24
INV002846,PO002846,2025-06-15,943.25,overdue,
INV002847,PO002847,2025-07-05,10898.0,overdue,
INV002848,PO002848,2026-01-25,18076.4,paid,2026-03-07
INV002849,PO002849,2024-12-27,18796.14,pending,
INV002850,PO002850,2026-06-04,2772.51,paid,2026-07-18
INV002851,PO002851,2025-04-08,90171.04,paid,2025-05-14
INV002852,PO002852,2025-07-18,375499.56,paid,2025-08-21
INV002853,PO002853,2025-10-20,2171.7,pending,
INV002854,PO002854,2024-12-07,49693.64,paid,2024-12-18
INV002855,PO002855,2025-01-02,99.96,paid,2025-01-27
INV002856,PO002856,2025-07-18,441.87,paid,2025-07-27
INV002858,PO002858,2026-03-24,549.0,paid,2026-04-04
INV002859,PO002859,2026-03-02,131428.22,paid,2026-03-12
INV002860,PO002860,2025-11-12,177760.8,paid,2025-12-17
INV002861,PO002861,2024-12-27,82289.2,paid,2025-01-15
INV002862,PO002862,2025-08-24,265610.88,paid,2025-09-04
INV002863,PO002863,2025-05-24,3842.17,overdue,
INV002864,PO002864,2025-04-15,138528.96,pending,
INV002865,PO002865,2026-06-23,70782.03,paid,2026-07-07
INV002866,PO002866,2025-11-25,4011.28,overdue,
INV002867,PO002867,2025-09-06,126836.76,paid,2025-10-08
INV002868,PO002868,2026-04-18,264757.5,paid,2026-04-25
INV002869,PO002869,2024-11-13,147801.5,paid,2024-12-26
INV002871,PO002871,2025-03-20,558943.3,pending,
INV002872,PO002872,2026-07-17,25249.17,overdue,
INV002873,PO002873,2025-05-28,254900.52,paid,2025-06-28
INV002874,PO002874,2024-12-31,90877.8,paid,2025-02-01
INV002875,PO002875,2024-10-01,18148.29,overdue,
INV002876,PO002876,2025-11-06,16575.0,pending,
INV002877,PO002877,2025-04-14,10536.3,paid,2025-05-22
INV002878,PO002878,2026-02-11,14106.6,paid,2026-03-06
INV002879,PO002879,2024-12-24,39998.7,paid,2025-01-26
INV002880,PO002880,2025-12-18,2565225.3,paid,2026-01-08
INV002881,PO002881,2025-04-25,37346.4,overdue,
INV002882,PO002882,2026-08-31,49585.18,paid,2026-10-10
INV002883,PO002883,2025-07-03,197193.36,paid,2025-07-24
INV002884,PO002884,2025-06-21,27742.47,pending,
INV002885,PO002885,2026-01-10,35545.1,pending,
INV002886,PO002886,2026-03-06,363563.52,paid,2026-03-30
INV002887,PO002887,2025-12-19,372706.6,paid,2025-12-30
INV002888,PO002888,2025-08-17,900.55,paid,2025-08-25
INV002889,PO002889,2025-01-28,539.38,paid,2025-02-27
INV002890,PO002890,2026-03-30,489.15,paid,2026-05-01
INV002891,PO002891,2025-07-07,571.34,paid,2025-08-15
INV002892,PO002892,2026-09-14,296958.18,paid,2026-10-24
INV002893,PO002893,2025-04-06,3098.55,overdue,
INV002894,PO002894,2026-04-11,7955.43,paid,2026-05-07
INV002895,PO002895,2026-01-28,160502.76,paid,2026-03-01
INV002896,PO002896,2025-12-03,23689.32,paid,2025-12-27
INV002897,PO002897,2025-04-01,24337.8,paid,2025-04-13
INV002898,PO002898,2026-06-20,11079.94,paid,2026-07-24
INV002899,PO002899,2024-10-21,1155.0,paid,2024-11-16
INV002900,PO002900,2025-06-11,73312.84,paid,2025-07-24
INV002901,PO002901,2026-02-24,1894.1,paid,2026-03-12
INV002902,PO002902,2024-11-18,1218074.33,paid,2024-11-28
INV002904,PO002904,2025-03-12,31586.03,pending,
INV002905,PO002905,2025-12-04,28263.9,paid,2025-12-27
INV002906,PO002906,2024-12-23,526.5,paid,2025-01-09
INV002907,PO002907,2025-06-05,394933.05,pending,
INV002908,PO002908,2025-04-29,10080.72,pending,
INV002909,PO002909,2026-08-28,449709.48,pending,
INV002910,PO002910,2025-05-06,1661.4,paid,2025-06-13
INV002911,PO002911,2026-01-08,179018.84,paid,2026-02-19
INV002912,PO002912,2025-06-05,20519.16,pending,
INV002913,PO002913,2025-10-18,125851.4,paid,2025-11-05
INV002914,PO002914,2026-06-15,29599.7,paid,2026-07-02
INV002916,PO002916,2025-02-03,1081.12,pending,
INV002917,PO002917,2025-04-14,7392.6,paid,2025-05-11
INV002918,PO002918,2025-11-14,474.7,paid,2025-12-19
INV002919,PO002919,2025-02-09,1677226.98,overdue,
INV002920,PO002920,2025-05-01,178.36,paid,2025-05-31
INV002921,PO002921,2025-02-01,463914.64,paid,2025-03-14
INV002922,PO002922,2026-07-07,2709.03,paid,2026-08-05
INV002924,PO002924,2026-09-05,931070.52,pending,
INV002925,PO002925,2024-09-27,874.44,paid,2024-11-04
INV002927,PO002927,2025-04-13,792657.96,paid,2025-05-08
INV002928,PO002928,2024-11-24,141475.68,pending,
INV002929,PO002929,2024-10-26,331600.48,overdue,
INV002930,PO002930,2025-09-15,8429.64,paid,2025-10-07
INV002931,PO002931,2026-06-14,5196.36,paid,2026-07-06
INV002932,PO002932,2024-09-28,36899.68,paid,2024-10-06
INV002933,PO002933,2025-04-05,3053615.42,paid,2025-04-15
INV002934,PO002934,2026-04-11,68886.0,overdue,
INV002935,PO002935,2025-07-06,1531.35,overdue,
INV002936,PO002936,2025-04-14,686.12,paid,2025-05-19
INV002937,PO002937,2026-02-27,1400.6,paid,2026-03-11
INV002938,PO002938,2024-12-15,719.4,paid,2025-01-17
INV002939,PO002939,2025-12-28,21484.32,paid,2026-01-29
INV002940,PO002940,2025-11-05,204205.92,paid,2025-12-13
INV002941,PO002941,2025-09-12,157196.46,paid,2025-10-08
INV002942,PO002942,2024-11-30,480433.24,paid,2024-12-07
INV002943,PO002943,2025-02-15,103230.12,overdue,
INV002945,PO002945,2026-03-26,257079.8,pending,
INV002946,PO002946,2026-06-25,58928.28,paid,2026-07-23
INV002947,PO002947,2025-10-25,1352439.08,pending,
INV002948,PO002948,2025-05-29,5118.96,paid,2025-06-21
INV002949,PO002949,2025-07-19,2852.78,paid,2025-08-30
INV002950,PO002950,2025-07-06,918.76,paid,2025-07-23
INV002951,PO002951,2024-12-19,21265.2,paid,2025-01-29
INV002952,PO002952,2026-08-25,909837.6,paid,2026-09-24
INV002953,PO002953,2025-09-21,164679.0,paid,2025-10-11
INV002955,PO002955,2026-04-08,180970.2,overdue,
INV002956,PO002956,2025-04-23,5863.39,paid,2025-04-30
INV002957,PO002957,2024-10-10,402084.51,paid,2024-10-22
INV002958,PO002958,2025-12-15,352725.88,paid,2026-01-25
INV002959,PO002959,2025-10-11,1285.2,paid,2025-11-22
INV002960,PO002960,2025-09-09,460220.64,paid,2025-10-07
INV002961,PO002961,2025-11-19,2723088.55,paid,2025-12-17
INV002962,PO002962,2025-01-03,164749.76,paid,2025-02-09
INV002963,PO002963,2026-06-15,27865.98,pending,
INV002964,PO002964,2026-05-02,48218.39,paid,2026-05-21
INV002965,PO002965,2025-09-01,96297.6,paid,2025-09-23
INV002968,PO002968,2025-10-28,125025.35,paid,2025-12-01
INV002969,PO002969,2025-01-27,170334.95,paid,2025-02-17
INV002970,PO002970,2026-08-13,1745137.62,paid,2026-09-24
INV002971,PO002971,2026-09-01,17304.7,overdue,
INV002972,PO002972,2025-05-17,1822.77,paid,2025-06-14
INV002974,PO002974,2025-12-10,203443.38,paid,2026-01-08
INV002975,PO002975,2026-05-18,2289824.02,paid,2026-06-21
INV002976,PO002976,2025-07-07,23129.82,paid,2025-08-08
INV002978,PO002978,2025-09-14,24934.23,paid,2025-10-04
INV002979,PO002979,2025-11-07,875390.4,paid,2025-12-12
INV002980,PO002980,2026-05-28,241244.64,paid,2026-06-10
INV002981,PO002981,2025-01-06,830894.2,paid,2025-01-23
INV002982,PO002982,2025-07-07,418.3,paid,2025-08-11
INV002983,PO002983,2025-10-05,55682.79,overdue,
INV002984,PO002984,2025-11-07,3144.5,paid,2025-12-06
INV002985,PO002985,2024-12-09,1696.52,paid,2025-01-15
INV002986,PO002986,2025-02-17,5364137.5,paid,2025-03-17
INV002987,PO002987,2025-10-22,11035.68,paid,2025-11-01
INV002988,PO002988,2025-06-11,339.84,paid,2025-07-08
INV002989,PO002989,2025-06-09,42052.78,paid,2025-07-11
INV002990,PO002990,2025-02-12,33110.0,paid,2025-02-23
INV002991,PO002991,2026-01-07,105697.75,paid,2026-02-10
INV002992,PO002992,2025-03-03,600.75,overdue,
INV002993,PO002993,2024-12-29,1419456.96,paid,2025-01-27
INV002994,PO002994,2026-05-20,794.5,paid,2026-06-26
INV002995,PO002995,2025-05-24,118014.72,paid,2025-06-17
INV002996,PO002996,2025-07-01,116241.89,overdue,
INV002997,PO002997,2025-11-13,62.37,pending,
INV002998,PO002998,2025-08-13,562904.0,pending,
INV002999,PO002999,2025-12-06,23588.34,paid,2026-01-10
INV003000,PO003000,2025-11-07,917.07,paid,2025-12-09
INV003002,PO003002,2025-09-04,20438.42,paid,2025-10-16
INV003003,PO003003,2024-10-27,172668.9,paid,2024-12-07
INV003004,PO003004,2025-11-05,1337.25,paid,2025-11-20
INV003005,PO003005,2024-10-02,513.38,paid,2024-11-11
INV003006,PO003006,2026-05-22,208.26,paid,2026-06-22
INV003007,PO003007,2026-03-28,1777.41,overdue,
INV003008,PO003008,2026-01-12,13317.84,paid,2026-02-19
INV003009,PO003009,2025-09-08,883721.2,paid,2025-10-06
INV003010,PO003010,2025-11-02,86159.52,overdue,
INV003011,PO003011,2024-09-09,527.35,paid,2024-09-20
INV003012,PO003012,2024-11-13,9383.88,paid,2024-12-11
INV003013,PO003013,2025-01-25,655.11,paid,2025-02-12
INV003014,PO003014,2024-12-19,95928.0,paid,2024-12-24
INV003015,PO003015,2024-11-13,53903.76,paid,2024-11-30
INV003016,PO003016,2025-10-09,425473.86,paid,2025-10-26
INV003017,PO003017,2025-05-01,24057.4,paid,2025-06-06
INV003018,PO003018,2026-08-09,2134.4,paid,2026-08-26
INV003019,PO003019,2025-07-25,394582.5,paid,2025-08-16
INV003020,PO003020,2026-05-23,7184.78,overdue,
INV003021,PO003021,2026-04-21,429.8,paid,2026-05-07
INV003022,PO003022,2026-02-10,59530.2,pending,
INV003023,PO003023,2025-04-07,443041.28,pending,
INV003024,PO003024,2026-06-04,2120.58,pending,
INV003025,PO003025,2025-07-17,919.08,paid,2025-08-24
INV003026,PO003026,2024-09-25,15010.39,paid,2024-10-12
INV003027,PO003027,2025-10-27,593780.46,paid,2025-11-23
INV003028,PO003028,2025-09-03,42600.6,paid,2025-09-20
INV003029,PO003029,2025-07-02,6519.5,paid,2025-07-08
INV003031,PO003031,2025-08-30,26781.03,pending,
INV003032,PO003032,2026-05-14,221.35,paid,2026-06-18
INV003033,PO003033,2026-01-17,10497.18,pending,
INV003034,PO003034,2024-10-25,671246.1,overdue,
INV003035,PO003035,2025-07-16,5332.05,paid,2025-08-15
INV003036,PO003036,2025-09-30,2698.72,overdue,
INV003037,PO003037,2025-03-11,790446.55,pending,
INV003038,PO003038,2024-09-11,2141.4,paid,2024-10-05
INV003039,PO003039,2024-09-22,1130.22,paid,2024-11-01
INV003040,PO003040,2025-05-30,34174.32,pending,
INV003041,PO003041,2025-08-30,268625.28,paid,2025-09-30
INV003042,PO003042,2025-02-07,463124.1,overdue,
INV003043,PO003043,2024-09-23,521.9,paid,2024-10-30
INV003044,PO003044,2026-02-16,76372.9,pending,
INV003046,PO003046,2026-05-31,166010.88,pending,
INV003047,PO003047,2025-12-02,2574061.56,pending,
INV003048,PO003048,2026-01-20,80519.4,pending,
INV003049,PO003049,2025-10-08,1319.01,paid,2025-10-31
INV003050,PO003050,2025-09-04,307046.2,paid,2025-10-03
INV003051,PO003051,2026-07-09,13322.6,paid,2026-07-20
INV003052,PO003052,2025-04-02,559940.15,pending,
INV003053,PO003053,2025-12-09,257.32,paid,2025-12-19
INV003054,PO003054,2025-07-02,1961869.8,paid,2025-07-12
INV003055,PO003055,2024-12-13,454416.66,pending,
INV003056,PO003056,2025-12-16,259889.88,paid,2025-12-23
INV003057,PO003057,2025-02-18,2321.28,overdue,
INV003059,PO003059,2024-10-13,14629.44,paid,2024-11-02
INV003060,PO003060,2025-09-10,2338.56,paid,2025-10-05
INV003061,PO003061,2025-03-24,19447.76,paid,2025-04-07
INV003062,PO003062,2024-11-28,7773.22,pending,
INV003065,PO003065,2024-11-27,192.64,paid,2025-01-07
INV003066,PO003066,2025-08-14,1539.25,paid,2025-09-15
INV003067,PO003067,2026-02-10,63564.15,paid,2026-03-21
INV003069,PO003069,2025-07-07,24320.4,overdue,
INV003070,PO003070,2025-03-03,151169.7,overdue,
INV003071,PO003071,2024-12-01,4775.43,overdue,
INV003072,PO003072,2025-10-08,459.68,pending,
INV003073,PO003073,2026-07-27,18270.27,paid,2026-08-30
INV003074,PO003074,2025-10-13,399212.0,pending,
INV003076,PO003076,2026-04-10,3048.63,paid,2026-04-21
INV003077,PO003077,2025-10-27,8028.54,overdue,
INV003078,PO003078,2026-05-19,3559.45,paid,2026-06-09
INV003079,PO003079,2025-10-01,53725.74,pending,
INV003080,PO003080,2026-05-20,15612.3,paid,2026-06-10
INV003081,PO003081,2024-09-18,38964.63,paid,2024-10-31
INV003083,PO003083,2026-02-21,351891.54,overdue,
INV003084,PO003084,2025-06-08,786133.44,pending,
INV003085,PO003085,2025-09-25,115568.32,paid,2025-11-01
INV003087,PO003087,2024-09-26,8278.0,paid,2024-11-03
INV003088,PO003088,2026-02-06,1362501.44,paid,2026-02-28
INV003089,PO003089,2026-04-27,349929.9,paid,2026-05-21
INV003090,PO003090,2024-12-12,61006.2,paid,2025-01-12
INV003091,PO003091,2025-01-22,1772.82,paid,2025-02-26
INV003092,PO003092,2025-01-11,29112.96,paid,2025-02-20
INV003093,PO003093,2026-05-15,18431.6,paid,2026-06-10
INV003094,PO003094,2026-05-04,179541.78,paid,2026-05-14
INV003095,PO003095,2026-02-20,11803.68,paid,2026-03-16
INV003096,PO003096,2026-05-07,40863.9,pending,
INV003097,PO003097,2026-08-05,2231735.69,overdue,
INV003098,PO003098,2025-10-07,307807.7,paid,2025-10-14
INV003099,PO003099,2025-12-17,162719.17,paid,2026-01-14
INV003100,PO003100,2026-02-08,196292.93,paid,2026-03-22
INV003101,PO003101,2025-10-06,100342.89,pending,
INV003102,PO003102,2026-06-12,24485.44,paid,2026-07-11
INV003103,PO003103,2025-07-16,1862.35,paid,2025-08-04
INV003104,PO003104,2026-05-27,28906.44,paid,2026-07-04
INV003105,PO003105,2025-05-19,2796.75,pending,
INV003106,PO003106,2026-05-31,628896.04,overdue,
INV003107,PO003107,2026-07-12,2042209.32,pending,
INV003108,PO003108,2025-06-08,4695254.4,overdue,
INV003109,PO003109,2026-01-10,1660513.32,overdue,
INV003111,PO003111,2025-09-11,12927.04,paid,2025-09-27
INV003112,PO003112,2026-08-12,220.11,pending,
INV003113,PO003113,2026-02-20,100259.88,paid,2026-03-23
INV003114,PO003114,2026-05-16,46406.88,paid,2026-06-24
INV003115,PO003115,2026-09-11,353669.28,pending,
INV003116,PO003116,2024-11-25,244223.1,paid,2024-12-31
INV003117,PO003117,2024-10-28,2317580.32,pending,
INV003118,PO003118,2026-02-01,277768.87,paid,2026-02-15
INV003119,PO003119,2026-02-16,2456.3,paid,2026-03-18
INV003120,PO003120,2025-06-27,417.43,paid,2025-08-02
INV003121,PO003121,2026-08-27,2274.3,paid,2026-09-12
INV003122,PO003122,2025-09-25,281370.21,pending,
INV003123,PO003123,2025-09-19,922.02,paid,2025-10-24
INV003124,PO003124,2026-06-04,58066.25,overdue,
INV003125,PO003125,2025-12-24,17257.36,pending,
INV003126,PO003126,2025-05-27,14318.08,paid,2025-06-03
INV003127,PO003127,2026-06-06,381.57,paid,2026-07-08
INV003128,PO003128,2024-09-16,86992.36,pending,
INV003129,PO003129,2025-06-25,23614.94,paid,2025-07-31
INV003130,PO003130,2025-06-16,494624.36,pending,
INV003131,PO003131,2025-08-27,58408.98,paid,2025-09-25
INV003132,PO003132,2026-06-27,8617.92,overdue,
INV003133,PO003133,2026-07-01,95664.26,paid,2026-07-12
INV003134,PO003134,2025-10-21,11854.04,paid,2025-11-02
INV003135,PO003135,2025-08-27,14340.04,paid,2025-10-05
INV003136,PO003136,2024-10-18,86351.3,pending,
INV003137,PO003137,2025-03-20,137688.85,pending,
INV003138,PO003138,2024-10-16,1854.72,pending,
INV003139,PO003139,2026-01-21,234551.72,paid,2026-02-10
INV003140,PO003140,2024-11-13,4561.81,paid,2024-12-16
INV003141,PO003141,2025-03-30,1857489.2,paid,2025-04-13
INV003142,PO003142,2025-08-16,327561.9,paid,2025-08-22
INV003143,PO003143,2025-04-15,225481.41,pending,
INV003145,PO003145,2025-05-01,5045.26,paid,2025-06-12
INV003146,PO003146,2025-01-19,12871.17,paid,2025-02-15
INV003147,PO003147,2024-12-16,80841.3,paid,2024-12-27
INV003148,PO003148,2026-08-18,10015.68,paid,2026-09-24
INV003149,PO003149,2026-06-01,27870.3,paid,2026-06-30
INV003151,PO003151,2026-05-02,56336.7,pending,
INV003152,PO003152,2026-04-30,34181.67,paid,2026-06-06
INV003154,PO003154,2025-05-13,68577.66,pending,
INV003155,PO003155,2025-03-09,16069.56,paid,2025-04-20
INV003156,PO003156,2026-04-23,416234.78,paid,2026-05-21
INV003157,PO003157,2026-01-27,1189416.94,paid,2026-02-15
INV003158,PO003158,2025-10-26,58200.12,paid,2025-12-03
INV003159,PO003159,2025-05-11,73208.61,paid,2025-06-07
INV003160,PO003160,2025-12-28,54743.2,paid,2026-01-10
INV003161,PO003161,2024-12-10,43318.2,paid,2025-01-04
INV003162,PO003162,2026-04-29,166060.4,paid,2026-05-06
INV003164,PO003164,2026-04-15,1661.48,pending,
INV003165,PO003165,2026-05-31,2888191.85,overdue,
INV003166,PO003166,2025-07-08,637.56,paid,2025-08-19
INV003167,PO003167,2026-07-03,29417.85,overdue,
INV003168,PO003168,2025-05-08,1656616.5,pending,
INV003169,PO003169,2024-11-25,1327.04,pending,
INV003170,PO003170,2024-11-11,3243075.53,paid,2024-12-10
INV003171,PO003171,2025-07-03,34767.81,paid,2025-08-02
INV003172,PO003172,2026-01-16,122942.82,paid,2026-02-02
INV003173,PO003173,2025-01-30,516720.08,paid,2025-03-06
INV003174,PO003174,2025-09-09,1806177.06,paid,2025-09-16
INV003175,PO003175,2025-05-10,362817.44,paid,2025-06-11
INV003176,PO003176,2025-04-14,302384.79,paid,2025-04-22
INV003177,PO003177,2026-07-09,383.76,paid,2026-07-24
INV003178,PO003178,2025-01-01,20502.66,paid,2025-01-29
INV003179,PO003179,2024-12-18,343404.72,paid,2025-01-08
INV003180,PO003180,2026-04-23,1460.6,pending,
INV003181,PO003181,2025-10-27,3263.7,pending,
INV003182,PO003182,2024-11-12,675236.1,paid,2024-11-25
INV003183,PO003183,2025-12-21,4128.24,paid,2026-01-12
INV003184,PO003184,2025-09-22,87414.7,pending,
INV003185,PO003185,2026-05-05,360.36,paid,2026-05-14
INV003186,PO003186,2025-02-22,416.24,paid,2025-04-07
INV003187,PO003187,2025-02-26,6735.96,paid,2025-03-17
INV003188,PO003188,2026-04-30,681589.95,paid,2026-06-12
INV003189,PO003189,2026-03-12,4108.8,paid,2026-03-18
INV003190,PO003190,2025-03-01,994.84,paid,2025-03-23
INV003191,PO003191,2026-07-27,42469.44,overdue,
INV003192,PO003192,2025-09-17,13611.86,paid,2025-09-22
INV003193,PO003193,2025-03-01,14145.59,paid,2025-03-11
INV003194,PO003194,2024-10-27,112725.07,pending,
INV003195,PO003195,2024-10-03,8032.46,overdue,
INV003196,PO003196,2024-10-29,539.6,paid,2024-11-12
INV003197,PO003197,2025-04-27,2194.58,paid,2025-06-01
INV003198,PO003198,2026-02-10,3951.08,pending,
INV003199,PO003199,2025-02-04,2075.39,paid,2025-03-07
INV003201,PO003201,2024-12-23,2310.14,paid,2025-01-10
INV003202,PO003202,2026-01-31,49859.7,paid,2026-02-05
INV003203,PO003203,2024-11-14,612.0,pending,
INV003204,PO003204,2024-11-27,140076.0,paid,2025-01-04
INV003206,PO003206,2025-05-07,123245.1,paid,2025-05-15
INV003207,PO003207,2024-12-27,96736.64,overdue,
INV003208,PO003208,2024-10-23,2504.25,pending,
INV003209,PO003209,2024-10-03,579.18,paid,2024-10-26
INV003210,PO003210,2026-07-18,1052312.0,paid,2026-08-27
INV003211,PO003211,2025-04-27,129.58,pending,
INV003212,PO003212,2026-04-08,69952.68,paid,2026-04-18
INV003213,PO003213,2026-02-16,1238.04,paid,2026-03-05
INV003214,PO003214,2026-01-21,315369.52,paid,2026-02-04
INV003216,PO003216,2024-11-13,1182.72,paid,2024-11-21
INV003217,PO003217,2025-04-13,688.38,paid,2025-05-02
INV003218,PO003218,2025-03-30,113.19,paid,2025-04-09
INV003219,PO003219,2025-01-04,17595.0,paid,2025-02-09
INV003221,PO003221,2025-06-11,7649.74,paid,2025-06-26
INV003222,PO003222,2026-08-02,3708852.0,paid,2026-09-12
INV003223,PO003223,2026-02-07,13794.44,overdue,
INV003224,PO003224,2025-03-22,33576.6,paid,2025-04-15
INV003225,PO003225,2025-06-10,8641.6,paid,2025-07-24
INV003226,PO003226,2025-07-11,934.32,paid,2025-07-26
INV003227,PO003227,2025-11-23,10766.76,paid,2025-12-27
INV003228,PO003228,2024-12-24,1498.68,overdue,
INV003229,PO003229,2026-05-13,6615.84,overdue,
INV003230,PO003230,2026-05-17,186590.64,pending,
INV003231,PO003231,2025-05-04,313624.83,pending,
INV003232,PO003232,2026-04-27,21243.37,overdue,
INV003233,PO003233,2024-09-07,1878.4,paid,2024-10-12
INV003234,PO003234,2025-11-19,20560.0,paid,2025-11-24
INV003235,PO003235,2025-10-22,274444.1,paid,2025-11-01
INV003236,PO003236,2025-07-05,254598.61,overdue,
INV003237,PO003237,2024-09-24,787231.12,paid,2024-10-10
INV003239,PO003239,2026-06-17,25546.25,paid,2026-07-30
INV003240,PO003240,2025-11-25,21071.84,paid,2025-12-07
INV003241,PO003241,2026-04-23,168015.36,paid,2026-05-13
INV003242,PO003242,2024-09-25,178415.6,pending,
INV003243,PO003243,2025-12-10,1427.58,paid,2026-01-02
INV003244,PO003244,2025-07-24,330.27,paid,2025-09-06
INV003245,PO003245,2026-07-20,11350.06,paid,2026-08-02
INV003246,PO003246,2025-05-10,630147.5,paid,2025-05-16
INV003247,PO003247,2025-08-19,33943.88,pending,
INV003248,PO003248,2025-03-01,360175.88,pending,
INV003249,PO003249,2025-10-07,1069.53,paid,2025-10-25
INV003250,PO003250,2024-09-26,4402.32,pending,
INV003251,PO003251,2025-08-03,14447.65,paid,2025-09-09
INV003252,PO003252,2026-08-30,5785.85,paid,2026-09-21
INV003253,PO003253,2025-11-16,167518.89,paid,2025-12-27
INV003254,PO003254,2024-10-29,938962.5,paid,2024-12-06
INV003255,PO003255,2025-05-15,311444.98,pending,
INV003256,PO003256,2024-10-16,55965.84,paid,2024-11-09
INV003257,PO003257,2025-06-01,355988.64,overdue,
INV003258,PO003258,2026-07-24,632.94,paid,2026-08-06
INV003259,PO003259,2026-03-10,1195228.06,pending,
INV003260,PO003260,2025-06-13,7919.32,paid,2025-07-16
INV003261,PO003261,2025-12-24,31560.98,pending,
INV003262,PO003262,2025-12-23,846.68,paid,2026-01-22
INV003263,PO003263,2025-10-13,665.84,paid,2025-11-11
INV003264,PO003264,2026-08-30,36148.77,paid,2026-10-03
INV003265,PO003265,2025-11-18,10287.86,paid,2025-12-01
INV003266,PO003266,2025-12-08,1769.55,overdue,
INV003267,PO003267,2025-05-13,376.53,paid,2025-06-08
INV003268,PO003268,2024-10-02,15146.43,paid,2024-11-12
INV003269,PO003269,2025-08-05,591.6,pending,
INV003270,PO003270,2026-05-15,65457.72,paid,2026-05-20
INV003271,PO003271,2025-11-24,351.12,paid,2025-12-12
INV003272,PO003272,2024-10-02,1132.8,pending,
INV003273,PO003273,2025-08-16,866772.06,pending,
INV003274,PO003274,2024-10-21,65333.95,overdue,
INV003275,PO003275,2025-06-30,636.8,paid,2025-08-11
INV003276,PO003276,2025-02-23,77895.7,pending,
INV003277,PO003277,2026-04-18,755.37,paid,2026-05-02
INV003278,PO003278,2026-06-24,37819.2,pending,
INV003279,PO003279,2025-11-19,49603.77,paid,2025-12-21
INV003281,PO003281,2025-12-16,155218.44,paid,2025-12-25
INV003282,PO003282,2026-02-26,905.24,paid,2026-04-11
INV003283,PO003283,2025-04-22,17144.96,paid,2025-06-04
INV003284,PO003284,2025-08-21,448516.64,paid,2025-09-09
INV003286,PO003286,2024-11-10,1488678.91,paid,2024-12-12
INV003288,PO003288,2025-06-14,488.52,paid,2025-07-21
INV003289,PO003289,2024-10-14,41192.55,paid,2024-11-25
INV003291,PO003291,2025-02-18,64970.74,pending,
INV003292,PO003292,2025-03-06,2297.49,paid,2025-04-10
INV003293,PO003293,2025-04-12,54969.25,paid,2025-04-24
INV003294,PO003294,2025-10-05,1916855.46,paid,2025-11-13
INV003296,PO003296,2025-03-04,6229.32,paid,2025-04-06
INV003297,PO003297,2026-02-22,4464.04,paid,2026-03-02
INV003298,PO003298,2025-08-11,48827.22,paid,2025-08-26
INV003299,PO003299,2026-08-07,316716.46,paid,2026-09-18
INV003300,PO003300,2025-12-31,1873.2,paid,2026-01-05
INV003301,PO003301,2025-07-03,2983316.0,paid,2025-08-13
INV003302,PO003302,2025-11-02,1490.0,paid,2025-11-24
INV003303,PO003303,2024-10-05,588395.24,paid,2024-10-16
INV003304,PO003304,2026-07-24,1097528.13,paid,2026-08-18
INV003305,PO003305,2025-10-25,1317.9,paid,2025-11-27
INV003306,PO003306,2026-05-01,216512.22,overdue,
INV003307,PO003307,2025-03-09,6112605.72,paid,2025-04-07
INV003308,PO003308,2026-07-25,452887.65,pending,
INV003309,PO003309,2025-05-20,4322.43,paid,2025-06-18
INV003310,PO003310,2024-10-06,3227191.89,paid,2024-11-16
INV003311,PO003311,2025-01-14,42688.32,paid,2025-02-25
INV003313,PO003313,2026-01-26,138658.24,overdue,
INV003314,PO003314,2025-01-27,138215.1,pending,
INV003315,PO003315,2026-08-20,38312.94,paid,2026-09-07
INV003316,PO003316,2026-05-28,309123.86,pending,
INV003317,PO003317,2025-08-18,691738.59,pending,
INV003318,PO003318,2024-10-17,23814.81,overdue,
INV003319,PO003319,2025-01-03,394.4,paid,2025-01-24
INV003320,PO003320,2024-10-08,1965.6,paid,2024-11-06
INV003321,PO003321,2025-11-09,118360.98,paid,2025-12-08
INV003322,PO003322,2025-11-25,272655.76,paid,2025-12-23
INV003323,PO003323,2026-01-09,384513.25,paid,2026-01-22
INV003324,PO003324,2024-12-16,142907.38,paid,2025-01-08
INV003325,PO003325,2026-05-01,7072.2,paid,2026-05-24
INV003326,PO003326,2025-10-14,2872.71,paid,2025-10-23
INV003327,PO003327,2025-08-09,129082.68,paid,2025-09-02
INV003328,PO003328,2024-10-26,6425.64,paid,2024-11-15
INV003329,PO003329,2026-01-10,1071.84,paid,2026-01-15
INV003330,PO003330,2026-08-27,13084.12,paid,2026-09-21
INV003331,PO003331,2025-01-05,644.78,paid,2025-01-20
INV003332,PO003332,2025-06-15,20808.95,paid,2025-06-28
INV003333,PO003333,2025-01-07,647769.06,paid,2025-02-09
INV003334,PO003334,2025-06-20,19939.68,paid,2025-07-19
INV003335,PO003335,2024-10-15,10007.08,paid,2024-10-27
INV003336,PO003336,2025-10-01,321.18,paid,2025-11-13
INV003337,PO003337,2026-01-17,29757.0,paid,2026-02-04
INV003338,PO003338,2025-06-24,94691.08,paid,2025-07-15
INV003339,PO003339,2026-04-29,428823.45,paid,2026-06-01
INV003340,PO003340,2025-08-07,1913.16,paid,2025-09-04
INV003341,PO003341,2025-03-14,15559.74,paid,2025-04-24
INV003342,PO003342,2025-12-09,46650.38,paid,2026-01-22
INV003344,PO003344,2024-12-04,50510.42,paid,2025-01-12
INV003345,PO003345,2025-05-31,1083.39,paid,2025-06-29
INV003346,PO003346,2025-12-07,27778.0,pending,
INV003347,PO003347,2025-08-09,55227.81,pending,
INV003348,PO003348,2026-06-17,390.39,overdue,
INV003349,PO003349,2025-06-13,19894.08,paid,2025-07-03
INV003350,PO003350,2024-09-16,233918.02,paid,2024-10-04
INV003351,PO003351,2024-11-23,111989.3,paid,2024-12-30
INV003352,PO003352,2025-06-14,325320.12,paid,2025-07-04
INV003353,PO003353,2025-04-23,1515.24,paid,2025-05-31
INV003354,PO003354,2024-09-30,487198.08,paid,2024-11-02
INV003355,PO003355,2025-05-13,8025.5,paid,2025-05-18
INV003356,PO003356,2026-01-14,1643.0,paid,2026-01-24
INV003358,PO003358,2024-12-26,685694.96,pending,
INV003359,PO003359,2025-05-21,1004554.56,paid,2025-07-04
INV003360,PO003360,2026-04-12,9642.27,overdue,
INV003361,PO003361,2026-04-22,187646.48,paid,2026-05-08
INV003362,PO003362,2025-10-08,21684.3,paid,2025-11-06
INV003363,PO003363,2025-12-03,121108.64,paid,2025-12-20
INV003364,PO003364,2025-06-01,71.61,paid,2025-06-27
INV003365,PO003365,2025-04-06,313796.0,paid,2025-04-13
INV003366,PO003366,2024-10-09,2447515.2,pending,
INV003367,PO003367,2025-01-13,27985.0,paid,2025-02-13
INV003368,PO003368,2025-09-12,2353.72,paid,2025-09-27
INV003369,PO003369,2024-10-09,40374.15,paid,2024-10-20
INV003370,PO003370,2025-10-25,248360.42,paid,2025-11-03
INV003371,PO003371,2025-03-05,83354.32,paid,2025-04-10
INV003372,PO003372,2025-10-12,13534.56,paid,2025-11-19
INV003373,PO003373,2025-02-06,903593.4,paid,2025-03-02
INV003374,PO003374,2025-05-22,4713.9,paid,2025-06-29
INV003375,PO003375,2025-11-11,174530.44,paid,2025-12-06
INV003376,PO003376,2025-07-31,1129.59,pending,
INV003377,PO003377,2025-05-06,164161.62,paid,2025-06-04
INV003378,PO003378,2026-01-15,187.11,paid,2026-01-29
INV003379,PO003379,2026-03-10,1816.1,paid,2026-03-24
INV003380,PO003380,2025-10-20,411876.66,paid,2025-11-23
INV003381,PO003381,2026-01-22,50838.47,paid,2026-01-27
INV003382,PO003382,2025-09-26,91611.0,paid,2025-11-03
INV003383,PO003383,2025-11-11,126185.12,paid,2025-11-16
INV003384,PO003384,2024-09-19,11710.02,overdue,
INV003385,PO003385,2025-06-06,1143.59,pending,
INV003386,PO003386,2026-03-18,872243.82,pending,
INV003387,PO003387,2025-03-01,1496553.5,paid,2025-03-16
INV003388,PO003388,2025-07-02,420160.04,paid,2025-07-20
INV003389,PO003389,2025-01-19,595113.38,paid,2025-02-23
INV003392,PO003392,2025-07-02,83681.52,paid,2025-07-20
INV003393,PO003393,2025-08-27,145532.94,paid,2025-09-28
INV003394,PO003394,2026-03-26,313605.12,overdue,
INV003395,PO003395,2025-05-28,1725.33,paid,2025-06-23
INV003396,PO003396,2026-03-08,5719.0,paid,2026-03-18
INV003397,PO003397,2026-04-17,20720.95,paid,2026-05-02
INV003398,PO003398,2025-08-11,120538.32,paid,2025-08-28
INV003399,PO003399,2024-12-13,869769.0,paid,2025-01-22
INV003400,PO003400,2025-07-18,115471.44,paid,2025-08-09
INV003401,PO003401,2026-06-18,24994.42,paid,2026-07-17
INV003402,PO003402,2025-01-11,130421.19,paid,2025-01-23
INV003403,PO003403,2025-06-03,261306.31,paid,2025-07-10
INV003404,PO003404,2025-08-05,250514.1,pending,
INV003405,PO003405,2024-09-11,53454.98,paid,2024-09-26
INV003406,PO003406,2025-06-30,110211.9,paid,2025-08-05
INV003407,PO003407,2026-03-22,577269.28,pending,
INV003408,PO003408,2024-10-27,12265.41,paid,2024-12-05
INV003409,PO003409,2026-04-16,200464.6,pending,
INV003410,PO003410,2026-09-06,1145.76,paid,2026-09-26
INV003411,PO003411,2025-12-09,73889.28,pending,
INV003412,PO003412,2026-04-07,16514.54,overdue,
INV003413,PO003413,2026-05-30,1828.75,pending,
INV003414,PO003414,2025-06-16,92285.82,paid,2025-06-28
INV003415,PO003415,2025-10-16,22232.0,overdue,
INV003417,PO003417,2024-12-21,1081803.44,paid,2025-01-09
INV003418,PO003418,2025-08-18,14634.0,paid,2025-09-19
INV003420,PO003420,2026-03-06,17103.36,overdue,
INV003421,PO003421,2025-10-10,34036.6,paid,2025-10-26
INV003423,PO003423,2025-09-01,3786.72,paid,2025-09-16
INV003424,PO003424,2025-01-01,161913.0,pending,
INV003425,PO003425,2026-03-17,394096.95,pending,
INV003426,PO003426,2025-11-06,13222.07,pending,
INV003427,PO003427,2024-10-19,842.4,paid,2024-10-26
INV003428,PO003428,2024-09-29,279.63,pending,
INV003429,PO003429,2025-11-16,1621.96,overdue,
INV003430,PO003430,2025-02-22,25361.78,paid,2025-03-31
INV003431,PO003431,2026-08-30,13441.08,paid,2026-09-12
INV003432,PO003432,2025-05-29,820.05,paid,2025-06-15
INV003433,PO003433,2025-04-02,84070.8,paid,2025-05-02
INV003434,PO003434,2026-06-10,661982.83,paid,2026-06-28
INV003435,PO003435,2026-06-14,261120.72,paid,2026-06-22
INV003436,PO003436,2026-04-30,27410.01,overdue,
INV003437,PO003437,2025-11-17,9969.9,paid,2025-12-20
INV003438,PO003438,2024-10-05,131.67,paid,2024-10-25
INV003439,PO003439,2025-01-04,8992.67,paid,2025-01-10
INV003440,PO003440,2025-01-25,6863.51,pending,
INV003441,PO003441,2025-11-26,1351626.2,paid,2025-12-08
INV003442,PO003442,2025-04-21,485003.88,paid,2025-04-28
INV003443,PO003443,2025-09-22,666840.84,pending,
INV003444,PO003444,2025-03-22,204037.98,paid,2025-04-06
INV003445,PO003445,2024-09-23,786.48,paid,2024-10-19
INV003446,PO003446,2026-04-02,28835.84,paid,2026-05-06
INV003447,PO003447,2026-07-01,26808.84,paid,2026-08-11
INV003448,PO003448,2026-06-11,212137.38,pending,
INV003449,PO003449,2026-06-30,629469.9,pending,
INV003450,PO003450,2025-10-06,28793.36,paid,2025-10-17
INV003451,PO003451,2025-07-11,173853.9,paid,2025-07-21
INV003452,PO003452,2026-03-26,8010.4,paid,2026-04-12
INV003453,PO003453,2026-08-01,11198.24,pending,
INV003454,PO003454,2024-11-13,410832.27,paid,2024-12-24
INV003455,PO003455,2024-10-31,143424.0,paid,2024-12-04
INV003456,PO003456,2025-12-31,17110.73,paid,2026-01-20
INV003457,PO003457,2026-02-19,2323.2,paid,2026-04-02
INV003458,PO003458,2025-02-08,307120.43,pending,
INV003459,PO003459,2025-05-15,39611.0,pending,
INV003461,PO003461,2024-09-14,18981.35,overdue,
INV003462,PO003462,2025-01-12,9084.51,paid,2025-02-06
INV003463,PO003463,2026-07-17,148908.76,pending,
INV003464,PO003464,2026-06-14,54471.15,pending,
INV003466,PO003466,2024-12-06,202060.11,paid,2025-01-04
INV003467,PO003467,2025-06-19,182933.19,paid,2025-06-25
INV003468,PO003468,2025-12-11,313695.16,pending,
INV003469,PO003469,2024-11-22,15043.46,paid,2024-12-22
INV003470,PO003470,2025-06-06,497742.12,paid,2025-07-16
INV003471,PO003471,2025-05-21,208.0,pending,
INV003472,PO003472,2026-05-15,345516.3,pending,
INV003473,PO003473,2026-04-12,226218.56,paid,2026-05-13
INV003475,PO003475,2025-10-07,645.75,paid,2025-11-15
INV003476,PO003476,2025-06-20,21182.02,paid,2025-07-02
INV003477,PO003477,2026-01-09,975906.21,pending,
INV003478,PO003478,2025-06-01,102726.04,paid,2025-06-09
INV003479,PO003479,2026-05-24,136697.85,paid,2026-05-31
INV003480,PO003480,2024-09-23,6344.9,paid,2024-10-06
INV003481,PO003481,2025-07-06,20743.68,pending,
INV003482,PO003482,2025-09-01,18078.69,paid,2025-09-30
INV003483,PO003483,2025-12-01,1562.4,paid,2025-12-06
INV003484,PO003484,2026-02-15,23101.32,paid,2026-03-22
INV003485,PO003485,2026-07-16,1328780.34,paid,2026-08-14
INV003486,PO003486,2025-03-04,341.22,paid,2025-03-27
INV003487,PO003487,2026-05-05,1159.48,pending,
INV003488,PO003488,2025-06-02,12832.05,pending,
INV003490,PO003490,2026-03-22,134029.28,paid,2026-04-30
INV003491,PO003491,2025-02-14,860892.76,paid,2025-02-24
INV003492,PO003492,2026-05-09,388608.0,paid,2026-06-09
INV003493,PO003493,2026-08-11,271262.4,paid,2026-08-19
INV003494,PO003494,2025-07-05,195339.05,paid,2025-07-25
INV003495,PO003495,2026-07-28,468.64,paid,2026-09-09
INV003496,PO003496,2026-08-13,181.12,pending,
INV003497,PO003497,2025-01-02,352525.0,pending,
INV003498,PO003498,2025-04-09,771127.48,overdue,
INV003499,PO003499,2026-02-22,77523.87,paid,2026-03-04
INV003500,PO003500,2024-11-13,55311.2,paid,2024-12-14
INV003501,PO003501,2025-08-30,6554.64,paid,2025-10-03
INV003502,PO003502,2025-03-07,161711.2,paid,2025-04-12
INV003503,PO003503,2026-04-12,78253.28,paid,2026-05-07
INV003504,PO003504,2025-12-16,105556.93,overdue,
INV003505,PO003505,2025-12-21,647611.2,paid,2026-01-03
INV003506,PO003506,2025-07-04,293205.37,paid,2025-08-06
INV003508,PO003508,2025-11-23,561.72,pending,
INV003509,PO003509,2025-05-17,987723.8,paid,2025-06-29
INV003510,PO003510,2024-12-31,99171.0,paid,2025-01-27
INV003511,PO003511,2026-05-31,132750.42,paid,2026-07-09
INV003512,PO003512,2025-02-08,281180.7,paid,2025-02-15
INV003513,PO003513,2026-05-30,310.46,paid,2026-06-22
INV003514,PO003514,2026-05-01,487.2,paid,2026-05-09
INV003515,PO003515,2025-06-22,914.76,paid,2025-07-12
INV003516,PO003516,2025-08-10,12953.15,paid,2025-09-18
INV003517,PO003517,2025-08-25,697.68,paid,2025-09-19
INV003518,PO003518,2024-12-24,564148.4,paid,2025-01-27
INV003519,PO003519,2026-06-28,521198.24,paid,2026-07-25
INV003520,PO003520,2026-03-12,69.9,overdue,
INV003521,PO003521,2025-10-07,231255.84,paid,2025-11-13
INV003522,PO003522,2024-11-05,5201.28,paid,2024-11-11
INV003523,PO003523,2025-08-13,3127.2,paid,2025-09-26
INV003524,PO003524,2025-08-25,1966.96,pending,
INV003525,PO003525,2024-12-30,615606.0,paid,2025-01-29
INV003526,PO003526,2025-05-28,214341.6,pending,
INV003527,PO003527,2025-07-09,133705.0,overdue,
INV003528,PO003528,2026-01-10,498.6,overdue,
INV003529,PO003529,2025-08-15,128467.8,paid,2025-09-07
INV003530,PO003530,2026-08-06,117809.12,paid,2026-09-06
INV003531,PO003531,2025-02-21,1987.7,pending,
INV003532,PO003532,2024-11-02,2560.95,paid,2024-12-01
INV003533,PO003533,2026-05-20,1184.72,paid,2026-06-08
INV003534,PO003534,2026-05-18,300797.79,overdue,
INV003535,PO003535,2025-12-04,751230.08,pending,
INV003536,PO003536,2025-10-28,66258.12,paid,2025-12-04
INV003537,PO003537,2024-11-19,6040.0,paid,2024-12-24
INV003538,PO003538,2025-09-30,245639.68,pending,
INV003539,PO003539,2026-05-01,9606.96,paid,2026-05-10
INV003540,PO003540,2026-01-31,67104.88,paid,2026-03-13
INV003541,PO003541,2026-01-28,1401363.44,pending,
INV003542,PO003542,2024-12-09,123683.34,pending,
INV003543,PO003543,2026-07-27,464.92,paid,2026-08-31
INV003544,PO003544,2025-11-01,6628.23,paid,2025-11-23
INV003546,PO003546,2026-09-04,21116.16,paid,2026-09-26
INV003548,PO003548,2026-09-12,38474.41,paid,2026-10-14
INV003549,PO003549,2026-04-25,6286.8,overdue,
INV003550,PO003550,2026-08-14,620.4,paid,2026-09-22
INV003551,PO003551,2025-06-24,544.32,overdue,
INV003552,PO003552,2024-10-20,6419.6,paid,2024-12-02
INV003553,PO003553,2025-05-18,49246.96,paid,2025-06-21
INV003554,PO003554,2026-06-17,1709.8,paid,2026-07-25
INV003555,PO003555,2024-10-24,1914.99,overdue,
INV003556,PO003556,2026-03-16,6496.0,paid,2026-04-04
INV003557,PO003557,2026-05-09,319953.47,paid,2026-05-28
INV003558,PO003558,2024-10-24,3759.5,overdue,
INV003559,PO003559,2026-03-10,761.12,paid,2026-03-24
INV003560,PO003560,2025-01-09,352426.71,paid,2025-01-15
INV003561,PO003561,2025-09-06,247419.9,paid,2025-09-18
INV003562,PO003562,2026-01-29,521761.23,paid,2026-03-14
INV003563,PO003563,2025-02-10,41068.5,pending,
INV003564,PO003564,2025-10-24,1382605.2,pending,
INV003565,PO003565,2024-10-07,20731.68,pending,
INV003566,PO003566,2025-12-10,24755.4,pending,
INV003567,PO003567,2025-07-30,991968.77,paid,2025-09-02
INV003568,PO003568,2025-09-07,20405.56,pending,
INV003570,PO003570,2024-11-11,2039.04,paid,2024-12-23
INV003571,PO003571,2025-07-09,85964.94,paid,2025-07-24
INV003572,PO003572,2025-01-06,1584.66,paid,2025-01-23
INV003573,PO003573,2026-02-20,133302.78,paid,2026-03-19
INV003574,PO003574,2026-03-13,91761.56,pending,
INV003575,PO003575,2025-11-01,94025.2,paid,2025-12-06
INV003576,PO003576,2026-05-20,10582.39,paid,2026-06-10
INV003577,PO003577,2025-03-25,2107.98,paid,2025-05-01
INV003578,PO003578,2026-03-11,989198.15,paid,2026-04-03
INV003579,PO003579,2025-12-18,1572800.54,pending,
INV003580,PO003580,2025-08-07,1818331.1,paid,2025-08-18
INV003581,PO003581,2025-10-23,27149.85,overdue,
INV003582,PO003582,2025-08-27,1139.28,paid,2025-09-04
INV003583,PO003583,2025-06-17,640161.95,pending,
INV003584,PO003584,2024-10-20,4307.94,overdue,
INV003585,PO003585,2026-05-29,194920.29,paid,2026-06-23
INV003586,PO003586,2024-10-16,1539.96,pending,
INV003587,PO003587,2025-07-28,68281.05,overdue,
INV003588,PO003588,2025-10-24,698065.44,pending,
INV003589,PO003589,2024-10-22,2811.24,overdue,
INV003591,PO003591,2025-07-19,172719.6,paid,2025-08-15
INV003592,PO003592,2026-03-23,4810.32,paid,2026-04-21
INV003593,PO003593,2025-09-22,147780.68,pending,
INV003594,PO003594,2026-06-29,416710.56,paid,2026-07-14
INV003595,PO003595,2025-10-04,136529.12,paid,2025-10-29
INV003596,PO003596,2025-01-30,29215.55,overdue,
INV003597,PO003597,2026-03-13,34822.14,paid,2026-04-21
INV003598,PO003598,2025-03-30,538.24,paid,2025-04-09
INV003599,PO003599,2024-11-28,15585.72,pending,
INV003600,PO003600,2024-09-09,1001.22,paid,2024-09-16
INV003601,PO003601,2025-04-22,236.67,pending,
INV003602,PO003602,2026-09-15,410230.1,paid,2026-10-07
INV003603,PO003603,2026-02-16,1472.72,pending,
INV003604,PO003604,2024-12-26,353.91,paid,2025-01-10
INV003605,PO003605,2025-03-26,443.93,paid,2025-05-04
INV003606,PO003606,2025-11-11,34968.25,paid,2025-12-14
INV003607,PO003607,2026-06-02,1902.99,paid,2026-07-02
INV003608,PO003608,2025-12-28,9366.24,paid,2026-01-14
INV003610,PO003610,2026-06-27,16313.22,overdue,
INV003611,PO003611,2025-05-18,1940.4,paid,2025-05-26
INV003613,PO003613,2025-05-24,2595.58,pending,
INV003614,PO003614,2026-06-26,72139.55,paid,2026-07-14
INV003615,PO003615,2025-01-23,5120.61,paid,2025-02-10
INV003616,PO003616,2026-02-12,710720.7,paid,2026-03-08
INV003617,PO003617,2026-09-02,7433.73,paid,2026-09-07
INV003618,PO003618,2025-03-30,822.25,overdue,
INV003619,PO003619,2025-05-29,698479.0,paid,2025-06-17
INV003620,PO003620,2024-09-23,29536.0,paid,2024-10-12
INV003621,PO003621,2026-03-29,18570.24,paid,2026-04-05
INV003622,PO003622,2025-05-02,872233.97,paid,2025-05-14
INV003623,PO003623,2026-06-07,7918.0,pending,
INV003624,PO003624,2026-07-17,845.38,paid,2026-07-25
INV003626,PO003626,2026-02-15,587315.82,paid,2026-03-30
INV003627,PO003627,2026-07-18,103768.17,paid,2026-07-26
INV003629,PO003629,2026-06-07,30814.0,paid,2026-07-06
INV003630,PO003630,2025-06-19,29306.47,paid,2025-07-15
INV003631,PO003631,2026-07-14,81330.54,pending,
INV003632,PO003632,2026-04-16,21515.68,pending,
INV003633,PO003633,2026-01-03,85.56,overdue,
INV003634,PO003634,2024-11-26,462595.25,paid,2024-12-02
INV003635,PO003635,2024-09-28,78413.28,paid,2024-10-29
INV003637,PO003637,2024-12-06,63196.0,paid,2024-12-31
INV003638,PO003638,2025-02-10,124221.39,paid,2025-03-24
INV003639,PO003639,2025-05-19,1645.65,paid,2025-06-28
INV003640,PO003640,2026-03-26,2146.71,paid,2026-04-23
INV003641,PO003641,2025-10-24,26109.23,paid,2025-11-22
INV003642,PO003642,2025-03-13,2736.24,paid,2025-04-06
INV003643,PO003643,2025-02-09,1232.16,overdue,
INV003644,PO003644,2026-05-01,857603.1,overdue,
INV003645,PO003645,2025-09-01,643.08,pending,
INV003646,PO003646,2025-11-23,173934.74,paid,2025-11-30
INV003647,PO003647,2026-01-28,591277.37,paid,2026-02-28
INV003648,PO003648,2024-11-04,1133660.08,paid,2024-12-13
INV003649,PO003649,2026-07-11,5624.02,pending,
INV003650,PO003650,2024-09-17,53146.8,paid,2024-10-02
INV003651,PO003651,2026-07-05,1377.64,paid,2026-08-06
INV003653,PO003653,2026-01-11,307164.62,paid,2026-02-18
INV003654,PO003654,2026-09-03,2782.02,paid,2026-09-09
INV003655,PO003655,2026-04-01,14787.56,paid,2026-05-12
INV003656,PO003656,2025-01-18,72872.88,paid,2025-02-02
INV003657,PO003657,2024-10-04,14663.04,pending,
INV003658,PO003658,2025-01-01,46311.83,paid,2025-01-21
INV003659,PO003659,2024-10-25,6819.12,paid,2024-12-02
INV003660,PO003660,2025-05-08,72862.44,paid,2025-06-17
INV003661,PO003661,2026-04-07,3076.65,paid,2026-04-19
INV003662,PO003662,2026-03-17,48755.62,pending,
INV003663,PO003663,2026-01-15,255329.49,paid,2026-02-06
INV003664,PO003664,2025-05-04,23922.92,paid,2025-06-13
INV003665,PO003665,2025-03-30,1829.25,pending,
INV003666,PO003666,2026-05-16,21359.52,paid,2026-06-17
INV003667,PO003667,2024-10-16,50828.4,overdue,
INV003668,PO003668,2025-05-09,266160.7,paid,2025-05-14
INV003669,PO003669,2026-08-23,177.6,paid,2026-09-15
INV003671,PO003671,2025-11-29,792.96,paid,2025-12-10
INV003672,PO003672,2025-09-19,187704.0,paid,2025-10-21
INV003673,PO003673,2026-04-09,1383.36,paid,2026-05-04
INV003674,PO003674,2026-09-07,529.98,overdue,
INV003676,PO003676,2026-05-20,116497.35,paid,2026-06-07
INV003678,PO003678,2025-05-12,131348.7,overdue,
INV003679,PO003679,2026-02-06,110.88,paid,2026-03-05
INV003680,PO003680,2025-05-04,4196.5,paid,2025-05-13
INV003682,PO003682,2025-10-23,5175.84,pending,
INV003683,PO003683,2025-01-14,8265.6,pending,
INV003686,PO003686,2026-08-27,13650.82,paid,2026-09-07
INV003687,PO003687,2025-05-10,876503.68,pending,
INV003688,PO003688,2026-05-29,54797.26,pending,
INV003689,PO003689,2025-07-01,108391.41,paid,2025-08-05
INV003690,PO003690,2025-03-09,10263.24,paid,2025-04-19
INV003691,PO003691,2025-02-11,446279.41,paid,2025-02-26
INV003692,PO003692,2025-03-14,746.81,overdue,
INV003693,PO003693,2026-05-08,155249.64,paid,2026-05-23
INV003694,PO003694,2026-07-22,55136.25,pending,
INV003695,PO003695,2026-08-09,18067.5,paid,2026-09-03
INV003696,PO003696,2024-09-29,485025.14,paid,2024-11-03
INV003697,PO003697,2026-03-14,1116.36,paid,2026-04-18
INV003698,PO003698,2026-05-16,4966.5,paid,2026-06-06
INV003699,PO003699,2024-12-16,197758.72,paid,2025-01-16
INV003700,PO003700,2025-03-17,11600.16,paid,2025-04-05
INV003701,PO003701,2025-02-07,183546.72,paid,2025-02-19
INV003702,PO003702,2025-06-23,2428.22,paid,2025-07-23
INV003703,PO003703,2025-05-28,111993.56,paid,2025-06-03
INV003705,PO003705,2026-06-16,897325.73,pending,
INV003706,PO003706,2024-09-21,226373.94,paid,2024-10-28
INV003707,PO003707,2026-03-23,1704.0,pending,
INV003708,PO003708,2025-06-10,186068.98,paid,2025-07-04
INV003709,PO003709,2026-04-04,236426.5,paid,2026-04-10
INV003711,PO003711,2025-08-18,116124.47,paid,2025-09-10
INV003712,PO003712,2026-07-18,1198379.07,paid,2026-08-03
INV003713,PO003713,2024-11-03,188118.08,paid,2024-11-30
INV003714,PO003714,2025-03-21,10650.64,pending,
INV003715,PO003715,2024-12-04,1300.53,pending,
INV003716,PO003716,2025-04-13,2359.35,paid,2025-05-22
INV003717,PO003717,2025-10-13,448.11,paid,2025-11-17
INV003718,PO003718,2024-09-23,574.6,paid,2024-10-26
INV003719,PO003719,2025-08-17,879.12,paid,2025-09-09
INV003720,PO003720,2025-11-27,10934.7,paid,2026-01-07
INV003721,PO003721,2026-02-24,196841.7,overdue,
INV003722,PO003722,2026-04-26,24391.74,paid,2026-05-30
INV003723,PO003723,2026-08-01,11742.99,paid,2026-09-08
INV003724,PO003724,2025-01-24,14758.8,paid,2025-02-13
INV003725,PO003725,2025-10-25,6250.14,paid,2025-11-27
INV003727,PO003727,2025-08-10,16357.22,paid,2025-08-27
INV003728,PO003728,2024-09-20,1595.28,paid,2024-10-08
INV003729,PO003729,2024-12-18,57688.0,paid,2025-01-19
INV003730,PO003730,2026-07-14,89370.03,paid,2026-07-29
INV003732,PO003732,2026-04-14,132814.8,pending,
INV003733,PO003733,2026-01-14,340801.68,paid,2026-02-05
INV003734,PO003734,2024-10-20,1475.88,paid,2024-10-26
INV003735,PO003735,2025-09-06,3086.4,paid,2025-09-14
INV003736,PO003736,2024-10-28,12088.8,paid,2024-11-17
INV003737,PO003737,2024-12-16,14561.01,pending,
INV003738,PO003738,2024-11-19,297802.76,pending,
INV003739,PO003739,2025-09-19,246361.96,pending,
INV003740,PO003740,2025-10-12,23255.83,pending,
INV003742,PO003742,2026-04-03,1643.88,paid,2026-04-23
INV003743,PO003743,2025-11-07,46147.2,paid,2025-11-30
INV003744,PO003744,2025-07-26,27831.24,paid,2025-08-01
INV003745,PO003745,2025-07-21,176317.83,paid,2025-07-27
INV003746,PO003746,2026-06-07,284583.0,paid,2026-06-26
INV003747,PO003747,2025-03-03,7722.0,paid,2025-04-03
INV003748,PO003748,2026-02-07,363697.92,overdue,
INV003749,PO003749,2025-05-28,41957.3,paid,2025-07-04
INV003750,PO003750,2025-04-11,528.12,paid,2025-05-08
INV003751,PO003751,2024-10-29,228646.0,overdue,
INV003752,PO003752,2026-02-07,2513.54,paid,2026-02-19
INV003753,PO003753,2025-01-16,1908450.82,paid,2025-02-18
INV003754,PO003754,2026-04-04,19696.0,paid,2026-04-15
INV003755,PO003755,2026-03-30,1092280.64,paid,2026-05-09
INV003756,PO003756,2025-06-07,176928.88,pending,
INV003757,PO003757,2025-01-16,2489.76,paid,2025-01-25
INV003758,PO003758,2026-08-14,201.48,paid,2026-09-14
INV003759,PO003759,2026-04-17,215083.04,paid,2026-05-03
INV003760,PO003760,2025-12-27,30858.36,paid,2026-01-11
INV003761,PO003761,2025-05-17,880.4,paid,2025-06-14
INV003762,PO003762,2025-05-02,98789.35,paid,2025-05-15
INV003763,PO003763,2025-02-01,525210.96,paid,2025-03-10
INV003764,PO003764,2026-08-25,56793.94,paid,2026-09-01
INV003765,PO003765,2026-08-10,802414.74,pending,
INV003766,PO003766,2025-05-13,7392.66,pending,
INV003767,PO003767,2024-10-06,957.9,overdue,
INV003768,PO003768,2025-12-16,47475.9,paid,2026-01-21
INV003769,PO003769,2024-11-29,1007624.44,paid,2024-12-30
INV003770,PO003770,2025-06-19,12050.94,paid,2025-07-28
INV003771,PO003771,2025-08-18,1452432.96,paid,2025-10-01
INV003772,PO003772,2024-11-22,28213.1,paid,2024-12-13
INV003773,PO003773,2025-12-22,1787.5,paid,2025-12-29
INV003774,PO003774,2025-03-02,6455.92,overdue,
INV003775,PO003775,2025-12-09,111083.85,pending,
INV003776,PO003776,2025-11-21,1085250.15,pending,
INV003777,PO003777,2025-09-05,923.82,paid,2025-09-22
INV003778,PO003778,2025-07-21,217603.98,paid,2025-08-11
INV003779,PO003779,2025-10-28,344919.48,pending,
INV003780,PO003780,2025-11-01,377484.8,pending,
INV003781,PO003781,2025-05-18,4029.48,paid,2025-06-27
INV003782,PO003782,2025-12-28,555433.23,paid,2026-02-02
INV003783,PO003783,2026-08-03,260082.9,paid,2026-08-28
INV003784,PO003784,2025-05-14,1419991.3,paid,2025-06-22
INV003785,PO003785,2025-10-17,15701.18,pending,
INV003786,PO003786,2026-08-15,9847.58,paid,2026-09-09
INV003787,PO003787,2025-04-15,201878.6,paid,2025-05-26
INV003788,PO003788,2025-11-01,12648.96,paid,2025-11-25
INV003789,PO003789,2024-12-26,799651.71,paid,2025-01-20
INV003791,PO003791,2026-04-12,500.55,paid,2026-05-22
INV003792,PO003792,2024-12-09,27288.8,paid,2024-12-17
INV003793,PO003793,2024-12-08,312805.94,paid,2024-12-25
INV003794,PO003794,2026-08-17,46353.9,paid,2026-09-28
INV003795,PO003795,2025-03-31,1721203.52,pending,
INV003797,PO003797,2024-09-12,79381.32,overdue,
INV003798,PO003798,2025-03-25,1005.21,pending,
INV003799,PO003799,2025-06-23,254.88,paid,2025-07-02
INV003800,PO003800,2025-11-19,3232.74,paid,2025-12-02
INV003801,PO003801,2025-10-25,1361.04,paid,2025-11-27
INV003802,PO003802,2025-07-25,1562.64,paid,2025-07-31
INV003803,PO003803,2026-04-27,18446.94,pending,
INV003804,PO003804,2026-06-08,604830.6,paid,2026-07-18
INV003806,PO003806,2025-11-24,636374.58,overdue,
INV003807,PO003807,2026-06-28,8860.54,paid,2026-07-20
INV003808,PO003808,2026-03-02,2233.53,paid,2026-03-24
INV003809,PO003809,2026-08-21,713537.48,paid,2026-09-09
INV003810,PO003810,2025-11-04,58230.9,pending,
INV003811,PO003811,2025-01-14,25386.1,pending,
INV003812,PO003812,2025-01-01,95651.65,paid,2025-02-04
INV003814,PO003814,2026-01-07,883658.47,paid,2026-01-18
INV003815,PO003815,2025-10-13,174239.78,paid,2025-11-14
INV003816,PO003816,2025-04-04,150179.4,paid,2025-04-24
INV003817,PO003817,2025-03-03,49632.01,pending,
INV003818,PO003818,2026-07-29,114288.24,paid,2026-09-05
INV003819,PO003819,2024-11-14,62678.49,paid,2024-12-02
INV003820,PO003820,2024-09-25,1250.19,paid,2024-10-16
INV003821,PO003821,2026-03-15,885219.64,paid,2026-04-01
INV003822,PO003822,2024-12-15,483.6,paid,2025-01-12
INV003823,PO003823,2025-01-24,1793414.34,pending,
INV003824,PO003824,2025-02-23,30009.02,paid,2025-03-07
INV003825,PO003825,2026-08-08,213.85,paid,2026-08-24
INV003826,PO003826,2024-10-02,1646065.85,paid,2024-11-03
INV003827,PO003827,2026-01-09,390.78,paid,2026-02-08
INV003828,PO003828,2025-03-12,6649.5,pending,
INV003829,PO003829,2025-08-08,90008.74,overdue,
INV003830,PO003830,2026-07-31,10655.68,paid,2026-08-14
INV003831,PO003831,2025-04-25,251813.44,paid,2025-05-09
INV003832,PO003832,2024-11-11,1045.8,paid,2024-11-21
INV003833,PO003833,2025-06-09,468.12,paid,2025-07-17
INV003834,PO003834,2025-06-10,6875.25,paid,2025-07-03
INV003835,PO003835,2024-09-12,105632.54,overdue,
INV003836,PO003836,2026-06-04,9740.88,paid,2026-06-19
INV003837,PO003837,2024-12-18,8189.72,paid,2024-12-23
INV003838,PO003838,2024-12-17,44669.22,paid,2025-01-01
INV003839,PO003839,2026-04-13,373.65,paid,2026-05-08
INV003840,PO003840,2025-02-10,133199.0,pending,
INV003841,PO003841,2025-02-01,176064.54,paid,2025-02-10
INV003842,PO003842,2025-01-08,732892.16,pending,
INV003843,PO003843,2025-07-17,5156.32,paid,2025-08-28
INV003844,PO003844,2024-10-01,649559.28,pending,
INV003845,PO003845,2025-04-22,300.73,paid,2025-05-04
INV003846,PO003846,2025-02-16,1378.35,paid,2025-03-09
INV003847,PO003847,2025-09-23,345.1,overdue,
INV003848,PO003848,2024-10-14,926546.85,pending,
INV003849,PO003849,2026-03-20,1301.34,pending,
INV003850,PO003850,2024-10-16,813.12,overdue,
INV003851,PO003851,2025-09-19,77074.06,paid,2025-10-21
INV003852,PO003852,2026-01-07,291421.27,pending,
INV003853,PO003853,2025-05-25,673.38,overdue,
INV003854,PO003854,2025-12-11,5013.7,paid,2025-12-17
INV003855,PO003855,2026-05-19,107500.04,paid,2026-06-01
INV003856,PO003856,2025-04-19,589673.37,paid,2025-05-01
INV003857,PO003857,2025-08-30,113609.9,paid,2025-09-27
INV003858,PO003858,2026-02-25,6433.35,paid,2026-04-03
INV003859,PO003859,2025-03-08,3983091.76,paid,2025-03-23
INV003860,PO003860,2025-08-14,311392.55,paid,2025-09-07
INV003861,PO003861,2024-11-12,7008.7,paid,2024-12-13
INV003862,PO003862,2026-07-18,420.59,paid,2026-08-25
INV003863,PO003863,2026-05-03,2612050.08,pending,
INV003864,PO003864,2025-10-01,28957.58,paid,2025-11-04
INV003865,PO003865,2026-07-10,122053.4,overdue,
INV003866,PO003866,2025-11-24,665721.6,pending,
INV003867,PO003867,2026-05-10,195.51,paid,2026-05-27
INV003868,PO003868,2025-10-17,102814.24,paid,2025-11-23
INV003871,PO003871,2025-08-22,429.25,paid,2025-09-30
INV003873,PO003873,2025-03-18,757667.52,pending,
INV003874,PO003874,2026-08-12,403523.1,pending,
INV003875,PO003875,2024-10-03,467.65,paid,2024-11-08
INV003876,PO003876,2024-10-29,484343.09,paid,2024-11-20
INV003877,PO003877,2025-02-17,19341.41,paid,2025-03-25
INV003878,PO003878,2026-05-05,92397.36,pending,
INV003879,PO003879,2025-01-29,208008.09,paid,2025-02-24
INV003880,PO003880,2026-08-10,381.6,paid,2026-09-17
INV003881,PO003881,2026-05-14,70540.08,pending,
INV003882,PO003882,2025-03-29,180876.24,paid,2025-05-12
INV003883,PO003883,2024-11-20,1229.28,paid,2024-11-28
INV003885,PO003885,2024-12-06,1213.47,paid,2024-12-29
INV003886,PO003886,2026-07-03,1078380.0,paid,2026-08-06
INV003888,PO003888,2024-11-26,18267.68,paid,2024-12-01
INV003889,PO003889,2025-06-09,608125.0,paid,2025-07-09
INV003890,PO003890,2025-05-09,55241.01,paid,2025-06-13
INV003891,PO003891,2025-12-29,922766.8,paid,2026-01-19
INV003892,PO003892,2026-07-14,147.34,paid,2026-08-11
INV003893,PO003893,2025-02-21,1818.15,paid,2025-03-07
INV003894,PO003894,2025-04-03,189589.0,paid,2025-04-15
INV003895,PO003895,2025-05-21,2758.34,pending,
INV003896,PO003896,2025-11-23,4892.68,paid,2025-12-18
INV003897,PO003897,2025-11-11,634.68,paid,2025-11-20
INV003898,PO003898,2024-11-18,769.23,overdue,
INV003899,PO003899,2026-08-06,115493.86,paid,2026-09-04
INV003900,PO003900,2025-06-20,1547554.68,paid,2025-07-31
INV003901,PO003901,2025-07-13,147890.0,paid,2025-07-30
INV003902,PO003902,2026-07-25,3328.0,paid,2026-08-18
INV003903,PO003903,2025-09-15,180.18,paid,2025-10-14
INV003904,PO003904,2025-03-03,12585.76,paid,2025-03-11
INV003905,PO003905,2024-09-26,520.8,paid,2024-11-04
INV003906,PO003906,2025-10-24,844214.28,paid,2025-11-02
INV003907,PO003907,2024-09-29,64508.4,paid,2024-10-24
INV003908,PO003908,2025-07-26,1529842.56,paid,2025-09-06
INV003909,PO003909,2026-03-15,142.29,paid,2026-03-31
INV003910,PO003910,2025-08-24,544.8,paid,2025-09-20
INV003911,PO003911,2025-09-26,189275.63,paid,2025-11-03
INV003912,PO003912,2024-11-02,12450.13,paid,2024-11-16
INV003913,PO003913,2025-07-23,339.57,paid,2025-08-21
INV003914,PO003914,2025-07-22,3036.25,overdue,
INV003915,PO003915,2026-08-02,1466.24,paid,2026-09-03
INV003916,PO003916,2025-09-17,5322.87,pending,
INV003917,PO003917,2026-04-21,3913.91,paid,2026-05-17
INV003918,PO003918,2024-12-25,100995.76,paid,2025-01-03
INV003919,PO003919,2026-07-05,419268.46,paid,2026-07-17
INV003920,PO003920,2026-08-21,485691.37,paid,2026-09-02
INV003921,PO003921,2026-05-27,84222.72,paid,2026-06-14
INV003922,PO003922,2025-01-30,25654.05,paid,2025-02-08
INV003923,PO003923,2025-10-05,7186.37,paid,2025-10-21
INV003924,PO003924,2025-09-27,986952.0,paid,2025-10-02
INV003925,PO003925,2025-06-14,35443.53,paid,2025-07-18
INV003927,PO003927,2025-12-06,1311.96,overdue,
INV003928,PO003928,2025-09-02,953231.52,paid,2025-09-26
INV003929,PO003929,2026-03-28,2499.42,paid,2026-04-12
INV003930,PO003930,2026-04-01,979.5,paid,2026-05-06
INV003931,PO003931,2026-03-19,563773.44,paid,2026-04-29
INV003932,PO003932,2025-11-27,268712.16,paid,2025-12-07
INV003933,PO003933,2024-10-24,26089.56,overdue,
INV003934,PO003934,2025-01-28,24078.12,paid,2025-02-07
INV003935,PO003935,2025-10-05,22608.0,paid,2025-11-13
INV003937,PO003937,2024-11-05,46482.94,paid,2024-12-19
INV003938,PO003938,2025-08-19,508.97,paid,2025-09-07
INV003939,PO003939,2025-11-27,172128.44,paid,2025-12-05
INV003940,PO003940,2024-11-06,20783.03,paid,2024-12-02
INV003941,PO003941,2026-02-25,259293.72,paid,2026-03-28
INV003942,PO003942,2026-03-16,46790.52,pending,
INV003944,PO003944,2025-08-20,5173.22,paid,2025-09-12
INV003945,PO003945,2025-01-26,100695.54,paid,2025-02-10
INV003946,PO003946,2024-09-25,64383.55,paid,2024-10-14
INV003947,PO003947,2025-10-20,513.59,paid,2025-11-18
INV003948,PO003948,2026-07-27,14537.28,pending,
INV003949,PO003949,2025-10-15,671425.2,pending,
INV003950,PO003950,2024-11-30,269578.53,paid,2025-01-05
INV003951,PO003951,2026-04-05,266441.16,overdue,
INV003952,PO003952,2024-10-16,1114268.32,paid,2024-11-25
INV003953,PO003953,2025-12-14,550731.14,pending,
INV003954,PO003954,2026-08-26,400.76,pending,
INV003955,PO003955,2025-12-30,91733.28,pending,
INV003956,PO003956,2026-01-01,211174.56,paid,2026-01-20
INV003957,PO003957,2025-11-10,3432.66,paid,2025-12-02
INV003958,PO003958,2025-01-07,19155.56,overdue,
INV003959,PO003959,2026-04-26,187043.15,pending,
INV003960,PO003960,2026-08-05,1878024.69,paid,2026-08-12
INV003961,PO003961,2026-01-13,447300.88,paid,2026-02-21
INV003962,PO003962,2026-02-13,203684.52,paid,2026-02-27
INV003963,PO003963,2024-09-14,1245.6,paid,2024-10-24
INV003964,PO003964,2026-07-09,12311.2,pending,
INV003965,PO003965,2026-02-23,5614.76,pending,
INV003966,PO003966,2025-10-31,980.22,pending,
INV003967,PO003967,2026-06-04,518674.08,overdue,
INV003969,PO003969,2026-02-24,1029.92,paid,2026-03-28
INV003971,PO003971,2024-09-12,27289.61,paid,2024-10-24
INV003972,PO003972,2025-10-10,137153.28,paid,2025-11-02
INV003973,PO003973,2026-03-03,26273.7,paid,2026-03-09
INV003974,PO003974,2025-05-27,1260.92,paid,2025-06-08
INV003975,PO003975,2025-11-18,33675.6,paid,2025-11-30
INV003977,PO003977,2026-07-31,40282.18,paid,2026-08-16
INV003978,PO003978,2025-01-10,205095.6,paid,2025-02-01
INV003979,PO003979,2026-07-03,206326.62,paid,2026-08-06
INV003980,PO003980,2025-01-01,1673.28,overdue,
INV003981,PO003981,2026-04-04,37633.34,paid,2026-05-03
INV003982,PO003982,2025-10-23,73221.42,paid,2025-11-27
INV003983,PO003983,2025-09-21,136582.25,pending,
INV003984,PO003984,2025-08-05,124130.1,paid,2025-09-08
INV003985,PO003985,2025-10-22,394519.68,pending,
INV003986,PO003986,2024-12-19,129006.24,paid,2025-01-09
INV003987,PO003987,2025-10-18,598648.48,pending,
INV003988,PO003988,2024-09-27,12004.84,overdue,
INV003989,PO003989,2024-11-22,787.27,paid,2024-12-16
INV003990,PO003990,2025-09-01,435.0,paid,2025-10-14
INV003991,PO003991,2025-07-24,1474.65,paid,2025-08-22
INV003992,PO003992,2024-11-11,191501.73,paid,2024-12-21
INV003993,PO003993,2025-08-18,100781.4,pending,
INV003995,PO003995,2026-03-03,539780.8,pending,
INV003996,PO003996,2026-08-16,352822.7,paid,2026-09-19
INV003997,PO003997,2026-03-09,3361.28,paid,2026-04-09
INV003998,PO003998,2025-03-15,342.7,pending,
INV003999,PO003999,2026-03-01,351.12,paid,2026-04-09
INV004000,PO004000,2025-05-19,536803.2,pending,
INV004001,PO004001,2025-06-04,123567.33,paid,2025-06-22
INV004002,PO004002,2025-03-04,602118.41,paid,2025-04-04
INV004003,PO004003,2025-10-06,105.16,paid,2025-10-23
INV004004,PO004004,2025-01-05,94572.48,overdue,
INV004005,PO004005,2026-03-14,2211606.37,pending,
INV004006,PO004006,2026-06-06,126778.02,pending,
INV004007,PO004007,2026-07-16,366.66,paid,2026-07-26
INV004008,PO004008,2026-02-16,114.38,paid,2026-03-22
INV004009,PO004009,2026-01-06,167583.06,overdue,
INV004010,PO004010,2025-10-09,177.1,paid,2025-11-01
INV004011,PO004011,2026-03-06,70244.3,paid,2026-03-13
INV004012,PO004012,2024-10-09,99452.57,paid,2024-11-02
INV004013,PO004013,2025-02-25,914.09,pending,
INV004014,PO004014,2026-04-16,729587.2,pending,
INV004015,PO004015,2026-04-29,176360.1,paid,2026-05-28
INV004016,PO004016,2024-10-08,1210.49,paid,2024-11-11
INV004017,PO004017,2026-04-01,1066.4,paid,2026-05-04
INV004018,PO004018,2026-03-19,6574.4,paid,2026-04-19
INV004019,PO004019,2025-06-07,11468.94,pending,
INV004020,PO004020,2024-11-02,1560987.48,pending,
INV004021,PO004021,2024-10-04,69896.21,pending,
INV004022,PO004022,2024-10-20,29132.84,paid,2024-10-30
INV004023,PO004023,2026-09-06,51541.38,paid,2026-10-09
INV004024,PO004024,2025-07-28,3149.74,paid,2025-08-11
INV004025,PO004025,2025-02-19,3066.18,paid,2025-03-09
INV004026,PO004026,2026-07-21,209530.2,paid,2026-08-24
INV004027,PO004027,2026-03-15,57802.91,paid,2026-04-13
INV004028,PO004028,2025-07-27,437695.6,paid,2025-08-30
INV004029,PO004029,2026-05-20,841.38,paid,2026-07-02
INV004030,PO004030,2026-09-10,31459.48,paid,2026-10-16
INV004031,PO004031,2026-01-10,6715.53,paid,2026-02-13
INV004033,PO004033,2026-06-06,127967.84,paid,2026-07-03
INV004034,PO004034,2025-06-22,49953.28,paid,2025-07-10
INV004035,PO004035,2025-09-18,1119191.26,pending,
INV004036,PO004036,2025-08-23,1024267.5,paid,2025-09-18
INV004037,PO004037,2026-05-15,309575.68,paid,2026-06-26
INV004039,PO004039,2025-08-03,114317.19,paid,2025-08-28
INV004040,PO004040,2025-11-12,73034.39,paid,2025-11-18
INV004041,PO004041,2024-12-20,4803735.42,paid,2025-01-27
INV004043,PO004043,2024-10-24,181066.29,paid,2024-11-12
INV004044,PO004044,2026-04-10,510.27,pending,
INV004045,PO004045,2025-07-19,470.4,paid,2025-08-31
INV004046,PO004046,2026-08-06,104709.8,paid,2026-09-07
INV004047,PO004047,2025-04-27,148947.0,paid,2025-05-10
INV004048,PO004048,2024-09-22,1726.34,paid,2024-10-28
INV004049,PO004049,2024-12-31,592762.03,paid,2025-01-23
INV004050,PO004050,2026-04-05,90177.23,overdue,
INV004051,PO004051,2025-01-06,139444.2,pending,
INV004052,PO004052,2025-09-12,33644.24,pending,
INV004053,PO004053,2024-11-18,120.12,paid,2024-12-02
INV004054,PO004054,2025-08-03,4560.12,paid,2025-09-08
INV004055,PO004055,2026-03-29,926.25,paid,2026-04-28
INV004056,PO004056,2025-06-07,9578.58,paid,2025-07-05
INV004057,PO004057,2025-05-09,2166.72,paid,2025-06-11
INV004059,PO004059,2025-10-25,1884.75,paid,2025-11-11
INV004060,PO004060,2025-12-09,118135.88,paid,2025-12-25
INV004061,PO004061,2025-07-26,88567.02,paid,2025-09-07
INV004062,PO004062,2026-07-16,16984.29,pending,
INV004063,PO004063,2026-01-09,10983.92,paid,2026-02-14
INV004065,PO004065,2026-01-02,18857.6,paid,2026-02-08
INV004066,PO004066,2026-08-17,2343.66,paid,2026-09-12
INV004067,PO004067,2025-11-18,284025.3,pending,
INV004068,PO004068,2024-12-09,17657.01,paid,2025-01-18
INV004069,PO004069,2026-01-03,370.52,paid,2026-02-02
INV004070,PO004070,2026-02-19,745161.84,paid,2026-03-05
INV004071,PO004071,2025-02-18,12735.1,pending,
INV004072,PO004072,2024-10-16,78536.68,paid,2024-11-28
INV004073,PO004073,2024-12-31,407424.6,paid,2025-02-09
INV004074,PO004074,2025-09-27,1638.36,paid,2025-10-08
INV004076,PO004076,2026-03-05,13208.8,paid,2026-03-21
INV004077,PO004077,2024-12-15,248997.55,pending,
INV004078,PO004078,2024-09-30,230545.74,paid,2024-11-13
INV004079,PO004079,2026-03-08,406058.08,paid,2026-04-20
INV004080,PO004080,2024-10-31,2022.85,pending,
INV004081,PO004081,2026-08-18,104919.32,pending,
INV004082,PO004082,2024-11-20,869773.6,paid,2024-12-09
INV004083,PO004083,2024-12-17,571746.4,overdue,
INV004084,PO004084,2025-06-02,291.72,paid,2025-07-03
INV004085,PO004085,2025-01-25,58234.41,paid,2025-03-06
INV004086,PO004086,2025-03-19,54652.14,paid,2025-04-29
INV004087,PO004087,2025-11-13,381.51,paid,2025-11-18
INV004088,PO004088,2024-09-24,1897.83,pending,
INV004089,PO004089,2025-04-05,1709.93,paid,2025-04-25
INV004092,PO004092,2025-01-26,68.64,paid,2025-02-22
INV004093,PO004093,2025-10-13,36975.64,paid,2025-11-14
INV004094,PO004094,2024-10-28,71295.6,paid,2024-11-03
INV004095,PO004095,2026-06-23,26332.05,pending,
INV004096,PO004096,2026-07-28,277100.46,paid,2026-09-05
INV004097,PO004097,2025-12-26,39054.88,paid,2026-01-11
INV004098,PO004098,2025-11-23,304.2,paid,2025-12-08
INV004099,PO004099,2024-10-03,744.69,paid,2024-11-10
INV004101,PO004101,2025-07-18,1092.6,paid,2025-07-30
INV004102,PO004102,2025-02-12,65952.0,paid,2025-03-02
INV004103,PO004103,2026-04-16,595.98,paid,2026-05-28
INV004104,PO004104,2025-05-04,5105.1,paid,2025-05-18
INV004106,PO004106,2025-09-28,93666.24,paid,2025-10-16
INV004107,PO004107,2026-08-01,58480.38,paid,2026-08-17
INV004108,PO004108,2024-12-03,988025.9,paid,2025-01-13
INV004109,PO004109,2026-01-18,4581.82,paid,2026-01-28
INV004110,PO004110,2025-06-04,600.6,paid,2025-07-13
INV004111,PO004111,2025-09-12,772.68,paid,2025-10-07
INV004112,PO004112,2025-11-20,381.92,paid,2025-12-25
INV004113,PO004113,2026-08-22,5372.64,overdue,
INV004114,PO004114,2025-02-25,37900.2,paid,2025-03-24
INV004115,PO004115,2024-12-12,89192.04,paid,2024-12-22
INV004116,PO004116,2025-07-19,2930.2,paid,2025-07-30
INV004117,PO004117,2026-07-11,233063.2,paid,2026-07-22
INV004118,PO004118,2025-01-05,320568.0,paid,2025-01-22
INV004119,PO004119,2025-11-08,19166.68,paid,2025-11-23
INV004120,PO004120,2024-10-06,46457.6,pending,
INV004121,PO004121,2025-03-10,2432.32,overdue,
INV004122,PO004122,2026-04-01,1071.58,paid,2026-05-11
INV004123,PO004123,2024-11-22,11217.0,pending,
INV004124,PO004124,2026-02-07,540.8,paid,2026-02-18
INV004125,PO004125,2024-10-14,143592.01,paid,2024-11-01
INV004126,PO004126,2025-01-10,54445.84,pending,
INV004127,PO004127,2025-12-31,1255276.33,overdue,
INV004128,PO004128,2026-03-08,348193.95,paid,2026-03-25
INV004129,PO004129,2026-06-14,10106.22,paid,2026-06-22
INV004130,PO004130,2025-01-21,51149.12,paid,2025-02-10
INV004131,PO004131,2026-02-03,113835.07,paid,2026-02-14
INV004132,PO004132,2026-04-25,152232.96,paid,2026-05-05
INV004133,PO004133,2026-06-20,41929.92,paid,2026-08-01
INV004134,PO004134,2025-06-19,31362.54,overdue,
INV004135,PO004135,2024-10-21,1068588.08,pending,
INV004136,PO004136,2026-03-03,125536.53,paid,2026-04-03
INV004137,PO004137,2026-09-14,46437.54,overdue,
INV004139,PO004139,2025-11-27,354083.73,paid,2025-12-17
INV004140,PO004140,2026-05-11,25669.43,pending,
INV004141,PO004141,2025-01-25,4303.53,paid,2025-02-27
INV004142,PO004142,2026-08-20,4828.76,overdue,
INV004143,PO004143,2024-11-23,335694.58,paid,2024-12-16
INV004144,PO004144,2025-03-11,20498.1,paid,2025-04-16
INV004145,PO004145,2026-05-04,51970.94,pending,
INV004146,PO004146,2025-12-02,62137.62,paid,2025-12-07
INV004147,PO004147,2026-09-04,539.24,paid,2026-10-12
INV004148,PO004148,2026-07-27,2091.52,paid,2026-08-31
INV004149,PO004149,2026-08-06,543650.13,paid,2026-08-30
INV004150,PO004150,2026-05-26,1062.96,paid,2026-06-30
INV004151,PO004151,2025-09-09,28251.72,paid,2025-10-03
INV004152,PO004152,2025-03-03,66959.1,paid,2025-04-16
INV004153,PO004153,2026-06-26,3916.45,paid,2026-08-06
INV004154,PO004154,2026-06-17,4311.58,paid,2026-07-15
INV004155,PO004155,2025-07-01,1045924.96,paid,2025-08-10
INV004156,PO004156,2026-02-05,528.96,pending,
INV004157,PO004157,2025-11-18,70706.65,paid,2025-12-06
INV004158,PO004158,2026-08-01,325107.54,pending,
INV004159,PO004159,2024-12-17,11790.45,paid,2025-01-06
INV004160,PO004160,2025-12-22,202818.16,overdue,
INV004161,PO004161,2025-02-28,18837.36,pending,
INV004162,PO004162,2025-10-03,1704.19,pending,
INV004163,PO004163,2025-03-03,215.28,paid,2025-03-28
INV004164,PO004164,2025-08-15,13915.4,paid,2025-08-25
INV004166,PO004166,2025-12-14,6184.62,paid,2025-12-30
INV004167,PO004167,2024-10-02,434160.0,paid,2024-10-16
INV004168,PO004168,2025-03-30,2338254.36,paid,2025-04-27
INV004169,PO004169,2025-02-20,255.84,overdue,
INV004170,PO004170,2024-11-27,52282.23,paid,2024-12-15
INV004171,PO004171,2026-08-27,81804.66,paid,2026-10-07
INV004172,PO004172,2025-01-21,32272.65,paid,2025-02-01
INV004174,PO004174,2025-04-25,340590.58,paid,2025-06-03
INV004175,PO004175,2026-06-23,4003.56,pending,
INV004176,PO004176,2026-03-22,78986.6,paid,2026-04-02
INV004177,PO004177,2026-02-10,4615.71,paid,2026-02-15
INV004178,PO004178,2026-05-16,4728.78,pending,
INV004179,PO004179,2024-11-28,16210.52,paid,2024-12-21
INV004181,PO004181,2025-09-03,47637.27,paid,2025-09-27
INV004182,PO004182,2025-02-10,68341.51,paid,2025-02-28
INV004183,PO004183,2026-02-14,1461.88,paid,2026-03-28
INV004184,PO004184,2025-10-24,46384.32,pending,
INV004185,PO004185,2025-05-10,228429.78,overdue,
INV004187,PO004187,2026-07-14,258621.37,paid,2026-08-17
INV004188,PO004188,2025-06-28,774082.4,paid,2025-08-01
INV004189,PO004189,2025-05-06,291040.05,paid,2025-05-31
INV004190,PO004190,2025-12-21,13492.29,paid,2026-01-21
INV004191,PO004191,2025-06-24,21667.51,paid,2025-07-29
INV004192,PO004192,2025-06-29,1421.26,paid,2025-07-28
INV004193,PO004193,2024-10-29,357.28,paid,2024-11-17
INV004194,PO004194,2025-06-27,28263.69,paid,2025-07-08
INV004195,PO004195,2026-01-23,22789.38,pending,
INV004196,PO004196,2026-03-08,1923.72,pending,
INV004197,PO004197,2026-05-01,7928.12,paid,2026-06-11
INV004198,PO004198,2025-12-17,1090.25,pending,
INV004199,PO004199,2025-04-02,11284.76,overdue,
INV004201,PO004201,2025-12-29,6967.18,paid,2026-01-10
INV004202,PO004202,2024-10-25,145023.84,pending,
INV004203,PO004203,2025-01-15,54904.85,paid,2025-02-20
INV004204,PO004204,2025-04-20,12086.6,overdue,
INV004206,PO004206,2025-04-02,3578729.2,paid,2025-05-15
INV004207,PO004207,2026-03-19,125188.48,paid,2026-04-23
INV004208,PO004208,2024-10-15,11906.4,paid,2024-11-24
INV004209,PO004209,2025-01-02,99685.46,paid,2025-01-30
INV004210,PO004210,2026-08-09,92671.3,paid,2026-08-26
INV004211,PO004211,2026-02-08,485100.27,paid,2026-03-16
INV004212,PO004212,2025-08-19,67424.91,paid,2025-09-06
INV004213,PO004213,2025-10-19,719.1,paid,2025-10-27
INV004215,PO004215,2024-10-10,109175.06,paid,2024-11-02
INV004216,PO004216,2026-06-21,12701.92,paid,2026-07-24
INV004217,PO004217,2026-04-24,3226.36,paid,2026-04-29
INV004218,PO004218,2026-03-26,235436.76,paid,2026-04-16
INV004219,PO004219,2026-03-09,7816.32,pending,
INV004220,PO004220,2025-03-16,102595.68,paid,2025-03-22
INV004221,PO004221,2025-01-10,512.8,paid,2025-01-20
INV004223,PO004223,2024-11-02,276.08,overdue,
INV004224,PO004224,2024-10-01,260225.28,paid,2024-10-10
INV004225,PO004225,2025-06-11,882538.8,paid,2025-07-24
INV004226,PO004226,2026-05-02,26189.9,paid,2026-05-28
INV004227,PO004227,2024-11-01,272.31,pending,
INV004228,PO004228,2026-01-25,53249.66,paid,2026-02-26
INV004229,PO004229,2026-04-14,334863.44,paid,2026-05-28
INV004230,PO004230,2026-06-15,5483726.72,paid,2026-07-14
INV004231,PO004231,2024-11-14,1451.88,paid,2024-12-27
INV004232,PO004232,2026-04-25,17011.26,paid,2026-06-01
INV004233,PO004233,2025-03-30,17477.72,paid,2025-05-06
INV004234,PO004234,2026-02-04,553878.0,paid,2026-03-07
INV004235,PO004235,2026-01-02,658300.86,paid,2026-02-10
INV004236,PO004236,2026-06-19,161128.47,paid,2026-07-03
INV004237,PO004237,2026-05-31,547.55,paid,2026-07-07
INV004239,PO004239,2025-01-22,23492.7,pending,
INV004240,PO004240,2024-10-08,236.52,paid,2024-11-14
INV004242,PO004242,2024-09-12,763564.72,paid,2024-09-30
INV004243,PO004243,2024-10-27,691724.7,paid,2024-12-04
INV004244,PO004244,2025-11-11,826.94,paid,2025-12-18
INV004245,PO004245,2026-05-24,83957.92,paid,2026-06-25
INV004246,PO004246,2024-09-25,1879.2,paid,2024-10-29
INV004247,PO004247,2026-01-21,172971.22,pending,
INV004248,PO004248,2026-04-13,217079.08,pending,
INV004249,PO004249,2026-01-22,9195.24,paid,2026-03-01
INV004250,PO004250,2025-03-06,148362.72,overdue,
INV004251,PO004251,2024-09-11,800346.3,paid,2024-10-05
INV004252,PO004252,2025-05-06,713022.75,paid,2025-05-21
INV004253,PO004253,2026-08-25,33609.1,overdue,
INV004254,PO004254,2026-08-05,153966.46,paid,2026-09-14
INV004255,PO004255,2025-12-13,3445.78,paid,2025-12-30
INV004256,PO004256,2025-10-09,192929.6,paid,2025-11-16
INV004257,PO004257,2025-06-14,4162.46,paid,2025-06-30
INV004258,PO004258,2026-04-21,2773.32,paid,2026-04-26
INV004259,PO004259,2025-08-18,6892.82,paid,2025-09-12
INV004260,PO004260,2024-12-16,649581.22,pending,
INV004262,PO004262,2025-12-18,93448.32,paid,2026-01-05
INV004263,PO004263,2025-09-10,119906.24,paid,2025-10-08
INV004264,PO004264,2024-12-25,1593.29,pending,
INV004265,PO004265,2024-10-30,250243.56,pending,
INV004266,PO004266,2025-10-26,7219.27,paid,2025-11-09
INV004267,PO004267,2026-04-03,23338.08,paid,2026-05-17
INV004268,PO004268,2026-03-06,17040.5,paid,2026-03-11
INV004269,PO004269,2025-04-30,52265.23,pending,
INV004270,PO004270,2026-03-20,913744.8,paid,2026-04-17
INV004271,PO004271,2024-10-04,9311.76,paid,2024-11-05
INV004272,PO004272,2024-12-27,41234.45,pending,
INV004273,PO004273,2025-07-14,1581129.27,paid,2025-07-20
INV004274,PO004274,2026-01-22,38898.8,paid,2026-02-09
INV004275,PO004275,2025-08-11,4388.76,paid,2025-09-07
INV004276,PO004276,2025-09-01,547.52,paid,2025-10-06
INV004277,PO004277,2025-07-21,618.05,paid,2025-07-30
INV004278,PO004278,2026-08-25,268168.32,paid,2026-09-21
INV004279,PO004279,2026-02-01,76549.85,paid,2026-02-21
INV004280,PO004280,2025-10-19,30447.0,overdue,
INV004281,PO004281,2025-06-13,18948.32,paid,2025-07-18
INV004283,PO004283,2025-12-04,204404.22,pending,
INV004284,PO004284,2026-03-28,4093.6,paid,2026-04-03
INV004285,PO004285,2025-03-06,638.65,paid,2025-04-13
INV004286,PO004286,2025-03-13,491.4,paid,2025-04-06
INV004287,PO004287,2026-06-22,3673.5,overdue,
INV004288,PO004288,2025-03-05,83922.36,overdue,
INV004289,PO004289,2025-11-02,58839.52,paid,2025-12-07
INV004290,PO004290,2026-05-02,74927.2,paid,2026-05-28
INV004291,PO004291,2025-06-17,370545.28,paid,2025-06-26
INV004293,PO004293,2025-02-14,222956.72,paid,2025-03-30
INV004294,PO004294,2025-08-17,66094.64,pending,
INV004295,PO004295,2026-06-11,560458.08,pending,
INV004296,PO004296,2024-09-29,73123.05,pending,
INV004297,PO004297,2026-04-11,12251.94,paid,2026-05-24
INV004298,PO004298,2025-07-22,139916.1,paid,2025-07-30
INV004299,PO004299,2025-12-25,2521.44,overdue,
INV004300,PO004300,2026-02-03,587.64,overdue,
INV004301,PO004301,2026-02-16,531969.75,paid,2026-03-28
INV004302,PO004302,2025-12-14,291434.0,paid,2026-01-26
INV004304,PO004304,2026-02-25,6106.1,pending,
INV004305,PO004305,2026-06-21,366777.61,paid,2026-07-24
INV004306,PO004306,2024-12-20,8295.88,paid,2024-12-27
INV004307,PO004307,2025-05-23,263538.66,paid,2025-06-10
INV004308,PO004308,2024-11-18,2450.72,pending,
INV004311,PO004311,2026-09-09,25162.35,paid,2026-10-02
INV004312,PO004312,2025-03-20,334521.0,paid,2025-04-08
INV004313,PO004313,2025-02-10,354.16,paid,2025-03-08
INV004314,PO004314,2025-10-27,1651831.74,paid,2025-11-07
INV004315,PO004315,2025-07-12,122.88,pending,
INV004316,PO004316,2026-06-01,426058.47,pending,
INV004317,PO004317,2025-07-08,133048.46,paid,2025-07-21
INV004318,PO004318,2026-03-23,1551.16,pending,
INV004319,PO004319,2024-09-18,180301.66,paid,2024-10-04
INV004321,PO004321,2025-12-06,229767.04,paid,2025-12-26
INV004322,PO004322,2024-09-10,283957.79,paid,2024-10-11
INV004323,PO004323,2024-11-23,288.75,paid,2024-12-27
INV004325,PO004325,2025-10-21,1663.2,paid,2025-11-29
INV004327,PO004327,2025-01-19,1744.82,paid,2025-02-08
INV004328,PO004328,2025-10-11,160194.15,paid,2025-11-21
INV004329,PO004329,2026-03-07,3672.06,paid,2026-04-20
INV004330,PO004330,2025-03-13,1214.5,paid,2025-04-11
INV004331,PO004331,2026-03-20,132237.5,pending,
INV004332,PO004332,2025-07-27,990.64,overdue,
INV004333,PO004333,2025-10-18,145939.86,pending,
INV004334,PO004334,2025-01-16,514.65,paid,2025-02-21
INV004335,PO004335,2026-08-14,29410.56,pending,
INV004336,PO004336,2024-10-31,3724.04,paid,2024-11-13
INV004337,PO004337,2026-05-29,6708.64,paid,2026-06-26
INV004338,PO004338,2025-06-04,368.28,paid,2025-07-02
INV004339,PO004339,2025-05-24,22309.62,paid,2025-06-07
INV004340,PO004340,2024-11-23,1584.56,paid,2025-01-01
INV004341,PO004341,2026-07-09,466191.0,paid,2026-08-07
INV004342,PO004342,2026-06-17,1931.4,paid,2026-06-30
INV004343,PO004343,2025-01-04,199598.04,pending,
INV004344,PO004344,2025-07-21,4240.32,paid,2025-08-31
INV004345,PO004345,2026-02-08,65.52,paid,2026-03-06
INV004347,PO004347,2025-06-06,56372.9,paid,2025-07-13
INV004348,PO004348,2025-08-16,96336.04,paid,2025-09-29
INV004349,PO004349,2024-09-30,117635.0,paid,2024-11-10
INV004350,PO004350,2024-11-19,75608.93,pending,
INV004351,PO004351,2024-12-01,31478.22,paid,2024-12-16
INV004352,PO004352,2026-05-30,991.2,paid,2026-07-06
INV004353,PO004353,2024-11-04,288744.63,paid,2024-11-20
INV004354,PO004354,2026-06-16,2213.28,paid,2026-07-01
INV004355,PO004355,2026-06-05,2312.64,paid,2026-06-14
INV004356,PO004356,2024-11-20,17243.12,pending,
INV004357,PO004357,2025-09-16,1600961.82,paid,2025-10-09
INV004358,PO004358,2025-09-22,355419.7,pending,
INV004359,PO004359,2025-12-21,166079.76,paid,2026-01-30
INV004360,PO004360,2025-12-18,582.36,paid,2026-01-05
INV004361,PO004361,2026-04-08,110086.9,pending,
INV004362,PO004362,2025-04-25,2069020.56,paid,2025-05-11
INV004363,PO004363,2026-01-23,89253.28,paid,2026-03-04
INV004364,PO004364,2026-05-28,63523.75,pending,
INV004365,PO004365,2025-10-15,115366.4,paid,2025-11-15
INV004366,PO004366,2026-04-24,49795.36,paid,2026-05-17
INV004367,PO004367,2026-06-13,221439.45,paid,2026-07-03
INV004368,PO004368,2025-01-26,86485.8,pending,
INV004369,PO004369,2025-09-11,16572.48,paid,2025-09-16
INV004370,PO004370,2025-11-12,41814.3,paid,2025-12-10
INV004372,PO004372,2025-01-23,1852.24,paid,2025-03-03
INV004374,PO004374,2024-09-24,53569.92,paid,2024-10-12
INV004375,PO004375,2025-10-13,646.8,pending,
INV004376,PO004376,2025-04-17,482.56,paid,2025-05-08
INV004377,PO004377,2025-05-29,3470.25,paid,2025-07-09
INV004380,PO004380,2025-03-11,97196.3,pending,
INV004381,PO004381,2025-12-21,6022.52,paid,2026-01-02
INV004382,PO004382,2024-11-21,688356.36,paid,2025-01-01
INV004383,PO004383,2026-08-03,411447.92,paid,2026-08-12
INV004384,PO004384,2025-06-13,15049.84,paid,2025-06-23
INV004385,PO004385,2025-09-16,371664.02,paid,2025-10-11
INV004386,PO004386,2024-10-11,78387.84,paid,2024-11-22
INV004387,PO004387,2025-12-07,34711.2,paid,2026-01-18
INV004388,PO004388,2025-09-18,140103.6,pending,
INV004389,PO004389,2026-08-15,470988.48,overdue,
INV004390,PO004390,2025-07-16,25689.1,paid,2025-07-30
INV004391,PO004391,2026-05-17,343514.54,pending,
INV004392,PO004392,2026-05-23,263348.55,overdue,
INV004393,PO004393,2026-07-27,2583.0,pending,
INV004394,PO004394,2026-01-03,1273763.8,paid,2026-01-28
INV004395,PO004395,2025-04-10,26354.14,paid,2025-05-19
INV004396,PO004396,2026-04-22,2415.46,pending,
INV004397,PO004397,2025-03-23,320755.7,paid,2025-04-02
INV004398,PO004398,2025-07-07,36126.0,paid,2025-08-17
INV004399,PO004399,2026-06-06,112190.4,paid,2026-06-30
INV004400,PO004400,2024-11-14,3012.18,pending,
INV004401,PO004401,2024-09-14,1306.5,paid,2024-10-12
INV004403,PO004403,2025-06-30,8168.51,paid,2025-07-15
INV004404,PO004404,2025-12-16,80815.56,paid,2026-01-07
INV004405,PO004405,2025-02-01,194460.57,paid,2025-02-15
INV004406,PO004406,2026-04-08,1808.94,paid,2026-05-20
INV004407,PO004407,2025-11-28,93417.55,paid,2025-12-28
INV004408,PO004408,2024-11-08,63984.44,paid,2024-12-05
INV004409,PO004409,2024-12-10,92310.3,paid,2024-12-30
INV004410,PO004410,2025-05-21,298.75,paid,2025-06-07
INV004411,PO004411,2025-02-13,16810.77,paid,2025-03-22
INV004412,PO004412,2026-05-08,595.98,paid,2026-05-14
INV004414,PO004414,2026-06-18,493.85,paid,2026-07-24
INV004415,PO004415,2025-08-17,828.24,pending,
INV004416,PO004416,2026-03-06,836.61,paid,2026-04-09
INV004417,PO004417,2024-12-29,78387.99,paid,2025-01-25
INV004419,PO004419,2024-11-22,41879.37,paid,2024-12-10
INV004420,PO004420,2026-06-05,19033.54,paid,2026-07-15
INV004421,PO004421,2025-01-18,1707.09,pending,
INV004422,PO004422,2026-02-21,60190.08,paid,2026-03-24
INV004423,PO004423,2025-08-30,236424.09,paid,2025-10-01
INV004425,PO004425,2026-05-21,261.08,overdue,
INV004426,PO004426,2026-04-19,885.72,pending,
INV004427,PO004427,2025-03-04,282279.69,paid,2025-04-09
INV004428,PO004428,2026-04-04,912425.48,paid,2026-05-03
INV004429,PO004429,2025-07-24,100481.81,paid,2025-08-26
INV004430,PO004430,2025-04-04,927.0,paid,2025-05-11
INV004431,PO004431,2026-08-13,29569.54,paid,2026-09-20
INV004432,PO004432,2024-10-28,8753.91,pending,
INV004433,PO004433,2026-05-15,247645.32,paid,2026-06-15
INV004434,PO004434,2026-01-21,1554.63,paid,2026-02-16
INV004435,PO004435,2026-05-13,703155.18,paid,2026-05-19
INV004436,PO004436,2025-10-29,4672.58,paid,2025-11-29
INV004437,PO004437,2026-06-19,21378.42,paid,2026-07-22
INV004438,PO004438,2025-11-05,162053.32,paid,2025-11-27
INV004439,PO004439,2024-10-29,27228.16,pending,
INV004440,PO004440,2025-11-27,21756.84,paid,2026-01-06
INV004441,PO004441,2025-05-02,28652.4,paid,2025-05-31
INV004443,PO004443,2025-11-30,144.5,paid,2025-12-10
INV004444,PO004444,2024-10-31,668059.5,paid,2024-12-01
INV004445,PO004445,2026-05-29,485020.2,paid,2026-06-14
INV004446,PO004446,2025-03-28,558554.14,paid,2025-04-27
INV004448,PO004448,2025-04-17,49682.76,paid,2025-05-12
INV004449,PO004449,2026-06-22,33135.75,paid,2026-08-03
INV004450,PO004450,2025-08-03,240127.68,overdue,
INV004451,PO004451,2025-11-05,13540.56,pending,
INV004452,PO004452,2025-12-09,90013.54,paid,2025-12-24
INV004453,PO004453,2026-01-29,253680.7,pending,
INV004454,PO004454,2025-12-20,103173.3,paid,2026-01-02
INV004455,PO004455,2026-05-02,18959.72,paid,2026-05-12
INV004456,PO004456,2025-05-13,422406.6,paid,2025-06-03
INV004457,PO004457,2025-11-20,1372325.36,paid,2025-12-11
INV004460,PO004460,2024-09-23,4274.28,paid,2024-09-30
INV004461,PO004461,2025-09-05,2757.07,paid,2025-09-12
INV004462,PO004462,2025-06-16,73706.49,paid,2025-07-04
INV004463,PO004463,2025-06-04,3015.67,paid,2025-07-05
INV004465,PO004465,2025-02-28,14293.51,paid,2025-04-09
INV004466,PO004466,2025-06-30,15281.7,paid,2025-07-25
INV004467,PO004467,2026-02-06,1011.52,paid,2026-03-10
INV004469,PO004469,2025-04-11,26055.32,paid,2025-04-24
INV004470,PO004470,2026-03-31,2096.25,pending,
INV004473,PO004473,2025-12-27,112612.22,paid,2026-01-13
INV004474,PO004474,2026-08-02,736.4,overdue,
INV004475,PO004475,2025-02-18,19573.74,paid,2025-03-20
INV004476,PO004476,2025-10-26,515587.14,paid,2025-11-15
INV004477,PO004477,2025-09-14,274.85,paid,2025-09-29
INV004478,PO004478,2026-06-21,232682.58,pending,
INV004479,PO004479,2026-03-01,256078.26,overdue,
INV004480,PO004480,2024-12-29,5348697.05,pending,
INV004481,PO004481,2024-11-05,1908.48,paid,2024-12-15
INV004482,PO004482,2025-03-09,2680.32,paid,2025-03-15
INV004483,PO004483,2025-02-14,208050.96,paid,2025-03-12
INV004484,PO004484,2026-08-23,890.3,overdue,
INV004485,PO004485,2025-05-10,2237.04,paid,2025-06-10
INV004486,PO004486,2025-12-08,17310.52,paid,2025-12-18
INV004487,PO004487,2026-05-07,21275.28,paid,2026-05-21
INV004488,PO004488,2024-11-02,24631.62,pending,
INV004489,PO004489,2025-07-31,49047.57,paid,2025-09-07
INV004490,PO004490,2024-11-04,28392.96,paid,2024-12-01
INV004491,PO004491,2026-05-31,2554.86,pending,
INV004492,PO004492,2025-04-30,27635.88,overdue,
INV004493,PO004493,2025-07-03,113634.4,overdue,
INV004494,PO004494,2025-08-17,13360.82,paid,2025-09-19
INV004495,PO004495,2026-05-17,40699.8,paid,2026-06-24
INV004496,PO004496,2025-11-12,4712.82,pending,
INV004497,PO004497,2024-10-23,379.5,paid,2024-11-13
INV004498,PO004498,2025-11-26,860528.02,paid,2026-01-07
INV004499,PO004499,2024-11-12,1610.82,paid,2024-11-26
INV004500,PO004500,2026-09-02,85037.76,pending,
INV004501,PO004501,2025-04-26,5790795.5,paid,2025-05-07
INV004502,PO004502,2024-09-21,962514.35,pending,
INV004503,PO004503,2026-04-11,5180.16,paid,2026-05-23
INV004504,PO004504,2026-07-13,16849.8,pending,
INV004506,PO004506,2026-08-11,4560.25,paid,2026-09-10
INV004507,PO004507,2026-06-03,2742.52,pending,
INV004508,PO004508,2025-06-30,853464.7,paid,2025-07-30
INV004509,PO004509,2026-08-04,61111.68,paid,2026-09-10
INV004510,PO004510,2025-08-16,101445.14,paid,2025-09-21
INV004511,PO004511,2024-12-19,75103.62,overdue,
INV004512,PO004512,2026-01-23,1504.44,pending,
INV004513,PO004513,2025-11-21,202985.28,paid,2025-12-24
INV004514,PO004514,2026-07-28,351.0,paid,2026-09-05
INV004515,PO004515,2026-03-27,421599.63,paid,2026-04-03
INV004516,PO004516,2025-04-18,37315.62,paid,2025-05-28
INV004517,PO004517,2026-08-07,7584.0,paid,2026-08-15
INV004518,PO004518,2026-05-23,13043.38,pending,
INV004519,PO004519,2025-06-06,117452.8,paid,2025-06-29
INV004520,PO004520,2026-05-07,40882.68,pending,
INV004521,PO004521,2025-03-21,1012.35,pending,
INV004522,PO004522,2026-05-19,29807.2,paid,2026-06-30
INV004523,PO004523,2026-06-09,778534.5,pending,
INV004524,PO004524,2026-08-17,271418.4,overdue,
INV004525,PO004525,2024-10-31,1071.0,paid,2024-12-06
INV004526,PO004526,2024-11-20,4155.32,pending,
INV004527,PO004527,2025-06-09,1719.7,paid,2025-07-03
INV004528,PO004528,2024-11-04,11457.68,paid,2024-12-18
INV004530,PO004530,2026-07-25,3976.2,paid,2026-08-02
INV004531,PO004531,2026-01-01,33688.32,paid,2026-01-26
INV004532,PO004532,2024-11-28,2664.9,paid,2024-12-27
INV004533,PO004533,2025-07-08,157778.18,paid,2025-08-02
INV004534,PO004534,2026-01-01,281793.64,overdue,
INV004535,PO004535,2025-12-19,289106.55,pending,
INV004536,PO004536,2025-02-24,41762.46,paid,2025-04-02
INV004538,PO004538,2025-01-16,42688.62,overdue,
INV004539,PO004539,2024-09-12,3041.72,pending,
INV004540,PO004540,2026-04-16,21830.38,paid,2026-04-21
INV004541,PO004541,2026-06-07,80544.73,pending,
INV004542,PO004542,2026-04-15,12256.0,pending,
INV004543,PO004543,2025-11-24,301.29,overdue,
INV004544,PO004544,2026-05-18,1580896.65,paid,2026-06-06
INV004545,PO004545,2026-07-09,6455.69,paid,2026-08-05
INV004546,PO004546,2024-12-21,1370.3,paid,2025-01-27
INV004547,PO004547,2025-10-27,1459.5,pending,
INV004548,PO004548,2026-02-08,1243691.44,paid,2026-02-16
INV004549,PO004549,2026-05-06,1313885.76,paid,2026-06-07
INV004550,PO004550,2024-12-07,7333.95,paid,2024-12-24
INV004551,PO004551,2026-01-07,35862.85,paid,2026-01-15
INV004552,PO004552,2025-06-01,29176.0,paid,2025-06-17
INV004553,PO004553,2026-06-24,27037.34,pending,
INV004555,PO004555,2025-09-07,64755.9,paid,2025-10-05
INV004556,PO004556,2024-11-21,3600.96,paid,2024-12-30
INV004557,PO004557,2025-12-13,134027.88,paid,2026-01-10
INV004558,PO004558,2024-12-11,73.92,paid,2024-12-27
INV004559,PO004559,2026-05-18,272431.32,paid,2026-06-23
INV004560,PO004560,2026-08-12,40988.7,paid,2026-08-30
INV004561,PO004561,2024-11-29,192210.48,overdue,
INV004562,PO004562,2025-02-27,72523.08,paid,2025-03-10
INV004565,PO004565,2026-03-25,491528.49,paid,2026-04-07
INV004566,PO004566,2025-09-05,35050.9,paid,2025-10-14
INV004567,PO004567,2025-12-22,33777.9,pending,
INV004568,PO004568,2026-07-23,347.98,paid,2026-08-23
INV004570,PO004570,2025-09-10,222127.11,paid,2025-10-19
INV004571,PO004571,2026-09-01,52017.44,paid,2026-09-26
INV004572,PO004572,2025-02-25,738.27,pending,
INV004573,PO004573,2025-11-19,134156.25,paid,2025-12-06
INV004574,PO004574,2024-11-06,256947.12,paid,2024-11-29
INV004575,PO004575,2025-01-21,4727.58,overdue,
INV004576,PO004576,2024-09-18,214814.28,paid,2024-10-07
INV004577,PO004577,2025-11-03,29744.91,paid,2025-11-27
INV004578,PO004578,2025-04-28,367.29,paid,2025-05-10
INV004579,PO004579,2025-12-07,120927.45,pending,
INV004581,PO004581,2025-03-17,16675.84,pending,
INV004582,PO004582,2024-11-28,280.72,paid,2024-12-29
INV004583,PO004583,2025-04-06,5258.08,pending,
INV004584,PO004584,2024-11-05,436773.6,paid,2024-11-12
INV004586,PO004586,2025-07-24,35001.12,paid,2025-08-11
INV004587,PO004587,2026-01-16,222696.81,pending,
INV004588,PO004588,2026-01-17,953165.08,pending,
INV004589,PO004589,2026-03-25,317894.36,paid,2026-04-13
INV004590,PO004590,2025-04-18,391459.17,pending,
INV004591,PO004591,2025-07-30,127.05,paid,2025-08-12
INV004592,PO004592,2024-11-24,101534.4,paid,2024-12-14
INV004593,PO004593,2025-02-17,17818.0,pending,
INV004594,PO004594,2026-06-06,340818.59,paid,2026-06-23
INV004595,PO004595,2025-01-08,458595.73,pending,
INV004597,PO004597,2026-07-01,23608.92,paid,2026-08-12
INV004598,PO004598,2024-10-01,522.0,paid,2024-10-27
INV004599,PO004599,2025-01-30,1494813.45,paid,2025-02-10
INV004600,PO004600,2025-08-23,3909.47,overdue,
INV004601,PO004601,2025-01-07,344088.72,paid,2025-01-13
INV004602,PO004602,2026-04-15,300019.65,paid,2026-05-17
INV004603,PO004603,2025-05-13,116664.8,paid,2025-06-11
INV004604,PO004604,2026-06-04,32396.31,paid,2026-06-11
INV004605,PO004605,2025-04-20,36201.84,pending,
INV004606,PO004606,2025-02-04,21811.67,paid,2025-02-28
INV004607,PO004607,2026-05-31,203274.72,paid,2026-07-01
INV004608,PO004608,2026-07-02,147527.52,overdue,
INV004610,PO004610,2025-03-04,395823.19,pending,
INV004611,PO004611,2025-03-04,2650735.31,paid,2025-04-01
INV004612,PO004612,2025-12-27,301002.63,paid,2026-01-03
INV004613,PO004613,2025-06-01,1747124.48,paid,2025-07-10
INV004614,PO004614,2024-12-19,12379.52,paid,2024-12-27
INV004615,PO004615,2025-08-09,108120.06,paid,2025-09-07
INV004617,PO004617,2026-05-15,313.24,paid,2026-06-13
INV004618,PO004618,2026-07-23,622069.44,paid,2026-08-10
INV004619,PO004619,2024-10-17,171477.3,overdue,
INV004620,PO004620,2024-11-22,179843.25,paid,2024-12-30
INV004621,PO004621,2025-10-24,172564.56,paid,2025-11-10
INV004622,PO004622,2025-10-02,4278.37,pending,
INV004623,PO004623,2026-03-04,1022048.8,paid,2026-04-16
INV004624,PO004624,2024-11-05,62.91,pending,
INV004625,PO004625,2025-03-20,385.77,paid,2025-04-25
INV004627,PO004627,2024-10-07,7223.56,paid,2024-11-11
INV004628,PO004628,2026-06-26,153861.12,pending,
INV004629,PO004629,2025-07-30,517086.63,paid,2025-09-03
INV004630,PO004630,2025-08-23,7573.83,pending,
INV004631,PO004631,2025-08-04,45071.3,paid,2025-09-13
INV004632,PO004632,2025-05-13,76349.6,pending,
INV004633,PO004633,2025-07-30,10902.99,pending,
INV004634,PO004634,2025-04-22,13529.54,overdue,
INV004635,PO004635,2024-10-13,4929.0,overdue,
INV004636,PO004636,2026-08-24,480797.67,paid,2026-09-18
INV004637,PO004637,2025-04-19,148473.6,paid,2025-05-19
INV004638,PO004638,2025-07-01,3536.4,pending,
INV004639,PO004639,2025-10-13,107047.2,paid,2025-10-21
INV004641,PO004641,2025-01-12,56935.68,paid,2025-01-21
INV004642,PO004642,2025-03-23,27323.76,paid,2025-04-11
INV004643,PO004643,2025-06-24,187137.84,paid,2025-07-12
INV004645,PO004645,2025-10-11,3887.4,paid,2025-11-06
INV004646,PO004646,2025-07-05,50491.41,paid,2025-07-12
INV004647,PO004647,2025-04-25,23278.0,paid,2025-05-24
INV004648,PO004648,2025-11-21,8458.56,paid,2025-12-26
INV004650,PO004650,2025-11-21,15763.24,pending,
INV004651,PO004651,2024-11-10,10889.84,paid,2024-11-28
INV004652,PO004652,2025-10-10,549233.02,overdue,
INV004653,PO004653,2025-01-01,1061299.08,paid,2025-01-19
INV004654,PO004654,2026-05-06,94381.43,paid,2026-06-15
INV004655,PO004655,2025-12-01,331.76,overdue,
INV004656,PO004656,2025-09-20,108426.42,overdue,
INV004657,PO004657,2025-11-06,216.45,paid,2025-12-06
INV004659,PO004659,2026-02-15,26828.7,paid,2026-02-26
INV004660,PO004660,2026-02-16,152183.22,overdue,
INV004661,PO004661,2025-08-31,205758.0,paid,2025-09-28
INV004662,PO004662,2026-04-06,75875.0,paid,2026-05-07
INV004663,PO004663,2024-11-12,8506.7,paid,2024-12-03
INV004665,PO004665,2024-10-14,6461.07,paid,2024-11-21
INV004666,PO004666,2026-08-05,55270.29,paid,2026-08-28
INV004668,PO004668,2025-09-19,20111.0,paid,2025-09-25
INV004670,PO004670,2026-04-05,863.32,overdue,
INV004671,PO004671,2025-05-31,1421252.77,paid,2025-06-19
INV004672,PO004672,2026-09-11,148498.02,paid,2026-09-21
INV004673,PO004673,2025-09-11,365429.65,paid,2025-09-28
INV004674,PO004674,2025-03-15,958894.02,paid,2025-04-10
INV004675,PO004675,2026-02-12,126013.08,paid,2026-02-28
INV004676,PO004676,2026-06-13,8731.52,paid,2026-07-02
INV004677,PO004677,2025-10-23,231046.41,overdue,
INV004678,PO004678,2025-10-02,909384.36,paid,2025-10-07
INV004679,PO004679,2025-03-25,99377.74,pending,
INV004680,PO004680,2025-04-09,2812.0,overdue,
INV004681,PO004681,2026-08-26,1143597.6,overdue,
INV004682,PO004682,2025-07-13,1009938.42,paid,2025-08-19
INV004683,PO004683,2025-10-26,20117.64,paid,2025-12-05
INV004684,PO004684,2024-09-27,14716.8,paid,2024-11-07
INV004685,PO004685,2025-07-04,16341.93,paid,2025-08-07
INV004686,PO004686,2025-08-11,86296.95,paid,2025-08-20
INV004687,PO004687,2026-04-11,747807.16,paid,2026-05-05
INV004688,PO004688,2024-09-13,4003.3,paid,2024-09-23
INV004689,PO004689,2026-05-10,3252215.56,paid,2026-06-01
INV004690,PO004690,2025-10-25,12024.16,paid,2025-11-10
INV004692,PO004692,2024-12-06,1200.28,paid,2024-12-17
INV004694,PO004694,2025-09-24,59839.36,paid,2025-10-02
INV004695,PO004695,2026-07-01,730091.34,paid,2026-08-02
INV004696,PO004696,2025-07-29,3480.75,overdue,
INV004698,PO004698,2026-02-25,5891.66,paid,2026-04-01
INV004699,PO004699,2025-12-21,14986.8,paid,2026-01-01
INV004700,PO004700,2024-12-19,62482.75,pending,
INV004701,PO004701,2026-05-16,297059.1,pending,
INV004702,PO004702,2025-02-17,385.77,paid,2025-03-13
INV004704,PO004704,2026-08-08,1469.59,paid,2026-09-17
INV004706,PO004706,2025-08-28,1672446.06,pending,
INV004707,PO004707,2024-11-23,60481.68,paid,2024-12-04
INV004708,PO004708,2026-08-19,25771.93,paid,2026-09-01
INV004709,PO004709,2024-10-24,504382.69,paid,2024-11-01
INV004710,PO004710,2025-09-16,4279.15,paid,2025-09-28
INV004711,PO004711,2025-09-03,820275.51,paid,2025-10-14
INV004712,PO004712,2026-01-26,1174.88,paid,2026-01-31
INV004713,PO004713,2025-01-15,7598.88,paid,2025-02-21
INV004714,PO004714,2024-12-09,338957.74,paid,2024-12-22
INV004715,PO004715,2025-12-07,172900.68,paid,2026-01-02
INV004716,PO004716,2024-09-18,160000.94,paid,2024-10-13
INV004718,PO004718,2025-11-30,4791.98,paid,2026-01-10
INV004719,PO004719,2025-02-11,5393.01,paid,2025-03-18
INV004720,PO004720,2025-08-19,203961.2,paid,2025-09-10
INV004722,PO004722,2024-11-06,792407.76,overdue,
INV004723,PO004723,2026-01-28,253.76,paid,2026-02-28
INV004724,PO004724,2026-02-16,528313.72,paid,2026-02-25
INV004725,PO004725,2025-12-29,317699.48,paid,2026-02-05
INV004726,PO004726,2025-08-19,6668.2,paid,2025-08-26
INV004728,PO004728,2025-10-13,115325.99,pending,
INV004729,PO004729,2026-03-26,38420.91,paid,2026-04-06
INV004731,PO004731,2025-03-02,3797.55,paid,2025-04-13
INV004732,PO004732,2025-05-15,18938.01,pending,
INV004733,PO004733,2025-08-07,33514.8,paid,2025-08-29
INV004734,PO004734,2025-05-22,101253.55,paid,2025-06-14
INV004735,PO004735,2025-07-16,47751.6,paid,2025-08-13
INV004736,PO004736,2025-07-06,284858.16,pending,
INV004737,PO004737,2025-03-11,31584.0,paid,2025-04-17
INV004738,PO004738,2025-03-06,3599.64,overdue,
INV004739,PO004739,2025-06-03,30724.68,paid,2025-06-12
INV004740,PO004740,2025-01-06,1444982.68,paid,2025-02-18
INV004741,PO004741,2025-11-11,203.28,paid,2025-12-02
INV004742,PO004742,2024-09-18,29049.68,paid,2024-09-28
INV004743,PO004743,2026-03-09,146015.76,paid,2026-03-22
INV004744,PO004744,2025-05-19,47691.02,paid,2025-07-02
INV004745,PO004745,2025-09-07,861300.4,paid,2025-10-14
INV004746,PO004746,2025-05-10,74745.74,paid,2025-06-20
INV004747,PO004747,2025-11-05,26339.52,paid,2025-11-15
INV004748,PO004748,2025-01-05,306.22,paid,2025-02-06
INV004749,PO004749,2024-10-27,732.55,overdue,
INV004750,PO004750,2024-12-15,1126368.08,paid,2025-01-03
INV004751,PO004751,2026-09-02,5672.16,paid,2026-10-04
INV004752,PO004752,2025-01-13,584526.78,paid,2025-02-04
INV004753,PO004753,2025-08-14,1432.64,pending,
INV004754,PO004754,2025-06-10,94090.24,paid,2025-07-12
INV004755,PO004755,2026-03-18,10637.35,overdue,
INV004756,PO004756,2024-11-26,64148.88,paid,2025-01-09
INV004757,PO004757,2026-08-19,501694.0,paid,2026-09-15
INV004758,PO004758,2024-10-04,88916.5,paid,2024-10-28
INV004759,PO004759,2025-06-03,143584.35,paid,2025-07-03
INV004761,PO004761,2026-09-13,78363.32,paid,2026-09-22
INV004763,PO004763,2026-01-27,19198.56,pending,
INV004764,PO004764,2026-04-27,850610.7,paid,2026-06-02
INV004765,PO004765,2026-03-23,16173.3,overdue,
INV004766,PO004766,2025-02-09,5547.6,paid,2025-03-21
INV004767,PO004767,2025-11-07,1992.15,paid,2025-11-30
INV004768,PO004768,2026-08-06,874812.3,paid,2026-09-09
INV004769,PO004769,2026-06-30,52185.28,pending,
INV004770,PO004770,2024-09-30,86000.58,paid,2024-10-13
INV004771,PO004771,2025-11-01,736876.25,paid,2025-11-24
INV004772,PO004772,2026-05-12,336.15,paid,2026-06-07
INV004773,PO004773,2026-03-05,2137.96,overdue,
INV004774,PO004774,2025-11-12,49229.29,paid,2025-12-26
INV004775,PO004775,2026-08-29,536300.98,paid,2026-10-03
INV004777,PO004777,2026-01-15,96113.28,paid,2026-02-18
INV004778,PO004778,2025-09-17,21477.69,pending,
INV004779,PO004779,2026-03-04,53786.97,paid,2026-04-15
INV004780,PO004780,2025-07-25,98090.46,paid,2025-08-02
INV004781,PO004781,2025-02-23,32140.2,paid,2025-02-28
INV004782,PO004782,2024-11-04,213822.0,paid,2024-11-22
INV004783,PO004783,2025-07-17,1763.37,paid,2025-08-29
INV004784,PO004784,2026-04-21,12262.24,pending,
INV004785,PO004785,2025-07-02,455.7,paid,2025-07-08
INV004786,PO004786,2025-05-12,697.62,overdue,
INV004787,PO004787,2026-08-01,237885.36,paid,2026-09-14
INV004788,PO004788,2024-11-15,42567.76,overdue,
INV004789,PO004789,2025-02-24,3478.2,paid,2025-04-05
INV004790,PO004790,2026-06-19,427.16,paid,2026-08-02
INV004791,PO004791,2024-09-25,27441.7,overdue,
INV004792,PO004792,2026-08-24,12619.64,paid,2026-09-28
INV004794,PO004794,2026-08-09,11628.0,paid,2026-09-18
INV004795,PO004795,2026-02-24,58991.76,overdue,
INV004796,PO004796,2025-10-08,5199.04,paid,2025-11-18
INV004797,PO004797,2025-04-17,1796.29,paid,2025-04-27
INV004798,PO004798,2025-09-30,112736.16,paid,2025-11-01
INV004799,PO004799,2026-05-15,22672.5,pending,
INV004800,PO004800,2025-03-14,1265.85,pending,
INV004801,PO004801,2026-06-29,715.08,pending,
INV004802,PO004802,2025-11-05,377919.36,paid,2025-12-16
INV004803,PO004803,2025-06-17,270549.81,paid,2025-07-06
INV004804,PO004804,2026-04-10,8188.95,pending,
INV004805,PO004805,2025-01-17,18829.44,overdue,
INV004806,PO004806,2025-08-17,82409.4,paid,2025-08-25
INV004807,PO004807,2026-02-06,3417.94,paid,2026-03-17
INV004808,PO004808,2024-12-11,56028.42,paid,2024-12-25
INV004809,PO004809,2025-10-10,65122.2,pending,
INV004810,PO004810,2025-04-10,180945.9,paid,2025-05-02
INV004811,PO004811,2025-12-20,204876.0,pending,
INV004812,PO004812,2026-05-04,1411.02,paid,2026-05-09
INV004813,PO004813,2025-01-15,59018.85,paid,2025-02-03
INV004814,PO004814,2026-03-20,97875.36,pending,
INV004815,PO004815,2025-12-15,2066530.55,paid,2026-01-02
INV004816,PO004816,2024-12-24,3759.78,paid,2025-02-01
INV004817,PO004817,2025-07-06,425.0,pending,
INV004818,PO004818,2025-02-18,573117.26,paid,2025-03-10
INV004819,PO004819,2025-09-30,3679.83,paid,2025-10-27
INV004820,PO004820,2024-11-14,251995.48,paid,2024-11-21
INV004821,PO004821,2025-01-15,3004.68,pending,
INV004822,PO004822,2025-09-22,19316.92,pending,
INV004823,PO004823,2026-04-04,79920.0,paid,2026-04-12
INV004824,PO004824,2025-07-04,186.12,paid,2025-07-14
INV004825,PO004825,2025-05-13,250838.4,paid,2025-06-23
INV004826,PO004826,2025-11-06,5049.0,pending,
INV004827,PO004827,2025-06-01,147330.0,paid,2025-06-14
INV004829,PO004829,2024-10-25,2501.2,paid,2024-11-26
INV004830,PO004830,2025-09-03,422999.54,paid,2025-10-13
INV004831,PO004831,2026-08-12,176881.95,paid,2026-09-03
INV004832,PO004832,2026-06-22,34580.37,pending,
INV004833,PO004833,2025-02-01,602.4,paid,2025-02-27
INV004834,PO004834,2026-07-02,691.6,pending,
INV004835,PO004835,2026-06-03,82313.14,paid,2026-06-24
INV004836,PO004836,2025-04-27,16161.28,paid,2025-05-18
INV004837,PO004837,2026-01-15,644053.5,paid,2026-01-20
INV004838,PO004838,2026-06-16,331426.6,paid,2026-07-06
INV004839,PO004839,2025-09-11,8871.84,paid,2025-10-20
INV004840,PO004840,2026-02-17,25803.8,paid,2026-02-26
INV004841,PO004841,2026-01-01,185400.64,pending,
INV004842,PO004842,2025-04-10,128747.16,paid,2025-05-16
INV004843,PO004843,2024-12-23,32137.2,overdue,
INV004844,PO004844,2025-04-27,24795.0,paid,2025-05-09
INV004845,PO004845,2025-02-22,205.32,paid,2025-03-15
INV004846,PO004846,2026-09-10,24101.7,paid,2026-09-17
INV004847,PO004847,2026-06-25,697583.42,paid,2026-07-16
INV004848,PO004848,2024-12-02,223847.52,pending,
INV004849,PO004849,2026-03-29,870.2,pending,
INV004850,PO004850,2025-06-11,7446.48,pending,
INV004851,PO004851,2024-10-28,500088.12,paid,2024-11-05
INV004852,PO004852,2026-07-31,2433804.14,paid,2026-08-29
INV004853,PO004853,2024-11-01,670116.15,paid,2024-11-26
INV004854,PO004854,2025-04-25,76095.68,paid,2025-05-01
INV004856,PO004856,2025-11-02,636916.8,paid,2025-11-17
INV004857,PO004857,2025-09-03,199.42,overdue,
INV004858,PO004858,2026-07-06,872358.76,paid,2026-08-14
INV004859,PO004859,2025-03-11,1646.88,paid,2025-03-25
INV004860,PO004860,2026-07-25,775167.24,pending,
INV004861,PO004861,2025-02-23,3991.35,paid,2025-04-01
INV004862,PO004862,2025-11-03,84459.58,paid,2025-12-16
INV004863,PO004863,2024-11-22,128623.27,paid,2024-11-30
INV004865,PO004865,2026-07-04,2306.44,pending,
INV004866,PO004866,2026-07-02,3356.88,pending,
INV004867,PO004867,2026-08-26,18663.32,paid,2026-10-09
INV004868,PO004868,2025-08-09,191800.94,paid,2025-09-15
INV004869,PO004869,2025-05-09,674.52,paid,2025-05-27
INV004870,PO004870,2025-12-29,7443.96,paid,2026-01-31
INV004871,PO004871,2026-06-12,6771292.8,paid,2026-07-20
INV004872,PO004872,2025-08-29,544689.74,paid,2025-10-02
INV004873,PO004873,2025-02-26,1472.8,paid,2025-03-07
INV004874,PO004874,2025-12-14,32961.6,paid,2025-12-22
INV004875,PO004875,2025-08-08,43699.41,paid,2025-09-08
INV004876,PO004876,2025-05-04,776.16,paid,2025-06-16
INV004877,PO004877,2024-09-28,272809.37,paid,2024-10-16
INV004878,PO004878,2026-07-11,120653.39,overdue,
INV004879,PO004879,2025-08-21,2425.53,paid,2025-09-18
INV004880,PO004880,2025-02-10,51313.68,pending,
INV004881,PO004881,2025-07-27,37320.45,paid,2025-08-10
INV004882,PO004882,2025-01-17,185866.8,pending,
INV004883,PO004883,2025-10-01,1828.86,paid,2025-10-09
INV004884,PO004884,2024-12-19,70220.4,paid,2025-01-05
INV004885,PO004885,2024-10-02,15222.0,paid,2024-11-10
INV004887,PO004887,2026-05-26,462.24,pending,
INV004888,PO004888,2025-01-29,162.36,paid,2025-03-02
INV004889,PO004889,2025-01-01,18922.75,paid,2025-02-05
INV004890,PO004890,2025-06-08,30940.22,paid,2025-07-12
INV004891,PO004891,2025-07-31,228420.0,overdue,
INV004892,PO004892,2025-10-29,1378814.61,paid,2025-11-25
INV004893,PO004893,2024-11-28,6498.0,paid,2024-12-21
INV004894,PO004894,2025-03-02,1138.83,pending,
INV004895,PO004895,2026-03-31,126110.48,paid,2026-05-04
INV004896,PO004896,2025-09-12,51618.84,paid,2025-10-20
INV004897,PO004897,2024-10-13,1050073.0,paid,2024-11-08
INV004898,PO004898,2025-03-02,68670.27,pending,
INV004899,PO004899,2026-02-10,750346.56,paid,2026-03-03
INV004900,PO004900,2025-02-22,4374.72,paid,2025-03-24
INV004901,PO004901,2025-02-22,805530.18,pending,
INV004902,PO004902,2025-02-18,59694.75,paid,2025-03-28
INV004903,PO004903,2025-07-13,85933.75,pending,
INV004904,PO004904,2026-06-19,6194.76,overdue,
INV004905,PO004905,2024-09-19,126540.2,paid,2024-10-07
INV004906,PO004906,2026-07-05,879.75,overdue,
INV004907,PO004907,2025-02-12,445.4,paid,2025-02-23
INV004908,PO004908,2025-08-14,642.4,paid,2025-09-17
INV004909,PO004909,2025-06-18,26046.3,paid,2025-06-27
INV004910,PO004910,2025-10-20,279.27,paid,2025-11-09
INV004911,PO004911,2026-04-01,8314.64,paid,2026-04-24
INV004912,PO004912,2025-09-08,362453.62,pending,
INV004913,PO004913,2026-08-05,22424.46,paid,2026-08-18
INV004914,PO004914,2026-04-17,163483.88,paid,2026-05-16
INV004915,PO004915,2025-08-14,689.68,pending,
INV004916,PO004916,2026-01-08,74360.32,pending,
INV004917,PO004917,2026-05-29,8327.96,paid,2026-06-29
INV004919,PO004919,2026-07-05,511.94,paid,2026-07-26
INV004920,PO004920,2025-06-29,204876.78,paid,2025-07-18
INV004921,PO004921,2026-05-30,6976.77,pending,
INV004922,PO004922,2024-09-26,1988.58,paid,2024-11-01
INV004923,PO004923,2025-12-31,134.48,paid,2026-02-06
INV004924,PO004924,2024-11-20,47064.82,pending,
INV004925,PO004925,2026-01-23,1480.71,paid,2026-02-15
INV004926,PO004926,2026-08-01,136814.9,paid,2026-09-04
INV004927,PO004927,2026-05-04,106898.66,paid,2026-05-18
INV004928,PO004928,2026-04-10,35500.4,paid,2026-05-02
INV004929,PO004929,2026-06-24,3353.84,paid,2026-07-30
INV004930,PO004930,2025-08-29,115420.12,pending,
INV004931,PO004931,2026-07-15,12190.53,pending,
INV004932,PO004932,2026-08-02,115846.5,pending,
INV004933,PO004933,2024-11-13,32472.44,paid,2024-11-18
INV004934,PO004934,2025-12-19,8462.07,overdue,
INV004935,PO004935,2026-02-25,389979.45,paid,2026-03-15
INV004936,PO004936,2025-01-08,4927.89,paid,2025-01-22
INV004937,PO004937,2024-10-10,325.68,pending,
INV004938,PO004938,2025-07-10,399.5,paid,2025-08-07
INV004939,PO004939,2026-03-31,1338.52,paid,2026-04-21
INV004940,PO004940,2025-09-05,9997.5,overdue,
INV004941,PO004941,2025-08-16,4595.13,paid,2025-09-07
INV004943,PO004943,2025-01-30,125368.88,paid,2025-03-13
INV004944,PO004944,2025-06-27,19978.5,paid,2025-07-02
INV004945,PO004945,2025-08-07,14592.75,paid,2025-09-11
INV004946,PO004946,2025-06-12,208.22,paid,2025-06-19
INV004947,PO004947,2025-03-06,6725.56,paid,2025-03-17
INV004948,PO004948,2025-08-18,142535.09,paid,2025-09-05
INV004949,PO004949,2026-03-14,371473.74,paid,2026-04-01
INV004950,PO004950,2024-10-15,380932.99,pending,
INV004951,PO004951,2025-11-18,196891.92,paid,2025-11-30
INV004952,PO004952,2026-03-10,34220.19,overdue,
INV004953,PO004953,2025-02-02,4939.2,paid,2025-02-15
INV004954,PO004954,2026-08-21,9335.76,overdue,
INV004955,PO004955,2026-07-21,865725.29,pending,
INV004956,PO004956,2026-03-05,433184.82,pending,
INV004957,PO004957,2026-01-07,1372518.72,paid,2026-02-13
INV004958,PO004958,2025-10-08,9062.64,paid,2025-11-03
INV004959,PO004959,2025-02-06,285319.68,paid,2025-03-06
INV004960,PO004960,2025-10-28,42024.12,overdue,
INV004961,PO004961,2026-07-16,359901.96,pending,
INV004962,PO004962,2025-02-14,204289.68,paid,2025-03-13
INV004963,PO004963,2025-01-05,413790.72,pending,
INV004964,PO004964,2026-03-17,62482.89,paid,2026-04-28
INV004965,PO004965,2026-02-18,9012.44,paid,2026-03-11
INV004966,PO004966,2025-03-24,320849.55,paid,2025-03-30
INV004968,PO004968,2025-05-20,885678.48,paid,2025-06-27
INV004969,PO004969,2026-05-15,1316.53,overdue,
INV004970,PO004970,2026-03-18,62161.74,overdue,
INV004971,PO004971,2024-10-04,10207.59,paid,2024-11-12
INV004972,PO004972,2026-08-12,10287.72,pending,
INV004973,PO004973,2024-12-23,131077.3,paid,2025-01-31
INV004974,PO004974,2025-09-09,30440.72,paid,2025-09-14
INV004975,PO004975,2026-05-24,77798.16,pending,
INV004977,PO004977,2025-07-24,4158.95,paid,2025-08-08
INV004978,PO004978,2025-01-02,78073.73,paid,2025-02-14
INV004979,PO004979,2024-10-07,2239.72,paid,2024-10-26
INV004981,PO004981,2025-04-01,32044.64,pending,
INV004982,PO004982,2026-04-06,130802.5,pending,
INV004984,PO004984,2024-10-03,993.87,pending,
INV004985,PO004985,2025-12-16,235.41,pending,
INV004986,PO004986,2025-12-17,47861.6,paid,2026-01-24
INV004987,PO004987,2025-10-14,376.74,paid,2025-11-11
INV004988,PO004988,2025-03-11,190689.6,pending,
INV004989,PO004989,2026-07-03,66883.74,paid,2026-08-12
INV004990,PO004990,2026-02-28,3167.25,pending,
INV004991,PO004991,2025-01-14,357815.88,paid,2025-02-26
INV004992,PO004992,2025-01-07,15709.9,pending,
INV004993,PO004993,2025-10-24,167592.0,paid,2025-11-25
INV004994,PO004994,2026-03-17,37055.7,pending,
INV004995,PO004995,2024-10-04,107475.2,paid,2024-11-01
INV004996,PO004996,2024-11-04,164111.64,paid,2024-12-08
INV004997,PO004997,2025-08-31,131101.46,pending,
INV004998,PO004998,2024-09-19,90136.06,paid,2024-10-19
INV004999,PO004999,2024-10-19,721254.82,paid,2024-10-31
INV005000,PO005000,2025-02-28,265939.5,pending,
