po_id,supplier_node_id,product_id,order_date,quantity,unit_price,currency,total_value,status
PO000001,SUP0017,PRD0132,2025-01-15,247,4.77,USD,1178.19,fulfilled
PO000002,SUP0037,PRD0064,2026-03-07,171,432.17,USD,73901.07,open
PO000003,SUP0006,PRD0133,2025-11-02,35,460.3,USD,16110.5,fulfilled
PO000004,SUP0014,PRD0071,2025-04-16,667,282.62,USD,188507.54,fulfilled
PO000005,SUP0013,PRD0075,2026-03-24,453,453.85,USD,205594.05,fulfilled
PO000006,SUP0022,PRD0093,2025-07-20,314,78.55,USD,24664.7,fulfilled
PO000007,SUP0040,PRD0083,2026-03-03,41,3767.11,USD,154451.51,fulfilled
PO000008,SUP0007,PRD0143,2025-07-07,162,2.61,USD,422.82,fulfilled
PO000009,SUP0022,PRD0136,2026-05-31,619,1386.32,USD,858132.08,fulfilled
PO000010,SUP0032,PRD0111,2025-01-10,426,896.41,USD,381870.66,fulfilled
PO000011,SUP0029,PRD0136,2024-10-19,219,333.88,USD,73119.72,open
PO000012,SUP0028,PRD0084,2026-04-10,586,76.87,USD,45045.82,open
PO000013,SUP0035,PRD0076,2026-08-13,394,19.83,USD,7813.02,fulfilled
PO000014,SUP0010,PRD0090,2025-04-06,614,1589.72,USD,976088.08,open
PO000015,SUP0036,PRD0036,2025-09-07,797,5.0,USD,3985.0,fulfilled
PO000016,SUP0006,PRD0147,2026-06-28,350,2466.79,USD,863376.5,fulfilled
PO000017,SUP0039,PRD0109,2024-12-07,556,128.67,USD,71540.52,fulfilled
PO000018,SUP0009,PRD0112,2025-01-08,448,3141.8,USD,1407526.4,cancelled
PO000019,SUP0012,PRD0135,2025-01-02,508,1194.54,USD,606826.32,fulfilled
PO000020,SUP0017,PRD0075,2025-09-12,302,2.31,USD,697.62,fulfilled
PO000021,SUP0007,PRD0018,2025-04-18,85,2.31,USD,196.35,fulfilled
PO000022,SUP0012,PRD0136,2024-12-11,570,246.34,USD,140413.8,fulfilled
PO000023,SUP0005,PRD0083,2024-12-20,746,3902.24,USD,2911071.04,fulfilled
PO000024,SUP0035,PRD0122,2025-01-27,126,3.5,USD,441.0,fulfilled
PO000025,SUP0039,PRD0095,2026-05-27,145,73.12,USD,10602.4,fulfilled
PO000026,SUP0034,PRD0062,2025-11-28,610,145.05,USD,88480.5,open
PO000027,SUP0038,PRD0023,2026-05-13,297,1308.61,USD,388657.17,fulfilled
PO000028,SUP0013,PRD0015,2025-10-24,680,4.86,USD,3304.8,open
PO000029,SUP0002,PRD0060,2026-02-26,124,71.47,USD,8862.28,fulfilled
PO000030,SUP0037,PRD0064,2025-09-14,218,2.45,USD,534.1,cancelled
PO000031,SUP0016,PRD0147,2024-11-15,500,1327.25,USD,663625.0,fulfilled
PO000032,SUP0017,PRD0132,2025-06-29,234,1298.66,USD,303886.44,fulfilled
PO000033,SUP0017,PRD0046,2025-04-11,544,2.73,USD,1485.12,fulfilled
PO000034,SUP0039,PRD0135,2024-10-22,157,38.96,USD,6116.72,fulfilled
PO000035,SUP0012,PRD0141,2025-08-03,415,111.37,USD,46218.55,fulfilled
PO000036,SUP0021,PRD0139,2024-10-23,222,20.91,USD,4642.02,fulfilled
PO000037,SUP0020,PRD0068,2024-11-04,100,5280.8,USD,528080.0,fulfilled
PO000038,SUP0022,PRD0091,2025-06-23,403,1976.87,USD,796678.61,fulfilled
PO000039,SUP0001,PRD0122,2026-07-01,494,46.88,USD,23158.72,fulfilled
PO000040,SUP0028,PRD0143,2025-03-31,33,4.12,USD,135.96,fulfilled
PO000041,SUP0002,PRD0122,2025-06-18,820,583.56,USD,478519.2,fulfilled
PO000042,SUP0008,PRD0062,2026-05-11,408,627.55,USD,256040.4,fulfilled
PO000043,SUP0005,PRD0007,2026-03-03,207,10.3,USD,2132.1,fulfilled
PO000044,SUP0029,PRD0141,2025-11-23,150,176.38,USD,26457.0,fulfilled
PO000045,SUP0017,PRD0075,2024-09-22,35,16.16,USD,565.6,fulfilled
PO000046,SUP0025,PRD0147,2025-09-04,47,2737.0,USD,128639.0,fulfilled
PO000047,SUP0015,PRD0081,2026-03-17,478,33.68,USD,16099.04,open
PO000048,SUP0002,PRD0124,2025-12-15,67,3322.58,USD,222612.86,fulfilled
PO000049,SUP0019,PRD0038,2024-09-29,190,2.31,USD,438.9,fulfilled
PO000050,SUP0034,PRD0012,2024-10-14,1023,3.1,USD,3171.3,fulfilled
PO000051,SUP0017,PRD0111,2025-02-21,71,680.84,USD,48339.64,fulfilled
PO000052,SUP0018,PRD0054,2026-08-20,1182,9.08,USD,10732.56,fulfilled
PO000053,SUP0010,PRD0114,2025-03-22,490,761.27,USD,373022.3,fulfilled
PO000054,SUP0037,PRD0085,2025-11-09,298,772.51,USD,230207.98,fulfilled
PO000055,SUP0037,PRD0074,2025-11-18,287,2.46,USD,706.02,fulfilled
PO000056,SUP0037,PRD0044,2025-06-03,236,2.33,USD,549.88,fulfilled
PO000057,SUP0020,PRD0065,2025-05-31,310,6009.21,USD,1862855.1,open
PO000058,SUP0040,PRD0075,2025-12-25,355,2.48,USD,880.4,fulfilled
PO000059,SUP0004,PRD0064,2025-09-05,447,560.39,USD,250494.33,cancelled
PO000060,SUP0020,PRD0091,2025-07-16,201,80.96,USD,16272.96,fulfilled
PO000061,SUP0036,PRD0066,2025-05-27,430,2.41,USD,1036.3,fulfilled
PO000062,SUP0010,PRD0133,2026-05-11,338,1210.02,USD,408986.76,fulfilled
PO000063,SUP0010,PRD0031,2024-09-16,467,521.24,USD,243419.08,fulfilled
PO000064,SUP0001,PRD0018,2025-12-09,195,238.43,USD,46493.85,fulfilled
PO000065,SUP0006,PRD0064,2025-12-25,421,514.57,USD,216633.97,open
PO000066,SUP0035,PRD0121,2024-10-23,486,948.08,USD,460766.88,fulfilled
PO000067,SUP0038,PRD0083,2024-11-04,292,26.79,USD,7822.68,fulfilled
PO000068,SUP0001,PRD0015,2025-10-10,655,136.44,USD,89368.2,fulfilled
PO000069,SUP0003,PRD0013,2026-06-06,120,644.83,USD,77379.6,open
PO000070,SUP0009,PRD0150,2024-12-17,197,2.31,USD,455.07,open
PO000071,SUP0001,PRD0007,2025-01-28,87,43.81,USD,3811.47,fulfilled
PO000072,SUP0011,PRD0007,2025-11-22,352,1234.51,USD,434547.52,fulfilled
PO000073,SUP0003,PRD0066,2026-04-17,237,107.09,USD,25380.33,fulfilled
PO000074,SUP0014,PRD0070,2025-08-06,481,13.18,USD,6339.58,fulfilled
PO000075,SUP0004,PRD0075,2025-10-26,234,2.65,USD,620.1,fulfilled
PO000076,SUP0008,PRD0003,2025-01-09,353,186.06,USD,65679.18,fulfilled
PO000077,SUP0011,PRD0095,2024-11-06,307,390.4,USD,119852.8,fulfilled
PO000078,SUP0021,PRD0005,2026-08-11,256,379.9,USD,97254.4,cancelled
PO000079,SUP0012,PRD0132,2026-02-03,235,518.73,USD,121901.55,fulfilled
PO000080,SUP0037,PRD0122,2024-09-25,233,6.41,USD,1493.53,open
PO000081,SUP0040,PRD0063,2026-03-18,41,981.57,USD,40244.37,fulfilled
PO000082,SUP0040,PRD0095,2024-10-09,128,103.62,USD,13263.36,fulfilled
PO000083,SUP0004,PRD0135,2026-08-07,112,2.35,USD,263.2,open
PO000084,SUP0001,PRD0070,2026-01-06,1397,65.65,USD,91713.05,fulfilled
PO000085,SUP0036,PRD0004,2026-04-30,73,3.77,USD,275.21,fulfilled
PO000086,SUP0024,PRD0103,2024-12-18,653,16.59,USD,10833.27,fulfilled
PO000087,SUP0037,PRD0043,2025-12-07,190,52.59,USD,9992.1,open
PO000088,SUP0017,PRD0141,2025-10-15,38,3.57,USD,135.66,fulfilled
PO000089,SUP0026,PRD0144,2026-04-15,175,4.05,USD,708.75,fulfilled
PO000090,SUP0026,PRD0136,2025-10-24,679,393.65,USD,267288.35,fulfilled
PO000091,SUP0028,PRD0100,2025-04-05,191,2.96,USD,565.36,fulfilled
PO000092,SUP0005,PRD0048,2026-08-19,201,18.29,USD,3676.29,open
PO000093,SUP0025,PRD0112,2025-05-06,222,1735.75,USD,385336.5,fulfilled
PO000094,SUP0026,PRD0070,2025-11-03,238,2.31,USD,549.78,open
PO000095,SUP0016,PRD0112,2026-06-18,27,176.29,USD,4759.83,fulfilled
PO000096,SUP0019,PRD0068,2025-05-09,149,2.31,USD,344.19,open
PO000097,SUP0036,PRD0028,2024-11-27,220,609.14,USD,134010.8,fulfilled
PO000098,SUP0026,PRD0074,2025-04-01,1038,52.94,USD,54951.72,fulfilled
PO000099,SUP0007,PRD0021,2025-07-16,324,2.31,USD,748.44,fulfilled
PO000100,SUP0003,PRD0078,2024-12-16,483,26.32,USD,12712.56,open
PO000101,SUP0008,PRD0114,2025-04-27,88,5.48,USD,482.24,fulfilled
PO000102,SUP0014,PRD0128,2026-07-31,408,47.77,USD,19490.16,fulfilled
PO000103,SUP0027,PRD0082,2025-01-28,701,502.16,USD,352014.16,fulfilled
PO000104,SUP0009,PRD0147,2026-03-23,44,594.65,USD,26164.6,fulfilled
PO000105,SUP0010,PRD0120,2026-04-19,430,158.57,USD,68185.1,open
PO000106,SUP0033,PRD0084,2026-06-28,175,1687.23,USD,295265.25,fulfilled
PO000107,SUP0025,PRD0030,2026-06-29,330,2607.77,USD,860564.1,fulfilled
PO000108,SUP0015,PRD0015,2026-03-08,55,934.48,USD,51396.4,fulfilled
PO000109,SUP0007,PRD0028,2024-10-22,261,6.74,USD,1759.14,fulfilled
PO000110,SUP0001,PRD0105,2026-05-05,223,1076.03,USD,239954.69,open
PO000111,SUP0017,PRD0135,2026-04-10,90,749.45,USD,67450.5,fulfilled
PO000112,SUP0025,PRD0115,2025-12-12,154,76.86,USD,11836.44,fulfilled
PO000113,SUP0036,PRD0057,2024-11-06,59,31.14,USD,1837.26,fulfilled
PO000114,SUP0039,PRD0018,2025-06-08,204,250.91,USD,51185.64,open
PO000115,SUP0019,PRD0066,2026-04-11,216,3897.75,USD,841914.0,open
PO000116,SUP0011,PRD0091,2025-07-05,325,84.23,USD,27374.75,fulfilled
PO000117,SUP0038,PRD0058,2025-08-22,679,206.28,USD,140064.12,fulfilled
PO000118,SUP0040,PRD0105,2024-10-10,290,2.31,USD,669.9,open
PO000119,SUP0030,PRD0108,2024-12-14,80,3.23,USD,258.4,fulfilled
PO000120,SUP0008,PRD0059,2026-04-26,62,2.68,USD,166.16,open
PO000121,SUP0027,PRD0104,2025-06-03,119,63.36,USD,7539.84,fulfilled
PO000122,SUP0021,PRD0043,2025-12-03,101,68.28,USD,6896.28,open
PO000123,SUP0022,PRD0083,2026-05-20,518,4.92,USD,2548.56,fulfilled
PO000124,SUP0028,PRD0023,2025-10-14,113,255.01,USD,28816.13,fulfilled
PO000125,SUP0012,PRD0133,2024-11-27,331,68.22,USD,22580.82,fulfilled
PO000126,SUP0010,PRD0141,2025-05-23,330,1863.03,USD,614799.9,fulfilled
PO000127,SUP0009,PRD0136,2025-08-10,522,74.56,USD,38920.32,open
PO000128,SUP0020,PRD0041,2025-03-04,129,2195.05,USD,283161.45,fulfilled
PO000129,SUP0040,PRD0133,2025-01-04,85,873.8,USD,74273.0,open
PO000130,SUP0004,PRD0125,2026-08-30,513,1150.38,USD,590144.94,fulfilled
PO000131,SUP0012,PRD0035,2025-10-09,88,17.42,USD,1532.96,fulfilled
PO000132,SUP0006,PRD0045,2025-05-27,185,37.8,USD,6993.0,open
PO000133,SUP0032,PRD0104,2024-12-10,472,15.06,USD,7108.32,fulfilled
PO000134,SUP0023,PRD0005,2024-12-07,442,212.65,USD,93991.3,fulfilled
PO000135,SUP0021,PRD0062,2024-10-08,160,9.03,USD,1444.8,fulfilled
PO000136,SUP0030,PRD0132,2026-08-25,433,4.69,USD,2030.77,fulfilled
PO000137,SUP0027,PRD0038,2025-01-27,235,2304.68,USD,541599.8,open
PO000138,SUP0007,PRD0084,2024-12-30,80,6.18,USD,494.4,fulfilled
PO000139,SUP0006,PRD0091,2024-10-24,31,2.32,USD,71.92,fulfilled
PO000140,SUP0035,PRD0102,2026-06-01,175,53.91,USD,9434.25,fulfilled
PO000141,SUP0036,PRD0144,2025-06-05,397,11.1,USD,4406.7,fulfilled
PO000142,SUP0004,PRD0106,2025-08-06,412,4.91,USD,2022.92,fulfilled
PO000143,SUP0015,PRD0105,2025-12-17,133,15.56,USD,2069.48,fulfilled
PO000144,SUP0005,PRD0007,2024-12-23,179,27.13,USD,4856.27,open
PO000145,SUP0031,PRD0091,2025-08-02,332,72.52,USD,24076.64,open
PO000146,SUP0004,PRD0055,2026-01-28,159,16.4,USD,2607.6,fulfilled
PO000147,SUP0004,PRD0083,2026-03-29,407,212.53,USD,86499.71,fulfilled
PO000148,SUP0026,PRD0007,2025-02-17,132,1979.31,USD,261268.92,open
PO000149,SUP0002,PRD0111,2025-09-19,110,76.83,USD,8451.3,open
PO000150,SUP0036,PRD0016,2026-03-10,537,948.83,USD,509521.71,fulfilled
PO000151,SUP0036,PRD0084,2025-07-17,238,39.98,USD,9515.24,fulfilled
PO000152,SUP0034,PRD0037,2026-08-02,49,679.89,USD,33314.61,fulfilled
PO000153,SUP0039,PRD0079,2026-08-14,621,3033.43,USD,1883760.03,fulfilled
PO000154,SUP0019,PRD0020,2025-01-24,1186,3275.45,USD,3884683.7,fulfilled
PO000155,SUP0016,PRD0005,2024-11-16,30,20.69,USD,620.7,fulfilled
PO000156,SUP0037,PRD0081,2025-08-05,439,42.02,USD,18446.78,fulfilled
PO000157,SUP0010,PRD0070,2026-04-02,491,374.23,USD,183746.93,fulfilled
PO000158,SUP0013,PRD0063,2025-04-27,390,2.31,USD,900.9,open
PO000159,SUP0029,PRD0141,2024-12-12,52,154.11,USD,8013.72,fulfilled
PO000160,SUP0018,PRD0064,2026-04-04,234,56.64,USD,13253.76,fulfilled
PO000161,SUP0034,PRD0040,2025-01-22,101,3.48,USD,351.48,fulfilled
PO000162,SUP0010,PRD0040,2025-05-19,764,623.93,USD,476682.52,fulfilled
PO000163,SUP0036,PRD0070,2026-08-20,320,451.62,USD,144518.4,fulfilled
PO000164,SUP0001,PRD0051,2026-03-29,49,298.3,USD,14616.7,cancelled
PO000165,SUP0008,PRD0097,2025-05-18,745,1516.66,USD,1129911.7,cancelled
PO000166,SUP0017,PRD0016,2025-08-04,139,2.66,USD,369.74,fulfilled
PO000167,SUP0031,PRD0034,2025-09-29,1189,10.81,USD,12853.09,fulfilled
PO000168,SUP0019,PRD0053,2026-07-26,572,2040.75,USD,1167309.0,fulfilled
PO000169,SUP0013,PRD0040,2026-03-16,286,1457.04,USD,416713.44,fulfilled
PO000170,SUP0029,PRD0137,2025-07-08,112,29.0,USD,3248.0,fulfilled
PO000171,SUP0017,PRD0140,2025-05-13,62,95.57,USD,5925.34,fulfilled
PO000172,SUP0005,PRD0069,2026-06-19,197,2.39,USD,470.83,fulfilled
PO000173,SUP0001,PRD0102,2025-10-13,499,1236.72,USD,617123.28,fulfilled
PO000174,SUP0036,PRD0040,2025-04-02,684,23.41,USD,16012.44,fulfilled
PO000175,SUP0011,PRD0062,2025-03-18,56,606.67,USD,33973.52,fulfilled
PO000176,SUP0008,PRD0045,2024-09-30,61,1421.6,USD,86717.6,fulfilled
PO000177,SUP0021,PRD0016,2026-07-19,433,351.83,USD,152342.39,cancelled
PO000178,SUP0030,PRD0142,2026-08-08,825,5941.76,USD,4901952.0,fulfilled
PO000179,SUP0013,PRD0136,2024-09-28,53,147.48,USD,7816.44,fulfilled
PO000180,SUP0024,PRD0079,2024-10-09,533,1139.96,USD,607598.68,fulfilled
PO000181,SUP0019,PRD0102,2026-04-11,74,743.82,USD,55042.68,fulfilled
PO000182,SUP0016,PRD0083,2026-07-16,141,7.9,USD,1113.9,fulfilled
PO000183,SUP0001,PRD0079,2025-05-01,271,4.82,USD,1306.22,fulfilled
PO000184,SUP0016,PRD0027,2025-09-19,675,224.68,USD,151659.0,fulfilled
PO000185,SUP0031,PRD0081,2024-12-12,59,4400.6,USD,259635.4,fulfilled
PO000186,SUP0037,PRD0084,2026-03-29,627,2.37,USD,1485.99,fulfilled
PO000187,SUP0027,PRD0108,2025-04-06,343,1068.79,USD,366594.97,fulfilled
PO000188,SUP0025,PRD0106,2024-09-26,89,2.31,USD,205.59,fulfilled
PO000189,SUP0036,PRD0122,2024-09-29,146,2.31,USD,337.26,fulfilled
PO000190,SUP0017,PRD0091,2026-03-03,159,99.97,USD,15895.23,fulfilled
PO000191,SUP0033,PRD0074,2025-11-16,478,2618.93,USD,1251848.54,fulfilled
PO000192,SUP0019,PRD0027,2024-09-21,155,550.49,USD,85325.95,fulfilled
PO000193,SUP0016,PRD0003,2025-09-13,99,3962.44,USD,392281.56,fulfilled
PO000194,SUP0023,PRD0124,2025-07-23,354,147.86,USD,52342.44,fulfilled
PO000195,SUP0032,PRD0051,2026-07-16,433,2318.54,USD,1003927.82,fulfilled
PO000196,SUP0004,PRD0075,2026-03-07,41,2.86,USD,117.26,fulfilled
PO000197,SUP0019,PRD0106,2025-04-18,173,848.23,USD,146743.79,fulfilled
PO000198,SUP0035,PRD0137,2026-03-18,71,106.57,USD,7566.47,fulfilled
PO000199,SUP0032,PRD0017,2025-04-27,245,156.92,USD,38445.4,fulfilled
PO000200,SUP0033,PRD0111,2025-05-29,1444,30.62,USD,44215.28,fulfilled
PO000201,SUP0019,PRD0095,2025-05-02,215,130.46,USD,28048.9,fulfilled
PO000202,SUP0002,PRD0035,2025-04-01,196,18.8,USD,3684.8,fulfilled
PO000203,SUP0013,PRD0078,2025-07-17,330,166.16,USD,54832.8,fulfilled
PO000204,SUP0007,PRD0117,2024-11-20,219,265.46,USD,58135.74,fulfilled
PO000205,SUP0038,PRD0075,2026-01-28,369,512.23,USD,189012.87,fulfilled
PO000206,SUP0031,PRD0112,2025-03-16,835,2.48,USD,2070.8,fulfilled
PO000207,SUP0030,PRD0002,2025-09-28,477,4.73,USD,2256.21,fulfilled
PO000208,SUP0032,PRD0013,2026-06-03,78,2.88,USD,224.64,fulfilled
PO000209,SUP0004,PRD0110,2026-03-15,65,6.43,USD,417.95,open
PO000210,SUP0030,PRD0110,2026-08-03,596,1059.5,USD,631462.0,open
PO000211,SUP0009,PRD0136,2025-01-07,181,452.08,USD,81826.48,fulfilled
PO000212,SUP0012,PRD0026,2024-11-20,360,410.64,USD,147830.4,fulfilled
PO000213,SUP0001,PRD0074,2025-01-02,38,13.54,USD,514.52,fulfilled
PO000214,SUP0027,PRD0012,2025-01-23,565,254.64,USD,143871.6,fulfilled
PO000215,SUP0002,PRD0079,2024-11-20,634,9.25,USD,5864.5,fulfilled
PO000216,SUP0017,PRD0042,2025-03-17,240,1731.92,USD,415660.8,fulfilled
PO000217,SUP0005,PRD0057,2025-11-30,303,87.66,USD,26560.98,fulfilled
PO000218,SUP0036,PRD0035,2026-02-26,572,1323.06,USD,756790.32,fulfilled
PO000219,SUP0008,PRD0064,2025-09-03,70,19.38,USD,1356.6,fulfilled
PO000220,SUP0037,PRD0087,2025-11-19,41,12.14,USD,497.74,fulfilled
PO000221,SUP0036,PRD0108,2025-09-06,699,7.61,USD,5319.39,fulfilled
PO000222,SUP0019,PRD0132,2024-11-09,777,178.65,USD,138811.05,fulfilled
PO000223,SUP0035,PRD0111,2026-01-04,384,5.09,USD,1954.56,fulfilled
PO000224,SUP0036,PRD0045,2025-05-13,339,289.0,USD,97971.0,cancelled
PO000225,SUP0005,PRD0044,2024-12-17,740,7.21,USD,5335.4,fulfilled
PO000226,SUP0013,PRD0066,2024-10-12,310,1126.11,USD,349094.1,fulfilled
PO000227,SUP0019,PRD0037,2026-01-23,416,2.31,USD,960.96,fulfilled
PO000228,SUP0019,PRD0048,2026-01-10,489,189.13,USD,92484.57,open
PO000229,SUP0006,PRD0111,2025-08-05,614,865.86,USD,531638.04,fulfilled
PO000230,SUP0010,PRD0062,2025-09-20,647,1791.34,USD,1158996.98,fulfilled
PO000231,SUP0010,PRD0070,2024-10-28,26,48.66,USD,1265.16,fulfilled
PO000232,SUP0030,PRD0038,2025-11-30,178,2.58,USD,459.24,fulfilled
PO000233,SUP0031,PRD0027,2026-07-17,440,536.66,USD,236130.4,fulfilled
PO000234,SUP0015,PRD0035,2026-08-30,261,98.71,USD,25763.31,cancelled
PO000235,SUP0022,PRD0137,2024-11-11,956,2.42,USD,2313.52,fulfilled
PO000236,SUP0014,PRD0103,2025-12-15,249,2.48,USD,617.52,fulfilled
PO000237,SUP0005,PRD0068,2025-06-06,829,445.93,USD,369675.97,fulfilled
PO000238,SUP0022,PRD0071,2026-07-23,35,13.62,USD,476.7,fulfilled
PO000239,SUP0030,PRD0048,2024-10-17,351,2.42,USD,849.42,fulfilled
PO000240,SUP0015,PRD0057,2024-12-05,94,228.56,USD,21484.64,open
PO000241,SUP0025,PRD0070,2025-10-27,158,71.52,USD,11300.16,open
PO000242,SUP0032,PRD0133,2024-12-06,534,4.74,USD,2531.16,open
PO000243,SUP0008,PRD0114,2026-03-11,54,73.63,USD,3976.02,fulfilled
PO000244,SUP0037,PRD0070,2025-06-26,495,750.98,USD,371735.1,open
PO000245,SUP0040,PRD0040,2024-09-30,205,1907.2,USD,390976.0,fulfilled
PO000246,SUP0018,PRD0058,2025-11-28,445,2.6,USD,1157.0,fulfilled
PO000247,SUP0006,PRD0109,2025-09-14,110,1855.62,USD,204118.2,fulfilled
PO000248,SUP0012,PRD0064,2025-04-10,393,2048.07,USD,804891.51,cancelled
PO000249,SUP0024,PRD0091,2025-03-08,33,2.55,USD,84.15,fulfilled
PO000250,SUP0001,PRD0040,2024-11-01,219,1098.99,USD,240678.81,fulfilled
PO000251,SUP0036,PRD0004,2026-01-05,138,386.7,USD,53364.6,fulfilled
PO000252,SUP0022,PRD0044,2025-05-27,259,559.64,USD,144946.76,fulfilled
PO000253,SUP0004,PRD0090,2025-03-13,58,58.42,USD,3388.36,fulfilled
PO000254,SUP0018,PRD0136,2026-02-02,308,43.96,USD,13539.68,fulfilled
PO000255,SUP0001,PRD0055,2025-03-24,498,3179.45,USD,1583366.1,fulfilled
PO000256,SUP0001,PRD0043,2025-01-29,64,565.09,USD,36165.76,fulfilled
PO000257,SUP0008,PRD0040,2024-12-04,76,953.81,USD,72489.56,fulfilled
PO000258,SUP0001,PRD0021,2025-11-18,729,118.06,USD,86065.74,open
PO000259,SUP0001,PRD0051,2025-09-15,481,33.11,USD,15925.91,fulfilled
PO000260,SUP0023,PRD0105,2026-03-11,109,24.5,USD,2670.5,fulfilled
PO000261,SUP0040,PRD0081,2026-04-09,247,2.31,USD,570.57,open
PO000262,SUP0030,PRD0012,2024-10-22,247,43.59,USD,10766.73,fulfilled
PO000263,SUP0008,PRD0030,2024-11-20,339,7.17,USD,2430.63,fulfilled
PO000264,SUP0005,PRD0095,2026-07-08,517,1282.16,USD,662876.72,fulfilled
PO000265,SUP0006,PRD0024,2025-03-10,306,35.59,USD,10890.54,fulfilled
PO000266,SUP0017,PRD0053,2026-01-10,50,98.94,USD,4947.0,fulfilled
PO000267,SUP0013,PRD0083,2025-08-02,247,207.52,USD,51257.44,fulfilled
PO000268,SUP0023,PRD0097,2025-05-04,147,7.3,USD,1073.1,open
PO000269,SUP0033,PRD0148,2025-11-05,888,971.22,USD,862443.36,open
PO000270,SUP0024,PRD0003,2025-06-01,715,20.23,USD,14464.45,fulfilled
PO000271,SUP0007,PRD0038,2025-06-05,396,5.96,USD,2360.16,fulfilled
PO000272,SUP0003,PRD0045,2025-09-23,395,515.63,USD,203673.85,fulfilled
PO000273,SUP0017,PRD0032,2026-04-16,82,683.38,USD,56037.16,fulfilled
PO000274,SUP0007,PRD0035,2025-02-10,514,46.13,USD,23710.82,fulfilled
PO000275,SUP0020,PRD0041,2025-08-19,168,280.77,USD,47169.36,fulfilled
PO000276,SUP0009,PRD0036,2025-06-28,509,9.83,USD,5003.47,open
PO000277,SUP0017,PRD0057,2025-08-03,937,3187.37,USD,2986565.69,open
PO000278,SUP0010,PRD0100,2026-02-26,949,74.58,USD,70776.42,fulfilled
PO000279,SUP0021,PRD0141,2024-11-17,341,88.16,USD,30062.56,open
PO000280,SUP0039,PRD0083,2025-08-18,86,4.37,USD,375.82,fulfilled
PO000281,SUP0004,PRD0084,2026-02-25,42,371.57,USD,15605.94,fulfilled
PO000282,SUP0010,PRD0064,2026-05-06,469,55.7,USD,26123.3,fulfilled
PO000283,SUP0036,PRD0004,2026-02-24,391,1418.26,USD,554539.66,fulfilled
PO000284,SUP0040,PRD0044,2025-01-24,211,6.99,USD,1474.89,fulfilled
PO000285,SUP0034,PRD0027,2025-03-09,345,37.69,USD,13003.05,fulfilled
PO000286,SUP0004,PRD0136,2025-08-05,65,611.09,USD,39720.85,fulfilled
PO000287,SUP0036,PRD0125,2025-02-15,234,434.78,USD,101738.52,open
PO000288,SUP0030,PRD0070,2024-09-17,580,70.73,USD,41023.4,fulfilled
PO000289,SUP0018,PRD0024,2026-01-03,607,9.03,USD,5481.21,fulfilled
PO000290,SUP0004,PRD0057,2026-05-02,173,267.73,USD,46317.29,fulfilled
PO000291,SUP0013,PRD0105,2024-11-23,115,43.29,USD,4978.35,fulfilled
PO000292,SUP0007,PRD0070,2025-03-31,918,7.61,USD,6985.98,fulfilled
PO000293,SUP0036,PRD0136,2026-03-06,98,78.58,USD,7700.84,fulfilled
PO000294,SUP0003,PRD0011,2025-10-24,193,3140.55,USD,606126.15,fulfilled
PO000295,SUP0019,PRD0139,2026-06-13,231,608.15,USD,140482.65,cancelled
PO000296,SUP0037,PRD0021,2025-05-22,49,1336.65,USD,65495.85,fulfilled
PO000297,SUP0019,PRD0057,2024-12-01,73,327.03,USD,23873.19,open
PO000298,SUP0037,PRD0077,2026-08-07,495,119.24,USD,59023.8,open
PO000299,SUP0015,PRD0097,2025-05-08,457,57.06,USD,26076.42,fulfilled
PO000300,SUP0035,PRD0013,2026-02-14,344,4.47,USD,1537.68,fulfilled
PO000301,SUP0028,PRD0065,2026-01-30,50,325.93,USD,16296.5,fulfilled
PO000302,SUP0030,PRD0082,2025-07-19,141,1393.59,USD,196496.19,fulfilled
PO000303,SUP0005,PRD0066,2025-04-14,211,265.9,USD,56104.9,fulfilled
PO000304,SUP0010,PRD0023,2024-10-17,131,448.5,USD,58753.5,fulfilled
PO000305,SUP0021,PRD0019,2026-06-15,469,3111.11,USD,1459110.59,fulfilled
PO000306,SUP0008,PRD0102,2026-08-09,125,77.98,USD,9747.5,open
PO000307,SUP0026,PRD0140,2024-10-10,502,6.94,USD,3483.88,fulfilled
PO000308,SUP0014,PRD0095,2026-02-14,168,2.31,USD,388.08,fulfilled
PO000309,SUP0017,PRD0089,2025-11-17,210,654.07,USD,137354.7,fulfilled
PO000310,SUP0037,PRD0015,2025-08-14,899,1355.21,USD,1218333.79,fulfilled
PO000311,SUP0003,PRD0075,2026-03-16,402,2.31,USD,928.62,fulfilled
PO000312,SUP0015,PRD0147,2025-02-14,382,9.34,USD,3567.88,open
PO000313,SUP0018,PRD0026,2026-08-01,122,56.03,USD,6835.66,fulfilled
PO000314,SUP0036,PRD0018,2026-06-01,499,390.77,USD,194994.23,cancelled
PO000315,SUP0026,PRD0040,2026-08-15,364,19.23,USD,6999.72,fulfilled
PO000316,SUP0014,PRD0066,2025-04-30,230,2.4,USD,552.0,fulfilled
PO000317,SUP0036,PRD0074,2026-03-11,49,4.15,USD,203.35,open
PO000318,SUP0031,PRD0117,2025-02-20,795,22.51,USD,17895.45,open
PO000319,SUP0014,PRD0109,2026-08-25,256,4964.42,USD,1270891.52,fulfilled
PO000320,SUP0024,PRD0013,2025-12-15,344,552.65,USD,190111.6,fulfilled
PO000321,SUP0012,PRD0141,2026-01-08,207,2396.19,USD,496011.33,fulfilled
PO000322,SUP0005,PRD0118,2025-01-19,367,2.33,USD,855.11,fulfilled
PO000323,SUP0016,PRD0095,2025-01-03,1123,4.66,USD,5233.18,fulfilled
PO000324,SUP0010,PRD0105,2025-11-13,117,291.51,USD,34106.67,fulfilled
PO000325,SUP0033,PRD0057,2025-09-02,63,671.84,USD,42325.92,fulfilled
PO000326,SUP0027,PRD0035,2026-08-30,867,6.54,USD,5670.18,fulfilled
PO000327,SUP0006,PRD0091,2024-09-18,193,2235.56,USD,431463.08,cancelled
PO000328,SUP0014,PRD0020,2025-10-12,173,827.97,USD,143238.81,fulfilled
PO000329,SUP0019,PRD0048,2025-06-30,319,4.1,USD,1307.9,fulfilled
PO000330,SUP0005,PRD0044,2025-09-25,96,3429.51,USD,329232.96,fulfilled
PO000331,SUP0007,PRD0066,2026-08-11,28,2.52,USD,70.56,fulfilled
PO000332,SUP0005,PRD0112,2026-08-03,61,87.92,USD,5363.12,fulfilled
PO000333,SUP0026,PRD0035,2026-08-28,110,203.17,USD,22348.7,open
PO000334,SUP0034,PRD0048,2025-03-13,104,693.64,USD,72138.56,cancelled
PO000335,SUP0033,PRD0135,2025-06-13,1030,110.05,USD,113351.5,open
PO000336,SUP0029,PRD0044,2025-12-26,141,1064.93,USD,150155.13,fulfilled
PO000337,SUP0003,PRD0091,2025-03-05,350,1387.27,USD,485544.5,fulfilled
PO000338,SUP0031,PRD0032,2025-06-21,28,8.46,USD,236.88,cancelled
PO000339,SUP0035,PRD0083,2025-01-19,312,320.1,USD,99871.2,fulfilled
PO000340,SUP0036,PRD0049,2025-11-08,192,109.15,USD,20956.8,fulfilled
PO000341,SUP0014,PRD0100,2025-11-30,35,21.66,USD,758.1,fulfilled
PO000342,SUP0006,PRD0118,2025-09-01,372,651.71,USD,242436.12,fulfilled
PO000343,SUP0031,PRD0147,2024-09-10,766,91.31,USD,69943.46,fulfilled
PO000344,SUP0004,PRD0056,2026-03-07,104,841.79,USD,87546.16,fulfilled
PO000345,SUP0009,PRD0049,2025-12-16,861,1928.48,USD,1660421.28,cancelled
PO000346,SUP0015,PRD0147,2024-10-31,63,7.8,USD,491.4,fulfilled
PO000347,SUP0026,PRD0097,2025-06-04,247,739.04,USD,182542.88,open
PO000348,SUP0039,PRD0096,2024-09-25,452,932.38,USD,421435.76,fulfilled
PO000349,SUP0001,PRD0118,2026-07-09,33,565.03,USD,18645.99,fulfilled
PO000350,SUP0030,PRD0024,2025-03-23,298,489.54,USD,145882.92,fulfilled
PO000351,SUP0010,PRD0132,2024-11-21,145,4.97,USD,720.65,fulfilled
PO000352,SUP0020,PRD0133,2025-01-21,502,10.87,USD,5456.74,fulfilled
PO000353,SUP0033,PRD0058,2026-07-02,501,76.9,USD,38526.9,fulfilled
PO000354,SUP0006,PRD0045,2024-12-19,93,490.17,USD,45585.81,fulfilled
PO000355,SUP0019,PRD0081,2025-04-08,309,851.52,USD,263119.68,open
PO000356,SUP0040,PRD0104,2025-06-27,371,2674.99,USD,992421.29,open
PO000357,SUP0021,PRD0148,2025-05-24,113,68.52,USD,7742.76,fulfilled
PO000358,SUP0002,PRD0141,2025-02-18,105,2329.05,USD,244550.25,fulfilled
PO000359,SUP0029,PRD0139,2024-11-05,138,773.12,USD,106690.56,cancelled
PO000360,SUP0021,PRD0083,2025-12-29,383,3.75,USD,1436.25,fulfilled
PO000361,SUP0038,PRD0082,2025-09-03,56,476.81,USD,26701.36,fulfilled
PO000362,SUP0009,PRD0062,2025-04-16,459,1001.53,USD,459702.27,open
PO000363,SUP0004,PRD0036,2025-07-14,76,139.19,USD,10578.44,fulfilled
PO000364,SUP0037,PRD0057,2025-08-11,447,178.97,USD,79999.59,fulfilled
PO000365,SUP0030,PRD0071,2025-02-08,908,48.1,USD,43674.8,fulfilled
PO000366,SUP0037,PRD0132,2025-04-02,247,2665.06,USD,658269.82,open
PO000367,SUP0037,PRD0111,2024-10-07,479,293.27,USD,140476.33,fulfilled
PO000368,SUP0025,PRD0079,2025-04-25,553,1586.35,USD,877251.55,cancelled
PO000369,SUP0038,PRD0081,2025-03-20,201,335.1,USD,67355.1,fulfilled
PO000370,SUP0040,PRD0084,2025-02-07,273,1035.87,USD,282792.51,fulfilled
PO000371,SUP0010,PRD0068,2026-03-16,220,5.06,USD,1113.2,fulfilled
PO000372,SUP0038,PRD0091,2025-05-14,39,128.37,USD,5006.43,fulfilled
PO000373,SUP0036,PRD0066,2024-12-15,510,2.36,USD,1203.6,fulfilled
PO000374,SUP0027,PRD0046,2025-02-01,284,318.2,USD,90368.8,fulfilled
PO000375,SUP0030,PRD0040,2025-11-08,314,114.82,USD,36053.48,fulfilled
PO000376,SUP0030,PRD0112,2025-06-05,946,234.17,USD,221524.82,fulfilled
PO000377,SUP0031,PRD0055,2024-09-10,235,133.5,USD,31372.5,fulfilled
PO000378,SUP0004,PRD0016,2024-11-16,619,789.3,USD,488576.7,fulfilled
PO000379,SUP0010,PRD0081,2026-05-06,150,290.61,USD,43591.5,fulfilled
PO000380,SUP0040,PRD0095,2024-11-14,55,3.89,USD,213.95,fulfilled
PO000381,SUP0001,PRD0121,2026-03-10,1497,1755.36,USD,2627773.92,fulfilled
PO000382,SUP0012,PRD0110,2025-08-24,1103,233.92,USD,258013.76,fulfilled
PO000383,SUP0026,PRD0010,2025-04-17,530,6092.27,USD,3228903.1,open
PO000384,SUP0017,PRD0024,2024-10-04,943,426.58,USD,402264.94,fulfilled
PO000385,SUP0034,PRD0120,2025-04-27,276,50.92,USD,14053.92,fulfilled
PO000386,SUP0010,PRD0064,2026-06-03,155,127.9,USD,19824.5,cancelled
PO000387,SUP0025,PRD0004,2026-02-27,405,221.17,USD,89573.85,fulfilled
PO000388,SUP0021,PRD0133,2025-07-05,286,2625.74,USD,750961.64,cancelled
PO000389,SUP0001,PRD0147,2024-10-15,72,265.38,USD,19107.36,fulfilled
PO000390,SUP0026,PRD0057,2024-09-09,214,355.67,USD,76113.38,fulfilled
PO000391,SUP0021,PRD0091,2025-09-17,39,2.31,USD,90.09,fulfilled
PO000392,SUP0016,PRD0038,2024-11-27,115,377.41,USD,43402.15,fulfilled
PO000393,SUP0013,PRD0103,2025-03-19,127,632.33,USD,80305.91,open
PO000394,SUP0013,PRD0055,2024-12-28,463,2.35,USD,1088.05,fulfilled
PO000395,SUP0023,PRD0143,2025-09-26,375,3104.39,USD,1164146.25,open
PO000396,SUP0032,PRD0134,2026-05-02,282,1224.36,USD,345269.52,cancelled
PO000397,SUP0019,PRD0105,2025-07-02,759,2002.37,USD,1519798.83,fulfilled
PO000398,SUP0030,PRD0104,2025-01-20,1386,228.91,USD,317269.26,fulfilled
PO000399,SUP0001,PRD0086,2026-04-06,210,1672.41,USD,351206.1,fulfilled
PO000400,SUP0040,PRD0064,2025-11-19,179,1468.85,USD,262924.15,cancelled
PO000401,SUP0005,PRD0145,2026-08-13,85,5.23,USD,444.55,fulfilled
PO000402,SUP0033,PRD0112,2025-11-26,361,764.6,USD,276020.6,fulfilled
PO000403,SUP0012,PRD0144,2025-01-04,395,472.59,USD,186673.05,open
PO000404,SUP0023,PRD0122,2024-09-26,322,969.28,USD,312108.16,fulfilled
PO000405,SUP0012,PRD0121,2026-02-23,61,373.78,USD,22800.58,fulfilled
PO000406,SUP0033,PRD0058,2026-03-18,227,2214.51,USD,502693.77,fulfilled
PO000407,SUP0019,PRD0020,2026-06-29,181,968.1,USD,175226.1,open
PO000408,SUP0009,PRD0092,2025-08-21,78,32.28,USD,2517.84,fulfilled
PO000409,SUP0019,PRD0082,2024-12-20,103,21.03,USD,2166.09,fulfilled
PO000410,SUP0003,PRD0024,2025-11-30,412,12.56,USD,5174.72,open
PO000411,SUP0019,PRD0046,2026-03-31,174,6.15,USD,1070.1,open
PO000412,SUP0002,PRD0117,2026-07-17,488,489.71,USD,238978.48,cancelled
PO000413,SUP0020,PRD0016,2026-04-14,247,2.37,USD,585.39,fulfilled
PO000414,SUP0012,PRD0083,2024-11-09,105,6.19,USD,649.95,fulfilled
PO000415,SUP0019,PRD0133,2025-08-19,168,341.28,USD,57335.04,fulfilled
PO000416,SUP0028,PRD0015,2024-11-06,183,7.69,USD,1407.27,fulfilled
PO000417,SUP0035,PRD0066,2026-04-11,172,2.98,USD,512.56,fulfilled
PO000418,SUP0010,PRD0082,2026-03-22,38,2.32,USD,88.16,open
PO000419,SUP0026,PRD0110,2024-12-12,154,672.29,USD,103532.66,fulfilled
PO000420,SUP0004,PRD0141,2025-02-22,111,106.76,USD,11850.36,fulfilled
PO000421,SUP0021,PRD0045,2026-08-07,192,2649.49,USD,508702.08,open
PO000422,SUP0034,PRD0072,2025-07-09,860,529.44,USD,455318.4,fulfilled
PO000423,SUP0036,PRD0011,2026-04-01,437,2133.3,USD,932252.1,fulfilled
PO000424,SUP0019,PRD0136,2025-10-01,132,260.81,USD,34426.92,fulfilled
PO000425,SUP0030,PRD0140,2026-05-30,49,134.04,USD,6567.96,fulfilled
PO000426,SUP0010,PRD0133,2025-05-09,840,3892.08,USD,3269347.2,fulfilled
PO000427,SUP0032,PRD0010,2024-10-30,115,138.95,USD,15979.25,fulfilled
PO000428,SUP0009,PRD0130,2024-12-20,127,174.96,USD,22219.92,fulfilled
PO000429,SUP0033,PRD0111,2025-03-30,322,5323.89,USD,1714292.58,fulfilled
PO000430,SUP0021,PRD0027,2025-10-13,101,2171.06,USD,219277.06,open
PO000431,SUP0017,PRD0016,2025-09-04,241,1741.1,USD,419605.1,fulfilled
PO000432,SUP0037,PRD0013,2024-12-27,563,293.9,USD,165465.7,open
PO000433,SUP0009,PRD0044,2025-08-23,214,525.77,USD,112514.78,open
PO000434,SUP0022,PRD0104,2026-08-26,96,69.05,USD,6628.8,fulfilled
PO000435,SUP0036,PRD0133,2025-02-26,284,255.01,USD,72422.84,fulfilled
PO000436,SUP0010,PRD0027,2024-12-01,65,2.54,USD,165.1,fulfilled
PO000437,SUP0037,PRD0105,2024-12-08,120,935.05,USD,112206.0,open
PO000438,SUP0006,PRD0097,2025-05-14,778,1087.59,USD,846145.02,fulfilled
PO000439,SUP0021,PRD0039,2025-08-19,100,2605.3,USD,260530.0,fulfilled
PO000440,SUP0019,PRD0079,2025-09-13,278,2176.35,USD,605025.3,fulfilled
PO000441,SUP0004,PRD0068,2025-03-06,611,2.89,USD,1765.79,fulfilled
PO000442,SUP0018,PRD0136,2024-09-04,428,11.95,USD,5114.6,fulfilled
PO000443,SUP0004,PRD0055,2024-10-10,54,632.8,USD,34171.2,fulfilled
PO000444,SUP0008,PRD0009,2024-09-07,257,323.52,USD,83144.64,cancelled
PO000445,SUP0035,PRD0069,2025-08-23,481,3598.06,USD,1730666.86,open
PO000446,SUP0006,PRD0040,2026-03-20,268,2.37,USD,635.16,fulfilled
PO000447,SUP0029,PRD0036,2026-02-28,347,3311.7,USD,1149159.9,fulfilled
PO000448,SUP0028,PRD0009,2025-03-09,469,704.49,USD,330405.81,fulfilled
PO000449,SUP0030,PRD0128,2024-12-24,592,443.74,USD,262694.08,fulfilled
PO000450,SUP0012,PRD0048,2026-01-13,193,2.56,USD,494.08,fulfilled
PO000451,SUP0020,PRD0016,2026-01-17,976,30.72,USD,29982.72,fulfilled
PO000452,SUP0008,PRD0016,2024-09-10,569,85.02,USD,48376.38,fulfilled
PO000453,SUP0020,PRD0075,2026-06-27,553,374.09,USD,206871.77,fulfilled
PO000454,SUP0004,PRD0037,2026-06-14,944,68.52,USD,64682.88,fulfilled
PO000455,SUP0023,PRD0070,2025-08-13,163,690.07,USD,112481.41,open
PO000456,SUP0004,PRD0148,2025-11-15,397,67.68,USD,26868.96,open
PO000457,SUP0031,PRD0091,2025-07-16,65,61.92,USD,4024.8,fulfilled
PO000458,SUP0031,PRD0133,2024-11-26,124,1375.89,USD,170610.36,open
PO000459,SUP0015,PRD0144,2024-12-27,115,78.56,USD,9034.4,fulfilled
PO000460,SUP0035,PRD0084,2025-06-26,180,52.25,USD,9405.0,fulfilled
PO000461,SUP0019,PRD0014,2025-08-25,210,1462.3,USD,307083.0,open
PO000462,SUP0008,PRD0106,2025-03-24,253,2.36,USD,597.08,fulfilled
PO000463,SUP0023,PRD0048,2024-10-05,37,7.48,USD,276.76,fulfilled
PO000464,SUP0005,PRD0091,2026-01-23,782,3736.88,USD,2922240.16,cancelled
PO000465,SUP0026,PRD0110,2024-09-19,412,183.35,USD,75540.2,fulfilled
PO000466,SUP0007,PRD0048,2026-05-13,37,483.14,USD,17876.18,open
PO000467,SUP0006,PRD0014,2026-06-13,246,5193.21,USD,1277529.66,open
PO000468,SUP0029,PRD0109,2025-05-02,207,3.99,USD,825.93,fulfilled
PO000469,SUP0003,PRD0001,2026-04-09,154,119.6,USD,18418.4,fulfilled
PO000470,SUP0005,PRD0082,2025-04-02,686,63.22,USD,43368.92,fulfilled
PO000471,SUP0026,PRD0020,2025-05-29,508,187.91,USD,95458.28,fulfilled
PO000472,SUP0026,PRD0083,2024-11-06,47,1493.67,USD,70202.49,open
PO000473,SUP0038,PRD0066,2025-08-10,52,60.58,USD,3150.16,fulfilled
PO000474,SUP0013,PRD0095,2026-05-08,62,29.87,USD,1851.94,fulfilled
PO000475,SUP0038,PRD0136,2024-10-09,146,1033.54,USD,150896.84,fulfilled
PO000476,SUP0002,PRD0014,2026-08-21,140,593.53,USD,83094.2,fulfilled
PO000477,SUP0007,PRD0095,2025-08-15,221,138.79,USD,30672.59,fulfilled
PO000478,SUP0017,PRD0024,2026-01-31,496,2154.53,USD,1068646.88,fulfilled
PO000479,SUP0015,PRD0086,2025-04-11,129,7.87,USD,1015.23,fulfilled
PO000480,SUP0006,PRD0086,2024-12-22,275,21.95,USD,6036.25,fulfilled
PO000481,SUP0012,PRD0096,2025-09-24,105,2.94,USD,308.7,fulfilled
PO000482,SUP0003,PRD0049,2025-06-13,126,6167.7,USD,777130.2,fulfilled
PO000483,SUP0008,PRD0064,2025-06-07,431,47.61,USD,20519.91,fulfilled
PO000484,SUP0028,PRD0066,2026-03-09,343,1710.01,USD,586533.43,open
PO000485,SUP0029,PRD0095,2026-07-28,330,1094.12,USD,361059.6,fulfilled
PO000486,SUP0016,PRD0024,2025-10-27,889,181.47,USD,161326.83,fulfilled
PO000487,SUP0016,PRD0141,2025-04-06,305,826.77,USD,252164.85,fulfilled
PO000488,SUP0013,PRD0122,2025-06-19,365,456.56,USD,166644.4,open
PO000489,SUP0026,PRD0119,2024-12-09,546,497.99,USD,271902.54,fulfilled
PO000490,SUP0007,PRD0133,2025-11-19,88,31.31,USD,2755.28,fulfilled
PO000491,SUP0001,PRD0133,2026-05-30,141,14.07,USD,1983.87,fulfilled
PO000492,SUP0026,PRD0055,2026-05-23,115,192.3,USD,22114.5,fulfilled
PO000493,SUP0015,PRD0117,2025-08-20,294,29.76,USD,8749.44,fulfilled
PO000494,SUP0032,PRD0068,2025-04-28,171,533.85,USD,91288.35,open
PO000495,SUP0008,PRD0094,2024-09-16,106,75.91,USD,8046.46,fulfilled
PO000496,SUP0038,PRD0130,2025-03-02,116,86.92,USD,10082.72,fulfilled
PO000497,SUP0006,PRD0003,2025-03-25,434,10.71,USD,4648.14,fulfilled
PO000498,SUP0004,PRD0019,2026-07-30,74,3.26,USD,241.24,fulfilled
PO000499,SUP0019,PRD0111,2025-05-16,229,2.31,USD,528.99,fulfilled
PO000500,SUP0015,PRD0078,2025-11-13,497,205.63,USD,102198.11,fulfilled
PO000501,SUP0001,PRD0030,2026-03-30,348,2.31,USD,803.88,fulfilled
PO000502,SUP0031,PRD0111,2025-06-26,114,4029.36,USD,459347.04,fulfilled
PO000503,SUP0005,PRD0057,2025-09-21,714,2.32,USD,1656.48,fulfilled
PO000504,SUP0005,PRD0010,2026-04-05,161,125.35,USD,20181.35,cancelled
PO000505,SUP0030,PRD0085,2026-07-13,302,989.72,USD,298895.44,fulfilled
PO000506,SUP0009,PRD0028,2025-11-29,230,207.63,USD,47754.9,open
PO000507,SUP0032,PRD0106,2024-10-21,353,138.29,USD,48816.37,open
PO000508,SUP0008,PRD0023,2026-04-07,113,2.42,USD,273.46,open
PO000509,SUP0036,PRD0140,2026-01-13,118,127.55,USD,15050.9,fulfilled
PO000510,SUP0036,PRD0097,2025-10-18,71,3589.35,USD,254843.85,fulfilled
PO000511,SUP0019,PRD0033,2025-09-10,277,5.51,USD,1526.27,fulfilled
PO000512,SUP0001,PRD0009,2025-06-26,32,253.71,USD,8118.72,fulfilled
PO000513,SUP0002,PRD0057,2026-04-23,205,5480.09,USD,1123418.45,fulfilled
PO000514,SUP0012,PRD0135,2025-04-28,192,439.6,USD,84403.2,open
PO000515,SUP0020,PRD0091,2025-11-16,237,39.4,USD,9337.8,fulfilled
PO000516,SUP0026,PRD0104,2025-08-23,67,1739.58,USD,116551.86,fulfilled
PO000517,SUP0025,PRD0147,2024-10-13,145,884.36,USD,128232.2,fulfilled
PO000518,SUP0020,PRD0074,2024-09-18,103,5.36,USD,552.08,fulfilled
PO000519,SUP0006,PRD0079,2024-12-25,143,3.08,USD,440.44,fulfilled
PO000520,SUP0013,PRD0090,2024-09-08,216,279.01,USD,60266.16,fulfilled
PO000521,SUP0036,PRD0037,2025-04-02,65,11.06,USD,718.9,fulfilled
PO000522,SUP0010,PRD0112,2026-05-05,119,658.02,USD,78304.38,fulfilled
PO000523,SUP0013,PRD0072,2026-07-28,546,2.94,USD,1605.24,fulfilled
PO000524,SUP0036,PRD0048,2026-05-29,395,2.33,USD,920.35,fulfilled
PO000525,SUP0016,PRD0039,2024-11-16,67,753.58,USD,50489.86,fulfilled
PO000526,SUP0015,PRD0067,2025-05-07,279,352.56,USD,98364.24,fulfilled
PO000527,SUP0005,PRD0111,2025-12-08,326,26.46,USD,8625.96,fulfilled
PO000528,SUP0025,PRD0105,2026-04-09,30,4.45,USD,133.5,fulfilled
PO000529,SUP0020,PRD0066,2025-11-20,65,8.83,USD,573.95,fulfilled
PO000530,SUP0029,PRD0106,2026-06-28,178,34.61,USD,6160.58,open
PO000531,SUP0026,PRD0072,2026-02-04,105,4446.35,USD,466866.75,open
PO000532,SUP0010,PRD0136,2025-03-14,215,3834.28,USD,824370.2,fulfilled
PO000533,SUP0036,PRD0104,2024-10-02,109,421.94,USD,45991.46,fulfilled
PO000534,SUP0015,PRD0147,2024-12-27,690,180.22,USD,124351.8,fulfilled
PO000535,SUP0025,PRD0010,2025-05-14,132,123.02,USD,16238.64,fulfilled
PO000536,SUP0009,PRD0045,2026-01-29,235,453.24,USD,106511.4,cancelled
PO000537,SUP0010,PRD0065,2025-07-03,215,436.81,USD,93914.15,open
PO000538,SUP0025,PRD0090,2025-02-15,342,159.7,USD,54617.4,fulfilled
PO000539,SUP0005,PRD0023,2026-03-02,229,22.92,USD,5248.68,fulfilled
PO000540,SUP0009,PRD0005,2025-01-12,121,235.67,USD,28516.07,fulfilled
PO000541,SUP0012,PRD0041,2025-11-23,26,71.64,USD,1862.64,fulfilled
PO000542,SUP0017,PRD0121,2026-03-10,164,2.7,USD,442.8,fulfilled
PO000543,SUP0034,PRD0135,2025-02-20,393,495.33,USD,194664.69,open
PO000544,SUP0002,PRD0048,2026-08-24,54,639.31,USD,34522.74,fulfilled
PO000545,SUP0005,PRD0031,2024-12-26,356,1650.55,USD,587595.8,fulfilled
PO000546,SUP0013,PRD0141,2024-12-30,333,67.42,USD,22450.86,fulfilled
PO000547,SUP0015,PRD0087,2026-02-02,439,254.7,USD,111813.3,fulfilled
PO000548,SUP0020,PRD0027,2025-06-04,121,808.25,USD,97798.25,fulfilled
PO000549,SUP0021,PRD0103,2025-07-12,46,185.91,USD,8551.86,open
PO000550,SUP0003,PRD0074,2026-08-03,280,3.42,USD,957.6,fulfilled
PO000551,SUP0026,PRD0066,2025-11-04,307,3621.4,USD,1111769.8,fulfilled
PO000552,SUP0036,PRD0023,2025-04-05,420,2.31,USD,970.2,fulfilled
PO000553,SUP0027,PRD0094,2024-11-13,113,45.93,USD,5190.09,fulfilled
PO000554,SUP0011,PRD0108,2025-07-31,302,2.64,USD,797.28,fulfilled
PO000555,SUP0035,PRD0120,2025-05-13,322,74.87,USD,24108.14,fulfilled
PO000556,SUP0030,PRD0064,2025-02-22,156,4.31,USD,672.36,fulfilled
PO000557,SUP0030,PRD0109,2026-01-09,346,42.07,USD,14556.22,fulfilled
PO000558,SUP0023,PRD0048,2026-08-20,520,58.04,USD,30180.8,cancelled
PO000559,SUP0028,PRD0110,2025-12-05,233,633.62,USD,147633.46,open
PO000560,SUP0036,PRD0025,2026-08-04,371,2183.07,USD,809918.97,cancelled
PO000561,SUP0031,PRD0044,2026-06-15,149,1995.89,USD,297387.61,cancelled
PO000562,SUP0039,PRD0007,2026-05-27,425,435.62,USD,185138.5,cancelled
PO000563,SUP0026,PRD0102,2026-01-01,577,428.01,USD,246961.77,fulfilled
PO000564,SUP0010,PRD0020,2026-03-09,370,1081.63,USD,400203.1,fulfilled
PO000565,SUP0028,PRD0066,2025-01-25,421,5.19,USD,2184.99,fulfilled
PO000566,SUP0033,PRD0040,2025-05-22,1144,176.29,USD,201675.76,fulfilled
PO000567,SUP0003,PRD0105,2025-04-17,96,896.39,USD,86053.44,fulfilled
PO000568,SUP0019,PRD0003,2026-06-13,304,21.14,USD,6426.56,fulfilled
PO000569,SUP0008,PRD0007,2024-10-05,88,647.43,USD,56973.84,fulfilled
PO000570,SUP0037,PRD0065,2026-02-18,106,2.92,USD,309.52,cancelled
PO000571,SUP0008,PRD0032,2024-09-20,326,3762.38,USD,1226535.88,fulfilled
PO000572,SUP0019,PRD0064,2025-03-07,606,52.7,USD,31936.2,fulfilled
PO000573,SUP0022,PRD0023,2026-08-18,141,182.28,USD,25701.48,fulfilled
PO000574,SUP0029,PRD0074,2024-12-21,93,3.08,USD,286.44,fulfilled
PO000575,SUP0013,PRD0134,2026-02-17,110,2941.6,USD,323576.0,open
PO000576,SUP0002,PRD0117,2025-03-06,140,538.83,USD,75436.2,open
PO000577,SUP0036,PRD0122,2025-03-10,483,17.51,USD,8457.33,cancelled
PO000578,SUP0001,PRD0111,2025-07-16,230,4.39,USD,1009.7,cancelled
PO000579,SUP0037,PRD0048,2024-09-14,521,655.15,USD,341333.15,cancelled
PO000580,SUP0005,PRD0031,2024-09-09,824,1792.73,USD,1477209.52,open
PO000581,SUP0017,PRD0137,2025-02-08,162,1437.63,USD,232896.06,fulfilled
PO000582,SUP0026,PRD0042,2025-01-18,203,6917.37,USD,1404226.11,fulfilled
PO000583,SUP0010,PRD0141,2026-09-02,80,2067.14,USD,165371.2,fulfilled
PO000584,SUP0032,PRD0083,2026-07-07,72,4.64,USD,334.08,fulfilled
PO000585,SUP0028,PRD0070,2025-03-12,559,390.73,USD,218418.07,fulfilled
PO000586,SUP0005,PRD0133,2024-09-28,219,1491.33,USD,326601.27,fulfilled
PO000587,SUP0039,PRD0079,2025-05-12,84,7.35,USD,617.4,fulfilled
PO000588,SUP0037,PRD0025,2025-07-17,717,866.85,USD,621531.45,fulfilled
PO000589,SUP0014,PRD0073,2026-01-28,560,2148.8,USD,1203328.0,fulfilled
PO000590,SUP0001,PRD0102,2026-02-12,119,3.21,USD,381.99,fulfilled
PO000591,SUP0010,PRD0095,2025-08-21,124,2252.73,USD,279338.52,fulfilled
PO000592,SUP0011,PRD0084,2024-12-07,40,140.82,USD,5632.8,fulfilled
PO000593,SUP0037,PRD0016,2025-12-31,24,6.81,USD,163.44,fulfilled
PO000594,SUP0037,PRD0078,2026-06-08,73,35.3,USD,2576.9,fulfilled
PO000595,SUP0012,PRD0081,2025-12-16,919,424.59,USD,390198.21,fulfilled
PO000596,SUP0021,PRD0028,2026-08-17,102,2.63,USD,268.26,fulfilled
PO000597,SUP0028,PRD0037,2025-04-20,823,2.88,USD,2370.24,fulfilled
PO000598,SUP0018,PRD0135,2025-05-03,364,46.25,USD,16835.0,fulfilled
PO000599,SUP0017,PRD0075,2025-12-30,598,643.72,USD,384944.56,fulfilled
PO000600,SUP0017,PRD0137,2025-06-10,46,2.79,USD,128.34,fulfilled
PO000601,SUP0035,PRD0026,2024-11-23,302,365.15,USD,110275.3,cancelled
PO000602,SUP0026,PRD0141,2025-11-28,97,1540.51,USD,149429.47,fulfilled
PO000603,SUP0002,PRD0137,2026-06-03,38,878.7,USD,33390.6,fulfilled
PO000604,SUP0035,PRD0103,2024-09-20,227,8.16,USD,1852.32,fulfilled
PO000605,SUP0034,PRD0103,2025-06-20,61,70.07,USD,4274.27,fulfilled
PO000606,SUP0019,PRD0001,2025-09-20,104,777.72,USD,80882.88,fulfilled
PO000607,SUP0023,PRD0091,2026-01-31,35,281.43,USD,9850.05,fulfilled
PO000608,SUP0002,PRD0141,2025-04-11,307,432.23,USD,132694.61,fulfilled
PO000609,SUP0026,PRD0066,2024-12-04,128,81.38,USD,10416.64,fulfilled
PO000610,SUP0013,PRD0016,2024-10-17,151,13.02,USD,1966.02,fulfilled
PO000611,SUP0008,PRD0058,2026-05-29,883,550.01,USD,485658.83,fulfilled
PO000612,SUP0020,PRD0066,2024-12-17,35,2.34,USD,81.9,open
PO000613,SUP0006,PRD0066,2024-09-14,187,225.24,USD,42119.88,fulfilled
PO000614,SUP0026,PRD0064,2025-10-03,447,2.59,USD,1157.73,fulfilled
PO000615,SUP0032,PRD0003,2025-05-16,168,2.35,USD,394.8,fulfilled
PO000616,SUP0040,PRD0135,2024-12-03,662,57.85,USD,38296.7,fulfilled
PO000617,SUP0015,PRD0104,2024-10-31,275,9.45,USD,2598.75,fulfilled
PO000618,SUP0010,PRD0015,2025-05-14,353,318.8,USD,112536.4,fulfilled
PO000619,SUP0030,PRD0105,2026-05-22,528,868.95,USD,458805.6,fulfilled
PO000620,SUP0003,PRD0067,2025-07-10,66,1567.36,USD,103445.76,fulfilled
PO000621,SUP0031,PRD0035,2026-07-18,215,2.31,USD,496.65,fulfilled
PO000622,SUP0004,PRD0141,2026-07-09,406,2868.28,USD,1164521.68,fulfilled
PO000623,SUP0034,PRD0111,2025-07-16,65,222.82,USD,14483.3,fulfilled
PO000624,SUP0028,PRD0133,2026-08-14,337,327.1,USD,110232.7,open
PO000625,SUP0016,PRD0048,2026-04-18,70,336.35,USD,23544.5,fulfilled
PO000626,SUP0029,PRD0056,2026-06-30,56,2.82,USD,157.92,open
PO000627,SUP0017,PRD0119,2026-09-02,749,258.83,USD,193863.67,fulfilled
PO000628,SUP0019,PRD0028,2024-11-24,69,2929.4,USD,202128.6,fulfilled
PO000629,SUP0021,PRD0078,2026-05-31,168,125.72,USD,21120.96,open
PO000630,SUP0037,PRD0082,2026-06-28,102,1177.73,USD,120128.46,fulfilled
PO000631,SUP0004,PRD0114,2026-07-06,207,10.7,USD,2214.9,fulfilled
PO000632,SUP0006,PRD0017,2026-08-26,355,2.37,USD,841.35,fulfilled
PO000633,SUP0017,PRD0132,2025-02-28,63,281.04,USD,17705.52,fulfilled
PO000634,SUP0013,PRD0058,2024-12-21,194,7458.29,USD,1446908.26,fulfilled
PO000635,SUP0010,PRD0122,2025-08-12,94,18.11,USD,1702.34,fulfilled
PO000636,SUP0040,PRD0078,2025-04-15,454,69.16,USD,31398.64,fulfilled
PO000637,SUP0012,PRD0051,2025-12-03,743,7.23,USD,5371.89,fulfilled
PO000638,SUP0017,PRD0003,2025-02-16,692,155.95,USD,107917.4,open
PO000639,SUP0017,PRD0069,2024-10-14,85,16.11,USD,1369.35,open
PO000640,SUP0023,PRD0077,2026-03-06,268,741.59,USD,198746.12,fulfilled
PO000641,SUP0037,PRD0095,2025-10-07,275,62.9,USD,17297.5,fulfilled
PO000642,SUP0007,PRD0091,2025-08-16,223,2.32,USD,517.36,cancelled
PO000643,SUP0018,PRD0053,2026-08-03,208,9.17,USD,1907.36,fulfilled
PO000644,SUP0006,PRD0070,2026-08-21,611,1312.39,USD,801870.29,cancelled
PO000645,SUP0036,PRD0027,2024-10-09,65,1200.64,USD,78041.6,fulfilled
PO000646,SUP0010,PRD0104,2026-02-17,182,1928.51,USD,350988.82,cancelled
PO000647,SUP0037,PRD0078,2025-02-10,198,25.26,USD,5001.48,fulfilled
PO000648,SUP0030,PRD0105,2026-07-25,658,81.1,USD,53363.8,fulfilled
PO000649,SUP0036,PRD0095,2025-04-12,135,35.17,USD,4747.95,fulfilled
PO000650,SUP0030,PRD0110,2025-03-22,355,87.99,USD,31236.45,fulfilled
PO000651,SUP0020,PRD0117,2025-09-03,187,12.32,USD,2303.84,open
PO000652,SUP0032,PRD0038,2025-12-16,190,29.24,USD,5555.6,cancelled
PO000653,SUP0008,PRD0105,2025-01-04,50,886.91,USD,44345.5,fulfilled
PO000654,SUP0004,PRD0135,2025-12-16,162,378.32,USD,61287.84,open
PO000655,SUP0017,PRD0032,2026-01-26,378,430.18,USD,162608.04,fulfilled
PO000656,SUP0034,PRD0097,2026-06-30,398,255.89,USD,101844.22,open
PO000657,SUP0023,PRD0005,2026-05-06,97,2.38,USD,230.86,open
PO000658,SUP0010,PRD0106,2025-09-04,192,622.6,USD,119539.2,open
PO000659,SUP0017,PRD0070,2026-07-30,411,106.57,USD,43800.27,open
PO000660,SUP0013,PRD0137,2025-05-03,162,3883.79,USD,629173.98,fulfilled
PO000661,SUP0032,PRD0137,2026-01-05,344,139.56,USD,48008.64,fulfilled
PO000662,SUP0007,PRD0084,2025-10-26,198,958.88,USD,189858.24,fulfilled
PO000663,SUP0001,PRD0141,2026-06-20,128,1054.45,USD,134969.6,open
PO000664,SUP0036,PRD0102,2026-08-11,1188,3.73,USD,4431.24,fulfilled
PO000665,SUP0018,PRD0134,2024-11-02,594,5968.79,USD,3545461.26,fulfilled
PO000666,SUP0030,PRD0111,2025-10-07,112,272.55,USD,30525.6,fulfilled
PO000667,SUP0013,PRD0097,2026-04-01,355,1071.68,USD,380446.4,fulfilled
PO000668,SUP0022,PRD0110,2025-08-01,699,29.23,USD,20431.77,fulfilled
PO000669,SUP0037,PRD0137,2024-10-13,233,546.19,USD,127262.27,fulfilled
PO000670,SUP0036,PRD0023,2025-10-05,35,149.62,USD,5236.7,fulfilled
PO000671,SUP0033,PRD0041,2026-07-25,156,2.31,USD,360.36,fulfilled
PO000672,SUP0032,PRD0141,2025-02-26,852,31.26,USD,26633.52,fulfilled
PO000673,SUP0013,PRD0085,2025-02-07,178,119.45,USD,21262.1,fulfilled
PO000674,SUP0030,PRD0079,2024-10-21,394,2733.14,USD,1076857.16,fulfilled
PO000675,SUP0028,PRD0132,2024-11-05,229,200.42,USD,45896.18,fulfilled
PO000676,SUP0019,PRD0124,2025-11-27,184,203.56,USD,37455.04,fulfilled
PO000677,SUP0001,PRD0055,2026-05-05,321,312.08,USD,100177.68,fulfilled
PO000678,SUP0022,PRD0097,2025-10-14,219,805.38,USD,176378.22,fulfilled
PO000679,SUP0040,PRD0023,2025-05-31,184,7458.29,USD,1372325.36,fulfilled
PO000680,SUP0017,PRD0055,2026-02-17,69,2.73,USD,188.37,fulfilled
PO000681,SUP0026,PRD0013,2025-02-11,727,60.45,USD,43947.15,fulfilled
PO000682,SUP0036,PRD0020,2024-11-21,56,10.61,USD,594.16,fulfilled
PO000683,SUP0025,PRD0064,2026-03-15,1361,222.81,USD,303244.41,open
PO000684,SUP0010,PRD0068,2025-09-10,254,8.74,USD,2219.96,fulfilled
PO000685,SUP0028,PRD0083,2024-11-18,410,2.33,USD,955.3,fulfilled
PO000686,SUP0030,PRD0040,2025-12-04,306,7.84,USD,2399.04,fulfilled
PO000687,SUP0021,PRD0114,2025-04-06,246,178.7,USD,43960.2,fulfilled
PO000688,SUP0028,PRD0122,2026-06-29,376,16.08,USD,6046.08,fulfilled
PO000689,SUP0003,PRD0013,2026-05-06,203,4859.12,USD,986401.36,cancelled
PO000690,SUP0026,PRD0108,2026-05-05,100,135.47,USD,13547.0,fulfilled
PO000691,SUP0017,PRD0147,2026-01-23,247,12.64,USD,3122.08,fulfilled
PO000692,SUP0038,PRD0119,2024-09-05,664,350.07,USD,232446.48,fulfilled
PO000693,SUP0027,PRD0105,2026-05-01,275,3.52,USD,968.0,open
PO000694,SUP0025,PRD0137,2026-05-31,205,503.04,USD,103123.2,open
PO000695,SUP0003,PRD0071,2025-09-13,425,37.65,USD,16001.25,fulfilled
PO000696,SUP0010,PRD0082,2024-12-12,274,304.27,USD,83369.98,fulfilled
PO000697,SUP0035,PRD0103,2025-10-09,32,176.96,USD,5662.72,fulfilled
PO000698,SUP0009,PRD0093,2025-12-11,496,2.33,USD,1155.68,fulfilled
PO000699,SUP0026,PRD0051,2026-03-19,31,1656.26,USD,51344.06,fulfilled
PO000700,SUP0038,PRD0059,2025-02-04,371,410.69,USD,152365.99,fulfilled
PO000701,SUP0008,PRD0144,2025-10-13,251,1284.82,USD,322489.82,open
PO000702,SUP0027,PRD0094,2025-05-13,232,1609.84,USD,373482.88,open
PO000703,SUP0012,PRD0018,2025-07-05,267,94.81,USD,25314.27,fulfilled
PO000704,SUP0036,PRD0141,2026-05-09,556,405.35,USD,225374.6,fulfilled
PO000705,SUP0039,PRD0063,2025-06-18,186,324.07,USD,60277.02,fulfilled
PO000706,SUP0005,PRD0078,2025-04-27,945,66.22,USD,62577.9,fulfilled
PO000707,SUP0037,PRD0065,2025-11-30,61,3.05,USD,186.05,fulfilled
PO000708,SUP0036,PRD0068,2026-01-22,517,533.14,USD,275633.38,fulfilled
PO000709,SUP0034,PRD0144,2025-01-01,42,2310.39,USD,97036.38,fulfilled
PO000710,SUP0035,PRD0118,2026-01-02,133,972.25,USD,129309.25,fulfilled
PO000711,SUP0005,PRD0028,2025-09-28,54,1979.29,USD,106881.66,fulfilled
PO000712,SUP0034,PRD0128,2025-08-11,157,700.48,USD,109975.36,cancelled
PO000713,SUP0021,PRD0003,2024-09-12,229,1607.35,USD,368083.15,open
PO000714,SUP0015,PRD0148,2025-01-29,457,130.22,USD,59510.54,fulfilled
PO000715,SUP0033,PRD0121,2025-03-12,246,97.95,USD,24095.7,fulfilled
PO000716,SUP0037,PRD0097,2026-07-20,195,3698.25,USD,721158.75,fulfilled
PO000717,SUP0008,PRD0079,2026-07-10,441,427.69,USD,188611.29,fulfilled
PO000718,SUP0036,PRD0147,2026-02-09,791,1515.08,USD,1198428.28,open
PO000719,SUP0009,PRD0069,2026-05-19,212,4887.09,USD,1036063.08,fulfilled
PO000720,SUP0026,PRD0036,2025-08-09,141,1504.19,USD,212090.79,fulfilled
PO000721,SUP0021,PRD0130,2024-11-09,467,1120.74,USD,523385.58,fulfilled
PO000722,SUP0005,PRD0081,2026-08-09,55,4.79,USD,263.45,fulfilled
PO000723,SUP0035,PRD0057,2025-11-16,73,2722.49,USD,198741.77,open
PO000724,SUP0035,PRD0117,2025-06-10,104,2786.81,USD,289828.24,fulfilled
PO000725,SUP0012,PRD0033,2025-02-07,329,513.1,USD,168809.9,fulfilled
PO000726,SUP0022,PRD0136,2024-09-18,96,120.96,USD,11612.16,fulfilled
PO000727,SUP0040,PRD0137,2025-07-11,564,718.23,USD,405081.72,open
PO000728,SUP0010,PRD0032,2025-11-29,77,70.37,USD,5418.49,fulfilled
PO000729,SUP0017,PRD0110,2026-04-24,328,195.7,USD,64189.6,fulfilled
PO000730,SUP0005,PRD0064,2024-09-22,763,616.63,USD,470488.69,fulfilled
PO000731,SUP0001,PRD0066,2025-09-13,232,4988.5,USD,1157332.0,fulfilled
PO000732,SUP0031,PRD0078,2024-10-19,104,6674.32,USD,694129.28,fulfilled
PO000733,SUP0031,PRD0044,2026-04-02,579,179.16,USD,103733.64,fulfilled
PO000734,SUP0025,PRD0036,2026-08-16,213,1027.44,USD,218844.72,open
PO000735,SUP0027,PRD0147,2026-03-02,256,936.45,USD,239731.2,fulfilled
PO000736,SUP0037,PRD0148,2025-04-21,217,4436.15,USD,962644.55,open
PO000737,SUP0040,PRD0028,2026-04-23,156,2034.0,USD,317304.0,fulfilled
PO000738,SUP0028,PRD0068,2025-04-27,216,3.71,USD,801.36,open
PO000739,SUP0007,PRD0062,2025-11-15,34,63.92,USD,2173.28,fulfilled
PO000740,SUP0022,PRD0063,2025-09-11,52,152.5,USD,7930.0,fulfilled
PO000741,SUP0032,PRD0112,2025-07-31,142,18.38,USD,2609.96,fulfilled
PO000742,SUP0012,PRD0076,2024-10-17,59,35.81,USD,2112.79,open
PO000743,SUP0035,PRD0014,2024-10-28,505,296.78,USD,149873.9,fulfilled
PO000744,SUP0011,PRD0016,2025-06-25,574,42.93,USD,24641.82,fulfilled
PO000745,SUP0035,PRD0137,2025-03-14,324,40.88,USD,13245.12,fulfilled
PO000746,SUP0040,PRD0079,2026-03-28,230,472.7,USD,108721.0,fulfilled
PO000747,SUP0034,PRD0114,2025-06-07,763,183.7,USD,140163.1,fulfilled
PO000748,SUP0026,PRD0015,2026-07-19,45,783.87,USD,35274.15,fulfilled
PO000749,SUP0029,PRD0082,2024-10-21,283,1017.45,USD,287938.35,open
PO000750,SUP0026,PRD0100,2025-04-30,132,67.98,USD,8973.36,fulfilled
PO000751,SUP0026,PRD0028,2026-08-13,28,2.88,USD,80.64,fulfilled
PO000752,SUP0023,PRD0084,2026-05-01,412,1789.44,USD,737249.28,fulfilled
PO000753,SUP0004,PRD0057,2026-03-23,56,380.32,USD,21297.92,fulfilled
PO000754,SUP0031,PRD0087,2026-07-17,374,19.7,USD,7367.8,cancelled
PO000755,SUP0013,PRD0024,2026-02-16,783,1140.07,USD,892674.81,fulfilled
PO000756,SUP0009,PRD0091,2025-01-21,264,2.6,USD,686.4,open
PO000757,SUP0013,PRD0058,2025-12-08,635,987.51,USD,627068.85,fulfilled
PO000758,SUP0014,PRD0066,2026-06-25,96,918.44,USD,88170.24,fulfilled
PO000759,SUP0015,PRD0074,2025-01-09,201,588.62,USD,118312.62,cancelled
PO000760,SUP0027,PRD0142,2026-03-24,256,3113.03,USD,796935.68,open
PO000761,SUP0027,PRD0141,2024-12-10,126,7.16,USD,902.16,fulfilled
PO000762,SUP0026,PRD0058,2026-03-23,47,336.04,USD,15793.88,fulfilled
PO000763,SUP0040,PRD0148,2026-03-16,442,17.07,USD,7544.94,fulfilled
PO000764,SUP0030,PRD0046,2026-02-03,677,682.77,USD,462235.29,fulfilled
PO000765,SUP0009,PRD0110,2026-03-01,52,18.38,USD,955.76,open
PO000766,SUP0014,PRD0114,2024-12-16,112,84.18,USD,9428.16,open
PO000767,SUP0014,PRD0148,2025-10-05,260,16.89,USD,4391.4,fulfilled
PO000768,SUP0020,PRD0062,2024-10-17,277,2176.79,USD,602970.83,fulfilled
PO000769,SUP0003,PRD0106,2025-07-05,43,4.67,USD,200.81,fulfilled
PO000770,SUP0016,PRD0057,2025-11-15,470,827.1,USD,388737.0,fulfilled
PO000771,SUP0036,PRD0078,2026-06-14,261,1382.48,USD,360827.28,fulfilled
PO000772,SUP0001,PRD0044,2025-12-20,287,5993.99,USD,1720275.13,fulfilled
PO000773,SUP0016,PRD0070,2024-10-01,41,235.63,USD,9660.83,fulfilled
PO000774,SUP0013,PRD0058,2024-11-12,433,2329.96,USD,1008872.68,fulfilled
PO000775,SUP0007,PRD0053,2026-03-19,517,180.86,USD,93504.62,fulfilled
PO000776,SUP0011,PRD0143,2026-01-13,112,2310.56,USD,258782.72,open
PO000777,SUP0030,PRD0001,2025-02-20,311,189.81,USD,59030.91,open
PO000778,SUP0036,PRD0114,2025-10-27,255,800.17,USD,204043.35,fulfilled
PO000779,SUP0012,PRD0019,2025-10-05,37,7.63,USD,282.31,fulfilled
PO000780,SUP0035,PRD0102,2025-05-03,796,50.26,USD,40006.96,fulfilled
PO000781,SUP0036,PRD0142,2024-09-26,450,2640.05,USD,1188022.5,fulfilled
PO000782,SUP0036,PRD0059,2025-08-05,451,3449.86,USD,1555886.86,fulfilled
PO000783,SUP0036,PRD0141,2024-09-27,76,2660.3,USD,202182.8,fulfilled
PO000784,SUP0024,PRD0111,2024-12-11,413,18.76,USD,7747.88,fulfilled
PO000785,SUP0036,PRD0100,2026-05-13,352,116.2,USD,40902.4,open
PO000786,SUP0039,PRD0059,2024-11-02,105,127.39,USD,13375.95,fulfilled
PO000787,SUP0014,PRD0034,2024-12-02,437,2.61,USD,1140.57,fulfilled
PO000788,SUP0025,PRD0112,2026-02-12,352,2523.66,USD,888328.32,fulfilled
PO000789,SUP0032,PRD0103,2026-01-29,642,361.77,USD,232256.34,fulfilled
PO000790,SUP0006,PRD0145,2025-06-16,686,190.22,USD,130490.92,open
PO000791,SUP0036,PRD0084,2025-10-09,452,19.56,USD,8841.12,open
PO000792,SUP0007,PRD0109,2024-10-09,286,609.44,USD,174299.84,fulfilled
PO000793,SUP0013,PRD0147,2024-11-26,255,57.56,USD,14677.8,fulfilled
PO000794,SUP0003,PRD0079,2025-01-20,179,314.06,USD,56216.74,fulfilled
PO000795,SUP0025,PRD0103,2026-04-20,277,126.4,USD,35012.8,fulfilled
PO000796,SUP0034,PRD0021,2025-07-18,342,146.13,USD,49976.46,fulfilled
PO000797,SUP0006,PRD0097,2026-06-12,112,1430.34,USD,160198.08,fulfilled
PO000798,SUP0040,PRD0091,2025-02-26,932,1520.94,USD,1417516.08,fulfilled
PO000799,SUP0021,PRD0082,2026-06-25,456,13.2,USD,6019.2,fulfilled
PO000800,SUP0019,PRD0071,2026-04-25,125,130.83,USD,16353.75,fulfilled
PO000801,SUP0030,PRD0141,2026-06-09,530,6.65,USD,3524.5,fulfilled
PO000802,SUP0026,PRD0001,2026-06-01,235,3933.37,USD,924341.95,cancelled
PO000803,SUP0003,PRD0112,2026-06-01,151,1033.24,USD,156019.24,cancelled
PO000804,SUP0013,PRD0044,2024-09-24,530,3575.85,USD,1895200.5,open
PO000805,SUP0004,PRD0115,2024-09-28,160,2.31,USD,369.6,fulfilled
PO000806,SUP0033,PRD0055,2026-02-24,113,1413.41,USD,159715.33,fulfilled
PO000807,SUP0036,PRD0076,2024-11-19,178,1775.68,USD,316071.04,fulfilled
PO000808,SUP0028,PRD0103,2024-11-23,207,2.31,USD,478.17,fulfilled
PO000809,SUP0012,PRD0110,2025-12-23,125,6102.25,USD,762781.25,open
PO000810,SUP0006,PRD0070,2026-02-07,24,865.85,USD,20780.4,fulfilled
PO000811,SUP0026,PRD0076,2025-11-26,337,21.34,USD,7191.58,fulfilled
PO000812,SUP0026,PRD0070,2025-04-13,60,2223.95,USD,133437.0,open
PO000813,SUP0040,PRD0070,2025-04-30,314,7.88,USD,2474.32,fulfilled
PO000814,SUP0036,PRD0066,2025-06-10,46,2.32,USD,106.72,fulfilled
PO000815,SUP0026,PRD0003,2025-09-10,42,1357.94,USD,57033.48,open
PO000816,SUP0015,PRD0140,2026-07-21,158,14.78,USD,2335.24,cancelled
PO000817,SUP0007,PRD0087,2025-12-27,202,1095.61,USD,221313.22,fulfilled
PO000818,SUP0008,PRD0036,2025-06-07,373,304.83,USD,113701.59,fulfilled
PO000819,SUP0020,PRD0066,2026-03-24,303,2.31,USD,699.93,fulfilled
PO000820,SUP0009,PRD0012,2024-12-01,220,138.53,USD,30476.6,fulfilled
PO000821,SUP0008,PRD0023,2025-10-27,380,87.96,USD,33424.8,fulfilled
PO000822,SUP0031,PRD0021,2025-07-21,33,447.04,USD,14752.32,fulfilled
PO000823,SUP0029,PRD0147,2024-11-24,100,1687.66,USD,168766.0,cancelled
PO000824,SUP0035,PRD0136,2025-06-05,181,4091.62,USD,740583.22,cancelled
PO000825,SUP0011,PRD0057,2025-03-04,1795,3195.61,USD,5736119.95,fulfilled
PO000826,SUP0026,PRD0122,2026-09-02,73,20.05,USD,1463.65,cancelled
PO000827,SUP0017,PRD0019,2026-02-23,58,3.71,USD,215.18,fulfilled
PO000828,SUP0029,PRD0009,2025-02-22,223,2.82,USD,628.86,fulfilled
PO000829,SUP0021,PRD0097,2024-10-01,78,3369.73,USD,262838.94,fulfilled
PO000830,SUP0002,PRD0122,2024-09-20,192,2.77,USD,531.84,fulfilled
PO000831,SUP0024,PRD0056,2026-07-22,447,2.64,USD,1180.08,open
PO000832,SUP0027,PRD0079,2025-08-20,481,57.05,USD,27441.05,fulfilled
PO000833,SUP0020,PRD0058,2026-05-21,149,3293.7,USD,490761.3,fulfilled
PO000834,SUP0002,PRD0132,2026-06-06,324,76.26,USD,24708.24,fulfilled
PO000835,SUP0016,PRD0144,2026-05-07,562,107.66,USD,60504.92,fulfilled
PO000836,SUP0024,PRD0020,2025-06-10,135,1393.48,USD,188119.8,fulfilled
PO000837,SUP0037,PRD0125,2025-07-13,255,368.11,USD,93868.05,fulfilled
PO000838,SUP0016,PRD0007,2024-11-21,311,1121.48,USD,348780.28,cancelled
PO000839,SUP0035,PRD0043,2025-02-21,85,2279.8,USD,193783.0,fulfilled
PO000840,SUP0011,PRD0003,2025-02-02,415,608.64,USD,252585.6,fulfilled
PO000841,SUP0008,PRD0111,2025-06-09,134,6.25,USD,837.5,open
PO000842,SUP0007,PRD0141,2026-07-23,392,25.62,USD,10043.04,open
PO000843,SUP0015,PRD0137,2024-09-06,393,293.53,USD,115357.29,open
PO000844,SUP0019,PRD0015,2025-01-07,372,1138.74,USD,423611.28,fulfilled
PO000845,SUP0016,PRD0130,2025-04-08,286,6.84,USD,1956.24,fulfilled
PO000846,SUP0019,PRD0036,2024-11-25,828,44.81,USD,37102.68,fulfilled
PO000847,SUP0012,PRD0125,2026-04-05,75,814.54,USD,61090.5,fulfilled
PO000848,SUP0005,PRD0135,2026-08-19,43,405.48,USD,17435.64,cancelled
PO000849,SUP0017,PRD0133,2026-01-06,147,2.95,USD,433.65,fulfilled
PO000850,SUP0017,PRD0048,2025-09-28,70,78.47,USD,5492.9,fulfilled
PO000851,SUP0012,PRD0081,2025-07-26,63,4366.92,USD,275115.96,fulfilled
PO000852,SUP0009,PRD0038,2026-06-13,78,1079.81,USD,84225.18,fulfilled
PO000853,SUP0012,PRD0120,2024-12-03,110,82.63,USD,9089.3,fulfilled
PO000854,SUP0019,PRD0045,2024-09-18,67,2.31,USD,154.77,fulfilled
PO000855,SUP0035,PRD0036,2024-11-26,250,130.24,USD,32560.0,fulfilled
PO000856,SUP0011,PRD0007,2025-07-23,102,126.31,USD,12883.62,fulfilled
PO000857,SUP0034,PRD0114,2026-03-17,97,1500.4,USD,145538.8,open
PO000858,SUP0030,PRD0100,2025-04-08,351,1739.06,USD,610410.06,fulfilled
PO000859,SUP0030,PRD0083,2026-04-27,466,24.96,USD,11631.36,fulfilled
PO000860,SUP0021,PRD0148,2025-03-01,708,2.4,USD,1699.2,cancelled
PO000861,SUP0003,PRD0018,2026-03-26,69,64.91,USD,4478.79,cancelled
PO000862,SUP0032,PRD0048,2026-04-05,204,2687.96,USD,548343.84,fulfilled
PO000863,SUP0025,PRD0097,2025-07-01,893,20.99,USD,18744.07,fulfilled
PO000864,SUP0005,PRD0095,2025-03-07,243,63.77,USD,15496.11,fulfilled
PO000865,SUP0023,PRD0122,2025-01-22,120,1844.56,USD,221347.2,fulfilled
PO000866,SUP0009,PRD0041,2025-08-29,155,1050.75,USD,162866.25,fulfilled
PO000867,SUP0039,PRD0122,2025-03-05,152,2.42,USD,367.84,open
PO000868,SUP0004,PRD0148,2026-04-30,188,27.48,USD,5166.24,fulfilled
PO000869,SUP0035,PRD0036,2024-11-08,516,2143.94,USD,1106273.04,fulfilled
PO000870,SUP0028,PRD0121,2025-12-15,419,2.31,USD,967.89,fulfilled
PO000871,SUP0040,PRD0143,2025-02-03,153,993.0,USD,151929.0,open
PO000872,SUP0027,PRD0017,2025-07-11,300,483.66,USD,145098.0,fulfilled
PO000873,SUP0034,PRD0010,2026-07-26,444,2.53,USD,1123.32,fulfilled
PO000874,SUP0032,PRD0143,2025-09-02,447,175.51,USD,78452.97,fulfilled
PO000875,SUP0007,PRD0055,2025-08-15,90,1127.67,USD,101490.3,fulfilled
PO000876,SUP0008,PRD0111,2026-07-30,275,18.33,USD,5040.75,fulfilled
PO000877,SUP0034,PRD0145,2025-04-12,495,298.71,USD,147861.45,open
PO000878,SUP0019,PRD0027,2025-10-26,467,61.31,USD,28631.77,open
PO000879,SUP0002,PRD0070,2025-04-28,253,886.37,USD,224251.61,fulfilled
PO000880,SUP0031,PRD0048,2025-04-30,238,192.04,USD,45705.52,open
PO000881,SUP0040,PRD0028,2025-06-06,210,60.41,USD,12686.1,fulfilled
PO000882,SUP0037,PRD0106,2025-02-04,440,16.82,USD,7400.8,fulfilled
PO000883,SUP0030,PRD0017,2026-07-21,841,174.06,USD,146384.46,cancelled
PO000884,SUP0019,PRD0068,2024-11-28,76,310.26,USD,23579.76,fulfilled
PO000885,SUP0005,PRD0007,2025-10-05,443,96.47,USD,42736.21,fulfilled
PO000886,SUP0029,PRD0040,2025-09-09,482,304.06,USD,146556.92,fulfilled
PO000887,SUP0039,PRD0037,2025-02-07,891,257.92,USD,229806.72,open
PO000888,SUP0035,PRD0121,2025-06-10,82,11.41,USD,935.62,cancelled
PO000889,SUP0036,PRD0137,2025-02-05,69,5.35,USD,369.15,fulfilled
PO000890,SUP0039,PRD0064,2025-11-22,27,2.6,USD,70.2,fulfilled
PO000891,SUP0005,PRD0133,2025-12-16,619,1430.44,USD,885442.36,fulfilled
PO000892,SUP0021,PRD0069,2026-06-01,663,17.76,USD,11774.88,fulfilled
PO000893,SUP0025,PRD0103,2026-04-06,51,609.36,USD,31077.36,fulfilled
PO000894,SUP0006,PRD0106,2026-05-25,348,682.12,USD,237377.76,fulfilled
PO000895,SUP0002,PRD0117,2025-12-14,436,2.52,USD,1098.72,open
PO000896,SUP0009,PRD0084,2026-03-19,987,2.6,USD,2566.2,fulfilled
PO000897,SUP0025,PRD0096,2025-06-15,1005,302.51,USD,304022.55,cancelled
PO000898,SUP0008,PRD0003,2024-12-04,156,51.24,USD,7993.44,fulfilled
PO000899,SUP0017,PRD0040,2026-08-13,206,22.96,USD,4729.76,fulfilled
PO000900,SUP0030,PRD0109,2026-03-05,173,1731.74,USD,299591.02,cancelled
PO000901,SUP0009,PRD0067,2026-05-23,40,114.98,USD,4599.2,open
PO000902,SUP0036,PRD0004,2025-12-08,147,2705.55,USD,397715.85,open
PO000903,SUP0003,PRD0078,2026-07-12,438,263.94,USD,115605.72,open
PO000904,SUP0030,PRD0075,2024-09-09,449,2257.5,USD,1013617.5,fulfilled
PO000905,SUP0024,PRD0078,2025-04-08,119,1338.2,USD,159245.8,fulfilled
PO000906,SUP0026,PRD0021,2026-08-25,70,565.89,USD,39612.3,fulfilled
PO000907,SUP0026,PRD0102,2024-11-20,355,113.29,USD,40217.95,open
PO000908,SUP0008,PRD0147,2026-05-10,63,350.58,USD,22086.54,fulfilled
PO000909,SUP0008,PRD0071,2024-11-24,270,1497.06,USD,404206.2,fulfilled
PO000910,SUP0040,PRD0021,2025-03-13,391,82.41,USD,32222.31,cancelled
PO000911,SUP0036,PRD0093,2025-07-23,384,2.31,USD,887.04,fulfilled
PO000912,SUP0031,PRD0064,2025-05-23,810,1479.86,USD,1198686.6,fulfilled
PO000913,SUP0012,PRD0023,2024-11-04,134,1214.82,USD,162785.88,fulfilled
PO000914,SUP0031,PRD0040,2025-09-16,506,97.24,USD,49203.44,fulfilled
PO000915,SUP0016,PRD0057,2025-07-26,210,17.81,USD,3740.1,fulfilled
PO000916,SUP0040,PRD0019,2025-04-18,258,3.23,USD,833.34,fulfilled
PO000917,SUP0034,PRD0056,2026-01-18,455,677.99,USD,308485.45,fulfilled
PO000918,SUP0021,PRD0070,2025-05-15,702,32.83,USD,23046.66,fulfilled
PO000919,SUP0014,PRD0064,2026-06-06,52,7458.29,USD,387831.08,open
PO000920,SUP0026,PRD0036,2024-11-14,369,2995.34,USD,1105280.46,fulfilled
PO000921,SUP0029,PRD0086,2026-01-08,360,285.26,USD,102693.6,fulfilled
PO000922,SUP0035,PRD0145,2026-01-28,494,7006.18,USD,3461052.92,fulfilled
PO000923,SUP0030,PRD0064,2026-05-11,592,2.43,USD,1438.56,fulfilled
PO000924,SUP0001,PRD0109,2025-10-23,164,25.65,USD,4206.6,cancelled
PO000925,SUP0001,PRD0052,2026-02-14,251,209.05,USD,52471.55,cancelled
PO000926,SUP0031,PRD0072,2026-05-25,326,1083.24,USD,353136.24,fulfilled
PO000927,SUP0031,PRD0040,2026-01-16,608,120.97,USD,73549.76,fulfilled
PO000928,SUP0014,PRD0014,2025-09-05,901,878.83,USD,791825.83,fulfilled
PO000929,SUP0039,PRD0053,2026-05-25,444,101.44,USD,45039.36,cancelled
PO000930,SUP0021,PRD0137,2025-05-05,98,326.63,USD,32009.74,fulfilled
PO000931,SUP0035,PRD0103,2026-02-17,78,1175.83,USD,91714.74,cancelled
PO000932,SUP0005,PRD0136,2025-12-31,127,2969.5,USD,377126.5,open
PO000933,SUP0003,PRD0034,2024-11-28,453,2.71,USD,1227.63,fulfilled
PO000934,SUP0012,PRD0064,2025-06-05,388,214.78,USD,83334.64,fulfilled
PO000935,SUP0038,PRD0042,2025-12-05,510,1260.7,USD,642957.0,fulfilled
PO000936,SUP0028,PRD0032,2024-11-06,525,2.86,USD,1501.5,fulfilled
PO000937,SUP0035,PRD0105,2025-12-27,215,2.31,USD,496.65,fulfilled
PO000938,SUP0006,PRD0130,2025-10-22,394,29.6,USD,11662.4,open
PO000939,SUP0014,PRD0048,2024-11-03,141,431.83,USD,60888.03,open
PO000940,SUP0017,PRD0023,2025-06-30,484,719.4,USD,348189.6,fulfilled
PO000941,SUP0035,PRD0091,2025-12-06,668,88.27,USD,58964.36,open
PO000942,SUP0028,PRD0122,2026-06-02,223,515.3,USD,114911.9,fulfilled
PO000943,SUP0004,PRD0117,2025-05-01,871,11.15,USD,9711.65,fulfilled
PO000944,SUP0032,PRD0072,2025-11-30,289,3.63,USD,1049.07,fulfilled
PO000945,SUP0010,PRD0066,2026-07-08,291,161.28,USD,46932.48,cancelled
PO000946,SUP0037,PRD0095,2026-05-05,349,349.65,USD,122027.85,cancelled
PO000947,SUP0015,PRD0021,2025-11-09,428,15.17,USD,6492.76,fulfilled
PO000948,SUP0001,PRD0079,2024-11-03,659,422.51,USD,278434.09,fulfilled
PO000949,SUP0039,PRD0070,2025-08-14,450,34.94,USD,15723.0,fulfilled
PO000950,SUP0004,PRD0064,2025-10-12,330,143.97,USD,47510.1,cancelled
PO000951,SUP0014,PRD0106,2024-11-07,176,1224.49,USD,215510.24,fulfilled
PO000952,SUP0035,PRD0069,2025-12-01,82,1956.07,USD,160397.74,open
PO000953,SUP0031,PRD0074,2025-02-26,887,933.87,USD,828342.69,cancelled
PO000954,SUP0040,PRD0048,2025-01-26,424,90.66,USD,38439.84,open
PO000955,SUP0005,PRD0110,2026-05-20,259,3.5,USD,906.5,fulfilled
PO000956,SUP0026,PRD0110,2024-12-31,37,1795.87,USD,66447.19,fulfilled
PO000957,SUP0035,PRD0072,2025-04-18,327,566.92,USD,185382.84,fulfilled
PO000958,SUP0010,PRD0104,2025-12-09,216,2167.89,USD,468264.24,fulfilled
PO000959,SUP0008,PRD0132,2024-10-26,239,1858.68,USD,444224.52,open
PO000960,SUP0013,PRD0128,2025-04-18,31,79.6,USD,2467.6,fulfilled
PO000961,SUP0005,PRD0119,2026-08-16,86,2.86,USD,245.96,fulfilled
PO000962,SUP0040,PRD0012,2025-07-10,66,251.63,USD,16607.58,fulfilled
PO000963,SUP0004,PRD0111,2025-05-25,310,3.95,USD,1224.5,fulfilled
PO000964,SUP0022,PRD0078,2025-02-24,177,3.25,USD,575.25,fulfilled
PO000965,SUP0013,PRD0062,2024-11-13,632,479.54,USD,303069.28,fulfilled
PO000966,SUP0028,PRD0076,2026-01-04,280,7.61,USD,2130.8,fulfilled
PO000967,SUP0003,PRD0072,2025-03-09,175,2.31,USD,404.25,fulfilled
PO000968,SUP0037,PRD0040,2025-04-04,144,37.84,USD,5448.96,fulfilled
PO000969,SUP0025,PRD0114,2025-09-21,742,3.21,USD,2381.82,fulfilled
PO000970,SUP0039,PRD0104,2026-07-15,239,53.47,USD,12779.33,fulfilled
PO000971,SUP0040,PRD0064,2026-06-28,394,401.8,USD,158309.2,fulfilled
PO000972,SUP0022,PRD0142,2026-02-18,883,2.5,USD,2207.5,open
PO000973,SUP0028,PRD0039,2024-09-23,132,261.03,USD,34455.96,fulfilled
PO000974,SUP0012,PRD0078,2025-02-17,43,501.13,USD,21548.59,fulfilled
PO000975,SUP0021,PRD0132,2024-10-03,97,2.31,USD,224.07,fulfilled
PO000976,SUP0034,PRD0030,2025-10-08,1305,289.42,USD,377693.1,cancelled
PO000977,SUP0040,PRD0020,2025-12-25,176,29.4,USD,5174.4,fulfilled
PO000978,SUP0025,PRD0122,2025-03-25,140,1472.78,USD,206189.2,cancelled
PO000979,SUP0035,PRD0144,2026-05-20,757,49.85,USD,37736.45,open
PO000980,SUP0037,PRD0086,2025-01-24,208,1766.15,USD,367359.2,fulfilled
PO000981,SUP0031,PRD0132,2026-06-16,242,1325.52,USD,320775.84,fulfilled
PO000982,SUP0020,PRD0079,2024-09-16,211,4.27,USD,900.97,fulfilled
PO000983,SUP0008,PRD0058,2026-07-24,142,10.56,USD,1499.52,fulfilled
PO000984,SUP0026,PRD0041,2025-02-22,238,293.92,USD,69952.96,fulfilled
PO000985,SUP0039,PRD0055,2024-10-08,87,2.31,USD,200.97,fulfilled
PO000986,SUP0005,PRD0147,2026-03-01,329,1466.11,USD,482350.19,open
PO000987,SUP0025,PRD0064,2025-02-18,201,2.45,USD,492.45,fulfilled
PO000988,SUP0020,PRD0016,2026-02-23,47,1564.99,USD,73554.53,open
PO000989,SUP0039,PRD0117,2026-05-10,138,3.58,USD,494.04,open
PO000990,SUP0001,PRD0136,2025-12-17,127,297.75,USD,37814.25,fulfilled
PO000991,SUP0010,PRD0078,2025-01-05,497,1823.01,USD,906035.97,fulfilled
PO000992,SUP0036,PRD0033,2024-12-05,510,250.65,USD,127831.5,fulfilled
PO000993,SUP0007,PRD0024,2026-06-08,47,4.62,USD,217.14,fulfilled
PO000994,SUP0039,PRD0066,2024-11-16,199,933.6,USD,185786.4,fulfilled
PO000995,SUP0008,PRD0027,2025-09-28,171,269.87,USD,46147.77,cancelled
PO000996,SUP0016,PRD0036,2025-06-11,204,30.3,USD,6181.2,fulfilled
PO000997,SUP0016,PRD0137,2026-03-06,127,94.93,USD,12056.11,open
PO000998,SUP0039,PRD0048,2026-03-27,142,897.94,USD,127507.48,fulfilled
PO000999,SUP0033,PRD0033,2025-09-17,121,4.76,USD,575.96,fulfilled
PO001000,SUP0006,PRD0147,2026-04-23,165,29.51,USD,4869.15,fulfilled
PO001001,SUP0032,PRD0057,2025-12-29,178,3.76,USD,669.28,fulfilled
PO001002,SUP0020,PRD0016,2026-06-21,429,129.56,USD,55581.24,fulfilled
PO001003,SUP0032,PRD0015,2025-03-08,101,6.27,USD,633.27,fulfilled
PO001004,SUP0021,PRD0147,2025-09-10,71,630.94,USD,44796.74,fulfilled
PO001005,SUP0038,PRD0035,2025-01-31,120,37.51,USD,4501.2,fulfilled
PO001006,SUP0026,PRD0040,2024-12-23,281,2.31,USD,649.11,fulfilled
PO001007,SUP0011,PRD0042,2026-08-12,120,4962.94,USD,595552.8,fulfilled
PO001008,SUP0036,PRD0097,2025-11-11,356,47.08,USD,16760.48,fulfilled
PO001009,SUP0002,PRD0110,2026-02-27,279,7.08,USD,1975.32,fulfilled
PO001010,SUP0017,PRD0091,2025-08-26,67,584.08,USD,39133.36,fulfilled
PO001011,SUP0004,PRD0108,2024-10-27,540,1550.24,USD,837129.6,fulfilled
PO001012,SUP0033,PRD0083,2025-03-08,157,3.28,USD,514.96,fulfilled
PO001013,SUP0030,PRD0095,2024-09-12,171,1845.05,USD,315503.55,fulfilled
PO001014,SUP0027,PRD0144,2025-07-04,177,644.11,USD,114007.47,fulfilled
PO001015,SUP0036,PRD0140,2024-11-22,177,3602.7,USD,637677.9,fulfilled
PO001016,SUP0040,PRD0111,2026-05-04,1788,2020.28,USD,3612260.64,cancelled
PO001017,SUP0016,PRD0073,2025-12-06,543,3.79,USD,2057.97,fulfilled
PO001018,SUP0030,PRD0003,2026-07-29,290,125.58,USD,36418.2,fulfilled
PO001019,SUP0002,PRD0009,2026-01-01,188,39.18,USD,7365.84,fulfilled
PO001020,SUP0017,PRD0104,2025-12-06,508,48.04,USD,24404.32,fulfilled
PO001021,SUP0022,PRD0016,2026-08-09,327,740.3,USD,242078.1,open
PO001022,SUP0002,PRD0015,2026-05-16,194,4.69,USD,909.86,fulfilled
PO001023,SUP0007,PRD0069,2026-07-18,1314,2.31,USD,3035.34,fulfilled
PO001024,SUP0030,PRD0078,2024-09-14,255,125.45,USD,31989.75,fulfilled
PO001025,SUP0024,PRD0132,2026-05-14,566,912.82,USD,516656.12,cancelled
PO001026,SUP0035,PRD0055,2026-02-17,204,114.15,USD,23286.6,fulfilled
PO001027,SUP0017,PRD0003,2025-03-06,526,1240.84,USD,652681.84,fulfilled
PO001028,SUP0025,PRD0097,2024-11-04,136,2.98,USD,405.28,open
PO001029,SUP0035,PRD0003,2024-10-25,558,3.62,USD,2019.96,fulfilled
PO001030,SUP0006,PRD0094,2025-03-10,1549,302.24,USD,468169.76,fulfilled
PO001031,SUP0012,PRD0046,2025-09-14,129,3042.88,USD,392531.52,fulfilled
PO001032,SUP0012,PRD0105,2025-09-12,49,2.75,USD,134.75,fulfilled
PO001033,SUP0012,PRD0018,2025-05-19,352,135.66,USD,47752.32,fulfilled
PO001034,SUP0006,PRD0132,2026-02-02,880,2.31,USD,2032.8,fulfilled
PO001035,SUP0001,PRD0038,2024-11-05,84,2.65,USD,222.6,fulfilled
PO001036,SUP0035,PRD0048,2025-02-24,271,502.16,USD,136085.36,cancelled
PO001037,SUP0009,PRD0010,2025-04-10,172,3.14,USD,540.08,open
PO001038,SUP0006,PRD0026,2026-05-09,109,32.47,USD,3539.23,cancelled
PO001039,SUP0034,PRD0132,2026-08-31,382,224.42,USD,85728.44,fulfilled
PO001040,SUP0036,PRD0025,2025-02-20,87,2.32,USD,201.84,fulfilled
PO001041,SUP0019,PRD0095,2025-12-09,66,1843.8,USD,121690.8,open
PO001042,SUP0037,PRD0086,2026-06-19,107,20.82,USD,2227.74,fulfilled
PO001043,SUP0016,PRD0035,2026-06-14,422,14.84,USD,6262.48,cancelled
PO001044,SUP0031,PRD0097,2026-07-16,328,508.47,USD,166778.16,fulfilled
PO001045,SUP0012,PRD0110,2025-01-29,325,735.19,USD,238936.75,fulfilled
PO001046,SUP0005,PRD0081,2025-10-09,414,619.24,USD,256365.36,fulfilled
PO001047,SUP0021,PRD0070,2025-05-29,142,1128.58,USD,160258.36,fulfilled
PO001048,SUP0034,PRD0045,2025-01-11,326,28.96,USD,9440.96,fulfilled
PO001049,SUP0036,PRD0132,2025-01-24,92,1055.44,USD,97100.48,cancelled
PO001050,SUP0029,PRD0028,2026-03-12,435,2378.97,USD,1034851.95,fulfilled
PO001051,SUP0001,PRD0095,2026-09-03,421,100.26,USD,42209.46,fulfilled
PO001052,SUP0022,PRD0112,2024-10-02,89,25.97,USD,2311.33,cancelled
PO001053,SUP0010,PRD0119,2025-07-25,194,484.72,USD,94035.68,fulfilled
PO001054,SUP0012,PRD0065,2024-12-31,34,25.7,USD,873.8,fulfilled
PO001055,SUP0036,PRD0141,2026-04-05,358,342.48,USD,122607.84,cancelled
PO001056,SUP0021,PRD0110,2026-01-02,314,1056.68,USD,331797.52,open
PO001057,SUP0007,PRD0072,2026-06-07,698,48.66,USD,33964.68,open
PO001058,SUP0040,PRD0005,2025-06-22,100,124.69,USD,12469.0,fulfilled
PO001059,SUP0014,PRD0078,2024-12-26,419,3.08,USD,1290.52,fulfilled
PO001060,SUP0030,PRD0019,2024-12-01,235,3351.05,USD,787496.75,fulfilled
PO001061,SUP0002,PRD0023,2026-07-10,157,4.06,USD,637.42,open
PO001062,SUP0004,PRD0013,2025-01-20,317,3.68,USD,1166.56,fulfilled
PO001063,SUP0015,PRD0059,2025-06-24,482,1002.96,USD,483426.72,fulfilled
PO001064,SUP0025,PRD0147,2026-03-13,163,3.38,USD,550.94,fulfilled
PO001065,SUP0010,PRD0095,2025-04-25,215,148.63,USD,31955.45,fulfilled
PO001066,SUP0039,PRD0063,2026-01-03,504,4716.08,USD,2376904.32,fulfilled
PO001067,SUP0036,PRD0036,2026-02-07,298,10.62,USD,3164.76,open
PO001068,SUP0025,PRD0097,2025-08-24,891,1581.8,USD,1409383.8,fulfilled
PO001069,SUP0012,PRD0064,2026-04-08,114,401.04,USD,45718.56,fulfilled
PO001070,SUP0021,PRD0019,2026-05-17,134,2.31,USD,309.54,fulfilled
PO001071,SUP0004,PRD0137,2026-07-29,74,7.15,USD,529.1,fulfilled
PO001072,SUP0005,PRD0132,2025-03-20,166,2.33,USD,386.78,fulfilled
PO001073,SUP0031,PRD0119,2025-02-03,107,154.87,USD,16571.09,fulfilled
PO001074,SUP0007,PRD0041,2024-09-09,181,122.5,USD,22172.5,open
PO001075,SUP0001,PRD0112,2025-09-01,222,1917.31,USD,425642.82,cancelled
PO001076,SUP0023,PRD0147,2026-01-05,379,31.76,USD,12037.04,fulfilled
PO001077,SUP0025,PRD0072,2026-09-01,126,1400.54,USD,176468.04,fulfilled
PO001078,SUP0019,PRD0132,2026-05-01,283,9.32,USD,2637.56,cancelled
PO001079,SUP0026,PRD0095,2025-11-07,512,1312.23,USD,671861.76,fulfilled
PO001080,SUP0035,PRD0147,2025-10-28,102,667.64,USD,68099.28,cancelled
PO001081,SUP0040,PRD0147,2025-01-03,219,477.0,USD,104463.0,fulfilled
PO001082,SUP0016,PRD0078,2025-03-10,199,2.36,USD,469.64,open
PO001083,SUP0008,PRD0066,2025-03-10,830,2.42,USD,2008.6,fulfilled
PO001084,SUP0006,PRD0144,2024-10-12,427,2.87,USD,1225.49,open
PO001085,SUP0026,PRD0142,2024-09-04,105,1677.7,USD,176158.5,fulfilled
PO001086,SUP0016,PRD0145,2025-10-15,337,5.36,USD,1806.32,fulfilled
PO001087,SUP0014,PRD0091,2026-06-22,28,2516.73,USD,70468.44,fulfilled
PO001088,SUP0026,PRD0133,2025-02-27,193,43.95,USD,8482.35,cancelled
PO001089,SUP0008,PRD0145,2025-04-28,646,1210.3,USD,781853.8,cancelled
PO001090,SUP0022,PRD0064,2026-07-07,209,16.51,USD,3450.59,open
PO001091,SUP0004,PRD0136,2026-03-13,320,3760.47,USD,1203350.4,fulfilled
PO001092,SUP0015,PRD0045,2025-07-27,637,255.76,USD,162919.12,open
PO001093,SUP0033,PRD0124,2025-11-12,135,405.0,USD,54675.0,fulfilled
PO001094,SUP0021,PRD0108,2025-05-14,67,207.32,USD,13890.44,open
PO001095,SUP0021,PRD0093,2026-08-21,846,158.79,USD,134336.34,open
PO001096,SUP0010,PRD0023,2026-07-23,161,165.13,USD,26585.93,open
PO001097,SUP0017,PRD0148,2026-03-04,529,31.31,USD,16562.99,open
PO001098,SUP0016,PRD0137,2025-01-29,104,72.58,USD,7548.32,open
PO001099,SUP0036,PRD0007,2025-06-26,163,78.69,USD,12826.47,fulfilled
PO001100,SUP0020,PRD0082,2025-06-19,119,432.85,USD,51509.15,fulfilled
PO001101,SUP0017,PRD0012,2025-10-03,187,225.87,USD,42237.69,fulfilled
PO001102,SUP0017,PRD0079,2026-04-25,133,1430.77,USD,190292.41,fulfilled
PO001103,SUP0028,PRD0114,2025-08-10,356,524.49,USD,186718.44,open
PO001104,SUP0008,PRD0097,2025-07-05,201,7458.29,USD,1499116.29,fulfilled
PO001105,SUP0010,PRD0117,2026-01-19,519,525.78,USD,272879.82,fulfilled
PO001106,SUP0039,PRD0150,2024-12-14,267,2661.25,USD,710553.75,open
PO001107,SUP0029,PRD0142,2024-10-27,272,7458.29,USD,2028654.88,fulfilled
PO001108,SUP0019,PRD0147,2025-06-20,325,167.35,USD,54388.75,fulfilled
PO001109,SUP0008,PRD0001,2026-08-14,131,3.93,USD,514.83,fulfilled
PO001110,SUP0036,PRD0133,2026-03-08,552,5.02,USD,2771.04,fulfilled
PO001111,SUP0002,PRD0132,2025-05-16,213,263.99,USD,56229.87,open
PO001112,SUP0030,PRD0056,2026-03-20,738,27.11,USD,20007.18,fulfilled
PO001113,SUP0028,PRD0079,2025-09-20,593,465.17,USD,275845.81,fulfilled
PO001114,SUP0010,PRD0145,2025-09-22,405,1626.93,USD,658906.65,fulfilled
PO001115,SUP0017,PRD0121,2026-06-07,212,1014.24,USD,215018.88,fulfilled
PO001116,SUP0008,PRD0016,2024-12-11,360,1476.3,USD,531468.0,open
PO001117,SUP0035,PRD0009,2025-02-17,511,289.03,USD,147694.33,fulfilled
PO001118,SUP0017,PRD0091,2025-07-05,676,29.24,USD,19766.24,fulfilled
PO001119,SUP0037,PRD0111,2026-04-21,630,42.15,USD,26554.5,fulfilled
PO001120,SUP0031,PRD0117,2026-08-06,827,789.45,USD,652875.15,open
PO001121,SUP0004,PRD0144,2025-12-15,662,205.21,USD,135849.02,fulfilled
PO001122,SUP0001,PRD0097,2025-11-06,52,5.04,USD,262.08,fulfilled
PO001123,SUP0038,PRD0023,2025-08-12,1520,1077.17,USD,1637298.4,fulfilled
PO001124,SUP0022,PRD0051,2025-08-04,428,25.59,USD,10952.52,open
PO001125,SUP0040,PRD0027,2026-07-31,337,7.34,USD,2473.58,fulfilled
PO001126,SUP0026,PRD0141,2026-04-26,56,42.21,USD,2363.76,fulfilled
PO001127,SUP0026,PRD0032,2025-01-08,53,244.26,USD,12945.78,fulfilled
PO001128,SUP0009,PRD0072,2025-03-31,649,2434.07,USD,1579711.43,cancelled
PO001129,SUP0038,PRD0055,2024-09-26,158,312.63,USD,49395.54,fulfilled
PO001130,SUP0033,PRD0018,2024-09-26,349,593.39,USD,207093.11,fulfilled
PO001131,SUP0035,PRD0064,2025-11-21,119,1388.81,USD,165268.39,cancelled
PO001132,SUP0034,PRD0150,2025-04-28,224,1779.78,USD,398670.72,open
PO001133,SUP0038,PRD0083,2024-09-13,37,1385.57,USD,51266.09,fulfilled
PO001134,SUP0029,PRD0105,2025-07-14,385,5.02,USD,1932.7,open
PO001135,SUP0030,PRD0040,2025-09-14,174,203.59,USD,35424.66,fulfilled
PO001136,SUP0030,PRD0051,2026-05-19,89,2085.23,USD,185585.47,fulfilled
PO001137,SUP0034,PRD0103,2025-12-09,73,3490.91,USD,254836.43,fulfilled
PO001138,SUP0036,PRD0084,2025-12-10,823,1669.05,USD,1373628.15,open
PO001139,SUP0031,PRD0095,2024-12-11,442,124.17,USD,54883.14,fulfilled
PO001140,SUP0002,PRD0055,2026-08-08,595,401.99,USD,239184.05,fulfilled
PO001141,SUP0038,PRD0150,2025-04-09,589,841.57,USD,495684.73,fulfilled
PO001142,SUP0010,PRD0079,2025-07-31,122,13.07,USD,1594.54,fulfilled
PO001143,SUP0018,PRD0011,2025-06-22,97,1000.32,USD,97031.04,cancelled
PO001144,SUP0009,PRD0102,2026-06-02,584,6.67,USD,3895.28,fulfilled
PO001145,SUP0039,PRD0037,2025-11-27,260,241.98,USD,62914.8,open
PO001146,SUP0003,PRD0118,2026-02-23,208,2.88,USD,599.04,fulfilled
PO001147,SUP0002,PRD0133,2024-12-16,454,537.97,USD,244238.38,fulfilled
PO001148,SUP0026,PRD0121,2026-07-02,445,4460.18,USD,1984780.1,open
PO001149,SUP0017,PRD0109,2025-10-12,266,292.58,USD,77826.28,fulfilled
PO001150,SUP0009,PRD0095,2026-04-19,234,339.46,USD,79433.64,fulfilled
PO001151,SUP0013,PRD0016,2025-10-11,497,665.33,USD,330669.01,fulfilled
PO001152,SUP0001,PRD0049,2025-06-13,78,1722.42,USD,134348.76,fulfilled
PO001153,SUP0013,PRD0136,2026-01-15,127,3.16,USD,401.32,fulfilled
PO001154,SUP0036,PRD0016,2026-08-24,456,975.65,USD,444896.4,fulfilled
PO001155,SUP0019,PRD0124,2024-12-10,823,16.03,USD,13192.69,fulfilled
PO001156,SUP0036,PRD0097,2026-05-17,79,18.0,USD,1422.0,open
PO001157,SUP0019,PRD0079,2026-07-12,125,3.62,USD,452.5,cancelled
PO001158,SUP0020,PRD0018,2026-04-18,110,3.55,USD,390.5,fulfilled
PO001159,SUP0017,PRD0023,2025-07-28,946,405.62,USD,383716.52,fulfilled
PO001160,SUP0028,PRD0141,2025-08-12,212,259.64,USD,55043.68,fulfilled
PO001161,SUP0008,PRD0056,2026-03-29,117,106.27,USD,12433.59,fulfilled
PO001162,SUP0026,PRD0146,2024-11-23,164,260.08,USD,42653.12,fulfilled
PO001163,SUP0019,PRD0077,2024-12-13,493,576.56,USD,284244.08,open
PO001164,SUP0023,PRD0020,2025-04-11,79,7.81,USD,616.99,cancelled
PO001165,SUP0019,PRD0032,2026-04-13,146,540.61,USD,78929.06,fulfilled
PO001166,SUP0033,PRD0048,2025-04-09,910,11.22,USD,10210.2,fulfilled
PO001167,SUP0002,PRD0128,2026-08-16,581,714.78,USD,415287.18,open
PO001168,SUP0009,PRD0057,2026-05-17,193,30.04,USD,5797.72,fulfilled
PO001169,SUP0026,PRD0030,2026-01-08,77,9.19,USD,707.63,cancelled
PO001170,SUP0015,PRD0079,2025-03-06,83,353.01,USD,29299.83,fulfilled
PO001171,SUP0010,PRD0053,2024-11-09,77,632.15,USD,48675.55,fulfilled
PO001172,SUP0006,PRD0120,2025-08-06,541,173.6,USD,93917.6,fulfilled
PO001173,SUP0013,PRD0003,2025-01-22,64,217.47,USD,13918.08,fulfilled
PO001174,SUP0017,PRD0094,2025-11-23,562,83.69,USD,47033.78,fulfilled
PO001175,SUP0021,PRD0109,2026-07-19,620,227.17,USD,140845.4,fulfilled
PO001176,SUP0031,PRD0075,2025-08-05,94,168.14,USD,15805.16,cancelled
PO001177,SUP0032,PRD0104,2024-11-01,295,549.51,USD,162105.45,fulfilled
PO001178,SUP0030,PRD0015,2026-09-01,212,2297.49,USD,487067.88,fulfilled
PO001179,SUP0031,PRD0017,2025-11-28,423,18.22,USD,7707.06,fulfilled
PO001180,SUP0005,PRD0037,2025-11-19,216,10.95,USD,2365.2,fulfilled
PO001181,SUP0019,PRD0039,2026-01-30,164,134.48,USD,22054.72,fulfilled
PO001182,SUP0006,PRD0147,2025-03-10,1077,185.42,USD,199697.34,open
PO001183,SUP0039,PRD0095,2024-11-09,813,155.58,USD,126486.54,open
PO001184,SUP0030,PRD0079,2026-03-17,304,19.46,USD,5915.84,fulfilled
PO001185,SUP0040,PRD0040,2025-09-06,60,3434.91,USD,206094.6,fulfilled
PO001186,SUP0016,PRD0016,2025-03-02,454,2799.61,USD,1271022.94,fulfilled
PO001187,SUP0039,PRD0078,2025-10-10,284,946.04,USD,268675.36,open
PO001188,SUP0012,PRD0141,2026-08-28,256,17.06,USD,4367.36,fulfilled
PO001189,SUP0036,PRD0058,2026-02-09,784,11.38,USD,8921.92,fulfilled
PO001190,SUP0029,PRD0078,2024-12-14,305,13.59,USD,4144.95,fulfilled
PO001191,SUP0025,PRD0117,2024-09-23,269,316.62,USD,85170.78,fulfilled
PO001192,SUP0008,PRD0102,2026-03-15,137,69.3,USD,9494.1,fulfilled
PO001193,SUP0019,PRD0028,2026-06-14,171,623.37,USD,106596.27,fulfilled
PO001194,SUP0011,PRD0016,2026-05-31,126,2.32,USD,292.32,fulfilled
PO001195,SUP0025,PRD0111,2026-06-16,223,40.67,USD,9069.41,fulfilled
PO001196,SUP0021,PRD0147,2025-03-06,77,4746.95,USD,365515.15,cancelled
PO001197,SUP0019,PRD0057,2026-08-06,209,3221.07,USD,673203.63,open
PO001198,SUP0021,PRD0068,2025-01-26,717,28.54,USD,20463.18,fulfilled
PO001199,SUP0032,PRD0045,2024-12-01,163,55.52,USD,9049.76,fulfilled
PO001200,SUP0021,PRD0052,2026-01-31,549,8.25,USD,4529.25,fulfilled
PO001201,SUP0012,PRD0115,2025-08-02,277,122.52,USD,33938.04,fulfilled
PO001202,SUP0017,PRD0038,2024-12-21,588,31.73,USD,18657.24,fulfilled
PO001203,SUP0021,PRD0065,2025-10-31,454,54.99,USD,24965.46,open
PO001204,SUP0009,PRD0057,2025-06-21,133,1887.8,USD,251077.4,cancelled
PO001205,SUP0029,PRD0072,2026-09-03,495,348.35,USD,172433.25,fulfilled
PO001206,SUP0013,PRD0097,2026-01-11,455,10.25,USD,4663.75,fulfilled
PO001207,SUP0015,PRD0016,2024-12-07,121,3339.92,USD,404130.32,fulfilled
PO001208,SUP0038,PRD0122,2025-06-20,250,4.52,USD,1130.0,fulfilled
PO001209,SUP0018,PRD0148,2025-02-12,236,3.07,USD,724.52,fulfilled
PO001210,SUP0019,PRD0136,2025-09-05,308,2.31,USD,711.48,fulfilled
PO001211,SUP0022,PRD0141,2026-08-31,292,124.5,USD,36354.0,fulfilled
PO001212,SUP0037,PRD0070,2026-04-01,85,207.04,USD,17598.4,open
PO001213,SUP0015,PRD0106,2026-04-16,73,452.08,USD,33001.84,open
PO001214,SUP0020,PRD0105,2025-02-22,242,3846.26,USD,930794.92,open
PO001215,SUP0026,PRD0055,2025-08-14,139,658.01,USD,91463.39,fulfilled
PO001216,SUP0025,PRD0141,2025-09-14,982,1979.56,USD,1943927.92,open
PO001217,SUP0038,PRD0072,2025-02-05,140,3939.88,USD,551583.2,fulfilled
PO001218,SUP0032,PRD0094,2024-11-06,367,140.26,USD,51475.42,open
PO001219,SUP0008,PRD0055,2025-09-05,209,152.94,USD,31964.46,open
PO001220,SUP0028,PRD0068,2025-12-24,529,2277.62,USD,1204860.98,fulfilled
PO001221,SUP0021,PRD0064,2026-05-03,566,94.17,USD,53300.22,fulfilled
PO001222,SUP0019,PRD0135,2025-03-20,534,213.77,USD,114153.18,fulfilled
PO001223,SUP0003,PRD0084,2026-06-15,378,9.81,USD,3708.18,fulfilled
PO001224,SUP0010,PRD0003,2025-11-07,550,422.59,USD,232424.5,cancelled
PO001225,SUP0032,PRD0051,2025-09-12,370,346.61,USD,128245.7,open
PO001226,SUP0014,PRD0023,2026-07-18,553,3054.87,USD,1689343.11,fulfilled
PO001227,SUP0008,PRD0090,2025-01-23,180,4.82,USD,867.6,fulfilled
PO001228,SUP0025,PRD0114,2025-05-18,575,162.72,USD,93564.0,fulfilled
PO001229,SUP0006,PRD0130,2025-11-19,835,34.37,USD,28698.95,cancelled
PO001230,SUP0028,PRD0049,2025-08-11,427,764.07,USD,326257.89,open
PO001231,SUP0025,PRD0016,2025-06-27,212,799.32,USD,169455.84,fulfilled
PO001232,SUP0024,PRD0076,2025-06-28,201,2375.7,USD,477515.7,fulfilled
PO001233,SUP0027,PRD0104,2026-04-05,123,2.37,USD,291.51,fulfilled
PO001234,SUP0036,PRD0055,2025-08-29,80,41.98,USD,3358.4,cancelled
PO001235,SUP0016,PRD0044,2026-05-27,119,1164.37,USD,138560.03,fulfilled
PO001236,SUP0002,PRD0066,2026-05-04,360,947.84,USD,341222.4,fulfilled
PO001237,SUP0035,PRD0102,2025-03-30,57,158.07,USD,9009.99,fulfilled
PO001238,SUP0015,PRD0141,2025-01-01,73,546.68,USD,39907.64,fulfilled
PO001239,SUP0004,PRD0021,2025-08-25,531,154.63,USD,82108.53,open
PO001240,SUP0034,PRD0035,2026-07-08,58,919.97,USD,53358.26,fulfilled
PO001241,SUP0015,PRD0122,2025-02-16,114,2.34,USD,266.76,fulfilled
PO001242,SUP0025,PRD0081,2025-03-01,119,166.48,USD,19811.12,cancelled
PO001243,SUP0019,PRD0016,2024-10-18,248,1668.2,USD,413713.6,fulfilled
PO001244,SUP0010,PRD0105,2026-04-12,1270,528.14,USD,670737.8,fulfilled
PO001245,SUP0030,PRD0095,2025-01-23,414,3524.17,USD,1459006.38,fulfilled
PO001246,SUP0031,PRD0132,2026-04-27,76,32.46,USD,2466.96,fulfilled
PO001247,SUP0036,PRD0015,2026-07-30,110,32.41,USD,3565.1,fulfilled
PO001248,SUP0004,PRD0045,2025-06-10,455,139.88,USD,63645.4,fulfilled
PO001249,SUP0004,PRD0078,2025-10-14,1349,689.79,USD,930526.71,fulfilled
PO001250,SUP0022,PRD0078,2026-06-23,60,3306.47,USD,198388.2,fulfilled
PO001251,SUP0022,PRD0077,2025-05-13,521,2.31,USD,1203.51,fulfilled
PO001252,SUP0017,PRD0070,2024-12-06,353,3120.12,USD,1101402.36,open
PO001253,SUP0010,PRD0008,2025-09-06,644,7.39,USD,4759.16,fulfilled
PO001254,SUP0026,PRD0044,2026-03-16,66,35.34,USD,2332.44,fulfilled
PO001255,SUP0019,PRD0020,2024-10-22,214,16.69,USD,3571.66,cancelled
PO001256,SUP0020,PRD0128,2025-09-07,675,852.12,USD,575181.0,fulfilled
PO001257,SUP0019,PRD0137,2025-09-20,362,35.0,USD,12670.0,fulfilled
PO001258,SUP0019,PRD0066,2026-07-04,160,1119.72,USD,179155.2,open
PO001259,SUP0022,PRD0084,2025-06-14,290,2.31,USD,669.9,fulfilled
PO001260,SUP0015,PRD0020,2026-02-18,387,940.6,USD,364012.2,fulfilled
PO001261,SUP0030,PRD0105,2024-10-21,102,4.78,USD,487.56,fulfilled
PO001262,SUP0008,PRD0091,2025-12-17,306,371.16,USD,113574.96,fulfilled
PO001263,SUP0012,PRD0075,2025-07-19,217,174.77,USD,37925.09,cancelled
PO001264,SUP0034,PRD0043,2026-04-14,409,2.33,USD,952.97,fulfilled
PO001265,SUP0017,PRD0033,2026-07-09,115,296.74,USD,34125.1,fulfilled
PO001266,SUP0039,PRD0102,2025-07-25,572,38.41,USD,21970.52,cancelled
PO001267,SUP0028,PRD0017,2025-07-01,101,1328.11,USD,134139.11,fulfilled
PO001268,SUP0017,PRD0051,2024-12-08,209,39.04,USD,8159.36,open
PO001269,SUP0019,PRD0135,2025-01-21,260,2.31,USD,600.6,open
PO001270,SUP0012,PRD0019,2025-09-28,117,2751.76,USD,321955.92,fulfilled
PO001271,SUP0028,PRD0143,2025-07-03,52,85.91,USD,4467.32,fulfilled
PO001272,SUP0033,PRD0139,2026-01-14,182,3.31,USD,602.42,open
PO001273,SUP0008,PRD0003,2026-03-14,229,4.06,USD,929.74,fulfilled
PO001274,SUP0030,PRD0078,2025-12-25,571,157.6,USD,89989.6,fulfilled
PO001275,SUP0005,PRD0142,2025-02-22,367,5066.08,USD,1859251.36,fulfilled
PO001276,SUP0002,PRD0051,2025-02-09,101,2.64,USD,266.64,fulfilled
PO001277,SUP0027,PRD0053,2025-07-30,81,170.6,USD,13818.6,fulfilled
PO001278,SUP0008,PRD0028,2024-12-17,350,159.86,USD,55951.0,fulfilled
PO001279,SUP0025,PRD0055,2026-02-21,470,7.7,USD,3619.0,fulfilled
PO001280,SUP0036,PRD0028,2025-01-14,86,1883.0,USD,161938.0,open
PO001281,SUP0009,PRD0114,2024-11-20,96,6.92,USD,664.32,cancelled
PO001282,SUP0008,PRD0079,2025-10-17,393,6.49,USD,2550.57,fulfilled
PO001283,SUP0035,PRD0105,2024-10-28,351,89.48,USD,31407.48,open
PO001284,SUP0002,PRD0115,2025-06-28,139,19.99,USD,2778.61,cancelled
PO001285,SUP0015,PRD0083,2026-07-06,665,2328.65,USD,1548552.25,fulfilled
PO001286,SUP0010,PRD0067,2025-05-02,234,139.21,USD,32575.14,fulfilled
PO001287,SUP0026,PRD0035,2024-12-16,103,111.25,USD,11458.75,fulfilled
PO001288,SUP0032,PRD0111,2025-11-03,408,9.57,USD,3904.56,fulfilled
PO001289,SUP0018,PRD0079,2025-05-21,1079,3452.13,USD,3724848.27,open
PO001290,SUP0030,PRD0056,2024-09-30,292,1061.75,USD,310031.0,open
PO001291,SUP0022,PRD0112,2025-08-10,157,450.06,USD,70659.42,fulfilled
PO001292,SUP0009,PRD0023,2026-05-11,71,72.22,USD,5127.62,open
PO001293,SUP0015,PRD0130,2025-09-18,57,1500.8,USD,85545.6,fulfilled
PO001294,SUP0006,PRD0087,2026-06-17,137,213.79,USD,29289.23,fulfilled
PO001295,SUP0019,PRD0091,2025-11-20,368,3032.52,USD,1115967.36,fulfilled
PO001296,SUP0022,PRD0081,2026-03-26,475,6.64,USD,3154.0,cancelled
PO001297,SUP0020,PRD0038,2025-06-19,395,5183.8,USD,2047601.0,open
PO001298,SUP0024,PRD0122,2026-08-20,169,855.61,USD,144598.09,fulfilled
PO001299,SUP0036,PRD0086,2026-03-02,178,17.21,USD,3063.38,fulfilled
PO001300,SUP0030,PRD0095,2025-09-11,371,1241.62,USD,460641.02,fulfilled
PO001301,SUP0029,PRD0018,2026-02-14,772,5.33,USD,4114.76,fulfilled
PO001302,SUP0012,PRD0012,2025-01-01,32,2.32,USD,74.24,fulfilled
PO001303,SUP0035,PRD0097,2026-07-08,178,3981.06,USD,708628.68,open
PO001304,SUP0025,PRD0104,2026-06-30,122,201.41,USD,24572.02,fulfilled
PO001305,SUP0030,PRD0059,2026-02-06,95,1131.93,USD,107533.35,fulfilled
PO001306,SUP0031,PRD0132,2026-01-02,371,2398.46,USD,889828.66,fulfilled
PO001307,SUP0018,PRD0095,2025-02-26,184,121.67,USD,22387.28,fulfilled
PO001308,SUP0036,PRD0018,2026-08-12,67,4.03,USD,270.01,fulfilled
PO001309,SUP0012,PRD0033,2025-08-18,273,5.34,USD,1457.82,fulfilled
PO001310,SUP0002,PRD0070,2026-04-27,515,753.36,USD,387980.4,fulfilled
PO001311,SUP0005,PRD0019,2025-08-15,440,2615.67,USD,1150894.8,fulfilled
PO001312,SUP0021,PRD0057,2025-09-23,110,2043.32,USD,224765.2,open
PO001313,SUP0031,PRD0128,2024-12-27,256,799.14,USD,204579.84,fulfilled
PO001314,SUP0034,PRD0056,2026-01-07,66,117.6,USD,7761.6,fulfilled
PO001315,SUP0027,PRD0012,2025-07-19,324,390.6,USD,126554.4,fulfilled
PO001316,SUP0031,PRD0075,2026-06-23,263,1711.02,USD,449998.26,fulfilled
PO001317,SUP0021,PRD0066,2026-01-09,1321,3653.1,USD,4825745.1,fulfilled
PO001318,SUP0015,PRD0130,2025-06-25,212,79.01,USD,16750.12,fulfilled
PO001319,SUP0004,PRD0097,2024-11-13,47,601.48,USD,28269.56,open
PO001320,SUP0015,PRD0051,2024-11-04,158,1170.91,USD,185003.78,fulfilled
PO001321,SUP0001,PRD0144,2025-09-26,499,3.6,USD,1796.4,open
PO001322,SUP0026,PRD0015,2025-12-16,302,2277.5,USD,687805.0,fulfilled
PO001323,SUP0011,PRD0096,2026-03-20,174,462.93,USD,80549.82,fulfilled
PO001324,SUP0026,PRD0141,2025-12-30,85,54.09,USD,4597.65,fulfilled
PO001325,SUP0004,PRD0091,2025-02-17,98,201.21,USD,19718.58,fulfilled
PO001326,SUP0026,PRD0064,2025-06-09,94,2864.3,USD,269244.2,fulfilled
PO001327,SUP0026,PRD0055,2025-06-13,89,834.27,USD,74250.03,fulfilled
PO001328,SUP0002,PRD0150,2026-08-20,379,2.5,USD,947.5,fulfilled
PO001329,SUP0003,PRD0082,2025-10-30,292,297.86,USD,86975.12,fulfilled
PO001330,SUP0017,PRD0040,2024-09-17,216,47.83,USD,10331.28,fulfilled
PO001331,SUP0010,PRD0111,2025-06-08,609,421.53,USD,256711.77,fulfilled
PO001332,SUP0040,PRD0144,2026-05-27,306,596.58,USD,182553.48,fulfilled
PO001333,SUP0002,PRD0112,2024-12-20,561,140.52,USD,78831.72,fulfilled
PO001334,SUP0037,PRD0095,2026-08-02,254,32.79,USD,8328.66,fulfilled
PO001335,SUP0009,PRD0111,2025-05-02,138,7458.29,USD,1029244.02,fulfilled
PO001336,SUP0030,PRD0095,2025-03-03,221,7163.85,USD,1583210.85,fulfilled
PO001337,SUP0034,PRD0010,2026-05-10,1088,236.03,USD,256800.64,fulfilled
PO001338,SUP0034,PRD0021,2026-03-31,481,2.37,USD,1139.97,cancelled
PO001339,SUP0004,PRD0049,2025-10-30,50,4.27,USD,213.5,fulfilled
PO001340,SUP0025,PRD0033,2026-05-05,376,129.18,USD,48571.68,fulfilled
PO001341,SUP0002,PRD0103,2025-06-17,417,2.31,USD,963.27,fulfilled
PO001342,SUP0017,PRD0016,2026-01-21,297,2769.08,USD,822416.76,fulfilled
PO001343,SUP0028,PRD0083,2025-09-06,146,13.03,USD,1902.38,fulfilled
PO001344,SUP0027,PRD0007,2025-06-16,170,59.13,USD,10052.1,open
PO001345,SUP0007,PRD0082,2025-10-06,33,217.41,USD,7174.53,fulfilled
PO001346,SUP0004,PRD0055,2026-06-02,81,2.43,USD,196.83,fulfilled
PO001347,SUP0025,PRD0112,2025-08-28,191,205.46,USD,39242.86,fulfilled
PO001348,SUP0031,PRD0036,2025-07-06,533,29.33,USD,15632.89,fulfilled
PO001349,SUP0005,PRD0003,2024-09-29,173,351.11,USD,60742.03,open
PO001350,SUP0028,PRD0108,2025-10-31,193,1659.8,USD,320341.4,fulfilled
PO001351,SUP0004,PRD0140,2025-06-23,572,1681.16,USD,961623.52,open
PO001352,SUP0030,PRD0055,2025-06-01,191,413.21,USD,78923.11,open
PO001353,SUP0010,PRD0063,2025-02-08,343,547.18,USD,187682.74,fulfilled
PO001354,SUP0003,PRD0051,2024-09-30,428,2.33,USD,997.24,fulfilled
PO001355,SUP0021,PRD0010,2024-09-28,281,162.6,USD,45690.6,fulfilled
PO001356,SUP0025,PRD0058,2025-09-16,94,2606.27,USD,244989.38,cancelled
PO001357,SUP0030,PRD0053,2024-09-15,329,2.33,USD,766.57,fulfilled
PO001358,SUP0033,PRD0019,2025-11-06,384,3505.45,USD,1346092.8,fulfilled
PO001359,SUP0008,PRD0023,2026-07-01,596,1293.47,USD,770908.12,fulfilled
PO001360,SUP0031,PRD0100,2025-07-27,390,119.76,USD,46706.4,fulfilled
PO001361,SUP0026,PRD0074,2025-05-19,279,30.57,USD,8529.03,fulfilled
PO001362,SUP0017,PRD0017,2026-05-06,624,991.63,USD,618777.12,cancelled
PO001363,SUP0031,PRD0038,2025-05-21,171,931.03,USD,159206.13,fulfilled
PO001364,SUP0028,PRD0051,2024-09-23,165,101.9,USD,16813.5,fulfilled
PO001365,SUP0036,PRD0032,2024-10-20,707,201.72,USD,142616.04,fulfilled
PO001366,SUP0036,PRD0145,2024-10-31,161,162.41,USD,26148.01,fulfilled
PO001367,SUP0013,PRD0020,2025-03-19,172,381.15,USD,65557.8,open
PO001368,SUP0002,PRD0139,2025-09-13,315,729.58,USD,229817.7,fulfilled
PO001369,SUP0027,PRD0090,2026-03-16,970,872.04,USD,845878.8,open
PO001370,SUP0017,PRD0045,2026-01-17,240,3.0,USD,720.0,fulfilled
PO001371,SUP0002,PRD0128,2024-10-13,810,2.63,USD,2130.3,fulfilled
PO001372,SUP0001,PRD0132,2024-10-15,99,1505.9,USD,149084.1,fulfilled
PO001373,SUP0020,PRD0057,2025-09-08,340,72.26,USD,24568.4,fulfilled
PO001374,SUP0002,PRD0048,2025-02-09,51,274.89,USD,14019.39,fulfilled
PO001375,SUP0030,PRD0036,2026-09-02,281,2518.1,USD,707586.1,fulfilled
PO001376,SUP0032,PRD0145,2026-03-12,465,19.12,USD,8890.8,fulfilled
PO001377,SUP0037,PRD0147,2026-03-16,68,189.13,USD,12860.84,fulfilled
PO001378,SUP0019,PRD0091,2025-08-06,275,987.22,USD,271485.5,fulfilled
PO001379,SUP0013,PRD0012,2026-08-03,371,189.08,USD,70148.68,fulfilled
PO001380,SUP0035,PRD0079,2026-07-15,174,924.64,USD,160887.36,cancelled
PO001381,SUP0040,PRD0097,2026-05-04,460,1204.11,USD,553890.6,fulfilled
PO001382,SUP0020,PRD0135,2025-12-12,382,2.34,USD,893.88,fulfilled
PO001383,SUP0038,PRD0091,2025-01-07,30,1495.23,USD,44856.9,fulfilled
PO001384,SUP0007,PRD0035,2026-04-21,470,2.82,USD,1325.4,fulfilled
PO001385,SUP0010,PRD0141,2025-03-27,106,459.2,USD,48675.2,cancelled
PO001386,SUP0030,PRD0091,2025-04-13,348,2.31,USD,803.88,fulfilled
PO001387,SUP0016,PRD0110,2025-10-07,327,14.16,USD,4630.32,fulfilled
PO001388,SUP0006,PRD0058,2026-03-22,259,710.04,USD,183900.36,fulfilled
PO001389,SUP0012,PRD0076,2025-07-15,73,537.97,USD,39271.81,open
PO001390,SUP0017,PRD0092,2025-04-04,655,4.22,USD,2764.1,fulfilled
PO001391,SUP0035,PRD0137,2025-11-09,373,2.31,USD,861.63,fulfilled
PO001392,SUP0006,PRD0128,2026-07-05,170,538.75,USD,91587.5,fulfilled
PO001393,SUP0029,PRD0117,2025-04-06,188,848.62,USD,159540.56,fulfilled
PO001394,SUP0005,PRD0064,2025-01-30,472,2989.35,USD,1410973.2,fulfilled
PO001395,SUP0031,PRD0083,2025-11-27,125,784.21,USD,98026.25,fulfilled
PO001396,SUP0036,PRD0016,2025-10-29,64,43.41,USD,2778.24,fulfilled
PO001397,SUP0029,PRD0031,2026-08-17,172,336.73,USD,57917.56,cancelled
PO001398,SUP0007,PRD0097,2025-01-13,1216,1287.0,USD,1564992.0,cancelled
PO001399,SUP0020,PRD0064,2024-11-11,519,7.64,USD,3965.16,fulfilled
PO001400,SUP0004,PRD0132,2025-02-02,88,1816.92,USD,159888.96,open
PO001401,SUP0017,PRD0103,2026-03-10,79,14.66,USD,1158.14,fulfilled
PO001402,SUP0019,PRD0143,2026-08-26,86,779.23,USD,67013.78,cancelled
PO001403,SUP0028,PRD0078,2026-03-19,238,606.67,USD,144387.46,fulfilled
PO001404,SUP0012,PRD0059,2025-04-18,356,2.32,USD,825.92,fulfilled
PO001405,SUP0021,PRD0028,2025-06-19,121,780.28,USD,94413.88,fulfilled
PO001406,SUP0036,PRD0106,2026-04-14,56,9.2,USD,515.2,fulfilled
PO001407,SUP0021,PRD0079,2025-05-14,253,23.21,USD,5872.13,fulfilled
PO001408,SUP0037,PRD0056,2025-11-07,353,684.97,USD,241794.41,fulfilled
PO001409,SUP0001,PRD0097,2025-10-05,422,2.83,USD,1194.26,fulfilled
PO001410,SUP0029,PRD0103,2026-06-05,532,1920.34,USD,1021620.88,fulfilled
PO001411,SUP0009,PRD0024,2025-06-01,105,322.37,USD,33848.85,open
PO001412,SUP0026,PRD0147,2025-09-14,989,7.8,USD,7714.2,fulfilled
PO001413,SUP0034,PRD0095,2026-08-30,104,6826.11,USD,709915.44,fulfilled
PO001414,SUP0035,PRD0141,2025-09-06,478,159.14,USD,76068.92,fulfilled
PO001415,SUP0009,PRD0082,2025-08-07,462,198.99,USD,91933.38,fulfilled
PO001416,SUP0034,PRD0063,2026-01-09,71,707.23,USD,50213.33,fulfilled
PO001417,SUP0035,PRD0010,2025-12-17,148,787.03,USD,116480.44,fulfilled
PO001418,SUP0028,PRD0147,2026-05-26,224,4.46,USD,999.04,fulfilled
PO001419,SUP0009,PRD0117,2025-09-13,109,159.52,USD,17387.68,cancelled
PO001420,SUP0026,PRD0051,2026-05-07,155,743.51,USD,115244.05,fulfilled
PO001421,SUP0036,PRD0089,2025-08-20,373,83.0,USD,30959.0,fulfilled
PO001422,SUP0002,PRD0093,2026-04-20,154,566.41,USD,87227.14,fulfilled
PO001423,SUP0030,PRD0139,2026-07-18,186,139.72,USD,25987.92,fulfilled
PO001424,SUP0032,PRD0102,2025-01-11,129,99.76,USD,12869.04,fulfilled
PO001425,SUP0034,PRD0148,2025-08-31,160,5.66,USD,905.6,fulfilled
PO001426,SUP0010,PRD0136,2025-01-03,266,36.82,USD,9794.12,fulfilled
PO001427,SUP0015,PRD0079,2025-12-09,430,87.52,USD,37633.6,open
PO001428,SUP0020,PRD0112,2026-06-10,32,536.65,USD,17172.8,fulfilled
PO001429,SUP0040,PRD0103,2026-01-31,226,246.43,USD,55693.18,fulfilled
PO001430,SUP0014,PRD0025,2025-07-31,164,14.21,USD,2330.44,open
PO001431,SUP0013,PRD0032,2024-11-08,291,2.93,USD,852.63,fulfilled
PO001432,SUP0013,PRD0147,2025-02-02,152,2.63,USD,399.76,fulfilled
PO001433,SUP0003,PRD0148,2025-01-22,138,14.07,USD,1941.66,fulfilled
PO001434,SUP0026,PRD0017,2026-06-07,406,1275.18,USD,517723.08,fulfilled
PO001435,SUP0002,PRD0057,2024-12-10,123,4081.61,USD,502038.03,open
PO001436,SUP0012,PRD0133,2026-06-24,478,1505.55,USD,719652.9,fulfilled
PO001437,SUP0019,PRD0060,2026-01-13,46,59.79,USD,2750.34,fulfilled
PO001438,SUP0013,PRD0086,2026-08-29,198,462.52,USD,91578.96,fulfilled
PO001439,SUP0032,PRD0062,2024-12-06,205,2.91,USD,596.55,fulfilled
PO001440,SUP0020,PRD0097,2025-03-09,78,195.03,USD,15212.34,fulfilled
PO001441,SUP0006,PRD0007,2025-08-26,50,253.23,USD,12661.5,cancelled
PO001442,SUP0026,PRD0012,2025-07-29,144,2.31,USD,332.64,fulfilled
PO001443,SUP0012,PRD0109,2025-09-13,298,539.8,USD,160860.4,fulfilled
PO001444,SUP0026,PRD0064,2026-01-30,373,93.5,USD,34875.5,open
PO001445,SUP0009,PRD0137,2024-11-30,73,24.43,USD,1783.39,open
PO001446,SUP0026,PRD0055,2025-04-29,283,587.58,USD,166285.14,fulfilled
PO001447,SUP0040,PRD0078,2025-07-18,94,366.43,USD,34444.42,fulfilled
PO001448,SUP0038,PRD0064,2025-10-10,83,359.39,USD,29829.37,fulfilled
PO001449,SUP0008,PRD0038,2026-08-13,223,2.34,USD,521.82,open
PO001450,SUP0030,PRD0052,2025-01-06,26,2.55,USD,66.3,fulfilled
PO001451,SUP0031,PRD0020,2026-07-27,36,80.08,USD,2882.88,cancelled
PO001452,SUP0001,PRD0005,2024-09-28,231,110.1,USD,25433.1,fulfilled
PO001453,SUP0002,PRD0073,2025-02-01,71,2.5,USD,177.5,fulfilled
PO001454,SUP0038,PRD0035,2026-02-05,290,120.05,USD,34814.5,fulfilled
PO001455,SUP0035,PRD0147,2024-10-11,233,641.68,USD,149511.44,fulfilled
PO001456,SUP0037,PRD0079,2025-10-18,883,3299.25,USD,2913237.75,cancelled
PO001457,SUP0002,PRD0015,2026-08-20,323,200.1,USD,64632.3,fulfilled
PO001458,SUP0013,PRD0003,2025-03-30,118,631.28,USD,74491.04,fulfilled
PO001459,SUP0008,PRD0060,2026-06-21,524,1601.9,USD,839395.6,fulfilled
PO001460,SUP0004,PRD0146,2025-06-12,1358,9.09,USD,12344.22,open
PO001461,SUP0026,PRD0147,2026-01-15,156,450.16,USD,70224.96,fulfilled
PO001462,SUP0034,PRD0090,2025-07-22,725,2.61,USD,1892.25,fulfilled
PO001463,SUP0025,PRD0139,2026-03-26,633,25.51,USD,16147.83,fulfilled
PO001464,SUP0030,PRD0039,2025-11-18,152,99.58,USD,15136.16,fulfilled
PO001465,SUP0023,PRD0014,2025-04-19,546,19.25,USD,10510.5,fulfilled
PO001466,SUP0033,PRD0034,2024-10-21,366,6.12,USD,2239.92,fulfilled
PO001467,SUP0013,PRD0137,2025-11-11,421,240.72,USD,101343.12,fulfilled
PO001468,SUP0015,PRD0133,2025-05-30,184,75.25,USD,13846.0,fulfilled
PO001469,SUP0034,PRD0144,2026-02-28,51,17.23,USD,878.73,cancelled
PO001470,SUP0022,PRD0081,2026-08-10,619,18.08,USD,11191.52,fulfilled
PO001471,SUP0027,PRD0038,2025-06-22,648,90.25,USD,58482.0,fulfilled
PO001472,SUP0025,PRD0096,2025-07-07,171,405.75,USD,69383.25,fulfilled
PO001473,SUP0036,PRD0145,2025-04-18,469,1288.35,USD,604236.15,fulfilled
PO001474,SUP0018,PRD0074,2025-03-10,135,343.7,USD,46399.5,fulfilled
PO001475,SUP0034,PRD0140,2025-05-10,261,139.62,USD,36440.82,cancelled
PO001476,SUP0034,PRD0110,2026-08-22,156,357.74,USD,55807.44,fulfilled
PO001477,SUP0004,PRD0134,2025-03-23,790,2709.35,USD,2140386.5,fulfilled
PO001478,SUP0036,PRD0082,2024-12-28,39,194.82,USD,7597.98,open
PO001479,SUP0005,PRD0078,2025-05-24,404,5.55,USD,2242.2,fulfilled
PO001480,SUP0021,PRD0065,2026-01-14,35,153.06,USD,5357.1,fulfilled
PO001481,SUP0004,PRD0128,2025-09-13,335,1314.23,USD,440267.05,fulfilled
PO001482,SUP0036,PRD0041,2025-12-31,223,2431.41,USD,542204.43,fulfilled
PO001483,SUP0008,PRD0036,2025-09-23,235,691.06,USD,162399.1,fulfilled
PO001484,SUP0019,PRD0136,2026-02-15,923,19.36,USD,17869.28,fulfilled
PO001485,SUP0013,PRD0017,2025-10-21,335,152.43,USD,51064.05,fulfilled
PO001486,SUP0022,PRD0072,2025-03-17,222,3.97,USD,881.34,fulfilled
PO001487,SUP0030,PRD0020,2025-11-25,90,10.57,USD,951.3,fulfilled
PO001488,SUP0026,PRD0058,2026-01-28,155,6458.14,USD,1001011.7,fulfilled
PO001489,SUP0013,PRD0059,2025-10-11,70,407.91,USD,28553.7,fulfilled
PO001490,SUP0015,PRD0018,2025-01-23,24,2.31,USD,55.44,fulfilled
PO001491,SUP0025,PRD0003,2026-06-25,501,1552.19,USD,777647.19,fulfilled
PO001492,SUP0025,PRD0059,2024-09-28,109,2.37,USD,258.33,fulfilled
PO001493,SUP0029,PRD0008,2025-04-06,118,2.32,USD,273.76,fulfilled
PO001494,SUP0024,PRD0028,2025-09-08,270,367.11,USD,99119.7,fulfilled
PO001495,SUP0036,PRD0117,2025-05-02,223,562.73,USD,125488.79,open
PO001496,SUP0015,PRD0054,2024-11-20,122,60.73,USD,7409.06,open
PO001497,SUP0008,PRD0079,2024-09-27,261,11.39,USD,2972.79,open
PO001498,SUP0033,PRD0064,2025-08-31,226,190.05,USD,42951.3,open
PO001499,SUP0009,PRD0111,2026-01-24,135,455.24,USD,61457.4,open
PO001500,SUP0039,PRD0040,2025-05-07,70,2.31,USD,161.7,fulfilled
PO001501,SUP0026,PRD0140,2025-08-22,313,2.5,USD,782.5,open
PO001502,SUP0034,PRD0005,2024-09-23,117,3.01,USD,352.17,open
PO001503,SUP0036,PRD0103,2026-03-29,1050,8.02,USD,8421.0,fulfilled
PO001504,SUP0025,PRD0064,2025-06-14,1039,1723.09,USD,1790290.51,open
PO001505,SUP0025,PRD0106,2024-11-06,974,3.59,USD,3496.66,fulfilled
PO001506,SUP0013,PRD0070,2026-03-31,388,468.48,USD,181770.24,fulfilled
PO001507,SUP0007,PRD0021,2025-06-19,385,652.77,USD,251316.45,cancelled
PO001508,SUP0022,PRD0078,2026-07-25,96,648.23,USD,62230.08,fulfilled
PO001509,SUP0029,PRD0142,2026-04-18,178,3836.85,USD,682959.3,open
PO001510,SUP0028,PRD0141,2024-10-05,28,3115.19,USD,87225.32,fulfilled
PO001511,SUP0031,PRD0103,2025-12-01,65,2025.61,USD,131664.65,open
PO001512,SUP0037,PRD0136,2024-12-01,145,769.4,USD,111563.0,open
PO001513,SUP0006,PRD0147,2026-06-27,98,3.45,USD,338.1,open
PO001514,SUP0002,PRD0140,2024-12-14,681,219.84,USD,149711.04,fulfilled
PO001515,SUP0013,PRD0141,2024-09-26,356,71.0,USD,25276.0,fulfilled
PO001516,SUP0026,PRD0137,2025-02-11,27,1925.95,USD,52000.65,open
PO001517,SUP0024,PRD0074,2026-06-20,1057,2.54,USD,2684.78,open
PO001518,SUP0017,PRD0121,2026-07-23,300,1870.28,USD,561084.0,fulfilled
PO001519,SUP0007,PRD0114,2025-10-03,139,1282.3,USD,178239.7,fulfilled
PO001520,SUP0023,PRD0075,2025-09-29,240,9.76,USD,2342.4,open
PO001521,SUP0025,PRD0044,2024-10-21,253,33.11,USD,8376.83,fulfilled
PO001522,SUP0008,PRD0035,2025-09-08,77,933.08,USD,71847.16,open
PO001523,SUP0001,PRD0117,2025-05-11,66,2.31,USD,152.46,fulfilled
PO001524,SUP0030,PRD0048,2025-09-24,324,1123.86,USD,364130.64,open
PO001525,SUP0007,PRD0105,2026-04-26,666,4.55,USD,3030.3,fulfilled
PO001526,SUP0025,PRD0097,2026-04-01,390,187.19,USD,73004.1,fulfilled
PO001527,SUP0009,PRD0040,2026-02-12,906,1395.16,USD,1264014.96,open
PO001528,SUP0032,PRD0105,2024-12-22,357,342.22,USD,122172.54,open
PO001529,SUP0013,PRD0093,2026-04-10,253,1245.51,USD,315114.03,open
PO001530,SUP0033,PRD0068,2025-03-23,174,1359.34,USD,236525.16,fulfilled
PO001531,SUP0025,PRD0081,2025-05-02,74,8.15,USD,603.1,fulfilled
PO001532,SUP0031,PRD0031,2026-07-14,264,6.47,USD,1708.08,fulfilled
PO001533,SUP0036,PRD0065,2025-01-31,590,2.94,USD,1734.6,fulfilled
PO001534,SUP0020,PRD0023,2026-02-09,32,2.51,USD,80.32,cancelled
PO001535,SUP0001,PRD0091,2025-03-29,178,1120.57,USD,199461.46,fulfilled
PO001536,SUP0037,PRD0035,2025-12-06,162,11.62,USD,1882.44,open
PO001537,SUP0026,PRD0117,2026-01-31,152,266.9,USD,40568.8,fulfilled
PO001538,SUP0029,PRD0036,2024-10-24,354,3.8,USD,1345.2,fulfilled
PO001539,SUP0038,PRD0036,2026-06-08,180,2493.58,USD,448844.4,fulfilled
PO001540,SUP0021,PRD0081,2025-01-13,184,548.58,USD,100938.72,fulfilled
PO001541,SUP0007,PRD0048,2025-07-25,900,2474.06,USD,2226654.0,cancelled
PO001542,SUP0010,PRD0111,2025-07-10,644,3337.86,USD,2149581.84,fulfilled
PO001543,SUP0012,PRD0085,2026-06-11,322,1027.04,USD,330706.88,fulfilled
PO001544,SUP0031,PRD0112,2026-04-27,527,2.33,USD,1227.91,cancelled
PO001545,SUP0023,PRD0114,2025-01-18,743,2.5,USD,1857.5,fulfilled
PO001546,SUP0030,PRD0057,2025-01-17,415,2919.69,USD,1211671.35,cancelled
PO001547,SUP0021,PRD0133,2025-12-25,244,5.3,USD,1293.2,fulfilled
PO001548,SUP0013,PRD0067,2026-03-08,326,2073.18,USD,675856.68,open
PO001549,SUP0006,PRD0079,2026-03-28,138,2.34,USD,322.92,fulfilled
PO001550,SUP0026,PRD0041,2025-02-16,77,40.16,USD,3092.32,fulfilled
PO001551,SUP0017,PRD0112,2025-10-14,435,4.38,USD,1905.3,fulfilled
PO001552,SUP0010,PRD0044,2025-09-05,136,2.34,USD,318.24,fulfilled
PO001553,SUP0025,PRD0072,2024-10-08,68,21.64,USD,1471.52,fulfilled
PO001554,SUP0002,PRD0040,2026-04-07,377,173.65,USD,65466.05,fulfilled
PO001555,SUP0036,PRD0062,2026-07-17,355,690.5,USD,245127.5,fulfilled
PO001556,SUP0031,PRD0111,2025-05-07,651,167.09,USD,108775.59,cancelled
PO001557,SUP0012,PRD0059,2026-07-15,292,3.51,USD,1024.92,fulfilled
PO001558,SUP0019,PRD0142,2026-01-13,166,2226.07,USD,369527.62,fulfilled
PO001559,SUP0039,PRD0040,2025-10-27,86,15.77,USD,1356.22,open
PO001560,SUP0040,PRD0111,2025-08-22,45,3.75,USD,168.75,fulfilled
PO001561,SUP0038,PRD0093,2025-10-28,289,3458.43,USD,999486.27,fulfilled
PO001562,SUP0022,PRD0037,2025-03-28,379,35.58,USD,13484.82,fulfilled
PO001563,SUP0030,PRD0057,2025-01-07,646,5.17,USD,3339.82,cancelled
PO001564,SUP0015,PRD0007,2024-09-12,322,624.0,USD,200928.0,cancelled
PO001565,SUP0036,PRD0091,2025-02-16,325,1109.75,USD,360668.75,fulfilled
PO001566,SUP0017,PRD0105,2025-07-09,387,3679.4,USD,1423927.8,fulfilled
PO001567,SUP0035,PRD0117,2026-05-04,449,1577.36,USD,708234.64,open
PO001568,SUP0012,PRD0066,2025-11-25,453,1543.28,USD,699105.84,fulfilled
PO001569,SUP0037,PRD0147,2026-05-05,45,2002.49,USD,90112.05,cancelled
PO001570,SUP0018,PRD0042,2026-09-01,393,1920.06,USD,754583.58,fulfilled
PO001571,SUP0016,PRD0091,2024-11-11,265,1461.53,USD,387305.45,fulfilled
PO001572,SUP0006,PRD0095,2025-02-17,283,522.08,USD,147748.64,fulfilled
PO001573,SUP0008,PRD0102,2026-06-24,250,585.2,USD,146300.0,fulfilled
PO001574,SUP0022,PRD0122,2025-06-06,665,364.02,USD,242073.3,fulfilled
PO001575,SUP0037,PRD0083,2024-10-29,126,2.31,USD,291.06,fulfilled
PO001576,SUP0015,PRD0032,2025-05-18,554,151.56,USD,83964.24,fulfilled
PO001577,SUP0018,PRD0095,2025-07-15,80,2.36,USD,188.8,fulfilled
PO001578,SUP0008,PRD0019,2025-05-19,420,1941.74,USD,815530.8,fulfilled
PO001579,SUP0010,PRD0049,2024-12-02,29,697.3,USD,20221.7,fulfilled
PO001580,SUP0021,PRD0111,2025-11-27,243,2.31,USD,561.33,fulfilled
PO001581,SUP0037,PRD0020,2025-07-25,114,116.59,USD,13291.26,fulfilled
PO001582,SUP0019,PRD0023,2026-08-21,264,1741.16,USD,459666.24,fulfilled
PO001583,SUP0035,PRD0078,2026-03-13,339,4654.23,USD,1577783.97,fulfilled
PO001584,SUP0021,PRD0118,2026-05-09,202,2.48,USD,500.96,fulfilled
PO001585,SUP0005,PRD0017,2025-06-05,168,1367.26,USD,229699.68,fulfilled
PO001586,SUP0039,PRD0064,2025-04-28,662,1432.2,USD,948116.4,fulfilled
PO001587,SUP0034,PRD0032,2024-11-24,390,2264.02,USD,882967.8,fulfilled
PO001588,SUP0030,PRD0064,2024-12-24,48,128.9,USD,6187.2,fulfilled
PO001589,SUP0013,PRD0125,2026-01-05,93,2.61,USD,242.73,fulfilled
PO001590,SUP0030,PRD0141,2026-03-02,85,4284.5,USD,364182.5,fulfilled
PO001591,SUP0025,PRD0117,2026-06-10,321,2.47,USD,792.87,fulfilled
PO001592,SUP0008,PRD0132,2026-04-20,178,550.01,USD,97901.78,fulfilled
PO001593,SUP0023,PRD0009,2025-07-30,333,147.96,USD,49270.68,cancelled
PO001594,SUP0011,PRD0139,2025-12-28,243,41.0,USD,9963.0,open
PO001595,SUP0003,PRD0136,2025-04-23,162,85.3,USD,13818.6,fulfilled
PO001596,SUP0038,PRD0016,2025-04-30,608,5233.34,USD,3181870.72,open
PO001597,SUP0005,PRD0021,2024-12-14,577,4.35,USD,2509.95,fulfilled
PO001598,SUP0025,PRD0132,2026-04-10,251,16.97,USD,4259.47,fulfilled
PO001599,SUP0036,PRD0105,2024-10-20,218,27.46,USD,5986.28,fulfilled
PO001600,SUP0038,PRD0093,2025-11-14,686,278.17,USD,190824.62,fulfilled
PO001601,SUP0037,PRD0082,2026-04-12,109,2961.15,USD,322765.35,fulfilled
PO001602,SUP0017,PRD0076,2026-03-30,240,1279.76,USD,307142.4,fulfilled
PO001603,SUP0025,PRD0023,2024-11-13,101,3707.4,USD,374447.4,open
PO001604,SUP0007,PRD0075,2025-04-16,742,98.23,USD,72886.66,cancelled
PO001605,SUP0012,PRD0040,2025-05-13,261,10.58,USD,2761.38,fulfilled
PO001606,SUP0010,PRD0084,2025-05-30,177,14.8,USD,2619.6,fulfilled
PO001607,SUP0004,PRD0035,2026-02-21,161,5.79,USD,932.19,fulfilled
PO001608,SUP0002,PRD0015,2026-04-23,265,693.14,USD,183682.1,fulfilled
PO001609,SUP0035,PRD0035,2026-01-29,47,200.81,USD,9438.07,fulfilled
PO001610,SUP0034,PRD0090,2025-09-18,75,3257.04,USD,244278.0,open
PO001611,SUP0019,PRD0035,2025-03-31,118,262.62,USD,30989.16,fulfilled
PO001612,SUP0016,PRD0093,2026-04-01,865,1620.99,USD,1402156.35,fulfilled
PO001613,SUP0033,PRD0096,2025-06-23,564,15.46,USD,8719.44,fulfilled
PO001614,SUP0029,PRD0134,2026-05-19,135,860.1,USD,116113.5,fulfilled
PO001615,SUP0012,PRD0103,2024-10-25,60,14.47,USD,868.2,fulfilled
PO001616,SUP0034,PRD0035,2026-06-01,170,2.41,USD,409.7,open
PO001617,SUP0012,PRD0015,2025-01-11,608,2.33,USD,1416.64,fulfilled
PO001618,SUP0004,PRD0141,2026-04-05,542,2.35,USD,1273.7,open
PO001619,SUP0010,PRD0059,2026-01-18,68,397.27,USD,27014.36,fulfilled
PO001620,SUP0001,PRD0066,2025-11-23,141,3169.58,USD,446910.78,cancelled
PO001621,SUP0010,PRD0057,2026-03-27,583,103.51,USD,60346.33,fulfilled
PO001622,SUP0028,PRD0136,2026-04-04,294,300.4,USD,88317.6,open
PO001623,SUP0005,PRD0013,2026-08-03,199,3874.28,USD,770981.72,open
PO001624,SUP0029,PRD0091,2025-04-10,152,3.28,USD,498.56,fulfilled
PO001625,SUP0015,PRD0011,2026-03-17,483,187.94,USD,90775.02,fulfilled
PO001626,SUP0032,PRD0035,2026-03-21,288,298.23,USD,85890.24,fulfilled
PO001627,SUP0006,PRD0068,2026-02-13,1355,413.41,USD,560170.55,fulfilled
PO001628,SUP0031,PRD0075,2024-11-05,35,639.24,USD,22373.4,open
PO001629,SUP0039,PRD0150,2026-03-10,241,1570.52,USD,378495.32,open
PO001630,SUP0029,PRD0020,2026-08-20,259,2.48,USD,642.32,fulfilled
PO001631,SUP0012,PRD0044,2024-12-26,112,2112.57,USD,236607.84,fulfilled
PO001632,SUP0034,PRD0024,2026-03-16,99,332.23,USD,32890.77,cancelled
PO001633,SUP0024,PRD0068,2025-12-11,683,531.27,USD,362857.41,fulfilled
PO001634,SUP0019,PRD0105,2025-12-02,40,2713.89,USD,108555.6,cancelled
PO001635,SUP0017,PRD0009,2024-11-05,151,231.93,USD,35021.43,fulfilled
PO001636,SUP0008,PRD0096,2024-09-14,213,651.49,USD,138767.37,fulfilled
PO001637,SUP0028,PRD0109,2024-10-05,308,7.98,USD,2457.84,fulfilled
PO001638,SUP0001,PRD0071,2026-01-31,171,1260.54,USD,215552.34,fulfilled
PO001639,SUP0025,PRD0028,2025-11-23,84,176.74,USD,14846.16,fulfilled
PO001640,SUP0021,PRD0041,2026-07-26,281,1825.12,USD,512858.72,fulfilled
PO001641,SUP0013,PRD0147,2025-04-01,1084,2446.44,USD,2651940.96,fulfilled
PO001642,SUP0002,PRD0058,2025-02-15,1537,539.86,USD,829764.82,fulfilled
PO001643,SUP0002,PRD0114,2026-08-28,187,39.38,USD,7364.06,open
PO001644,SUP0010,PRD0095,2025-10-08,243,234.92,USD,57085.56,fulfilled
PO001645,SUP0010,PRD0069,2025-02-03,193,1358.01,USD,262095.93,fulfilled
PO001646,SUP0021,PRD0056,2025-06-05,949,35.91,USD,34078.59,fulfilled
PO001647,SUP0004,PRD0060,2025-09-01,579,433.1,USD,250764.9,fulfilled
PO001648,SUP0039,PRD0103,2024-10-26,84,583.77,USD,49036.68,fulfilled
PO001649,SUP0033,PRD0091,2025-09-06,181,3.43,USD,620.83,fulfilled
PO001650,SUP0040,PRD0106,2025-10-28,133,89.93,USD,11960.69,cancelled
PO001651,SUP0036,PRD0105,2024-10-18,30,2.33,USD,69.9,open
PO001652,SUP0035,PRD0089,2024-11-30,326,81.65,USD,26617.9,open
PO001653,SUP0004,PRD0108,2025-10-15,170,173.68,USD,29525.6,fulfilled
PO001654,SUP0032,PRD0145,2025-09-02,38,515.58,USD,19592.04,fulfilled
PO001655,SUP0028,PRD0043,2025-01-08,106,5836.8,USD,618700.8,fulfilled
PO001656,SUP0037,PRD0075,2026-04-20,164,267.5,USD,43870.0,fulfilled
PO001657,SUP0028,PRD0141,2025-06-04,41,4.12,USD,168.92,fulfilled
PO001658,SUP0001,PRD0137,2025-04-26,38,127.54,USD,4846.52,fulfilled
PO001659,SUP0006,PRD0023,2026-08-13,840,2137.13,USD,1795189.2,open
PO001660,SUP0005,PRD0013,2025-11-19,274,26.64,USD,7299.36,fulfilled
PO001661,SUP0040,PRD0064,2026-01-09,253,1494.02,USD,377987.06,open
PO001662,SUP0031,PRD0147,2026-01-01,268,431.91,USD,115751.88,fulfilled
PO001663,SUP0008,PRD0111,2025-01-11,118,2556.85,USD,301708.3,fulfilled
PO001664,SUP0035,PRD0141,2025-10-22,144,2.31,USD,332.64,open
PO001665,SUP0038,PRD0122,2024-09-12,419,18.71,USD,7839.49,fulfilled
PO001666,SUP0038,PRD0058,2025-01-11,271,3311.38,USD,897383.98,open
PO001667,SUP0011,PRD0125,2024-11-13,179,14.63,USD,2618.77,fulfilled
PO001668,SUP0012,PRD0120,2024-11-16,151,575.28,USD,86867.28,fulfilled
PO001669,SUP0026,PRD0037,2025-09-07,77,137.49,USD,10586.73,fulfilled
PO001670,SUP0015,PRD0020,2026-07-24,128,3.36,USD,430.08,fulfilled
PO001671,SUP0017,PRD0045,2025-02-17,599,1055.64,USD,632328.36,fulfilled
PO001672,SUP0030,PRD0086,2025-07-05,250,2308.89,USD,577222.5,fulfilled
PO001673,SUP0015,PRD0044,2025-09-25,355,135.34,USD,48045.7,fulfilled
PO001674,SUP0035,PRD0048,2025-01-30,135,3219.31,USD,434606.85,fulfilled
PO001675,SUP0036,PRD0023,2025-07-13,127,76.56,USD,9723.12,fulfilled
PO001676,SUP0015,PRD0082,2026-05-02,566,72.43,USD,40995.38,open
PO001677,SUP0036,PRD0121,2025-09-25,391,28.23,USD,11037.93,fulfilled
PO001678,SUP0036,PRD0057,2026-02-08,1048,1119.86,USD,1173613.28,fulfilled
PO001679,SUP0029,PRD0015,2026-06-07,70,48.14,USD,3369.8,fulfilled
PO001680,SUP0030,PRD0018,2025-07-18,265,58.24,USD,15433.6,fulfilled
PO001681,SUP0031,PRD0042,2026-01-09,29,988.09,USD,28654.61,open
PO001682,SUP0021,PRD0003,2025-10-29,195,42.28,USD,8244.6,fulfilled
PO001683,SUP0013,PRD0016,2026-05-10,628,1390.5,USD,873234.0,fulfilled
PO001684,SUP0036,PRD0058,2025-02-13,442,4.65,USD,2055.3,fulfilled
PO001685,SUP0008,PRD0058,2025-03-20,333,1612.66,USD,537015.78,fulfilled
PO001686,SUP0005,PRD0109,2024-09-07,37,138.69,USD,5131.53,fulfilled
PO001687,SUP0030,PRD0136,2026-01-23,290,105.94,USD,30722.6,fulfilled
PO001688,SUP0008,PRD0003,2025-07-03,131,47.19,USD,6181.89,cancelled
PO001689,SUP0026,PRD0134,2026-07-15,120,949.26,USD,113911.2,fulfilled
PO001690,SUP0036,PRD0021,2025-08-14,702,110.27,USD,77409.54,open
PO001691,SUP0015,PRD0049,2025-09-02,360,2.31,USD,831.6,fulfilled
PO001692,SUP0008,PRD0007,2026-08-19,86,2866.52,USD,246520.72,fulfilled
PO001693,SUP0026,PRD0120,2026-08-18,820,26.06,USD,21369.2,cancelled
PO001694,SUP0021,PRD0068,2024-11-30,57,58.38,USD,3327.66,fulfilled
PO001695,SUP0012,PRD0019,2025-07-12,644,2.48,USD,1597.12,fulfilled
PO001696,SUP0003,PRD0044,2025-11-08,225,2.33,USD,524.25,fulfilled
PO001697,SUP0039,PRD0079,2026-07-08,134,2094.59,USD,280675.06,fulfilled
PO001698,SUP0001,PRD0109,2025-06-05,170,26.08,USD,4433.6,fulfilled
PO001699,SUP0007,PRD0146,2025-05-25,67,2158.25,USD,144602.75,cancelled
PO001700,SUP0032,PRD0084,2025-05-20,219,2.99,USD,654.81,fulfilled
PO001701,SUP0027,PRD0110,2026-02-03,273,10.23,USD,2792.79,fulfilled
PO001702,SUP0030,PRD0133,2024-10-04,527,1812.72,USD,955303.44,fulfilled
PO001703,SUP0040,PRD0147,2024-10-09,136,4.46,USD,606.56,fulfilled
PO001704,SUP0006,PRD0108,2026-08-29,180,1126.85,USD,202833.0,open
PO001705,SUP0033,PRD0133,2025-03-31,203,21.35,USD,4334.05,fulfilled
PO001706,SUP0025,PRD0130,2026-08-01,34,1253.4,USD,42615.6,fulfilled
PO001707,SUP0002,PRD0067,2025-02-08,788,729.96,USD,575208.48,fulfilled
PO001708,SUP0028,PRD0133,2024-12-19,286,64.93,USD,18569.98,open
PO001709,SUP0013,PRD0048,2026-02-24,41,158.21,USD,6486.61,fulfilled
PO001710,SUP0037,PRD0102,2025-12-19,323,144.61,USD,46709.03,fulfilled
PO001711,SUP0036,PRD0147,2024-12-26,299,14.43,USD,4314.57,fulfilled
PO001712,SUP0001,PRD0102,2026-07-04,196,12.18,USD,2387.28,fulfilled
PO001713,SUP0021,PRD0133,2026-09-02,631,180.38,USD,113819.78,cancelled
PO001714,SUP0039,PRD0119,2024-10-11,173,674.55,USD,116697.15,fulfilled
PO001715,SUP0033,PRD0147,2026-06-10,192,2.33,USD,447.36,open
PO001716,SUP0010,PRD0055,2025-04-11,185,517.61,USD,95757.85,fulfilled
PO001717,SUP0023,PRD0057,2026-08-08,174,589.17,USD,102515.58,fulfilled
PO001718,SUP0040,PRD0141,2026-05-03,466,922.06,USD,429679.96,open
PO001719,SUP0002,PRD0048,2026-04-16,26,436.0,USD,11336.0,fulfilled
PO001720,SUP0031,PRD0028,2025-12-11,434,133.64,USD,57999.76,open
PO001721,SUP0007,PRD0042,2026-02-19,360,322.35,USD,116046.0,fulfilled
PO001722,SUP0008,PRD0020,2025-03-25,149,2.51,USD,373.99,fulfilled
PO001723,SUP0013,PRD0105,2024-12-31,210,14.46,USD,3036.6,fulfilled
PO001724,SUP0035,PRD0018,2025-05-23,399,2082.63,USD,830969.37,fulfilled
PO001725,SUP0021,PRD0121,2026-01-13,322,44.01,USD,14171.22,fulfilled
PO001726,SUP0027,PRD0003,2026-08-13,239,35.08,USD,8384.12,fulfilled
PO001727,SUP0016,PRD0074,2025-12-25,255,1544.35,USD,393809.25,cancelled
PO001728,SUP0030,PRD0056,2026-02-16,196,103.44,USD,20274.24,fulfilled
PO001729,SUP0019,PRD0145,2026-01-29,316,348.56,USD,110144.96,fulfilled
PO001730,SUP0026,PRD0075,2025-12-06,436,18.95,USD,8262.2,fulfilled
PO001731,SUP0036,PRD0150,2025-08-26,63,481.51,USD,30335.13,cancelled
PO001732,SUP0010,PRD0056,2026-04-04,229,37.63,USD,8617.27,fulfilled
PO001733,SUP0026,PRD0095,2025-08-12,201,136.28,USD,27392.28,open
PO001734,SUP0037,PRD0135,2026-01-14,171,50.98,USD,8717.58,open
PO001735,SUP0008,PRD0133,2025-07-01,529,316.23,USD,167285.67,fulfilled
PO001736,SUP0009,PRD0090,2025-07-30,175,2.32,USD,406.0,open
PO001737,SUP0028,PRD0024,2026-07-05,264,2055.38,USD,542620.32,open
PO001738,SUP0018,PRD0091,2026-07-03,256,153.86,USD,39388.16,fulfilled
PO001739,SUP0037,PRD0083,2026-02-25,292,3.89,USD,1135.88,fulfilled
PO001740,SUP0038,PRD0081,2025-07-20,154,4.16,USD,640.64,fulfilled
PO001741,SUP0031,PRD0122,2024-10-30,128,517.92,USD,66293.76,open
PO001742,SUP0025,PRD0056,2026-07-06,262,49.77,USD,13039.74,fulfilled
PO001743,SUP0012,PRD0132,2026-02-06,181,22.59,USD,4088.79,open
PO001744,SUP0004,PRD0142,2025-12-07,139,649.43,USD,90270.77,fulfilled
PO001745,SUP0039,PRD0150,2025-03-29,101,326.21,USD,32947.21,open
PO001746,SUP0001,PRD0105,2024-11-20,305,833.39,USD,254183.95,fulfilled
PO001747,SUP0014,PRD0114,2024-09-18,349,54.67,USD,19079.83,fulfilled
PO001748,SUP0004,PRD0024,2024-10-04,148,829.25,USD,122729.0,open
PO001749,SUP0019,PRD0065,2026-08-15,258,684.95,USD,176717.1,fulfilled
PO001750,SUP0037,PRD0136,2025-12-06,220,127.8,USD,28116.0,fulfilled
PO001751,SUP0033,PRD0137,2025-02-15,410,4.83,USD,1980.3,fulfilled
PO001752,SUP0012,PRD0045,2025-01-03,45,12.3,USD,553.5,fulfilled
PO001753,SUP0002,PRD0066,2026-07-19,65,72.86,USD,4735.9,fulfilled
PO001754,SUP0018,PRD0027,2025-02-24,104,275.65,USD,28667.6,fulfilled
PO001755,SUP0039,PRD0016,2025-06-29,119,71.33,USD,8488.27,fulfilled
PO001756,SUP0039,PRD0018,2024-09-23,425,209.41,USD,88999.25,fulfilled
PO001757,SUP0027,PRD0045,2024-10-13,344,2.31,USD,794.64,fulfilled
PO001758,SUP0022,PRD0023,2024-11-19,277,1911.48,USD,529479.96,open
PO001759,SUP0030,PRD0094,2026-03-23,711,2.31,USD,1642.41,fulfilled
PO001760,SUP0023,PRD0056,2024-09-13,137,118.61,USD,16249.57,fulfilled
PO001761,SUP0032,PRD0025,2025-12-09,240,49.07,USD,11776.8,fulfilled
PO001762,SUP0003,PRD0044,2026-06-17,122,641.35,USD,78244.7,fulfilled
PO001763,SUP0031,PRD0064,2024-09-07,85,965.24,USD,82045.4,fulfilled
PO001764,SUP0030,PRD0078,2025-10-03,89,797.5,USD,70977.5,fulfilled
PO001765,SUP0004,PRD0011,2024-12-31,635,106.42,USD,67576.7,fulfilled
PO001766,SUP0006,PRD0082,2025-11-17,587,262.18,USD,153899.66,open
PO001767,SUP0022,PRD0027,2024-09-08,159,503.07,USD,79988.13,open
PO001768,SUP0039,PRD0037,2026-03-11,203,2400.98,USD,487398.94,open
PO001769,SUP0002,PRD0150,2024-12-28,278,246.26,USD,68460.28,fulfilled
PO001770,SUP0005,PRD0078,2025-06-17,91,2787.43,USD,253656.13,fulfilled
PO001771,SUP0006,PRD0040,2025-04-05,217,66.31,USD,14389.27,fulfilled
PO001772,SUP0009,PRD0043,2025-03-14,1432,839.44,USD,1202078.08,open
PO001773,SUP0017,PRD0056,2025-09-03,170,676.36,USD,114981.2,fulfilled
PO001774,SUP0036,PRD0060,2026-03-27,280,1159.32,USD,324609.6,fulfilled
PO001775,SUP0040,PRD0136,2025-12-19,129,16.3,USD,2102.7,fulfilled
PO001776,SUP0013,PRD0055,2026-02-04,485,456.1,USD,221208.5,open
PO001777,SUP0024,PRD0056,2026-07-13,245,3.1,USD,759.5,fulfilled
PO001778,SUP0020,PRD0133,2024-10-20,156,626.6,USD,97749.6,fulfilled
PO001779,SUP0034,PRD0063,2025-02-10,1219,13.28,USD,16188.32,fulfilled
PO001780,SUP0007,PRD0136,2026-06-05,147,7.54,USD,1108.38,open
PO001781,SUP0035,PRD0001,2025-07-20,95,8.03,USD,762.85,fulfilled
PO001782,SUP0012,PRD0070,2025-10-08,101,912.72,USD,92184.72,fulfilled
PO001783,SUP0039,PRD0122,2025-02-16,37,3574.72,USD,132264.64,open
PO001784,SUP0001,PRD0147,2025-03-23,340,4.09,USD,1390.6,fulfilled
PO001785,SUP0019,PRD0110,2026-08-10,174,2.58,USD,448.92,fulfilled
PO001786,SUP0024,PRD0114,2026-05-30,193,109.12,USD,21060.16,fulfilled
PO001787,SUP0012,PRD0091,2025-02-01,344,2470.54,USD,849865.76,fulfilled
PO001788,SUP0013,PRD0041,2026-06-21,692,10.51,USD,7272.92,fulfilled
PO001789,SUP0012,PRD0032,2026-03-07,662,2.34,USD,1549.08,cancelled
PO001790,SUP0032,PRD0081,2025-06-21,365,20.3,USD,7409.5,fulfilled
PO001791,SUP0003,PRD0018,2026-06-17,297,670.16,USD,199037.52,fulfilled
PO001792,SUP0031,PRD0002,2025-08-18,1055,347.08,USD,366169.4,open
PO001793,SUP0010,PRD0058,2025-10-24,365,724.33,USD,264380.45,fulfilled
PO001794,SUP0002,PRD0076,2026-03-26,259,3216.94,USD,833187.46,open
PO001795,SUP0029,PRD0015,2025-08-19,404,43.39,USD,17529.56,fulfilled
PO001796,SUP0034,PRD0020,2025-11-25,56,5.24,USD,293.44,open
PO001797,SUP0036,PRD0072,2026-07-21,171,278.92,USD,47695.32,fulfilled
PO001798,SUP0032,PRD0066,2026-03-10,77,131.09,USD,10093.93,fulfilled
PO001799,SUP0026,PRD0040,2026-04-06,67,1342.67,USD,89958.89,fulfilled
PO001800,SUP0013,PRD0092,2025-09-12,381,47.41,USD,18063.21,fulfilled
PO001801,SUP0011,PRD0094,2024-09-17,186,3.26,USD,606.36,fulfilled
PO001802,SUP0021,PRD0035,2025-10-04,114,192.13,USD,21902.82,open
PO001803,SUP0033,PRD0117,2025-01-03,49,2734.54,USD,133992.46,cancelled
PO001804,SUP0036,PRD0046,2025-03-09,292,892.57,USD,260630.44,fulfilled
PO001805,SUP0008,PRD0031,2025-11-25,808,116.76,USD,94342.08,cancelled
PO001806,SUP0020,PRD0087,2026-08-31,740,4708.24,USD,3484097.6,fulfilled
PO001807,SUP0020,PRD0070,2024-11-23,34,314.08,USD,10678.72,fulfilled
PO001808,SUP0039,PRD0128,2025-05-27,147,618.66,USD,90943.02,fulfilled
PO001809,SUP0039,PRD0141,2025-08-29,291,79.08,USD,23012.28,fulfilled
PO001810,SUP0013,PRD0100,2025-02-18,78,1729.38,USD,134891.64,fulfilled
PO001811,SUP0029,PRD0072,2025-06-21,117,25.79,USD,3017.43,fulfilled
PO001812,SUP0024,PRD0133,2025-01-01,338,153.01,USD,51717.38,fulfilled
PO001813,SUP0016,PRD0122,2024-12-04,93,7.75,USD,720.75,open
PO001814,SUP0038,PRD0147,2025-11-28,467,899.18,USD,419917.06,cancelled
PO001815,SUP0002,PRD0083,2026-03-18,34,2.31,USD,78.54,fulfilled
PO001816,SUP0019,PRD0144,2025-07-09,129,2956.67,USD,381410.43,fulfilled
PO001817,SUP0002,PRD0115,2025-08-04,326,288.61,USD,94086.86,open
PO001818,SUP0036,PRD0032,2026-05-06,533,2.45,USD,1305.85,fulfilled
PO001819,SUP0008,PRD0093,2024-12-02,46,1003.76,USD,46172.96,open
PO001820,SUP0021,PRD0079,2026-08-12,179,2.31,USD,413.49,fulfilled
PO001821,SUP0036,PRD0081,2024-09-14,743,55.05,USD,40902.15,fulfilled
PO001822,SUP0040,PRD0007,2025-11-01,76,1249.42,USD,94955.92,fulfilled
PO001823,SUP0013,PRD0075,2024-11-11,677,4.71,USD,3188.67,fulfilled
PO001824,SUP0023,PRD0017,2025-10-16,115,18.93,USD,2176.95,fulfilled
PO001825,SUP0003,PRD0007,2025-08-22,196,1054.47,USD,206676.12,fulfilled
PO001826,SUP0029,PRD0084,2026-06-28,74,4.98,USD,368.52,fulfilled
PO001827,SUP0005,PRD0115,2026-02-04,431,39.45,USD,17002.95,fulfilled
PO001828,SUP0017,PRD0114,2024-10-20,955,19.1,USD,18240.5,open
PO001829,SUP0035,PRD0133,2026-05-21,792,2.31,USD,1829.52,fulfilled
PO001830,SUP0030,PRD0003,2026-03-01,350,2596.49,USD,908771.5,fulfilled
PO001831,SUP0020,PRD0095,2026-07-28,274,293.48,USD,80413.52,open
PO001832,SUP0008,PRD0066,2025-06-06,376,14.87,USD,5591.12,fulfilled
PO001833,SUP0039,PRD0064,2026-08-09,125,140.56,USD,17570.0,fulfilled
PO001834,SUP0012,PRD0140,2025-06-25,72,6.58,USD,473.76,fulfilled
PO001835,SUP0001,PRD0064,2026-03-10,376,2087.67,USD,784963.92,fulfilled
PO001836,SUP0032,PRD0070,2025-10-01,356,364.0,USD,129584.0,fulfilled
PO001837,SUP0037,PRD0016,2026-07-05,439,95.4,USD,41880.6,fulfilled
PO001838,SUP0017,PRD0104,2025-06-17,504,2.33,USD,1174.32,fulfilled
PO001839,SUP0002,PRD0011,2026-04-21,59,181.07,USD,10683.13,fulfilled
PO001840,SUP0001,PRD0023,2025-01-20,439,19.15,USD,8406.85,fulfilled
PO001841,SUP0001,PRD0144,2026-03-13,408,57.92,USD,23631.36,open
PO001842,SUP0038,PRD0042,2025-12-03,1106,6.86,USD,7587.16,fulfilled
PO001843,SUP0014,PRD0064,2024-11-26,103,29.29,USD,3016.87,fulfilled
PO001844,SUP0025,PRD0115,2025-06-17,247,270.89,USD,66909.83,fulfilled
PO001845,SUP0019,PRD0039,2026-03-08,1082,110.23,USD,119268.86,fulfilled
PO001846,SUP0010,PRD0018,2026-07-01,300,1173.77,USD,352131.0,cancelled
PO001847,SUP0030,PRD0057,2026-02-11,115,1770.57,USD,203615.55,fulfilled
PO001848,SUP0003,PRD0102,2026-02-20,336,17.79,USD,5977.44,fulfilled
PO001849,SUP0037,PRD0054,2026-02-02,47,5353.07,USD,251594.29,open
PO001850,SUP0014,PRD0020,2024-10-05,83,9.73,USD,807.59,fulfilled
PO001851,SUP0017,PRD0004,2024-12-14,40,5.12,USD,204.8,fulfilled
PO001852,SUP0001,PRD0142,2025-10-06,134,61.65,USD,8261.1,fulfilled
PO001853,SUP0016,PRD0076,2024-09-14,95,1289.63,USD,122514.85,fulfilled
PO001854,SUP0026,PRD0075,2024-12-15,470,2497.11,USD,1173641.7,fulfilled
PO001855,SUP0018,PRD0114,2025-05-02,690,96.73,USD,66743.7,open
PO001856,SUP0029,PRD0040,2025-10-09,499,173.16,USD,86406.84,open
PO001857,SUP0029,PRD0060,2025-02-25,771,3.59,USD,2767.89,open
PO001858,SUP0008,PRD0027,2025-09-01,331,2667.37,USD,882899.47,fulfilled
PO001859,SUP0026,PRD0066,2025-02-07,367,1997.9,USD,733229.3,fulfilled
PO001860,SUP0010,PRD0040,2026-03-30,668,2474.71,USD,1653106.28,fulfilled
PO001861,SUP0020,PRD0017,2026-02-09,474,1067.31,USD,505904.94,fulfilled
PO001862,SUP0037,PRD0037,2025-12-11,285,2.55,USD,726.75,fulfilled
PO001863,SUP0013,PRD0027,2025-02-15,304,667.37,USD,202880.48,fulfilled
PO001864,SUP0005,PRD0027,2024-11-07,823,27.1,USD,22303.3,fulfilled
PO001865,SUP0001,PRD0018,2025-07-01,125,935.63,USD,116953.75,open
PO001866,SUP0030,PRD0048,2025-07-03,833,3.64,USD,3032.12,fulfilled
PO001867,SUP0025,PRD0110,2025-09-29,95,1360.6,USD,129257.0,fulfilled
PO001868,SUP0036,PRD0027,2026-01-01,671,223.87,USD,150216.77,fulfilled
PO001869,SUP0005,PRD0081,2025-04-28,1662,4671.94,USD,7764764.28,fulfilled
PO001870,SUP0003,PRD0125,2026-04-07,137,3250.49,USD,445317.13,fulfilled
PO001871,SUP0007,PRD0066,2025-05-23,126,432.76,USD,54527.76,fulfilled
PO001872,SUP0025,PRD0023,2026-04-08,595,2796.59,USD,1663971.05,fulfilled
PO001873,SUP0011,PRD0045,2025-10-21,229,32.37,USD,7412.73,fulfilled
PO001874,SUP0006,PRD0001,2026-06-14,107,1083.62,USD,115947.34,fulfilled
PO001875,SUP0008,PRD0038,2025-11-07,433,2.54,USD,1099.82,cancelled
PO001876,SUP0025,PRD0082,2025-11-13,160,92.05,USD,14728.0,open
PO001877,SUP0037,PRD0084,2026-08-01,177,4.31,USD,762.87,fulfilled
PO001878,SUP0019,PRD0137,2025-08-29,60,4.97,USD,298.2,fulfilled
PO001879,SUP0036,PRD0010,2025-12-11,452,17.91,USD,8095.32,fulfilled
PO001880,SUP0006,PRD0082,2025-10-30,146,1140.28,USD,166480.88,fulfilled
PO001881,SUP0004,PRD0064,2025-06-21,497,72.13,USD,35848.61,fulfilled
PO001882,SUP0034,PRD0075,2025-10-30,70,555.45,USD,38881.5,cancelled
PO001883,SUP0030,PRD0147,2025-04-27,431,2.35,USD,1012.85,fulfilled
PO001884,SUP0020,PRD0150,2026-01-25,280,2.43,USD,680.4,fulfilled
PO001885,SUP0033,PRD0066,2026-04-29,364,1149.17,USD,418297.88,fulfilled
PO001886,SUP0008,PRD0057,2026-07-01,526,17.75,USD,9336.5,fulfilled
PO001887,SUP0025,PRD0012,2024-10-17,233,80.69,USD,18800.77,cancelled
PO001888,SUP0017,PRD0002,2025-01-30,338,3.97,USD,1341.86,fulfilled
PO001889,SUP0034,PRD0033,2026-07-31,200,222.95,USD,44590.0,fulfilled
PO001890,SUP0028,PRD0114,2025-06-07,668,205.94,USD,137567.92,cancelled
PO001891,SUP0008,PRD0070,2025-05-11,583,60.48,USD,35259.84,open
PO001892,SUP0031,PRD0091,2024-10-05,309,902.26,USD,278798.34,fulfilled
PO001893,SUP0028,PRD0102,2024-12-09,275,2.37,USD,651.75,fulfilled
PO001894,SUP0040,PRD0060,2024-10-15,213,2.69,USD,572.97,fulfilled
PO001895,SUP0026,PRD0071,2024-09-08,76,564.01,USD,42864.76,fulfilled
PO001896,SUP0014,PRD0015,2025-10-16,446,3119.62,USD,1391350.52,fulfilled
PO001897,SUP0016,PRD0009,2025-06-03,229,633.98,USD,145181.42,fulfilled
PO001898,SUP0034,PRD0076,2024-11-10,512,159.49,USD,81658.88,fulfilled
PO001899,SUP0024,PRD0103,2025-08-30,35,611.69,USD,21409.15,fulfilled
PO001900,SUP0021,PRD0117,2025-09-02,52,3.09,USD,160.68,fulfilled
PO001901,SUP0001,PRD0122,2025-07-12,344,119.49,USD,41104.56,fulfilled
PO001902,SUP0018,PRD0020,2026-02-10,189,80.38,USD,15191.82,cancelled
PO001903,SUP0019,PRD0081,2025-06-08,1164,1229.78,USD,1431463.92,fulfilled
PO001904,SUP0008,PRD0040,2024-11-20,388,7.9,USD,3065.2,cancelled
PO001905,SUP0004,PRD0045,2026-07-28,66,15.72,USD,1037.52,fulfilled
PO001906,SUP0012,PRD0133,2026-05-10,462,474.34,USD,219145.08,fulfilled
PO001907,SUP0024,PRD0141,2026-02-01,314,168.33,USD,52855.62,fulfilled
PO001908,SUP0032,PRD0040,2025-07-10,158,1711.98,USD,270492.84,cancelled
PO001909,SUP0037,PRD0115,2025-03-04,143,502.51,USD,71858.93,open
PO001910,SUP0036,PRD0016,2026-02-22,138,43.08,USD,5945.04,fulfilled
PO001911,SUP0019,PRD0100,2026-05-22,1036,10.52,USD,10898.72,fulfilled
PO001912,SUP0035,PRD0112,2025-11-12,63,264.34,USD,16653.42,fulfilled
PO001913,SUP0035,PRD0067,2024-10-04,268,25.39,USD,6804.52,fulfilled
PO001914,SUP0010,PRD0104,2026-06-01,601,1243.41,USD,747289.41,fulfilled
PO001915,SUP0025,PRD0103,2025-10-02,452,530.5,USD,239786.0,fulfilled
PO001916,SUP0032,PRD0027,2025-09-10,460,13.6,USD,6256.0,fulfilled
PO001917,SUP0021,PRD0084,2025-07-04,88,39.22,USD,3451.36,fulfilled
PO001918,SUP0019,PRD0013,2026-08-23,53,1934.52,USD,102529.56,fulfilled
PO001919,SUP0002,PRD0081,2025-04-26,141,56.4,USD,7952.4,fulfilled
PO001920,SUP0035,PRD0105,2026-08-25,150,91.05,USD,13657.5,cancelled
PO001921,SUP0001,PRD0048,2026-01-10,169,2.74,USD,463.06,open
PO001922,SUP0033,PRD0086,2026-07-14,55,3.51,USD,193.05,fulfilled
PO001923,SUP0012,PRD0114,2025-02-02,240,271.0,USD,65040.0,cancelled
PO001924,SUP0032,PRD0071,2026-07-28,149,57.28,USD,8534.72,cancelled
PO001925,SUP0036,PRD0132,2026-03-22,114,5.38,USD,613.32,fulfilled
PO001926,SUP0031,PRD0069,2024-12-23,426,854.35,USD,363953.1,fulfilled
PO001927,SUP0010,PRD0079,2025-01-17,121,1025.06,USD,124032.26,fulfilled
PO001928,SUP0031,PRD0016,2026-01-08,171,2317.21,USD,396242.91,open
PO001929,SUP0031,PRD0024,2025-06-17,175,19.24,USD,3367.0,cancelled
PO001930,SUP0002,PRD0136,2025-07-01,335,5.87,USD,1966.45,open
PO001931,SUP0028,PRD0121,2025-07-29,289,829.65,USD,239768.85,cancelled
PO001932,SUP0005,PRD0035,2026-08-06,294,3301.01,USD,970496.94,fulfilled
PO001933,SUP0001,PRD0084,2026-02-16,547,28.07,USD,15354.29,fulfilled
PO001934,SUP0031,PRD0048,2026-02-09,408,10.5,USD,4284.0,fulfilled
PO001935,SUP0030,PRD0059,2026-07-05,291,1086.61,USD,316203.51,fulfilled
PO001936,SUP0034,PRD0003,2025-11-02,56,2.41,USD,134.96,fulfilled
PO001937,SUP0039,PRD0023,2025-03-03,266,570.97,USD,151878.02,fulfilled
PO001938,SUP0017,PRD0051,2025-12-05,90,6.5,USD,585.0,fulfilled
PO001939,SUP0016,PRD0020,2025-11-20,35,160.69,USD,5624.15,fulfilled
PO001940,SUP0032,PRD0132,2025-05-09,84,12.65,USD,1062.6,fulfilled
PO001941,SUP0020,PRD0105,2026-03-12,67,220.77,USD,14791.59,fulfilled
PO001942,SUP0037,PRD0004,2025-11-07,110,685.88,USD,75446.8,open
PO001943,SUP0032,PRD0069,2025-12-14,37,2.32,USD,85.84,fulfilled
PO001944,SUP0012,PRD0005,2024-11-07,97,11.55,USD,1120.35,fulfilled
PO001945,SUP0027,PRD0059,2025-05-07,400,2.31,USD,924.0,fulfilled
PO001946,SUP0011,PRD0150,2025-11-30,307,330.68,USD,101518.76,fulfilled
PO001947,SUP0009,PRD0078,2026-05-21,382,3.06,USD,1168.92,fulfilled
PO001948,SUP0036,PRD0093,2025-05-08,330,24.01,USD,7923.3,fulfilled
PO001949,SUP0035,PRD0065,2026-07-31,734,110.69,USD,81246.46,fulfilled
PO001950,SUP0020,PRD0007,2025-08-19,81,815.75,USD,66075.75,fulfilled
PO001951,SUP0031,PRD0147,2025-04-10,339,45.32,USD,15363.48,fulfilled
PO001952,SUP0020,PRD0095,2025-05-14,47,98.54,USD,4631.38,open
PO001953,SUP0008,PRD0058,2024-09-08,212,119.77,USD,25391.24,fulfilled
PO001954,SUP0034,PRD0025,2024-10-30,338,1168.58,USD,394980.04,open
PO001955,SUP0001,PRD0108,2026-04-27,101,32.04,USD,3236.04,open
PO001956,SUP0002,PRD0095,2025-10-11,217,2782.45,USD,603791.65,open
PO001957,SUP0023,PRD0020,2025-12-30,116,213.21,USD,24732.36,fulfilled
PO001958,SUP0026,PRD0023,2025-06-25,130,244.12,USD,31735.6,fulfilled
PO001959,SUP0034,PRD0122,2026-03-13,624,2.6,USD,1622.4,fulfilled
PO001960,SUP0026,PRD0084,2025-02-11,167,2.43,USD,405.81,fulfilled
PO001961,SUP0005,PRD0111,2025-11-14,46,79.49,USD,3656.54,fulfilled
PO001962,SUP0019,PRD0096,2025-05-16,219,3.51,USD,768.69,fulfilled
PO001963,SUP0039,PRD0063,2025-12-01,274,9.12,USD,2498.88,open
PO001964,SUP0028,PRD0103,2025-10-22,140,2.82,USD,394.8,fulfilled
PO001965,SUP0005,PRD0016,2025-10-10,530,37.23,USD,19731.9,fulfilled
PO001966,SUP0031,PRD0141,2025-03-29,202,2.31,USD,466.62,fulfilled
PO001967,SUP0005,PRD0118,2026-07-30,366,2.87,USD,1050.42,fulfilled
PO001968,SUP0003,PRD0052,2025-05-11,923,542.49,USD,500718.27,fulfilled
PO001969,SUP0005,PRD0108,2025-10-19,406,138.46,USD,56214.76,fulfilled
PO001970,SUP0025,PRD0121,2025-05-06,275,3.46,USD,951.5,fulfilled
PO001971,SUP0004,PRD0001,2025-06-01,141,81.43,USD,11481.63,fulfilled
PO001972,SUP0029,PRD0091,2026-05-19,71,2.56,USD,181.76,fulfilled
PO001973,SUP0017,PRD0087,2025-12-26,42,36.77,USD,1544.34,open
PO001974,SUP0002,PRD0016,2025-06-10,72,31.53,USD,2270.16,fulfilled
PO001975,SUP0040,PRD0066,2025-08-31,55,2590.1,USD,142455.5,open
PO001976,SUP0017,PRD0137,2025-12-15,214,9.5,USD,2033.0,fulfilled
PO001977,SUP0007,PRD0021,2025-02-26,155,9.71,USD,1505.05,fulfilled
PO001978,SUP0009,PRD0084,2025-08-15,315,9.77,USD,3077.55,cancelled
PO001979,SUP0036,PRD0133,2026-04-11,53,2.44,USD,129.32,fulfilled
PO001980,SUP0022,PRD0117,2026-01-14,49,140.79,USD,6898.71,cancelled
PO001981,SUP0040,PRD0057,2025-04-14,425,80.7,USD,34297.5,fulfilled
PO001982,SUP0007,PRD0144,2026-03-03,153,1444.13,USD,220951.89,fulfilled
PO001983,SUP0006,PRD0039,2024-11-12,105,22.77,USD,2390.85,fulfilled
PO001984,SUP0033,PRD0024,2025-08-14,196,227.09,USD,44509.64,fulfilled
PO001985,SUP0006,PRD0017,2026-08-27,238,1155.56,USD,275023.28,cancelled
PO001986,SUP0038,PRD0102,2024-10-26,687,9.66,USD,6636.42,fulfilled
PO001987,SUP0019,PRD0079,2025-02-12,2202,443.56,USD,976719.12,fulfilled
PO001988,SUP0011,PRD0077,2026-05-27,515,181.41,USD,93426.15,fulfilled
PO001989,SUP0032,PRD0140,2025-07-03,102,211.27,USD,21549.54,fulfilled
PO001990,SUP0035,PRD0086,2025-12-16,321,1074.84,USD,345023.64,cancelled
PO001991,SUP0025,PRD0095,2026-02-07,512,392.81,USD,201118.72,fulfilled
PO001992,SUP0019,PRD0141,2026-06-11,107,696.68,USD,74544.76,fulfilled
PO001993,SUP0015,PRD0083,2024-11-06,38,4864.45,USD,184849.1,fulfilled
PO001994,SUP0012,PRD0103,2026-04-08,73,1683.11,USD,122867.03,fulfilled
PO001995,SUP0021,PRD0042,2025-01-31,357,694.73,USD,248018.61,fulfilled
PO001996,SUP0014,PRD0024,2024-12-07,623,132.97,USD,82840.31,cancelled
PO001997,SUP0006,PRD0114,2024-10-11,67,2.39,USD,160.13,open
PO001998,SUP0021,PRD0056,2025-08-02,216,2.68,USD,578.88,fulfilled
PO001999,SUP0036,PRD0019,2025-07-27,154,3339.43,USD,514272.22,fulfilled
PO002000,SUP0031,PRD0067,2025-05-03,92,847.54,USD,77973.68,fulfilled
PO002001,SUP0007,PRD0032,2026-08-15,731,2227.91,USD,1628602.21,fulfilled
PO002002,SUP0037,PRD0091,2024-10-15,74,2.31,USD,170.94,fulfilled
PO002003,SUP0022,PRD0135,2026-01-28,106,1998.68,USD,211860.08,fulfilled
PO002004,SUP0007,PRD0122,2025-04-07,497,67.53,USD,33562.41,fulfilled
PO002005,SUP0013,PRD0137,2024-12-08,269,807.11,USD,217112.59,fulfilled
PO002006,SUP0008,PRD0003,2025-05-31,469,31.54,USD,14792.26,fulfilled
PO002007,SUP0012,PRD0053,2025-12-27,616,2522.56,USD,1553896.96,fulfilled
PO002008,SUP0040,PRD0079,2024-12-02,469,476.66,USD,223553.54,cancelled
PO002009,SUP0004,PRD0108,2024-09-23,479,1244.51,USD,596120.29,fulfilled
PO002010,SUP0001,PRD0064,2025-01-27,1018,50.42,USD,51327.56,fulfilled
PO002011,SUP0019,PRD0023,2025-07-22,338,4.2,USD,1419.6,fulfilled
PO002012,SUP0038,PRD0073,2026-04-26,292,3.58,USD,1045.36,fulfilled
PO002013,SUP0005,PRD0056,2026-03-11,32,1894.44,USD,60622.08,fulfilled
PO002014,SUP0034,PRD0079,2025-04-24,475,761.41,USD,361669.75,open
PO002015,SUP0021,PRD0016,2026-05-30,1090,25.33,USD,27609.7,fulfilled
PO002016,SUP0005,PRD0093,2025-05-18,140,43.63,USD,6108.2,fulfilled
PO002017,SUP0034,PRD0078,2025-07-29,313,4.76,USD,1489.88,fulfilled
PO002018,SUP0018,PRD0122,2025-04-20,171,4.89,USD,836.19,fulfilled
PO002019,SUP0036,PRD0013,2025-12-04,437,40.19,USD,17563.03,fulfilled
PO002020,SUP0028,PRD0024,2025-12-12,637,2.31,USD,1471.47,open
PO002021,SUP0008,PRD0084,2026-01-11,45,2.77,USD,124.65,fulfilled
PO002022,SUP0006,PRD0024,2025-03-03,395,267.48,USD,105654.6,fulfilled
PO002023,SUP0017,PRD0089,2025-07-30,260,1906.52,USD,495695.2,open
PO002024,SUP0018,PRD0108,2024-12-06,45,40.61,USD,1827.45,open
PO002025,SUP0028,PRD0144,2025-01-26,69,5966.34,USD,411677.46,open
PO002026,SUP0032,PRD0104,2025-10-18,625,1928.25,USD,1205156.25,fulfilled
PO002027,SUP0018,PRD0137,2025-03-29,220,1101.89,USD,242415.8,fulfilled
PO002028,SUP0026,PRD0132,2025-12-03,306,19.69,USD,6025.14,fulfilled
PO002029,SUP0001,PRD0117,2026-08-23,125,1081.42,USD,135177.5,fulfilled
PO002030,SUP0023,PRD0054,2025-12-13,175,1727.26,USD,302270.5,fulfilled
PO002031,SUP0034,PRD0067,2026-02-13,564,126.22,USD,71188.08,fulfilled
PO002032,SUP0026,PRD0137,2025-12-02,171,742.2,USD,126916.2,fulfilled
PO002033,SUP0006,PRD0007,2025-12-21,393,122.01,USD,47949.93,fulfilled
PO002034,SUP0011,PRD0075,2025-06-26,291,621.75,USD,180929.25,cancelled
PO002035,SUP0032,PRD0143,2025-06-28,170,1178.8,USD,200396.0,open
PO002036,SUP0022,PRD0084,2024-12-11,173,3195.16,USD,552762.68,fulfilled
PO002037,SUP0021,PRD0103,2025-08-03,298,2.33,USD,694.34,fulfilled
PO002038,SUP0021,PRD0095,2026-04-20,1265,5.04,USD,6375.6,fulfilled
PO002039,SUP0013,PRD0079,2025-10-16,227,36.4,USD,8262.8,fulfilled
PO002040,SUP0022,PRD0109,2025-11-04,406,968.28,USD,393121.68,open
PO002041,SUP0015,PRD0146,2024-10-14,154,1290.1,USD,198675.4,open
PO002042,SUP0040,PRD0097,2024-12-21,822,3585.93,USD,2947634.46,fulfilled
PO002043,SUP0031,PRD0066,2025-04-20,445,7445.77,USD,3313367.65,fulfilled
PO002044,SUP0031,PRD0064,2026-02-16,579,133.75,USD,77441.25,fulfilled
PO002045,SUP0036,PRD0011,2024-10-19,145,12.8,USD,1856.0,fulfilled
PO002046,SUP0010,PRD0122,2025-09-13,62,3.2,USD,198.4,fulfilled
PO002047,SUP0009,PRD0055,2026-03-07,385,68.27,USD,26283.95,fulfilled
PO002048,SUP0007,PRD0044,2026-03-22,168,37.23,USD,6254.64,fulfilled
PO002049,SUP0036,PRD0016,2026-01-28,180,442.2,USD,79596.0,fulfilled
PO002050,SUP0006,PRD0005,2025-08-18,666,280.0,USD,186480.0,cancelled
PO002051,SUP0008,PRD0066,2026-01-01,66,48.71,USD,3214.86,fulfilled
PO002052,SUP0013,PRD0007,2026-06-13,49,50.64,USD,2481.36,cancelled
PO002053,SUP0032,PRD0056,2026-03-17,391,2855.26,USD,1116406.66,fulfilled
PO002054,SUP0035,PRD0020,2025-07-30,386,882.5,USD,340645.0,fulfilled
PO002055,SUP0030,PRD0146,2025-04-18,765,191.96,USD,146849.4,cancelled
PO002056,SUP0019,PRD0139,2025-12-31,360,86.97,USD,31309.2,open
PO002057,SUP0002,PRD0010,2025-02-02,180,3.9,USD,702.0,fulfilled
PO002058,SUP0013,PRD0133,2025-07-11,270,197.27,USD,53262.9,fulfilled
PO002059,SUP0019,PRD0094,2026-04-13,313,2.33,USD,729.29,fulfilled
PO002060,SUP0028,PRD0147,2025-07-26,255,2644.4,USD,674322.0,fulfilled
PO002061,SUP0026,PRD0090,2025-07-06,430,6.71,USD,2885.3,fulfilled
PO002062,SUP0035,PRD0147,2024-11-05,70,1960.64,USD,137244.8,fulfilled
PO002063,SUP0025,PRD0069,2025-02-04,160,16.56,USD,2649.6,fulfilled
PO002064,SUP0013,PRD0016,2025-10-12,439,18.29,USD,8029.31,fulfilled
PO002065,SUP0017,PRD0071,2025-08-22,120,39.38,USD,4725.6,fulfilled
PO002066,SUP0037,PRD0084,2026-08-01,72,462.79,USD,33320.88,fulfilled
PO002067,SUP0017,PRD0078,2024-12-22,104,334.68,USD,34806.72,fulfilled
PO002068,SUP0035,PRD0121,2025-05-09,280,2.31,USD,646.8,fulfilled
PO002069,SUP0010,PRD0133,2025-01-04,71,4.38,USD,310.98,fulfilled
PO002070,SUP0029,PRD0066,2024-12-25,287,2.38,USD,683.06,fulfilled
PO002071,SUP0026,PRD0105,2026-04-09,63,1762.29,USD,111024.27,fulfilled
PO002072,SUP0033,PRD0146,2026-07-07,697,1519.71,USD,1059237.87,fulfilled
PO002073,SUP0012,PRD0026,2025-04-07,1011,167.86,USD,169706.46,open
PO002074,SUP0012,PRD0018,2026-06-10,227,232.51,USD,52779.77,open
PO002075,SUP0026,PRD0104,2025-06-15,386,2420.24,USD,934212.64,fulfilled
PO002076,SUP0029,PRD0012,2025-06-10,64,2101.3,USD,134483.2,fulfilled
PO002077,SUP0001,PRD0074,2024-12-19,33,936.93,USD,30918.69,fulfilled
PO002078,SUP0037,PRD0044,2025-09-03,303,15.87,USD,4808.61,fulfilled
PO002079,SUP0037,PRD0035,2024-09-15,284,16.07,USD,4563.88,fulfilled
PO002080,SUP0004,PRD0114,2025-04-21,170,9.67,USD,1643.9,fulfilled
PO002081,SUP0040,PRD0033,2025-04-20,248,12.07,USD,2993.36,fulfilled
PO002082,SUP0032,PRD0118,2025-10-11,121,39.59,USD,4790.39,fulfilled
PO002083,SUP0031,PRD0097,2025-12-15,334,1130.1,USD,377453.4,fulfilled
PO002084,SUP0012,PRD0147,2026-01-16,70,951.77,USD,66623.9,fulfilled
PO002085,SUP0040,PRD0137,2026-09-01,160,4343.13,USD,694900.8,fulfilled
PO002086,SUP0021,PRD0133,2026-04-21,370,440.13,USD,162848.1,cancelled
PO002087,SUP0030,PRD0142,2026-04-29,478,61.83,USD,29554.74,fulfilled
PO002088,SUP0001,PRD0066,2025-02-04,747,9.96,USD,7440.12,cancelled
PO002089,SUP0008,PRD0108,2024-09-10,52,3750.91,USD,195047.32,cancelled
PO002090,SUP0022,PRD0096,2026-07-31,503,1961.25,USD,986508.75,fulfilled
PO002091,SUP0033,PRD0103,2025-11-02,422,63.23,USD,26683.06,fulfilled
PO002092,SUP0030,PRD0066,2024-12-19,267,20.07,USD,5358.69,fulfilled
PO002093,SUP0030,PRD0066,2025-10-09,593,657.87,USD,390116.91,open
PO002094,SUP0027,PRD0074,2024-09-05,80,12.06,USD,964.8,fulfilled
PO002095,SUP0014,PRD0128,2026-02-25,364,309.63,USD,112705.32,fulfilled
PO002096,SUP0015,PRD0031,2026-02-26,201,29.01,USD,5831.01,fulfilled
PO002097,SUP0009,PRD0064,2026-06-14,850,2466.56,USD,2096576.0,fulfilled
PO002098,SUP0039,PRD0066,2025-07-08,541,9.79,USD,5296.39,fulfilled
PO002099,SUP0009,PRD0081,2025-11-12,200,807.17,USD,161434.0,fulfilled
PO002100,SUP0007,PRD0005,2025-01-20,227,909.38,USD,206429.26,fulfilled
PO002101,SUP0036,PRD0078,2025-05-19,91,271.86,USD,24739.26,fulfilled
PO002102,SUP0001,PRD0058,2025-06-16,249,63.16,USD,15726.84,fulfilled
PO002103,SUP0019,PRD0076,2026-04-19,267,643.43,USD,171795.81,open
PO002104,SUP0008,PRD0012,2025-05-31,80,15.66,USD,1252.8,cancelled
PO002105,SUP0004,PRD0065,2025-10-28,90,91.34,USD,8220.6,open
PO002106,SUP0036,PRD0058,2026-08-19,639,206.18,USD,131749.02,fulfilled
PO002107,SUP0039,PRD0039,2025-11-05,808,278.71,USD,225197.68,fulfilled
PO002108,SUP0008,PRD0084,2026-04-09,877,304.18,USD,266765.86,fulfilled
PO002109,SUP0009,PRD0028,2025-05-03,277,182.33,USD,50505.41,fulfilled
PO002110,SUP0001,PRD0103,2024-11-10,121,11.75,USD,1421.75,open
PO002111,SUP0019,PRD0054,2025-09-03,338,2.32,USD,784.16,open
PO002112,SUP0014,PRD0117,2026-08-18,212,381.94,USD,80971.28,fulfilled
PO002113,SUP0029,PRD0010,2025-04-25,482,145.08,USD,69928.56,fulfilled
PO002114,SUP0034,PRD0016,2025-10-16,175,530.01,USD,92751.75,fulfilled
PO002115,SUP0013,PRD0037,2025-04-17,621,101.01,USD,62727.21,fulfilled
PO002116,SUP0021,PRD0064,2024-10-11,380,203.4,USD,77292.0,fulfilled
PO002117,SUP0026,PRD0106,2026-02-18,279,10.32,USD,2879.28,fulfilled
PO002118,SUP0014,PRD0079,2025-10-19,112,276.94,USD,31017.28,fulfilled
PO002119,SUP0005,PRD0108,2024-11-06,637,215.03,USD,136974.11,fulfilled
PO002120,SUP0019,PRD0067,2026-01-07,322,114.91,USD,37001.02,fulfilled
PO002121,SUP0035,PRD0003,2026-04-21,138,12.99,USD,1792.62,fulfilled
PO002122,SUP0036,PRD0003,2025-03-15,284,2041.21,USD,579703.64,fulfilled
PO002123,SUP0013,PRD0024,2025-11-19,347,94.7,USD,32860.9,fulfilled
PO002124,SUP0030,PRD0147,2025-09-03,78,488.69,USD,38117.82,fulfilled
PO002125,SUP0019,PRD0051,2025-02-01,572,22.97,USD,13138.84,fulfilled
PO002126,SUP0019,PRD0078,2025-01-19,668,1038.69,USD,693844.92,fulfilled
PO002127,SUP0013,PRD0064,2025-03-17,574,627.39,USD,360121.86,fulfilled
PO002128,SUP0030,PRD0046,2025-09-11,299,12.47,USD,3728.53,fulfilled
PO002129,SUP0029,PRD0075,2024-12-02,210,12.63,USD,2652.3,fulfilled
PO002130,SUP0011,PRD0145,2025-08-07,256,3300.19,USD,844848.64,fulfilled
PO002131,SUP0034,PRD0097,2026-02-24,45,888.79,USD,39995.55,cancelled
PO002132,SUP0024,PRD0013,2026-04-16,365,4491.0,USD,1639215.0,fulfilled
PO002133,SUP0011,PRD0132,2024-09-08,31,79.64,USD,2468.84,fulfilled
PO002134,SUP0019,PRD0019,2024-12-30,461,1702.62,USD,784907.82,open
PO002135,SUP0005,PRD0031,2026-01-27,243,498.21,USD,121065.03,fulfilled
PO002136,SUP0019,PRD0132,2026-03-20,315,405.16,USD,127625.4,open
PO002137,SUP0013,PRD0057,2026-05-08,193,3.21,USD,619.53,fulfilled
PO002138,SUP0015,PRD0051,2026-08-21,447,330.09,USD,147550.23,open
PO002139,SUP0004,PRD0124,2025-10-23,990,3.68,USD,3643.2,fulfilled
PO002140,SUP0024,PRD0086,2025-02-20,998,889.33,USD,887551.34,fulfilled
PO002141,SUP0014,PRD0141,2026-05-20,440,21.59,USD,9499.6,fulfilled
PO002142,SUP0029,PRD0043,2025-06-25,70,1317.08,USD,92195.6,fulfilled
PO002143,SUP0033,PRD0089,2026-03-28,410,181.86,USD,74562.6,fulfilled
PO002144,SUP0032,PRD0066,2024-10-19,201,3526.8,USD,708886.8,cancelled
PO002145,SUP0012,PRD0128,2025-06-08,144,1183.64,USD,170444.16,fulfilled
PO002146,SUP0034,PRD0091,2024-10-04,508,112.36,USD,57078.88,open
PO002147,SUP0005,PRD0079,2026-08-18,463,284.76,USD,131843.88,fulfilled
PO002148,SUP0039,PRD0011,2024-09-06,256,1065.31,USD,272719.36,cancelled
PO002149,SUP0036,PRD0055,2025-05-19,246,435.02,USD,107014.92,open
PO002150,SUP0037,PRD0120,2024-11-03,879,64.47,USD,56669.13,cancelled
PO002151,SUP0033,PRD0024,2026-02-17,371,2113.14,USD,783974.94,open
PO002152,SUP0019,PRD0121,2025-07-22,75,2.87,USD,215.25,fulfilled
PO002153,SUP0001,PRD0028,2025-07-16,268,15.23,USD,4081.64,open
PO002154,SUP0014,PRD0019,2025-01-29,1003,174.61,USD,175133.83,fulfilled
PO002155,SUP0017,PRD0044,2024-12-16,93,43.52,USD,4047.36,fulfilled
PO002156,SUP0017,PRD0015,2026-05-19,324,450.29,USD,145893.96,fulfilled
PO002157,SUP0006,PRD0010,2024-12-20,273,63.73,USD,17398.29,fulfilled
PO002158,SUP0029,PRD0040,2025-05-04,437,7458.29,USD,3259272.73,open
PO002159,SUP0031,PRD0064,2025-07-04,383,66.15,USD,25335.45,open
PO002160,SUP0021,PRD0124,2024-11-05,234,9.64,USD,2255.76,fulfilled
PO002161,SUP0026,PRD0040,2025-04-02,215,2.31,USD,496.65,fulfilled
PO002162,SUP0030,PRD0117,2026-03-21,87,4.95,USD,430.65,open
PO002163,SUP0036,PRD0111,2026-06-08,91,6.42,USD,584.22,cancelled
PO002164,SUP0030,PRD0010,2024-09-12,125,66.6,USD,8325.0,cancelled
PO002165,SUP0039,PRD0142,2025-10-29,145,4962.74,USD,719597.3,fulfilled
PO002166,SUP0021,PRD0062,2025-06-16,153,272.45,USD,41684.85,fulfilled
PO002167,SUP0017,PRD0057,2025-02-24,232,353.06,USD,81909.92,open
PO002168,SUP0008,PRD0150,2024-09-06,500,13.84,USD,6920.0,open
PO002169,SUP0036,PRD0078,2025-12-03,429,6069.19,USD,2603682.51,fulfilled
PO002170,SUP0012,PRD0144,2026-02-05,233,1716.41,USD,399923.53,fulfilled
PO002171,SUP0025,PRD0063,2026-06-08,303,4017.47,USD,1217293.41,open
PO002172,SUP0018,PRD0084,2026-02-25,203,6.34,USD,1287.02,fulfilled
PO002173,SUP0012,PRD0044,2024-10-16,754,59.05,USD,44523.7,fulfilled
PO002174,SUP0037,PRD0139,2024-10-08,366,2.77,USD,1013.82,cancelled
PO002175,SUP0014,PRD0147,2025-07-26,410,374.89,USD,153704.9,fulfilled
PO002176,SUP0001,PRD0111,2025-11-17,84,7458.29,USD,626496.36,open
PO002177,SUP0019,PRD0150,2025-01-29,837,30.66,USD,25662.42,fulfilled
PO002178,SUP0002,PRD0008,2025-03-25,36,1152.47,USD,41488.92,fulfilled
PO002179,SUP0032,PRD0071,2025-09-02,244,3453.23,USD,842588.12,open
PO002180,SUP0032,PRD0128,2024-10-04,371,338.92,USD,125739.32,fulfilled
PO002181,SUP0005,PRD0142,2026-03-13,407,272.73,USD,111001.11,fulfilled
PO002182,SUP0021,PRD0007,2025-10-21,30,2139.74,USD,64192.2,fulfilled
PO002183,SUP0016,PRD0111,2026-02-13,40,9.73,USD,389.2,fulfilled
PO002184,SUP0001,PRD0074,2024-11-23,59,18.75,USD,1106.25,fulfilled
PO002185,SUP0040,PRD0058,2026-08-02,327,1769.93,USD,578767.11,cancelled
PO002186,SUP0021,PRD0111,2025-12-18,180,2.62,USD,471.6,fulfilled
PO002187,SUP0013,PRD0097,2026-05-14,1123,9.48,USD,10646.04,fulfilled
PO002188,SUP0020,PRD0016,2025-11-16,132,3322.43,USD,438560.76,fulfilled
PO002189,SUP0039,PRD0106,2024-11-21,1606,4.38,USD,7034.28,fulfilled
PO002190,SUP0002,PRD0074,2024-10-13,234,70.0,USD,16380.0,fulfilled
PO002191,SUP0038,PRD0111,2024-11-18,360,4.14,USD,1490.4,fulfilled
PO002192,SUP0026,PRD0044,2025-12-21,191,24.51,USD,4681.41,open
PO002193,SUP0033,PRD0111,2026-07-30,118,3.54,USD,417.72,fulfilled
PO002194,SUP0009,PRD0147,2026-03-26,252,52.16,USD,13144.32,cancelled
PO002195,SUP0019,PRD0051,2026-05-18,99,4.66,USD,461.34,fulfilled
PO002196,SUP0002,PRD0003,2025-05-02,321,3.34,USD,1072.14,fulfilled
PO002197,SUP0035,PRD0103,2024-11-08,238,248.04,USD,59033.52,fulfilled
PO002198,SUP0008,PRD0097,2024-11-22,240,162.01,USD,38882.4,fulfilled
PO002199,SUP0034,PRD0139,2024-12-12,86,3.77,USD,324.22,fulfilled
PO002200,SUP0024,PRD0094,2025-10-19,480,387.11,USD,185812.8,fulfilled
PO002201,SUP0015,PRD0083,2026-05-10,359,4.12,USD,1479.08,fulfilled
PO002202,SUP0030,PRD0084,2024-09-20,180,131.33,USD,23639.4,open
PO002203,SUP0004,PRD0128,2026-04-06,70,82.91,USD,5803.7,fulfilled
PO002204,SUP0012,PRD0133,2025-12-09,35,592.71,USD,20744.85,fulfilled
PO002205,SUP0016,PRD0010,2024-10-09,365,2.32,USD,846.8,fulfilled
PO002206,SUP0039,PRD0105,2024-10-16,192,2.31,USD,443.52,fulfilled
PO002207,SUP0031,PRD0144,2026-05-18,408,754.43,USD,307807.44,open
PO002208,SUP0028,PRD0132,2026-06-06,610,143.88,USD,87766.8,fulfilled
PO002209,SUP0032,PRD0032,2025-06-01,484,64.34,USD,31140.56,fulfilled
PO002210,SUP0016,PRD0103,2024-11-06,651,2.99,USD,1946.49,fulfilled
PO002211,SUP0030,PRD0005,2025-03-04,818,46.64,USD,38151.52,fulfilled
PO002212,SUP0036,PRD0037,2024-09-16,322,475.4,USD,153078.8,cancelled
PO002213,SUP0010,PRD0056,2025-01-14,1225,1410.7,USD,1728107.5,fulfilled
PO002214,SUP0034,PRD0090,2025-01-02,1342,1276.39,USD,1712915.38,fulfilled
PO002215,SUP0030,PRD0078,2026-05-25,476,1018.41,USD,484763.16,open
PO002216,SUP0019,PRD0067,2026-03-11,179,634.59,USD,113591.61,fulfilled
PO002217,SUP0008,PRD0083,2025-06-02,308,433.67,USD,133570.36,open
PO002218,SUP0008,PRD0073,2025-02-13,445,1007.72,USD,448435.4,fulfilled
PO002219,SUP0021,PRD0027,2025-02-22,819,4.38,USD,3587.22,fulfilled
PO002220,SUP0031,PRD0103,2025-07-07,376,1442.35,USD,542323.6,fulfilled
PO002221,SUP0001,PRD0045,2025-06-23,216,745.38,USD,161002.08,cancelled
PO002222,SUP0026,PRD0081,2025-12-13,507,3567.94,USD,1808945.58,cancelled
PO002223,SUP0012,PRD0038,2026-07-03,133,72.23,USD,9606.59,fulfilled
PO002224,SUP0035,PRD0124,2026-07-07,106,577.95,USD,61262.7,open
PO002225,SUP0036,PRD0024,2026-08-10,393,3.87,USD,1520.91,open
PO002226,SUP0033,PRD0068,2025-09-08,55,139.11,USD,7651.05,cancelled
PO002227,SUP0024,PRD0081,2025-08-13,89,1732.33,USD,154177.37,fulfilled
PO002228,SUP0003,PRD0082,2025-01-12,46,521.21,USD,23975.66,fulfilled
PO002229,SUP0004,PRD0059,2025-11-30,660,371.45,USD,245157.0,open
PO002230,SUP0005,PRD0145,2025-06-09,275,2613.78,USD,718789.5,fulfilled
PO002231,SUP0019,PRD0087,2025-06-03,168,16.26,USD,2731.68,open
PO002232,SUP0009,PRD0078,2026-08-15,453,1612.81,USD,730602.93,fulfilled
PO002233,SUP0021,PRD0035,2025-06-21,845,616.1,USD,520604.5,fulfilled
PO002234,SUP0030,PRD0105,2025-08-01,413,36.45,USD,15053.85,fulfilled
PO002235,SUP0003,PRD0128,2025-05-22,41,2.31,USD,94.71,fulfilled
PO002236,SUP0030,PRD0040,2024-09-04,125,2509.4,USD,313675.0,fulfilled
PO002237,SUP0018,PRD0001,2026-08-26,743,101.29,USD,75258.47,fulfilled
PO002238,SUP0037,PRD0135,2025-06-13,295,40.52,USD,11953.4,open
PO002239,SUP0036,PRD0133,2025-05-21,273,596.39,USD,162814.47,fulfilled
PO002240,SUP0009,PRD0076,2024-10-31,91,56.78,USD,5166.98,fulfilled
PO002241,SUP0030,PRD0032,2025-12-14,378,13.65,USD,5159.7,fulfilled
PO002242,SUP0036,PRD0005,2026-02-11,173,330.31,USD,57143.63,fulfilled
PO002243,SUP0015,PRD0085,2026-04-18,184,329.97,USD,60714.48,fulfilled
PO002244,SUP0014,PRD0037,2025-01-28,274,50.8,USD,13919.2,fulfilled
PO002245,SUP0005,PRD0144,2025-11-13,132,253.58,USD,33472.56,fulfilled
PO002246,SUP0001,PRD0016,2025-05-30,168,3.31,USD,556.08,fulfilled
PO002247,SUP0003,PRD0005,2024-10-21,95,391.95,USD,37235.25,fulfilled
PO002248,SUP0015,PRD0063,2026-06-21,99,5.99,USD,593.01,fulfilled
PO002249,SUP0011,PRD0012,2026-04-17,262,1337.83,USD,350511.46,fulfilled
PO002250,SUP0035,PRD0002,2025-09-13,292,2.31,USD,674.52,open
PO002251,SUP0016,PRD0072,2025-07-12,166,35.84,USD,5949.44,fulfilled
PO002252,SUP0037,PRD0009,2025-07-26,243,125.02,USD,30379.86,open
PO002253,SUP0027,PRD0084,2026-02-24,260,10.95,USD,2847.0,open
PO002254,SUP0030,PRD0071,2025-04-01,84,332.07,USD,27893.88,fulfilled
PO002255,SUP0036,PRD0078,2026-08-02,509,2.51,USD,1277.59,fulfilled
PO002256,SUP0037,PRD0032,2026-08-10,81,3.06,USD,247.86,fulfilled
PO002257,SUP0010,PRD0067,2024-11-17,720,99.41,USD,71575.2,open
PO002258,SUP0038,PRD0078,2025-04-07,492,2.31,USD,1136.52,fulfilled
PO002259,SUP0001,PRD0033,2026-05-07,34,971.22,USD,33021.48,cancelled
PO002260,SUP0003,PRD0019,2026-03-16,671,2033.27,USD,1364324.17,open
PO002261,SUP0014,PRD0094,2026-01-17,98,312.24,USD,30599.52,cancelled
PO002262,SUP0021,PRD0092,2025-03-15,1014,2.31,USD,2342.34,cancelled
PO002263,SUP0015,PRD0066,2025-10-06,839,993.88,USD,833865.32,cancelled
PO002264,SUP0023,PRD0091,2025-10-27,924,89.89,USD,83058.36,fulfilled
PO002265,SUP0001,PRD0024,2026-02-05,25,3.6,USD,90.0,open
PO002266,SUP0006,PRD0148,2026-05-27,52,2.44,USD,126.88,fulfilled
PO002267,SUP0003,PRD0144,2025-10-24,198,3095.28,USD,612865.44,fulfilled
PO002268,SUP0007,PRD0041,2025-08-02,489,606.14,USD,296402.46,fulfilled
PO002269,SUP0031,PRD0103,2026-08-24,46,54.3,USD,2497.8,open
PO002270,SUP0013,PRD0114,2025-08-03,75,1520.4,USD,114030.0,fulfilled
PO002271,SUP0010,PRD0057,2025-07-04,415,1260.18,USD,522974.7,cancelled
PO002272,SUP0029,PRD0052,2024-10-09,57,2.31,USD,131.67,fulfilled
PO002273,SUP0028,PRD0023,2026-07-03,277,145.09,USD,40189.93,fulfilled
PO002274,SUP0029,PRD0063,2026-05-14,389,1071.98,USD,417000.22,fulfilled
PO002275,SUP0032,PRD0109,2026-02-05,358,1265.71,USD,453124.18,fulfilled
PO002276,SUP0004,PRD0015,2025-03-08,35,440.71,USD,15424.85,fulfilled
PO002277,SUP0038,PRD0142,2025-05-31,208,728.16,USD,151457.28,fulfilled
PO002278,SUP0016,PRD0141,2024-09-10,221,245.51,USD,54257.71,fulfilled
PO002279,SUP0024,PRD0096,2025-12-16,39,1191.01,USD,46449.39,fulfilled
PO002280,SUP0030,PRD0121,2026-03-01,334,8.75,USD,2922.5,fulfilled
PO002281,SUP0017,PRD0095,2024-09-18,82,2.31,USD,189.42,fulfilled
PO002282,SUP0019,PRD0136,2026-04-30,230,3521.83,USD,810020.9,fulfilled
PO002283,SUP0036,PRD0112,2025-03-01,32,205.01,USD,6560.32,fulfilled
PO002284,SUP0001,PRD0137,2024-12-08,605,10.59,USD,6406.95,open
PO002285,SUP0016,PRD0007,2026-05-06,69,442.7,USD,30546.3,open
PO002286,SUP0036,PRD0074,2026-02-22,250,6.66,USD,1665.0,fulfilled
PO002287,SUP0017,PRD0004,2026-05-25,105,8.64,USD,907.2,open
PO002288,SUP0035,PRD0092,2025-02-15,143,1980.79,USD,283252.97,open
PO002289,SUP0039,PRD0073,2025-02-02,368,182.16,USD,67034.88,open
PO002290,SUP0038,PRD0005,2025-01-30,52,88.49,USD,4601.48,fulfilled
PO002291,SUP0011,PRD0019,2025-11-24,89,183.26,USD,16310.14,cancelled
PO002292,SUP0040,PRD0016,2024-11-28,926,925.82,USD,857309.32,fulfilled
PO002293,SUP0010,PRD0064,2025-06-07,259,524.76,USD,135912.84,open
PO002294,SUP0010,PRD0020,2024-10-19,871,2.39,USD,2081.69,fulfilled
PO002295,SUP0015,PRD0049,2025-04-13,44,1201.7,USD,52874.8,fulfilled
PO002296,SUP0037,PRD0078,2026-03-09,264,745.67,USD,196856.88,fulfilled
PO002297,SUP0032,PRD0072,2025-07-21,123,1231.66,USD,151494.18,fulfilled
PO002298,SUP0035,PRD0091,2026-07-16,441,154.92,USD,68319.72,fulfilled
PO002299,SUP0030,PRD0121,2026-03-19,655,5.93,USD,3884.15,open
PO002300,SUP0029,PRD0121,2026-06-02,407,119.76,USD,48742.32,fulfilled
PO002301,SUP0036,PRD0150,2024-10-05,98,1298.83,USD,127285.34,fulfilled
PO002302,SUP0002,PRD0020,2025-01-30,1169,6.67,USD,7797.23,fulfilled
PO002303,SUP0036,PRD0079,2025-07-30,329,436.53,USD,143618.37,fulfilled
PO002304,SUP0032,PRD0005,2026-07-24,279,149.28,USD,41649.12,fulfilled
PO002305,SUP0021,PRD0095,2026-07-08,233,58.25,USD,13572.25,fulfilled
PO002306,SUP0005,PRD0147,2026-05-29,307,682.49,USD,209524.43,fulfilled
PO002307,SUP0012,PRD0072,2026-08-25,815,2.61,USD,2127.15,fulfilled
PO002308,SUP0015,PRD0004,2025-08-10,935,195.16,USD,182474.6,fulfilled
PO002309,SUP0030,PRD0064,2026-02-24,807,2.33,USD,1880.31,fulfilled
PO002310,SUP0030,PRD0054,2025-02-24,403,2481.29,USD,999959.87,fulfilled
PO002311,SUP0036,PRD0135,2025-07-20,221,8.61,USD,1902.81,fulfilled
PO002312,SUP0030,PRD0111,2025-03-11,332,61.93,USD,20560.76,fulfilled
PO002313,SUP0005,PRD0055,2025-12-03,219,166.38,USD,36437.22,fulfilled
PO002314,SUP0028,PRD0070,2026-03-26,389,55.18,USD,21465.02,fulfilled
PO002315,SUP0025,PRD0082,2025-07-21,310,1286.5,USD,398815.0,fulfilled
PO002316,SUP0026,PRD0066,2025-05-29,754,16.41,USD,12373.14,open
PO002317,SUP0026,PRD0147,2026-08-09,187,11.33,USD,2118.71,fulfilled
PO002318,SUP0005,PRD0147,2025-11-26,316,874.04,USD,276196.64,fulfilled
PO002319,SUP0037,PRD0074,2026-01-24,58,44.01,USD,2552.58,open
PO002320,SUP0012,PRD0075,2025-02-02,226,2.88,USD,650.88,fulfilled
PO002321,SUP0018,PRD0140,2025-10-30,77,2.31,USD,177.87,fulfilled
PO002322,SUP0016,PRD0084,2026-02-11,309,2.36,USD,729.24,fulfilled
PO002323,SUP0008,PRD0108,2024-11-20,241,500.53,USD,120627.73,fulfilled
PO002324,SUP0006,PRD0075,2026-04-09,53,660.32,USD,34996.96,fulfilled
PO002325,SUP0035,PRD0105,2024-10-15,90,253.53,USD,22817.7,fulfilled
PO002326,SUP0001,PRD0057,2025-07-14,359,139.41,USD,50048.19,open
PO002327,SUP0028,PRD0110,2024-10-25,83,1020.0,USD,84660.0,fulfilled
PO002328,SUP0021,PRD0136,2025-12-20,522,2.52,USD,1315.44,fulfilled
PO002329,SUP0012,PRD0120,2025-06-15,421,225.0,USD,94725.0,fulfilled
PO002330,SUP0037,PRD0064,2025-11-15,33,335.15,USD,11059.95,fulfilled
PO002331,SUP0031,PRD0115,2025-06-16,87,2.78,USD,241.86,open
PO002332,SUP0023,PRD0078,2026-01-10,74,78.17,USD,5784.58,open
PO002333,SUP0008,PRD0005,2026-08-31,183,95.5,USD,17476.5,fulfilled
PO002334,SUP0004,PRD0064,2026-04-26,240,71.68,USD,17203.2,fulfilled
PO002335,SUP0036,PRD0070,2026-01-19,774,5838.9,USD,4519308.6,open
PO002336,SUP0012,PRD0105,2025-08-23,308,94.11,USD,28985.88,fulfilled
PO002337,SUP0035,PRD0142,2024-09-30,467,299.78,USD,139997.26,cancelled
PO002338,SUP0023,PRD0064,2024-12-10,721,230.36,USD,166089.56,cancelled
PO002339,SUP0010,PRD0018,2026-03-08,216,2.35,USD,507.6,fulfilled
PO002340,SUP0022,PRD0144,2025-10-23,267,2.48,USD,662.16,fulfilled
PO002341,SUP0005,PRD0017,2026-04-19,536,1079.93,USD,578842.48,open
PO002342,SUP0030,PRD0003,2025-10-11,184,119.86,USD,22054.24,open
PO002343,SUP0026,PRD0089,2025-05-06,670,407.63,USD,273112.1,open
PO002344,SUP0003,PRD0007,2026-02-25,271,62.15,USD,16842.65,fulfilled
PO002345,SUP0034,PRD0141,2026-01-24,58,28.47,USD,1651.26,open
PO002346,SUP0026,PRD0007,2025-02-21,290,658.38,USD,190930.2,fulfilled
PO002347,SUP0039,PRD0087,2026-08-18,688,3982.23,USD,2739774.24,fulfilled
PO002348,SUP0004,PRD0082,2026-08-19,259,58.07,USD,15040.13,cancelled
PO002349,SUP0030,PRD0133,2026-04-09,410,1919.18,USD,786863.8,fulfilled
PO002350,SUP0037,PRD0102,2025-05-16,213,17.01,USD,3623.13,fulfilled
PO002351,SUP0038,PRD0016,2025-08-26,580,4105.68,USD,2381294.4,fulfilled
PO002352,SUP0007,PRD0141,2026-06-10,211,2048.06,USD,432140.66,open
PO002353,SUP0011,PRD0150,2025-03-09,194,258.71,USD,50189.74,fulfilled
PO002354,SUP0037,PRD0093,2025-06-24,135,1234.57,USD,166666.95,fulfilled
PO002355,SUP0001,PRD0016,2026-01-29,66,2.53,USD,166.98,fulfilled
PO002356,SUP0013,PRD0049,2025-10-04,200,357.59,USD,71518.0,fulfilled
PO002357,SUP0036,PRD0143,2025-02-11,440,72.56,USD,31926.4,fulfilled
PO002358,SUP0022,PRD0108,2024-09-14,1136,168.04,USD,190893.44,fulfilled
PO002359,SUP0040,PRD0040,2026-04-27,329,160.81,USD,52906.49,fulfilled
PO002360,SUP0026,PRD0056,2024-10-20,83,801.69,USD,66540.27,fulfilled
PO002361,SUP0035,PRD0132,2024-09-27,239,27.23,USD,6507.97,fulfilled
PO002362,SUP0007,PRD0122,2025-06-28,1212,27.76,USD,33645.12,cancelled
PO002363,SUP0032,PRD0002,2025-11-16,200,2.89,USD,578.0,open
PO002364,SUP0033,PRD0032,2026-01-30,155,305.53,USD,47357.15,fulfilled
PO002365,SUP0005,PRD0090,2025-05-22,192,2.44,USD,468.48,fulfilled
PO002366,SUP0039,PRD0032,2025-01-26,579,193.36,USD,111955.44,cancelled
PO002367,SUP0015,PRD0069,2026-02-19,174,2.91,USD,506.34,fulfilled
PO002368,SUP0036,PRD0005,2025-11-10,181,4577.42,USD,828513.02,fulfilled
PO002369,SUP0019,PRD0083,2025-05-15,108,518.5,USD,55998.0,open
PO002370,SUP0035,PRD0009,2025-01-13,608,66.09,USD,40182.72,fulfilled
PO002371,SUP0004,PRD0055,2025-02-06,38,2.31,USD,87.78,fulfilled
PO002372,SUP0028,PRD0137,2026-05-10,572,260.74,USD,149143.28,cancelled
PO002373,SUP0040,PRD0015,2024-09-12,208,1371.84,USD,285342.72,fulfilled
PO002374,SUP0036,PRD0097,2025-05-17,260,2.87,USD,746.2,fulfilled
PO002375,SUP0010,PRD0079,2025-11-30,256,132.25,USD,33856.0,fulfilled
PO002376,SUP0028,PRD0145,2024-11-21,281,973.18,USD,273463.58,fulfilled
PO002377,SUP0020,PRD0051,2026-03-02,480,29.74,USD,14275.2,fulfilled
PO002378,SUP0037,PRD0044,2026-09-01,66,83.05,USD,5481.3,fulfilled
PO002379,SUP0007,PRD0051,2026-07-27,457,30.24,USD,13819.68,cancelled
PO002380,SUP0040,PRD0078,2026-06-28,343,453.13,USD,155423.59,open
PO002381,SUP0019,PRD0090,2026-08-13,302,3037.18,USD,917228.36,fulfilled
PO002382,SUP0032,PRD0095,2025-11-04,368,135.16,USD,49738.88,fulfilled
PO002383,SUP0017,PRD0075,2025-03-24,39,76.81,USD,2995.59,fulfilled
PO002384,SUP0035,PRD0001,2026-07-25,171,45.15,USD,7720.65,cancelled
PO002385,SUP0021,PRD0111,2026-01-10,708,16.4,USD,11611.2,fulfilled
PO002386,SUP0026,PRD0038,2025-09-10,50,3605.97,USD,180298.5,fulfilled
PO002387,SUP0025,PRD0089,2025-07-18,1584,2.35,USD,3722.4,fulfilled
PO002388,SUP0034,PRD0066,2025-07-01,194,77.66,USD,15066.04,fulfilled
PO002389,SUP0008,PRD0020,2026-08-11,112,8.77,USD,982.24,fulfilled
PO002390,SUP0017,PRD0104,2024-10-06,483,7.61,USD,3675.63,open
PO002391,SUP0012,PRD0045,2024-09-24,640,191.42,USD,122508.8,fulfilled
PO002392,SUP0004,PRD0044,2026-09-01,1476,6.97,USD,10287.72,fulfilled
PO002393,SUP0026,PRD0068,2025-03-22,573,1207.82,USD,692080.86,fulfilled
PO002394,SUP0021,PRD0114,2025-12-24,97,1192.42,USD,115664.74,fulfilled
PO002395,SUP0016,PRD0105,2025-08-27,438,75.13,USD,32906.94,fulfilled
PO002396,SUP0005,PRD0023,2025-07-01,228,647.44,USD,147616.32,open
PO002397,SUP0036,PRD0064,2026-02-02,480,64.12,USD,30777.6,open
PO002398,SUP0029,PRD0095,2026-08-08,219,1283.88,USD,281169.72,cancelled
PO002399,SUP0008,PRD0079,2025-12-06,230,46.52,USD,10699.6,fulfilled
PO002400,SUP0001,PRD0038,2024-11-14,551,29.56,USD,16287.56,fulfilled
PO002401,SUP0030,PRD0084,2025-10-31,273,85.39,USD,23311.47,fulfilled
PO002402,SUP0032,PRD0079,2024-10-16,107,88.99,USD,9521.93,fulfilled
PO002403,SUP0027,PRD0020,2025-01-12,82,2.65,USD,217.3,fulfilled
PO002404,SUP0008,PRD0117,2024-12-15,158,2.32,USD,366.56,fulfilled
PO002405,SUP0004,PRD0058,2025-01-03,575,812.51,USD,467193.25,fulfilled
PO002406,SUP0025,PRD0122,2025-05-30,352,225.88,USD,79509.76,fulfilled
PO002407,SUP0012,PRD0026,2024-09-17,44,2056.08,USD,90467.52,fulfilled
PO002408,SUP0013,PRD0112,2025-01-04,263,407.42,USD,107151.46,fulfilled
PO002409,SUP0034,PRD0122,2025-08-15,229,3092.75,USD,708239.75,open
PO002410,SUP0015,PRD0083,2024-12-20,322,8.66,USD,2788.52,fulfilled
PO002411,SUP0017,PRD0075,2025-05-24,131,449.75,USD,58917.25,fulfilled
PO002412,SUP0028,PRD0102,2026-03-20,145,3857.67,USD,559362.15,fulfilled
PO002413,SUP0025,PRD0072,2026-07-23,78,2.32,USD,180.96,fulfilled
PO002414,SUP0019,PRD0045,2025-05-05,320,22.93,USD,7337.6,fulfilled
PO002415,SUP0039,PRD0103,2025-12-03,33,2.71,USD,89.43,fulfilled
PO002416,SUP0016,PRD0093,2026-07-11,177,1146.68,USD,202962.36,cancelled
PO002417,SUP0032,PRD0112,2025-01-02,317,2.41,USD,763.97,fulfilled
PO002418,SUP0014,PRD0055,2026-07-08,291,2.32,USD,675.12,fulfilled
PO002419,SUP0022,PRD0081,2025-04-29,915,811.45,USD,742476.75,open
PO002420,SUP0021,PRD0002,2026-08-27,184,3.16,USD,581.44,fulfilled
PO002421,SUP0035,PRD0027,2026-01-01,527,617.72,USD,325538.44,open
PO002422,SUP0023,PRD0091,2025-04-24,116,689.92,USD,80030.72,fulfilled
PO002423,SUP0014,PRD0136,2025-09-13,888,1076.05,USD,955532.4,fulfilled
PO002424,SUP0013,PRD0005,2026-02-27,327,1223.23,USD,399996.21,cancelled
PO002425,SUP0035,PRD0057,2026-03-15,146,2.36,USD,344.56,fulfilled
PO002426,SUP0001,PRD0038,2026-02-22,279,125.39,USD,34983.81,open
PO002427,SUP0012,PRD0003,2025-07-28,277,351.2,USD,97282.4,fulfilled
PO002428,SUP0013,PRD0003,2025-02-02,301,22.63,USD,6811.63,fulfilled
PO002429,SUP0023,PRD0040,2025-02-04,346,8.17,USD,2826.82,fulfilled
PO002430,SUP0037,PRD0137,2025-11-28,262,92.08,USD,24124.96,fulfilled
PO002431,SUP0026,PRD0136,2025-10-26,66,4.32,USD,285.12,fulfilled
PO002432,SUP0004,PRD0136,2026-08-19,34,2.31,USD,78.54,fulfilled
PO002433,SUP0033,PRD0078,2025-10-08,237,2881.15,USD,682832.55,cancelled
PO002434,SUP0013,PRD0053,2024-10-23,185,2.31,USD,427.35,fulfilled
PO002435,SUP0027,PRD0139,2026-02-27,1550,3.05,USD,4727.5,fulfilled
PO002436,SUP0020,PRD0011,2025-03-13,208,2.52,USD,524.16,fulfilled
PO002437,SUP0020,PRD0077,2025-08-18,511,20.4,USD,10424.4,fulfilled
PO002438,SUP0033,PRD0023,2026-07-30,116,2.31,USD,267.96,fulfilled
PO002439,SUP0026,PRD0009,2024-11-09,266,2.63,USD,699.58,open
PO002440,SUP0009,PRD0020,2026-08-29,648,721.94,USD,467817.12,fulfilled
PO002441,SUP0003,PRD0071,2025-10-17,36,633.41,USD,22802.76,open
PO002442,SUP0011,PRD0054,2024-11-04,453,85.69,USD,38817.57,fulfilled
PO002443,SUP0017,PRD0095,2024-10-20,51,252.5,USD,12877.5,open
PO002444,SUP0036,PRD0097,2024-11-17,134,4.55,USD,609.7,fulfilled
PO002445,SUP0006,PRD0023,2025-02-23,62,3.47,USD,215.14,fulfilled
PO002446,SUP0020,PRD0109,2025-07-24,351,2.45,USD,859.95,open
PO002447,SUP0018,PRD0139,2026-05-10,526,12.08,USD,6354.08,fulfilled
PO002448,SUP0030,PRD0140,2026-08-04,177,310.14,USD,54894.78,open
PO002449,SUP0003,PRD0011,2024-09-07,105,175.18,USD,18393.9,cancelled
PO002450,SUP0010,PRD0076,2025-02-25,62,77.82,USD,4824.84,open
PO002451,SUP0003,PRD0117,2025-09-08,228,77.95,USD,17772.6,fulfilled
PO002452,SUP0026,PRD0086,2025-11-14,868,91.48,USD,79404.64,fulfilled
PO002453,SUP0031,PRD0053,2025-12-31,267,5540.68,USD,1479361.56,fulfilled
PO002454,SUP0035,PRD0023,2026-08-01,74,1792.06,USD,132612.44,fulfilled
PO002455,SUP0035,PRD0048,2026-01-27,160,287.36,USD,45977.6,fulfilled
PO002456,SUP0039,PRD0148,2026-01-04,138,677.22,USD,93456.36,fulfilled
PO002457,SUP0011,PRD0081,2026-03-07,287,2955.08,USD,848107.96,fulfilled
PO002458,SUP0005,PRD0046,2024-09-22,179,2.35,USD,420.65,fulfilled
PO002459,SUP0026,PRD0075,2026-03-24,652,83.15,USD,54213.8,fulfilled
PO002460,SUP0032,PRD0134,2026-04-23,103,16.88,USD,1738.64,open
PO002461,SUP0001,PRD0067,2026-02-21,739,82.5,USD,60967.5,fulfilled
PO002462,SUP0031,PRD0133,2025-09-22,265,11.17,USD,2960.05,fulfilled
PO002463,SUP0034,PRD0117,2025-11-28,102,191.96,USD,19579.92,fulfilled
PO002464,SUP0022,PRD0055,2025-09-03,248,3.3,USD,818.4,open
PO002465,SUP0030,PRD0045,2024-09-15,159,2.32,USD,368.88,fulfilled
PO002466,SUP0012,PRD0083,2025-01-06,153,4611.02,USD,705486.06,fulfilled
PO002467,SUP0026,PRD0082,2026-05-27,1002,174.77,USD,175119.54,fulfilled
PO002468,SUP0032,PRD0141,2025-07-09,274,179.96,USD,49309.04,cancelled
PO002469,SUP0012,PRD0079,2025-06-20,279,690.69,USD,192702.51,fulfilled
PO002470,SUP0007,PRD0111,2026-07-27,131,303.1,USD,39706.1,open
PO002471,SUP0020,PRD0079,2026-06-18,195,929.16,USD,181186.2,open
PO002472,SUP0036,PRD0067,2025-07-04,383,144.37,USD,55293.71,fulfilled
PO002473,SUP0030,PRD0003,2025-02-05,375,2924.33,USD,1096623.75,fulfilled
PO002474,SUP0019,PRD0040,2024-09-13,490,812.54,USD,398144.6,fulfilled
PO002475,SUP0016,PRD0023,2025-09-18,316,290.84,USD,91905.44,fulfilled
PO002476,SUP0037,PRD0004,2025-08-25,205,37.59,USD,7705.95,fulfilled
PO002477,SUP0029,PRD0010,2024-12-21,325,4109.7,USD,1335652.5,fulfilled
PO002478,SUP0014,PRD0075,2025-07-03,115,475.62,USD,54696.3,fulfilled
PO002479,SUP0016,PRD0027,2026-06-27,605,15.68,USD,9486.4,fulfilled
PO002480,SUP0025,PRD0040,2024-11-23,201,133.52,USD,26837.52,fulfilled
PO002481,SUP0026,PRD0074,2026-01-30,201,2.62,USD,526.62,fulfilled
PO002482,SUP0005,PRD0066,2025-04-08,677,2.31,USD,1563.87,cancelled
PO002483,SUP0019,PRD0058,2025-11-13,955,1373.06,USD,1311272.3,fulfilled
PO002484,SUP0004,PRD0106,2025-10-31,56,52.45,USD,2937.2,fulfilled
PO002485,SUP0017,PRD0013,2025-02-10,832,2591.87,USD,2156435.84,fulfilled
PO002486,SUP0018,PRD0133,2026-01-11,156,26.96,USD,4205.76,open
PO002487,SUP0011,PRD0141,2026-03-23,891,335.7,USD,299108.7,fulfilled
PO002488,SUP0030,PRD0066,2024-11-19,473,39.25,USD,18565.25,fulfilled
PO002489,SUP0026,PRD0015,2024-12-25,107,16.71,USD,1787.97,open
PO002490,SUP0026,PRD0055,2026-08-03,369,35.39,USD,13058.91,fulfilled
PO002491,SUP0013,PRD0078,2024-12-14,507,2.32,USD,1176.24,fulfilled
PO002492,SUP0035,PRD0104,2024-09-26,350,480.12,USD,168042.0,fulfilled
PO002493,SUP0039,PRD0024,2024-11-11,380,26.27,USD,9982.6,fulfilled
PO002494,SUP0025,PRD0056,2026-05-01,508,2.36,USD,1198.88,fulfilled
PO002495,SUP0038,PRD0040,2025-05-23,422,377.34,USD,159237.48,open
PO002496,SUP0032,PRD0136,2025-12-28,62,13.02,USD,807.24,open
PO002497,SUP0002,PRD0020,2024-10-16,786,395.27,USD,310682.22,open
PO002498,SUP0026,PRD0091,2024-12-25,50,30.02,USD,1501.0,fulfilled
PO002499,SUP0014,PRD0071,2026-05-06,432,170.05,USD,73461.6,fulfilled
PO002500,SUP0001,PRD0125,2025-06-06,218,2.82,USD,614.76,fulfilled
PO002501,SUP0026,PRD0128,2025-02-24,243,72.45,USD,17605.35,fulfilled
PO002502,SUP0012,PRD0028,2024-10-25,82,980.41,USD,80393.62,fulfilled
PO002503,SUP0040,PRD0144,2026-02-08,34,10.24,USD,348.16,fulfilled
PO002504,SUP0036,PRD0027,2026-08-03,598,3.83,USD,2290.34,fulfilled
PO002505,SUP0007,PRD0141,2025-01-21,168,1735.91,USD,291632.88,open
PO002506,SUP0036,PRD0058,2025-08-10,847,2985.88,USD,2529040.36,fulfilled
PO002507,SUP0012,PRD0037,2026-05-16,615,120.86,USD,74328.9,fulfilled
PO002508,SUP0034,PRD0139,2026-03-01,88,95.77,USD,8427.76,fulfilled
PO002509,SUP0009,PRD0040,2025-10-15,455,2.65,USD,1205.75,fulfilled
PO002510,SUP0004,PRD0105,2025-12-29,242,2.31,USD,559.02,fulfilled
PO002511,SUP0006,PRD0015,2026-02-17,114,47.27,USD,5388.78,fulfilled
PO002512,SUP0023,PRD0051,2025-05-18,80,2.47,USD,197.6,fulfilled
PO002513,SUP0012,PRD0078,2025-04-01,421,38.56,USD,16233.76,fulfilled
PO002514,SUP0031,PRD0056,2026-02-28,200,3826.67,USD,765334.0,fulfilled
PO002515,SUP0026,PRD0057,2026-08-26,112,108.2,USD,12118.4,fulfilled
PO002516,SUP0001,PRD0141,2024-10-29,423,195.8,USD,82823.4,open
PO002517,SUP0005,PRD0013,2025-05-07,634,2158.51,USD,1368495.34,fulfilled
PO002518,SUP0030,PRD0045,2024-12-05,363,38.83,USD,14095.29,fulfilled
PO002519,SUP0040,PRD0105,2025-03-15,159,2.77,USD,440.43,fulfilled
PO002520,SUP0022,PRD0074,2024-09-29,268,4284.88,USD,1148347.84,open
PO002521,SUP0019,PRD0070,2025-09-09,225,173.63,USD,39066.75,fulfilled
PO002522,SUP0039,PRD0078,2025-01-30,164,29.71,USD,4872.44,open
PO002523,SUP0039,PRD0064,2026-06-10,329,1386.96,USD,456309.84,cancelled
PO002524,SUP0013,PRD0150,2024-12-02,154,4.1,USD,631.4,fulfilled
PO002525,SUP0021,PRD0143,2026-08-24,340,1643.23,USD,558698.2,fulfilled
PO002526,SUP0026,PRD0036,2025-06-06,540,1214.53,USD,655846.2,open
PO002527,SUP0013,PRD0141,2026-06-20,236,4.08,USD,962.88,fulfilled
PO002528,SUP0024,PRD0132,2024-11-26,43,681.3,USD,29295.9,fulfilled
PO002529,SUP0010,PRD0095,2025-07-29,58,2.31,USD,133.98,fulfilled
PO002530,SUP0015,PRD0102,2025-07-08,242,2364.46,USD,572199.32,fulfilled
PO002531,SUP0022,PRD0106,2026-05-21,108,3613.87,USD,390297.96,fulfilled
PO002532,SUP0004,PRD0066,2024-10-02,168,8.19,USD,1375.92,fulfilled
PO002533,SUP0026,PRD0021,2025-08-20,255,2.31,USD,589.05,fulfilled
PO002534,SUP0039,PRD0074,2025-09-10,127,252.89,USD,32117.03,fulfilled
PO002535,SUP0036,PRD0023,2025-12-19,58,8.68,USD,503.44,fulfilled
PO002536,SUP0037,PRD0027,2024-12-13,355,3.15,USD,1118.25,fulfilled
PO002537,SUP0012,PRD0058,2026-06-30,115,4368.95,USD,502429.25,open
PO002538,SUP0030,PRD0044,2024-09-04,195,127.03,USD,24770.85,fulfilled
PO002539,SUP0015,PRD0055,2025-05-23,326,216.44,USD,70559.44,fulfilled
PO002540,SUP0037,PRD0076,2025-04-04,191,133.57,USD,25511.87,fulfilled
PO002541,SUP0037,PRD0007,2024-11-26,399,672.02,USD,268135.98,fulfilled
PO002542,SUP0011,PRD0056,2025-08-27,227,2241.8,USD,508888.6,fulfilled
PO002543,SUP0026,PRD0027,2025-09-09,79,364.22,USD,28773.38,fulfilled
PO002544,SUP0023,PRD0017,2026-03-26,369,2.94,USD,1084.86,cancelled
PO002545,SUP0030,PRD0143,2024-09-30,201,2.51,USD,504.51,fulfilled
PO002546,SUP0036,PRD0015,2025-02-09,293,2.67,USD,782.31,fulfilled
PO002547,SUP0005,PRD0148,2025-08-04,319,1516.54,USD,483776.26,fulfilled
PO002548,SUP0001,PRD0095,2024-12-23,118,27.14,USD,3202.52,open
PO002549,SUP0036,PRD0073,2025-10-14,264,16.0,USD,4224.0,fulfilled
PO002550,SUP0001,PRD0097,2025-03-15,222,1432.45,USD,318003.9,fulfilled
PO002551,SUP0036,PRD0071,2026-02-06,221,1629.0,USD,360009.0,open
PO002552,SUP0031,PRD0105,2025-01-01,404,7.55,USD,3050.2,fulfilled
PO002553,SUP0037,PRD0041,2026-03-21,696,4.18,USD,2909.28,fulfilled
PO002554,SUP0025,PRD0097,2026-04-23,164,1917.53,USD,314474.92,cancelled
PO002555,SUP0008,PRD0146,2026-06-29,199,1288.45,USD,256401.55,fulfilled
PO002556,SUP0016,PRD0137,2026-07-26,292,2.77,USD,808.84,fulfilled
PO002557,SUP0020,PRD0091,2025-08-20,171,27.01,USD,4618.71,open
PO002558,SUP0037,PRD0023,2025-10-04,595,436.32,USD,259610.4,fulfilled
PO002559,SUP0026,PRD0142,2024-12-23,69,644.51,USD,44471.19,fulfilled
PO002560,SUP0031,PRD0078,2024-09-25,549,2137.13,USD,1173284.37,cancelled
PO002561,SUP0030,PRD0072,2024-09-08,754,26.13,USD,19702.02,fulfilled
PO002562,SUP0039,PRD0032,2025-01-13,116,424.1,USD,49195.6,cancelled
PO002563,SUP0012,PRD0147,2026-08-09,395,71.69,USD,28317.55,fulfilled
PO002564,SUP0015,PRD0120,2026-05-17,71,304.3,USD,21605.3,fulfilled
PO002565,SUP0035,PRD0024,2025-03-02,938,2.83,USD,2654.54,cancelled
PO002566,SUP0007,PRD0060,2025-12-13,171,96.53,USD,16506.63,fulfilled
PO002567,SUP0012,PRD0066,2026-02-20,483,104.24,USD,50347.92,fulfilled
PO002568,SUP0002,PRD0147,2025-10-01,189,1836.98,USD,347189.22,fulfilled
PO002569,SUP0006,PRD0110,2025-12-12,274,2.43,USD,665.82,fulfilled
PO002570,SUP0004,PRD0120,2026-06-06,336,1538.53,USD,516946.08,fulfilled
PO002571,SUP0019,PRD0023,2026-07-12,519,47.75,USD,24782.25,fulfilled
PO002572,SUP0009,PRD0064,2024-09-19,81,688.2,USD,55744.2,fulfilled
PO002573,SUP0009,PRD0057,2024-10-19,39,1140.24,USD,44469.36,fulfilled
PO002574,SUP0040,PRD0137,2025-01-19,469,1497.8,USD,702468.2,fulfilled
PO002575,SUP0026,PRD0111,2025-07-01,433,142.35,USD,61637.55,fulfilled
PO002576,SUP0037,PRD0148,2026-02-17,568,546.15,USD,310213.2,fulfilled
PO002577,SUP0040,PRD0014,2025-09-29,1001,10.39,USD,10400.39,fulfilled
PO002578,SUP0030,PRD0081,2026-06-10,896,2.44,USD,2186.24,fulfilled
PO002579,SUP0013,PRD0141,2025-03-17,480,296.32,USD,142233.6,fulfilled
PO002580,SUP0032,PRD0112,2025-05-07,370,2.33,USD,862.1,fulfilled
PO002581,SUP0032,PRD0018,2024-12-16,153,4886.98,USD,747707.94,open
PO002582,SUP0002,PRD0097,2026-08-06,736,16.5,USD,12144.0,fulfilled
PO002583,SUP0028,PRD0046,2025-04-15,425,27.78,USD,11806.5,fulfilled
PO002584,SUP0036,PRD0114,2026-03-16,144,628.54,USD,90509.76,fulfilled
PO002585,SUP0036,PRD0068,2026-06-05,430,846.0,USD,363780.0,fulfilled
PO002586,SUP0033,PRD0048,2024-09-16,278,2.83,USD,786.74,fulfilled
PO002587,SUP0009,PRD0121,2024-10-29,160,61.06,USD,9769.6,fulfilled
PO002588,SUP0039,PRD0141,2024-11-29,614,386.81,USD,237501.34,open
PO002589,SUP0001,PRD0078,2025-03-16,361,1902.42,USD,686773.62,open
PO002590,SUP0012,PRD0015,2025-01-18,48,612.56,USD,29402.88,fulfilled
PO002591,SUP0032,PRD0012,2026-02-09,30,380.46,USD,11413.8,fulfilled
PO002592,SUP0010,PRD0109,2025-02-02,113,2.47,USD,279.11,fulfilled
PO002593,SUP0030,PRD0072,2025-01-24,191,63.46,USD,12120.86,fulfilled
PO002594,SUP0028,PRD0097,2025-01-10,148,321.62,USD,47599.76,fulfilled
PO002595,SUP0030,PRD0105,2025-04-06,70,987.46,USD,69122.2,fulfilled
PO002596,SUP0036,PRD0081,2026-02-08,686,3454.9,USD,2370061.4,open
PO002597,SUP0004,PRD0079,2024-12-04,115,231.0,USD,26565.0,cancelled
PO002598,SUP0014,PRD0051,2025-01-27,1109,7.49,USD,8306.41,fulfilled
PO002599,SUP0007,PRD0020,2024-12-11,980,80.62,USD,79007.6,fulfilled
PO002600,SUP0035,PRD0085,2025-12-11,941,107.79,USD,101430.39,fulfilled
PO002601,SUP0032,PRD0112,2024-12-03,362,1558.76,USD,564271.12,fulfilled
PO002602,SUP0011,PRD0070,2025-03-18,204,22.54,USD,4598.16,cancelled
PO002603,SUP0019,PRD0078,2024-09-19,389,2.33,USD,906.37,cancelled
PO002604,SUP0014,PRD0091,2024-11-01,103,2198.21,USD,226415.63,open
PO002605,SUP0036,PRD0055,2025-05-29,750,13.87,USD,10402.5,fulfilled
PO002606,SUP0011,PRD0146,2025-04-01,1057,208.72,USD,220617.04,fulfilled
PO002607,SUP0029,PRD0010,2026-05-14,216,81.28,USD,17556.48,fulfilled
PO002608,SUP0024,PRD0048,2025-12-05,747,801.24,USD,598526.28,open
PO002609,SUP0009,PRD0072,2024-11-14,42,8.82,USD,370.44,fulfilled
PO002610,SUP0035,PRD0133,2026-08-29,863,167.45,USD,144509.35,cancelled
PO002611,SUP0019,PRD0072,2024-09-15,181,2100.54,USD,380197.74,fulfilled
PO002612,SUP0025,PRD0020,2024-10-04,137,706.85,USD,96838.45,fulfilled
PO002613,SUP0004,PRD0066,2025-06-05,992,9.81,USD,9731.52,cancelled
PO002614,SUP0034,PRD0144,2025-04-12,195,913.65,USD,178161.75,fulfilled
PO002615,SUP0039,PRD0150,2026-03-19,315,140.08,USD,44125.2,open
PO002616,SUP0037,PRD0132,2026-01-22,596,469.37,USD,279744.52,cancelled
PO002617,SUP0037,PRD0005,2025-12-01,138,2.63,USD,362.94,fulfilled
PO002618,SUP0006,PRD0104,2026-06-19,125,198.9,USD,24862.5,fulfilled
PO002619,SUP0005,PRD0079,2025-04-07,274,1125.75,USD,308455.5,fulfilled
PO002620,SUP0022,PRD0051,2025-07-30,666,4.21,USD,2803.86,fulfilled
PO002621,SUP0019,PRD0089,2025-03-09,928,73.99,USD,68662.72,cancelled
PO002622,SUP0017,PRD0040,2025-03-14,368,2.59,USD,953.12,fulfilled
PO002623,SUP0012,PRD0072,2025-10-16,294,2.42,USD,711.48,fulfilled
PO002624,SUP0002,PRD0055,2024-12-13,58,5.19,USD,301.02,fulfilled
PO002625,SUP0016,PRD0056,2024-11-14,631,54.06,USD,34111.86,fulfilled
PO002626,SUP0037,PRD0003,2025-08-21,304,7.44,USD,2261.76,fulfilled
PO002627,SUP0027,PRD0106,2025-03-07,220,2192.45,USD,482339.0,cancelled
PO002628,SUP0005,PRD0015,2026-08-12,486,2164.95,USD,1052165.7,fulfilled
PO002629,SUP0033,PRD0145,2026-04-05,276,2258.33,USD,623299.08,fulfilled
PO002630,SUP0018,PRD0076,2025-05-15,789,19.4,USD,15306.6,fulfilled
PO002631,SUP0011,PRD0049,2025-06-25,780,10.1,USD,7878.0,open
PO002632,SUP0040,PRD0019,2025-12-01,228,853.72,USD,194648.16,fulfilled
PO002633,SUP0023,PRD0074,2025-08-19,203,2.8,USD,568.4,fulfilled
PO002634,SUP0008,PRD0106,2024-10-04,406,15.78,USD,6406.68,cancelled
PO002635,SUP0012,PRD0146,2025-02-01,774,104.51,USD,80890.74,fulfilled
PO002636,SUP0025,PRD0094,2025-11-13,349,84.11,USD,29354.39,fulfilled
PO002637,SUP0014,PRD0075,2025-02-13,460,2.56,USD,1177.6,fulfilled
PO002638,SUP0008,PRD0147,2026-06-27,146,28.45,USD,4153.7,open
PO002639,SUP0016,PRD0028,2025-05-10,312,3578.91,USD,1116619.92,fulfilled
PO002640,SUP0010,PRD0049,2025-07-25,191,511.78,USD,97749.98,fulfilled
PO002641,SUP0014,PRD0114,2025-08-15,167,2.32,USD,387.44,fulfilled
PO002642,SUP0025,PRD0028,2026-01-09,217,338.66,USD,73489.22,cancelled
PO002643,SUP0023,PRD0130,2025-07-20,55,575.79,USD,31668.45,fulfilled
PO002644,SUP0017,PRD0070,2024-09-14,171,253.31,USD,43316.01,fulfilled
PO002645,SUP0036,PRD0125,2026-01-11,203,84.19,USD,17090.57,fulfilled
PO002646,SUP0039,PRD0066,2025-05-09,367,28.76,USD,10554.92,cancelled
PO002647,SUP0008,PRD0132,2026-04-23,57,244.09,USD,13913.13,fulfilled
PO002648,SUP0015,PRD0074,2025-11-26,29,807.78,USD,23425.62,fulfilled
PO002649,SUP0035,PRD0147,2026-02-23,230,1617.18,USD,371951.4,open
PO002650,SUP0022,PRD0081,2025-03-29,40,109.46,USD,4378.4,fulfilled
PO002651,SUP0037,PRD0102,2026-04-02,304,174.76,USD,53127.04,fulfilled
PO002652,SUP0003,PRD0111,2025-09-27,92,98.82,USD,9091.44,open
PO002653,SUP0025,PRD0114,2025-02-11,115,4959.33,USD,570322.95,cancelled
PO002654,SUP0025,PRD0016,2026-08-03,712,83.25,USD,59274.0,open
PO002655,SUP0002,PRD0137,2026-08-13,342,983.52,USD,336363.84,fulfilled
PO002656,SUP0031,PRD0038,2025-10-28,97,2.33,USD,226.01,fulfilled
PO002657,SUP0033,PRD0010,2025-04-10,694,3.66,USD,2540.04,fulfilled
PO002658,SUP0012,PRD0020,2025-10-29,314,84.9,USD,26658.6,fulfilled
PO002659,SUP0008,PRD0087,2026-08-06,291,188.61,USD,54885.51,fulfilled
PO002660,SUP0039,PRD0031,2024-09-09,79,3.51,USD,277.29,fulfilled
PO002661,SUP0025,PRD0015,2025-06-04,329,2.96,USD,973.84,fulfilled
PO002662,SUP0016,PRD0090,2024-12-09,396,4.06,USD,1607.76,fulfilled
PO002663,SUP0032,PRD0045,2026-08-21,454,449.69,USD,204159.26,fulfilled
PO002664,SUP0023,PRD0103,2026-08-31,497,1084.14,USD,538817.58,cancelled
PO002665,SUP0035,PRD0057,2026-08-26,53,22.65,USD,1200.45,cancelled
PO002666,SUP0038,PRD0141,2025-10-16,249,1050.43,USD,261557.07,fulfilled
PO002667,SUP0002,PRD0056,2025-04-17,273,1223.93,USD,334132.89,fulfilled
PO002668,SUP0036,PRD0040,2024-09-26,58,62.31,USD,3613.98,fulfilled
PO002669,SUP0008,PRD0015,2025-03-12,189,156.1,USD,29502.9,fulfilled
PO002670,SUP0036,PRD0057,2024-10-27,407,2.75,USD,1119.25,fulfilled
PO002671,SUP0038,PRD0084,2026-01-31,444,28.94,USD,12849.36,fulfilled
PO002672,SUP0034,PRD0021,2026-06-11,352,2021.19,USD,711458.88,open
PO002673,SUP0031,PRD0103,2025-07-04,37,191.08,USD,7069.96,open
PO002674,SUP0002,PRD0066,2025-07-17,310,309.95,USD,96084.5,fulfilled
PO002675,SUP0010,PRD0104,2026-08-24,267,3.54,USD,945.18,fulfilled
PO002676,SUP0035,PRD0082,2026-08-26,80,14.33,USD,1146.4,open
PO002677,SUP0020,PRD0133,2026-03-13,178,19.65,USD,3497.7,open
PO002678,SUP0038,PRD0045,2026-03-07,69,219.18,USD,15123.42,fulfilled
PO002679,SUP0005,PRD0017,2024-10-18,405,4.44,USD,1798.2,open
PO002680,SUP0008,PRD0079,2026-07-05,579,303.99,USD,176010.21,fulfilled
PO002681,SUP0035,PRD0063,2026-07-11,76,2.69,USD,204.44,fulfilled
PO002682,SUP0029,PRD0032,2025-06-28,357,115.34,USD,41176.38,open
PO002683,SUP0025,PRD0120,2025-12-07,113,87.84,USD,9925.92,fulfilled
PO002684,SUP0030,PRD0143,2025-04-15,310,97.08,USD,30094.8,fulfilled
PO002685,SUP0029,PRD0048,2024-12-23,812,905.54,USD,735298.48,fulfilled
PO002686,SUP0006,PRD0103,2024-11-30,81,1704.08,USD,138030.48,open
PO002687,SUP0014,PRD0121,2025-03-12,57,2.73,USD,155.61,fulfilled
PO002688,SUP0022,PRD0010,2025-03-01,36,202.88,USD,7303.68,fulfilled
PO002689,SUP0026,PRD0100,2025-10-13,110,2.31,USD,254.1,fulfilled
PO002690,SUP0030,PRD0133,2026-08-23,1093,29.24,USD,31959.32,fulfilled
PO002691,SUP0017,PRD0150,2025-08-10,50,2.87,USD,143.5,fulfilled
PO002692,SUP0035,PRD0048,2024-10-09,209,36.67,USD,7664.03,fulfilled
PO002693,SUP0008,PRD0147,2025-01-01,290,6368.43,USD,1846844.7,fulfilled
PO002694,SUP0034,PRD0004,2025-06-15,106,68.38,USD,7248.28,fulfilled
PO002695,SUP0026,PRD0012,2025-02-04,238,2349.1,USD,559085.8,fulfilled
PO002696,SUP0022,PRD0023,2026-07-29,339,6965.55,USD,2361321.45,open
PO002697,SUP0011,PRD0078,2025-02-05,209,3.48,USD,727.32,fulfilled
PO002698,SUP0036,PRD0068,2025-05-24,399,914.82,USD,365013.18,fulfilled
PO002699,SUP0010,PRD0133,2025-01-23,288,23.46,USD,6756.48,fulfilled
PO002700,SUP0012,PRD0091,2026-03-19,393,34.12,USD,13409.16,fulfilled
PO002701,SUP0024,PRD0141,2025-09-03,81,935.25,USD,75755.25,fulfilled
PO002702,SUP0002,PRD0078,2026-05-23,166,2.31,USD,383.46,open
PO002703,SUP0001,PRD0016,2025-05-06,414,19.42,USD,8039.88,fulfilled
PO002704,SUP0013,PRD0078,2025-01-26,372,343.02,USD,127603.44,fulfilled
PO002705,SUP0008,PRD0023,2026-08-11,137,1039.98,USD,142477.26,fulfilled
PO002706,SUP0029,PRD0114,2025-01-10,333,2.69,USD,895.77,fulfilled
PO002707,SUP0008,PRD0066,2025-05-02,259,1720.04,USD,445490.36,fulfilled
PO002708,SUP0021,PRD0074,2025-12-27,245,2.53,USD,619.85,fulfilled
PO002709,SUP0019,PRD0141,2024-09-12,1159,5.51,USD,6386.09,fulfilled
PO002710,SUP0011,PRD0142,2026-07-26,395,13.46,USD,5316.7,fulfilled
PO002711,SUP0026,PRD0091,2025-11-30,67,2405.47,USD,161166.49,fulfilled
PO002712,SUP0010,PRD0145,2025-06-07,202,18.57,USD,3751.14,fulfilled
PO002713,SUP0020,PRD0102,2026-03-28,298,1107.66,USD,330082.68,open
PO002714,SUP0037,PRD0095,2024-10-31,1202,844.28,USD,1014824.56,fulfilled
PO002715,SUP0015,PRD0112,2024-12-08,761,10.13,USD,7708.93,fulfilled
PO002716,SUP0010,PRD0097,2025-12-13,46,1160.38,USD,53377.48,fulfilled
PO002717,SUP0028,PRD0108,2026-07-21,138,26.99,USD,3724.62,fulfilled
PO002718,SUP0030,PRD0081,2024-12-23,181,4401.34,USD,796642.54,fulfilled
PO002719,SUP0038,PRD0105,2025-01-22,73,348.4,USD,25433.2,fulfilled
PO002720,SUP0016,PRD0079,2025-11-05,311,31.33,USD,9743.63,fulfilled
PO002721,SUP0011,PRD0048,2024-10-30,621,190.56,USD,118337.76,cancelled
PO002722,SUP0007,PRD0043,2024-10-01,220,4334.85,USD,953667.0,open
PO002723,SUP0040,PRD0095,2026-03-24,585,1525.11,USD,892189.35,fulfilled
PO002724,SUP0013,PRD0111,2026-08-06,747,3.36,USD,2509.92,fulfilled
PO002725,SUP0012,PRD0079,2025-08-01,628,3.02,USD,1896.56,fulfilled
PO002726,SUP0024,PRD0133,2025-12-15,194,41.36,USD,8023.84,fulfilled
PO002727,SUP0009,PRD0132,2024-09-06,315,171.51,USD,54025.65,cancelled
PO002728,SUP0028,PRD0005,2025-02-21,456,875.39,USD,399177.84,fulfilled
PO002729,SUP0012,PRD0104,2024-10-09,166,5.02,USD,833.32,fulfilled
PO002730,SUP0006,PRD0014,2026-02-14,324,131.04,USD,42456.96,fulfilled
PO002731,SUP0011,PRD0115,2025-02-23,351,1184.88,USD,415892.88,fulfilled
PO002732,SUP0021,PRD0058,2024-10-29,122,34.27,USD,4180.94,fulfilled
PO002733,SUP0025,PRD0095,2026-05-12,560,38.61,USD,21621.6,fulfilled
PO002734,SUP0004,PRD0105,2025-04-06,92,13.32,USD,1225.44,open
PO002735,SUP0037,PRD0143,2025-06-02,212,220.87,USD,46824.44,fulfilled
PO002736,SUP0018,PRD0122,2026-08-04,28,2299.36,USD,64382.08,fulfilled
PO002737,SUP0028,PRD0062,2024-10-29,861,1282.19,USD,1103965.59,open
PO002738,SUP0002,PRD0051,2025-11-07,47,17.22,USD,809.34,fulfilled
PO002739,SUP0019,PRD0032,2024-09-12,37,4.95,USD,183.15,open
PO002740,SUP0021,PRD0023,2026-03-31,383,2284.47,USD,874952.01,fulfilled
PO002741,SUP0010,PRD0075,2024-10-14,401,4.09,USD,1640.09,fulfilled
PO002742,SUP0029,PRD0064,2026-07-28,98,95.72,USD,9380.56,fulfilled
PO002743,SUP0001,PRD0075,2025-09-19,194,823.8,USD,159817.2,fulfilled
PO002744,SUP0009,PRD0112,2024-12-25,43,16.37,USD,703.91,fulfilled
PO002745,SUP0032,PRD0108,2026-03-25,833,1229.25,USD,1023965.25,fulfilled
PO002746,SUP0031,PRD0021,2026-06-22,789,6.73,USD,5309.97,fulfilled
PO002747,SUP0017,PRD0140,2025-07-21,94,5.43,USD,510.42,open
PO002748,SUP0030,PRD0146,2024-12-14,44,2.31,USD,101.64,fulfilled
PO002749,SUP0021,PRD0093,2025-02-22,176,2.31,USD,406.56,cancelled
PO002750,SUP0012,PRD0146,2025-05-22,197,774.47,USD,152570.59,fulfilled
PO002751,SUP0021,PRD0077,2025-04-17,464,4.35,USD,2018.4,fulfilled
PO002752,SUP0014,PRD0062,2025-11-22,501,139.9,USD,70089.9,fulfilled
PO002753,SUP0037,PRD0020,2026-07-18,27,2.36,USD,63.72,cancelled
PO002754,SUP0008,PRD0081,2025-03-26,39,2706.22,USD,105542.58,fulfilled
PO002755,SUP0039,PRD0057,2025-02-26,234,1160.54,USD,271566.36,fulfilled
PO002756,SUP0028,PRD0014,2024-09-24,53,2141.33,USD,113490.49,fulfilled
PO002757,SUP0039,PRD0136,2024-12-05,218,532.86,USD,116163.48,fulfilled
PO002758,SUP0001,PRD0040,2025-10-14,42,171.26,USD,7192.92,fulfilled
PO002759,SUP0027,PRD0105,2025-09-15,451,597.72,USD,269571.72,fulfilled
PO002760,SUP0040,PRD0045,2024-12-21,330,514.75,USD,169867.5,cancelled
PO002761,SUP0012,PRD0056,2025-05-02,231,178.35,USD,41198.85,open
PO002762,SUP0037,PRD0075,2026-05-14,587,3.35,USD,1966.45,cancelled
PO002763,SUP0039,PRD0109,2026-06-10,31,42.42,USD,1315.02,fulfilled
PO002764,SUP0038,PRD0002,2026-04-26,459,15.77,USD,7238.43,cancelled
PO002765,SUP0038,PRD0079,2025-09-04,273,2.32,USD,633.36,open
PO002766,SUP0036,PRD0048,2026-01-05,136,85.75,USD,11662.0,fulfilled
PO002767,SUP0030,PRD0056,2024-12-29,303,7.29,USD,2208.87,fulfilled
PO002768,SUP0023,PRD0148,2025-05-13,87,546.59,USD,47553.33,fulfilled
PO002769,SUP0026,PRD0018,2025-11-07,311,2.36,USD,733.96,fulfilled
PO002770,SUP0020,PRD0042,2026-07-17,282,409.92,USD,115597.44,fulfilled
PO002771,SUP0007,PRD0010,2025-08-11,242,524.47,USD,126921.74,open
PO002772,SUP0026,PRD0135,2025-01-12,522,181.41,USD,94696.02,fulfilled
PO002773,SUP0020,PRD0020,2024-10-22,569,12.7,USD,7226.3,open
PO002774,SUP0005,PRD0076,2025-10-27,167,2383.69,USD,398076.23,cancelled
PO002775,SUP0015,PRD0119,2025-02-27,66,118.55,USD,7824.3,fulfilled
PO002776,SUP0036,PRD0001,2026-02-28,215,1215.06,USD,261237.9,fulfilled
PO002777,SUP0028,PRD0090,2025-09-13,300,46.18,USD,13854.0,fulfilled
PO002778,SUP0010,PRD0119,2025-06-26,580,424.14,USD,246001.2,cancelled
PO002779,SUP0015,PRD0134,2026-06-13,723,557.5,USD,403072.5,open
PO002780,SUP0004,PRD0057,2025-09-27,46,798.37,USD,36725.02,fulfilled
PO002781,SUP0013,PRD0091,2025-02-08,108,550.64,USD,59469.12,fulfilled
PO002782,SUP0035,PRD0001,2025-06-18,556,78.46,USD,43623.76,fulfilled
PO002783,SUP0036,PRD0073,2025-05-06,106,2.32,USD,245.92,fulfilled
PO002784,SUP0019,PRD0019,2026-07-19,342,68.49,USD,23423.58,fulfilled
PO002785,SUP0019,PRD0105,2025-02-27,90,560.75,USD,50467.5,fulfilled
PO002786,SUP0016,PRD0093,2026-05-17,822,33.85,USD,27824.7,fulfilled
PO002787,SUP0031,PRD0114,2025-07-17,33,23.84,USD,786.72,fulfilled
PO002788,SUP0012,PRD0012,2024-10-05,82,106.9,USD,8765.8,cancelled
PO002789,SUP0036,PRD0057,2026-05-09,579,46.04,USD,26657.16,fulfilled
PO002790,SUP0001,PRD0018,2025-07-18,27,540.45,USD,14592.15,fulfilled
PO002791,SUP0002,PRD0021,2025-07-05,138,1719.28,USD,237260.64,fulfilled
PO002792,SUP0038,PRD0010,2025-07-19,307,6.44,USD,1977.08,open
PO002793,SUP0036,PRD0105,2024-10-01,242,1951.72,USD,472316.24,fulfilled
PO002794,SUP0030,PRD0013,2025-06-15,136,2296.81,USD,312366.16,open
PO002795,SUP0032,PRD0083,2026-03-13,239,5586.39,USD,1335147.21,fulfilled
PO002796,SUP0015,PRD0136,2026-07-12,61,203.35,USD,12404.35,fulfilled
PO002797,SUP0017,PRD0057,2024-10-25,260,605.75,USD,157495.0,open
PO002798,SUP0037,PRD0016,2025-10-09,480,2444.27,USD,1173249.6,fulfilled
PO002799,SUP0020,PRD0081,2026-06-30,169,419.57,USD,70907.33,fulfilled
PO002800,SUP0033,PRD0114,2024-11-22,440,522.91,USD,230080.4,cancelled
PO002801,SUP0005,PRD0122,2024-10-14,98,3620.12,USD,354771.76,fulfilled
PO002802,SUP0003,PRD0066,2024-11-04,212,12.5,USD,2650.0,open
PO002803,SUP0019,PRD0040,2026-02-20,125,2.36,USD,295.0,fulfilled
PO002804,SUP0011,PRD0028,2025-08-14,126,2268.19,USD,285791.94,fulfilled
PO002805,SUP0030,PRD0147,2025-06-20,109,722.77,USD,78781.93,open
PO002806,SUP0005,PRD0024,2025-09-23,86,4.61,USD,396.46,open
PO002807,SUP0001,PRD0057,2025-04-27,347,885.24,USD,307178.28,fulfilled
PO002808,SUP0035,PRD0111,2025-04-29,269,3873.83,USD,1042060.27,fulfilled
PO002809,SUP0030,PRD0144,2024-11-02,481,991.1,USD,476719.1,open
PO002810,SUP0037,PRD0018,2025-07-26,247,88.88,USD,21953.36,fulfilled
PO002811,SUP0009,PRD0081,2026-02-08,46,205.4,USD,9448.4,cancelled
PO002812,SUP0014,PRD0144,2024-09-10,108,12.29,USD,1327.32,open
PO002813,SUP0036,PRD0112,2026-03-28,113,4772.88,USD,539335.44,fulfilled
PO002814,SUP0035,PRD0048,2025-01-26,580,2.48,USD,1438.4,fulfilled
PO002815,SUP0008,PRD0109,2025-03-11,611,3.92,USD,2395.12,fulfilled
PO002816,SUP0005,PRD0020,2025-03-10,254,3.06,USD,777.24,fulfilled
PO002817,SUP0031,PRD0060,2025-02-24,249,1050.84,USD,261659.16,fulfilled
PO002818,SUP0015,PRD0100,2025-01-19,310,2.98,USD,923.8,fulfilled
PO002819,SUP0026,PRD0124,2025-09-13,595,20.43,USD,12155.85,fulfilled
PO002820,SUP0015,PRD0100,2025-10-12,171,4.17,USD,713.07,open
PO002821,SUP0026,PRD0083,2025-11-20,542,621.89,USD,337064.38,fulfilled
PO002822,SUP0026,PRD0074,2025-07-17,54,931.98,USD,50326.92,fulfilled
PO002823,SUP0021,PRD0141,2024-09-16,85,254.44,USD,21627.4,fulfilled
PO002824,SUP0009,PRD0111,2026-02-01,102,72.94,USD,7439.88,fulfilled
PO002825,SUP0009,PRD0133,2024-11-21,108,3.03,USD,327.24,fulfilled
PO002826,SUP0016,PRD0043,2025-01-14,921,184.75,USD,170154.75,fulfilled
PO002827,SUP0032,PRD0010,2026-06-25,123,1219.09,USD,149948.07,cancelled
PO002828,SUP0009,PRD0017,2026-01-23,438,5910.12,USD,2588632.56,open
PO002829,SUP0037,PRD0103,2025-11-26,255,3.1,USD,790.5,fulfilled
PO002830,SUP0037,PRD0060,2025-01-06,62,894.45,USD,55455.9,fulfilled
PO002831,SUP0038,PRD0035,2025-07-05,85,889.09,USD,75572.65,fulfilled
PO002832,SUP0036,PRD0114,2024-11-18,309,35.6,USD,11000.4,open
PO002833,SUP0015,PRD0044,2025-04-13,241,4203.46,USD,1013033.86,fulfilled
PO002834,SUP0031,PRD0046,2025-02-16,637,5.3,USD,3376.1,cancelled
PO002835,SUP0003,PRD0013,2024-12-04,519,3.32,USD,1723.08,open
PO002836,SUP0016,PRD0070,2025-09-11,221,4.54,USD,1003.34,fulfilled
PO002837,SUP0022,PRD0133,2024-10-05,94,3.98,USD,374.12,fulfilled
PO002838,SUP0023,PRD0051,2024-12-15,48,675.66,USD,32431.68,fulfilled
PO002839,SUP0013,PRD0048,2026-09-01,176,729.09,USD,128319.84,fulfilled
PO002840,SUP0021,PRD0053,2026-04-02,502,95.6,USD,47991.2,cancelled
PO002841,SUP0003,PRD0020,2026-07-09,79,1249.31,USD,98695.49,fulfilled
PO002842,SUP0010,PRD0005,2025-06-19,66,137.51,USD,9075.66,fulfilled
PO002843,SUP0020,PRD0109,2025-10-22,433,158.63,USD,68686.79,fulfilled
PO002844,SUP0032,PRD0085,2025-01-20,130,1203.43,USD,156445.9,fulfilled
PO002845,SUP0036,PRD0093,2024-09-12,418,57.87,USD,24189.66,fulfilled
PO002846,SUP0036,PRD0023,2024-11-04,62,20.46,USD,1268.52,fulfilled
PO002847,SUP0022,PRD0066,2025-01-01,157,65.41,USD,10269.37,fulfilled
PO002848,SUP0026,PRD0137,2024-10-12,558,29.32,USD,16360.56,fulfilled
PO002849,SUP0006,PRD0109,2024-12-19,99,476.64,USD,47187.36,fulfilled
PO002850,SUP0013,PRD0147,2025-03-31,887,2.31,USD,2048.97,open
PO002851,SUP0031,PRD0137,2025-09-22,267,185.95,USD,49648.65,cancelled
PO002852,SUP0018,PRD0091,2026-08-26,239,1471.89,USD,351781.71,open
PO002853,SUP0040,PRD0136,2025-01-18,107,19.39,USD,2074.73,fulfilled
PO002854,SUP0014,PRD0093,2025-07-06,172,574.44,USD,98803.68,fulfilled
PO002855,SUP0036,PRD0084,2024-09-26,43,2.39,USD,102.77,fulfilled
PO002856,SUP0025,PRD0117,2026-01-28,340,3.18,USD,1081.2,fulfilled
PO002857,SUP0029,PRD0008,2024-10-05,446,625.72,USD,279071.12,fulfilled
PO002858,SUP0021,PRD0140,2025-02-26,548,2.51,USD,1375.48,fulfilled
PO002859,SUP0032,PRD0056,2025-05-02,156,545.49,USD,85096.44,open
PO002860,SUP0008,PRD0122,2025-01-29,732,765.6,USD,560419.2,fulfilled
PO002861,SUP0010,PRD0141,2025-11-14,258,298.25,USD,76948.5,fulfilled
PO002862,SUP0031,PRD0017,2026-03-21,771,315.92,USD,243574.32,fulfilled
PO002863,SUP0013,PRD0034,2025-12-14,495,5.37,USD,2658.15,fulfilled
PO002864,SUP0004,PRD0103,2025-09-20,243,1034.22,USD,251315.46,fulfilled
PO002865,SUP0026,PRD0106,2025-01-16,364,322.35,USD,117335.4,fulfilled
PO002866,SUP0031,PRD0081,2024-11-12,167,7.68,USD,1282.56,fulfilled
PO002867,SUP0016,PRD0078,2026-04-20,293,309.64,USD,90724.52,fulfilled
PO002868,SUP0025,PRD0132,2025-02-24,427,989.08,USD,422337.16,fulfilled
PO002869,SUP0009,PRD0033,2025-03-18,54,1471.74,USD,79473.96,open
PO002870,SUP0031,PRD0001,2026-08-17,337,4.0,USD,1348.0,fulfilled
PO002871,SUP0025,PRD0105,2026-03-14,200,2144.3,USD,428860.0,fulfilled
PO002872,SUP0007,PRD0097,2025-01-30,926,6.22,USD,5759.72,fulfilled
PO002873,SUP0026,PRD0027,2024-11-26,288,1633.85,USD,470548.8,fulfilled
PO002874,SUP0039,PRD0114,2026-01-24,148,499.72,USD,73958.56,open
PO002875,SUP0015,PRD0072,2025-11-30,65,208.91,USD,13579.15,fulfilled
PO002876,SUP0031,PRD0044,2025-09-11,132,69.91,USD,9228.12,open
PO002877,SUP0008,PRD0020,2025-08-19,123,105.33,USD,12955.59,fulfilled
PO002878,SUP0019,PRD0141,2026-07-06,410,32.55,USD,13345.5,fulfilled
PO002879,SUP0019,PRD0103,2025-08-13,139,678.46,USD,94305.94,fulfilled
PO002880,SUP0007,PRD0018,2026-02-22,946,2926.84,USD,2768790.64,cancelled
PO002881,SUP0008,PRD0091,2024-11-28,261,170.71,USD,44555.31,fulfilled
PO002882,SUP0011,PRD0027,2024-09-26,776,127.4,USD,98862.4,fulfilled
PO002883,SUP0029,PRD0042,2026-01-25,454,137.39,USD,62375.06,open
PO002884,SUP0031,PRD0081,2025-04-21,155,233.26,USD,36155.3,fulfilled
PO002885,SUP0037,PRD0121,2026-03-04,615,9.23,USD,5676.45,open
PO002886,SUP0029,PRD0097,2025-08-29,203,1328.39,USD,269663.17,fulfilled
PO002887,SUP0012,PRD0028,2025-09-28,440,311.4,USD,137016.0,open
PO002888,SUP0029,PRD0137,2026-03-04,286,2.69,USD,769.34,fulfilled
PO002889,SUP0019,PRD0081,2025-11-27,73,3.16,USD,230.68,fulfilled
PO002890,SUP0018,PRD0141,2026-01-13,726,2.31,USD,1677.06,open
PO002891,SUP0030,PRD0141,2024-10-02,93,4.52,USD,420.36,fulfilled
PO002892,SUP0006,PRD0051,2025-10-25,1275,414.0,USD,527850.0,fulfilled
PO002893,SUP0017,PRD0091,2026-06-14,252,11.79,USD,2971.08,fulfilled
PO002894,SUP0028,PRD0017,2026-05-03,162,116.74,USD,18911.88,fulfilled
PO002895,SUP0026,PRD0109,2024-12-11,1223,659.73,USD,806849.79,fulfilled
PO002896,SUP0039,PRD0066,2025-07-20,158,283.22,USD,44748.76,fulfilled
PO002897,SUP0015,PRD0028,2026-03-22,49,442.22,USD,21668.78,fulfilled
PO002898,SUP0020,PRD0115,2024-09-16,202,128.6,USD,25977.2,fulfilled
PO002899,SUP0031,PRD0114,2026-07-10,38,7.53,USD,286.14,fulfilled
PO002900,SUP0040,PRD0111,2024-12-15,175,323.64,USD,56637.0,fulfilled
PO002901,SUP0025,PRD0063,2026-08-08,199,11.76,USD,2340.24,fulfilled
PO002902,SUP0028,PRD0093,2026-07-22,222,3409.5,USD,756909.0,fulfilled
PO002903,SUP0003,PRD0021,2025-12-19,86,52.41,USD,4507.26,fulfilled
PO002904,SUP0022,PRD0070,2026-08-17,254,405.09,USD,102892.86,fulfilled
PO002905,SUP0020,PRD0056,2025-09-27,241,68.64,USD,16542.24,fulfilled
PO002906,SUP0031,PRD0097,2026-05-10,64,2.35,USD,150.4,open
PO002907,SUP0015,PRD0111,2026-04-28,186,1445.55,USD,268872.3,fulfilled
PO002908,SUP0015,PRD0014,2025-12-16,107,36.29,USD,3883.03,open
PO002909,SUP0031,PRD0033,2024-10-25,731,1318.63,USD,963918.53,fulfilled
PO002910,SUP0019,PRD0094,2026-03-02,65,80.28,USD,5218.2,fulfilled
PO002911,SUP0019,PRD0072,2026-07-10,790,83.04,USD,65601.6,fulfilled
PO002912,SUP0017,PRD0148,2026-05-24,396,76.58,USD,30325.68,fulfilled
PO002913,SUP0036,PRD0141,2025-07-06,99,762.22,USD,75459.78,open
PO002914,SUP0021,PRD0062,2024-11-19,935,7.16,USD,6694.6,fulfilled
PO002915,SUP0004,PRD0103,2025-12-23,186,1774.65,USD,330084.9,fulfilled
PO002916,SUP0037,PRD0003,2025-11-09,49,10.18,USD,498.82,fulfilled
PO002917,SUP0019,PRD0142,2025-02-03,139,75.97,USD,10559.83,fulfilled
PO002918,SUP0036,PRD0009,2025-06-11,107,2.83,USD,302.81,fulfilled
PO002919,SUP0032,PRD0140,2025-09-08,258,5158.27,USD,1330833.66,fulfilled
PO002920,SUP0003,PRD0020,2025-06-02,212,2.31,USD,489.72,cancelled
PO002921,SUP0002,PRD0048,2026-04-23,211,2330.42,USD,491718.62,fulfilled
PO002922,SUP0025,PRD0144,2025-01-30,488,2.98,USD,1454.24,fulfilled
PO002923,SUP0009,PRD0069,2025-04-27,287,320.12,USD,91874.44,fulfilled
PO002924,SUP0026,PRD0104,2024-09-25,957,1839.72,USD,1760612.04,fulfilled
PO002925,SUP0019,PRD0048,2024-11-08,30,159.41,USD,4782.3,fulfilled
PO002926,SUP0007,PRD0135,2024-09-15,167,1822.3,USD,304324.1,fulfilled
PO002927,SUP0013,PRD0085,2026-07-09,455,1307.67,USD,594989.85,fulfilled
PO002928,SUP0038,PRD0074,2025-05-08,213,783.99,USD,166989.87,fulfilled
PO002929,SUP0039,PRD0023,2026-06-01,130,2527.02,USD,328512.6,fulfilled
PO002930,SUP0032,PRD0070,2025-12-03,177,61.77,USD,10933.29,fulfilled
PO002931,SUP0010,PRD0027,2025-04-01,855,2.97,USD,2539.35,fulfilled
PO002932,SUP0037,PRD0105,2025-12-21,142,65.58,USD,9312.36,fulfilled
PO002933,SUP0022,PRD0028,2026-05-11,313,4433.25,USD,1387607.25,fulfilled
PO002934,SUP0038,PRD0027,2025-10-04,197,391.72,USD,77168.84,fulfilled
PO002935,SUP0012,PRD0145,2026-05-17,258,8.43,USD,2174.94,fulfilled
PO002936,SUP0008,PRD0023,2024-11-21,146,2.47,USD,360.62,fulfilled
PO002937,SUP0034,PRD0066,2026-06-21,293,2.78,USD,814.54,fulfilled
PO002938,SUP0015,PRD0036,2024-11-12,106,6.65,USD,704.9,fulfilled
PO002939,SUP0034,PRD0078,2025-02-19,243,48.45,USD,11773.35,open
PO002940,SUP0013,PRD0145,2026-04-10,286,479.29,USD,137076.94,cancelled
PO002941,SUP0022,PRD0091,2025-01-17,213,734.28,USD,156401.64,fulfilled
PO002942,SUP0037,PRD0095,2025-06-18,161,2250.47,USD,362325.67,open
PO002943,SUP0019,PRD0104,2025-08-03,172,679.26,USD,116832.72,fulfilled
PO002944,SUP0023,PRD0051,2026-04-26,132,2049.58,USD,270544.56,fulfilled
PO002945,SUP0024,PRD0095,2026-02-15,256,380.34,USD,97367.04,cancelled
PO002946,SUP0013,PRD0026,2025-01-02,292,455.83,USD,133102.36,fulfilled
PO002947,SUP0020,PRD0141,2026-03-29,1069,2176.23,USD,2326389.87,fulfilled
PO002948,SUP0010,PRD0023,2025-08-07,139,19.0,USD,2641.0,fulfilled
PO002949,SUP0016,PRD0033,2026-07-01,99,38.67,USD,3828.33,open
PO002950,SUP0001,PRD0081,2025-06-09,56,10.43,USD,584.08,fulfilled
PO002951,SUP0032,PRD0055,2025-02-27,88,262.52,USD,23101.76,fulfilled
PO002952,SUP0012,PRD0012,2025-12-12,1077,1173.28,USD,1263622.56,fulfilled
PO002953,SUP0012,PRD0111,2026-05-11,262,489.7,USD,128301.4,fulfilled
PO002954,SUP0037,PRD0115,2025-01-23,24,303.03,USD,7272.72,cancelled
PO002955,SUP0012,PRD0071,2025-10-17,759,239.11,USD,181484.49,fulfilled
PO002956,SUP0004,PRD0117,2026-06-03,142,140.52,USD,19953.84,fulfilled
PO002957,SUP0028,PRD0070,2025-11-22,100,2370.76,USD,237076.0,fulfilled
PO002958,SUP0027,PRD0012,2025-05-15,313,1110.85,USD,347696.05,fulfilled
PO002959,SUP0001,PRD0012,2025-05-12,112,17.02,USD,1906.24,fulfilled
PO002960,SUP0003,PRD0019,2026-08-02,275,980.92,USD,269753.0,open
PO002961,SUP0008,PRD0140,2026-08-11,632,3769.66,USD,2382425.12,open
PO002962,SUP0036,PRD0064,2026-08-15,627,72.51,USD,45463.77,fulfilled
PO002963,SUP0036,PRD0055,2025-02-24,268,64.02,USD,17157.36,open
PO002964,SUP0036,PRD0044,2025-08-07,575,30.73,USD,17669.75,fulfilled
PO002965,SUP0023,PRD0105,2025-03-19,214,165.13,USD,35337.82,cancelled
PO002966,SUP0025,PRD0021,2025-10-11,377,599.8,USD,226124.6,fulfilled
PO002967,SUP0004,PRD0090,2024-10-01,195,141.07,USD,27508.65,open
PO002968,SUP0026,PRD0109,2025-12-30,241,503.16,USD,121261.56,open
PO002969,SUP0025,PRD0040,2026-02-28,156,883.06,USD,137757.36,fulfilled
PO002970,SUP0040,PRD0040,2025-06-06,852,3120.95,USD,2659049.4,fulfilled
PO002971,SUP0035,PRD0112,2025-12-12,601,16.5,USD,9916.5,fulfilled
PO002972,SUP0026,PRD0083,2026-01-28,108,65.36,USD,7058.88,fulfilled
PO002973,SUP0031,PRD0038,2026-05-09,381,13.34,USD,5082.54,fulfilled
PO002974,SUP0030,PRD0038,2025-09-04,282,1074.88,USD,303116.16,fulfilled
PO002975,SUP0016,PRD0020,2026-06-18,475,3684.82,USD,1750289.5,fulfilled
PO002976,SUP0019,PRD0071,2025-06-10,158,88.05,USD,13911.9,open
PO002977,SUP0011,PRD0054,2025-07-22,211,1616.37,USD,341054.07,fulfilled
PO002978,SUP0028,PRD0020,2025-12-14,798,12.86,USD,10262.28,fulfilled
PO002979,SUP0040,PRD0023,2026-08-20,372,706.54,USD,262832.88,cancelled
PO002980,SUP0016,PRD0109,2025-12-11,916,176.89,USD,162031.24,open
PO002981,SUP0026,PRD0004,2026-06-15,159,2777.81,USD,441671.79,fulfilled
PO002982,SUP0031,PRD0007,2025-09-12,95,2.39,USD,227.05,fulfilled
PO002983,SUP0005,PRD0095,2026-07-26,380,170.95,USD,64961.0,fulfilled
PO002984,SUP0037,PRD0075,2026-06-24,344,18.62,USD,6405.28,fulfilled
PO002985,SUP0032,PRD0121,2026-08-03,120,65.43,USD,7851.6,fulfilled
PO002986,SUP0032,PRD0012,2025-09-13,141,7458.29,USD,1051618.89,fulfilled
PO002987,SUP0009,PRD0122,2026-03-25,442,24.5,USD,10829.0,fulfilled
PO002988,SUP0025,PRD0007,2025-07-06,90,2.33,USD,209.7,fulfilled
PO002989,SUP0015,PRD0132,2026-05-31,90,1948.94,USD,175404.6,fulfilled
PO002990,SUP0017,PRD0042,2026-08-17,153,53.31,USD,8156.43,fulfilled
PO002991,SUP0030,PRD0048,2025-12-18,740,35.44,USD,26225.6,fulfilled
PO002992,SUP0003,PRD0023,2025-01-03,36,6.48,USD,233.28,fulfilled
PO002993,SUP0005,PRD0119,2025-01-24,268,5998.41,USD,1607573.88,open
PO002994,SUP0006,PRD0031,2024-12-22,534,2.4,USD,1281.6,fulfilled
PO002995,SUP0025,PRD0097,2025-03-02,314,644.56,USD,202391.84,fulfilled
PO002996,SUP0030,PRD0112,2024-09-20,93,1150.48,USD,106994.64,fulfilled
PO002997,SUP0013,PRD0015,2024-09-11,28,2.31,USD,64.68,open
PO002998,SUP0001,PRD0111,2026-07-23,386,227.76,USD,87915.36,cancelled
PO002999,SUP0032,PRD0075,2024-11-05,329,53.19,USD,17499.51,open
PO003000,SUP0036,PRD0111,2025-09-13,43,2.59,USD,111.37,fulfilled
PO003001,SUP0005,PRD0094,2025-08-23,95,1505.02,USD,142976.9,cancelled
PO003002,SUP0033,PRD0073,2026-07-06,186,39.5,USD,7347.0,cancelled
PO003003,SUP0026,PRD0105,2026-02-21,297,641.36,USD,190483.92,fulfilled
PO003004,SUP0023,PRD0066,2025-01-13,327,2.58,USD,843.66,fulfilled
PO003005,SUP0027,PRD0034,2024-11-15,53,67.18,USD,3560.54,fulfilled
PO003006,SUP0028,PRD0076,2025-07-02,528,2.31,USD,1219.68,fulfilled
PO003007,SUP0022,PRD0066,2026-04-06,155,16.25,USD,2518.75,fulfilled
PO003008,SUP0015,PRD0012,2025-01-26,393,46.1,USD,18117.3,fulfilled
PO003009,SUP0021,PRD0103,2026-08-11,735,1071.25,USD,787368.75,fulfilled
PO003010,SUP0010,PRD0072,2025-02-27,548,42.97,USD,23547.56,fulfilled
PO003011,SUP0025,PRD0133,2026-02-28,25,14.71,USD,367.75,open
PO003012,SUP0020,PRD0137,2025-11-01,115,49.16,USD,5653.4,fulfilled
PO003013,SUP0004,PRD0094,2026-02-28,100,8.68,USD,868.0,fulfilled
PO003014,SUP0036,PRD0132,2026-07-13,132,647.44,USD,85462.08,open
PO003015,SUP0008,PRD0057,2025-08-08,113,306.23,USD,34603.99,fulfilled
PO003016,SUP0003,PRD0102,2024-09-20,468,2217.35,USD,1037719.8,open
PO003017,SUP0024,PRD0147,2025-05-25,65,398.18,USD,25881.7,fulfilled
PO003018,SUP0020,PRD0058,2025-02-27,213,9.86,USD,2100.18,fulfilled
PO003019,SUP0007,PRD0028,2026-07-10,535,706.15,USD,377790.25,fulfilled
PO003020,SUP0007,PRD0012,2024-12-28,191,104.06,USD,19875.46,fulfilled
PO003021,SUP0010,PRD0057,2024-12-14,177,2.95,USD,522.15,fulfilled
PO003022,SUP0036,PRD0109,2026-04-17,502,87.16,USD,43754.32,fulfilled
PO003023,SUP0031,PRD0036,2025-10-13,410,1454.24,USD,596238.4,fulfilled
PO003024,SUP0009,PRD0053,2026-06-13,71,2.47,USD,175.37,fulfilled
PO003025,SUP0013,PRD0081,2025-07-05,54,9.78,USD,528.12,fulfilled
PO003026,SUP0019,PRD0112,2025-12-14,305,10.56,USD,3220.8,fulfilled
PO003027,SUP0035,PRD0055,2026-03-21,613,850.82,USD,521552.66,fulfilled
PO003028,SUP0025,PRD0072,2026-03-23,173,131.12,USD,22683.76,open
PO003029,SUP0013,PRD0095,2025-08-12,309,16.9,USD,5222.1,fulfilled
PO003030,SUP0035,PRD0052,2026-07-07,92,324.29,USD,29834.68,fulfilled
PO003031,SUP0012,PRD0093,2026-05-05,106,431.13,USD,45699.78,fulfilled
PO003032,SUP0032,PRD0117,2025-01-24,256,2.41,USD,616.96,fulfilled
PO003033,SUP0016,PRD0084,2026-03-26,278,44.45,USD,12357.1,fulfilled
PO003034,SUP0013,PRD0007,2024-11-12,305,6653.03,USD,2029174.15,cancelled
PO003035,SUP0023,PRD0017,2026-06-24,169,13.23,USD,2235.87,cancelled
PO003036,SUP0031,PRD0095,2025-12-07,156,74.56,USD,11631.36,fulfilled
PO003037,SUP0020,PRD0041,2026-01-31,543,1075.5,USD,583996.5,fulfilled
PO003038,SUP0040,PRD0133,2026-07-29,109,3.22,USD,350.98,fulfilled
PO003039,SUP0022,PRD0084,2026-07-09,34,34.27,USD,1165.18,fulfilled
PO003040,SUP0030,PRD0097,2025-04-08,499,18.23,USD,9096.77,fulfilled
PO003041,SUP0017,PRD0125,2025-12-30,141,2113.04,USD,297938.64,fulfilled
PO003042,SUP0013,PRD0041,2026-05-10,423,654.85,USD,277001.55,cancelled
PO003043,SUP0032,PRD0044,2026-05-25,40,27.86,USD,1114.4,fulfilled
PO003044,SUP0035,PRD0068,2025-12-31,399,238.05,USD,94981.95,fulfilled
PO003045,SUP0003,PRD0067,2026-01-22,231,1543.08,USD,356451.48,cancelled
PO003046,SUP0036,PRD0070,2025-01-01,579,533.69,USD,309006.51,fulfilled
PO003047,SUP0017,PRD0028,2026-01-26,505,3893.31,USD,1966121.55,open
PO003048,SUP0028,PRD0044,2025-01-20,221,307.95,USD,68056.95,open
PO003049,SUP0028,PRD0015,2026-09-01,231,2.31,USD,533.61,cancelled
PO003050,SUP0007,PRD0097,2025-01-04,122,1098.24,USD,133985.28,cancelled
PO003051,SUP0040,PRD0038,2025-09-22,569,27.12,USD,15431.28,fulfilled
PO003052,SUP0039,PRD0044,2024-12-21,178,2384.68,USD,424473.04,fulfilled
PO003053,SUP0019,PRD0049,2025-04-15,665,2.31,USD,1536.15,open
PO003054,SUP0016,PRD0124,2026-02-06,311,3671.38,USD,1141799.18,fulfilled
PO003055,SUP0029,PRD0139,2025-01-08,119,2952.6,USD,351359.4,fulfilled
PO003056,SUP0032,PRD0076,2025-10-18,332,1316.38,USD,437038.16,fulfilled
PO003057,SUP0033,PRD0070,2026-05-24,41,47.12,USD,1931.92,fulfilled
PO003058,SUP0023,PRD0132,2025-10-15,122,1729.59,USD,211009.98,open
PO003059,SUP0002,PRD0056,2026-03-19,53,306.29,USD,16233.37,fulfilled
PO003060,SUP0024,PRD0044,2024-10-13,276,3.33,USD,919.08,fulfilled
PO003061,SUP0005,PRD0110,2026-07-11,220,49.75,USD,10945.0,fulfilled
PO003062,SUP0002,PRD0148,2025-11-10,66,76.94,USD,5078.04,open
PO003063,SUP0039,PRD0032,2026-04-13,122,569.0,USD,69418.0,open
PO003064,SUP0014,PRD0090,2024-10-24,64,511.61,USD,32743.04,fulfilled
PO003065,SUP0019,PRD0091,2025-02-23,115,2.39,USD,274.85,fulfilled
PO003066,SUP0004,PRD0093,2026-03-08,76,3.6,USD,273.6,fulfilled
PO003067,SUP0025,PRD0100,2026-06-23,349,28.25,USD,9859.25,cancelled
PO003068,SUP0011,PRD0054,2026-03-21,255,1481.11,USD,377683.05,fulfilled
PO003069,SUP0015,PRD0144,2025-07-07,139,380.68,USD,52914.52,fulfilled
PO003070,SUP0015,PRD0100,2025-06-07,68,1583.07,USD,107648.76,fulfilled
PO003071,SUP0017,PRD0124,2025-05-25,44,340.63,USD,14987.72,fulfilled
PO003072,SUP0022,PRD0056,2024-09-16,217,2.34,USD,507.78,fulfilled
PO003073,SUP0032,PRD0114,2026-01-25,1362,4.22,USD,5747.64,fulfilled
PO003074,SUP0009,PRD0112,2026-01-03,488,1090.98,USD,532398.24,fulfilled
PO003075,SUP0025,PRD0094,2025-04-09,227,8.65,USD,1963.55,fulfilled
PO003076,SUP0026,PRD0128,2024-09-13,251,24.77,USD,6217.27,fulfilled
PO003077,SUP0032,PRD0091,2025-03-30,144,71.13,USD,10242.72,fulfilled
PO003078,SUP0016,PRD0134,2025-08-19,389,15.11,USD,5877.79,fulfilled
PO003079,SUP0008,PRD0112,2025-07-02,527,13.74,USD,7240.98,open
PO003080,SUP0040,PRD0028,2025-05-19,444,5.41,USD,2402.04,fulfilled
PO003081,SUP0025,PRD0017,2026-08-30,27,953.78,USD,25752.06,open
PO003082,SUP0009,PRD0045,2026-01-15,39,3.24,USD,126.36,fulfilled
PO003083,SUP0019,PRD0016,2025-11-29,1019,263.42,USD,268424.98,fulfilled
PO003084,SUP0031,PRD0085,2026-07-14,153,3106.86,USD,475349.58,fulfilled
PO003085,SUP0038,PRD0056,2025-01-14,280,480.33,USD,134492.4,fulfilled
PO003086,SUP0003,PRD0024,2026-01-02,518,22.04,USD,11416.72,open
PO003087,SUP0032,PRD0075,2026-01-31,130,30.96,USD,4024.8,open
PO003088,SUP0011,PRD0095,2025-02-01,433,3569.0,USD,1545377.0,open
PO003089,SUP0009,PRD0137,2025-12-13,183,2780.94,USD,508912.02,fulfilled
PO003090,SUP0020,PRD0066,2024-11-11,88,583.5,USD,51348.0,fulfilled
PO003091,SUP0035,PRD0130,2025-05-19,101,13.58,USD,1371.58,fulfilled
PO003092,SUP0037,PRD0134,2026-03-14,217,39.89,USD,8656.13,open
PO003093,SUP0010,PRD0097,2025-03-06,383,18.13,USD,6943.79,fulfilled
PO003094,SUP0029,PRD0122,2025-01-30,360,537.95,USD,193662.0,fulfilled
PO003095,SUP0026,PRD0093,2025-02-12,232,31.39,USD,7282.48,fulfilled
PO003096,SUP0019,PRD0141,2026-04-17,387,158.35,USD,61281.45,fulfilled
PO003097,SUP0005,PRD0141,2026-07-09,1298,1538.96,USD,1997570.08,fulfilled
PO003098,SUP0012,PRD0037,2024-11-15,220,1241.19,USD,273061.8,fulfilled
PO003099,SUP0026,PRD0033,2026-01-10,309,385.02,USD,118971.18,fulfilled
PO003100,SUP0008,PRD0078,2025-04-09,188,957.58,USD,180025.04,fulfilled
PO003101,SUP0004,PRD0052,2025-12-11,674,93.57,USD,63066.18,cancelled
PO003102,SUP0028,PRD0016,2026-05-09,337,262.16,USD,88347.92,fulfilled
PO003103,SUP0027,PRD0112,2025-08-26,160,11.21,USD,1793.6,fulfilled
PO003104,SUP0001,PRD0079,2026-08-15,885,10.5,USD,9292.5,fulfilled
PO003105,SUP0019,PRD0114,2026-01-30,462,3.23,USD,1492.26,fulfilled
PO003106,SUP0008,PRD0136,2026-08-09,519,1824.59,USD,946962.21,fulfilled
PO003107,SUP0030,PRD0055,2026-08-11,486,3377.73,USD,1641576.78,open
PO003108,SUP0009,PRD0028,2026-08-06,350,5888.95,USD,2061132.5,fulfilled
PO003109,SUP0002,PRD0093,2025-03-02,186,4089.22,USD,760594.92,fulfilled
PO003110,SUP0009,PRD0090,2024-10-05,25,4.11,USD,102.75,open
PO003111,SUP0035,PRD0066,2026-03-19,473,3.92,USD,1854.16,cancelled
PO003112,SUP0032,PRD0034,2024-10-05,270,2.78,USD,750.6,fulfilled
PO003113,SUP0026,PRD0021,2025-11-04,750,302.77,USD,227077.5,fulfilled
PO003114,SUP0019,PRD0016,2024-09-19,511,41.18,USD,21042.98,fulfilled
PO003115,SUP0034,PRD0064,2024-10-10,1922,293.13,USD,563395.86,fulfilled
PO003116,SUP0040,PRD0114,2026-01-07,88,2642.35,USD,232526.8,fulfilled
PO003117,SUP0025,PRD0134,2026-05-04,113,5206.91,USD,588380.83,open
PO003118,SUP0038,PRD0058,2025-10-27,1057,87.23,USD,92202.11,fulfilled
PO003119,SUP0019,PRD0084,2025-06-05,359,2.5,USD,897.5,cancelled
PO003120,SUP0005,PRD0136,2025-08-18,113,2.39,USD,270.07,open
PO003121,SUP0034,PRD0010,2026-01-04,978,2.96,USD,2894.88,fulfilled
PO003122,SUP0021,PRD0141,2025-12-28,151,1187.6,USD,179327.6,open
PO003123,SUP0024,PRD0091,2025-01-31,114,29.95,USD,3414.3,fulfilled
PO003124,SUP0012,PRD0024,2024-10-06,939,29.75,USD,27935.25,fulfilled
PO003125,SUP0026,PRD0132,2024-11-14,226,127.31,USD,28772.06,fulfilled
PO003126,SUP0024,PRD0078,2025-01-21,42,787.81,USD,33088.02,fulfilled
PO003127,SUP0040,PRD0104,2025-04-27,235,2.48,USD,582.8,fulfilled
PO003128,SUP0013,PRD0109,2024-09-15,63,1021.83,USD,64375.29,cancelled
PO003129,SUP0015,PRD0040,2025-08-11,43,691.87,USD,29750.41,fulfilled
PO003130,SUP0010,PRD0097,2025-05-02,136,2408.23,USD,327519.28,fulfilled
PO003131,SUP0013,PRD0135,2025-05-04,316,343.94,USD,108685.04,fulfilled
PO003132,SUP0019,PRD0008,2026-03-14,473,94.16,USD,44537.68,fulfilled
PO003133,SUP0023,PRD0078,2026-01-05,534,423.32,USD,226052.88,fulfilled
PO003134,SUP0010,PRD0044,2024-10-16,606,3.16,USD,1914.96,fulfilled
PO003135,SUP0026,PRD0139,2024-11-07,253,57.21,USD,14474.13,fulfilled
PO003136,SUP0031,PRD0097,2026-06-27,42,1592.62,USD,66890.04,fulfilled
PO003137,SUP0005,PRD0048,2025-10-24,52,1681.36,USD,87430.72,open
PO003138,SUP0040,PRD0048,2026-04-08,60,21.91,USD,1314.6,fulfilled
PO003139,SUP0012,PRD0085,2026-03-02,338,1370.59,USD,463259.42,fulfilled
PO003140,SUP0034,PRD0108,2026-06-06,174,16.16,USD,2811.84,fulfilled
PO003141,SUP0032,PRD0012,2026-01-27,308,4520.25,USD,1392237.0,fulfilled
PO003142,SUP0026,PRD0018,2025-11-19,354,639.31,USD,226315.74,cancelled
PO003143,SUP0012,PRD0064,2025-08-22,235,1076.3,USD,252930.5,fulfilled
PO003144,SUP0019,PRD0115,2026-07-18,558,508.63,USD,283815.54,fulfilled
PO003145,SUP0019,PRD0133,2026-07-08,266,8.82,USD,2346.12,fulfilled
PO003146,SUP0035,PRD0147,2025-10-08,71,365.9,USD,25978.9,fulfilled
PO003147,SUP0012,PRD0147,2026-02-04,245,191.55,USD,46929.75,fulfilled
PO003148,SUP0019,PRD0057,2024-10-08,665,11.9,USD,7913.5,fulfilled
PO003149,SUP0020,PRD0091,2024-10-10,390,93.45,USD,36445.5,fulfilled
PO003150,SUP0010,PRD0143,2025-04-23,69,1128.01,USD,77832.69,fulfilled
PO003151,SUP0009,PRD0091,2025-03-17,336,177.51,USD,59643.36,fulfilled
PO003152,SUP0031,PRD0114,2026-08-02,785,47.07,USD,36949.95,fulfilled
PO003153,SUP0031,PRD0106,2025-12-17,161,28.69,USD,4619.09,fulfilled
PO003154,SUP0040,PRD0089,2026-03-09,528,59.48,USD,31405.44,open
PO003155,SUP0021,PRD0102,2025-02-07,181,66.84,USD,12098.04,open
PO003156,SUP0005,PRD0133,2026-03-11,632,534.83,USD,338012.56,fulfilled
PO003157,SUP0022,PRD0082,2026-04-23,568,2648.07,USD,1504103.76,fulfilled
PO003158,SUP0021,PRD0065,2025-03-23,427,184.29,USD,78691.83,fulfilled
PO003159,SUP0028,PRD0135,2026-03-17,401,465.06,USD,186489.06,fulfilled
PO003160,SUP0036,PRD0124,2024-11-29,409,200.77,USD,82114.93,fulfilled
PO003161,SUP0008,PRD0040,2026-05-01,76,611.04,USD,46439.04,fulfilled
PO003162,SUP0010,PRD0147,2025-09-18,797,155.11,USD,123622.67,fulfilled
PO003163,SUP0006,PRD0106,2024-12-06,297,492.5,USD,146272.5,open
PO003164,SUP0015,PRD0035,2025-06-24,182,18.47,USD,3361.54,fulfilled
PO003165,SUP0036,PRD0147,2026-02-14,512,4382.65,USD,2243916.8,fulfilled
PO003166,SUP0018,PRD0005,2025-12-17,71,2.32,USD,164.72,fulfilled
PO003167,SUP0022,PRD0135,2025-01-02,493,29.16,USD,14375.88,open
PO003168,SUP0040,PRD0068,2024-11-09,96,6331.19,USD,607794.24,fulfilled
PO003169,SUP0039,PRD0078,2024-09-19,28,115.32,USD,3228.96,fulfilled
PO003170,SUP0021,PRD0023,2026-08-03,369,3614.98,USD,1333927.62,fulfilled
PO003171,SUP0017,PRD0017,2026-06-02,186,251.5,USD,46779.0,fulfilled
PO003172,SUP0036,PRD0079,2024-10-21,504,333.94,USD,168305.76,fulfilled
PO003173,SUP0008,PRD0136,2025-02-01,162,2377.87,USD,385214.94,fulfilled
PO003174,SUP0026,PRD0141,2025-04-04,348,4905.85,USD,1707235.8,fulfilled
PO003175,SUP0026,PRD0148,2026-04-18,394,907.41,USD,357519.54,fulfilled
PO003176,SUP0030,PRD0019,2025-12-26,306,864.11,USD,264417.66,fulfilled
PO003177,SUP0012,PRD0041,2025-12-20,561,2.32,USD,1301.52,fulfilled
PO003178,SUP0001,PRD0112,2026-06-24,66,318.99,USD,21053.34,fulfilled
PO003179,SUP0028,PRD0015,2025-03-18,236,1031.52,USD,243438.72,open
PO003180,SUP0034,PRD0083,2026-02-01,298,2.66,USD,792.68,cancelled
PO003181,SUP0020,PRD0105,2025-09-04,348,3.1,USD,1078.8,fulfilled
PO003182,SUP0038,PRD0044,2026-02-21,140,2621.16,USD,366962.4,fulfilled
PO003183,SUP0012,PRD0120,2026-02-20,355,3.01,USD,1068.55,fulfilled
PO003184,SUP0019,PRD0091,2025-02-26,182,482.53,USD,87820.46,fulfilled
PO003185,SUP0029,PRD0103,2025-01-23,311,4.13,USD,1284.43,fulfilled
PO003186,SUP0015,PRD0141,2026-02-09,127,2.33,USD,295.91,fulfilled
PO003187,SUP0010,PRD0136,2025-07-04,190,28.73,USD,5458.7,fulfilled
PO003188,SUP0025,PRD0070,2026-01-28,716,1055.68,USD,755866.88,fulfilled
PO003189,SUP0026,PRD0070,2025-09-25,267,35.49,USD,9475.83,fulfilled
PO003190,SUP0008,PRD0016,2026-08-15,165,2.59,USD,427.35,fulfilled
PO003191,SUP0030,PRD0119,2024-12-05,643,20.95,USD,13470.85,fulfilled
PO003192,SUP0039,PRD0066,2025-07-09,217,58.48,USD,12690.16,fulfilled
PO003193,SUP0016,PRD0036,2025-07-26,214,36.19,USD,7744.66,open
PO003194,SUP0026,PRD0037,2025-07-10,103,682.9,USD,70338.7,open
PO003195,SUP0028,PRD0078,2025-09-28,32,599.68,USD,19189.76,fulfilled
PO003196,SUP0001,PRD0095,2025-06-15,33,22.24,USD,733.92,fulfilled
PO003197,SUP0030,PRD0091,2026-02-15,242,3.32,USD,803.44,fulfilled
PO003198,SUP0022,PRD0082,2025-02-17,127,27.96,USD,3550.92,open
PO003199,SUP0031,PRD0066,2025-03-03,111,12.03,USD,1335.33,open
PO003200,SUP0022,PRD0132,2025-11-01,846,1155.86,USD,977857.56,fulfilled
PO003201,SUP0037,PRD0122,2024-12-25,108,32.34,USD,3492.72,fulfilled
PO003202,SUP0002,PRD0001,2025-02-12,499,93.0,USD,46407.0,open
PO003203,SUP0006,PRD0122,2026-02-08,63,12.22,USD,769.86,fulfilled
PO003204,SUP0006,PRD0091,2026-07-26,282,449.6,USD,126787.2,fulfilled
PO003205,SUP0028,PRD0067,2026-07-20,70,375.58,USD,26290.6,fulfilled
PO003206,SUP0022,PRD0112,2025-10-31,229,358.02,USD,81986.58,fulfilled
PO003207,SUP0002,PRD0121,2026-02-08,276,325.66,USD,89882.16,fulfilled
PO003208,SUP0026,PRD0041,2024-12-04,142,8.58,USD,1218.36,fulfilled
PO003209,SUP0020,PRD0010,2024-12-15,58,22.17,USD,1285.86,fulfilled
PO003210,SUP0012,PRD0114,2025-01-19,334,3726.59,USD,1244681.06,fulfilled
PO003211,SUP0013,PRD0084,2025-02-25,186,2.31,USD,429.66,fulfilled
PO003212,SUP0025,PRD0062,2026-04-01,990,42.59,USD,42164.1,fulfilled
PO003213,SUP0023,PRD0089,2024-11-11,318,4.26,USD,1354.68,fulfilled
PO003214,SUP0007,PRD0150,2024-10-27,284,1206.36,USD,342606.24,open
PO003215,SUP0014,PRD0089,2025-07-16,373,3147.28,USD,1173935.44,open
PO003216,SUP0016,PRD0086,2026-08-19,39,2.89,USD,112.71,fulfilled
PO003217,SUP0005,PRD0117,2025-05-14,38,19.54,USD,742.52,fulfilled
PO003218,SUP0040,PRD0060,2025-08-09,131,2.31,USD,302.61,fulfilled
PO003219,SUP0015,PRD0032,2025-12-19,222,91.08,USD,20219.76,fulfilled
PO003220,SUP0033,PRD0132,2025-05-04,129,5.71,USD,736.59,fulfilled
PO003221,SUP0009,PRD0076,2026-04-25,360,11.2,USD,4032.0,fulfilled
PO003222,SUP0037,PRD0028,2026-04-01,505,3385.24,USD,1709546.2,open
PO003223,SUP0002,PRD0081,2025-04-20,172,105.97,USD,18226.84,fulfilled
PO003224,SUP0036,PRD0111,2026-06-08,165,237.36,USD,39164.4,fulfilled
PO003225,SUP0019,PRD0128,2026-07-10,356,29.18,USD,10388.08,fulfilled
PO003226,SUP0036,PRD0109,2025-01-05,79,10.0,USD,790.0,open
PO003227,SUP0019,PRD0005,2025-08-27,349,2.96,USD,1033.04,cancelled
PO003228,SUP0027,PRD0066,2025-10-31,42,39.51,USD,1659.42,fulfilled
PO003229,SUP0010,PRD0091,2026-07-01,655,2.68,USD,1755.4,fulfilled
PO003230,SUP0011,PRD0133,2025-04-16,542,788.55,USD,427394.1,fulfilled
PO003231,SUP0013,PRD0097,2026-08-04,408,347.06,USD,141600.48,fulfilled
PO003232,SUP0025,PRD0128,2025-06-27,225,259.08,USD,58293.0,fulfilled
PO003233,SUP0007,PRD0105,2026-07-28,44,67.66,USD,2977.04,fulfilled
PO003234,SUP0025,PRD0083,2025-05-17,217,247.36,USD,53677.12,fulfilled
PO003235,SUP0037,PRD0147,2025-07-21,198,1223.59,USD,242270.82,fulfilled
PO003236,SUP0020,PRD0040,2026-07-24,635,291.76,USD,185267.6,fulfilled
PO003237,SUP0008,PRD0016,2026-04-14,142,3068.39,USD,435711.38,fulfilled
PO003238,SUP0007,PRD0094,2024-12-09,79,90.04,USD,7113.16,fulfilled
PO003239,SUP0035,PRD0137,2026-03-16,410,122.61,USD,50270.1,fulfilled
PO003240,SUP0011,PRD0051,2025-10-03,363,27.77,USD,10080.51,fulfilled
PO003241,SUP0010,PRD0009,2025-12-30,344,934.04,USD,321309.76,fulfilled
PO003242,SUP0011,PRD0091,2024-11-28,64,2118.49,USD,135583.36,open
PO003243,SUP0001,PRD0136,2026-05-05,98,2.69,USD,263.62,fulfilled
PO003244,SUP0028,PRD0007,2024-12-31,120,3.69,USD,442.8,fulfilled
PO003245,SUP0037,PRD0001,2025-04-11,619,19.42,USD,12020.98,fulfilled
PO003246,SUP0039,PRD0141,2026-08-07,595,674.7,USD,401446.5,open
PO003247,SUP0031,PRD0130,2024-10-12,269,47.85,USD,12871.65,open
PO003248,SUP0014,PRD0100,2025-05-30,239,1246.7,USD,297961.3,cancelled
PO003249,SUP0009,PRD0064,2026-05-22,106,2.42,USD,256.52,fulfilled
PO003250,SUP0026,PRD0130,2026-08-19,86,69.89,USD,6010.54,fulfilled
PO003251,SUP0027,PRD0078,2025-07-04,185,68.94,USD,12753.9,fulfilled
PO003252,SUP0031,PRD0041,2024-09-19,558,4.01,USD,2237.58,fulfilled
PO003253,SUP0008,PRD0081,2025-10-03,209,341.63,USD,71400.67,fulfilled
PO003254,SUP0013,PRD0074,2025-09-22,116,3642.67,USD,422549.72,fulfilled
PO003255,SUP0010,PRD0091,2026-07-14,341,378.59,USD,129099.19,open
PO003256,SUP0030,PRD0091,2026-06-02,104,518.3,USD,53903.2,fulfilled
PO003257,SUP0002,PRD0016,2025-05-21,202,1037.8,USD,209635.6,fulfilled
PO003258,SUP0037,PRD0005,2025-01-08,114,2.53,USD,288.42,fulfilled
PO003259,SUP0017,PRD0133,2026-04-12,644,1939.68,USD,1249153.92,fulfilled
PO003260,SUP0016,PRD0103,2025-01-16,221,40.01,USD,8842.21,fulfilled
PO003261,SUP0024,PRD0058,2026-04-03,216,115.47,USD,24941.52,fulfilled
PO003262,SUP0039,PRD0133,2026-02-22,354,2.35,USD,831.9,fulfilled
PO003263,SUP0019,PRD0066,2026-06-02,265,2.31,USD,612.15,fulfilled
PO003264,SUP0015,PRD0062,2025-03-20,1340,11.97,USD,16039.8,fulfilled
PO003265,SUP0017,PRD0020,2024-11-09,192,46.31,USD,8891.52,fulfilled
PO003266,SUP0019,PRD0105,2026-07-29,105,5.31,USD,557.55,fulfilled
PO003267,SUP0014,PRD0048,2025-08-14,30,2.37,USD,71.1,fulfilled
PO003268,SUP0006,PRD0125,2026-07-04,53,750.83,USD,39793.99,fulfilled
PO003269,SUP0001,PRD0118,2025-06-30,161,6.03,USD,970.83,fulfilled
PO003270,SUP0038,PRD0141,2025-01-21,1088,6.42,USD,6984.96,cancelled
PO003271,SUP0012,PRD0137,2025-03-12,136,5.19,USD,705.84,fulfilled
PO003272,SUP0004,PRD0015,2026-06-17,43,10.5,USD,451.5,open
PO003273,SUP0005,PRD0042,2026-02-03,500,1009.21,USD,504605.0,fulfilled
PO003274,SUP0007,PRD0020,2025-04-30,152,252.54,USD,38386.08,fulfilled
PO003275,SUP0037,PRD0095,2025-04-23,101,16.17,USD,1633.17,fulfilled
PO003276,SUP0006,PRD0026,2025-01-17,119,528.63,USD,62906.97,cancelled
PO003277,SUP0009,PRD0079,2025-06-10,117,2.48,USD,290.16,fulfilled
PO003278,SUP0010,PRD0032,2025-05-06,573,124.04,USD,71074.92,fulfilled
PO003279,SUP0025,PRD0037,2025-12-04,263,148.69,USD,39105.47,open
PO003280,SUP0035,PRD0114,2026-03-20,115,44.3,USD,5094.5,fulfilled
PO003281,SUP0018,PRD0079,2025-06-13,333,408.87,USD,136153.71,open
PO003282,SUP0012,PRD0010,2025-03-16,192,8.18,USD,1570.56,fulfilled
PO003283,SUP0029,PRD0017,2026-01-21,320,5.2,USD,1664.0,cancelled
PO003284,SUP0001,PRD0064,2024-11-02,289,1311.5,USD,379023.5,fulfilled
PO003285,SUP0031,PRD0146,2026-03-23,48,2236.97,USD,107374.56,fulfilled
PO003286,SUP0021,PRD0081,2026-08-30,386,1678.81,USD,648020.66,fulfilled
PO003287,SUP0010,PRD0114,2024-09-29,245,4824.0,USD,1181880.0,open
PO003288,SUP0031,PRD0136,2026-01-23,110,2.65,USD,291.5,fulfilled
PO003289,SUP0019,PRD0081,2024-10-29,50,794.08,USD,39704.0,fulfilled
PO003290,SUP0018,PRD0132,2026-04-23,882,40.72,USD,35915.04,fulfilled
PO003291,SUP0025,PRD0077,2025-07-28,199,608.86,USD,121163.14,fulfilled
PO003292,SUP0012,PRD0048,2026-08-13,170,21.59,USD,3670.3,fulfilled
PO003293,SUP0030,PRD0064,2025-02-21,127,341.64,USD,43388.28,fulfilled
PO003294,SUP0021,PRD0095,2025-07-26,266,4670.66,USD,1242395.56,open
PO003295,SUP0034,PRD0010,2024-12-07,207,54.49,USD,11279.43,fulfilled
PO003296,SUP0014,PRD0035,2026-06-06,118,233.95,USD,27606.1,fulfilled
PO003297,SUP0026,PRD0025,2026-08-16,255,79.07,USD,20162.85,fulfilled
PO003298,SUP0030,PRD0052,2024-10-10,394,360.57,USD,142064.58,fulfilled
PO003299,SUP0018,PRD0102,2025-06-11,763,658.37,USD,502336.31,fulfilled
PO003300,SUP0036,PRD0040,2026-08-17,343,2.87,USD,984.41,fulfilled
PO003301,SUP0028,PRD0133,2024-11-06,305,7458.29,USD,2274778.45,cancelled
PO003302,SUP0005,PRD0052,2024-11-21,310,7.19,USD,2228.9,fulfilled
PO003303,SUP0030,PRD0114,2026-04-02,99,3397.42,USD,336344.58,fulfilled
PO003304,SUP0032,PRD0015,2024-12-10,403,3484.68,USD,1404326.04,fulfilled
PO003305,SUP0030,PRD0081,2026-01-05,224,2.81,USD,629.44,fulfilled
PO003306,SUP0001,PRD0147,2025-10-13,384,511.54,USD,196431.36,fulfilled
PO003307,SUP0030,PRD0058,2026-08-26,786,4233.04,USD,3327169.44,open
PO003308,SUP0008,PRD0056,2025-02-12,770,741.86,USD,571232.2,open
PO003309,SUP0036,PRD0038,2025-07-21,182,34.41,USD,6262.62,fulfilled
PO003310,SUP0031,PRD0081,2026-08-30,226,4058.98,USD,917329.48,open
PO003311,SUP0006,PRD0137,2025-03-06,153,255.29,USD,39059.37,open
PO003312,SUP0034,PRD0133,2025-06-09,65,4043.77,USD,262845.05,cancelled
PO003313,SUP0022,PRD0092,2024-11-30,293,1216.75,USD,356507.75,fulfilled
PO003314,SUP0039,PRD0079,2025-12-16,110,1461.76,USD,160793.6,fulfilled
PO003315,SUP0027,PRD0148,2024-09-07,660,74.32,USD,49051.2,fulfilled
PO003316,SUP0008,PRD0042,2026-04-16,496,268.44,USD,133146.24,fulfilled
PO003317,SUP0010,PRD0066,2025-03-29,111,4229.31,USD,469453.41,fulfilled
PO003318,SUP0020,PRD0109,2025-07-17,118,493.1,USD,58185.8,fulfilled
PO003319,SUP0010,PRD0054,2026-03-12,73,2.55,USD,186.15,fulfilled
PO003320,SUP0029,PRD0020,2026-07-12,50,190.79,USD,9539.5,fulfilled
PO003321,SUP0037,PRD0120,2024-10-08,325,503.3,USD,163572.5,open
PO003322,SUP0035,PRD0040,2025-01-01,613,566.0,USD,346958.0,open
PO003323,SUP0002,PRD0142,2025-09-16,282,1115.28,USD,314508.96,open
PO003324,SUP0020,PRD0012,2026-01-11,196,608.49,USD,119264.04,fulfilled
PO003325,SUP0026,PRD0097,2024-10-25,231,5.01,USD,1157.31,open
PO003326,SUP0030,PRD0009,2026-05-06,140,57.01,USD,7981.4,open
PO003327,SUP0020,PRD0066,2025-04-23,241,299.93,USD,72283.13,open
PO003328,SUP0038,PRD0147,2026-07-09,44,720.77,USD,31713.88,fulfilled
PO003329,SUP0026,PRD0132,2026-04-30,152,5.05,USD,767.6,fulfilled
PO003330,SUP0019,PRD0122,2026-03-30,1266,26.97,USD,34144.02,fulfilled
PO003331,SUP0003,PRD0104,2025-03-03,40,26.21,USD,1048.4,open
PO003332,SUP0007,PRD0003,2025-12-11,409,44.8,USD,18323.2,fulfilled
PO003333,SUP0021,PRD0049,2026-01-03,436,1507.93,USD,657457.48,open
PO003334,SUP0039,PRD0048,2026-05-26,362,16.69,USD,6041.78,open
PO003335,SUP0030,PRD0023,2025-03-16,36,261.6,USD,9417.6,fulfilled
PO003336,SUP0005,PRD0051,2024-10-17,92,5.27,USD,484.84,fulfilled
PO003337,SUP0040,PRD0132,2025-06-28,373,129.62,USD,48348.26,fulfilled
PO003338,SUP0021,PRD0072,2025-01-10,116,1323.92,USD,153574.72,fulfilled
PO003339,SUP0030,PRD0071,2025-06-17,448,909.85,USD,407612.8,fulfilled
PO003340,SUP0035,PRD0048,2026-05-06,103,14.98,USD,1542.94,open
PO003341,SUP0033,PRD0134,2025-06-09,267,77.62,USD,20724.54,fulfilled
PO003342,SUP0002,PRD0037,2026-02-06,458,106.99,USD,49001.42,fulfilled
PO003343,SUP0034,PRD0010,2025-07-21,46,1556.57,USD,71602.22,fulfilled
PO003344,SUP0002,PRD0040,2025-06-13,192,112.11,USD,21525.12,open
PO003345,SUP0001,PRD0079,2026-08-22,188,2.31,USD,434.28,open
PO003346,SUP0012,PRD0064,2025-11-17,428,25.74,USD,11016.72,fulfilled
PO003347,SUP0007,PRD0074,2025-07-05,151,400.78,USD,60517.78,fulfilled
PO003348,SUP0014,PRD0040,2025-05-19,126,2.31,USD,291.06,fulfilled
PO003349,SUP0003,PRD0021,2025-01-15,156,50.52,USD,7881.12,cancelled
PO003350,SUP0040,PRD0097,2026-05-29,170,785.84,USD,133592.8,fulfilled
PO003351,SUP0008,PRD0147,2025-01-12,61,1176.46,USD,71764.06,fulfilled
PO003352,SUP0021,PRD0003,2025-12-08,184,667.05,USD,122737.2,cancelled
PO003353,SUP0030,PRD0147,2024-12-10,131,7.52,USD,985.12,fulfilled
PO003354,SUP0007,PRD0073,2025-10-01,101,2479.06,USD,250385.06,fulfilled
PO003355,SUP0039,PRD0075,2024-10-29,150,16.92,USD,2538.0,cancelled
PO003356,SUP0004,PRD0136,2025-06-02,196,34.51,USD,6763.96,fulfilled
PO003357,SUP0019,PRD0143,2026-06-22,335,948.82,USD,317854.7,cancelled
PO003358,SUP0031,PRD0012,2025-10-06,125,3424.18,USD,428022.5,fulfilled
PO003359,SUP0010,PRD0051,2026-06-30,523,1289.43,USD,674371.89,fulfilled
PO003360,SUP0031,PRD0142,2026-03-20,277,59.65,USD,16523.05,fulfilled
PO003361,SUP0020,PRD0055,2026-01-18,441,264.12,USD,116476.92,open
PO003362,SUP0006,PRD0040,2026-04-10,287,84.16,USD,24153.92,fulfilled
PO003363,SUP0026,PRD0058,2024-12-07,212,337.95,USD,71645.4,fulfilled
PO003364,SUP0031,PRD0066,2025-01-23,110,2.31,USD,254.1,fulfilled
PO003365,SUP0026,PRD0082,2026-01-08,324,997.96,USD,323339.04,open
PO003366,SUP0005,PRD0056,2026-03-24,100,5514.7,USD,551470.0,fulfilled
PO003367,SUP0033,PRD0040,2025-01-31,232,112.07,USD,26000.24,fulfilled
PO003368,SUP0001,PRD0057,2025-06-26,319,6.2,USD,1977.8,fulfilled
PO003369,SUP0023,PRD0077,2026-02-15,71,545.02,USD,38696.42,fulfilled
PO003370,SUP0030,PRD0150,2025-09-21,155,1517.61,USD,235229.55,fulfilled
PO003371,SUP0019,PRD0079,2025-06-01,99,550.06,USD,54455.94,open
PO003372,SUP0005,PRD0065,2026-03-21,401,17.6,USD,7057.6,open
PO003373,SUP0036,PRD0082,2024-12-26,140,3840.87,USD,537721.8,open
PO003374,SUP0026,PRD0062,2024-10-16,339,2.92,USD,989.88,open
PO003375,SUP0031,PRD0114,2025-03-27,321,556.07,USD,178498.47,fulfilled
PO003376,SUP0006,PRD0122,2025-11-19,56,2.65,USD,148.4,fulfilled
PO003377,SUP0037,PRD0040,2026-07-01,486,343.16,USD,166775.76,fulfilled
PO003378,SUP0033,PRD0030,2025-08-26,322,2.31,USD,743.82,fulfilled
PO003379,SUP0028,PRD0118,2025-06-07,860,2.56,USD,2201.6,fulfilled
PO003380,SUP0032,PRD0070,2025-04-15,226,1457.94,USD,329494.44,fulfilled
PO003381,SUP0032,PRD0040,2026-04-01,298,220.22,USD,65625.56,fulfilled
PO003382,SUP0033,PRD0032,2025-11-08,172,838.88,USD,144287.36,fulfilled
PO003383,SUP0019,PRD0133,2026-05-21,518,98.6,USD,51074.8,fulfilled
PO003384,SUP0008,PRD0038,2025-05-08,136,77.03,USD,10476.08,fulfilled
PO003385,SUP0019,PRD0122,2025-02-03,105,61.94,USD,6503.7,fulfilled
PO003386,SUP0015,PRD0020,2024-10-03,318,2436.82,USD,774908.76,cancelled
PO003387,SUP0039,PRD0112,2026-02-24,249,2935.64,USD,730974.36,open
PO003388,SUP0021,PRD0091,2025-04-28,219,1566.75,USD,343118.25,open
PO003389,SUP0026,PRD0081,2025-07-23,151,1180.67,USD,178281.17,open
PO003390,SUP0035,PRD0010,2025-12-09,134,122.05,USD,16354.7,cancelled
PO003391,SUP0031,PRD0062,2025-07-16,178,4084.3,USD,727005.4,fulfilled
PO003392,SUP0020,PRD0136,2025-11-20,179,489.83,USD,87679.57,fulfilled
PO003393,SUP0027,PRD0078,2026-06-18,203,549.85,USD,111619.55,fulfilled
PO003394,SUP0032,PRD0137,2025-10-23,319,1398.52,USD,446127.88,fulfilled
PO003395,SUP0019,PRD0002,2026-01-23,116,8.42,USD,976.72,open
PO003396,SUP0019,PRD0114,2024-09-25,391,8.95,USD,3499.45,fulfilled
PO003397,SUP0032,PRD0076,2024-11-07,357,40.68,USD,14522.76,open
PO003398,SUP0038,PRD0104,2026-07-27,448,116.47,USD,52178.56,fulfilled
PO003399,SUP0008,PRD0041,2025-10-21,288,2603.34,USD,749761.92,open
PO003400,SUP0020,PRD0066,2025-09-08,303,410.11,USD,124263.33,open
PO003401,SUP0029,PRD0114,2025-02-21,478,29.57,USD,14134.46,fulfilled
PO003402,SUP0007,PRD0133,2026-03-30,350,177.66,USD,62181.0,open
PO003403,SUP0020,PRD0066,2025-03-07,263,1144.76,USD,301071.88,open
PO003404,SUP0030,PRD0017,2025-05-17,259,322.31,USD,83478.29,cancelled
PO003405,SUP0036,PRD0015,2025-05-13,56,416.94,USD,23348.64,fulfilled
PO003406,SUP0008,PRD0012,2024-11-14,202,800.45,USD,161690.9,fulfilled
PO003407,SUP0019,PRD0132,2026-07-06,613,621.02,USD,380685.26,cancelled
PO003408,SUP0032,PRD0056,2026-01-31,54,41.04,USD,2216.16,cancelled
PO003409,SUP0017,PRD0078,2025-11-25,337,173.53,USD,58479.61,cancelled
PO003410,SUP0029,PRD0054,2025-09-03,395,3.54,USD,1398.3,fulfilled
PO003411,SUP0025,PRD0027,2026-08-11,704,58.16,USD,40944.64,fulfilled
PO003412,SUP0010,PRD0144,2024-10-31,260,53.97,USD,14032.2,fulfilled
PO003413,SUP0040,PRD0033,2025-06-26,419,3.38,USD,1416.22,fulfilled
PO003414,SUP0039,PRD0095,2025-12-05,203,684.28,USD,138908.84,fulfilled
PO003415,SUP0013,PRD0005,2025-06-02,639,15.83,USD,10115.37,fulfilled
PO003416,SUP0034,PRD0145,2024-11-29,126,1808.84,USD,227913.84,fulfilled
PO003417,SUP0009,PRD0071,2026-01-03,201,2800.49,USD,562898.49,fulfilled
PO003418,SUP0006,PRD0145,2026-03-28,226,79.26,USD,17912.76,fulfilled
PO003419,SUP0009,PRD0075,2026-01-26,173,1779.87,USD,307917.51,fulfilled
PO003420,SUP0013,PRD0040,2024-10-01,149,137.45,USD,20480.05,fulfilled
PO003421,SUP0030,PRD0018,2025-02-22,432,61.64,USD,26628.48,open
PO003422,SUP0011,PRD0018,2025-06-19,56,594.11,USD,33270.16,fulfilled
PO003423,SUP0013,PRD0108,2025-10-05,907,2.31,USD,2095.17,fulfilled
PO003424,SUP0020,PRD0028,2024-11-02,182,807.04,USD,146881.28,fulfilled
PO003425,SUP0037,PRD0016,2025-01-05,511,1082.42,USD,553116.62,fulfilled
PO003426,SUP0001,PRD0015,2026-07-30,880,2.36,USD,2076.8,fulfilled
PO003427,SUP0036,PRD0118,2024-09-24,39,11.5,USD,448.5,open
PO003428,SUP0013,PRD0040,2025-12-31,33,4.27,USD,140.91,fulfilled
PO003429,SUP0026,PRD0065,2025-03-25,399,2.76,USD,1101.24,fulfilled
PO003430,SUP0036,PRD0002,2025-10-11,156,137.42,USD,21437.52,fulfilled
PO003431,SUP0010,PRD0147,2025-06-25,623,28.59,USD,17811.57,fulfilled
PO003432,SUP0039,PRD0073,2025-08-22,334,2.37,USD,791.58,fulfilled
PO003433,SUP0013,PRD0016,2025-06-17,207,111.46,USD,23072.22,open
PO003434,SUP0002,PRD0102,2025-09-21,880,1654.11,USD,1455616.8,fulfilled
PO003435,SUP0024,PRD0147,2026-04-15,881,229.69,USD,202356.89,fulfilled
PO003436,SUP0016,PRD0048,2024-09-23,412,27.39,USD,11284.68,fulfilled
PO003437,SUP0021,PRD0128,2024-12-25,111,189.52,USD,21036.72,fulfilled
PO003438,SUP0009,PRD0034,2025-04-05,26,2.31,USD,60.06,fulfilled
PO003439,SUP0008,PRD0114,2026-06-29,282,21.59,USD,6088.38,fulfilled
PO003440,SUP0018,PRD0074,2025-07-20,122,38.8,USD,4733.6,fulfilled
PO003441,SUP0035,PRD0042,2026-04-09,377,1299.16,USD,489783.32,cancelled
PO003442,SUP0038,PRD0058,2026-08-06,284,1917.13,USD,544464.92,fulfilled
PO003443,SUP0005,PRD0031,2025-02-28,210,2805.84,USD,589226.4,open
PO003444,SUP0017,PRD0078,2026-01-21,386,617.16,USD,238223.76,fulfilled
PO003445,SUP0009,PRD0045,2025-07-01,24,57.36,USD,1376.64,fulfilled
PO003446,SUP0003,PRD0037,2026-05-17,1020,3.85,USD,3927.0,fulfilled
PO003447,SUP0024,PRD0003,2026-05-20,504,73.75,USD,37170.0,fulfilled
PO003448,SUP0035,PRD0137,2026-07-02,658,351.1,USD,231023.8,open
PO003449,SUP0005,PRD0122,2025-12-28,620,1715.73,USD,1063752.6,fulfilled
PO003450,SUP0010,PRD0102,2025-07-24,83,579.73,USD,48117.59,fulfilled
PO003451,SUP0008,PRD0055,2026-03-12,286,331.68,USD,94860.48,open
PO003452,SUP0016,PRD0122,2025-03-20,439,5.01,USD,2199.39,open
PO003453,SUP0030,PRD0075,2025-07-01,937,8.71,USD,8161.27,fulfilled
PO003454,SUP0030,PRD0019,2025-02-23,71,2132.56,USD,151411.76,fulfilled
PO003455,SUP0013,PRD0132,2025-04-09,160,1314.38,USD,210300.8,fulfilled
PO003456,SUP0017,PRD0114,2024-12-29,482,53.25,USD,25666.5,fulfilled
PO003457,SUP0028,PRD0083,2025-12-11,661,2.34,USD,1546.74,cancelled
PO003458,SUP0013,PRD0074,2025-10-08,524,1023.55,USD,536340.2,fulfilled
PO003459,SUP0025,PRD0036,2026-03-24,109,467.87,USD,50997.83,fulfilled
PO003460,SUP0019,PRD0010,2026-05-25,108,381.37,USD,41187.96,fulfilled
PO003461,SUP0011,PRD0054,2026-08-01,32,1244.38,USD,39820.16,fulfilled
PO003462,SUP0010,PRD0053,2026-08-15,335,11.63,USD,3896.05,open
PO003463,SUP0006,PRD0038,2025-04-27,776,309.48,USD,240156.48,fulfilled
PO003464,SUP0019,PRD0141,2024-09-04,339,145.14,USD,49202.46,open
PO003465,SUP0003,PRD0102,2025-01-18,164,1053.47,USD,172769.08,fulfilled
PO003466,SUP0030,PRD0072,2025-10-15,472,155.91,USD,73589.52,cancelled
PO003467,SUP0015,PRD0147,2026-03-12,254,277.71,USD,70538.34,cancelled
PO003468,SUP0012,PRD0011,2024-12-13,593,701.5,USD,415989.5,cancelled
PO003469,SUP0022,PRD0100,2025-02-10,180,38.66,USD,6958.8,fulfilled
PO003470,SUP0010,PRD0019,2026-06-27,335,883.77,USD,296062.95,fulfilled
PO003471,SUP0031,PRD0115,2026-04-26,506,2.31,USD,1168.86,open
PO003472,SUP0038,PRD0016,2025-03-16,834,518.8,USD,432679.2,fulfilled
PO003473,SUP0013,PRD0091,2026-08-09,1006,74.81,USD,75258.86,fulfilled
PO003474,SUP0037,PRD0136,2024-11-30,124,445.27,USD,55213.48,fulfilled
PO003475,SUP0021,PRD0142,2024-09-27,211,8.85,USD,1867.35,fulfilled
PO003476,SUP0039,PRD0075,2026-05-04,364,26.16,USD,9522.24,open
PO003477,SUP0014,PRD0105,2025-03-05,712,2856.05,USD,2033507.6,open
PO003478,SUP0002,PRD0147,2026-03-14,353,111.51,USD,39363.03,open
PO003479,SUP0026,PRD0093,2026-01-10,958,29.66,USD,28414.28,fulfilled
PO003480,SUP0022,PRD0032,2025-10-27,115,79.42,USD,9133.3,fulfilled
PO003481,SUP0026,PRD0023,2025-03-18,78,276.61,USD,21575.58,fulfilled
PO003482,SUP0040,PRD0015,2025-05-24,266,55.03,USD,14637.98,fulfilled
PO003483,SUP0011,PRD0147,2026-05-09,126,16.61,USD,2092.86,fulfilled
PO003484,SUP0037,PRD0141,2025-08-04,156,169.71,USD,26474.76,fulfilled
PO003485,SUP0022,PRD0077,2026-05-22,1114,2131.84,USD,2374869.76,fulfilled
PO003486,SUP0008,PRD0064,2025-11-01,221,2.35,USD,519.35,fulfilled
PO003487,SUP0009,PRD0110,2025-11-05,209,2.68,USD,560.12,open
PO003488,SUP0013,PRD0055,2026-02-06,167,107.37,USD,17930.79,fulfilled
PO003489,SUP0003,PRD0059,2024-10-15,204,58.46,USD,11925.84,open
PO003490,SUP0036,PRD0147,2024-10-04,500,586.78,USD,293390.0,fulfilled
PO003491,SUP0017,PRD0074,2025-06-10,224,3041.73,USD,681347.52,fulfilled
PO003492,SUP0040,PRD0066,2025-05-03,490,1188.73,USD,582477.7,fulfilled
PO003493,SUP0005,PRD0110,2024-10-14,866,470.98,USD,407868.68,fulfilled
PO003494,SUP0035,PRD0119,2025-10-28,143,1128.22,USD,161335.46,fulfilled
PO003495,SUP0030,PRD0068,2025-07-09,303,2.31,USD,699.93,fulfilled
PO003496,SUP0007,PRD0028,2024-09-08,272,2.31,USD,628.32,open
PO003497,SUP0011,PRD0111,2025-01-12,52,3345.67,USD,173974.84,fulfilled
PO003498,SUP0026,PRD0044,2026-06-22,466,1336.58,USD,622846.28,fulfilled
PO003499,SUP0020,PRD0057,2025-06-06,730,76.46,USD,55815.8,fulfilled
PO003500,SUP0031,PRD0020,2026-05-22,144,658.02,USD,94754.88,fulfilled
PO003501,SUP0032,PRD0133,2025-02-23,354,10.97,USD,3883.38,fulfilled
PO003502,SUP0032,PRD0139,2026-04-11,276,881.28,USD,243233.28,fulfilled
PO003503,SUP0008,PRD0135,2025-08-25,235,703.07,USD,165221.45,fulfilled
PO003504,SUP0013,PRD0035,2024-09-21,501,511.16,USD,256091.16,fulfilled
PO003505,SUP0017,PRD0064,2025-06-24,490,1617.73,USD,792687.7,fulfilled
PO003506,SUP0030,PRD0091,2026-01-18,364,646.02,USD,235151.28,fulfilled
PO003507,SUP0033,PRD0065,2026-01-06,221,7.27,USD,1606.67,open
PO003508,SUP0039,PRD0039,2024-09-24,48,26.1,USD,1252.8,open
PO003509,SUP0032,PRD0112,2026-02-22,69,5687.63,USD,392446.47,fulfilled
PO003510,SUP0030,PRD0041,2026-01-31,225,393.99,USD,88647.75,fulfilled
PO003511,SUP0039,PRD0121,2026-02-24,496,655.33,USD,325043.68,fulfilled
PO003512,SUP0006,PRD0095,2026-07-12,614,242.64,USD,148980.96,open
PO003513,SUP0008,PRD0124,2024-09-24,98,4.26,USD,417.48,fulfilled
PO003514,SUP0015,PRD0036,2025-05-04,594,2.33,USD,1384.02,fulfilled
PO003515,SUP0008,PRD0097,2025-11-20,291,3.37,USD,980.67,fulfilled
PO003516,SUP0006,PRD0102,2025-10-28,92,694.28,USD,63873.76,fulfilled
PO003517,SUP0006,PRD0103,2025-04-06,227,4.4,USD,998.8,fulfilled
PO003518,SUP0036,PRD0133,2025-07-16,137,2179.98,USD,298657.26,fulfilled
PO003519,SUP0005,PRD0070,2025-10-08,1024,324.64,USD,332431.36,open
PO003520,SUP0036,PRD0137,2024-10-05,187,2.31,USD,431.97,fulfilled
PO003521,SUP0020,PRD0059,2025-02-25,404,766.28,USD,309577.12,open
PO003522,SUP0005,PRD0119,2025-01-23,46,42.25,USD,1943.5,open
PO003523,SUP0032,PRD0112,2024-12-12,148,15.05,USD,2227.4,fulfilled
PO003524,SUP0029,PRD0143,2025-03-28,336,8.5,USD,2856.0,fulfilled
PO003525,SUP0020,PRD0141,2026-01-28,557,1166.56,USD,649773.92,cancelled
PO003526,SUP0007,PRD0144,2026-03-07,257,969.3,USD,249110.1,fulfilled
PO003527,SUP0040,PRD0068,2026-08-02,272,775.95,USD,211058.4,fulfilled
PO003528,SUP0036,PRD0105,2025-05-31,310,2.32,USD,719.2,fulfilled
PO003529,SUP0025,PRD0078,2025-01-11,393,557.86,USD,219238.98,fulfilled
PO003530,SUP0013,PRD0100,2025-03-13,499,336.45,USD,167888.55,fulfilled
PO003531,SUP0006,PRD0028,2026-06-04,67,68.78,USD,4608.26,fulfilled
PO003532,SUP0026,PRD0142,2025-01-21,30,182.21,USD,5466.3,fulfilled
PO003533,SUP0015,PRD0104,2025-01-01,338,2.77,USD,936.26,fulfilled
PO003534,SUP0023,PRD0037,2025-03-22,783,288.33,USD,225762.39,cancelled
PO003535,SUP0016,PRD0066,2025-09-20,151,3522.94,USD,531963.94,fulfilled
PO003536,SUP0008,PRD0055,2025-06-24,155,1248.48,USD,193514.4,fulfilled
PO003537,SUP0013,PRD0028,2026-02-19,124,10.46,USD,1297.04,fulfilled
PO003538,SUP0013,PRD0096,2024-12-12,304,937.14,USD,284890.56,open
PO003539,SUP0014,PRD0016,2025-06-13,360,3.7,USD,1332.0,open
PO003540,SUP0021,PRD0018,2026-02-07,390,333.39,USD,130022.1,fulfilled
PO003541,SUP0016,PRD0051,2026-05-24,558,2330.27,USD,1300290.66,fulfilled
PO003542,SUP0019,PRD0067,2025-03-01,90,724.69,USD,65222.1,cancelled
PO003543,SUP0022,PRD0097,2026-04-30,538,2.31,USD,1242.78,fulfilled
PO003544,SUP0034,PRD0095,2024-10-21,191,51.21,USD,9781.11,fulfilled
PO003545,SUP0028,PRD0090,2025-01-22,90,2.31,USD,207.9,fulfilled
PO003546,SUP0010,PRD0124,2025-04-28,923,12.28,USD,11334.44,fulfilled
PO003547,SUP0035,PRD0117,2026-04-30,627,751.41,USD,471134.07,fulfilled
PO003548,SUP0030,PRD0045,2026-02-19,1237,6.33,USD,7830.21,open
PO003549,SUP0002,PRD0122,2025-03-27,554,11.39,USD,6310.06,fulfilled
PO003550,SUP0009,PRD0090,2026-02-01,552,2.33,USD,1286.16,fulfilled
PO003551,SUP0040,PRD0054,2024-10-09,91,4.32,USD,393.12,cancelled
PO003552,SUP0009,PRD0019,2024-10-25,54,131.29,USD,7089.66,fulfilled
PO003553,SUP0010,PRD0135,2025-07-08,122,450.36,USD,54943.92,open
PO003554,SUP0006,PRD0091,2025-10-19,241,7.43,USD,1790.63,fulfilled
PO003555,SUP0006,PRD0143,2026-09-01,70,7.94,USD,555.8,fulfilled
PO003556,SUP0010,PRD0023,2025-11-06,659,2.32,USD,1528.88,open
PO003557,SUP0017,PRD0033,2024-11-18,503,965.32,USD,485555.96,fulfilled
PO003558,SUP0011,PRD0097,2026-08-11,28,341.63,USD,9565.64,open
PO003559,SUP0030,PRD0004,2025-10-24,147,5.1,USD,749.7,fulfilled
PO003560,SUP0031,PRD0044,2026-06-23,177,1175.65,USD,208090.05,fulfilled
PO003561,SUP0021,PRD0124,2025-05-20,287,1234.24,USD,354226.88,fulfilled
PO003562,SUP0035,PRD0071,2025-04-11,606,1772.43,USD,1074092.58,fulfilled
PO003563,SUP0031,PRD0010,2025-07-10,350,190.68,USD,66738.0,fulfilled
PO003564,SUP0030,PRD0065,2025-10-22,392,3111.07,USD,1219539.44,open
PO003565,SUP0004,PRD0063,2026-06-30,171,91.12,USD,15581.52,open
PO003566,SUP0013,PRD0112,2026-04-17,476,10.87,USD,5174.12,fulfilled
PO003567,SUP0017,PRD0066,2025-05-19,283,3092.76,USD,875251.08,fulfilled
PO003568,SUP0038,PRD0064,2025-05-22,276,6.98,USD,1926.48,open
PO003569,SUP0034,PRD0032,2024-12-19,360,7.99,USD,2876.4,cancelled
PO003570,SUP0010,PRD0078,2025-03-25,69,31.7,USD,2187.3,fulfilled
PO003571,SUP0023,PRD0042,2025-05-16,155,274.48,USD,42544.4,fulfilled
PO003572,SUP0036,PRD0001,2026-01-28,120,4.33,USD,519.6,cancelled
PO003573,SUP0027,PRD0044,2025-06-13,799,76.35,USD,61003.65,fulfilled
PO003574,SUP0015,PRD0132,2026-01-13,593,184.04,USD,109135.72,fulfilled
PO003575,SUP0002,PRD0064,2024-09-13,625,394.05,USD,246281.25,fulfilled
PO003576,SUP0019,PRD0015,2026-06-16,398,36.29,USD,14443.42,fulfilled
PO003577,SUP0039,PRD0145,2025-12-03,199,10.4,USD,2069.6,fulfilled
PO003578,SUP0040,PRD0012,2025-11-16,652,2600.64,USD,1695617.28,fulfilled
PO003579,SUP0037,PRD0112,2026-03-26,694,1790.46,USD,1242579.24,fulfilled
PO003580,SUP0010,PRD0081,2025-10-21,114,5011.83,USD,571348.62,fulfilled
PO003581,SUP0032,PRD0079,2025-08-20,356,100.05,USD,35617.8,fulfilled
PO003582,SUP0007,PRD0109,2026-08-26,454,2.42,USD,1098.68,fulfilled
PO003583,SUP0011,PRD0023,2025-05-27,541,1275.83,USD,690224.03,cancelled
PO003584,SUP0035,PRD0140,2026-03-11,75,80.82,USD,6061.5,open
PO003585,SUP0022,PRD0147,2024-12-26,924,220.83,USD,204046.92,fulfilled
PO003586,SUP0030,PRD0020,2026-01-19,39,43.73,USD,1705.47,fulfilled
PO003587,SUP0008,PRD0023,2026-02-20,266,91.26,USD,24275.16,fulfilled
PO003588,SUP0036,PRD0065,2025-07-04,620,1889.63,USD,1171570.6,fulfilled
PO003589,SUP0007,PRD0148,2025-06-11,29,755.16,USD,21899.64,fulfilled
PO003590,SUP0017,PRD0001,2025-09-20,546,826.75,USD,451405.5,fulfilled
PO003591,SUP0023,PRD0142,2025-02-02,256,1166.93,USD,298734.08,fulfilled
PO003592,SUP0028,PRD0005,2026-06-21,294,25.52,USD,7502.88,open
PO003593,SUP0018,PRD0100,2026-08-23,315,568.06,USD,178938.9,open
PO003594,SUP0018,PRD0114,2025-08-06,802,402.39,USD,322716.78,cancelled
PO003595,SUP0035,PRD0081,2025-05-31,580,243.34,USD,141137.2,fulfilled
PO003596,SUP0036,PRD0066,2026-02-25,114,713.82,USD,81375.48,fulfilled
PO003597,SUP0013,PRD0015,2026-03-30,690,25.18,USD,17374.2,fulfilled
PO003598,SUP0028,PRD0073,2025-07-22,92,2.39,USD,219.88,fulfilled
PO003599,SUP0025,PRD0112,2025-09-23,218,30.19,USD,6581.42,fulfilled
PO003600,SUP0007,PRD0040,2026-08-08,47,2.74,USD,128.78,open
PO003601,SUP0035,PRD0055,2025-01-06,212,2.34,USD,496.08,fulfilled
PO003602,SUP0018,PRD0130,2025-09-29,1837,118.58,USD,217831.46,fulfilled
PO003603,SUP0010,PRD0046,2025-06-23,103,18.84,USD,1940.52,open
PO003604,SUP0012,PRD0070,2025-01-25,126,3.23,USD,406.98,fulfilled
PO003605,SUP0010,PRD0049,2024-12-20,65,9.94,USD,646.1,fulfilled
PO003606,SUP0013,PRD0078,2025-07-14,453,29.19,USD,13223.07,open
PO003607,SUP0005,PRD0104,2026-06-24,554,2.84,USD,1573.36,fulfilled
PO003608,SUP0016,PRD0134,2024-10-24,124,81.91,USD,10156.84,fulfilled
PO003609,SUP0016,PRD0146,2025-11-23,943,7458.29,USD,7033167.47,fulfilled
PO003610,SUP0011,PRD0139,2026-08-19,900,8.36,USD,7524.0,fulfilled
PO003611,SUP0002,PRD0072,2025-03-28,139,5.86,USD,814.54,fulfilled
PO003612,SUP0015,PRD0143,2024-11-04,201,116.32,USD,23380.32,fulfilled
PO003613,SUP0026,PRD0017,2026-07-01,256,3.41,USD,872.96,fulfilled
PO003614,SUP0004,PRD0096,2026-02-06,622,239.8,USD,149155.6,fulfilled
PO003615,SUP0020,PRD0121,2026-06-02,370,2.86,USD,1058.2,cancelled
PO003616,SUP0034,PRD0056,2025-10-17,277,2048.93,USD,567553.61,fulfilled
PO003617,SUP0018,PRD0114,2025-07-27,1235,2.57,USD,3173.95,fulfilled
PO003618,SUP0026,PRD0091,2024-10-20,70,4.15,USD,290.5,open
PO003619,SUP0012,PRD0103,2025-10-10,264,2382.3,USD,628927.2,open
PO003620,SUP0040,PRD0045,2026-01-01,62,351.93,USD,21819.66,open
PO003621,SUP0020,PRD0007,2026-01-22,271,36.46,USD,9880.66,fulfilled
PO003622,SUP0026,PRD0145,2026-04-02,424,1652.53,USD,700672.72,cancelled
PO003623,SUP0026,PRD0087,2024-12-04,317,14.82,USD,4697.94,fulfilled
PO003624,SUP0008,PRD0049,2024-09-12,262,3.5,USD,917.0,fulfilled
PO003625,SUP0008,PRD0102,2024-09-12,453,722.59,USD,327333.27,fulfilled
PO003626,SUP0006,PRD0079,2026-07-10,568,539.07,USD,306191.76,cancelled
PO003627,SUP0010,PRD0041,2026-05-05,362,336.81,USD,121925.22,fulfilled
PO003628,SUP0017,PRD0027,2026-03-02,160,426.4,USD,68224.0,fulfilled
PO003629,SUP0028,PRD0039,2025-04-17,239,217.6,USD,52006.4,fulfilled
PO003630,SUP0026,PRD0078,2024-09-12,218,214.09,USD,46671.62,fulfilled
PO003631,SUP0004,PRD0007,2026-01-02,524,110.89,USD,58106.36,fulfilled
PO003632,SUP0034,PRD0122,2025-04-15,431,41.12,USD,17722.72,fulfilled
PO003633,SUP0020,PRD0106,2024-10-03,122,2.39,USD,291.58,fulfilled
PO003634,SUP0013,PRD0133,2026-08-20,247,533.29,USD,131722.63,cancelled
PO003635,SUP0004,PRD0124,2025-01-29,59,728.25,USD,42966.75,cancelled
PO003636,SUP0033,PRD0136,2024-10-31,581,818.93,USD,475798.33,fulfilled
PO003637,SUP0023,PRD0066,2026-06-21,111,750.65,USD,83322.15,fulfilled
PO003638,SUP0034,PRD0027,2026-08-24,356,458.53,USD,163236.68,fulfilled
PO003639,SUP0017,PRD0040,2024-11-29,64,56.88,USD,3640.32,fulfilled
PO003640,SUP0034,PRD0066,2025-09-19,384,3.78,USD,1451.52,open
PO003641,SUP0030,PRD0091,2025-08-16,149,298.87,USD,44531.63,fulfilled
PO003642,SUP0013,PRD0089,2026-03-31,95,60.69,USD,5765.55,fulfilled
PO003643,SUP0020,PRD0142,2025-04-26,240,10.92,USD,2620.8,fulfilled
PO003644,SUP0026,PRD0042,2025-04-13,635,959.98,USD,609587.3,open
PO003645,SUP0036,PRD0078,2025-11-06,164,3.43,USD,562.52,fulfilled
PO003646,SUP0025,PRD0066,2026-07-10,349,755.99,USD,263840.51,fulfilled
PO003647,SUP0031,PRD0102,2025-02-01,359,1713.75,USD,615236.25,fulfilled
PO003648,SUP0013,PRD0072,2024-09-12,117,7458.29,USD,872619.93,cancelled
PO003649,SUP0025,PRD0079,2024-09-21,345,15.19,USD,5240.55,fulfilled
PO003650,SUP0004,PRD0017,2026-04-19,99,214.4,USD,21225.6,fulfilled
PO003651,SUP0022,PRD0023,2024-12-02,281,2.84,USD,798.04,fulfilled
PO003652,SUP0016,PRD0008,2025-06-15,455,9.21,USD,4190.55,open
PO003653,SUP0005,PRD0028,2024-10-24,283,1026.33,USD,290451.39,open
PO003654,SUP0035,PRD0024,2026-02-09,798,2.93,USD,2338.14,open
PO003655,SUP0017,PRD0097,2025-12-12,546,18.6,USD,10155.6,fulfilled
PO003656,SUP0008,PRD0108,2025-03-22,386,203.11,USD,78400.46,fulfilled
PO003657,SUP0001,PRD0141,2026-03-25,55,190.01,USD,10450.55,fulfilled
PO003658,SUP0005,PRD0078,2024-11-20,368,92.44,USD,34017.92,fulfilled
PO003659,SUP0007,PRD0070,2026-07-10,165,32.35,USD,5337.75,fulfilled
PO003660,SUP0008,PRD0044,2026-05-16,87,1108.85,USD,96469.95,fulfilled
PO003661,SUP0036,PRD0031,2026-04-26,424,11.19,USD,4744.56,fulfilled
PO003662,SUP0027,PRD0076,2025-12-28,638,24.31,USD,15509.78,open
PO003663,SUP0010,PRD0121,2025-11-07,564,702.08,USD,395973.12,fulfilled
PO003664,SUP0034,PRD0082,2024-11-12,569,8.96,USD,5098.24,open
PO003665,SUP0030,PRD0136,2025-06-02,232,2.85,USD,661.2,open
PO003666,SUP0026,PRD0044,2025-03-15,405,57.18,USD,23157.9,fulfilled
PO003667,SUP0020,PRD0136,2025-03-18,33,698.11,USD,23037.63,cancelled
PO003668,SUP0040,PRD0078,2025-06-29,406,655.07,USD,265958.42,cancelled
PO003669,SUP0019,PRD0079,2025-02-18,896,2.31,USD,2069.76,fulfilled
PO003670,SUP0028,PRD0146,2024-12-01,802,2.32,USD,1860.64,fulfilled
PO003671,SUP0037,PRD0063,2025-04-05,404,4.15,USD,1676.6,fulfilled
PO003672,SUP0015,PRD0037,2025-11-18,308,146.86,USD,45232.88,cancelled
PO003673,SUP0007,PRD0095,2024-11-26,237,14.84,USD,3517.08,fulfilled
PO003674,SUP0035,PRD0075,2025-06-10,798,2.31,USD,1843.38,fulfilled
PO003675,SUP0034,PRD0075,2026-07-09,227,4502.01,USD,1021956.27,open
PO003676,SUP0013,PRD0070,2024-11-15,190,711.41,USD,135167.9,fulfilled
PO003677,SUP0014,PRD0118,2025-01-17,427,1446.4,USD,617612.8,open
PO003678,SUP0011,PRD0051,2024-10-08,128,1052.27,USD,134690.56,open
PO003679,SUP0040,PRD0078,2024-12-22,100,2.31,USD,231.0,fulfilled
PO003680,SUP0012,PRD0051,2026-03-24,85,157.87,USD,13418.95,fulfilled
PO003681,SUP0034,PRD0009,2024-12-27,544,42.14,USD,22924.16,fulfilled
PO003682,SUP0029,PRD0089,2024-11-17,291,7.29,USD,2121.39,open
PO003683,SUP0010,PRD0064,2025-03-18,158,27.0,USD,4266.0,fulfilled
PO003684,SUP0019,PRD0008,2025-09-29,664,7.21,USD,4787.44,fulfilled
PO003685,SUP0033,PRD0024,2024-10-20,251,1136.43,USD,285243.93,fulfilled
PO003686,SUP0024,PRD0019,2025-02-28,513,6.73,USD,3452.49,fulfilled
PO003687,SUP0008,PRD0048,2025-10-02,252,3626.23,USD,913809.96,fulfilled
PO003688,SUP0010,PRD0018,2025-07-16,609,66.86,USD,40717.74,open
PO003689,SUP0039,PRD0148,2024-12-09,428,172.69,USD,73911.32,open
PO003690,SUP0005,PRD0141,2026-06-12,275,10.38,USD,2854.5,open
PO003691,SUP0014,PRD0074,2025-12-17,281,572.41,USD,160847.21,cancelled
PO003692,SUP0028,PRD0091,2025-12-11,91,2.48,USD,225.68,cancelled
PO003693,SUP0014,PRD0132,2025-03-12,802,138.51,USD,111085.02,cancelled
PO003694,SUP0006,PRD0147,2025-08-21,516,48.4,USD,24974.4,open
PO003695,SUP0017,PRD0114,2024-12-08,172,344.42,USD,59240.24,fulfilled
PO003696,SUP0013,PRD0110,2025-06-30,176,2975.22,USD,523638.72,fulfilled
PO003697,SUP0037,PRD0019,2025-01-30,525,2.32,USD,1218.0,fulfilled
PO003698,SUP0036,PRD0104,2025-04-09,125,68.23,USD,8528.75,fulfilled
PO003699,SUP0012,PRD0056,2025-08-05,70,1365.76,USD,95603.2,fulfilled
PO003700,SUP0005,PRD0112,2026-02-21,346,11.88,USD,4110.48,fulfilled
PO003701,SUP0019,PRD0095,2025-08-31,125,2339.79,USD,292473.75,fulfilled
PO003702,SUP0002,PRD0118,2026-08-16,327,25.18,USD,8233.86,fulfilled
PO003703,SUP0032,PRD0133,2026-08-10,671,18.57,USD,12460.47,open
PO003704,SUP0017,PRD0008,2025-03-03,1334,4000.28,USD,5336373.52,cancelled
PO003705,SUP0027,PRD0135,2024-10-24,274,3832.42,USD,1050083.08,fulfilled
PO003706,SUP0010,PRD0016,2025-04-12,105,560.43,USD,58845.15,cancelled
PO003707,SUP0016,PRD0141,2026-06-07,576,2.46,USD,1416.96,fulfilled
PO003708,SUP0032,PRD0016,2025-05-19,159,504.44,USD,80205.96,fulfilled
PO003709,SUP0034,PRD0134,2025-08-08,164,993.98,USD,163012.72,cancelled
PO003710,SUP0003,PRD0002,2026-03-25,593,1535.58,USD,910598.94,cancelled
PO003711,SUP0010,PRD0019,2026-01-15,335,91.55,USD,30669.25,open
PO003712,SUP0008,PRD0145,2026-03-08,978,1335.1,USD,1305727.8,fulfilled
PO003713,SUP0031,PRD0070,2025-04-01,212,1261.75,USD,267491.0,fulfilled
PO003714,SUP0035,PRD0091,2026-08-30,62,1541.73,USD,95587.26,fulfilled
PO003715,SUP0037,PRD0087,2026-07-23,35,3.08,USD,107.8,open
PO003716,SUP0014,PRD0007,2025-02-07,126,13.53,USD,1704.78,fulfilled
PO003717,SUP0036,PRD0105,2024-10-21,152,3.55,USD,539.6,fulfilled
PO003718,SUP0013,PRD0071,2026-03-30,31,7.67,USD,237.77,fulfilled
PO003719,SUP0004,PRD0075,2025-02-15,110,27.62,USD,3038.2,fulfilled
PO003720,SUP0009,PRD0040,2026-05-02,363,29.87,USD,10842.81,fulfilled
PO003721,SUP0027,PRD0021,2026-08-04,249,1706.01,USD,424796.49,fulfilled
PO003722,SUP0012,PRD0075,2025-04-01,430,87.88,USD,37788.4,fulfilled
PO003723,SUP0022,PRD0097,2025-03-17,459,7.32,USD,3359.88,fulfilled
PO003724,SUP0010,PRD0087,2025-05-09,64,387.39,USD,24792.96,fulfilled
PO003725,SUP0035,PRD0136,2025-03-23,288,9.79,USD,2819.52,open
PO003726,SUP0014,PRD0013,2026-07-11,511,488.92,USD,249838.12,open
PO003727,SUP0024,PRD0132,2025-10-31,195,136.57,USD,26631.15,fulfilled
PO003728,SUP0002,PRD0078,2026-08-28,70,39.88,USD,2791.6,fulfilled
PO003729,SUP0002,PRD0133,2025-10-12,230,160.72,USD,36965.6,fulfilled
PO003730,SUP0030,PRD0148,2025-06-09,420,177.46,USD,74533.2,fulfilled
PO003731,SUP0035,PRD0092,2025-09-02,721,1197.86,USD,863657.06,fulfilled
PO003732,SUP0025,PRD0091,2026-07-26,326,918.1,USD,299300.6,fulfilled
PO003733,SUP0004,PRD0010,2025-08-15,927,1012.91,USD,938967.57,fulfilled
PO003734,SUP0010,PRD0093,2026-04-02,34,32.64,USD,1109.76,fulfilled
PO003735,SUP0036,PRD0095,2026-03-21,300,6.36,USD,1908.0,fulfilled
PO003736,SUP0017,PRD0114,2026-06-09,65,201.97,USD,13128.05,open
PO003737,SUP0008,PRD0146,2025-02-09,33,1025.74,USD,33849.42,fulfilled
PO003738,SUP0004,PRD0012,2025-09-13,213,1534.83,USD,326918.79,fulfilled
PO003739,SUP0040,PRD0102,2026-05-29,406,973.03,USD,395050.18,fulfilled
PO003740,SUP0034,PRD0146,2026-01-24,533,52.38,USD,27918.54,fulfilled
PO003741,SUP0007,PRD0026,2026-06-16,365,1509.87,USD,551102.55,fulfilled
PO003742,SUP0022,PRD0041,2025-11-11,646,2.33,USD,1505.18,fulfilled
PO003743,SUP0023,PRD0057,2025-03-10,283,128.91,USD,36481.53,open
PO003744,SUP0002,PRD0078,2026-04-21,626,8.76,USD,5483.76,open
PO003745,SUP0026,PRD0132,2025-01-01,319,1426.34,USD,455002.46,fulfilled
PO003746,SUP0004,PRD0144,2026-04-11,391,1719.44,USD,672301.04,fulfilled
PO003747,SUP0005,PRD0002,2025-03-27,320,16.16,USD,5171.2,fulfilled
PO003748,SUP0038,PRD0056,2025-02-06,541,1328.25,USD,718583.25,fulfilled
PO003749,SUP0012,PRD0084,2025-01-12,405,12.76,USD,5167.8,cancelled
PO003750,SUP0030,PRD0078,2026-05-22,252,2.37,USD,597.24,fulfilled
PO003751,SUP0012,PRD0071,2024-12-20,53,2166.54,USD,114826.62,fulfilled
PO003752,SUP0010,PRD0097,2025-02-15,112,20.82,USD,2331.84,fulfilled
PO003753,SUP0012,PRD0097,2026-07-23,420,2047.86,USD,860101.2,open
PO003754,SUP0025,PRD0133,2025-10-08,545,15.55,USD,8474.75,fulfilled
PO003755,SUP0003,PRD0002,2025-07-21,975,1765.88,USD,1721733.0,cancelled
PO003756,SUP0015,PRD0147,2025-01-10,108,1262.04,USD,136300.32,open
PO003757,SUP0026,PRD0081,2026-08-28,226,6.89,USD,1557.14,fulfilled
PO003758,SUP0004,PRD0144,2025-03-24,797,2.31,USD,1841.07,open
PO003759,SUP0025,PRD0074,2026-07-16,512,386.81,USD,198046.72,fulfilled
PO003760,SUP0004,PRD0058,2025-12-19,449,28.12,USD,12625.88,fulfilled
PO003761,SUP0014,PRD0109,2025-02-19,138,12.39,USD,1709.82,fulfilled
PO003762,SUP0017,PRD0036,2024-10-05,321,730.85,USD,234602.85,fulfilled
PO003763,SUP0037,PRD0147,2026-05-15,159,2826.69,USD,449443.71,fulfilled
PO003764,SUP0021,PRD0078,2024-11-02,466,112.23,USD,52299.18,fulfilled
PO003765,SUP0038,PRD0071,2026-05-21,792,1109.79,USD,878953.68,fulfilled
PO003766,SUP0028,PRD0133,2025-05-12,196,53.47,USD,10480.12,fulfilled
PO003767,SUP0035,PRD0044,2026-01-15,48,34.85,USD,1672.8,fulfilled
PO003768,SUP0022,PRD0017,2026-01-05,573,15.67,USD,8978.91,fulfilled
PO003769,SUP0030,PRD0016,2026-07-16,59,4362.56,USD,257391.04,fulfilled
PO003770,SUP0039,PRD0055,2025-09-04,40,827.48,USD,33099.2,fulfilled
PO003771,SUP0001,PRD0055,2026-08-14,711,2269.86,USD,1613870.46,fulfilled
PO003772,SUP0008,PRD0121,2025-11-21,121,293.52,USD,35515.92,fulfilled
PO003773,SUP0029,PRD0075,2026-04-19,181,23.13,USD,4186.53,fulfilled
PO003774,SUP0035,PRD0007,2026-05-14,72,342.2,USD,24638.4,fulfilled
PO003775,SUP0003,PRD0133,2026-08-27,225,531.13,USD,119504.25,cancelled
PO003776,SUP0014,PRD0032,2025-07-15,451,1902.58,USD,858063.58,cancelled
PO003777,SUP0036,PRD0070,2025-03-07,64,5.7,USD,364.8,open
PO003778,SUP0007,PRD0084,2026-03-25,500,443.22,USD,221610.0,open
PO003779,SUP0023,PRD0106,2026-06-07,317,711.75,USD,225624.75,cancelled
PO003780,SUP0010,PRD0060,2024-12-20,279,2172.7,USD,606183.3,fulfilled
PO003781,SUP0002,PRD0136,2026-03-21,124,131.89,USD,16354.36,fulfilled
PO003782,SUP0036,PRD0066,2026-05-15,662,444.35,USD,294159.7,open
PO003783,SUP0009,PRD0136,2025-06-30,571,329.4,USD,188087.4,cancelled
PO003784,SUP0036,PRD0044,2026-03-07,287,2465.97,USD,707733.39,fulfilled
PO003785,SUP0015,PRD0102,2026-07-17,465,36.04,USD,16758.6,fulfilled
PO003786,SUP0032,PRD0142,2024-09-23,317,96.03,USD,30441.51,fulfilled
PO003787,SUP0017,PRD0133,2025-01-11,278,1374.61,USD,382141.58,fulfilled
PO003788,SUP0020,PRD0097,2025-01-31,276,49.14,USD,13562.64,fulfilled
PO003789,SUP0013,PRD0055,2025-02-02,107,4043.05,USD,432606.35,fulfilled
PO003790,SUP0009,PRD0091,2024-10-16,184,2852.18,USD,524801.12,fulfilled
PO003791,SUP0039,PRD0064,2025-05-20,718,2.31,USD,1658.58,fulfilled
PO003792,SUP0034,PRD0103,2026-01-06,104,478.5,USD,49764.0,fulfilled
PO003793,SUP0036,PRD0016,2026-07-26,85,1667.48,USD,141735.8,fulfilled
PO003794,SUP0006,PRD0044,2025-09-09,979,29.81,USD,29183.99,fulfilled
PO003795,SUP0008,PRD0068,2025-11-10,220,4752.81,USD,1045618.2,fulfilled
PO003796,SUP0003,PRD0092,2025-12-13,256,35.41,USD,9064.96,fulfilled
PO003797,SUP0020,PRD0081,2026-07-31,31,1645.39,USD,51007.09,fulfilled
PO003798,SUP0039,PRD0038,2025-03-06,113,15.62,USD,1765.06,fulfilled
PO003799,SUP0009,PRD0066,2024-09-06,103,2.31,USD,237.93,cancelled
PO003800,SUP0038,PRD0070,2026-06-30,341,8.08,USD,2755.28,fulfilled
PO003801,SUP0010,PRD0133,2026-04-27,261,2.46,USD,642.06,open
PO003802,SUP0036,PRD0064,2025-11-04,142,3.85,USD,546.7,fulfilled
PO003803,SUP0034,PRD0012,2025-09-06,240,217.95,USD,52308.0,fulfilled
PO003804,SUP0002,PRD0081,2024-11-18,450,1707.01,USD,768154.5,fulfilled
PO003805,SUP0035,PRD0043,2026-05-17,108,6.34,USD,684.72,fulfilled
PO003806,SUP0036,PRD0068,2025-05-19,317,1532.06,USD,485663.02,fulfilled
PO003807,SUP0015,PRD0023,2026-02-15,273,7.0,USD,1911.0,open
PO003808,SUP0003,PRD0144,2025-01-26,463,5.04,USD,2333.52,fulfilled
PO003809,SUP0016,PRD0023,2025-06-25,987,314.1,USD,310016.7,fulfilled
PO003810,SUP0008,PRD0035,2026-01-27,182,559.03,USD,101743.46,fulfilled
PO003811,SUP0003,PRD0005,2025-09-08,153,95.05,USD,14542.65,cancelled
PO003812,SUP0020,PRD0028,2026-08-27,409,78.27,USD,32012.43,fulfilled
PO003813,SUP0015,PRD0143,2024-12-28,216,513.14,USD,110838.24,fulfilled
PO003814,SUP0023,PRD0110,2025-08-08,751,1073.83,USD,806446.33,fulfilled
PO003815,SUP0040,PRD0122,2026-01-31,443,533.72,USD,236437.96,fulfilled
PO003816,SUP0026,PRD0028,2024-09-16,88,1444.26,USD,127094.88,fulfilled
PO003817,SUP0017,PRD0078,2025-03-30,139,286.6,USD,39837.4,fulfilled
PO003818,SUP0038,PRD0086,2025-08-07,822,41.45,USD,34071.9,fulfilled
PO003819,SUP0001,PRD0072,2025-07-11,136,184.72,USD,25121.92,fulfilled
PO003820,SUP0030,PRD0037,2026-01-01,32,94.04,USD,3009.28,fulfilled
PO003821,SUP0008,PRD0122,2026-03-28,784,1180.2,USD,925276.8,fulfilled
PO003822,SUP0021,PRD0017,2026-06-06,265,2.38,USD,630.7,fulfilled
PO003823,SUP0022,PRD0081,2025-08-10,491,4881.99,USD,2397057.09,fulfilled
PO003824,SUP0007,PRD0102,2025-01-02,131,397.19,USD,52031.89,fulfilled
PO003825,SUP0037,PRD0119,2026-01-01,893,2.31,USD,2062.83,fulfilled
PO003826,SUP0037,PRD0137,2026-07-30,166,4342.75,USD,720896.5,fulfilled
PO003827,SUP0006,PRD0095,2025-09-05,282,2.32,USD,654.24,fulfilled
PO003828,SUP0038,PRD0004,2024-10-30,204,45.64,USD,9310.56,fulfilled
PO003829,SUP0020,PRD0057,2025-12-14,112,570.68,USD,63916.16,open
PO003830,SUP0033,PRD0066,2026-07-09,422,91.72,USD,38705.84,fulfilled
PO003831,SUP0011,PRD0028,2026-06-30,106,1510.54,USD,160117.24,fulfilled
PO003832,SUP0016,PRD0051,2026-01-28,55,21.78,USD,1197.9,fulfilled
PO003833,SUP0030,PRD0141,2026-04-15,244,2.32,USD,566.08,fulfilled
PO003834,SUP0020,PRD0020,2026-01-17,135,28.75,USD,3881.25,open
PO003835,SUP0036,PRD0019,2026-04-13,112,233.53,USD,26155.36,fulfilled
PO003836,SUP0037,PRD0023,2025-02-18,84,141.68,USD,11901.12,fulfilled
PO003837,SUP0012,PRD0013,2026-07-17,257,17.34,USD,4456.38,fulfilled
PO003838,SUP0030,PRD0105,2025-02-13,355,80.06,USD,28421.3,fulfilled
PO003839,SUP0026,PRD0114,2026-02-05,353,2.31,USD,815.43,fulfilled
PO003840,SUP0016,PRD0023,2024-11-30,165,973.36,USD,160604.4,fulfilled
PO003841,SUP0030,PRD0137,2025-03-24,218,741.17,USD,161575.06,open
PO003842,SUP0040,PRD0019,2026-06-23,203,1477.38,USD,299908.14,fulfilled
PO003843,SUP0035,PRD0092,2026-04-04,197,139.79,USD,27538.63,fulfilled
PO003844,SUP0002,PRD0023,2026-06-04,106,2139.86,USD,226825.16,open
PO003845,SUP0025,PRD0084,2024-09-06,95,4.56,USD,433.2,fulfilled
PO003846,SUP0007,PRD0044,2025-07-13,67,20.97,USD,1404.99,fulfilled
PO003847,SUP0009,PRD0079,2025-08-03,161,2.32,USD,373.52,open
PO003848,SUP0020,PRD0104,2026-02-17,127,3366.92,USD,427598.84,open
PO003849,SUP0003,PRD0070,2025-08-26,560,3.47,USD,1943.2,fulfilled
PO003850,SUP0028,PRD0016,2026-01-05,57,10.9,USD,621.3,fulfilled
PO003851,SUP0017,PRD0072,2026-05-18,404,152.55,USD,61630.2,fulfilled
PO003852,SUP0022,PRD0048,2025-06-27,297,773.04,USD,229592.88,open
PO003853,SUP0014,PRD0059,2025-08-30,74,8.01,USD,592.74,open
PO003854,SUP0009,PRD0079,2026-04-17,70,504.63,USD,35324.1,fulfilled
PO003855,SUP0004,PRD0147,2025-05-02,346,435.33,USD,150624.18,fulfilled
PO003856,SUP0040,PRD0120,2024-11-22,202,3194.81,USD,645351.62,open
PO003857,SUP0026,PRD0020,2025-05-19,123,400.74,USD,49291.02,cancelled
PO003858,SUP0034,PRD0078,2025-11-08,573,3.78,USD,2165.94,fulfilled
PO003859,SUP0039,PRD0075,2026-06-18,612,6028.52,USD,3689454.24,open
PO003860,SUP0015,PRD0124,2025-07-31,318,1375.53,USD,437418.54,fulfilled
PO003861,SUP0033,PRD0091,2026-07-29,53,262.1,USD,13891.3,fulfilled
PO003862,SUP0037,PRD0063,2025-06-09,487,2.84,USD,1383.08,fulfilled
PO003863,SUP0019,PRD0066,2026-07-05,404,5947.44,USD,2402765.76,fulfilled
PO003864,SUP0015,PRD0089,2026-08-14,527,95.23,USD,50186.21,fulfilled
PO003865,SUP0036,PRD0114,2024-12-24,558,128.98,USD,71970.84,open
PO003866,SUP0005,PRD0079,2025-04-10,273,1800.97,USD,491664.81,open
PO003867,SUP0038,PRD0066,2025-03-18,346,2.35,USD,813.1,fulfilled
PO003868,SUP0028,PRD0013,2026-06-29,419,388.39,USD,162735.41,fulfilled
PO003869,SUP0031,PRD0143,2026-02-06,71,861.23,USD,61147.33,cancelled
PO003870,SUP0035,PRD0144,2025-06-11,78,1801.08,USD,140484.24,open
PO003871,SUP0017,PRD0045,2025-06-22,190,2.74,USD,520.6,open
PO003872,SUP0034,PRD0089,2025-02-01,622,6048.4,USD,3762104.8,cancelled
PO003873,SUP0005,PRD0016,2024-12-18,231,2627.12,USD,606864.72,fulfilled
PO003874,SUP0013,PRD0103,2025-01-02,1222,787.7,USD,962569.4,open
PO003875,SUP0001,PRD0133,2025-10-12,30,3.48,USD,104.4,fulfilled
PO003876,SUP0008,PRD0110,2025-01-19,154,2567.11,USD,395334.94,fulfilled
PO003877,SUP0017,PRD0111,2025-05-20,218,64.92,USD,14152.56,fulfilled
PO003878,SUP0007,PRD0083,2024-12-29,250,384.36,USD,96090.0,open
PO003879,SUP0015,PRD0141,2025-09-18,93,1516.44,USD,141028.92,fulfilled
PO003880,SUP0002,PRD0041,2024-12-18,759,2.33,USD,1768.47,fulfilled
PO003881,SUP0028,PRD0135,2025-09-22,154,264.45,USD,40725.3,cancelled
PO003882,SUP0022,PRD0139,2025-05-20,519,314.82,USD,163391.58,open
PO003883,SUP0017,PRD0089,2026-04-15,111,18.12,USD,2011.32,fulfilled
PO003884,SUP0034,PRD0032,2025-11-07,33,322.73,USD,10650.09,fulfilled
PO003885,SUP0034,PRD0056,2025-08-21,30,77.54,USD,2326.2,fulfilled
PO003886,SUP0039,PRD0044,2025-02-02,636,1751.88,USD,1114195.68,fulfilled
PO003887,SUP0009,PRD0038,2024-10-26,24,700.7,USD,16816.8,fulfilled
PO003888,SUP0040,PRD0010,2025-04-25,34,1426.46,USD,48499.64,fulfilled
PO003889,SUP0017,PRD0084,2025-05-24,205,2287.17,USD,468869.85,fulfilled
PO003890,SUP0008,PRD0025,2025-09-21,385,135.67,USD,52232.95,open
PO003891,SUP0034,PRD0134,2026-04-08,508,1202.31,USD,610773.48,cancelled
PO003892,SUP0034,PRD0106,2024-10-24,459,2.32,USD,1064.88,fulfilled
PO003893,SUP0015,PRD0102,2026-02-16,52,71.89,USD,3738.28,fulfilled
PO003894,SUP0012,PRD0111,2025-08-13,310,702.35,USD,217728.5,fulfilled
PO003895,SUP0030,PRD0133,2024-10-16,81,9.16,USD,741.96,fulfilled
PO003896,SUP0038,PRD0062,2024-11-03,320,10.12,USD,3238.4,fulfilled
PO003897,SUP0035,PRD0065,2025-03-14,124,8.59,USD,1065.16,fulfilled
PO003898,SUP0004,PRD0110,2026-08-15,102,2.31,USD,235.62,fulfilled
PO003899,SUP0036,PRD0016,2025-04-26,538,227.08,USD,122169.04,fulfilled
PO003900,SUP0002,PRD0150,2025-03-19,163,6127.67,USD,998810.21,fulfilled
PO003901,SUP0002,PRD0144,2024-12-04,184,814.24,USD,149820.16,fulfilled
PO003902,SUP0019,PRD0013,2025-09-22,562,3.31,USD,1860.22,fulfilled
PO003903,SUP0021,PRD0034,2025-09-06,182,2.31,USD,420.42,fulfilled
PO003904,SUP0008,PRD0114,2025-05-03,182,22.83,USD,4155.06,open
PO003905,SUP0017,PRD0122,2025-11-03,57,7.97,USD,454.29,fulfilled
PO003906,SUP0008,PRD0110,2026-08-16,329,1134.7,USD,373316.3,cancelled
PO003907,SUP0005,PRD0062,2026-07-11,161,370.5,USD,59650.5,fulfilled
PO003908,SUP0020,PRD0021,2025-12-21,426,3311.12,USD,1410537.12,open
PO003909,SUP0030,PRD0035,2024-10-05,143,2.32,USD,331.76,fulfilled
PO003910,SUP0009,PRD0122,2025-10-01,199,2.59,USD,515.41,fulfilled
PO003911,SUP0033,PRD0081,2025-04-14,408,140.7,USD,57405.6,open
PO003912,SUP0010,PRD0144,2026-05-13,178,35.49,USD,6317.22,fulfilled
PO003913,SUP0034,PRD0142,2026-01-31,103,2.31,USD,237.93,fulfilled
PO003914,SUP0012,PRD0133,2026-06-01,123,113.17,USD,13919.91,fulfilled
PO003915,SUP0019,PRD0057,2025-12-13,376,10.92,USD,4105.92,fulfilled
PO003916,SUP0022,PRD0066,2024-09-13,63,121.28,USD,7640.64,fulfilled
PO003917,SUP0008,PRD0122,2025-09-03,316,43.62,USD,13783.92,fulfilled
PO003918,SUP0036,PRD0032,2024-12-11,77,673.55,USD,51863.35,cancelled
PO003919,SUP0037,PRD0023,2026-04-16,436,431.59,USD,188173.24,open
PO003920,SUP0034,PRD0147,2026-04-04,743,1161.73,USD,863165.39,fulfilled
PO003921,SUP0030,PRD0045,2025-01-29,940,174.1,USD,163654.0,fulfilled
PO003922,SUP0011,PRD0124,2025-06-14,80,246.04,USD,19683.2,open
PO003923,SUP0031,PRD0136,2026-07-08,447,20.1,USD,8984.7,fulfilled
PO003924,SUP0029,PRD0141,2026-02-05,324,1976.55,USD,640402.2,fulfilled
PO003925,SUP0008,PRD0134,2025-03-18,362,57.64,USD,20865.68,fulfilled
PO003926,SUP0039,PRD0027,2025-10-19,451,318.94,USD,143841.94,fulfilled
PO003927,SUP0039,PRD0136,2025-08-08,324,4.15,USD,1344.6,fulfilled
PO003928,SUP0012,PRD0042,2026-07-30,668,576.04,USD,384794.72,fulfilled
PO003929,SUP0003,PRD0143,2026-09-02,281,2.32,USD,651.92,fulfilled
PO003930,SUP0036,PRD0103,2025-04-12,237,3.21,USD,760.77,fulfilled
PO003931,SUP0008,PRD0095,2025-08-28,569,710.52,USD,404285.88,cancelled
PO003932,SUP0006,PRD0108,2025-06-26,315,937.89,USD,295435.35,fulfilled
PO003933,SUP0033,PRD0111,2026-06-29,80,542.12,USD,43369.6,fulfilled
PO003934,SUP0040,PRD0054,2025-08-16,233,95.09,USD,22155.97,open
PO003935,SUP0038,PRD0051,2025-04-06,504,15.43,USD,7776.72,fulfilled
PO003936,SUP0034,PRD0114,2024-10-01,230,2035.14,USD,468082.2,fulfilled
PO003937,SUP0008,PRD0091,2026-02-04,138,113.02,USD,15596.76,open
PO003938,SUP0006,PRD0132,2025-02-13,214,4.44,USD,950.16,fulfilled
PO003939,SUP0024,PRD0054,2026-04-22,518,386.82,USD,200372.76,fulfilled
PO003940,SUP0002,PRD0077,2025-07-26,154,105.05,USD,16177.7,fulfilled
PO003941,SUP0029,PRD0141,2025-01-19,418,927.16,USD,387552.88,open
PO003942,SUP0005,PRD0038,2025-04-21,482,107.77,USD,51945.14,fulfilled
PO003943,SUP0030,PRD0045,2025-06-19,150,862.47,USD,129370.5,fulfilled
PO003944,SUP0008,PRD0062,2026-01-08,253,13.17,USD,3332.01,fulfilled
PO003945,SUP0021,PRD0070,2024-12-22,151,545.99,USD,82444.49,cancelled
PO003946,SUP0011,PRD0066,2026-06-28,79,533.79,USD,42169.41,open
PO003947,SUP0005,PRD0012,2025-11-19,137,2.63,USD,360.31,fulfilled
PO003948,SUP0015,PRD0007,2026-04-09,344,116.29,USD,40003.76,fulfilled
PO003949,SUP0035,PRD0075,2025-07-10,507,1828.54,USD,927069.78,fulfilled
PO003950,SUP0030,PRD0042,2026-01-15,117,683.91,USD,80017.47,fulfilled
PO003951,SUP0037,PRD0097,2026-08-13,323,1023.47,USD,330580.81,fulfilled
PO003952,SUP0036,PRD0097,2026-06-16,91,3730.16,USD,339444.56,fulfilled
PO003953,SUP0037,PRD0104,2025-01-17,789,2496.21,USD,1969509.69,fulfilled
PO003954,SUP0008,PRD0144,2025-01-26,290,2.4,USD,696.0,fulfilled
PO003955,SUP0005,PRD0128,2025-03-08,1070,49.26,USD,52708.2,open
PO003956,SUP0010,PRD0141,2025-03-04,496,562.74,USD,279119.04,fulfilled
PO003957,SUP0015,PRD0039,2026-08-30,79,34.08,USD,2692.32,fulfilled
PO003958,SUP0040,PRD0089,2026-01-14,309,37.12,USD,11470.08,fulfilled
PO003959,SUP0025,PRD0015,2026-02-13,1441,20.8,USD,29972.8,fulfilled
PO003960,SUP0037,PRD0118,2025-05-08,942,3424.99,USD,3226340.58,fulfilled
PO003961,SUP0011,PRD0077,2026-06-29,583,893.07,USD,520659.81,fulfilled
PO003962,SUP0006,PRD0016,2024-11-17,440,475.01,USD,209004.4,fulfilled
PO003963,SUP0016,PRD0056,2026-08-12,38,4.76,USD,180.88,fulfilled
PO003964,SUP0036,PRD0135,2024-10-11,444,22.78,USD,10114.32,fulfilled
PO003965,SUP0004,PRD0141,2026-01-12,224,186.9,USD,41865.6,fulfilled
PO003966,SUP0026,PRD0141,2025-03-26,185,2.75,USD,508.75,fulfilled
PO003967,SUP0015,PRD0111,2025-02-24,594,517.95,USD,307662.3,open
PO003968,SUP0029,PRD0010,2026-03-03,99,3201.78,USD,316976.22,open
PO003969,SUP0036,PRD0096,2025-12-05,202,9.59,USD,1937.18,fulfilled
PO003970,SUP0032,PRD0013,2024-10-06,263,1813.92,USD,477060.96,fulfilled
PO003971,SUP0002,PRD0064,2025-02-21,99,261.62,USD,25900.38,fulfilled
PO003972,SUP0032,PRD0097,2024-09-21,298,509.76,USD,151908.48,open
PO003973,SUP0004,PRD0130,2026-06-18,786,7.66,USD,6020.76,fulfilled
PO003974,SUP0019,PRD0051,2024-10-03,89,6.48,USD,576.72,open
PO003975,SUP0032,PRD0018,2025-11-09,380,74.21,USD,28199.8,fulfilled
PO003976,SUP0004,PRD0132,2024-10-18,80,2702.99,USD,216239.2,fulfilled
PO003977,SUP0002,PRD0150,2025-06-09,372,316.13,USD,117600.36,fulfilled
PO003978,SUP0002,PRD0095,2026-01-26,116,1439.12,USD,166937.92,fulfilled
PO003979,SUP0008,PRD0137,2026-03-16,859,296.07,USD,254324.13,fulfilled
PO003980,SUP0026,PRD0067,2026-03-10,69,57.56,USD,3971.64,fulfilled
PO003981,SUP0016,PRD0023,2024-11-10,371,32.19,USD,11942.49,fulfilled
PO003982,SUP0035,PRD0135,2024-12-17,146,499.99,USD,72998.54,open
PO003983,SUP0011,PRD0095,2025-10-08,191,829.46,USD,158426.86,fulfilled
PO003984,SUP0019,PRD0103,2025-01-01,136,1225.08,USD,166610.88,fulfilled
PO003985,SUP0004,PRD0020,2026-03-02,578,897.93,USD,519003.54,fulfilled
PO003986,SUP0040,PRD0079,2024-10-10,53,1898.95,USD,100644.35,fulfilled
PO003987,SUP0035,PRD0040,2025-08-30,446,799.37,USD,356519.02,open
PO003988,SUP0020,PRD0016,2024-10-12,29,242.52,USD,7033.08,fulfilled
PO003989,SUP0012,PRD0035,2025-05-01,45,35.53,USD,1598.85,fulfilled
PO003990,SUP0025,PRD0040,2025-01-29,75,13.83,USD,1037.25,fulfilled
PO003991,SUP0016,PRD0100,2026-07-17,253,4.2,USD,1062.6,fulfilled
PO003992,SUP0021,PRD0111,2024-09-15,111,2728.64,USD,302879.04,fulfilled
PO003993,SUP0031,PRD0058,2026-08-25,261,125.51,USD,32758.11,open
PO003994,SUP0035,PRD0025,2025-08-19,114,271.31,USD,30929.34,fulfilled
PO003995,SUP0004,PRD0095,2025-11-19,374,1140.69,USD,426618.06,open
PO003996,SUP0027,PRD0010,2024-09-24,646,1110.39,USD,717311.94,open
PO003997,SUP0038,PRD0036,2025-05-07,108,248.6,USD,26848.8,fulfilled
PO003998,SUP0003,PRD0102,2024-09-23,95,5.4,USD,513.0,fulfilled
PO003999,SUP0040,PRD0114,2025-10-17,198,2.32,USD,459.36,fulfilled
PO004000,SUP0016,PRD0132,2025-04-11,379,2042.32,USD,774039.28,open
PO004001,SUP0017,PRD0081,2026-02-04,352,43.74,USD,15396.48,open
PO004002,SUP0020,PRD0134,2025-07-18,137,3098.16,USD,424447.92,fulfilled
PO004003,SUP0012,PRD0007,2024-10-18,95,2.32,USD,220.4,fulfilled
PO004004,SUP0020,PRD0070,2024-09-08,286,888.4,USD,254082.4,fulfilled
PO004005,SUP0021,PRD0062,2026-08-03,933,2684.86,USD,2504974.38,open
PO004006,SUP0025,PRD0144,2025-08-29,1404,129.54,USD,181874.16,fulfilled
PO004007,SUP0019,PRD0133,2025-02-14,505,2.32,USD,1171.6,fulfilled
PO004008,SUP0010,PRD0132,2025-06-18,346,2.31,USD,799.26,cancelled
PO004009,SUP0025,PRD0082,2026-03-10,787,193.48,USD,152268.76,fulfilled
PO004010,SUP0037,PRD0024,2025-09-12,351,2.32,USD,814.32,fulfilled
PO004011,SUP0008,PRD0092,2024-10-13,223,371.79,USD,82909.17,open
PO004012,SUP0010,PRD0100,2024-10-17,102,1429.44,USD,145802.88,fulfilled
PO004013,SUP0024,PRD0035,2026-05-26,203,2.41,USD,489.23,fulfilled
PO004014,SUP0004,PRD0066,2026-05-06,968,532.37,USD,515334.16,cancelled
PO004015,SUP0019,PRD0005,2024-10-20,493,566.79,USD,279427.47,fulfilled
PO004016,SUP0017,PRD0079,2026-04-18,39,13.16,USD,513.24,cancelled
PO004017,SUP0027,PRD0083,2026-03-14,272,6.34,USD,1724.48,fulfilled
PO004018,SUP0005,PRD0023,2025-05-07,83,294.23,USD,24421.09,fulfilled
PO004019,SUP0040,PRD0130,2025-05-30,212,61.87,USD,13116.44,fulfilled
PO004020,SUP0012,PRD0027,2026-06-06,270,4102.15,USD,1107580.5,fulfilled
PO004021,SUP0032,PRD0084,2025-08-21,40,872.07,USD,34882.8,open
PO004022,SUP0029,PRD0048,2026-04-10,124,94.27,USD,11689.48,open
PO004023,SUP0031,PRD0056,2024-11-05,711,44.02,USD,31298.22,fulfilled
PO004024,SUP0017,PRD0048,2025-02-26,175,13.42,USD,2348.5,fulfilled
PO004025,SUP0030,PRD0036,2025-07-16,178,12.58,USD,2239.24,fulfilled
PO004026,SUP0033,PRD0032,2024-10-14,345,1168.31,USD,403066.95,fulfilled
PO004027,SUP0033,PRD0100,2024-12-27,539,26.84,USD,14466.76,cancelled
PO004028,SUP0002,PRD0045,2025-12-11,575,861.66,USD,495454.5,cancelled
PO004029,SUP0036,PRD0093,2024-10-16,282,2.35,USD,662.7,fulfilled
PO004030,SUP0028,PRD0024,2026-08-25,1008,177.09,USD,178506.72,fulfilled
PO004031,SUP0040,PRD0071,2025-03-07,217,6.1,USD,1323.7,cancelled
PO004032,SUP0030,PRD0122,2025-05-29,197,2004.21,USD,394829.37,fulfilled
PO004033,SUP0032,PRD0060,2026-06-05,728,63.07,USD,45914.96,cancelled
PO004034,SUP0038,PRD0079,2026-04-27,164,473.5,USD,77654.0,fulfilled
PO004035,SUP0017,PRD0040,2025-11-06,155,2739.46,USD,424616.3,open
PO004036,SUP0017,PRD0067,2025-06-02,339,2689.15,USD,911621.85,open
PO004037,SUP0024,PRD0005,2025-07-22,522,557.66,USD,291098.52,open
PO004038,SUP0018,PRD0114,2025-03-11,927,65.96,USD,61144.92,fulfilled
PO004039,SUP0020,PRD0060,2025-03-18,451,429.82,USD,193848.82,fulfilled
PO004040,SUP0013,PRD0136,2024-11-23,129,964.84,USD,124464.36,fulfilled
PO004041,SUP0031,PRD0103,2025-11-04,78,7458.29,USD,581746.62,cancelled
PO004042,SUP0034,PRD0143,2024-12-25,142,28.92,USD,4106.64,fulfilled
PO004043,SUP0015,PRD0034,2026-06-27,200,509.19,USD,101838.0,open
PO004044,SUP0002,PRD0003,2025-10-13,214,2.32,USD,496.48,fulfilled
PO004045,SUP0030,PRD0147,2026-01-26,174,2.49,USD,433.26,fulfilled
PO004046,SUP0001,PRD0142,2025-09-07,635,57.24,USD,36347.4,cancelled
PO004047,SUP0014,PRD0095,2026-04-05,124,853.67,USD,105855.08,open
PO004048,SUP0013,PRD0077,2026-01-17,72,6.88,USD,495.36,fulfilled
PO004049,SUP0030,PRD0066,2026-06-02,86,3290.5,USD,282983.0,fulfilled
PO004050,SUP0034,PRD0095,2026-04-18,854,27.07,USD,23117.78,open
PO004051,SUP0001,PRD0139,2025-08-28,163,564.14,USD,91954.82,fulfilled
PO004052,SUP0037,PRD0122,2024-09-22,218,297.12,USD,64772.16,fulfilled
PO004053,SUP0022,PRD0108,2025-05-04,52,2.31,USD,120.12,fulfilled
PO004054,SUP0013,PRD0025,2025-05-13,246,4.86,USD,1195.56,cancelled
PO004055,SUP0029,PRD0103,2025-07-29,172,3.66,USD,629.52,fulfilled
PO004056,SUP0030,PRD0150,2025-04-29,49,388.2,USD,19021.8,fulfilled
PO004057,SUP0032,PRD0144,2026-08-22,287,10.87,USD,3119.69,fulfilled
PO004058,SUP0011,PRD0114,2024-09-29,232,2559.26,USD,593748.32,fulfilled
PO004059,SUP0018,PRD0076,2025-05-31,84,66.36,USD,5574.24,fulfilled
PO004060,SUP0020,PRD0042,2025-07-10,493,44.85,USD,22111.05,fulfilled
PO004061,SUP0029,PRD0001,2025-02-23,387,434.84,USD,168283.08,fulfilled
PO004062,SUP0040,PRD0021,2024-10-02,430,146.7,USD,63081.0,fulfilled
PO004063,SUP0002,PRD0003,2026-02-09,425,6.21,USD,2639.25,open
PO004064,SUP0009,PRD0122,2026-02-08,572,749.35,USD,428628.2,fulfilled
PO004065,SUP0037,PRD0075,2024-12-30,286,17.89,USD,5116.54,cancelled
PO004066,SUP0022,PRD0085,2025-03-24,595,2.53,USD,1505.35,fulfilled
PO004067,SUP0012,PRD0097,2026-05-20,731,162.6,USD,118860.6,fulfilled
PO004068,SUP0010,PRD0013,2025-12-25,372,25.09,USD,9333.48,fulfilled
PO004069,SUP0040,PRD0057,2024-09-23,116,6.55,USD,759.8,fulfilled
PO004070,SUP0008,PRD0033,2026-03-16,755,805.43,USD,608099.65,cancelled
PO004071,SUP0017,PRD0015,2025-01-12,62,231.83,USD,14373.46,fulfilled
PO004072,SUP0013,PRD0112,2026-06-09,252,106.78,USD,26908.56,open
PO004073,SUP0020,PRD0045,2026-04-22,242,2354.45,USD,569776.9,fulfilled
PO004074,SUP0020,PRD0111,2026-03-21,319,2.69,USD,858.11,fulfilled
PO004075,SUP0025,PRD0094,2025-06-06,181,2.32,USD,419.92,fulfilled
PO004076,SUP0031,PRD0019,2026-06-28,458,3.8,USD,1740.4,cancelled
PO004077,SUP0020,PRD0108,2025-07-23,116,975.54,USD,113162.64,open
PO004078,SUP0006,PRD0141,2026-05-01,46,2126.17,USD,97803.82,fulfilled
PO004079,SUP0009,PRD0108,2025-11-22,585,928.63,USD,543248.55,fulfilled
PO004080,SUP0029,PRD0040,2026-06-04,129,6.12,USD,789.48,open
PO004081,SUP0012,PRD0102,2024-10-30,761,100.73,USD,76655.53,fulfilled
PO004082,SUP0030,PRD0112,2026-02-04,130,3989.87,USD,518683.1,fulfilled
PO004083,SUP0026,PRD0020,2026-02-28,200,2372.01,USD,474402.0,fulfilled
PO004084,SUP0017,PRD0142,2025-04-05,247,2.32,USD,573.04,fulfilled
PO004085,SUP0016,PRD0012,2025-09-25,232,159.45,USD,36992.4,fulfilled
PO004086,SUP0004,PRD0077,2025-04-12,110,690.32,USD,75935.2,fulfilled
PO004087,SUP0014,PRD0051,2025-03-25,238,2.44,USD,580.72,fulfilled
PO004088,SUP0037,PRD0091,2026-08-01,27,156.71,USD,4231.17,fulfilled
PO004089,SUP0009,PRD0079,2025-01-20,101,7.25,USD,732.25,cancelled
PO004090,SUP0004,PRD0143,2026-08-22,783,159.97,USD,125256.51,fulfilled
PO004091,SUP0009,PRD0094,2026-03-10,434,130.3,USD,56550.2,fulfilled
PO004092,SUP0001,PRD0045,2024-09-30,97,2.31,USD,224.07,open
PO004093,SUP0016,PRD0142,2024-11-06,278,287.55,USD,79938.9,fulfilled
PO004094,SUP0009,PRD0111,2026-06-28,49,1682.72,USD,82453.28,fulfilled
PO004095,SUP0013,PRD0058,2025-12-03,336,69.55,USD,23368.8,fulfilled
PO004096,SUP0005,PRD0117,2025-11-12,1054,358.29,USD,377637.66,open
PO004097,SUP0004,PRD0114,2026-02-23,576,73.48,USD,42324.48,fulfilled
PO004098,SUP0017,PRD0132,2026-04-05,261,2.32,USD,605.52,fulfilled
PO004099,SUP0035,PRD0144,2025-07-08,39,40.8,USD,1591.2,fulfilled
PO004100,SUP0007,PRD0043,2024-12-04,185,574.07,USD,106202.95,fulfilled
PO004101,SUP0032,PRD0102,2025-10-26,220,3.91,USD,860.2,fulfilled
PO004102,SUP0010,PRD0082,2026-08-14,301,145.74,USD,43867.74,fulfilled
PO004103,SUP0001,PRD0091,2025-12-21,158,2.31,USD,364.98,fulfilled
PO004104,SUP0002,PRD0145,2025-08-06,72,162.53,USD,11702.16,fulfilled
PO004105,SUP0001,PRD0001,2025-05-14,51,102.2,USD,5212.2,fulfilled
PO004106,SUP0030,PRD0020,2026-02-26,409,135.96,USD,55607.64,fulfilled
PO004107,SUP0030,PRD0136,2026-02-04,554,111.15,USD,61577.1,fulfilled
PO004108,SUP0006,PRD0016,2026-07-13,754,1426.13,USD,1075302.02,fulfilled
PO004109,SUP0004,PRD0147,2025-08-19,261,74.2,USD,19366.2,fulfilled
PO004110,SUP0032,PRD0045,2026-05-25,227,2.32,USD,526.64,fulfilled
PO004111,SUP0009,PRD0036,2025-11-01,141,16.07,USD,2265.87,fulfilled
PO004112,SUP0013,PRD0068,2025-01-16,80,2.72,USD,217.6,fulfilled
PO004113,SUP0031,PRD0115,2025-08-06,974,3.57,USD,3477.18,fulfilled
PO004114,SUP0015,PRD0015,2024-11-22,215,116.11,USD,24963.65,open
PO004115,SUP0036,PRD0064,2024-10-18,106,552.35,USD,58549.1,fulfilled
PO004116,SUP0015,PRD0003,2024-12-18,160,11.2,USD,1792.0,fulfilled
PO004117,SUP0021,PRD0048,2024-10-17,292,1132.49,USD,330687.08,fulfilled
PO004118,SUP0002,PRD0012,2026-08-02,200,945.96,USD,189192.0,open
PO004119,SUP0008,PRD0136,2026-06-30,167,234.5,USD,39161.5,fulfilled
PO004120,SUP0036,PRD0058,2026-01-05,132,85.23,USD,11250.36,fulfilled
PO004121,SUP0010,PRD0082,2025-08-03,83,13.12,USD,1088.96,open
PO004122,SUP0006,PRD0147,2024-12-10,101,7.23,USD,730.23,open
PO004123,SUP0031,PRD0078,2025-01-13,110,112.03,USD,12323.3,fulfilled
PO004124,SUP0036,PRD0055,2026-04-06,370,2.33,USD,862.1,open
PO004125,SUP0037,PRD0038,2025-09-02,250,1079.06,USD,269765.0,fulfilled
PO004126,SUP0027,PRD0102,2024-12-22,121,688.4,USD,83296.4,fulfilled
PO004127,SUP0026,PRD0044,2026-01-24,506,2409.76,USD,1219338.56,open
PO004128,SUP0014,PRD0133,2026-04-20,1019,266.47,USD,271532.93,fulfilled
PO004129,SUP0020,PRD0075,2026-07-25,246,78.48,USD,19306.08,open
PO004130,SUP0018,PRD0084,2025-05-13,128,168.59,USD,21579.52,cancelled
PO004131,SUP0012,PRD0093,2025-04-20,585,237.46,USD,138914.1,fulfilled
PO004132,SUP0026,PRD0146,2026-04-19,883,134.6,USD,118851.8,open
PO004133,SUP0019,PRD0076,2025-12-10,488,253.33,USD,123625.04,fulfilled
PO004134,SUP0026,PRD0021,2024-11-09,237,84.29,USD,19976.73,open
PO004135,SUP0019,PRD0002,2026-02-16,228,3310.13,USD,754709.64,fulfilled
PO004136,SUP0005,PRD0147,2025-04-28,268,503.21,USD,134860.28,fulfilled
PO004137,SUP0022,PRD0105,2024-09-24,951,47.81,USD,45467.31,fulfilled
PO004138,SUP0003,PRD0090,2026-02-01,589,4.49,USD,2644.61,fulfilled
PO004139,SUP0031,PRD0066,2024-09-25,679,2056.85,USD,1396601.15,fulfilled
PO004140,SUP0005,PRD0034,2026-05-24,490,140.02,USD,68609.8,fulfilled
PO004141,SUP0026,PRD0064,2024-09-30,40,104.92,USD,4196.8,fulfilled
PO004142,SUP0022,PRD0114,2025-07-23,659,7.48,USD,4929.32,fulfilled
PO004143,SUP0005,PRD0065,2026-08-10,150,826.07,USD,123910.5,cancelled
PO004144,SUP0006,PRD0032,2026-01-06,99,966.66,USD,95699.34,fulfilled
PO004145,SUP0026,PRD0105,2025-09-08,359,71.65,USD,25722.35,fulfilled
PO004146,SUP0008,PRD0109,2025-05-20,254,444.36,USD,112867.44,fulfilled
PO004147,SUP0039,PRD0106,2024-11-10,215,4.71,USD,1012.65,fulfilled
PO004148,SUP0030,PRD0002,2025-07-31,351,8.34,USD,2927.34,fulfilled
PO004149,SUP0009,PRD0042,2025-01-04,345,952.7,USD,328681.5,fulfilled
PO004150,SUP0040,PRD0010,2024-10-31,156,23.93,USD,3733.08,fulfilled
PO004151,SUP0015,PRD0062,2025-12-29,314,109.67,USD,34436.38,fulfilled
PO004152,SUP0040,PRD0104,2025-06-07,228,540.1,USD,123142.8,fulfilled
PO004153,SUP0006,PRD0122,2026-08-27,426,30.88,USD,13154.88,fulfilled
PO004154,SUP0039,PRD0049,2025-07-13,354,9.49,USD,3359.46,fulfilled
PO004155,SUP0010,PRD0066,2026-06-26,162,4902.27,USD,794167.74,fulfilled
PO004156,SUP0006,PRD0103,2025-09-08,286,2.33,USD,666.38,fulfilled
PO004157,SUP0009,PRD0087,2024-10-03,419,164.71,USD,69013.49,cancelled
PO004158,SUP0002,PRD0097,2025-11-13,1029,278.92,USD,287008.68,fulfilled
PO004159,SUP0031,PRD0089,2026-08-21,231,47.18,USD,10898.58,open
PO004160,SUP0040,PRD0020,2025-10-09,386,904.98,USD,349322.28,fulfilled
PO004161,SUP0013,PRD0078,2025-04-01,428,7.52,USD,3218.56,fulfilled
PO004162,SUP0010,PRD0132,2025-07-27,255,43.12,USD,10995.6,fulfilled
PO004163,SUP0004,PRD0045,2025-12-15,201,2.35,USD,472.35,fulfilled
PO004164,SUP0001,PRD0095,2026-02-03,240,229.51,USD,55082.4,fulfilled
PO004165,SUP0032,PRD0117,2026-06-10,286,307.36,USD,87904.96,fulfilled
PO004166,SUP0002,PRD0028,2025-07-31,348,11.99,USD,4172.52,fulfilled
PO004167,SUP0026,PRD0110,2026-07-24,165,1311.44,USD,216387.6,fulfilled
PO004168,SUP0001,PRD0016,2025-05-09,211,5689.5,USD,1200484.5,open
PO004169,SUP0013,PRD0038,2025-05-30,84,2.94,USD,246.96,fulfilled
PO004170,SUP0016,PRD0023,2026-09-02,47,2117.45,USD,99520.15,fulfilled
PO004171,SUP0008,PRD0038,2024-11-23,733,222.44,USD,163048.52,fulfilled
PO004172,SUP0031,PRD0066,2024-12-30,399,42.86,USD,17101.14,open
PO004173,SUP0018,PRD0010,2026-01-05,568,145.34,USD,82553.12,fulfilled
PO004174,SUP0032,PRD0078,2026-08-21,588,474.95,USD,279270.6,fulfilled
PO004175,SUP0031,PRD0147,2026-01-06,621,3.52,USD,2185.92,fulfilled
PO004176,SUP0030,PRD0015,2024-11-24,401,179.12,USD,71827.12,fulfilled
PO004177,SUP0037,PRD0096,2025-08-04,460,8.62,USD,3965.2,fulfilled
PO004178,SUP0026,PRD0082,2024-11-07,621,2.41,USD,1496.61,fulfilled
PO004179,SUP0022,PRD0081,2025-03-01,83,83.18,USD,6903.94,fulfilled
PO004180,SUP0032,PRD0076,2024-09-13,410,207.97,USD,85267.7,open
PO004181,SUP0012,PRD0075,2025-12-24,187,800.51,USD,149695.37,fulfilled
PO004182,SUP0034,PRD0045,2026-07-07,203,349.03,USD,70853.09,open
PO004183,SUP0019,PRD0122,2026-01-19,219,21.02,USD,4603.38,fulfilled
PO004184,SUP0039,PRD0148,2025-01-29,445,127.61,USD,56786.45,fulfilled
PO004185,SUP0003,PRD0056,2025-09-16,186,927.34,USD,172485.24,fulfilled
PO004186,SUP0007,PRD0136,2026-05-10,53,666.59,USD,35329.27,fulfilled
PO004187,SUP0010,PRD0020,2026-08-09,900,175.63,USD,158067.0,fulfilled
PO004188,SUP0024,PRD0072,2025-04-10,361,1600.37,USD,577733.57,cancelled
PO004189,SUP0036,PRD0042,2026-05-13,316,294.36,USD,93017.76,fulfilled
PO004190,SUP0013,PRD0143,2025-04-25,595,8.15,USD,4849.25,open
PO004191,SUP0026,PRD0064,2025-10-30,202,27.25,USD,5504.5,fulfilled
PO004192,SUP0012,PRD0076,2025-12-14,137,64.44,USD,8828.28,fulfilled
PO004193,SUP0003,PRD0132,2026-02-15,50,2.32,USD,116.0,cancelled
PO004194,SUP0035,PRD0039,2025-01-22,152,395.73,USD,60150.96,fulfilled
PO004195,SUP0012,PRD0106,2025-05-03,288,198.3,USD,57110.4,fulfilled
PO004196,SUP0015,PRD0048,2024-12-25,299,4.77,USD,1426.23,fulfilled
PO004197,SUP0040,PRD0001,2024-09-07,309,58.46,USD,18064.14,fulfilled
PO004198,SUP0025,PRD0013,2026-03-08,149,4.88,USD,727.12,fulfilled
PO004199,SUP0001,PRD0041,2024-11-12,255,42.05,USD,10722.75,fulfilled
PO004200,SUP0019,PRD0053,2026-03-06,123,2542.02,USD,312668.46,fulfilled
PO004201,SUP0002,PRD0144,2025-05-19,261,67.42,USD,17596.62,fulfilled
PO004202,SUP0030,PRD0016,2026-04-19,84,1372.9,USD,115323.6,fulfilled
PO004203,SUP0036,PRD0057,2024-11-23,37,934.7,USD,34583.9,fulfilled
PO004204,SUP0019,PRD0038,2025-03-02,124,360.47,USD,44698.28,fulfilled
PO004205,SUP0017,PRD0032,2025-06-06,516,1859.58,USD,959543.28,fulfilled
PO004206,SUP0013,PRD0042,2026-02-17,284,5551.24,USD,1576552.16,cancelled
PO004207,SUP0005,PRD0032,2025-01-21,638,401.64,USD,256246.32,fulfilled
PO004208,SUP0032,PRD0097,2025-05-23,179,10.14,USD,1815.06,open
PO004209,SUP0007,PRD0124,2026-04-27,147,411.74,USD,60525.78,open
PO004210,SUP0037,PRD0109,2024-10-31,920,39.83,USD,36643.6,fulfilled
PO004211,SUP0020,PRD0040,2025-05-09,692,1162.07,USD,804152.44,fulfilled
PO004212,SUP0002,PRD0147,2026-05-25,393,191.2,USD,75141.6,fulfilled
PO004213,SUP0009,PRD0117,2024-10-27,73,70.45,USD,5142.85,fulfilled
PO004214,SUP0017,PRD0075,2026-07-31,68,1767.11,USD,120163.48,fulfilled
PO004215,SUP0004,PRD0048,2026-03-26,83,863.36,USD,71658.88,open
PO004216,SUP0012,PRD0064,2026-02-02,871,2.39,USD,2081.69,open
PO004217,SUP0007,PRD0136,2026-08-05,167,114.01,USD,19039.67,fulfilled
PO004218,SUP0032,PRD0097,2026-01-31,207,818.92,USD,169516.44,fulfilled
PO004219,SUP0009,PRD0053,2024-09-13,235,59.98,USD,14095.3,fulfilled
PO004220,SUP0019,PRD0111,2025-02-10,70,811.32,USD,56792.4,fulfilled
PO004221,SUP0030,PRD0121,2025-01-17,172,2.58,USD,443.76,fulfilled
PO004222,SUP0035,PRD0103,2026-02-03,194,1627.3,USD,315696.2,fulfilled
PO004223,SUP0021,PRD0024,2025-08-02,42,2.35,USD,98.7,open
PO004224,SUP0022,PRD0145,2026-06-21,32,3651.96,USD,116862.72,fulfilled
PO004225,SUP0026,PRD0100,2024-11-05,220,5387.12,USD,1185166.4,fulfilled
PO004226,SUP0019,PRD0068,2026-03-06,471,123.74,USD,58281.54,fulfilled
PO004227,SUP0027,PRD0018,2026-03-10,52,3.44,USD,178.88,open
PO004228,SUP0037,PRD0023,2025-02-15,287,235.3,USD,67531.1,fulfilled
PO004229,SUP0023,PRD0147,2024-09-27,79,2916.57,USD,230409.03,fulfilled
PO004230,SUP0009,PRD0132,2026-06-11,1193,4741.58,USD,5656704.94,open
PO004231,SUP0020,PRD0122,2025-08-27,136,37.4,USD,5086.4,fulfilled
PO004232,SUP0022,PRD0015,2026-08-20,698,3.28,USD,2289.44,open
PO004233,SUP0019,PRD0084,2026-04-30,133,119.87,USD,15942.71,open
PO004234,SUP0012,PRD0064,2026-06-30,496,512.0,USD,253952.0,open
PO004235,SUP0032,PRD0081,2026-07-31,815,736.03,USD,599864.45,fulfilled
PO004236,SUP0005,PRD0009,2026-01-06,839,344.97,USD,289429.83,fulfilled
PO004237,SUP0015,PRD0117,2025-03-29,162,2.64,USD,427.68,fulfilled
PO004238,SUP0006,PRD0005,2026-02-02,522,3247.07,USD,1694970.54,fulfilled
PO004239,SUP0009,PRD0056,2025-05-05,400,76.5,USD,30600.0,fulfilled
PO004240,SUP0030,PRD0139,2026-02-10,84,2.47,USD,207.48,fulfilled
PO004241,SUP0006,PRD0100,2024-12-01,1347,87.74,USD,118185.78,fulfilled
PO004242,SUP0010,PRD0082,2025-12-30,101,3644.14,USD,368058.14,fulfilled
PO004243,SUP0002,PRD0040,2026-05-03,255,1920.44,USD,489712.2,open
PO004244,SUP0002,PRD0038,2026-02-16,180,5.55,USD,999.0,fulfilled
PO004245,SUP0016,PRD0064,2024-09-27,801,67.42,USD,54003.42,open
PO004246,SUP0001,PRD0084,2026-08-31,166,10.89,USD,1807.74,fulfilled
PO004247,SUP0019,PRD0015,2025-05-23,620,278.75,USD,172825.0,fulfilled
PO004248,SUP0020,PRD0114,2025-09-02,457,1130.2,USD,516501.4,fulfilled
PO004249,SUP0035,PRD0016,2025-10-07,319,4.07,USD,1298.33,cancelled
PO004250,SUP0023,PRD0012,2025-09-29,194,659.18,USD,127880.92,open
PO004251,SUP0020,PRD0064,2026-07-21,59,3118.84,USD,184011.56,fulfilled
PO004252,SUP0024,PRD0066,2026-06-09,461,1042.67,USD,480670.87,fulfilled
PO004253,SUP0013,PRD0078,2024-10-05,432,23.75,USD,10260.0,cancelled
PO004254,SUP0010,PRD0104,2024-10-26,1043,136.98,USD,142870.14,cancelled
PO004255,SUP0021,PRD0066,2025-06-27,686,2.53,USD,1735.58,fulfilled
PO004256,SUP0030,PRD0012,2024-11-17,157,1302.52,USD,204495.64,fulfilled
PO004257,SUP0022,PRD0013,2024-11-27,79,71.39,USD,5639.81,fulfilled
PO004258,SUP0025,PRD0057,2026-07-20,375,20.95,USD,7856.25,fulfilled
PO004259,SUP0030,PRD0100,2025-01-16,95,74.12,USD,7041.4,fulfilled
PO004260,SUP0013,PRD0057,2025-12-07,371,2521.27,USD,935391.17,open
PO004261,SUP0028,PRD0019,2026-07-27,104,7458.29,USD,775662.16,open
PO004262,SUP0033,PRD0122,2025-07-10,379,92.31,USD,34985.49,cancelled
PO004263,SUP0005,PRD0028,2024-11-30,128,512.41,USD,65588.48,fulfilled
PO004264,SUP0037,PRD0137,2026-01-08,32,348.47,USD,11151.04,fulfilled
PO004265,SUP0020,PRD0003,2026-03-19,138,1379.58,USD,190382.04,fulfilled
PO004266,SUP0002,PRD0103,2024-09-06,55,201.05,USD,11057.75,open
PO004267,SUP0022,PRD0122,2025-06-21,365,187.46,USD,68422.9,fulfilled
PO004268,SUP0035,PRD0150,2026-09-01,586,71.72,USD,42027.92,fulfilled
PO004269,SUP0037,PRD0070,2024-10-07,140,223.98,USD,31357.2,cancelled
PO004270,SUP0008,PRD0134,2025-06-17,206,2537.33,USD,522689.98,fulfilled
PO004271,SUP0036,PRD0064,2025-12-29,68,287.91,USD,19577.88,fulfilled
PO004272,SUP0009,PRD0079,2025-01-04,55,670.44,USD,36874.2,open
PO004273,SUP0010,PRD0091,2025-06-21,411,4581.67,USD,1883066.37,fulfilled
PO004274,SUP0036,PRD0103,2025-04-30,523,10.7,USD,5596.1,cancelled
PO004275,SUP0031,PRD0035,2024-11-22,106,56.36,USD,5974.16,fulfilled
PO004276,SUP0025,PRD0007,2026-01-21,69,2.35,USD,162.15,open
PO004277,SUP0021,PRD0112,2026-07-31,338,2.31,USD,780.78,fulfilled
PO004278,SUP0038,PRD0130,2024-12-21,983,444.38,USD,436825.54,fulfilled
PO004279,SUP0022,PRD0136,2026-01-11,465,344.6,USD,160239.0,fulfilled
PO004280,SUP0030,PRD0041,2024-10-15,225,186.9,USD,42052.5,fulfilled
PO004281,SUP0032,PRD0106,2025-07-20,44,569.73,USD,25068.12,cancelled
PO004282,SUP0017,PRD0094,2025-06-09,30,5918.58,USD,177557.4,cancelled
PO004283,SUP0012,PRD0110,2024-12-18,324,586.73,USD,190100.52,fulfilled
PO004284,SUP0039,PRD0132,2024-10-14,392,36.46,USD,14292.32,fulfilled
PO004285,SUP0039,PRD0105,2026-02-01,85,4.27,USD,362.95,fulfilled
PO004286,SUP0021,PRD0117,2025-05-28,123,2.51,USD,308.73,cancelled
PO004287,SUP0037,PRD0021,2026-05-05,200,40.72,USD,8144.0,open
PO004288,SUP0026,PRD0109,2025-09-29,237,489.46,USD,116002.02,fulfilled
PO004289,SUP0036,PRD0137,2026-03-25,389,133.27,USD,51842.03,fulfilled
PO004290,SUP0015,PRD0041,2025-04-07,390,281.63,USD,109835.7,fulfilled
PO004291,SUP0004,PRD0076,2024-11-30,261,1900.32,USD,495983.52,fulfilled
PO004292,SUP0018,PRD0139,2025-10-10,457,11.42,USD,5218.94,fulfilled
PO004293,SUP0002,PRD0074,2026-05-31,337,672.38,USD,226592.06,fulfilled
PO004294,SUP0040,PRD0020,2025-02-08,213,180.24,USD,38391.12,fulfilled
PO004295,SUP0001,PRD0072,2026-02-05,821,543.96,USD,446591.16,fulfilled
PO004296,SUP0032,PRD0128,2026-06-25,69,1034.48,USD,71379.12,fulfilled
PO004297,SUP0027,PRD0019,2024-10-31,280,2.55,USD,714.0,cancelled
PO004298,SUP0019,PRD0150,2026-07-07,406,455.92,USD,185103.52,fulfilled
PO004299,SUP0030,PRD0051,2026-08-25,197,9.19,USD,1810.43,fulfilled
PO004300,SUP0025,PRD0011,2026-04-28,354,2.59,USD,916.86,fulfilled
PO004301,SUP0012,PRD0147,2024-10-10,458,2716.92,USD,1244349.36,fulfilled
PO004302,SUP0006,PRD0095,2025-11-09,1003,220.49,USD,221151.47,cancelled
PO004303,SUP0029,PRD0043,2025-01-30,86,150.52,USD,12944.72,fulfilled
PO004304,SUP0040,PRD0128,2026-08-15,587,5.53,USD,3246.11,fulfilled
PO004305,SUP0034,PRD0111,2026-04-04,717,896.92,USD,643091.64,fulfilled
PO004306,SUP0040,PRD0132,2025-07-31,94,183.67,USD,17264.98,fulfilled
PO004307,SUP0021,PRD0079,2024-10-28,111,1399.5,USD,155344.5,cancelled
PO004308,SUP0040,PRD0148,2026-07-03,155,10.65,USD,1650.75,fulfilled
PO004309,SUP0033,PRD0128,2025-11-04,123,3865.12,USD,475409.76,open
PO004310,SUP0007,PRD0066,2025-03-11,282,1965.86,USD,554372.52,fulfilled
PO004311,SUP0021,PRD0137,2026-06-04,890,23.35,USD,20781.5,fulfilled
PO004312,SUP0012,PRD0093,2025-08-29,210,914.97,USD,192143.7,fulfilled
PO004313,SUP0019,PRD0037,2025-11-04,70,2.34,USD,163.8,fulfilled
PO004314,SUP0013,PRD0122,2025-02-03,744,5286.29,USD,3932999.76,fulfilled
PO004315,SUP0017,PRD0133,2025-02-17,246,2.31,USD,568.26,fulfilled
PO004316,SUP0002,PRD0105,2025-06-27,753,707.28,USD,532581.84,open
PO004317,SUP0008,PRD0120,2026-02-06,688,71.77,USD,49377.76,fulfilled
PO004318,SUP0026,PRD0066,2026-08-09,339,2.65,USD,898.35,fulfilled
PO004319,SUP0001,PRD0097,2025-05-20,37,1782.15,USD,65939.55,open
PO004320,SUP0037,PRD0106,2025-03-04,282,6436.12,USD,1814985.84,open
PO004321,SUP0029,PRD0084,2026-03-04,485,309.24,USD,149981.4,open
PO004322,SUP0012,PRD0141,2025-05-02,35,3437.75,USD,120321.25,fulfilled
PO004323,SUP0004,PRD0014,2026-01-01,66,2.31,USD,152.46,open
PO004324,SUP0030,PRD0009,2025-11-25,63,949.36,USD,59809.68,fulfilled
PO004325,SUP0002,PRD0035,2026-07-15,181,13.82,USD,2501.42,fulfilled
PO004326,SUP0018,PRD0132,2025-01-09,934,150.12,USD,140212.08,open
PO004327,SUP0017,PRD0021,2026-07-05,44,114.72,USD,5047.68,fulfilled
PO004328,SUP0006,PRD0072,2025-04-12,148,1171.79,USD,173424.92,fulfilled
PO004329,SUP0004,PRD0023,2025-10-23,342,3.25,USD,1111.5,fulfilled
PO004330,SUP0022,PRD0134,2025-11-15,103,7.93,USD,816.79,fulfilled
PO004331,SUP0008,PRD0024,2025-06-30,932,92.3,USD,86023.6,fulfilled
PO004332,SUP0015,PRD0132,2025-11-13,111,8.42,USD,934.62,fulfilled
PO004333,SUP0035,PRD0015,2025-07-24,415,564.6,USD,234309.0,fulfilled
PO004334,SUP0040,PRD0031,2025-01-20,88,4.13,USD,363.44,fulfilled
PO004335,SUP0015,PRD0111,2024-09-29,493,27.39,USD,13503.27,open
PO004336,SUP0017,PRD0111,2026-06-13,32,163.82,USD,5242.24,open
PO004337,SUP0024,PRD0109,2026-01-02,265,105.55,USD,27970.75,fulfilled
PO004338,SUP0026,PRD0081,2024-11-21,71,5.85,USD,415.35,fulfilled
PO004339,SUP0001,PRD0124,2025-04-25,211,133.07,USD,28077.77,fulfilled
PO004340,SUP0019,PRD0037,2026-06-18,68,3.61,USD,245.48,fulfilled
PO004341,SUP0002,PRD0087,2025-08-04,715,466.25,USD,333368.75,open
PO004342,SUP0017,PRD0132,2026-01-04,485,3.49,USD,1692.65,open
PO004343,SUP0026,PRD0119,2024-11-03,158,1144.54,USD,180837.32,fulfilled
PO004344,SUP0035,PRD0079,2025-08-08,238,5.62,USD,1337.56,cancelled
PO004345,SUP0037,PRD0106,2025-04-02,533,2.31,USD,1231.23,fulfilled
PO004346,SUP0031,PRD0035,2026-07-22,293,4423.78,USD,1296167.54,fulfilled
PO004347,SUP0035,PRD0004,2025-11-15,160,781.64,USD,125062.4,fulfilled
PO004348,SUP0006,PRD0048,2026-08-28,178,1086.64,USD,193421.92,fulfilled
PO004349,SUP0016,PRD0091,2026-07-30,62,1015.71,USD,62974.02,fulfilled
PO004350,SUP0023,PRD0028,2025-07-09,78,572.09,USD,44623.02,fulfilled
PO004351,SUP0040,PRD0110,2026-03-14,229,67.41,USD,15436.89,fulfilled
PO004352,SUP0028,PRD0032,2026-02-05,301,6.7,USD,2016.7,fulfilled
PO004353,SUP0035,PRD0064,2026-07-03,179,904.95,USD,161986.05,fulfilled
PO004354,SUP0002,PRD0007,2025-11-07,220,9.56,USD,2103.2,fulfilled
PO004355,SUP0033,PRD0097,2025-10-20,364,3.66,USD,1332.24,fulfilled
PO004356,SUP0035,PRD0120,2025-05-26,44,365.66,USD,16089.04,fulfilled
PO004357,SUP0014,PRD0121,2026-06-03,545,2345.29,USD,1278183.05,open
PO004358,SUP0002,PRD0066,2025-09-14,245,1345.41,USD,329625.45,fulfilled
PO004359,SUP0006,PRD0079,2025-08-24,145,2002.36,USD,290342.2,fulfilled
PO004360,SUP0027,PRD0059,2025-08-11,445,2.76,USD,1228.2,fulfilled
PO004361,SUP0038,PRD0056,2025-12-11,559,35.77,USD,19995.43,fulfilled
PO004362,SUP0019,PRD0112,2025-11-10,358,4348.71,USD,1556838.18,open
PO004363,SUP0034,PRD0135,2026-07-26,706,63.44,USD,44788.64,open
PO004364,SUP0026,PRD0057,2025-01-07,165,743.37,USD,122656.05,fulfilled
PO004365,SUP0015,PRD0079,2026-08-15,269,1007.97,USD,271143.93,fulfilled
PO004366,SUP0032,PRD0010,2025-05-16,381,381.83,USD,145477.23,fulfilled
PO004367,SUP0005,PRD0012,2025-11-11,698,305.81,USD,213455.38,fulfilled
PO004368,SUP0012,PRD0078,2026-05-27,210,332.76,USD,69879.6,fulfilled
PO004369,SUP0019,PRD0095,2025-03-03,128,151.81,USD,19431.68,fulfilled
PO004370,SUP0015,PRD0016,2024-12-23,115,478.72,USD,55052.8,fulfilled
PO004371,SUP0040,PRD0094,2026-05-24,247,1760.22,USD,434774.34,fulfilled
PO004372,SUP0017,PRD0119,2026-07-13,49,28.52,USD,1397.48,open
PO004373,SUP0004,PRD0132,2025-11-30,427,622.41,USD,265769.07,fulfilled
PO004374,SUP0034,PRD0018,2026-04-10,153,297.98,USD,45590.94,open
PO004375,SUP0021,PRD0095,2026-05-31,192,2.31,USD,443.52,fulfilled
PO004376,SUP0026,PRD0109,2025-12-08,64,2.35,USD,150.4,open
PO004377,SUP0008,PRD0023,2024-11-03,104,31.67,USD,3293.68,fulfilled
PO004378,SUP0001,PRD0010,2025-01-24,44,4.08,USD,179.52,fulfilled
PO004379,SUP0017,PRD0038,2025-08-15,154,3871.09,USD,596147.86,cancelled
PO004380,SUP0002,PRD0102,2026-06-26,71,1193.06,USD,84707.26,open
PO004381,SUP0030,PRD0091,2025-10-23,329,23.93,USD,7872.97,fulfilled
PO004382,SUP0027,PRD0058,2026-07-06,868,654.1,USD,567758.8,open
PO004383,SUP0037,PRD0103,2025-05-20,1036,809.01,USD,838134.36,fulfilled
PO004384,SUP0005,PRD0044,2025-10-27,459,15.46,USD,7096.14,fulfilled
PO004385,SUP0006,PRD0015,2026-07-29,470,1130.2,USD,531194.0,fulfilled
PO004386,SUP0018,PRD0019,2026-06-24,331,115.54,USD,38243.74,fulfilled
PO004387,SUP0017,PRD0111,2025-12-01,651,7.42,USD,4830.42,fulfilled
PO004388,SUP0012,PRD0040,2025-04-26,583,251.23,USD,146467.09,fulfilled
PO004389,SUP0029,PRD0038,2025-08-08,626,1164.45,USD,728945.7,fulfilled
PO004390,SUP0009,PRD0079,2026-06-09,475,112.73,USD,53546.75,fulfilled
PO004391,SUP0015,PRD0136,2024-09-23,776,1816.62,USD,1409697.12,fulfilled
PO004392,SUP0015,PRD0091,2024-09-15,481,2014.18,USD,968820.58,fulfilled
PO004393,SUP0031,PRD0111,2026-01-23,261,51.59,USD,13464.99,fulfilled
PO004394,SUP0013,PRD0019,2025-02-23,179,3623.89,USD,648676.31,open
PO004395,SUP0026,PRD0106,2025-06-20,43,1041.85,USD,44799.55,fulfilled
PO004396,SUP0032,PRD0079,2025-09-21,406,2.69,USD,1092.14,cancelled
PO004397,SUP0004,PRD0051,2025-04-19,356,692.42,USD,246501.52,cancelled
PO004398,SUP0029,PRD0004,2024-12-24,143,251.51,USD,35965.93,fulfilled
PO004399,SUP0004,PRD0132,2024-11-02,620,201.99,USD,125233.8,cancelled
PO004400,SUP0031,PRD0057,2026-04-10,33,713.59,USD,23548.47,fulfilled
PO004401,SUP0021,PRD0048,2026-07-25,122,4.41,USD,538.02,fulfilled
PO004402,SUP0009,PRD0001,2024-12-26,95,6179.58,USD,587060.1,fulfilled
PO004403,SUP0013,PRD0096,2025-03-31,241,37.4,USD,9013.4,fulfilled
PO004404,SUP0036,PRD0036,2025-10-26,566,172.65,USD,97719.9,fulfilled
PO004405,SUP0005,PRD0095,2025-03-12,231,1132.97,USD,261716.07,fulfilled
PO004406,SUP0020,PRD0017,2026-01-20,410,2.64,USD,1082.4,fulfilled
PO004407,SUP0026,PRD0072,2024-11-17,299,136.19,USD,40720.81,cancelled
PO004408,SUP0016,PRD0112,2024-10-26,64,671.68,USD,42987.52,open
PO004409,SUP0038,PRD0056,2025-10-07,223,188.02,USD,41928.46,fulfilled
PO004410,SUP0015,PRD0150,2025-11-16,91,2.34,USD,212.94,open
PO004411,SUP0004,PRD0066,2025-12-20,67,322.04,USD,21576.68,open
PO004412,SUP0036,PRD0125,2025-06-22,217,3.12,USD,677.04,fulfilled
PO004413,SUP0021,PRD0132,2025-03-10,127,966.03,USD,122685.81,open
PO004414,SUP0029,PRD0100,2025-01-08,337,2.38,USD,802.06,fulfilled
PO004415,SUP0021,PRD0048,2025-03-09,78,20.96,USD,1634.88,fulfilled
PO004416,SUP0023,PRD0020,2025-12-13,163,3.47,USD,565.61,fulfilled
PO004417,SUP0029,PRD0066,2026-01-15,199,333.19,USD,66304.81,open
PO004418,SUP0034,PRD0065,2025-09-22,690,153.73,USD,106073.7,fulfilled
PO004419,SUP0036,PRD0084,2026-02-25,247,38.78,USD,9578.66,cancelled
PO004420,SUP0010,PRD0114,2025-05-01,634,6.5,USD,4121.0,open
PO004421,SUP0028,PRD0145,2026-08-31,129,2.31,USD,297.99,fulfilled
PO004422,SUP0033,PRD0073,2024-10-21,682,30.04,USD,20487.28,open
PO004423,SUP0012,PRD0040,2025-02-26,331,1166.41,USD,386081.71,fulfilled
PO004424,SUP0019,PRD0094,2024-11-29,171,2886.74,USD,493632.54,cancelled
PO004425,SUP0037,PRD0141,2024-10-23,217,2.36,USD,512.12,fulfilled
PO004426,SUP0028,PRD0108,2025-02-01,191,2.77,USD,529.07,fulfilled
PO004427,SUP0032,PRD0122,2025-05-12,213,1389.99,USD,296067.87,fulfilled
PO004428,SUP0036,PRD0070,2025-11-27,655,1556.69,USD,1019631.95,fulfilled
PO004429,SUP0038,PRD0102,2026-05-21,329,446.08,USD,146760.32,fulfilled
PO004430,SUP0019,PRD0141,2024-09-14,84,5.71,USD,479.64,fulfilled
PO004431,SUP0034,PRD0058,2025-08-09,418,26.41,USD,11039.38,fulfilled
PO004432,SUP0034,PRD0086,2026-08-29,323,11.87,USD,3834.01,fulfilled
PO004433,SUP0035,PRD0119,2024-11-30,457,815.52,USD,372692.64,fulfilled
PO004434,SUP0035,PRD0093,2026-06-19,156,2.32,USD,361.92,fulfilled
PO004435,SUP0019,PRD0106,2025-07-11,1322,1870.12,USD,2472298.64,fulfilled
PO004436,SUP0006,PRD0065,2025-08-28,216,41.84,USD,9037.44,fulfilled
PO004437,SUP0019,PRD0109,2026-03-05,451,192.49,USD,86812.99,fulfilled
PO004438,SUP0006,PRD0016,2025-01-07,394,519.6,USD,204722.4,fulfilled
PO004439,SUP0019,PRD0041,2024-10-21,34,597.45,USD,20313.3,open
PO004440,SUP0019,PRD0137,2026-06-19,390,49.74,USD,19398.6,fulfilled
PO004441,SUP0038,PRD0108,2024-10-16,171,41.99,USD,7180.29,open
PO004442,SUP0018,PRD0037,2024-09-04,576,608.76,USD,350645.76,fulfilled
PO004443,SUP0020,PRD0044,2024-09-29,259,2.31,USD,598.29,fulfilled
PO004444,SUP0012,PRD0075,2025-11-16,99,2522.04,USD,249681.96,cancelled
PO004445,SUP0013,PRD0122,2026-04-10,926,681.43,USD,631004.18,fulfilled
PO004446,SUP0008,PRD0114,2026-07-01,349,1900.54,USD,663288.46,fulfilled
PO004447,SUP0028,PRD0109,2025-04-29,132,1291.14,USD,170430.48,fulfilled
PO004448,SUP0023,PRD0056,2025-08-15,136,198.74,USD,27028.64,fulfilled
PO004449,SUP0021,PRD0024,2024-09-04,480,102.11,USD,49012.8,fulfilled
PO004450,SUP0003,PRD0018,2025-01-20,302,1112.67,USD,336026.34,fulfilled
PO004451,SUP0008,PRD0122,2025-03-25,272,54.23,USD,14750.56,fulfilled
PO004452,SUP0013,PRD0037,2024-12-18,406,159.12,USD,64602.72,fulfilled
PO004453,SUP0012,PRD0079,2026-06-15,323,624.4,USD,201681.2,open
PO004454,SUP0005,PRD0102,2025-12-03,335,206.31,USD,69113.85,open
PO004455,SUP0033,PRD0133,2025-09-22,324,151.33,USD,49030.92,fulfilled
PO004456,SUP0031,PRD0015,2025-08-06,640,1345.99,USD,861433.6,cancelled
PO004457,SUP0030,PRD0048,2026-02-27,1257,3273.9,USD,4115292.3,cancelled
PO004458,SUP0002,PRD0132,2025-07-12,271,60.23,USD,16322.33,fulfilled
PO004459,SUP0004,PRD0062,2025-09-07,466,2419.75,USD,1127603.5,fulfilled
PO004460,SUP0030,PRD0095,2025-06-05,25,712.13,USD,17803.25,fulfilled
PO004461,SUP0011,PRD0076,2025-06-19,360,10.27,USD,3697.2,fulfilled
PO004462,SUP0030,PRD0015,2026-03-26,270,262.19,USD,70791.3,fulfilled
PO004463,SUP0019,PRD0023,2026-07-24,175,9.34,USD,1634.5,fulfilled
PO004464,SUP0021,PRD0053,2024-10-22,159,14.68,USD,2334.12,fulfilled
PO004465,SUP0025,PRD0091,2025-02-12,85,124.56,USD,10587.6,fulfilled
PO004466,SUP0010,PRD0136,2026-05-29,314,27.02,USD,8484.28,fulfilled
PO004467,SUP0039,PRD0044,2025-12-21,357,3.46,USD,1235.22,fulfilled
PO004468,SUP0007,PRD0075,2026-02-28,45,895.34,USD,40290.3,fulfilled
PO004469,SUP0017,PRD0058,2026-01-06,60,309.7,USD,18582.0,fulfilled
PO004470,SUP0005,PRD0140,2024-10-27,80,94.42,USD,7553.6,fulfilled
PO004471,SUP0017,PRD0008,2025-05-01,178,112.49,USD,20023.22,open
PO004472,SUP0035,PRD0055,2025-11-10,351,1559.82,USD,547496.82,open
PO004473,SUP0012,PRD0084,2024-11-26,168,620.76,USD,104287.68,open
PO004474,SUP0005,PRD0114,2025-01-24,537,2.52,USD,1353.24,fulfilled
PO004475,SUP0039,PRD0014,2025-08-19,147,249.43,USD,36666.21,fulfilled
PO004476,SUP0002,PRD0028,2025-10-01,380,1078.73,USD,409917.4,fulfilled
PO004477,SUP0033,PRD0036,2025-01-21,113,2.38,USD,268.94,fulfilled
PO004478,SUP0022,PRD0122,2025-02-22,454,686.73,USD,311775.42,open
PO004479,SUP0032,PRD0064,2025-11-10,487,397.25,USD,193460.75,fulfilled
PO004480,SUP0015,PRD0141,2026-07-12,200,7458.29,USD,1491658.0,fulfilled
PO004481,SUP0025,PRD0066,2026-04-30,143,21.82,USD,3120.26,fulfilled
PO004482,SUP0014,PRD0137,2025-06-19,64,154.47,USD,9886.08,fulfilled
PO004483,SUP0015,PRD0106,2025-11-11,213,1283.7,USD,273428.1,fulfilled
PO004484,SUP0025,PRD0078,2025-02-05,487,2.43,USD,1183.41,fulfilled
PO004485,SUP0014,PRD0083,2026-08-19,306,4.67,USD,1429.02,fulfilled
PO004486,SUP0032,PRD0083,2025-04-24,505,12.11,USD,6115.55,fulfilled
PO004487,SUP0039,PRD0049,2024-11-20,397,21.79,USD,8650.63,fulfilled
PO004488,SUP0008,PRD0015,2025-09-06,35,979.65,USD,34287.75,fulfilled
PO004489,SUP0012,PRD0066,2026-06-17,427,63.47,USD,27101.69,fulfilled
PO004490,SUP0008,PRD0045,2025-02-23,156,141.86,USD,22130.16,open
PO004491,SUP0037,PRD0028,2026-06-22,91,8.61,USD,783.51,fulfilled
PO004492,SUP0012,PRD0091,2026-04-21,127,412.07,USD,52332.89,fulfilled
PO004493,SUP0020,PRD0147,2024-10-07,274,725.63,USD,198822.62,fulfilled
PO004494,SUP0039,PRD0018,2025-09-29,241,27.85,USD,6711.85,cancelled
PO004495,SUP0021,PRD0128,2024-09-07,157,739.67,USD,116128.19,fulfilled
PO004496,SUP0037,PRD0082,2025-02-12,329,86.01,USD,28297.29,fulfilled
PO004497,SUP0019,PRD0095,2025-11-09,37,4.05,USD,149.85,open
PO004498,SUP0017,PRD0007,2025-12-29,798,1443.81,USD,1152160.38,fulfilled
PO004499,SUP0014,PRD0013,2026-04-25,75,113.13,USD,8484.75,fulfilled
PO004500,SUP0015,PRD0013,2024-10-02,666,161.86,USD,107798.76,fulfilled
PO004501,SUP0030,PRD0016,2026-08-23,544,5341.18,USD,2905601.92,cancelled
PO004502,SUP0014,PRD0114,2025-12-05,40,4482.63,USD,179305.2,cancelled
PO004503,SUP0029,PRD0133,2026-07-18,167,136.47,USD,22790.49,fulfilled
PO004504,SUP0020,PRD0094,2024-09-25,407,43.32,USD,17631.24,cancelled
PO004505,SUP0021,PRD0031,2025-10-18,377,1422.36,USD,536229.72,fulfilled
PO004506,SUP0033,PRD0125,2026-05-14,465,25.09,USD,11666.85,fulfilled
PO004507,SUP0021,PRD0137,2025-09-11,401,9.25,USD,3709.25,fulfilled
PO004508,SUP0035,PRD0095,2025-07-29,524,2610.94,USD,1368132.56,fulfilled
PO004509,SUP0008,PRD0145,2024-12-01,462,91.16,USD,42115.92,fulfilled
PO004510,SUP0040,PRD0092,2026-04-13,346,337.8,USD,116878.8,open
PO004511,SUP0017,PRD0023,2025-10-14,58,432.07,USD,25060.06,open
PO004512,SUP0010,PRD0132,2025-01-27,207,23.03,USD,4767.21,fulfilled
PO004513,SUP0032,PRD0057,2024-09-06,209,1781.63,USD,372360.67,open
PO004514,SUP0015,PRD0082,2025-03-30,234,2.33,USD,545.22,fulfilled
PO004515,SUP0029,PRD0016,2025-03-15,684,1135.37,USD,776593.08,fulfilled
PO004516,SUP0001,PRD0013,2025-11-23,279,106.47,USD,29705.13,fulfilled
PO004517,SUP0039,PRD0103,2024-11-11,437,9.07,USD,3963.59,open
PO004518,SUP0011,PRD0122,2025-10-02,669,9.68,USD,6475.92,fulfilled
PO004519,SUP0025,PRD0147,2024-09-28,45,2265.67,USD,101955.15,fulfilled
PO004520,SUP0010,PRD0024,2025-07-26,545,122.97,USD,67018.65,fulfilled
PO004521,SUP0004,PRD0018,2025-11-30,56,15.98,USD,894.88,fulfilled
PO004522,SUP0001,PRD0064,2024-09-08,345,170.39,USD,58784.55,fulfilled
PO004523,SUP0005,PRD0128,2025-02-28,633,2838.24,USD,1796605.92,fulfilled
PO004524,SUP0012,PRD0075,2025-10-06,610,645.72,USD,393889.2,fulfilled
PO004525,SUP0009,PRD0005,2025-06-24,81,6.77,USD,548.37,open
PO004526,SUP0013,PRD0105,2026-09-03,49,117.78,USD,5771.22,fulfilled
PO004527,SUP0036,PRD0144,2024-10-28,89,16.49,USD,1467.61,fulfilled
PO004528,SUP0025,PRD0042,2025-11-11,222,7.29,USD,1618.38,fulfilled
PO004529,SUP0002,PRD0008,2025-05-31,55,6.41,USD,352.55,fulfilled
PO004530,SUP0033,PRD0028,2025-08-31,822,2.41,USD,1981.02,fulfilled
PO004531,SUP0013,PRD0095,2024-09-06,375,164.15,USD,61556.25,fulfilled
PO004532,SUP0004,PRD0007,2025-05-11,87,39.86,USD,3467.82,fulfilled
PO004533,SUP0021,PRD0023,2025-06-25,148,541.97,USD,80211.56,open
PO004534,SUP0036,PRD0122,2026-01-18,300,996.31,USD,298893.0,fulfilled
PO004535,SUP0024,PRD0141,2024-10-20,196,1793.42,USD,351510.32,open
PO004536,SUP0035,PRD0003,2025-08-17,366,72.3,USD,26461.8,fulfilled
PO004537,SUP0029,PRD0049,2026-03-30,70,2058.28,USD,144079.6,fulfilled
PO004538,SUP0013,PRD0072,2025-02-09,128,89.54,USD,11461.12,cancelled
PO004539,SUP0013,PRD0125,2025-04-03,48,63.58,USD,3051.84,fulfilled
PO004540,SUP0030,PRD0018,2025-09-26,323,242.76,USD,78411.48,fulfilled
PO004541,SUP0012,PRD0110,2025-03-29,1324,30.82,USD,40805.68,fulfilled
PO004542,SUP0017,PRD0017,2024-11-16,107,196.02,USD,20974.14,fulfilled
PO004543,SUP0035,PRD0110,2024-09-28,76,3.88,USD,294.88,fulfilled
PO004544,SUP0025,PRD0150,2025-05-21,978,2505.86,USD,2450731.08,fulfilled
PO004545,SUP0036,PRD0033,2026-03-16,772,2.39,USD,1845.08,cancelled
PO004546,SUP0026,PRD0028,2025-10-25,74,30.55,USD,2260.7,fulfilled
PO004547,SUP0006,PRD0027,2025-12-13,297,4.57,USD,1357.29,fulfilled
PO004548,SUP0002,PRD0139,2025-04-13,292,3741.89,USD,1092631.88,fulfilled
PO004549,SUP0016,PRD0015,2025-08-06,567,3370.78,USD,1911232.26,fulfilled
PO004550,SUP0010,PRD0102,2026-07-21,302,9.65,USD,2914.3,fulfilled
PO004551,SUP0036,PRD0019,2025-02-01,214,131.01,USD,28036.14,fulfilled
PO004552,SUP0002,PRD0104,2025-03-05,283,141.59,USD,40069.97,fulfilled
PO004553,SUP0029,PRD0102,2025-03-08,649,10.43,USD,6769.07,open
PO004554,SUP0040,PRD0109,2025-05-13,808,5268.93,USD,4257295.44,fulfilled
PO004555,SUP0030,PRD0019,2025-04-24,326,54.75,USD,17848.5,fulfilled
PO004556,SUP0030,PRD0132,2026-06-01,203,11.04,USD,2241.12,open
PO004557,SUP0026,PRD0059,2024-12-19,168,677.4,USD,113803.2,cancelled
PO004558,SUP0010,PRD0112,2025-07-08,123,2.31,USD,284.13,fulfilled
PO004559,SUP0026,PRD0070,2025-05-28,367,893.6,USD,327951.2,fulfilled
PO004560,SUP0030,PRD0114,2025-09-01,1550,3.17,USD,4913.5,open
PO004561,SUP0029,PRD0106,2025-01-04,150,1862.9,USD,279435.0,fulfilled
PO004562,SUP0026,PRD0092,2026-04-28,564,283.96,USD,160153.44,fulfilled
PO004563,SUP0035,PRD0065,2024-10-15,176,3.48,USD,612.48,fulfilled
PO004564,SUP0033,PRD0038,2025-10-01,317,6.4,USD,2028.8,cancelled
PO004565,SUP0029,PRD0037,2025-10-20,987,599.72,USD,591923.64,fulfilled
PO004566,SUP0015,PRD0085,2025-08-02,395,14.44,USD,5703.8,fulfilled
PO004567,SUP0036,PRD0016,2025-06-30,679,7.46,USD,5065.34,fulfilled
PO004568,SUP0018,PRD0105,2025-05-06,330,2.32,USD,765.6,fulfilled
PO004569,SUP0034,PRD0043,2026-01-28,276,123.79,USD,34166.04,fulfilled
PO004570,SUP0015,PRD0093,2024-10-09,419,1222.93,USD,512407.67,fulfilled
PO004571,SUP0009,PRD0147,2025-08-10,1665,2.5,USD,4162.5,cancelled
PO004572,SUP0031,PRD0147,2025-05-02,95,23.15,USD,2199.25,fulfilled
PO004573,SUP0017,PRD0020,2025-09-24,387,158.91,USD,61498.17,open
PO004574,SUP0032,PRD0087,2026-04-21,245,649.07,USD,159022.15,fulfilled
PO004575,SUP0016,PRD0034,2024-09-09,116,85.86,USD,9959.76,fulfilled
PO004576,SUP0008,PRD0074,2025-03-26,84,1849.33,USD,155343.72,fulfilled
PO004577,SUP0008,PRD0132,2024-10-20,448,38.95,USD,17449.6,open
PO004578,SUP0037,PRD0079,2025-04-14,47,2.32,USD,109.04,fulfilled
PO004579,SUP0026,PRD0066,2025-11-21,429,202.6,USD,86915.4,open
PO004580,SUP0034,PRD0117,2025-07-05,201,538.22,USD,108182.22,fulfilled
PO004581,SUP0025,PRD0044,2026-04-15,125,305.99,USD,38248.75,fulfilled
PO004582,SUP0030,PRD0038,2026-08-17,291,2.31,USD,672.21,fulfilled
PO004583,SUP0021,PRD0040,2024-11-07,59,209.88,USD,12382.92,fulfilled
PO004584,SUP0004,PRD0073,2026-07-07,547,651.39,USD,356310.33,fulfilled
PO004585,SUP0009,PRD0094,2025-08-13,354,3562.37,USD,1261078.98,fulfilled
PO004586,SUP0004,PRD0141,2025-08-25,161,388.42,USD,62535.62,fulfilled
PO004587,SUP0001,PRD0055,2025-01-16,360,350.7,USD,126252.0,cancelled
PO004588,SUP0036,PRD0074,2026-02-12,377,1718.21,USD,647765.17,fulfilled
PO004589,SUP0017,PRD0112,2025-11-10,924,166.52,USD,153864.48,open
PO004590,SUP0034,PRD0049,2026-07-04,407,693.53,USD,282266.71,open
PO004591,SUP0028,PRD0066,2024-11-05,109,2.31,USD,251.79,fulfilled
PO004592,SUP0025,PRD0031,2026-03-21,254,391.35,USD,99402.9,fulfilled
PO004593,SUP0014,PRD0103,2026-03-22,252,35.21,USD,8872.92,open
PO004594,SUP0025,PRD0130,2025-12-12,701,361.31,USD,253278.31,fulfilled
PO004595,SUP0019,PRD0056,2025-04-10,160,2013.27,USD,322123.2,fulfilled
PO004596,SUP0035,PRD0117,2024-12-11,301,18.87,USD,5679.87,open
PO004597,SUP0032,PRD0068,2025-12-11,123,183.09,USD,22520.07,cancelled
PO004598,SUP0008,PRD0102,2026-07-13,81,2.33,USD,188.73,fulfilled
PO004599,SUP0037,PRD0048,2026-08-16,364,1533.58,USD,558223.12,cancelled
PO004600,SUP0012,PRD0091,2025-05-14,150,8.31,USD,1246.5,open
PO004601,SUP0005,PRD0124,2024-12-08,220,2706.8,USD,595496.0,fulfilled
PO004602,SUP0008,PRD0040,2024-12-27,416,1400.67,USD,582678.72,fulfilled
PO004603,SUP0001,PRD0027,2026-07-24,412,460.03,USD,189532.36,fulfilled
PO004604,SUP0038,PRD0001,2024-11-10,452,116.31,USD,52572.12,open
PO004605,SUP0036,PRD0148,2024-11-20,198,229.39,USD,45419.22,fulfilled
PO004606,SUP0015,PRD0115,2025-03-30,208,34.95,USD,7269.6,cancelled
PO004607,SUP0015,PRD0133,2025-02-03,487,821.66,USD,400148.42,fulfilled
PO004608,SUP0017,PRD0039,2025-12-17,415,371.21,USD,154052.15,open
PO004609,SUP0031,PRD0001,2025-03-03,421,22.0,USD,9262.0,open
PO004610,SUP0030,PRD0035,2026-07-31,92,3206.48,USD,294996.16,fulfilled
PO004611,SUP0013,PRD0005,2026-08-31,605,4285.32,USD,2592618.6,fulfilled
PO004612,SUP0012,PRD0146,2026-02-20,514,692.85,USD,356124.9,fulfilled
PO004613,SUP0040,PRD0133,2026-07-19,325,2996.22,USD,973771.5,open
PO004614,SUP0033,PRD0141,2025-12-05,31,776.76,USD,24079.56,open
PO004615,SUP0013,PRD0128,2025-11-11,199,486.83,USD,96879.17,cancelled
PO004616,SUP0019,PRD0146,2025-04-18,422,404.05,USD,170509.1,open
PO004617,SUP0009,PRD0097,2024-12-19,486,2.32,USD,1127.52,fulfilled
PO004618,SUP0040,PRD0059,2026-06-29,880,972.39,USD,855703.2,fulfilled
PO004619,SUP0040,PRD0070,2024-10-26,107,2043.36,USD,218639.52,fulfilled
PO004620,SUP0006,PRD0003,2025-11-16,311,228.13,USD,70948.43,open
PO004621,SUP0039,PRD0128,2026-08-06,489,387.49,USD,189482.61,fulfilled
PO004622,SUP0026,PRD0041,2024-10-04,365,3.32,USD,1211.8,fulfilled
PO004623,SUP0023,PRD0087,2026-05-18,366,1674.48,USD,612859.68,open
PO004624,SUP0027,PRD0020,2024-11-10,47,2.31,USD,108.57,fulfilled
PO004625,SUP0030,PRD0020,2025-04-04,59,2.59,USD,152.81,fulfilled
PO004626,SUP0008,PRD0010,2025-08-11,84,1703.8,USD,143119.2,fulfilled
PO004627,SUP0030,PRD0012,2025-12-06,42,371.33,USD,15595.86,fulfilled
PO004628,SUP0012,PRD0141,2025-05-28,246,773.27,USD,190224.42,fulfilled
PO004629,SUP0013,PRD0058,2025-09-14,420,931.84,USD,391372.8,fulfilled
PO004630,SUP0016,PRD0079,2026-06-28,311,29.18,USD,9074.98,fulfilled
PO004631,SUP0009,PRD0136,2025-08-23,441,213.98,USD,94365.18,fulfilled
PO004632,SUP0026,PRD0004,2025-04-07,189,476.73,USD,90101.97,fulfilled
PO004633,SUP0012,PRD0003,2025-02-04,150,17.51,USD,2626.5,open
PO004634,SUP0013,PRD0027,2024-12-27,93,81.53,USD,7582.29,cancelled
PO004635,SUP0012,PRD0032,2025-07-03,43,301.66,USD,12971.38,fulfilled
PO004636,SUP0005,PRD0121,2025-03-20,566,1456.06,USD,824129.96,fulfilled
PO004637,SUP0036,PRD0069,2026-01-27,60,1184.89,USD,71093.4,cancelled
PO004638,SUP0004,PRD0015,2025-04-01,171,47.35,USD,8096.85,fulfilled
PO004639,SUP0006,PRD0103,2026-01-31,248,639.28,USD,158541.44,fulfilled
PO004640,SUP0003,PRD0011,2026-03-03,233,1078.37,USD,251260.21,fulfilled
PO004641,SUP0006,PRD0018,2025-02-15,112,756.16,USD,84689.92,fulfilled
PO004642,SUP0036,PRD0056,2026-02-18,298,106.64,USD,31778.72,fulfilled
PO004643,SUP0016,PRD0057,2025-01-03,887,1300.49,USD,1153534.63,fulfilled
PO004644,SUP0015,PRD0079,2025-04-09,1145,3962.37,USD,4536913.65,cancelled
PO004645,SUP0006,PRD0102,2025-03-02,234,25.37,USD,5936.58,fulfilled
PO004646,SUP0031,PRD0033,2024-12-03,208,138.39,USD,28785.12,cancelled
PO004647,SUP0009,PRD0111,2025-06-15,459,9.97,USD,4576.23,fulfilled
PO004648,SUP0004,PRD0144,2026-02-08,136,329.46,USD,44806.56,fulfilled
PO004649,SUP0011,PRD0117,2024-09-09,388,3015.24,USD,1169913.12,fulfilled
PO004650,SUP0030,PRD0020,2026-06-11,438,45.64,USD,19990.32,fulfilled
PO004651,SUP0001,PRD0043,2024-12-28,83,150.75,USD,12512.25,open
PO004652,SUP0001,PRD0068,2025-01-31,130,2039.14,USD,265088.2,open
PO004653,SUP0002,PRD0111,2025-04-20,262,3094.56,USD,810774.72,fulfilled
PO004654,SUP0011,PRD0144,2024-12-28,416,476.12,USD,198065.92,fulfilled
PO004655,SUP0017,PRD0103,2025-04-30,127,2.56,USD,325.12,open
PO004656,SUP0035,PRD0040,2026-08-09,289,550.35,USD,159051.15,fulfilled
PO004657,SUP0030,PRD0018,2025-02-02,405,2.34,USD,947.7,fulfilled
PO004658,SUP0006,PRD0069,2025-11-28,453,1253.11,USD,567658.83,open
PO004659,SUP0013,PRD0056,2024-10-01,398,11.35,USD,4517.3,open
PO004660,SUP0039,PRD0141,2025-06-07,353,131.94,USD,46574.82,cancelled
PO004661,SUP0021,PRD0035,2024-10-19,170,1447.65,USD,246100.5,open
PO004662,SUP0032,PRD0078,2025-08-20,158,445.45,USD,70381.1,open
PO004663,SUP0026,PRD0111,2025-12-15,65,198.51,USD,12903.15,fulfilled
PO004664,SUP0030,PRD0117,2024-12-19,253,199.53,USD,50481.09,fulfilled
PO004665,SUP0030,PRD0147,2024-10-04,42,45.67,USD,1918.14,open
PO004666,SUP0010,PRD0096,2025-10-25,690,115.43,USD,79646.7,fulfilled
PO004667,SUP0035,PRD0059,2026-02-02,103,622.35,USD,64102.05,cancelled
PO004668,SUP0038,PRD0023,2025-05-09,158,38.46,USD,6076.68,fulfilled
PO004669,SUP0006,PRD0038,2025-01-21,833,188.41,USD,156945.53,open
PO004670,SUP0024,PRD0036,2025-05-09,171,5.44,USD,930.24,fulfilled
PO004671,SUP0004,PRD0027,2024-11-23,183,5675.59,USD,1038632.97,fulfilled
PO004672,SUP0017,PRD0018,2024-10-29,1052,195.54,USD,205708.08,open
PO004673,SUP0002,PRD0040,2026-01-23,684,429.28,USD,293627.52,fulfilled
PO004674,SUP0032,PRD0111,2025-11-26,160,3102.17,USD,496347.2,fulfilled
PO004675,SUP0008,PRD0134,2026-06-01,314,651.27,USD,204498.78,fulfilled
PO004676,SUP0037,PRD0111,2024-09-27,640,2.58,USD,1651.2,fulfilled
PO004677,SUP0030,PRD0035,2025-12-17,694,208.68,USD,144823.92,fulfilled
PO004678,SUP0032,PRD0083,2025-09-27,904,2535.4,USD,2292001.6,cancelled
PO004679,SUP0034,PRD0044,2025-11-29,275,313.22,USD,86135.5,fulfilled
PO004680,SUP0040,PRD0056,2026-08-11,94,24.49,USD,2302.06,fulfilled
PO004681,SUP0008,PRD0070,2025-02-04,669,2311.99,USD,1546721.31,fulfilled
PO004682,SUP0028,PRD0007,2026-08-03,457,1132.87,USD,517721.59,open
PO004683,SUP0017,PRD0078,2026-05-21,223,347.15,USD,77414.45,fulfilled
PO004684,SUP0038,PRD0105,2026-07-05,28,746.53,USD,20902.84,fulfilled
PO004685,SUP0004,PRD0003,2024-11-27,257,11.28,USD,2898.96,cancelled
PO004686,SUP0016,PRD0039,2026-04-01,400,484.91,USD,193964.0,fulfilled
PO004687,SUP0021,PRD0122,2025-10-01,570,2421.29,USD,1380135.3,fulfilled
PO004688,SUP0036,PRD0133,2026-03-22,69,49.07,USD,3385.83,fulfilled
PO004689,SUP0032,PRD0137,2025-10-15,528,6504.59,USD,3434423.52,fulfilled
PO004690,SUP0037,PRD0083,2026-01-13,176,230.36,USD,40543.36,fulfilled
PO004691,SUP0006,PRD0117,2026-08-29,58,974.05,USD,56494.9,fulfilled
PO004692,SUP0037,PRD0136,2025-12-10,166,3.76,USD,624.16,fulfilled
PO004693,SUP0034,PRD0135,2025-02-21,339,8.24,USD,2793.36,open
PO004694,SUP0038,PRD0028,2024-12-12,265,210.95,USD,55901.75,fulfilled
PO004695,SUP0006,PRD0072,2026-02-14,677,681.94,USD,461673.38,open
PO004696,SUP0025,PRD0076,2026-08-27,201,44.84,USD,9012.84,fulfilled
PO004697,SUP0012,PRD0122,2026-01-16,90,1613.83,USD,145244.7,fulfilled
PO004698,SUP0029,PRD0024,2026-02-15,223,58.11,USD,12958.53,fulfilled
PO004699,SUP0013,PRD0137,2025-03-14,708,8.04,USD,5692.32,fulfilled
PO004700,SUP0019,PRD0015,2025-02-08,352,244.32,USD,86000.64,fulfilled
PO004701,SUP0037,PRD0048,2024-10-19,395,858.88,USD,339257.6,cancelled
PO004702,SUP0017,PRD0136,2025-05-29,35,2.47,USD,86.45,fulfilled
PO004703,SUP0006,PRD0082,2026-01-20,171,1778.1,USD,304055.1,open
PO004704,SUP0040,PRD0135,2025-07-29,687,2.51,USD,1724.37,fulfilled
PO004705,SUP0008,PRD0117,2025-10-13,540,245.17,USD,132391.8,fulfilled
PO004706,SUP0023,PRD0071,2024-11-27,156,5338.01,USD,832729.56,open
PO004707,SUP0005,PRD0057,2026-03-09,91,692.81,USD,63045.71,fulfilled
PO004708,SUP0002,PRD0136,2024-10-26,401,132.18,USD,53004.18,fulfilled
PO004709,SUP0026,PRD0064,2025-08-12,103,1563.16,USD,161005.48,open
PO004710,SUP0001,PRD0106,2025-06-08,340,5.95,USD,2023.0,fulfilled
PO004711,SUP0040,PRD0056,2024-12-22,261,1627.54,USD,424787.94,open
PO004712,SUP0012,PRD0062,2024-12-03,361,3.45,USD,1245.45,fulfilled
PO004713,SUP0008,PRD0144,2025-02-23,53,152.7,USD,8093.1,open
PO004714,SUP0025,PRD0136,2025-06-10,575,1975.4,USD,1135855.0,fulfilled
PO004715,SUP0026,PRD0111,2024-09-08,309,1525.25,USD,471302.25,fulfilled
PO004716,SUP0036,PRD0064,2025-04-21,70,753.57,USD,52749.9,fulfilled
PO004717,SUP0029,PRD0076,2025-12-07,162,250.06,USD,40509.72,open
PO004718,SUP0022,PRD0035,2024-11-02,202,29.18,USD,5894.36,fulfilled
PO004719,SUP0010,PRD0145,2026-07-23,156,10.54,USD,1644.24,cancelled
PO004720,SUP0005,PRD0096,2026-03-04,359,265.4,USD,95278.6,cancelled
PO004721,SUP0017,PRD0117,2024-12-20,30,234.57,USD,7037.1,fulfilled
PO004722,SUP0008,PRD0105,2026-04-29,125,1787.45,USD,223431.25,open
PO004723,SUP0009,PRD0133,2024-12-24,108,2.35,USD,253.8,open
PO004724,SUP0022,PRD0064,2026-06-25,794,371.43,USD,294915.42,fulfilled
PO004725,SUP0022,PRD0086,2024-09-18,180,2136.5,USD,384570.0,fulfilled
PO004726,SUP0002,PRD0040,2024-11-16,490,3.48,USD,1705.2,fulfilled
PO004727,SUP0006,PRD0052,2025-04-30,137,4048.33,USD,554621.21,fulfilled
PO004728,SUP0012,PRD0097,2026-06-07,377,510.88,USD,192601.76,fulfilled
PO004729,SUP0002,PRD0110,2025-04-22,175,181.46,USD,31755.5,fulfilled
PO004730,SUP0006,PRD0027,2026-04-27,275,776.26,USD,213471.5,fulfilled
PO004731,SUP0010,PRD0091,2025-04-02,94,19.82,USD,1863.08,fulfilled
PO004732,SUP0020,PRD0136,2024-11-20,85,338.0,USD,28730.0,fulfilled
PO004733,SUP0029,PRD0104,2025-07-19,365,63.4,USD,23141.0,fulfilled
PO004734,SUP0020,PRD0078,2026-04-19,171,769.57,USD,131596.47,fulfilled
PO004735,SUP0026,PRD0136,2024-11-24,385,242.79,USD,93474.15,fulfilled
PO004736,SUP0027,PRD0055,2024-12-19,609,1247.54,USD,759751.86,fulfilled
PO004737,SUP0036,PRD0016,2026-05-09,81,544.2,USD,44080.2,fulfilled
PO004738,SUP0030,PRD0070,2026-04-07,39,526.76,USD,20543.64,fulfilled
PO004739,SUP0017,PRD0136,2025-03-17,141,569.1,USD,80243.1,fulfilled
PO004740,SUP0026,PRD0015,2025-12-31,444,3829.08,USD,1700111.52,fulfilled
PO004741,SUP0005,PRD0095,2025-05-30,191,2.33,USD,445.03,fulfilled
PO004742,SUP0019,PRD0060,2026-02-10,89,343.53,USD,30574.17,fulfilled
PO004743,SUP0015,PRD0141,2025-06-22,510,294.14,USD,150011.4,fulfilled
PO004744,SUP0013,PRD0117,2026-03-21,541,31.63,USD,17111.83,fulfilled
PO004745,SUP0036,PRD0019,2026-05-08,354,864.17,USD,305916.18,open
PO004746,SUP0019,PRD0036,2026-06-17,141,502.73,USD,70884.93,open
PO004747,SUP0036,PRD0112,2024-10-26,401,34.03,USD,13646.03,fulfilled
PO004748,SUP0022,PRD0013,2025-09-19,232,2.47,USD,573.04,fulfilled
PO004749,SUP0025,PRD0057,2026-08-20,81,3.31,USD,268.11,fulfilled
PO004750,SUP0011,PRD0087,2025-06-02,106,4524.82,USD,479630.92,fulfilled
PO004751,SUP0029,PRD0128,2025-03-06,848,3.07,USD,2603.36,fulfilled
PO004752,SUP0006,PRD0056,2026-01-03,84,2367.43,USD,198864.12,fulfilled
PO004753,SUP0002,PRD0064,2025-09-02,104,14.82,USD,1541.28,fulfilled
PO004754,SUP0017,PRD0084,2025-09-08,45,1797.59,USD,80891.55,open
PO004755,SUP0017,PRD0103,2025-07-11,596,7.18,USD,4279.28,fulfilled
PO004756,SUP0021,PRD0137,2025-10-28,196,231.87,USD,45446.52,open
PO004757,SUP0028,PRD0040,2026-05-10,1032,540.02,USD,557300.64,fulfilled
PO004758,SUP0013,PRD0102,2025-01-05,40,1488.63,USD,59545.2,fulfilled
PO004759,SUP0006,PRD0034,2025-11-05,563,562.93,USD,316929.59,fulfilled
PO004760,SUP0006,PRD0034,2025-05-30,224,19.17,USD,4294.08,fulfilled
PO004761,SUP0032,PRD0124,2025-12-06,863,52.02,USD,44893.26,fulfilled
PO004762,SUP0026,PRD0045,2025-08-30,414,540.75,USD,223870.5,fulfilled
PO004763,SUP0025,PRD0095,2024-09-27,165,60.43,USD,9970.95,cancelled
PO004764,SUP0025,PRD0067,2024-11-10,155,4848.62,USD,751536.1,fulfilled
PO004765,SUP0010,PRD0128,2024-10-11,600,45.5,USD,27300.0,fulfilled
PO004766,SUP0037,PRD0078,2026-01-20,136,34.73,USD,4723.28,fulfilled
PO004767,SUP0029,PRD0003,2025-08-14,211,3.48,USD,734.28,open
PO004768,SUP0040,PRD0016,2025-09-08,1201,551.54,USD,662399.54,fulfilled
PO004769,SUP0033,PRD0052,2025-01-17,1897,24.95,USD,47330.15,fulfilled
PO004770,SUP0025,PRD0039,2025-10-30,39,1072.02,USD,41808.78,open
PO004771,SUP0017,PRD0137,2024-10-12,555,3322.84,USD,1844176.2,cancelled
PO004772,SUP0008,PRD0065,2025-10-29,496,2.32,USD,1150.72,fulfilled
PO004773,SUP0031,PRD0095,2025-06-25,110,74.98,USD,8247.8,fulfilled
PO004774,SUP0004,PRD0001,2025-11-22,249,268.64,USD,66891.36,open
PO004775,SUP0017,PRD0147,2025-06-20,1095,322.98,USD,353663.1,fulfilled
PO004776,SUP0022,PRD0026,2026-06-26,175,3841.64,USD,672287.0,fulfilled
PO004777,SUP0029,PRD0091,2026-03-22,504,61.68,USD,31086.72,open
PO004778,SUP0029,PRD0078,2025-12-05,344,46.15,USD,15875.6,fulfilled
PO004779,SUP0017,PRD0059,2024-09-06,595,142.22,USD,84620.9,open
PO004780,SUP0036,PRD0056,2026-03-20,519,114.9,USD,59633.1,fulfilled
PO004781,SUP0036,PRD0066,2026-02-03,208,186.58,USD,38808.64,fulfilled
PO004782,SUP0002,PRD0004,2025-08-12,121,1415.14,USD,171231.94,fulfilled
PO004783,SUP0037,PRD0106,2025-07-04,263,11.82,USD,3108.66,fulfilled
PO004784,SUP0015,PRD0028,2025-12-08,321,79.28,USD,25448.88,fulfilled
PO004785,SUP0019,PRD0023,2026-01-23,145,2.37,USD,343.65,fulfilled
PO004786,SUP0002,PRD0060,2026-04-05,62,2.36,USD,146.32,fulfilled
PO004787,SUP0025,PRD0084,2024-11-14,554,584.86,USD,324012.44,fulfilled
PO004788,SUP0029,PRD0064,2026-03-04,384,32.53,USD,12491.52,fulfilled
PO004789,SUP0005,PRD0021,2026-03-24,51,583.27,USD,29746.77,fulfilled
PO004790,SUP0005,PRD0027,2026-06-02,514,2.31,USD,1187.34,fulfilled
PO004791,SUP0021,PRD0150,2025-10-18,30,727.42,USD,21822.6,open
PO004792,SUP0028,PRD0035,2024-09-15,847,6.56,USD,5556.32,fulfilled
PO004793,SUP0035,PRD0102,2025-12-03,243,90.49,USD,21989.07,fulfilled
PO004794,SUP0014,PRD0059,2024-11-14,585,16.85,USD,9857.25,fulfilled
PO004795,SUP0039,PRD0017,2026-07-23,253,242.81,USD,61430.93,open
PO004796,SUP0001,PRD0056,2025-05-11,126,12.8,USD,1612.8,open
PO004797,SUP0031,PRD0122,2026-07-18,246,42.11,USD,10359.06,fulfilled
PO004798,SUP0030,PRD0034,2024-11-22,194,526.51,USD,102142.94,cancelled
PO004799,SUP0039,PRD0078,2025-06-19,921,4.91,USD,4522.11,fulfilled
PO004800,SUP0021,PRD0148,2025-11-29,63,46.49,USD,2928.87,fulfilled
PO004801,SUP0037,PRD0075,2025-04-23,203,2.55,USD,517.65,fulfilled
PO004802,SUP0026,PRD0028,2026-01-08,351,687.61,USD,241351.11,fulfilled
PO004803,SUP0037,PRD0040,2026-01-05,190,891.2,USD,169328.0,fulfilled
PO004804,SUP0035,PRD0055,2026-06-22,479,4.05,USD,1939.95,cancelled
PO004805,SUP0032,PRD0102,2024-09-20,553,2.69,USD,1487.57,fulfilled
PO004806,SUP0013,PRD0044,2025-09-09,96,638.28,USD,61274.88,fulfilled
PO004807,SUP0036,PRD0075,2025-06-06,535,12.19,USD,6521.65,fulfilled
PO004808,SUP0038,PRD0016,2024-12-13,35,819.71,USD,28689.85,fulfilled
PO004809,SUP0026,PRD0028,2026-05-24,177,419.54,USD,74258.58,fulfilled
PO004810,SUP0030,PRD0068,2025-10-13,444,348.5,USD,154734.0,fulfilled
PO004811,SUP0019,PRD0015,2025-05-10,169,1722.8,USD,291153.2,fulfilled
PO004812,SUP0006,PRD0082,2026-03-07,90,3.38,USD,304.2,cancelled
PO004813,SUP0023,PRD0041,2026-06-06,180,421.16,USD,75808.8,fulfilled
PO004814,SUP0009,PRD0068,2025-07-03,223,553.1,USD,123341.3,fulfilled
PO004815,SUP0037,PRD0079,2026-04-02,866,3277.43,USD,2838254.38,open
PO004816,SUP0015,PRD0120,2025-12-30,30,57.04,USD,1711.2,cancelled
PO004817,SUP0026,PRD0104,2025-07-04,78,7.96,USD,620.88,fulfilled
PO004818,SUP0004,PRD0056,2026-03-23,162,1359.38,USD,220219.56,open
PO004819,SUP0017,PRD0056,2026-03-07,124,53.17,USD,6593.08,fulfilled
PO004820,SUP0006,PRD0004,2026-05-07,145,1676.94,USD,243156.3,fulfilled
PO004821,SUP0035,PRD0095,2026-04-01,107,31.65,USD,3386.55,fulfilled
PO004822,SUP0015,PRD0016,2025-11-13,111,223.04,USD,24757.44,fulfilled
PO004823,SUP0010,PRD0091,2025-03-13,306,284.48,USD,87050.88,fulfilled
PO004824,SUP0006,PRD0082,2025-04-23,286,2.4,USD,686.4,fulfilled
PO004825,SUP0007,PRD0049,2026-06-04,497,216.03,USD,107366.91,open
PO004826,SUP0023,PRD0137,2025-05-26,317,11.19,USD,3547.23,open
PO004827,SUP0022,PRD0108,2025-11-30,185,629.15,USD,116392.75,open
PO004828,SUP0014,PRD0106,2025-06-20,662,1292.2,USD,855436.4,fulfilled
PO004829,SUP0031,PRD0136,2025-11-20,49,124.08,USD,6079.92,fulfilled
PO004830,SUP0010,PRD0070,2025-03-27,417,1675.8,USD,698808.6,fulfilled
PO004831,SUP0007,PRD0065,2025-09-15,865,208.56,USD,180404.4,open
PO004832,SUP0037,PRD0016,2025-01-28,1342,2.97,USD,3985.74,fulfilled
PO004833,SUP0005,PRD0128,2025-07-01,431,2.43,USD,1047.33,fulfilled
PO004834,SUP0029,PRD0040,2025-04-05,202,2.95,USD,595.9,fulfilled
PO004835,SUP0017,PRD0111,2024-11-19,228,772.1,USD,176038.8,fulfilled
PO004836,SUP0036,PRD0110,2024-12-07,294,16.3,USD,4792.2,fulfilled
PO004837,SUP0010,PRD0136,2024-09-12,327,2572.46,USD,841194.42,open
PO004838,SUP0001,PRD0044,2025-10-12,649,522.06,USD,338816.94,fulfilled
PO004839,SUP0002,PRD0083,2026-05-29,241,54.19,USD,13059.79,fulfilled
PO004840,SUP0006,PRD0081,2026-03-27,141,120.88,USD,17044.08,cancelled
PO004841,SUP0006,PRD0016,2025-12-16,297,512.27,USD,152144.19,fulfilled
PO004842,SUP0009,PRD0027,2026-06-17,437,587.38,USD,256685.06,fulfilled
PO004843,SUP0006,PRD0147,2025-01-19,197,52.54,USD,10350.38,cancelled
PO004844,SUP0026,PRD0040,2025-06-25,267,81.48,USD,21755.16,fulfilled
PO004845,SUP0024,PRD0125,2025-07-12,63,2.54,USD,160.02,fulfilled
PO004846,SUP0008,PRD0060,2026-05-07,675,242.93,USD,163977.75,fulfilled
PO004847,SUP0008,PRD0057,2025-11-10,581,1065.02,USD,618776.62,fulfilled
PO004848,SUP0021,PRD0133,2025-02-28,83,1186.71,USD,98496.93,open
PO004849,SUP0030,PRD0132,2025-04-28,340,3.65,USD,1241.0,fulfilled
PO004850,SUP0013,PRD0064,2024-11-14,179,18.42,USD,3297.18,fulfilled
PO004851,SUP0025,PRD0064,2026-08-24,309,888.29,USD,274481.61,fulfilled
PO004852,SUP0001,PRD0015,2025-08-09,1048,4154.97,USD,4354408.56,open
PO004853,SUP0028,PRD0057,2025-02-08,76,4626.46,USD,351610.96,fulfilled
PO004854,SUP0031,PRD0110,2025-08-15,173,417.63,USD,72249.99,fulfilled
PO004855,SUP0028,PRD0117,2024-11-27,66,12.99,USD,857.34,fulfilled
PO004856,SUP0035,PRD0046,2025-11-10,189,2976.75,USD,562605.75,fulfilled
PO004857,SUP0026,PRD0078,2024-12-28,157,2.33,USD,365.81,fulfilled
PO004858,SUP0030,PRD0142,2025-03-08,644,1825.63,USD,1175705.72,fulfilled
PO004859,SUP0006,PRD0009,2026-05-24,216,6.83,USD,1475.28,open
PO004860,SUP0002,PRD0115,2025-11-10,465,2852.74,USD,1326524.1,fulfilled
PO004861,SUP0019,PRD0091,2025-08-24,123,10.29,USD,1265.67,open
PO004862,SUP0022,PRD0056,2025-10-12,436,60.51,USD,26382.36,fulfilled
PO004863,SUP0030,PRD0111,2026-02-26,210,152.14,USD,31949.4,cancelled
PO004864,SUP0011,PRD0065,2024-12-30,49,3570.04,USD,174931.96,open
PO004865,SUP0035,PRD0039,2024-12-11,337,37.16,USD,12522.92,fulfilled
PO004866,SUP0012,PRD0147,2025-01-08,294,19.22,USD,5650.68,fulfilled
PO004867,SUP0034,PRD0036,2026-06-30,842,13.56,USD,11417.52,fulfilled
PO004868,SUP0019,PRD0055,2025-08-09,468,322.62,USD,150986.16,open
PO004869,SUP0001,PRD0066,2025-02-19,32,10.22,USD,327.04,fulfilled
PO004870,SUP0011,PRD0137,2024-09-27,98,186.43,USD,18270.14,fulfilled
PO004871,SUP0037,PRD0068,2026-08-18,1264,6058.84,USD,7658373.76,fulfilled
PO004872,SUP0001,PRD0070,2025-06-11,177,2000.4,USD,354070.8,open
PO004873,SUP0040,PRD0072,2026-08-28,247,3.49,USD,862.03,fulfilled
PO004874,SUP0002,PRD0094,2025-02-27,422,118.55,USD,50028.1,fulfilled
PO004875,SUP0005,PRD0015,2025-05-18,476,59.13,USD,28145.88,fulfilled
PO004876,SUP0010,PRD0057,2026-02-17,34,2.31,USD,78.54,fulfilled
PO004877,SUP0013,PRD0064,2026-06-29,259,495.69,USD,128383.71,fulfilled
PO004878,SUP0025,PRD0083,2026-05-02,659,250.03,USD,164769.77,fulfilled
PO004879,SUP0012,PRD0012,2026-07-12,64,149.2,USD,9548.8,fulfilled
PO004880,SUP0015,PRD0014,2025-07-17,174,277.1,USD,48215.4,fulfilled
PO004881,SUP0030,PRD0110,2026-08-04,806,6.59,USD,5311.54,fulfilled
PO004882,SUP0012,PRD0111,2026-03-06,138,1852.24,USD,255609.12,fulfilled
PO004883,SUP0005,PRD0018,2025-11-23,531,2.41,USD,1279.71,fulfilled
PO004884,SUP0036,PRD0117,2024-10-01,265,683.1,USD,181021.5,open
PO004885,SUP0037,PRD0114,2026-01-09,106,236.79,USD,25099.74,fulfilled
PO004886,SUP0008,PRD0038,2026-07-24,59,1231.43,USD,72654.37,fulfilled
PO004887,SUP0009,PRD0132,2024-10-19,262,3.78,USD,990.36,fulfilled
PO004888,SUP0009,PRD0025,2025-02-23,132,2.97,USD,392.04,fulfilled
PO004889,SUP0008,PRD0021,2026-02-28,95,284.11,USD,26990.45,fulfilled
PO004890,SUP0005,PRD0057,2025-02-16,287,74.02,USD,21243.74,fulfilled
PO004891,SUP0005,PRD0078,2025-01-12,120,1695.73,USD,203487.6,fulfilled
PO004892,SUP0005,PRD0091,2026-04-12,320,2388.57,USD,764342.4,fulfilled
PO004893,SUP0012,PRD0114,2025-01-18,129,14.11,USD,1820.19,open
PO004894,SUP0006,PRD0048,2026-08-15,97,2.31,USD,224.07,fulfilled
PO004895,SUP0031,PRD0141,2026-01-22,280,721.45,USD,202006.0,fulfilled
PO004896,SUP0019,PRD0020,2024-10-26,88,623.67,USD,54882.96,fulfilled
PO004897,SUP0012,PRD0105,2026-05-10,183,3276.35,USD,599572.05,fulfilled
PO004898,SUP0005,PRD0117,2025-11-11,383,89.2,USD,34163.6,cancelled
PO004899,SUP0026,PRD0036,2026-06-09,501,1671.13,USD,837236.13,fulfilled
PO004900,SUP0007,PRD0097,2024-12-01,69,77.8,USD,5368.2,fulfilled
PO004901,SUP0012,PRD0066,2026-05-12,460,1806.98,USD,831210.8,fulfilled
PO004902,SUP0006,PRD0062,2026-03-02,99,674.57,USD,66782.43,open
PO004903,SUP0039,PRD0139,2026-05-10,297,705.92,USD,209658.24,fulfilled
PO004904,SUP0033,PRD0122,2025-06-12,320,81.76,USD,26163.2,fulfilled
PO004905,SUP0028,PRD0016,2024-12-20,56,1127.17,USD,63121.52,open
PO004906,SUP0018,PRD0078,2025-06-25,307,2.36,USD,724.52,cancelled
PO004907,SUP0035,PRD0076,2026-07-23,301,2.45,USD,737.45,fulfilled
PO004908,SUP0025,PRD0070,2025-07-15,120,3.79,USD,454.8,fulfilled
PO004909,SUP0030,PRD0133,2026-02-07,660,7.45,USD,4917.0,fulfilled
PO004910,SUP0027,PRD0091,2025-10-17,145,2.37,USD,343.65,fulfilled
PO004911,SUP0038,PRD0130,2024-09-13,231,18.43,USD,4257.33,fulfilled
PO004912,SUP0019,PRD0016,2024-10-12,329,1274.12,USD,419185.48,fulfilled
PO004913,SUP0028,PRD0072,2026-05-07,587,11.27,USD,6615.49,open
PO004914,SUP0013,PRD0075,2025-05-30,273,604.34,USD,164984.82,fulfilled
PO004915,SUP0010,PRD0056,2026-05-19,253,2.43,USD,614.79,fulfilled
PO004916,SUP0031,PRD0064,2025-02-24,338,190.54,USD,64402.52,fulfilled
PO004917,SUP0012,PRD0117,2025-03-15,704,4.14,USD,2914.56,open
PO004918,SUP0004,PRD0096,2025-04-04,69,1851.39,USD,127745.91,open
PO004919,SUP0003,PRD0132,2026-05-13,1019,2.31,USD,2353.89,fulfilled
PO004920,SUP0023,PRD0013,2026-08-17,474,289.8,USD,137365.2,open
PO004921,SUP0022,PRD0145,2026-04-06,269,111.94,USD,30111.86,fulfilled
PO004922,SUP0031,PRD0037,2026-08-06,37,32.25,USD,1193.25,open
PO004923,SUP0038,PRD0144,2025-01-13,176,2.31,USD,406.56,open
PO004924,SUP0038,PRD0137,2026-03-15,183,183.31,USD,33545.73,fulfilled
PO004925,SUP0038,PRD0125,2026-07-15,76,3.46,USD,262.96,fulfilled
PO004926,SUP0039,PRD0020,2025-02-28,540,421.01,USD,227345.4,fulfilled
PO004927,SUP0040,PRD0064,2025-08-30,392,188.22,USD,73782.24,fulfilled
PO004928,SUP0036,PRD0020,2026-05-14,302,239.49,USD,72325.98,fulfilled
PO004929,SUP0039,PRD0141,2026-08-03,299,6.51,USD,1946.49,cancelled
PO004930,SUP0034,PRD0083,2025-12-24,355,427.07,USD,151609.85,fulfilled
PO004931,SUP0019,PRD0048,2024-09-05,535,14.95,USD,7998.25,fulfilled
PO004932,SUP0028,PRD0070,2025-03-07,627,447.37,USD,280500.99,fulfilled
PO004933,SUP0032,PRD0038,2026-06-30,366,29.79,USD,10903.14,open
PO004934,SUP0032,PRD0016,2026-08-11,237,26.72,USD,6332.64,fulfilled
PO004935,SUP0020,PRD0102,2025-06-10,307,854.26,USD,262257.82,cancelled
PO004936,SUP0028,PRD0114,2025-10-06,94,77.58,USD,7292.52,fulfilled
PO004937,SUP0030,PRD0036,2026-06-20,100,2.5,USD,250.0,fulfilled
PO004938,SUP0028,PRD0062,2025-06-01,99,3.4,USD,336.6,fulfilled
PO004939,SUP0001,PRD0128,2025-02-12,202,20.24,USD,4088.48,fulfilled
PO004940,SUP0002,PRD0068,2024-10-27,122,137.1,USD,16726.2,fulfilled
PO004941,SUP0007,PRD0074,2025-07-29,153,13.5,USD,2065.5,open
PO004942,SUP0028,PRD0132,2026-06-26,502,380.77,USD,191146.54,open
PO004943,SUP0037,PRD0019,2025-02-25,77,602.44,USD,46387.88,open
PO004944,SUP0001,PRD0070,2024-09-07,233,164.39,USD,38302.87,fulfilled
PO004945,SUP0020,PRD0117,2024-09-13,442,7.7,USD,3403.4,open
PO004946,SUP0038,PRD0087,2024-09-05,58,2.41,USD,139.78,fulfilled
PO004947,SUP0026,PRD0023,2026-08-15,128,18.05,USD,2310.4,open
PO004948,SUP0014,PRD0048,2026-03-31,403,134.87,USD,54352.61,open
PO004949,SUP0032,PRD0032,2025-09-15,457,1096.67,USD,501178.19,fulfilled
PO004950,SUP0001,PRD0086,2025-10-01,145,1509.64,USD,218897.8,open
PO004951,SUP0007,PRD0110,2024-11-04,226,1437.69,USD,324917.94,fulfilled
PO004952,SUP0024,PRD0135,2025-01-19,419,111.35,USD,46655.65,fulfilled
PO004953,SUP0025,PRD0091,2026-02-11,208,4.31,USD,896.48,open
PO004954,SUP0025,PRD0037,2025-09-02,822,4.58,USD,3764.76,fulfilled
PO004955,SUP0010,PRD0077,2026-01-14,945,994.19,USD,939509.55,fulfilled
PO004956,SUP0010,PRD0004,2025-09-23,230,1027.1,USD,236233.0,open
PO004957,SUP0030,PRD0058,2024-12-15,195,2933.46,USD,572024.7,fulfilled
PO004958,SUP0019,PRD0105,2026-04-09,267,80.04,USD,21370.68,fulfilled
PO004959,SUP0008,PRD0105,2026-04-07,239,827.89,USD,197865.71,fulfilled
PO004960,SUP0019,PRD0076,2025-01-13,406,82.91,USD,33661.46,open
PO004961,SUP0027,PRD0074,2024-09-12,523,2037.67,USD,1065701.41,fulfilled
PO004962,SUP0011,PRD0057,2025-12-23,168,1382.21,USD,232211.28,fulfilled
PO004963,SUP0016,PRD0015,2025-08-10,149,1945.49,USD,289878.01,fulfilled
PO004964,SUP0005,PRD0091,2024-11-30,570,52.89,USD,30147.3,fulfilled
PO004965,SUP0036,PRD0093,2026-05-20,366,12.44,USD,4553.04,fulfilled
PO004966,SUP0029,PRD0084,2025-05-05,235,1455.92,USD,342141.2,fulfilled
PO004967,SUP0037,PRD0094,2025-08-10,221,21.35,USD,4718.35,fulfilled
PO004968,SUP0021,PRD0044,2026-04-10,269,1538.75,USD,413923.75,open
PO004969,SUP0017,PRD0119,2025-08-07,544,2.39,USD,1300.16,fulfilled
PO004970,SUP0015,PRD0018,2024-12-19,164,784.3,USD,128625.2,fulfilled
PO004971,SUP0004,PRD0041,2026-02-03,55,184.41,USD,10142.55,fulfilled
PO004972,SUP0035,PRD0100,2026-02-11,427,43.08,USD,18395.16,fulfilled
PO004973,SUP0040,PRD0147,2025-02-12,166,1288.76,USD,213934.16,fulfilled
PO004974,SUP0002,PRD0082,2025-08-27,203,129.85,USD,26359.55,fulfilled
PO004975,SUP0025,PRD0013,2025-08-30,261,397.59,USD,103770.99,open
PO004976,SUP0040,PRD0117,2025-01-01,94,1486.75,USD,139754.5,fulfilled
PO004977,SUP0019,PRD0100,2025-01-25,43,546.9,USD,23516.7,fulfilled
PO004978,SUP0037,PRD0068,2025-01-11,106,913.27,USD,96806.62,fulfilled
PO004979,SUP0004,PRD0071,2026-07-05,65,62.09,USD,4035.85,fulfilled
PO004980,SUP0019,PRD0092,2026-04-03,673,23.48,USD,15802.04,cancelled
PO004981,SUP0029,PRD0056,2025-05-15,351,67.24,USD,23601.24,fulfilled
PO004982,SUP0012,PRD0111,2025-03-11,483,237.36,USD,114644.88,fulfilled
PO004983,SUP0035,PRD0034,2025-01-28,188,9.45,USD,1776.6,fulfilled
PO004984,SUP0038,PRD0058,2026-05-05,28,16.53,USD,462.84,fulfilled
PO004985,SUP0004,PRD0066,2025-03-12,227,2.32,USD,526.64,cancelled
PO004986,SUP0036,PRD0079,2026-04-04,304,347.88,USD,105755.52,fulfilled
PO004987,SUP0011,PRD0145,2025-10-05,164,2.35,USD,385.4,cancelled
PO004988,SUP0035,PRD0066,2024-11-04,176,1421.14,USD,250120.64,fulfilled
PO004989,SUP0002,PRD0139,2026-05-05,918,64.08,USD,58825.44,fulfilled
PO004990,SUP0028,PRD0134,2025-06-30,111,160.64,USD,17831.04,fulfilled
PO004991,SUP0005,PRD0036,2025-11-30,181,1338.06,USD,242188.86,open
PO004992,SUP0007,PRD0111,2026-07-12,72,172.31,USD,12406.32,open
PO004993,SUP0015,PRD0100,2025-12-01,355,584.14,USD,207369.7,fulfilled
PO004994,SUP0030,PRD0064,2026-07-15,651,36.28,USD,23618.28,fulfilled
PO004995,SUP0040,PRD0083,2025-06-23,118,700.33,USD,82638.94,open
PO004996,SUP0027,PRD0105,2025-02-27,103,2115.19,USD,217864.57,fulfilled
PO004997,SUP0029,PRD0145,2025-07-11,246,605.56,USD,148967.76,fulfilled
PO004998,SUP0032,PRD0137,2025-07-29,43,1280.89,USD,55078.27,open
PO004999,SUP0015,PRD0042,2026-02-04,135,2055.0,USD,277425.0,fulfilled
PO005000,SUP0010,PRD0133,2025-02-26,135,1808.73,USD,244178.55,fulfilled
