shipment_id,origin_node_id,dest_node_id,product_id,mode,ship_date,delivery_date,planned_transit_days,actual_transit_days,cost,quantity
SHP000001,SUP0040,WH0002,PRD0098,ocean,2025-12-12,2026-01-02,21,21,10393.67,217
SHP000002,SUP0029,WH0002,PRD0025,ocean,2024-09-22,2024-10-18,24,26,3820.46,67
SHP000003,SUP0014,WH0007,PRD0092,ocean,2025-03-22,2025-04-10,20,19,9508.82,205
SHP000004,SUP0027,WH0001,PRD0089,ocean,2025-02-13,2025-03-09,24,24,28367.39,501
SHP000005,SUP0018,WH0004,PRD0068,ocean,2026-02-20,2026-03-07,18,15,5295.75,126
SHP000006,SUP0003,WH0001,PRD0012,ocean,2026-01-08,2026-01-30,24,22,2507.99,44
SHP000007,SUP0038,WH0003,PRD0118,air,2026-06-13,2026-06-17,4,4,128178.22,307
SHP000008,SUP0017,WH0008,PRD0138,air,2024-11-06,2024-11-10,5,4,69043.35,127
SHP000009,SUP0011,WH0009,PRD0032,ocean,2025-07-07,2025-07-30,27,23,40829.46,625
SHP000010,SUP0021,WH0004,PRD0097,rail,2024-09-25,2024-09-30,5,5,7289.43,310
SHP000011,SUP0010,WH0001,PRD0021,ocean,2025-02-09,2025-02-17,10,8,3615.73,201
SHP000012,SUP0008,WH0002,PRD0142,rail,2025-09-05,2025-09-13,8,8,15377.83,319
SHP000013,SUP0015,WH0004,PRD0076,ocean,2024-09-23,2024-10-01,8,8,8528.29,603
SHP000014,SUP0022,WH0008,PRD0093,ocean,2025-01-26,2025-02-12,15,17,31323.5,960
SHP000015,SUP0033,WH0001,PRD0148,ocean,2025-12-19,2026-01-05,19,17,4112.14,96
SHP000016,SUP0011,WH0010,PRD0050,ocean,2025-10-04,2025-10-30,26,26,6253.8,101
SHP000017,SUP0016,WH0002,PRD0018,ocean,2025-02-11,2025-03-24,38,41,4409.61,46
SHP000018,SUP0022,WH0007,PRD0012,ocean,2025-11-05,2025-11-16,14,11,4369.15,141
SHP000019,SUP0018,WH0006,PRD0059,ocean,2026-04-14,2026-05-15,31,31,81261.5,1047
SHP000020,SUP0025,WH0010,PRD0075,ocean,2024-09-08,2024-09-26,18,18,7849.23,194
SHP000021,SUP0012,WH0003,PRD0021,ocean,2026-04-12,2026-05-08,23,26,10420.14,188
SHP000022,SUP0005,WH0010,PRD0060,ocean,2026-01-23,2026-02-14,25,22,21591.58,367
SHP000023,SUP0006,WH0009,PRD0026,air,2025-05-09,2025-05-13,4,4,46105.39,140
SHP000024,SUP0003,WH0009,PRD0098,air,2024-12-25,2024-12-29,4,4,234836.95,544
SHP000025,SUP0018,WH0007,PRD0072,ocean,2026-07-30,2026-08-23,25,24,39294.3,644
SHP000026,SUP0013,WH0003,PRD0117,road,2025-05-06,2025-05-07,1,1,3172.88,378
SHP000027,SUP0034,WH0008,PRD0094,ocean,2024-11-10,2024-11-27,14,17,4174.33,140
SHP000028,SUP0034,WH0005,PRD0042,rail,2024-11-13,2024-11-16,5,3,4539.04,190
SHP000029,SUP0007,WH0008,PRD0095,road,2026-05-12,2026-05-13,1,1,159.9,116
SHP000030,SUP0027,WH0005,PRD0091,rail,2025-11-16,2025-11-26,10,10,8046.93,137
SHP000031,SUP0021,WH0009,PRD0054,ocean,2026-04-12,2026-05-02,17,20,4217.97,107
SHP000032,SUP0008,WH0002,PRD0069,ocean,2026-02-15,2026-03-02,14,15,9544.86,330
SHP000033,SUP0026,WH0004,PRD0019,rail,2025-09-28,2025-10-04,5,6,7699.61,304
SHP000034,SUP0033,WH0009,PRD0044,ocean,2026-08-11,2026-09-01,19,21,22819.85,526
SHP000035,SUP0037,WH0009,PRD0137,ocean,2025-06-05,2025-06-24,20,19,2568.51,56
SHP000036,SUP0027,WH0004,PRD0063,air,2025-10-09,2025-10-12,3,3,6285.92,24
SHP000037,SUP0037,WH0003,PRD0042,air,2026-04-29,2026-05-03,4,4,69915.11,214
SHP000038,SUP0025,WH0003,PRD0119,air,2025-11-27,2025-12-01,4,4,26794.75,77
SHP000039,SUP0023,WH0008,PRD0098,air,2026-05-22,2026-05-24,3,2,18611.77,96
SHP000040,SUP0023,WH0001,PRD0070,ocean,2025-10-28,2025-11-25,27,28,23406.3,359
SHP000041,SUP0005,WH0003,PRD0143,air,2026-01-28,2026-02-01,4,4,14628.42,36
SHP000042,SUP0032,WH0008,PRD0057,rail,2024-10-07,2024-10-13,6,6,2225.65,70
SHP000043,SUP0031,WH0009,PRD0084,ocean,2025-02-16,2025-03-12,23,24,39574.4,708
SHP000044,SUP0032,WH0009,PRD0015,ocean,2025-04-02,2025-04-23,23,21,3969.36,71
SHP000045,SUP0014,WH0008,PRD0059,ocean,2024-10-31,2024-11-23,26,23,9819.36,155
SHP000046,SUP0023,WH0010,PRD0009,air,2025-02-20,2025-02-24,5,4,57050.78,122
SHP000047,SUP0025,WH0001,PRD0081,ocean,2024-11-16,2024-12-06,19,20,11387.13,263
SHP000048,SUP0022,WH0009,PRD0103,ocean,2025-03-24,2025-04-08,14,15,3482.83,114
SHP000049,SUP0011,WH0005,PRD0069,ocean,2025-12-09,2025-12-27,18,18,8214.73,201
SHP000050,SUP0010,WH0002,PRD0017,ocean,2025-05-26,2025-06-17,22,22,2631.51,52
SHP000051,SUP0027,WH0010,PRD0055,ocean,2025-05-30,2025-06-23,23,24,14995.88,279
SHP000052,SUP0011,WH0009,PRD0146,air,2025-02-03,2025-02-08,5,5,132777.41,271
SHP000053,SUP0008,WH0003,PRD0081,air,2025-03-16,2025-03-19,3,3,51833.24,200
SHP000054,SUP0015,WH0009,PRD0055,ocean,2026-07-16,2026-08-01,18,16,11035.13,277
SHP000055,SUP0035,WH0005,PRD0128,ocean,2025-12-18,2026-01-18,30,31,10252.32,140
SHP000056,SUP0032,WH0006,PRD0102,ocean,2025-11-20,2025-12-20,33,30,37156.46,449
SHP000057,SUP0024,WH0006,PRD0118,ocean,2025-01-06,2025-01-13,7,7,3341.94,302
SHP000058,SUP0018,WH0005,PRD0037,ocean,2026-02-15,2026-03-04,18,17,6672.09,158
SHP000059,SUP0033,WH0006,PRD0068,ocean,2024-12-31,2025-01-29,29,29,60257.93,866
SHP000060,SUP0016,WH0002,PRD0036,ocean,2025-06-06,2025-07-13,38,37,20514.25,214
SHP000061,SUP0011,WH0004,PRD0064,ocean,2026-08-23,2026-09-13,18,21,4435.41,110
SHP000062,SUP0002,WH0008,PRD0144,ocean,2025-12-12,2026-01-02,22,21,14279.94,271
SHP000063,SUP0032,WH0009,PRD0138,ocean,2025-10-13,2025-11-06,23,24,8833.23,158
SHP000064,SUP0013,WH0005,PRD0068,air,2026-01-14,2026-01-17,3,3,41847.04,195
SHP000065,SUP0008,WH0002,PRD0150,rail,2026-05-08,2026-05-15,8,7,5399.11,112
SHP000066,SUP0029,WH0007,PRD0110,road,2026-03-21,2026-03-22,1,1,2097.86,184
SHP000067,SUP0002,WH0001,PRD0150,road,2025-02-17,2025-02-18,1,1,277.48,69
SHP000068,SUP0010,WH0009,PRD0103,air,2024-09-27,2024-09-28,2,1,28662.65,210
SHP000069,SUP0020,WH0005,PRD0093,rail,2025-04-21,2025-04-24,4,3,9511.14,539
SHP000070,SUP0021,WH0005,PRD0057,ocean,2025-03-17,2025-03-26,8,9,2803.65,195
SHP000071,SUP0008,WH0005,PRD0036,rail,2025-02-04,2025-02-07,3,3,2518.1,161
SHP000072,SUP0019,WH0007,PRD0131,road,2026-07-20,2026-07-21,1,1,2150.41,542
SHP000073,SUP0002,WH0001,PRD0127,rail,2026-06-02,2026-06-03,1,1,475.88,213
SHP000074,SUP0012,WH0010,PRD0024,ocean,2025-04-20,2025-05-11,22,21,10865.96,212
SHP000075,SUP0019,WH0001,PRD0013,rail,2025-12-23,2025-12-24,1,1,456.37,455
SHP000076,SUP0025,WH0009,PRD0029,ocean,2025-06-18,2025-07-10,19,22,6402.08,146
SHP000077,SUP0023,WH0007,PRD0040,ocean,2026-06-29,2026-07-28,27,29,8181.05,124
SHP000078,SUP0017,WH0004,PRD0041,ocean,2025-08-03,2025-08-19,15,16,2570.37,81
SHP000079,SUP0028,WH0005,PRD0109,rail,2025-03-15,2025-03-22,8,7,14193.43,291
SHP000080,SUP0039,WH0006,PRD0017,ocean,2025-03-02,2025-03-29,27,27,30758.77,478
SHP000081,SUP0030,WH0005,PRD0099,ocean,2025-10-16,2025-11-03,18,18,7397.52,176
SHP000082,SUP0036,WH0005,PRD0098,ocean,2025-03-13,2025-04-02,18,20,4898.4,116
SHP000083,SUP0012,WH0006,PRD0120,ocean,2025-11-02,2025-11-29,25,27,17540.13,295
SHP000084,SUP0022,WH0008,PRD0136,air,2026-06-17,2026-06-20,3,3,74393.32,304
SHP000085,SUP0016,WH0005,PRD0065,ocean,2025-06-20,2025-07-26,35,36,14010.66,162
SHP000086,SUP0016,WH0004,PRD0142,ocean,2025-02-10,2025-03-13,35,31,7532.57,86
SHP000087,SUP0028,WH0004,PRD0003,rail,2026-08-29,2026-09-08,9,10,6363.97,126
SHP000088,SUP0014,WH0008,PRD0030,ocean,2025-09-08,2025-10-02,26,24,10959.67,173
SHP000089,SUP0001,WH0006,PRD0138,ocean,2024-11-09,2024-12-05,26,26,31642.47,502
SHP000090,SUP0027,WH0010,PRD0069,air,2024-10-08,2024-10-12,4,4,33861.67,84
SHP000091,SUP0016,WH0009,PRD0088,ocean,2024-11-22,2024-12-14,24,22,12757.15,219
SHP000092,SUP0030,WH0007,PRD0029,air,2025-12-03,2025-12-08,5,5,64035.22,128
SHP000093,SUP0009,WH0004,PRD0076,ocean,2026-04-02,2026-05-01,31,29,65417.39,867
SHP000094,SUP0023,WH0004,PRD0112,ocean,2025-07-07,2025-07-27,18,20,19634.63,485
SHP000095,SUP0032,WH0010,PRD0041,ocean,2024-10-20,2024-11-12,22,23,7242.14,138
SHP000096,SUP0025,WH0007,PRD0117,ocean,2025-06-08,2025-06-26,19,18,16716.16,379
SHP000097,SUP0001,WH0007,PRD0001,air,2026-08-28,2026-08-31,4,3,37866.19,97
SHP000098,SUP0004,WH0010,PRD0068,ocean,2025-09-23,2025-10-17,25,24,13427.4,225
SHP000099,SUP0004,WH0009,PRD0129,ocean,2026-08-10,2026-09-03,24,24,12371.16,216
SHP000100,SUP0007,WH0010,PRD0046,ocean,2026-05-21,2026-06-11,21,21,14588.02,301
SHP000101,SUP0036,WH0001,PRD0130,ocean,2024-09-12,2024-10-01,22,19,24488.46,474
SHP000102,SUP0016,WH0005,PRD0028,ocean,2026-02-09,2026-03-15,35,34,14097.15,163
SHP000103,SUP0007,WH0001,PRD0077,ocean,2026-01-11,2026-01-30,22,19,19806.89,388
SHP000104,SUP0009,WH0006,PRD0130,road,2025-09-28,2025-09-29,1,1,1454.82,568
SHP000105,SUP0022,WH0004,PRD0051,ocean,2025-03-16,2025-03-19,7,3,676.1,69
SHP000106,SUP0027,WH0004,PRD0040,rail,2025-12-13,2025-12-21,10,8,5936.71,102
SHP000107,SUP0037,WH0006,PRD0096,rail,2024-11-23,2024-11-25,1,2,693.19,230
SHP000108,SUP0035,WH0006,PRD0042,air,2025-07-16,2025-07-20,4,4,131177.28,395
SHP000109,SUP0034,WH0001,PRD0139,air,2025-07-30,2025-08-01,3,2,41330.03,142
SHP000110,SUP0018,WH0001,PRD0136,air,2026-07-28,2026-08-01,5,4,67679.67,149
SHP000111,SUP0026,WH0002,PRD0001,ocean,2026-06-01,2026-06-20,21,19,10184.91,205
SHP000112,SUP0026,WH0009,PRD0083,rail,2025-03-14,2025-03-19,5,5,2634.74,88
SHP000113,SUP0002,WH0009,PRD0126,road,2025-09-02,2025-09-03,1,1,587.69,241
SHP000114,SUP0019,WH0002,PRD0005,ocean,2025-01-11,2025-02-07,25,27,30907.15,511
SHP000115,SUP0039,WH0010,PRD0029,ocean,2026-06-28,2026-07-19,21,21,46528.93,946
SHP000116,SUP0028,WH0009,PRD0093,road,2026-05-28,2026-05-29,1,1,234.3,70
SHP000117,SUP0040,WH0001,PRD0079,ocean,2025-04-08,2025-04-15,8,7,3734.62,271
SHP000118,SUP0018,WH0010,PRD0062,air,2025-12-11,2025-12-14,4,3,54981.27,127
SHP000119,SUP0001,WH0004,PRD0015,ocean,2025-11-20,2025-12-09,19,19,5444.2,125
SHP000120,SUP0017,WH0001,PRD0062,rail,2024-12-23,2024-12-31,8,8,4124.53,85
SHP000121,SUP0032,WH0006,PRD0146,air,2026-03-11,2026-03-17,6,6,147715.56,238
SHP000122,SUP0003,WH0002,PRD0021,road,2025-09-30,2025-10-01,1,1,4669.79,200
SHP000123,SUP0032,WH0007,PRD0022,ocean,2026-03-23,2026-04-18,24,26,17878.52,319
SHP000124,SUP0039,WH0008,PRD0125,road,2025-09-24,2025-09-25,1,1,168.1,136
SHP000125,SUP0005,WH0010,PRD0018,ocean,2024-09-04,2024-10-02,25,28,12825.52,218
SHP000126,SUP0011,WH0001,PRD0137,ocean,2025-04-27,2025-05-23,27,26,10881.68,168
SHP000127,SUP0013,WH0010,PRD0033,rail,2024-09-18,2024-09-20,2,2,1726.42,281
SHP000128,SUP0014,WH0010,PRD0033,air,2026-07-10,2026-07-14,4,4,45156.0,122
SHP000129,SUP0013,WH0007,PRD0122,road,2026-06-03,2026-06-04,1,1,374.75,73
SHP000130,SUP0008,WH0007,PRD0141,ocean,2026-04-30,2026-05-14,15,14,5372.4,166
SHP000131,SUP0039,WH0005,PRD0043,ocean,2025-04-15,2025-05-02,18,17,11070.3,263
SHP000132,SUP0027,WH0004,PRD0068,rail,2024-10-16,2024-10-24,10,8,11757.01,202
SHP000133,SUP0022,WH0009,PRD0136,ocean,2026-06-03,2026-06-16,14,13,5743.61,188
SHP000134,SUP0027,WH0006,PRD0109,ocean,2026-07-23,2026-08-26,33,34,25367.03,308
SHP000135,SUP0009,WH0006,PRD0055,rail,2024-11-05,2024-11-06,1,1,136.6,96
SHP000136,SUP0014,WH0007,PRD0139,ocean,2025-08-22,2025-09-11,20,20,12894.89,278
SHP000137,SUP0025,WH0005,PRD0052,ocean,2024-10-24,2024-11-05,11,12,3355.34,156
SHP000138,SUP0039,WH0003,PRD0080,ocean,2026-03-10,2026-04-02,23,23,3345.93,62
SHP000139,SUP0001,WH0009,PRD0103,ocean,2026-03-13,2026-04-03,22,21,2309.83,44
SHP000140,SUP0019,WH0004,PRD0096,ocean,2024-12-06,2024-12-19,14,13,4129.71,139
SHP000141,SUP0031,WH0010,PRD0113,air,2025-08-15,2025-08-19,4,4,253274.09,570
SHP000142,SUP0010,WH0001,PRD0133,ocean,2025-10-08,2025-10-20,10,12,2554.4,142
SHP000143,SUP0010,WH0003,PRD0116,ocean,2025-03-15,2025-03-25,10,10,3340.78,165
SHP000144,SUP0005,WH0008,PRD0031,ocean,2026-05-30,2026-06-26,28,27,11237.64,163
SHP000145,SUP0038,WH0010,PRD0064,ocean,2025-07-08,2025-08-01,23,24,8161.67,148
SHP000146,SUP0017,WH0005,PRD0058,ocean,2025-02-04,2025-02-18,15,14,5731.54,181
SHP000147,SUP0031,WH0010,PRD0017,ocean,2025-09-30,2025-10-24,25,24,6753.98,114
SHP000148,SUP0016,WH0010,PRD0087,air,2026-02-15,2026-02-20,5,5,45408.46,100
SHP000149,SUP0010,WH0007,PRD0006,ocean,2025-01-28,2025-02-07,10,10,2023.68,105
SHP000150,SUP0022,WH0005,PRD0142,ocean,2025-04-18,2025-04-23,6,5,3051.99,327
SHP000151,SUP0007,WH0004,PRD0059,ocean,2026-08-27,2026-09-15,18,19,2948.11,70
SHP000152,SUP0034,WH0009,PRD0057,ocean,2025-12-19,2026-01-06,17,18,4091.2,104
SHP000153,SUP0024,WH0006,PRD0002,air,2025-07-19,2025-07-20,2,1,28799.3,347
SHP000154,SUP0006,WH0005,PRD0019,ocean,2025-09-14,2025-09-28,14,14,2843.34,96
SHP000155,SUP0023,WH0006,PRD0016,ocean,2024-11-30,2025-01-03,36,34,18167.2,203
SHP000156,SUP0001,WH0003,PRD0059,ocean,2025-02-14,2025-03-08,23,22,12225.56,226
SHP000157,SUP0015,WH0004,PRD0018,rail,2025-05-07,2025-05-11,5,4,8061.57,342
SHP000158,SUP0006,WH0008,PRD0009,rail,2025-11-05,2025-11-08,4,3,8595.73,420
SHP000159,SUP0039,WH0005,PRD0085,ocean,2025-02-18,2025-03-06,18,16,6398.04,152
SHP000160,SUP0008,WH0001,PRD0019,ocean,2025-02-10,2025-02-23,15,13,2918.43,93
SHP000161,SUP0030,WH0010,PRD0132,ocean,2024-10-25,2024-11-17,26,23,24416.45,387
SHP000162,SUP0017,WH0008,PRD0061,ocean,2025-12-06,2026-01-05,30,30,6958.7,96
SHP000163,SUP0017,WH0004,PRD0072,rail,2025-02-17,2025-02-23,9,6,7192.8,136
SHP000164,SUP0026,WH0006,PRD0125,ocean,2026-06-23,2026-07-22,27,29,9809.43,151
SHP000165,SUP0037,WH0005,PRD0055,ocean,2026-05-21,2026-06-20,30,30,37733.1,514
SHP000166,SUP0013,WH0010,PRD0139,rail,2024-10-25,2024-10-26,2,1,620.53,101
SHP000167,SUP0016,WH0007,PRD0034,ocean,2025-02-23,2025-03-17,24,22,14455.42,252
SHP000168,SUP0033,WH0009,PRD0147,ocean,2026-01-02,2026-01-21,19,19,6941.4,160
SHP000169,SUP0021,WH0007,PRD0148,air,2025-02-06,2025-02-09,3,3,44250.35,148
SHP000170,SUP0026,WH0009,PRD0122,rail,2024-12-09,2024-12-14,5,5,2305.4,77
SHP000171,SUP0029,WH0001,PRD0063,road,2026-07-15,2026-07-16,1,1,631.05,69
SHP000172,SUP0021,WH0006,PRD0122,ocean,2025-10-23,2025-11-24,32,32,58881.83,737
SHP000173,SUP0029,WH0010,PRD0105,road,2025-08-13,2025-08-14,1,1,124.2,138
SHP000174,SUP0040,WH0010,PRD0049,rail,2026-03-27,2026-03-29,4,2,2385.71,122
SHP000175,SUP0024,WH0007,PRD0025,ocean,2026-04-13,2026-05-05,24,22,3192.7,56
SHP000176,SUP0033,WH0010,PRD0025,ocean,2025-01-20,2025-02-07,18,18,16760.65,419
SHP000177,SUP0022,WH0003,PRD0111,rail,2024-11-13,2024-11-22,9,9,7135.87,129
SHP000178,SUP0007,WH0008,PRD0091,road,2025-07-13,2025-07-14,1,1,286.71,208
SHP000179,SUP0014,WH0005,PRD0109,air,2025-07-08,2025-07-13,5,5,107899.76,192
SHP000180,SUP0027,WH0007,PRD0106,air,2025-08-09,2025-08-13,4,4,43823.7,102
SHP000181,SUP0020,WH0009,PRD0120,ocean,2026-02-15,2026-03-03,15,16,4904.05,147
SHP000182,SUP0029,WH0008,PRD0014,ocean,2026-01-05,2026-01-27,21,22,10197.28,210
SHP000183,SUP0019,WH0004,PRD0026,rail,2026-08-19,2026-08-26,8,7,4208.94,85
SHP000184,SUP0037,WH0010,PRD0016,ocean,2024-11-14,2024-12-05,21,21,14545.49,304
SHP000185,SUP0007,WH0007,PRD0104,ocean,2025-06-23,2025-07-15,22,22,10277.48,201
SHP000186,SUP0018,WH0005,PRD0087,air,2025-05-08,2025-05-10,3,2,25020.35,79
SHP000187,SUP0032,WH0002,PRD0028,road,2026-05-22,2026-05-23,1,1,2308.89,103
SHP000188,SUP0027,WH0004,PRD0064,air,2025-03-03,2025-03-06,3,3,28810.49,110
SHP000189,SUP0017,WH0008,PRD0050,air,2025-01-20,2025-01-24,5,4,231594.24,426
SHP000190,SUP0018,WH0010,PRD0049,ocean,2025-07-26,2025-08-21,24,26,6234.1,108
SHP000191,SUP0034,WH0008,PRD0138,ocean,2025-07-07,2025-07-20,14,13,15504.66,520
SHP000192,SUP0014,WH0004,PRD0115,air,2025-03-25,2025-03-29,5,4,43916.77,77
SHP000193,SUP0038,WH0002,PRD0036,ocean,2025-03-04,2025-03-29,24,25,6817.22,121
SHP000194,SUP0005,WH0004,PRD0109,air,2026-07-06,2026-07-11,6,5,169214.88,263
SHP000195,SUP0035,WH0009,PRD0047,ocean,2025-07-22,2025-08-13,23,22,8602.39,155
SHP000196,SUP0021,WH0009,PRD0072,ocean,2026-05-22,2026-06-09,17,18,6504.35,165
SHP000197,SUP0004,WH0005,PRD0119,ocean,2025-10-08,2025-11-10,34,33,13291.46,155
SHP000198,SUP0018,WH0009,PRD0064,ocean,2024-10-10,2024-11-06,25,27,9167.04,150
SHP000199,SUP0007,WH0002,PRD0020,ocean,2026-08-30,2026-09-14,13,15,7283.26,275
SHP000200,SUP0010,WH0008,PRD0114,ocean,2026-05-03,2026-05-23,23,20,13021.74,242
SHP000201,SUP0014,WH0002,PRD0141,ocean,2026-08-08,2026-09-10,36,33,11794.54,132
SHP000202,SUP0021,WH0007,PRD0026,air,2026-07-08,2026-07-10,3,2,78036.08,261
SHP000203,SUP0011,WH0004,PRD0013,ocean,2026-05-13,2026-05-30,18,17,16370.71,406
SHP000204,SUP0016,WH0008,PRD0139,ocean,2025-01-02,2025-01-29,29,27,15985.1,227
SHP000205,SUP0007,WH0004,PRD0004,ocean,2025-08-22,2025-09-10,18,19,3200.8,76
SHP000206,SUP0027,WH0005,PRD0024,ocean,2025-02-06,2025-02-23,16,17,2220.25,63
SHP000207,SUP0003,WH0007,PRD0061,air,2025-06-22,2025-06-25,4,3,39784.0,92
SHP000208,SUP0002,WH0007,PRD0043,road,2024-10-16,2024-10-17,1,1,613.6,128
SHP000209,SUP0032,WH0003,PRD0105,ocean,2025-06-06,2025-06-28,24,22,12839.33,220
SHP000210,SUP0017,WH0008,PRD0125,ocean,2026-08-20,2026-09-19,30,30,13337.51,184
SHP000211,SUP0017,WH0005,PRD0124,ocean,2025-03-15,2025-03-31,15,16,1614.96,51
SHP000212,SUP0019,WH0007,PRD0055,road,2026-03-27,2026-03-28,1,1,2015.51,508
SHP000213,SUP0013,WH0010,PRD0103,road,2025-07-31,2025-08-01,1,1,1957.42,177
SHP000214,SUP0027,WH0005,PRD0016,air,2025-07-08,2025-07-10,3,2,67664.68,256
SHP000215,SUP0001,WH0005,PRD0043,air,2026-07-31,2026-08-04,4,4,181068.74,558
SHP000216,SUP0033,WH0010,PRD0098,air,2026-08-27,2026-08-29,3,2,29401.14,98
SHP000217,SUP0001,WH0004,PRD0001,air,2025-10-12,2025-10-16,4,4,38871.58,119
SHP000218,SUP0011,WH0006,PRD0100,ocean,2026-02-07,2026-03-16,36,37,35364.04,398
SHP000219,SUP0012,WH0005,PRD0068,ocean,2024-12-25,2025-01-14,20,20,3699.28,78
SHP000220,SUP0026,WH0004,PRD0117,ocean,2025-04-07,2025-04-15,9,8,4042.3,266
SHP000221,SUP0029,WH0010,PRD0074,road,2026-08-08,2026-08-09,1,1,272.7,303
SHP000222,SUP0025,WH0009,PRD0109,air,2025-10-29,2025-11-01,4,3,37162.77,113
SHP000223,SUP0039,WH0006,PRD0143,ocean,2025-10-02,2025-10-28,27,26,4118.33,64
SHP000224,SUP0018,WH0008,PRD0125,ocean,2026-03-01,2026-03-06,8,5,2737.43,192
SHP000225,SUP0034,WH0008,PRD0040,rail,2024-10-15,2024-10-23,8,8,22163.71,446
SHP000226,SUP0003,WH0008,PRD0049,rail,2025-11-02,2025-11-06,6,4,28773.86,943
SHP000227,SUP0026,WH0001,PRD0076,ocean,2025-09-04,2025-09-13,9,9,3118.28,176
SHP000228,SUP0002,WH0003,PRD0056,rail,2026-05-16,2026-05-19,2,3,1179.59,318
SHP000229,SUP0030,WH0002,PRD0015,rail,2024-12-27,2024-12-29,3,2,3445.19,296
SHP000230,SUP0008,WH0009,PRD0149,rail,2026-08-02,2026-08-12,9,10,26167.01,492
SHP000231,SUP0032,WH0007,PRD0139,ocean,2024-11-01,2024-11-23,24,22,6501.28,116
SHP000232,SUP0025,WH0010,PRD0016,ocean,2025-01-16,2025-02-04,18,19,10721.88,265
SHP000233,SUP0004,WH0004,PRD0081,ocean,2025-11-09,2025-12-15,35,36,3213.01,37
SHP000234,SUP0036,WH0005,PRD0015,ocean,2026-01-07,2026-01-27,18,20,4053.85,96
SHP000235,SUP0021,WH0007,PRD0013,ocean,2025-02-21,2025-03-12,18,19,4106.11,103
SHP000236,SUP0016,WH0010,PRD0150,ocean,2024-11-30,2024-12-23,25,23,6962.63,115
SHP000237,SUP0029,WH0006,PRD0123,ocean,2026-06-12,2026-06-29,21,17,3499.75,71
SHP000238,SUP0023,WH0001,PRD0129,ocean,2025-03-01,2025-03-25,27,24,7367.44,113
SHP000239,SUP0001,WH0007,PRD0136,ocean,2025-11-09,2025-11-30,22,21,8275.91,159
SHP000240,SUP0003,WH0006,PRD0041,air,2025-11-27,2025-12-03,6,6,186504.09,302
SHP000241,SUP0018,WH0004,PRD0015,air,2025-07-05,2025-07-07,3,2,77544.93,246
SHP000242,SUP0002,WH0001,PRD0131,rail,2025-11-01,2025-11-02,1,1,1606.37,719
SHP000243,SUP0019,WH0004,PRD0021,rail,2025-09-18,2025-09-26,8,8,4407.01,89
SHP000244,SUP0025,WH0004,PRD0048,ocean,2026-07-14,2026-07-24,11,10,2519.54,118
SHP000245,SUP0023,WH0007,PRD0018,ocean,2025-01-30,2025-02-27,27,28,11084.01,168
SHP000246,SUP0033,WH0009,PRD0018,ocean,2026-02-05,2026-02-24,19,19,25336.11,584
SHP000247,SUP0032,WH0005,PRD0061,rail,2025-02-24,2025-03-04,9,8,7837.13,140
SHP000248,SUP0006,WH0005,PRD0104,rail,2025-06-18,2025-06-27,8,9,14117.95,286
SHP000249,SUP0026,WH0002,PRD0031,ocean,2026-01-04,2026-01-23,21,19,9240.94,186
SHP000250,SUP0013,WH0003,PRD0146,rail,2025-04-09,2025-04-11,2,2,2364.27,507
SHP000251,SUP0022,WH0007,PRD0064,ocean,2025-04-21,2025-05-04,14,13,2571.91,83
SHP000252,SUP0012,WH0006,PRD0149,ocean,2026-03-03,2026-03-27,25,24,17896.87,301
SHP000253,SUP0040,WH0005,PRD0011,rail,2024-10-26,2024-10-30,5,4,3063.48,126
SHP000254,SUP0040,WH0008,PRD0021,ocean,2025-08-02,2025-08-21,20,19,3239.79,70
SHP000255,SUP0011,WH0008,PRD0108,rail,2026-08-29,2026-09-04,7,6,9230.43,220
SHP000256,SUP0010,WH0006,PRD0150,ocean,2026-08-28,2026-09-22,27,25,6623.76,102
SHP000257,SUP0031,WH0008,PRD0145,ocean,2024-10-27,2024-12-06,42,40,8940.41,85
SHP000258,SUP0022,WH0004,PRD0134,air,2025-02-05,2025-02-06,2,1,5585.15,76
SHP000259,SUP0016,WH0004,PRD0081,ocean,2025-03-15,2025-04-18,35,34,9809.86,112
SHP000260,SUP0007,WH0010,PRD0067,ocean,2026-07-13,2026-08-03,21,21,8869.13,183
SHP000261,SUP0020,WH0002,PRD0053,ocean,2026-06-05,2026-06-16,13,11,2356.18,86
SHP000262,SUP0033,WH0004,PRD0081,ocean,2026-06-04,2026-06-18,14,14,2993.61,103
SHP000263,SUP0022,WH0001,PRD0062,air,2025-05-30,2025-06-01,3,2,36697.2,163
SHP000264,SUP0027,WH0010,PRD0068,ocean,2024-12-27,2025-01-19,23,23,27196.83,506
SHP000265,SUP0016,WH0001,PRD0102,air,2026-05-02,2026-05-05,4,3,210190.4,478
SHP000266,SUP0026,WH0003,PRD0034,air,2026-01-27,2026-01-28,2,1,21735.18,144
SHP000267,SUP0014,WH0006,PRD0077,road,2025-11-22,2025-11-23,1,1,666.71,268
SHP000268,SUP0021,WH0008,PRD0118,rail,2026-08-21,2026-08-27,8,6,4921.93,99
SHP000269,SUP0001,WH0006,PRD0081,ocean,2025-12-22,2026-01-15,26,24,13930.25,221
SHP000270,SUP0026,WH0010,PRD0019,ocean,2024-09-09,2024-09-17,9,8,2557.83,153
SHP000271,SUP0020,WH0002,PRD0003,rail,2026-04-20,2026-04-27,8,7,4429.25,97
SHP000272,SUP0040,WH0005,PRD0118,ocean,2025-04-09,2025-04-16,8,7,1911.03,131
SHP000273,SUP0005,WH0010,PRD0145,ocean,2025-12-29,2026-01-21,25,23,41712.35,709
SHP000274,SUP0038,WH0009,PRD0026,ocean,2026-07-17,2026-08-08,23,22,2135.56,39
SHP000275,SUP0020,WH0007,PRD0019,rail,2024-12-10,2024-12-18,9,8,6195.25,110
SHP000276,SUP0037,WH0001,PRD0138,ocean,2024-11-26,2024-12-14,20,18,18568.33,402
SHP000277,SUP0017,WH0006,PRD0055,ocean,2024-11-20,2024-12-15,27,25,2917.23,45
SHP000278,SUP0009,WH0009,PRD0130,ocean,2025-10-10,2025-10-28,20,18,30263.33,648
SHP000279,SUP0026,WH0003,PRD0068,ocean,2025-03-20,2025-04-01,10,12,6037.55,300
SHP000280,SUP0013,WH0007,PRD0034,road,2025-11-17,2025-11-18,1,1,1868.62,364
SHP000281,SUP0003,WH0001,PRD0090,ocean,2026-02-06,2026-02-28,24,22,4103.99,72
SHP000282,SUP0021,WH0004,PRD0018,rail,2025-01-29,2025-02-06,5,8,6842.66,291
SHP000283,SUP0012,WH0007,PRD0063,ocean,2025-12-08,2025-12-30,23,22,30668.4,573
SHP000284,SUP0019,WH0010,PRD0095,road,2025-03-14,2025-03-15,1,1,2401.89,232
SHP000285,SUP0016,WH0001,PRD0073,ocean,2025-08-24,2025-09-16,24,23,24859.34,424
SHP000286,SUP0011,WH0003,PRD0041,ocean,2026-06-23,2026-07-20,28,27,12754.1,188
SHP000287,SUP0024,WH0001,PRD0113,ocean,2026-05-11,2026-06-05,24,25,15212.33,261
SHP000288,SUP0038,WH0007,PRD0140,ocean,2024-11-10,2024-12-03,23,23,11564.58,207
SHP000289,SUP0040,WH0009,PRD0078,ocean,2025-07-08,2025-07-14,8,6,554.45,39
SHP000290,SUP0015,WH0004,PRD0136,ocean,2025-03-23,2025-03-29,8,6,1386.02,98
SHP000291,SUP0008,WH0007,PRD0003,ocean,2024-09-06,2024-09-22,15,16,3560.02,110
SHP000292,SUP0029,WH0010,PRD0142,road,2026-03-17,2026-03-18,1,1,88.2,98
SHP000293,SUP0004,WH0009,PRD0077,ocean,2025-12-10,2025-12-30,24,20,14032.11,245
SHP000294,SUP0009,WH0009,PRD0027,ocean,2025-03-13,2025-04-01,20,19,23584.85,505
SHP000295,SUP0034,WH0004,PRD0035,air,2026-02-24,2026-02-25,2,1,18995.75,180
SHP000296,SUP0007,WH0008,PRD0068,road,2025-10-09,2025-10-10,1,1,452.12,328
SHP000297,SUP0016,WH0006,PRD0030,ocean,2025-07-11,2025-07-19,7,8,1944.39,168
SHP000298,SUP0008,WH0010,PRD0028,rail,2024-09-11,2024-09-19,8,8,5593.17,117
SHP000299,SUP0014,WH0004,PRD0142,ocean,2024-10-28,2024-11-28,31,31,25551.57,336
SHP000300,SUP0038,WH0006,PRD0040,ocean,2026-06-07,2026-07-12,35,35,27874.61,321
SHP000301,SUP0013,WH0008,PRD0070,ocean,2026-06-22,2026-07-11,22,19,12713.4,243
SHP000302,SUP0002,WH0003,PRD0073,rail,2025-10-05,2025-10-06,2,1,500.77,135
SHP000303,SUP0039,WH0007,PRD0054,ocean,2026-05-02,2026-05-23,22,21,27651.64,533
SHP000304,SUP0002,WH0001,PRD0088,rail,2025-10-31,2025-11-01,1,1,102.77,46
SHP000305,SUP0024,WH0004,PRD0053,ocean,2024-12-20,2025-01-23,35,34,20131.86,231
SHP000306,SUP0013,WH0001,PRD0068,road,2024-12-05,2024-12-06,1,1,310.18,108
SHP000307,SUP0013,WH0007,PRD0130,road,2025-04-15,2025-04-16,1,1,605.76,118
SHP000308,SUP0038,WH0007,PRD0126,ocean,2026-06-18,2026-07-11,23,23,13073.0,234
SHP000309,SUP0023,WH0010,PRD0065,air,2026-04-04,2026-04-09,5,5,56583.15,121
SHP000310,SUP0039,WH0004,PRD0014,ocean,2026-05-21,2026-06-09,19,19,5378.53,127
SHP000311,SUP0024,WH0006,PRD0024,air,2026-06-18,2026-06-20,2,2,8465.5,102
SHP000312,SUP0034,WH0007,PRD0109,ocean,2025-02-03,2025-02-21,18,18,23869.37,600
SHP000313,SUP0001,WH0009,PRD0071,ocean,2025-03-04,2025-03-25,22,21,8661.85,165
SHP000314,SUP0003,WH0010,PRD0012,ocean,2024-11-17,2024-12-09,23,22,4059.5,75
SHP000315,SUP0012,WH0007,PRD0001,ocean,2026-03-24,2026-04-17,23,24,9259.4,173
SHP000316,SUP0012,WH0006,PRD0086,air,2026-06-07,2026-06-10,4,3,109254.17,245
SHP000317,SUP0009,WH0009,PRD0034,ocean,2025-06-26,2025-07-18,20,22,5370.81,115
SHP000318,SUP0002,WH0006,PRD0068,ocean,2025-11-28,2025-12-18,20,20,5650.39,120
SHP000319,SUP0001,WH0003,PRD0042,ocean,2024-12-25,2025-01-18,23,24,11468.23,212
SHP000320,SUP0010,WH0002,PRD0114,ocean,2026-07-11,2026-07-31,22,20,8653.61,171
SHP000321,SUP0037,WH0007,PRD0142,ocean,2026-05-24,2026-06-09,19,16,10775.24,240
SHP000322,SUP0002,WH0010,PRD0110,rail,2026-08-13,2026-08-14,2,1,2401.34,344
SHP000323,SUP0014,WH0009,PRD0144,ocean,2026-04-15,2026-05-04,20,19,8238.66,174
SHP000324,SUP0035,WH0001,PRD0003,ocean,2026-06-05,2026-06-30,24,25,15298.89,273
SHP000325,SUP0025,WH0010,PRD0029,ocean,2024-09-21,2024-10-08,18,17,18490.19,457
SHP000326,SUP0034,WH0003,PRD0020,ocean,2026-02-20,2026-03-11,18,19,30478.3,726
SHP000327,SUP0013,WH0005,PRD0039,ocean,2025-05-03,2025-05-16,13,13,5436.54,190
SHP000328,SUP0026,WH0007,PRD0140,ocean,2026-07-11,2026-07-20,10,9,2072.35,109
SHP000329,SUP0002,WH0003,PRD0010,road,2026-04-09,2026-04-10,1,1,1175.14,176
SHP000330,SUP0011,WH0007,PRD0095,ocean,2026-05-24,2026-06-20,27,27,59440.27,907
SHP000331,SUP0037,WH0010,PRD0150,ocean,2026-04-15,2026-05-06,21,21,9330.17,195
SHP000332,SUP0001,WH0001,PRD0142,ocean,2025-03-16,2025-04-05,22,20,15133.38,291
SHP000333,SUP0009,WH0006,PRD0038,road,2026-03-29,2026-03-30,1,1,161.36,63
SHP000334,SUP0023,WH0003,PRD0111,air,2024-11-21,2024-11-26,5,5,88591.76,173
SHP000335,SUP0031,WH0007,PRD0033,air,2026-05-30,2026-06-02,4,3,138767.5,330
SHP000336,SUP0017,WH0001,PRD0011,ocean,2026-05-20,2026-06-02,14,13,9957.1,342
SHP000337,SUP0016,WH0008,PRD0079,ocean,2025-02-12,2025-03-12,29,28,15492.17,220
SHP000338,SUP0024,WH0003,PRD0094,ocean,2026-04-19,2026-05-12,23,23,4548.26,82
SHP000339,SUP0027,WH0010,PRD0011,ocean,2025-08-04,2025-08-27,23,23,4944.88,92
SHP000340,SUP0036,WH0006,PRD0092,ocean,2025-04-13,2025-05-10,26,27,23807.99,372
SHP000341,SUP0015,WH0010,PRD0054,ocean,2026-04-04,2026-04-20,16,16,3295.39,90
SHP000342,SUP0016,WH0006,PRD0064,air,2025-02-16,2025-02-17,2,1,5989.42,69
SHP000343,SUP0031,WH0006,PRD0027,ocean,2024-09-21,2024-10-12,19,21,8232.62,188
SHP000344,SUP0025,WH0002,PRD0091,ocean,2025-01-22,2025-01-30,9,8,3976.59,237
SHP000345,SUP0026,WH0010,PRD0144,air,2025-04-30,2025-05-02,2,2,10156.1,81
SHP000346,SUP0020,WH0007,PRD0105,ocean,2026-05-24,2026-06-07,15,14,3480.6,103
SHP000347,SUP0024,WH0004,PRD0040,ocean,2026-08-06,2026-09-09,35,34,35383.26,406
SHP000348,SUP0038,WH0001,PRD0061,ocean,2025-03-25,2025-04-19,23,25,37051.79,676
SHP000349,SUP0007,WH0009,PRD0042,ocean,2025-12-13,2026-01-02,22,20,17423.04,338
SHP000350,SUP0022,WH0002,PRD0046,rail,2025-06-21,2025-06-30,9,9,3521.43,70
SHP000351,SUP0012,WH0002,PRD0106,rail,2026-08-17,2026-08-26,9,9,3122.6,60
SHP000352,SUP0013,WH0004,PRD0007,rail,2025-09-28,2025-10-05,8,7,6715.11,136
SHP000353,SUP0012,WH0006,PRD0046,ocean,2026-07-17,2026-08-12,25,26,8859.25,149
SHP000354,SUP0028,WH0004,PRD0086,rail,2024-11-26,2024-12-03,9,7,23637.6,468
SHP000355,SUP0040,WH0009,PRD0106,ocean,2026-08-09,2026-08-17,8,8,1009.38,71
SHP000356,SUP0031,WH0008,PRD0064,ocean,2025-01-11,2025-02-22,42,42,6416.06,61
SHP000357,SUP0040,WH0009,PRD0069,air,2026-08-03,2026-08-05,2,2,9169.76,86
SHP000358,SUP0024,WH0007,PRD0041,ocean,2025-03-15,2025-04-07,24,23,4903.08,86
SHP000359,SUP0033,WH0003,PRD0028,ocean,2024-11-21,2024-12-09,20,18,7244.97,159
SHP000360,SUP0024,WH0005,PRD0098,air,2025-07-16,2025-07-21,6,5,194244.81,301
SHP000361,SUP0003,WH0006,PRD0010,ocean,2026-02-14,2026-03-19,33,33,12351.26,150
SHP000362,SUP0021,WH0001,PRD0121,ocean,2025-04-19,2025-05-08,17,19,4705.64,121
SHP000363,SUP0004,WH0009,PRD0057,ocean,2025-11-18,2025-12-13,24,25,6242.86,109
SHP000364,SUP0022,WH0010,PRD0052,air,2025-09-10,2025-09-13,3,3,49965.47,244
SHP000365,SUP0001,WH0007,PRD0118,air,2025-06-10,2025-06-13,4,3,25764.62,66
SHP000366,SUP0021,WH0001,PRD0090,ocean,2025-10-27,2025-11-13,17,17,7389.02,190
SHP000367,SUP0030,WH0007,PRD0079,ocean,2025-03-07,2025-04-02,27,26,5536.38,83
SHP000368,SUP0001,WH0003,PRD0059,air,2026-01-31,2026-02-03,4,3,23125.79,57
SHP000369,SUP0036,WH0006,PRD0058,ocean,2024-09-05,2024-09-30,26,25,16511.99,258
SHP000370,SUP0029,WH0003,PRD0007,road,2026-07-07,2026-07-08,1,1,1732.09,95
SHP000371,SUP0026,WH0004,PRD0050,air,2025-09-29,2025-09-30,2,1,20401.44,179
SHP000372,SUP0037,WH0001,PRD0103,air,2026-02-08,2026-02-12,4,4,76906.14,222
SHP000373,SUP0020,WH0005,PRD0085,rail,2026-02-24,2026-02-28,4,4,1482.25,84
SHP000374,SUP0022,WH0009,PRD0072,rail,2026-01-03,2026-01-13,9,10,4022.56,79
SHP000375,SUP0029,WH0005,PRD0018,ocean,2025-05-26,2025-06-10,13,15,5253.87,201
SHP000376,SUP0040,WH0009,PRD0072,rail,2024-10-24,2024-10-28,5,4,2535.31,107
SHP000377,SUP0013,WH0006,PRD0090,ocean,2025-12-30,2026-01-18,20,19,5617.51,118
SHP000378,SUP0021,WH0008,PRD0131,ocean,2025-05-01,2025-05-18,14,17,3072.48,103
SHP000379,SUP0028,WH0009,PRD0103,road,2025-04-19,2025-04-20,1,1,241.0,72
SHP000380,SUP0011,WH0010,PRD0138,ocean,2026-05-12,2026-06-08,26,27,6006.12,97
SHP000381,SUP0016,WH0003,PRD0085,ocean,2026-02-08,2026-03-02,23,22,6304.03,113
SHP000382,SUP0008,WH0006,PRD0008,ocean,2025-04-10,2025-05-10,30,30,11386.11,154
SHP000383,SUP0022,WH0002,PRD0030,air,2025-04-16,2025-04-19,3,3,61348.26,271
SHP000384,SUP0037,WH0001,PRD0067,air,2025-06-27,2025-06-30,4,3,139262.46,402
SHP000385,SUP0017,WH0005,PRD0046,air,2025-06-23,2025-06-26,3,3,93335.42,393
SHP000386,SUP0026,WH0007,PRD0149,rail,2025-04-06,2025-04-13,6,7,6590.95,208
SHP000387,SUP0028,WH0006,PRD0068,ocean,2024-12-05,2024-12-24,20,19,3956.57,85
SHP000388,SUP0025,WH0009,PRD0010,ocean,2025-07-06,2025-07-25,19,19,40166.49,916
SHP000389,SUP0033,WH0001,PRD0028,ocean,2026-07-18,2026-08-02,19,15,7196.24,168
SHP000390,SUP0020,WH0010,PRD0112,ocean,2026-01-08,2026-01-22,14,14,4456.01,148
SHP000391,SUP0007,WH0006,PRD0089,ocean,2026-06-21,2026-07-17,26,26,14015.93,220
SHP000392,SUP0033,WH0010,PRD0081,ocean,2025-11-24,2025-12-11,18,17,3960.15,99
SHP000393,SUP0011,WH0010,PRD0112,ocean,2025-04-10,2025-05-06,26,26,6253.8,101
SHP000394,SUP0016,WH0002,PRD0131,ocean,2025-10-06,2025-11-10,38,35,11215.74,117
SHP000395,SUP0036,WH0007,PRD0030,ocean,2024-09-04,2024-09-24,22,20,10194.52,197
SHP000396,SUP0005,WH0002,PRD0099,ocean,2025-03-31,2025-05-07,38,37,8705.95,92
SHP000397,SUP0004,WH0007,PRD0148,air,2025-07-13,2025-07-17,4,4,302107.54,714
SHP000398,SUP0003,WH0010,PRD0049,ocean,2025-10-30,2025-11-22,23,23,3355.85,62
SHP000399,SUP0031,WH0004,PRD0066,air,2025-12-23,2025-12-27,5,4,130067.24,234
SHP000400,SUP0027,WH0001,PRD0012,ocean,2025-08-07,2025-08-29,24,22,14891.47,263
SHP000401,SUP0010,WH0010,PRD0112,ocean,2025-07-22,2025-07-31,9,9,2217.17,129
SHP000402,SUP0027,WH0009,PRD0001,air,2025-02-06,2025-02-10,4,4,48459.84,113
SHP000403,SUP0038,WH0003,PRD0134,ocean,2025-08-13,2025-09-03,23,21,35405.58,636
SHP000404,SUP0018,WH0008,PRD0138,air,2026-06-20,2026-06-22,2,2,30796.04,288
SHP000405,SUP0031,WH0008,PRD0051,ocean,2026-04-04,2026-05-15,42,41,31028.49,295
SHP000406,SUP0024,WH0010,PRD0094,ocean,2025-01-05,2025-01-29,25,24,14619.73,243
SHP000407,SUP0030,WH0003,PRD0111,ocean,2024-11-04,2024-11-30,28,26,7798.2,113
SHP000408,SUP0038,WH0001,PRD0018,ocean,2025-09-13,2025-10-04,23,21,6303.19,115
SHP000409,SUP0027,WH0008,PRD0085,ocean,2025-12-07,2025-12-14,10,7,5109.65,278
SHP000410,SUP0026,WH0007,PRD0081,rail,2025-05-05,2025-05-11,6,6,11153.91,352
SHP000411,SUP0001,WH0006,PRD0032,ocean,2026-04-21,2026-05-14,26,23,46203.05,733
SHP000412,SUP0018,WH0005,PRD0077,ocean,2026-03-03,2026-03-21,18,18,7009.92,166
SHP000413,SUP0003,WH0004,PRD0130,ocean,2026-01-05,2026-01-22,16,17,3429.13,97
SHP000414,SUP0038,WH0006,PRD0080,ocean,2025-02-14,2025-03-21,35,35,18843.58,217
SHP000415,SUP0029,WH0010,PRD0105,rail,2025-01-26,2025-01-27,1,1,286.0,572
SHP000416,SUP0004,WH0005,PRD0084,ocean,2024-09-21,2024-10-23,34,32,25039.4,292
SHP000417,SUP0028,WH0004,PRD0104,ocean,2025-02-28,2025-03-13,14,13,3454.73,114
SHP000418,SUP0015,WH0003,PRD0076,air,2025-08-14,2025-08-17,3,3,74242.5,233
SHP000419,SUP0016,WH0010,PRD0142,ocean,2026-05-13,2026-06-08,25,26,13077.64,216
SHP000420,SUP0019,WH0008,PRD0033,ocean,2024-10-26,2024-11-17,22,22,3066.65,59
SHP000421,SUP0031,WH0006,PRD0050,ocean,2025-07-01,2025-07-19,19,18,3634.61,83
SHP000422,SUP0027,WH0009,PRD0108,air,2025-12-05,2025-12-08,4,3,241012.63,562
SHP000423,SUP0026,WH0002,PRD0098,air,2025-01-23,2025-01-27,4,4,20494.03,55
SHP000424,SUP0025,WH0004,PRD0045,rail,2026-01-22,2026-01-29,6,7,3736.61,105
SHP000425,SUP0006,WH0005,PRD0146,ocean,2025-08-28,2025-09-10,14,13,3494.93,118
SHP000426,SUP0028,WH0007,PRD0078,road,2025-02-28,2025-03-01,1,1,316.99,304
SHP000427,SUP0007,WH0008,PRD0104,road,2025-12-24,2025-12-25,1,1,219.17,159
SHP000428,SUP0006,WH0010,PRD0141,air,2024-09-08,2024-09-10,3,2,80873.98,266
SHP000429,SUP0024,WH0010,PRD0001,ocean,2026-03-03,2026-03-26,25,23,5896.02,98
SHP000430,SUP0010,WH0010,PRD0078,ocean,2026-03-17,2026-03-26,9,9,2423.42,141
SHP000431,SUP0009,WH0003,PRD0074,air,2024-11-20,2024-11-23,4,3,47262.44,142
SHP000432,SUP0030,WH0007,PRD0054,ocean,2025-07-09,2025-08-05,27,27,12273.42,184
SHP000433,SUP0028,WH0008,PRD0111,ocean,2025-01-09,2025-02-01,22,23,7574.41,148
SHP000434,SUP0007,WH0003,PRD0149,ocean,2026-07-31,2026-08-23,23,23,10535.39,198
SHP000435,SUP0002,WH0008,PRD0083,ocean,2025-09-15,2025-10-09,22,24,11750.65,223
SHP000436,SUP0004,WH0009,PRD0120,ocean,2024-10-10,2024-11-01,24,22,7388.33,129
SHP000437,SUP0025,WH0008,PRD0114,rail,2025-03-03,2025-03-08,7,5,7581.55,198
SHP000438,SUP0032,WH0008,PRD0114,rail,2026-05-12,2026-05-20,6,8,5850.29,184
SHP000439,SUP0006,WH0001,PRD0055,ocean,2025-08-01,2025-08-19,19,18,9453.07,218
SHP000440,SUP0028,WH0009,PRD0131,road,2026-04-08,2026-04-09,1,1,297.9,89
SHP000441,SUP0013,WH0009,PRD0122,rail,2026-01-01,2026-01-03,1,2,159.68,155
SHP000442,SUP0036,WH0002,PRD0044,ocean,2026-08-22,2026-09-02,13,11,4145.63,158
SHP000443,SUP0019,WH0009,PRD0022,road,2025-11-10,2025-11-11,1,1,91.8,102
SHP000444,SUP0030,WH0008,PRD0073,air,2026-07-25,2026-07-26,2,1,62297.18,324
SHP000445,SUP0026,WH0006,PRD0132,ocean,2026-06-13,2026-07-07,27,24,6171.5,95
SHP000446,SUP0025,WH0002,PRD0086,rail,2025-11-22,2025-11-27,5,5,5341.27,191
SHP000447,SUP0013,WH0010,PRD0024,road,2026-02-08,2026-02-09,1,1,1227.54,111
SHP000448,SUP0012,WH0002,PRD0061,rail,2025-09-05,2025-09-13,9,8,24876.7,478
SHP000449,SUP0023,WH0007,PRD0080,ocean,2026-04-29,2026-05-25,27,26,67493.68,1023
SHP000450,SUP0006,WH0006,PRD0058,ocean,2025-10-06,2025-11-02,28,27,9080.59,131
SHP000451,SUP0009,WH0003,PRD0051,ocean,2026-06-17,2026-07-06,19,19,3638.99,82
SHP000452,SUP0026,WH0002,PRD0038,ocean,2026-02-25,2026-03-17,21,20,23648.87,476
SHP000453,SUP0014,WH0008,PRD0007,ocean,2025-08-14,2025-09-09,26,26,10769.62,170
SHP000454,SUP0005,WH0008,PRD0012,ocean,2025-03-11,2025-04-10,28,30,13305.91,193
SHP000455,SUP0001,WH0004,PRD0063,ocean,2025-03-02,2025-03-20,19,18,18292.51,420
SHP000456,SUP0014,WH0010,PRD0122,ocean,2025-12-10,2025-12-31,21,21,3454.56,70
SHP000457,SUP0001,WH0006,PRD0019,ocean,2026-03-13,2026-04-05,26,23,22817.88,362
SHP000458,SUP0020,WH0002,PRD0117,ocean,2025-09-17,2025-09-28,13,11,2383.58,87
SHP000459,SUP0025,WH0010,PRD0107,ocean,2025-12-03,2025-12-21,18,18,2670.36,66
SHP000460,SUP0028,WH0009,PRD0148,rail,2025-03-22,2025-03-23,1,1,111.57,60
SHP000461,SUP0025,WH0008,PRD0050,ocean,2024-10-30,2024-11-07,11,8,5513.85,240
SHP000462,SUP0024,WH0008,PRD0099,ocean,2025-03-30,2025-04-27,29,28,7668.87,110
SHP000463,SUP0013,WH0010,PRD0127,road,2025-03-20,2025-03-21,1,1,3008.02,272
SHP000464,SUP0036,WH0008,PRD0103,road,2025-04-24,2025-04-25,1,1,130.26,117
SHP000465,SUP0011,WH0009,PRD0063,air,2025-10-01,2025-10-06,5,5,36746.52,75
SHP000466,SUP0006,WH0005,PRD0038,ocean,2024-12-13,2024-12-28,14,15,9329.7,315
SHP000467,SUP0018,WH0001,PRD0002,air,2025-02-18,2025-02-24,5,6,183961.51,405
SHP000468,SUP0019,WH0003,PRD0028,road,2026-01-20,2026-01-21,1,1,1448.13,176
SHP000469,SUP0029,WH0003,PRD0109,road,2026-01-29,2026-01-30,1,1,5123.35,281
SHP000470,SUP0025,WH0008,PRD0057,ocean,2024-10-20,2024-10-31,11,11,15944.23,694
SHP000471,SUP0024,WH0005,PRD0046,air,2025-06-26,2025-06-30,6,4,20005.28,31
SHP000472,SUP0035,WH0007,PRD0133,ocean,2025-10-02,2025-10-25,23,23,27009.64,485
SHP000473,SUP0005,WH0005,PRD0119,ocean,2025-07-02,2025-08-05,34,34,8806.58,104
SHP000474,SUP0038,WH0008,PRD0013,ocean,2025-02-01,2025-03-07,32,34,6637.09,84
SHP000475,SUP0039,WH0004,PRD0143,air,2025-07-06,2025-07-09,3,3,158814.74,500
SHP000476,SUP0014,WH0004,PRD0064,ocean,2026-06-22,2026-07-25,31,33,3498.13,46
SHP000477,SUP0022,WH0003,PRD0032,rail,2025-11-02,2025-11-08,9,6,6914.6,125
SHP000478,SUP0036,WH0001,PRD0117,ocean,2026-01-21,2026-02-12,22,22,21182.0,410
SHP000479,SUP0038,WH0002,PRD0035,ocean,2026-05-18,2026-06-10,24,23,4000.19,71
SHP000480,SUP0004,WH0005,PRD0119,air,2026-03-13,2026-03-18,6,5,95184.01,148
SHP000481,SUP0002,WH0003,PRD0136,road,2025-06-07,2025-06-08,1,1,1081.67,162
SHP000482,SUP0019,WH0010,PRD0144,rail,2024-09-08,2024-09-09,2,1,322.09,56
SHP000483,SUP0008,WH0007,PRD0082,ocean,2025-05-17,2025-06-02,15,16,3818.93,118
SHP000484,SUP0025,WH0002,PRD0114,ocean,2026-03-05,2026-03-13,9,8,1275.19,76
SHP000485,SUP0012,WH0002,PRD0130,ocean,2026-05-16,2026-05-31,14,15,3216.28,103
SHP000486,SUP0030,WH0005,PRD0110,ocean,2026-07-28,2026-08-13,18,16,7481.58,178
SHP000487,SUP0014,WH0006,PRD0141,road,2025-07-05,2025-07-06,1,1,345.79,139
SHP000488,SUP0015,WH0006,PRD0115,ocean,2026-02-28,2026-03-31,33,31,19398.36,241
SHP000489,SUP0010,WH0006,PRD0041,air,2025-10-05,2025-10-10,5,5,68672.83,141
SHP000490,SUP0003,WH0003,PRD0122,ocean,2025-11-15,2025-12-11,25,26,19791.66,330
SHP000491,SUP0011,WH0008,PRD0116,air,2025-02-11,2025-02-13,2,2,9817.82,52
SHP000492,SUP0024,WH0002,PRD0067,ocean,2025-02-10,2025-03-22,38,40,20564.24,216
SHP000493,SUP0009,WH0008,PRD0064,ocean,2025-07-17,2025-08-10,26,24,12797.46,202
SHP000494,SUP0027,WH0008,PRD0071,ocean,2024-09-25,2024-10-06,10,11,3142.99,171
SHP000495,SUP0014,WH0003,PRD0134,air,2025-05-06,2025-05-10,4,4,39513.6,117
SHP000496,SUP0004,WH0007,PRD0125,ocean,2026-01-10,2026-02-03,24,24,4513.28,80
SHP000497,SUP0034,WH0002,PRD0062,ocean,2025-06-24,2025-07-05,11,11,6918.09,320
SHP000498,SUP0023,WH0007,PRD0071,ocean,2025-01-01,2025-01-29,27,28,21772.16,330
SHP000499,SUP0037,WH0002,PRD0113,ocean,2025-08-09,2025-09-12,35,34,8855.02,100
SHP000500,SUP0022,WH0009,PRD0020,air,2024-12-05,2024-12-07,3,2,16039.34,70
SHP000501,SUP0021,WH0010,PRD0074,ocean,2025-11-29,2025-12-15,16,16,9117.92,252
SHP000502,SUP0034,WH0002,PRD0061,ocean,2024-09-23,2024-10-05,11,12,1859.24,86
SHP000503,SUP0031,WH0009,PRD0070,ocean,2025-06-17,2025-07-10,23,23,3968.62,71
SHP000504,SUP0026,WH0002,PRD0086,air,2025-10-18,2025-10-22,4,4,88683.25,238
SHP000505,SUP0008,WH0006,PRD0082,ocean,2024-09-23,2024-10-24,30,31,29870.06,404
SHP000506,SUP0004,WH0007,PRD0139,ocean,2025-12-14,2026-01-08,24,25,11565.27,205
SHP000507,SUP0035,WH0002,PRD0021,air,2024-12-11,2024-12-18,7,7,190941.66,248
SHP000508,SUP0030,WH0001,PRD0036,ocean,2025-08-05,2025-09-01,27,27,22817.54,346
SHP000509,SUP0006,WH0008,PRD0039,air,2024-10-10,2024-10-12,2,2,30207.85,328
SHP000510,SUP0014,WH0008,PRD0060,ocean,2025-06-06,2025-07-04,26,28,24136.61,381
SHP000511,SUP0021,WH0006,PRD0099,ocean,2025-02-04,2025-03-10,32,34,29480.86,369
SHP000512,SUP0029,WH0005,PRD0040,ocean,2025-04-29,2025-05-12,13,13,14925.19,571
SHP000513,SUP0025,WH0001,PRD0055,ocean,2026-03-10,2026-03-27,19,17,4459.6,103
SHP000514,SUP0025,WH0009,PRD0017,ocean,2025-06-06,2025-06-24,19,18,2850.24,65
SHP000515,SUP0007,WH0001,PRD0107,air,2026-03-03,2026-03-07,4,4,47858.13,125
SHP000516,SUP0009,WH0009,PRD0105,air,2026-04-30,2026-05-03,4,3,31874.58,91
SHP000517,SUP0030,WH0009,PRD0085,air,2025-03-06,2025-03-11,5,5,100750.83,202
SHP000518,SUP0033,WH0005,PRD0139,ocean,2024-11-02,2024-11-15,14,13,3545.26,123
SHP000519,SUP0031,WH0004,PRD0120,ocean,2024-09-18,2024-10-20,30,32,17935.2,242
SHP000520,SUP0012,WH0003,PRD0107,air,2025-09-30,2025-10-03,4,3,147156.78,354
SHP000521,SUP0011,WH0007,PRD0016,ocean,2026-08-30,2026-09-25,27,26,27197.04,415
SHP000522,SUP0004,WH0005,PRD0053,ocean,2025-05-16,2025-06-19,34,34,38159.36,445
SHP000523,SUP0035,WH0001,PRD0108,ocean,2025-12-20,2026-01-14,24,25,11432.14,204
SHP000524,SUP0006,WH0003,PRD0100,air,2026-03-25,2026-03-29,4,4,7946.26,23
SHP000525,SUP0015,WH0008,PRD0150,ocean,2025-12-21,2026-01-02,14,12,5788.72,192
SHP000526,SUP0022,WH0002,PRD0006,rail,2026-03-05,2026-03-15,9,10,4125.1,82
SHP000527,SUP0030,WH0003,PRD0148,ocean,2026-07-25,2026-08-22,28,28,5865.91,85
SHP000528,SUP0021,WH0006,PRD0098,air,2025-01-26,2025-01-31,6,5,131825.0,220
SHP000529,SUP0005,WH0004,PRD0123,ocean,2024-09-18,2024-10-21,34,33,18101.06,211
SHP000530,SUP0017,WH0009,PRD0002,rail,2024-12-23,2024-12-30,8,7,11331.26,235
SHP000531,SUP0038,WH0007,PRD0091,ocean,2024-12-04,2024-12-27,23,23,10950.04,196
SHP000532,SUP0017,WH0009,PRD0077,rail,2026-01-03,2026-01-07,8,4,10125.81,210
SHP000533,SUP0010,WH0001,PRD0100,ocean,2025-10-18,2025-10-23,10,5,2662.33,148
SHP000534,SUP0039,WH0003,PRD0108,ocean,2025-02-09,2025-03-01,23,20,5288.73,98
SHP000535,SUP0005,WH0007,PRD0138,ocean,2026-01-24,2026-02-15,23,22,18827.65,338
SHP000536,SUP0011,WH0002,PRD0140,road,2026-03-14,2026-03-15,1,1,2912.48,165
SHP000537,SUP0001,WH0008,PRD0057,road,2025-01-03,2025-01-04,1,1,1727.04,376
SHP000538,SUP0006,WH0004,PRD0125,ocean,2025-11-18,2025-11-29,14,11,3314.37,111
SHP000539,SUP0010,WH0003,PRD0057,rail,2026-02-28,2026-03-07,6,7,1113.59,33
SHP000540,SUP0023,WH0003,PRD0070,ocean,2024-11-26,2024-12-25,28,29,27926.03,409
SHP000541,SUP0018,WH0006,PRD0112,ocean,2026-04-21,2026-05-22,31,31,17695.91,228
SHP000542,SUP0016,WH0002,PRD0125,ocean,2026-08-05,2026-09-12,38,38,37385.79,390
SHP000543,SUP0037,WH0003,PRD0008,ocean,2024-11-21,2024-12-11,19,20,1916.68,44
SHP000544,SUP0040,WH0005,PRD0100,air,2024-09-22,2024-09-25,2,3,42998.16,393
SHP000545,SUP0011,WH0004,PRD0087,ocean,2025-04-18,2025-05-03,18,15,11370.79,282
SHP000546,SUP0027,WH0002,PRD0104,road,2026-01-08,2026-01-09,1,1,9666.46,416
SHP000547,SUP0001,WH0005,PRD0043,ocean,2026-07-31,2026-08-20,19,20,5451.53,126
SHP000548,SUP0029,WH0004,PRD0120,ocean,2025-06-18,2025-07-02,13,14,3835.45,141
SHP000549,SUP0007,WH0006,PRD0033,ocean,2026-02-05,2026-03-02,26,25,15990.9,251
SHP000550,SUP0015,WH0004,PRD0137,air,2024-10-29,2024-10-30,2,1,22911.83,216
SHP000551,SUP0031,WH0007,PRD0007,air,2026-01-18,2026-01-22,4,4,83681.01,199
SHP000552,SUP0034,WH0010,PRD0101,air,2025-12-03,2025-12-06,3,3,30323.32,112
SHP000553,SUP0009,WH0005,PRD0145,air,2024-11-16,2024-11-20,5,4,285457.64,512
SHP000554,SUP0035,WH0003,PRD0007,air,2026-03-18,2026-03-22,4,4,115854.8,289
SHP000555,SUP0015,WH0009,PRD0022,ocean,2026-05-14,2026-05-29,18,15,5537.48,139
SHP000556,SUP0006,WH0003,PRD0110,ocean,2025-11-13,2025-12-05,20,22,14003.85,304
SHP000557,SUP0016,WH0004,PRD0035,ocean,2024-11-30,2025-01-03,35,34,16466.55,188
SHP000558,SUP0025,WH0004,PRD0119,ocean,2026-08-19,2026-08-29,11,10,4462.58,209
SHP000559,SUP0025,WH0004,PRD0047,rail,2026-03-26,2026-03-30,6,4,8932.28,251
SHP000560,SUP0021,WH0005,PRD0013,rail,2025-05-14,2025-05-18,5,4,2036.84,85
SHP000561,SUP0001,WH0002,PRD0067,ocean,2025-07-12,2025-07-25,13,13,3927.06,144
SHP000562,SUP0011,WH0010,PRD0098,ocean,2025-05-31,2025-06-25,26,25,11331.14,183
SHP000563,SUP0019,WH0009,PRD0084,road,2025-09-06,2025-09-07,1,1,356.4,396
SHP000564,SUP0016,WH0010,PRD0055,ocean,2025-05-09,2025-06-02,25,24,3269.41,54
SHP000565,SUP0025,WH0002,PRD0117,ocean,2026-05-13,2026-05-22,9,9,2634.28,157
SHP000566,SUP0018,WH0006,PRD0084,air,2026-04-24,2026-04-30,6,6,164152.89,282
SHP000567,SUP0020,WH0003,PRD0087,rail,2024-11-19,2024-11-28,10,9,16079.46,268
SHP000568,SUP0026,WH0008,PRD0098,ocean,2026-08-02,2026-08-23,22,21,28158.84,536
SHP000569,SUP0004,WH0009,PRD0072,ocean,2025-12-09,2026-01-01,24,23,12256.62,214
SHP000570,SUP0024,WH0007,PRD0108,air,2026-04-28,2026-05-02,4,4,30786.77,72
SHP000571,SUP0010,WH0010,PRD0065,ocean,2026-01-30,2026-02-07,9,8,1409.36,82
SHP000572,SUP0024,WH0008,PRD0021,ocean,2025-07-17,2025-08-16,29,30,4531.6,65
SHP000573,SUP0013,WH0007,PRD0121,road,2026-02-18,2026-02-19,1,1,426.09,83
SHP000574,SUP0033,WH0006,PRD0005,air,2026-08-05,2026-08-09,5,4,34964.91,67
SHP000575,SUP0031,WH0003,PRD0139,ocean,2025-03-19,2025-04-08,23,20,11571.0,215
SHP000576,SUP0024,WH0007,PRD0014,air,2026-04-13,2026-04-16,4,3,215507.4,504
SHP000577,SUP0038,WH0003,PRD0090,ocean,2025-09-29,2025-10-20,23,21,3785.5,68
SHP000578,SUP0010,WH0009,PRD0058,ocean,2025-08-21,2025-08-29,10,8,2056.43,113
SHP000579,SUP0002,WH0008,PRD0018,ocean,2025-07-17,2025-08-08,22,22,14596.1,277
SHP000580,SUP0022,WH0010,PRD0011,ocean,2026-02-16,2026-03-01,13,13,9938.49,364
SHP000581,SUP0010,WH0008,PRD0008,ocean,2025-03-17,2025-04-09,23,23,6564.68,122
SHP000582,SUP0036,WH0002,PRD0064,ocean,2026-05-15,2026-05-23,13,8,3253.53,124
SHP000583,SUP0039,WH0005,PRD0052,air,2026-04-30,2026-05-03,3,3,64085.65,203
SHP000584,SUP0011,WH0010,PRD0006,ocean,2024-11-05,2024-12-03,26,28,18204.13,294
SHP000585,SUP0019,WH0008,PRD0040,ocean,2026-06-06,2026-06-27,22,21,11590.91,223
SHP000586,SUP0027,WH0007,PRD0062,ocean,2025-02-28,2025-03-27,24,27,7160.73,125
SHP000587,SUP0010,WH0009,PRD0033,rail,2025-08-07,2025-08-12,6,5,8431.98,278
SHP000588,SUP0010,WH0003,PRD0122,ocean,2025-11-21,2025-11-30,10,9,3502.75,173
SHP000589,SUP0026,WH0003,PRD0030,air,2025-06-06,2025-06-08,2,2,8603.51,57
SHP000590,SUP0040,WH0009,PRD0145,ocean,2024-09-24,2024-10-01,8,7,5786.19,407
SHP000591,SUP0011,WH0009,PRD0056,ocean,2026-05-14,2026-06-10,27,27,41221.43,631
SHP000592,SUP0002,WH0007,PRD0120,road,2025-01-14,2025-01-15,1,1,474.58,99
SHP000593,SUP0033,WH0002,PRD0066,ocean,2025-02-04,2025-02-12,11,8,11908.88,541
SHP000594,SUP0011,WH0010,PRD0095,ocean,2026-04-06,2026-05-03,26,27,13869.81,224
SHP000595,SUP0008,WH0010,PRD0043,rail,2025-05-09,2025-05-16,8,7,8365.85,175
SHP000596,SUP0040,WH0006,PRD0030,ocean,2026-06-05,2026-06-29,25,24,49257.12,807
SHP000597,SUP0027,WH0005,PRD0042,ocean,2026-01-26,2026-02-10,16,15,3277.51,93
SHP000598,SUP0024,WH0009,PRD0080,ocean,2025-03-23,2025-04-16,24,24,25365.92,438
SHP000599,SUP0018,WH0008,PRD0028,rail,2024-09-11,2024-09-16,5,5,5108.91,215
SHP000600,SUP0014,WH0004,PRD0149,air,2026-07-24,2026-07-28,5,4,86122.49,151
SHP000601,SUP0036,WH0007,PRD0007,ocean,2024-11-05,2024-11-26,22,21,17387.61,336
SHP000602,SUP0006,WH0010,PRD0080,air,2026-02-08,2026-02-11,3,3,31011.83,102
SHP000603,SUP0015,WH0004,PRD0148,rail,2025-08-24,2025-08-27,5,3,1838.6,78
SHP000604,SUP0019,WH0009,PRD0097,rail,2026-03-08,2026-03-09,1,1,29.0,58
SHP000605,SUP0004,WH0010,PRD0102,ocean,2026-01-18,2026-02-13,25,26,19574.17,328
SHP000606,SUP0008,WH0002,PRD0051,rail,2025-12-16,2025-12-24,8,8,27911.49,579
SHP000607,SUP0005,WH0009,PRD0020,ocean,2025-08-26,2025-09-20,24,25,3679.77,65
SHP000608,SUP0024,WH0004,PRD0063,air,2026-04-02,2026-04-08,6,6,100659.28,154
SHP000609,SUP0025,WH0001,PRD0027,ocean,2024-11-10,2024-11-30,19,20,11213.94,259
SHP000610,SUP0025,WH0009,PRD0078,air,2025-02-11,2025-02-15,4,4,126616.52,385
SHP000611,SUP0025,WH0009,PRD0031,ocean,2026-01-19,2026-02-07,19,19,13988.11,319
SHP000612,SUP0030,WH0004,PRD0145,air,2025-04-14,2025-04-16,3,2,17419.71,56
SHP000613,SUP0009,WH0010,PRD0011,ocean,2025-10-31,2025-11-23,21,23,11985.15,246
SHP000614,SUP0020,WH0006,PRD0089,ocean,2025-08-13,2025-09-10,30,28,13683.94,183
SHP000615,SUP0015,WH0002,PRD0137,ocean,2025-09-24,2025-10-08,11,14,4164.29,196
SHP000616,SUP0001,WH0003,PRD0110,ocean,2025-07-09,2025-08-02,23,24,12982.9,240
SHP000617,SUP0022,WH0006,PRD0095,ocean,2026-02-27,2026-03-29,30,30,19587.04,270
SHP000618,SUP0020,WH0006,PRD0018,ocean,2025-05-02,2025-05-30,30,28,59596.19,797
SHP000619,SUP0019,WH0004,PRD0130,ocean,2026-01-27,2026-02-08,14,12,9328.99,314
SHP000620,SUP0016,WH0010,PRD0088,ocean,2025-03-19,2025-04-14,25,26,2603.42,43
SHP000621,SUP0004,WH0002,PRD0004,air,2025-03-05,2025-03-12,7,7,178339.88,244
SHP000622,SUP0016,WH0003,PRD0108,ocean,2024-11-30,2024-12-20,23,20,10822.85,194
SHP000623,SUP0033,WH0010,PRD0126,ocean,2025-01-21,2025-02-07,18,17,4960.19,124
SHP000624,SUP0029,WH0010,PRD0028,road,2024-11-29,2024-11-30,1,1,567.9,631
SHP000625,SUP0020,WH0010,PRD0111,ocean,2025-09-28,2025-10-11,14,13,18034.81,599
SHP000626,SUP0039,WH0001,PRD0093,ocean,2026-03-11,2026-04-01,22,21,3572.99,69
SHP000627,SUP0034,WH0009,PRD0118,ocean,2025-01-16,2025-02-01,17,16,9401.89,239
SHP000628,SUP0028,WH0010,PRD0040,road,2025-02-08,2025-02-09,1,1,2970.16,296
SHP000629,SUP0030,WH0004,PRD0112,air,2025-08-21,2025-08-23,3,2,40127.56,129
SHP000630,SUP0021,WH0006,PRD0046,air,2026-02-12,2026-02-17,6,5,193543.07,323
SHP000631,SUP0016,WH0007,PRD0134,air,2026-08-14,2026-08-18,4,4,215540.66,501
SHP000632,SUP0031,WH0008,PRD0070,air,2025-09-19,2025-09-25,7,6,207470.19,263
SHP000633,SUP0016,WH0009,PRD0138,ocean,2025-03-28,2025-04-16,24,19,3262.1,56
SHP000634,SUP0029,WH0004,PRD0124,rail,2024-11-15,2024-11-22,8,7,4578.97,101
SHP000635,SUP0032,WH0010,PRD0120,air,2025-01-22,2025-01-26,4,4,57464.81,146
SHP000636,SUP0008,WH0005,PRD0112,air,2025-02-16,2025-02-18,2,2,45255.38,643
SHP000637,SUP0014,WH0008,PRD0069,ocean,2025-01-12,2025-02-07,26,26,12036.63,190
SHP000638,SUP0014,WH0010,PRD0083,air,2024-09-14,2024-09-17,4,3,200981.19,543
SHP000639,SUP0011,WH0010,PRD0063,ocean,2025-09-26,2025-10-20,26,24,7430.26,120
SHP000640,SUP0028,WH0003,PRD0023,road,2025-03-22,2025-03-23,1,1,1158.33,145
SHP000641,SUP0009,WH0010,PRD0072,ocean,2026-08-12,2026-09-03,21,22,15298.12,314
SHP000642,SUP0004,WH0005,PRD0116,ocean,2025-10-10,2025-11-12,34,33,9432.65,110
SHP000643,SUP0011,WH0001,PRD0063,ocean,2026-01-23,2026-02-18,27,26,28175.78,435
SHP000644,SUP0025,WH0009,PRD0119,air,2024-12-04,2024-12-07,4,3,117079.18,356
SHP000645,SUP0027,WH0002,PRD0146,road,2026-05-27,2026-05-28,1,1,2509.56,108
SHP000646,SUP0014,WH0002,PRD0098,ocean,2025-08-26,2025-10-01,36,36,51824.51,580
SHP000647,SUP0024,WH0009,PRD0087,ocean,2026-05-30,2026-06-21,24,22,7123.31,123
SHP000648,SUP0030,WH0002,PRD0008,rail,2025-10-25,2025-10-27,3,2,3049.46,262
SHP000649,SUP0007,WH0004,PRD0127,ocean,2025-08-10,2025-08-26,18,16,4801.21,114
SHP000650,SUP0036,WH0007,PRD0084,ocean,2025-07-20,2025-08-10,22,21,4295.15,83
SHP000651,SUP0028,WH0006,PRD0047,air,2025-01-15,2025-01-18,4,3,41194.87,118
SHP000652,SUP0028,WH0006,PRD0125,ocean,2024-10-11,2024-10-29,20,18,2979.06,64
SHP000653,SUP0038,WH0002,PRD0055,ocean,2026-07-19,2026-08-14,24,26,14197.84,252
SHP000654,SUP0007,WH0002,PRD0091,ocean,2025-08-16,2025-08-29,13,13,5455.82,206
SHP000655,SUP0013,WH0005,PRD0067,ocean,2026-04-23,2026-05-09,13,16,18570.07,649
SHP000656,SUP0001,WH0010,PRD0088,air,2025-06-21,2025-06-25,4,4,145407.81,392
SHP000657,SUP0024,WH0003,PRD0072,ocean,2024-10-27,2024-11-18,23,22,62732.64,1131
SHP000658,SUP0008,WH0007,PRD0071,rail,2025-12-04,2025-12-11,9,7,16343.74,303
SHP000659,SUP0029,WH0004,PRD0143,rail,2024-10-12,2024-10-19,8,7,17454.48,385
SHP000660,SUP0002,WH0005,PRD0003,ocean,2024-12-21,2025-01-06,14,16,1664.06,57
SHP000661,SUP0027,WH0005,PRD0133,ocean,2025-10-17,2025-11-01,16,15,6872.19,195
SHP000662,SUP0017,WH0003,PRD0049,ocean,2025-04-12,2025-04-24,14,12,14337.16,489
SHP000663,SUP0023,WH0006,PRD0022,air,2026-08-26,2026-09-01,6,6,252371.98,376
SHP000664,SUP0024,WH0007,PRD0062,air,2024-11-28,2024-12-01,4,3,105188.14,246
SHP000665,SUP0016,WH0006,PRD0105,ocean,2026-03-12,2026-03-18,7,6,2754.56,238
SHP000666,SUP0025,WH0007,PRD0126,ocean,2025-11-18,2025-12-08,19,20,8027.29,182
SHP000667,SUP0012,WH0003,PRD0143,air,2026-04-01,2026-04-04,4,3,66927.23,161
SHP000668,SUP0020,WH0004,PRD0062,rail,2025-02-14,2025-02-18,4,4,4992.42,278
SHP000669,SUP0014,WH0006,PRD0122,road,2025-09-18,2025-09-20,1,2,1639.41,659
SHP000670,SUP0029,WH0002,PRD0126,ocean,2025-07-28,2025-08-21,24,24,8724.33,153
SHP000671,SUP0008,WH0006,PRD0115,ocean,2025-07-22,2025-08-21,30,30,26173.27,354
SHP000672,SUP0031,WH0003,PRD0005,ocean,2026-05-21,2026-06-13,23,23,16360.85,304
SHP000673,SUP0017,WH0004,PRD0024,ocean,2026-08-23,2026-09-06,15,14,8091.9,255
SHP000674,SUP0001,WH0007,PRD0076,ocean,2025-04-13,2025-05-03,22,20,4736.53,91
SHP000675,SUP0019,WH0008,PRD0057,ocean,2025-11-28,2025-12-20,22,22,5613.54,108
SHP000676,SUP0016,WH0004,PRD0104,air,2025-11-20,2025-11-26,6,6,126126.76,192
SHP000677,SUP0015,WH0004,PRD0063,rail,2026-02-23,2026-02-28,5,5,22793.97,967
SHP000678,SUP0017,WH0001,PRD0079,rail,2026-07-23,2026-08-01,8,9,11500.16,237
SHP000679,SUP0031,WH0001,PRD0149,ocean,2025-02-01,2025-02-25,24,24,21672.54,384
SHP000680,SUP0013,WH0008,PRD0095,ocean,2025-02-04,2025-02-25,22,21,8423.28,161
SHP000681,SUP0002,WH0009,PRD0122,road,2025-12-27,2025-12-28,1,1,699.87,287
SHP000682,SUP0039,WH0009,PRD0142,ocean,2024-12-27,2025-01-18,22,22,15371.49,294
SHP000683,SUP0032,WH0009,PRD0136,ocean,2025-01-08,2025-01-31,23,23,5143.4,92
SHP000684,SUP0012,WH0001,PRD0089,ocean,2024-10-28,2024-11-21,23,24,9116.98,170
SHP000685,SUP0037,WH0002,PRD0109,ocean,2024-09-05,2024-10-13,35,38,28424.62,321
SHP000686,SUP0010,WH0009,PRD0141,rail,2025-07-28,2025-08-04,6,7,8735.28,288
SHP000687,SUP0008,WH0004,PRD0085,rail,2025-11-09,2025-11-12,3,3,2761.05,171
SHP000688,SUP0016,WH0001,PRD0091,ocean,2025-04-03,2025-04-24,24,21,13660.91,233
SHP000689,SUP0038,WH0008,PRD0117,ocean,2025-02-19,2025-03-20,32,29,3476.57,44
SHP000690,SUP0018,WH0003,PRD0070,air,2026-01-30,2026-02-03,5,4,127228.26,268
SHP000691,SUP0026,WH0006,PRD0079,ocean,2026-01-27,2026-02-23,27,27,2728.45,42
SHP000692,SUP0010,WH0002,PRD0065,air,2025-07-30,2025-08-02,4,3,61106.6,161
SHP000693,SUP0003,WH0006,PRD0060,ocean,2026-01-16,2026-02-14,33,29,5105.19,62
SHP000694,SUP0030,WH0009,PRD0031,ocean,2026-07-06,2026-08-06,27,31,7514.75,113
SHP000695,SUP0004,WH0001,PRD0050,ocean,2026-03-29,2026-04-21,24,23,10784.31,187
SHP000696,SUP0006,WH0009,PRD0081,ocean,2025-12-01,2025-12-21,19,20,2590.68,59
SHP000697,SUP0018,WH0009,PRD0031,ocean,2025-12-28,2026-01-21,25,24,47240.83,773
SHP000698,SUP0034,WH0002,PRD0138,air,2026-07-13,2026-07-14,2,1,15727.84,97
SHP000699,SUP0024,WH0001,PRD0048,air,2025-07-09,2025-07-12,4,3,129392.27,296
SHP000700,SUP0020,WH0008,PRD0050,ocean,2025-10-04,2025-10-15,14,11,8560.55,273
SHP000701,SUP0032,WH0010,PRD0056,ocean,2025-12-18,2026-01-07,22,20,9498.75,181
SHP000702,SUP0004,WH0006,PRD0124,ocean,2026-06-25,2026-07-03,7,8,2113.29,187
SHP000703,SUP0009,WH0004,PRD0071,ocean,2026-04-27,2026-05-27,31,30,11468.79,152
SHP000704,SUP0005,WH0001,PRD0135,ocean,2024-10-25,2024-11-17,24,23,6666.48,117
SHP000705,SUP0032,WH0007,PRD0073,ocean,2025-01-02,2025-01-22,24,20,15804.83,282
SHP000706,SUP0010,WH0001,PRD0026,rail,2025-04-15,2025-04-20,5,5,1529.04,51
SHP000707,SUP0036,WH0002,PRD0050,rail,2026-03-01,2026-03-10,8,9,13775.04,315
SHP000708,SUP0009,WH0005,PRD0076,ocean,2025-10-22,2025-11-20,30,29,8028.5,108
SHP000709,SUP0019,WH0008,PRD0059,ocean,2025-04-01,2025-04-22,22,21,2131.06,41
SHP000710,SUP0024,WH0006,PRD0093,rail,2024-12-03,2024-12-06,4,3,1420.14,77
SHP000711,SUP0009,WH0006,PRD0046,road,2026-01-16,2026-01-17,1,1,957.92,374
SHP000712,SUP0037,WH0005,PRD0078,air,2026-01-25,2026-01-30,5,5,142049.69,258
SHP000713,SUP0039,WH0007,PRD0004,ocean,2026-07-20,2026-08-12,22,23,6536.79,126
SHP000714,SUP0029,WH0010,PRD0137,road,2025-09-02,2025-09-03,1,1,20.7,23
SHP000715,SUP0018,WH0002,PRD0033,rail,2025-08-28,2025-09-01,4,4,2797.63,121
SHP000716,SUP0035,WH0003,PRD0071,ocean,2024-11-01,2024-11-22,23,21,5024.38,94
SHP000717,SUP0037,WH0003,PRD0012,ocean,2024-10-02,2024-10-20,19,18,3528.43,81
SHP000718,SUP0033,WH0007,PRD0014,ocean,2025-07-14,2025-08-02,19,19,20732.0,479
SHP000719,SUP0004,WH0005,PRD0142,ocean,2025-04-26,2025-05-29,34,33,46391.49,541
SHP000720,SUP0020,WH0008,PRD0075,rail,2025-03-04,2025-03-14,9,10,11445.43,219
SHP000721,SUP0023,WH0004,PRD0033,ocean,2024-11-09,2024-11-27,18,18,9351.75,231
SHP000722,SUP0016,WH0005,PRD0126,ocean,2026-08-03,2026-09-06,35,34,42031.99,486
SHP000723,SUP0035,WH0006,PRD0027,ocean,2026-05-03,2026-05-23,19,20,5269.23,119
SHP000724,SUP0028,WH0003,PRD0004,road,2025-10-26,2025-10-27,1,1,2188.85,274
SHP000725,SUP0002,WH0004,PRD0147,ocean,2026-07-26,2026-08-08,14,13,6493.84,215
SHP000726,SUP0008,WH0005,PRD0073,rail,2026-08-30,2026-09-01,3,2,1657.88,106
SHP000727,SUP0035,WH0008,PRD0121,ocean,2026-01-05,2026-02-16,42,42,26615.07,253
SHP000728,SUP0034,WH0004,PRD0123,ocean,2025-03-18,2025-03-28,8,10,5445.45,387
SHP000729,SUP0024,WH0003,PRD0113,ocean,2024-10-03,2024-10-24,23,21,24183.41,436
SHP000730,SUP0023,WH0007,PRD0088,ocean,2026-03-07,2026-04-02,27,26,14448.79,219
SHP000731,SUP0017,WH0009,PRD0048,ocean,2025-08-11,2025-08-23,14,12,3761.01,130
SHP000732,SUP0005,WH0008,PRD0014,ocean,2025-12-20,2026-01-17,28,28,13995.34,203
SHP000733,SUP0034,WH0003,PRD0065,air,2026-07-01,2026-07-04,3,3,85956.38,273
SHP000734,SUP0038,WH0004,PRD0123,ocean,2025-01-13,2025-02-04,18,22,3998.2,97
SHP000735,SUP0015,WH0004,PRD0030,rail,2025-11-02,2025-11-06,5,4,5421.52,230
SHP000736,SUP0024,WH0001,PRD0017,ocean,2025-12-08,2025-12-29,24,21,34271.47,588
SHP000737,SUP0008,WH0002,PRD0103,ocean,2025-08-26,2025-09-07,14,12,1677.58,58
SHP000738,SUP0020,WH0007,PRD0126,rail,2024-11-09,2024-11-17,9,8,9067.59,161
SHP000739,SUP0020,WH0010,PRD0019,ocean,2025-05-14,2025-05-29,14,15,3763.53,125
SHP000740,SUP0040,WH0003,PRD0148,ocean,2025-05-03,2025-05-11,9,8,1783.13,106
SHP000741,SUP0023,WH0010,PRD0014,ocean,2026-01-03,2026-01-30,26,27,15338.24,246
SHP000742,SUP0024,WH0006,PRD0039,rail,2026-05-19,2026-05-23,4,4,7653.99,415
SHP000743,SUP0039,WH0003,PRD0039,ocean,2025-05-01,2025-05-24,23,23,20237.48,375
SHP000744,SUP0036,WH0001,PRD0145,ocean,2026-01-20,2026-02-11,22,22,25366.74,491
SHP000745,SUP0008,WH0006,PRD0078,ocean,2025-04-01,2025-04-28,30,27,25507.85,345
SHP000746,SUP0033,WH0004,PRD0022,rail,2026-07-22,2026-07-29,8,7,8234.84,170
SHP000747,SUP0028,WH0006,PRD0064,air,2026-04-17,2026-04-20,4,3,32816.25,94
SHP000748,SUP0032,WH0002,PRD0031,road,2025-10-08,2025-10-09,1,1,4550.52,203
SHP000749,SUP0040,WH0005,PRD0143,ocean,2025-07-31,2025-08-07,8,7,1838.09,126
SHP000750,SUP0040,WH0003,PRD0107,ocean,2025-04-20,2025-04-30,9,10,2085.92,124
SHP000751,SUP0017,WH0005,PRD0058,air,2025-04-26,2025-04-29,3,3,120884.81,509
SHP000752,SUP0024,WH0004,PRD0134,ocean,2026-08-09,2026-09-14,35,36,18998.89,218
SHP000753,SUP0001,WH0003,PRD0098,air,2025-06-24,2025-06-28,4,4,88851.71,219
SHP000754,SUP0014,WH0001,PRD0116,ocean,2025-09-12,2025-10-02,20,20,4815.32,101
SHP000755,SUP0008,WH0004,PRD0114,ocean,2026-08-22,2026-08-29,7,7,1986.02,205
SHP000756,SUP0026,WH0005,PRD0077,ocean,2025-12-25,2026-01-04,8,10,1208.82,83
SHP000757,SUP0034,WH0008,PRD0110,ocean,2025-10-02,2025-10-16,14,14,7334.89,246
SHP000758,SUP0017,WH0005,PRD0079,ocean,2025-07-01,2025-07-19,15,18,16402.97,518
SHP000759,SUP0030,WH0002,PRD0146,rail,2025-01-18,2025-01-20,3,2,442.29,38
SHP000760,SUP0028,WH0009,PRD0016,rail,2025-05-24,2025-05-25,1,1,260.34,140
SHP000761,SUP0016,WH0010,PRD0026,ocean,2026-03-07,2026-03-30,25,23,14712.34,243
SHP000762,SUP0038,WH0002,PRD0054,ocean,2025-12-02,2025-12-26,24,24,11606.17,206
SHP000763,SUP0019,WH0002,PRD0055,air,2026-03-09,2026-03-13,5,4,60786.08,134
SHP000764,SUP0016,WH0003,PRD0068,ocean,2025-01-29,2025-02-19,23,21,17907.91,321
SHP000765,SUP0037,WH0003,PRD0021,air,2025-10-07,2025-10-11,4,4,44758.74,137
SHP000766,SUP0016,WH0004,PRD0041,ocean,2026-07-09,2026-08-12,35,34,38363.56,438
SHP000767,SUP0026,WH0008,PRD0062,ocean,2025-07-19,2025-08-12,22,24,15130.12,288
SHP000768,SUP0008,WH0002,PRD0045,air,2026-01-23,2026-01-26,3,3,171156.7,789
SHP000769,SUP0022,WH0006,PRD0142,ocean,2024-12-01,2025-01-01,30,31,25027.89,345
SHP000770,SUP0036,WH0003,PRD0020,ocean,2026-08-11,2026-09-04,23,24,24437.69,454
SHP000771,SUP0001,WH0003,PRD0041,ocean,2025-11-20,2025-12-12,23,22,4327.63,80
SHP000772,SUP0003,WH0008,PRD0001,ocean,2025-02-24,2025-03-04,10,8,2709.56,148
SHP000773,SUP0021,WH0001,PRD0105,ocean,2024-12-27,2025-01-12,17,16,6183.44,159
SHP000774,SUP0015,WH0005,PRD0116,ocean,2025-10-08,2025-10-18,8,10,6376.41,441
SHP000775,SUP0023,WH0005,PRD0121,ocean,2025-10-09,2025-10-29,18,20,6978.57,170
SHP000776,SUP0040,WH0002,PRD0075,air,2024-11-10,2024-11-14,4,4,371442.09,1034
SHP000777,SUP0027,WH0001,PRD0009,air,2026-08-25,2026-08-29,4,4,81535.02,192
SHP000778,SUP0010,WH0003,PRD0060,rail,2026-06-28,2026-07-04,6,6,1214.83,36
SHP000779,SUP0001,WH0005,PRD0074,air,2025-08-05,2025-08-08,4,3,86964.91,268
SHP000780,SUP0002,WH0003,PRD0073,road,2024-11-28,2024-11-29,1,1,2069.85,310
SHP000781,SUP0010,WH0008,PRD0117,air,2026-05-01,2026-05-04,4,3,49235.07,122
SHP000782,SUP0028,WH0003,PRD0019,road,2025-08-31,2025-09-01,1,1,1877.3,235
SHP000783,SUP0014,WH0003,PRD0060,ocean,2026-02-06,2026-02-25,20,19,7519.97,167
SHP000784,SUP0038,WH0002,PRD0068,ocean,2025-09-08,2025-09-30,24,22,5690.41,101
SHP000785,SUP0013,WH0003,PRD0051,rail,2025-03-21,2025-03-23,2,2,900.01,193
SHP000786,SUP0019,WH0007,PRD0109,rail,2026-05-03,2026-05-04,1,1,304.18,138
SHP000787,SUP0022,WH0002,PRD0030,air,2026-08-16,2026-08-18,3,2,36899.51,163
SHP000788,SUP0036,WH0005,PRD0140,air,2025-02-27,2025-03-01,3,2,47506.05,150
SHP000789,SUP0027,WH0004,PRD0058,rail,2025-10-09,2025-10-17,10,8,12455.44,214
SHP000790,SUP0040,WH0008,PRD0039,ocean,2025-06-09,2025-06-26,20,17,13236.87,286
SHP000791,SUP0022,WH0002,PRD0069,air,2026-07-05,2026-07-07,3,2,20826.72,92
SHP000792,SUP0006,WH0007,PRD0037,ocean,2025-09-07,2025-09-25,19,18,7925.71,181
SHP000793,SUP0024,WH0005,PRD0019,air,2026-06-04,2026-06-09,6,5,127775.65,198
SHP000794,SUP0002,WH0005,PRD0016,ocean,2026-05-24,2026-06-04,14,11,3182.15,109
SHP000795,SUP0030,WH0003,PRD0043,ocean,2025-03-23,2025-04-20,28,28,7867.21,114
SHP000796,SUP0024,WH0003,PRD0079,ocean,2026-03-31,2026-04-24,23,24,25126.34,453
SHP000797,SUP0033,WH0007,PRD0146,ocean,2025-07-02,2025-07-19,19,17,6319.15,146
SHP000798,SUP0019,WH0003,PRD0074,road,2026-07-14,2026-07-15,1,1,732.29,89
SHP000799,SUP0010,WH0001,PRD0113,rail,2025-09-07,2025-09-13,5,6,2878.19,96
SHP000800,SUP0034,WH0007,PRD0032,ocean,2026-04-22,2026-05-09,18,17,9746.66,245
SHP000801,SUP0040,WH0006,PRD0120,air,2025-03-28,2025-04-01,5,4,91098.21,199
SHP000802,SUP0023,WH0001,PRD0078,ocean,2025-04-08,2025-05-07,27,29,22558.72,346
SHP000803,SUP0031,WH0006,PRD0104,ocean,2025-11-04,2025-11-22,19,18,8013.67,183
SHP000804,SUP0004,WH0001,PRD0070,ocean,2026-08-30,2026-09-24,24,25,14936.55,259
SHP000805,SUP0013,WH0006,PRD0129,ocean,2025-08-25,2025-09-14,20,20,10473.33,220
SHP000806,SUP0030,WH0002,PRD0139,road,2024-12-20,2024-12-21,1,1,6159.44,294
SHP000807,SUP0019,WH0007,PRD0127,road,2025-09-30,2025-10-01,1,1,777.64,196
SHP000808,SUP0004,WH0009,PRD0113,ocean,2025-05-12,2025-06-05,24,24,12027.52,210
SHP000809,SUP0018,WH0008,PRD0021,rail,2025-10-09,2025-10-13,5,4,7556.44,318
SHP000810,SUP0011,WH0001,PRD0011,air,2025-10-03,2025-10-08,5,5,50522.08,104
SHP000811,SUP0037,WH0010,PRD0111,ocean,2025-07-31,2025-08-21,21,21,19904.36,416
SHP000812,SUP0012,WH0007,PRD0083,air,2025-04-25,2025-04-29,4,4,98749.05,246
SHP000813,SUP0010,WH0005,PRD0065,ocean,2025-01-18,2025-01-27,9,9,1689.49,109
SHP000814,SUP0029,WH0006,PRD0007,ocean,2026-01-23,2026-02-13,21,21,10992.17,223
SHP000815,SUP0020,WH0003,PRD0024,ocean,2025-10-24,2025-11-11,16,18,8531.71,237
SHP000816,SUP0015,WH0002,PRD0059,ocean,2025-02-20,2025-03-02,11,10,4992.9,235
SHP000817,SUP0003,WH0010,PRD0148,ocean,2026-03-21,2026-04-11,23,21,8768.51,162
SHP000818,SUP0010,WH0007,PRD0006,ocean,2024-10-05,2024-10-16,10,11,4702.64,244
SHP000819,SUP0027,WH0009,PRD0069,ocean,2026-02-26,2026-03-21,24,23,15610.07,273
SHP000820,SUP0005,WH0002,PRD0148,ocean,2026-01-28,2026-03-05,38,36,23562.85,249
SHP000821,SUP0024,WH0004,PRD0011,air,2026-04-16,2026-04-21,6,5,39871.53,61
SHP000822,SUP0040,WH0009,PRD0045,ocean,2025-06-11,2025-06-18,8,7,1492.75,105
SHP000823,SUP0007,WH0009,PRD0121,air,2025-12-29,2026-01-02,4,4,180158.35,466
SHP000824,SUP0002,WH0009,PRD0133,road,2026-04-22,2026-04-23,1,1,1051.02,431
SHP000825,SUP0013,WH0009,PRD0114,rail,2026-08-17,2026-08-18,1,1,569.68,553
SHP000826,SUP0025,WH0001,PRD0072,air,2025-08-29,2025-09-01,4,3,41240.44,127
SHP000827,SUP0036,WH0002,PRD0047,ocean,2024-09-30,2024-10-15,13,15,1574.29,60
SHP000828,SUP0027,WH0004,PRD0150,ocean,2025-09-03,2025-09-17,16,14,5552.57,159
SHP000829,SUP0006,WH0006,PRD0112,ocean,2025-11-06,2025-12-05,28,29,15249.85,220
SHP000830,SUP0005,WH0010,PRD0126,air,2026-05-28,2026-05-31,4,3,39712.04,90
SHP000831,SUP0012,WH0004,PRD0024,ocean,2026-05-31,2026-06-20,21,20,9555.14,200
SHP000832,SUP0039,WH0001,PRD0121,ocean,2025-07-20,2025-08-11,22,22,26460.87,511
SHP000833,SUP0027,WH0003,PRD0090,ocean,2025-09-20,2025-10-18,25,28,4708.6,79
SHP000834,SUP0021,WH0002,PRD0105,ocean,2025-08-01,2025-08-12,11,11,3188.99,148
SHP000835,SUP0020,WH0004,PRD0086,ocean,2026-02-10,2026-02-14,7,4,1055.95,98
SHP000836,SUP0005,WH0001,PRD0083,ocean,2025-06-28,2025-07-20,24,22,11338.71,199
SHP000837,SUP0011,WH0010,PRD0027,air,2025-12-23,2025-12-28,5,5,99844.06,215
SHP000838,SUP0007,WH0007,PRD0042,air,2024-12-25,2024-12-28,4,3,37581.81,98
SHP000839,SUP0011,WH0001,PRD0085,ocean,2025-08-10,2025-09-07,27,28,22151.99,342
SHP000840,SUP0037,WH0002,PRD0106,ocean,2026-08-08,2026-09-08,35,31,24794.06,280
SHP000841,SUP0025,WH0004,PRD0127,rail,2025-05-07,2025-05-13,6,6,3772.2,106
SHP000842,SUP0038,WH0001,PRD0074,ocean,2026-01-19,2026-02-11,23,23,17429.69,318
SHP000843,SUP0029,WH0009,PRD0103,rail,2025-12-19,2025-12-21,2,2,709.09,118
SHP000844,SUP0027,WH0005,PRD0141,ocean,2026-05-15,2026-05-30,16,15,1867.83,53
SHP000845,SUP0020,WH0008,PRD0010,air,2026-05-15,2026-05-17,3,2,68437.4,291
SHP000846,SUP0009,WH0003,PRD0117,ocean,2026-05-20,2026-06-06,19,17,2662.67,60
SHP000847,SUP0006,WH0001,PRD0023,ocean,2025-06-06,2025-06-26,19,20,17995.52,415
SHP000848,SUP0040,WH0009,PRD0081,air,2025-04-21,2025-04-23,2,2,27189.42,255
SHP000849,SUP0013,WH0010,PRD0065,road,2026-02-07,2026-02-08,1,1,1393.42,126
SHP000850,SUP0039,WH0010,PRD0083,ocean,2026-03-09,2026-03-30,21,21,16526.13,336
SHP000851,SUP0037,WH0004,PRD0030,ocean,2026-05-30,2026-06-30,30,31,14160.07,190
SHP000852,SUP0017,WH0002,PRD0104,air,2024-09-30,2024-10-05,5,5,93016.96,194
SHP000853,SUP0018,WH0006,PRD0132,air,2024-10-23,2024-10-29,6,6,169973.92,292
SHP000854,SUP0013,WH0006,PRD0001,ocean,2025-12-06,2025-12-24,20,18,14710.27,309
SHP000855,SUP0001,WH0005,PRD0139,ocean,2026-07-04,2026-07-25,19,21,9302.22,215
SHP000856,SUP0015,WH0004,PRD0119,ocean,2026-08-29,2026-09-03,8,5,2036.61,144
SHP000857,SUP0013,WH0007,PRD0106,road,2026-02-28,2026-03-01,1,1,795.7,155
SHP000858,SUP0009,WH0009,PRD0014,ocean,2025-07-16,2025-08-06,20,21,5137.29,110
SHP000859,SUP0024,WH0003,PRD0049,ocean,2024-11-14,2024-12-05,23,21,17804.76,321
SHP000860,SUP0009,WH0004,PRD0133,ocean,2025-12-08,2026-01-09,31,32,7017.09,93
SHP000861,SUP0019,WH0003,PRD0093,road,2026-05-30,2026-05-31,1,1,2616.51,318
SHP000862,SUP0008,WH0003,PRD0128,ocean,2025-07-23,2025-08-08,16,16,1900.55,55
SHP000863,SUP0024,WH0003,PRD0114,air,2026-01-20,2026-01-23,4,3,78623.8,189
SHP000864,SUP0003,WH0005,PRD0014,air,2026-06-21,2026-06-24,3,3,89895.56,336
SHP000865,SUP0022,WH0009,PRD0053,air,2024-10-07,2024-10-10,3,3,42389.68,185
SHP000866,SUP0033,WH0009,PRD0069,ocean,2026-04-05,2026-04-24,19,19,4078.07,94
SHP000867,SUP0028,WH0005,PRD0141,rail,2025-04-04,2025-04-12,8,8,6145.61,126
SHP000868,SUP0001,WH0010,PRD0034,ocean,2025-06-03,2025-06-22,21,19,29971.81,606
SHP000869,SUP0002,WH0010,PRD0074,road,2024-12-18,2024-12-19,1,1,1080.6,86
SHP000870,SUP0034,WH0001,PRD0113,ocean,2025-09-24,2025-10-07,17,13,4695.71,121
SHP000871,SUP0004,WH0002,PRD0125,ocean,2025-10-19,2025-11-27,39,39,17249.27,177
SHP000872,SUP0013,WH0003,PRD0032,road,2026-04-02,2026-04-03,1,1,3760.45,448
SHP000873,SUP0011,WH0005,PRD0008,air,2025-01-05,2025-01-06,3,1,63756.11,208
SHP000874,SUP0002,WH0007,PRD0062,road,2024-10-31,2024-11-01,1,1,474.58,99
SHP000875,SUP0012,WH0003,PRD0041,ocean,2026-05-29,2026-06-23,23,25,5764.33,104
SHP000876,SUP0013,WH0006,PRD0080,air,2025-11-27,2025-12-01,4,4,40703.17,114
SHP000877,SUP0029,WH0009,PRD0142,road,2025-02-25,2025-02-27,1,2,1092.47,101
SHP000878,SUP0035,WH0004,PRD0004,ocean,2026-06-28,2026-07-28,30,30,11378.85,155
SHP000879,SUP0028,WH0008,PRD0142,ocean,2024-12-16,2025-01-06,22,21,2303.03,45
SHP000880,SUP0001,WH0004,PRD0105,ocean,2025-08-04,2025-08-23,19,19,23214.06,533
SHP000881,SUP0027,WH0001,PRD0024,ocean,2025-03-07,2025-03-30,24,23,16703.35,295
SHP000882,SUP0032,WH0001,PRD0058,ocean,2025-03-08,2025-03-29,23,21,19925.52,360
SHP000883,SUP0003,WH0010,PRD0030,air,2024-09-10,2024-09-13,4,3,48308.0,119
SHP000884,SUP0033,WH0006,PRD0119,air,2026-04-11,2026-04-15,5,4,154471.84,296
SHP000885,SUP0008,WH0002,PRD0031,ocean,2026-06-20,2026-07-03,14,13,7982.97,276
SHP000886,SUP0029,WH0007,PRD0040,road,2026-01-08,2026-01-09,1,1,1744.42,153
SHP000887,SUP0011,WH0006,PRD0128,ocean,2024-12-27,2025-01-31,36,35,8885.44,100
SHP000888,SUP0021,WH0008,PRD0075,ocean,2025-07-21,2025-08-01,14,11,1849.45,62
SHP000889,SUP0007,WH0006,PRD0131,ocean,2025-05-12,2025-06-07,26,26,11722.42,184
SHP000890,SUP0013,WH0009,PRD0070,road,2025-11-04,2025-11-05,1,1,116.82,63
SHP000891,SUP0034,WH0006,PRD0107,ocean,2025-12-11,2026-01-10,32,30,5586.56,70
SHP000892,SUP0038,WH0003,PRD0124,ocean,2025-07-09,2025-08-04,23,26,10298.79,185
SHP000893,SUP0038,WH0010,PRD0121,ocean,2025-03-04,2025-03-27,23,23,6617.57,120
SHP000894,SUP0014,WH0007,PRD0063,ocean,2026-05-10,2026-05-30,20,20,14935.81,322
SHP000895,SUP0032,WH0002,PRD0117,road,2025-01-26,2025-01-27,1,1,1344.98,60
SHP000896,SUP0006,WH0010,PRD0142,air,2025-06-10,2025-06-12,3,2,34356.24,113
SHP000897,SUP0018,WH0006,PRD0038,ocean,2025-08-20,2025-09-20,31,31,19869.1,256
SHP000898,SUP0022,WH0009,PRD0099,rail,2025-02-23,2025-03-04,9,9,23982.63,471
SHP000899,SUP0031,WH0001,PRD0049,ocean,2025-10-24,2025-11-17,24,24,25510.39,452
SHP000900,SUP0040,WH0008,PRD0131,air,2025-10-26,2025-10-30,4,4,74630.96,215
SHP000901,SUP0007,WH0010,PRD0035,air,2026-08-25,2026-08-29,4,4,58521.7,161
SHP000902,SUP0022,WH0008,PRD0018,ocean,2025-04-06,2025-04-21,15,15,4665.9,143
SHP000903,SUP0018,WH0001,PRD0071,ocean,2026-08-14,2026-09-09,25,26,3876.06,64
SHP000904,SUP0023,WH0001,PRD0107,ocean,2025-12-25,2026-01-20,27,26,15126.08,232
SHP000905,SUP0010,WH0006,PRD0088,ocean,2025-03-22,2025-04-19,27,28,8701.81,134
SHP000906,SUP0022,WH0004,PRD0130,air,2025-10-19,2025-10-20,2,1,9406.58,128
SHP000907,SUP0030,WH0010,PRD0069,ocean,2026-01-14,2026-02-10,26,27,7255.53,115
SHP000908,SUP0011,WH0005,PRD0001,ocean,2026-02-26,2026-03-16,18,18,5558.22,136
SHP000909,SUP0013,WH0006,PRD0073,ocean,2024-10-09,2024-10-31,20,22,29848.99,627
SHP000910,SUP0003,WH0008,PRD0077,ocean,2025-11-18,2025-11-27,10,9,970.32,53
SHP000911,SUP0023,WH0003,PRD0149,ocean,2025-08-30,2025-09-28,28,29,12495.02,183
SHP000912,SUP0001,WH0001,PRD0126,ocean,2026-06-22,2026-07-13,22,21,9776.89,188
SHP000913,SUP0026,WH0006,PRD0039,air,2025-03-30,2025-04-04,5,5,465298.43,955
SHP000914,SUP0002,WH0005,PRD0115,ocean,2026-04-06,2026-04-19,14,13,1459.7,50
SHP000915,SUP0032,WH0001,PRD0138,ocean,2025-11-18,2025-12-13,23,25,9519.97,172
SHP000916,SUP0033,WH0007,PRD0124,ocean,2025-05-17,2025-06-04,19,18,3722.24,86
SHP000917,SUP0004,WH0004,PRD0089,ocean,2025-12-10,2026-01-14,35,35,9812.71,113
SHP000918,SUP0013,WH0007,PRD0086,road,2025-11-28,2025-11-29,1,1,1904.55,371
SHP000919,SUP0009,WH0003,PRD0142,ocean,2026-01-09,2026-01-30,19,21,4082.76,92
SHP000920,SUP0038,WH0008,PRD0140,ocean,2026-02-09,2026-03-12,32,31,37926.22,480
SHP000921,SUP0035,WH0010,PRD0097,air,2025-12-26,2025-12-29,4,3,165033.95,374
SHP000922,SUP0029,WH0004,PRD0117,ocean,2026-05-05,2026-05-19,13,14,9439.02,347
SHP000923,SUP0027,WH0010,PRD0083,ocean,2025-12-04,2025-12-25,23,21,24186.91,450
SHP000924,SUP0013,WH0009,PRD0049,road,2026-06-21,2026-06-22,1,1,189.14,102
SHP000925,SUP0019,WH0004,PRD0062,ocean,2025-12-17,2026-01-02,14,16,14379.72,484
SHP000926,SUP0026,WH0009,PRD0147,rail,2025-04-16,2025-04-20,5,4,5778.47,193
SHP000927,SUP0033,WH0008,PRD0099,ocean,2025-07-21,2025-07-31,8,10,2549.26,195
SHP000928,SUP0034,WH0008,PRD0060,air,2025-10-29,2025-10-31,3,2,29294.85,131
SHP000929,SUP0015,WH0005,PRD0106,ocean,2026-02-17,2026-02-23,8,6,7055.98,488
SHP000930,SUP0028,WH0005,PRD0012,air,2024-11-08,2024-11-11,3,3,33581.37,153
SHP000931,SUP0001,WH0008,PRD0082,road,2025-04-06,2025-04-07,1,1,909.45,198
SHP000932,SUP0036,WH0001,PRD0122,ocean,2026-02-28,2026-03-20,22,20,4339.73,84
SHP000933,SUP0013,WH0006,PRD0098,ocean,2025-01-09,2025-01-31,20,22,8426.27,177
SHP000934,SUP0006,WH0001,PRD0099,ocean,2024-12-08,2024-12-27,19,19,9626.52,222
SHP000935,SUP0016,WH0005,PRD0039,air,2025-09-30,2025-10-05,6,5,247781.16,382
SHP000936,SUP0027,WH0006,PRD0127,air,2026-08-10,2026-08-15,6,5,298350.91,483
SHP000937,SUP0019,WH0005,PRD0010,rail,2025-09-24,2025-10-02,8,8,17405.44,364
SHP000938,SUP0034,WH0009,PRD0033,air,2026-06-29,2026-07-01,3,2,238686.1,809
SHP000939,SUP0035,WH0002,PRD0129,ocean,2026-04-29,2026-06-05,41,37,21763.24,212
SHP000940,SUP0013,WH0010,PRD0085,rail,2025-03-09,2025-03-11,2,2,983.01,160
SHP000941,SUP0016,WH0007,PRD0026,air,2026-04-25,2026-04-28,4,3,87334.84,203
SHP000942,SUP0009,WH0009,PRD0113,air,2025-08-19,2025-08-23,4,4,26620.52,76
SHP000943,SUP0002,WH0006,PRD0026,ocean,2026-04-12,2026-05-02,20,20,4284.88,91
SHP000944,SUP0040,WH0003,PRD0135,rail,2026-02-28,2026-03-06,5,6,5242.85,187
SHP000945,SUP0023,WH0002,PRD0117,rail,2025-05-07,2025-05-09,2,2,1133.11,114
SHP000946,SUP0038,WH0006,PRD0004,ocean,2024-11-26,2024-12-31,35,35,18496.24,213
SHP000947,SUP0017,WH0002,PRD0037,air,2026-08-04,2026-08-08,5,4,25411.85,53
SHP000948,SUP0040,WH0005,PRD0105,rail,2024-12-15,2024-12-19,5,4,2285.45,94
SHP000949,SUP0014,WH0009,PRD0040,ocean,2026-08-06,2026-08-25,20,19,8617.44,182
SHP000950,SUP0025,WH0004,PRD0020,ocean,2026-05-21,2026-06-01,11,11,4996.38,234
SHP000951,SUP0007,WH0009,PRD0121,air,2026-02-11,2026-02-15,4,4,232350.15,601
SHP000952,SUP0011,WH0010,PRD0068,ocean,2026-08-16,2026-09-12,26,27,7120.66,115
SHP000953,SUP0020,WH0003,PRD0087,rail,2026-08-07,2026-08-18,10,11,13019.56,217
SHP000954,SUP0010,WH0004,PRD0102,ocean,2026-04-11,2026-04-20,9,9,1366.4,85
SHP000955,SUP0004,WH0006,PRD0021,ocean,2025-05-27,2025-06-02,7,6,2904.36,257
SHP000956,SUP0010,WH0008,PRD0085,ocean,2026-04-01,2026-04-21,23,20,9954.63,185
SHP000957,SUP0006,WH0004,PRD0137,rail,2024-09-14,2024-09-20,8,6,8261.05,166
SHP000958,SUP0026,WH0009,PRD0098,ocean,2025-09-28,2025-10-08,10,10,6844.34,381
SHP000959,SUP0001,WH0002,PRD0082,ocean,2025-07-31,2025-08-16,13,16,4854.28,178
SHP000960,SUP0039,WH0010,PRD0125,air,2026-01-05,2026-01-09,4,4,185181.2,502
SHP000961,SUP0031,WH0003,PRD0139,ocean,2026-01-05,2026-01-29,23,24,19105.6,355
SHP000962,SUP0039,WH0009,PRD0010,air,2025-11-02,2025-11-05,4,3,64701.43,165
SHP000963,SUP0027,WH0004,PRD0018,ocean,2026-04-24,2026-05-10,16,16,14248.1,408
SHP000964,SUP0012,WH0004,PRD0061,ocean,2026-07-18,2026-08-08,21,21,12278.36,257
SHP000965,SUP0033,WH0007,PRD0074,ocean,2024-11-21,2024-12-10,19,19,8613.08,199
SHP000966,SUP0005,WH0004,PRD0059,ocean,2025-02-20,2025-03-25,34,33,20846.24,243
SHP000967,SUP0025,WH0006,PRD0024,ocean,2024-09-22,2024-10-25,32,33,11844.94,150
SHP000968,SUP0020,WH0007,PRD0112,air,2026-06-07,2026-06-09,3,2,35481.89,140
SHP000969,SUP0013,WH0005,PRD0026,rail,2025-10-16,2025-10-24,8,8,2384.45,50
SHP000970,SUP0010,WH0005,PRD0026,ocean,2026-06-30,2026-07-08,9,8,2464.48,159
SHP000971,SUP0019,WH0006,PRD0114,air,2025-02-11,2025-02-15,4,4,67203.43,189
SHP000972,SUP0006,WH0009,PRD0043,ocean,2024-10-19,2024-11-05,19,17,18793.43,428
SHP000973,SUP0026,WH0003,PRD0077,ocean,2026-04-25,2026-05-04,10,9,3260.28,162
SHP000974,SUP0010,WH0009,PRD0008,ocean,2026-06-26,2026-07-05,10,9,1528.67,84
SHP000975,SUP0020,WH0004,PRD0012,ocean,2025-04-11,2025-04-17,7,6,958.98,89
SHP000976,SUP0021,WH0002,PRD0084,ocean,2025-06-27,2025-07-08,11,11,3210.54,149
SHP000977,SUP0001,WH0007,PRD0015,air,2024-12-14,2024-12-18,4,4,48406.26,124
SHP000978,SUP0035,WH0008,PRD0076,ocean,2026-07-22,2026-09-02,42,42,8521.03,81
SHP000979,SUP0027,WH0002,PRD0092,rail,2025-04-12,2025-04-14,3,2,1600.75,124
SHP000980,SUP0017,WH0003,PRD0096,rail,2025-08-27,2025-09-03,8,7,6450.26,132
SHP000981,SUP0039,WH0006,PRD0111,ocean,2024-11-13,2024-12-10,27,27,12290.64,191
SHP000982,SUP0030,WH0008,PRD0038,ocean,2026-06-10,2026-06-22,12,12,1615.11,63
SHP000983,SUP0009,WH0008,PRD0063,air,2024-12-11,2024-12-15,5,4,160601.76,338
SHP000984,SUP0032,WH0006,PRD0136,air,2025-07-30,2025-08-05,6,6,51514.25,83
SHP000985,SUP0003,WH0006,PRD0106,air,2026-01-03,2026-01-08,6,5,160566.44,260
SHP000986,SUP0006,WH0010,PRD0145,ocean,2026-02-25,2026-03-15,18,18,3810.6,94
SHP000987,SUP0030,WH0001,PRD0047,ocean,2026-07-22,2026-08-17,27,26,45437.23,689
SHP000988,SUP0026,WH0008,PRD0044,ocean,2025-07-05,2025-07-28,22,23,8090.41,154
SHP000989,SUP0035,WH0003,PRD0045,ocean,2026-02-24,2026-03-18,23,22,8498.69,159
SHP000990,SUP0027,WH0006,PRD0021,ocean,2024-12-25,2025-01-25,33,31,16225.02,197
SHP000991,SUP0002,WH0009,PRD0098,road,2025-07-02,2025-07-03,1,1,670.6,275
SHP000992,SUP0017,WH0003,PRD0062,air,2024-11-14,2024-11-16,3,2,11874.33,54
SHP000993,SUP0007,WH0006,PRD0128,ocean,2025-08-25,2025-09-21,26,27,4650.74,73
SHP000994,SUP0038,WH0010,PRD0150,ocean,2025-06-27,2025-07-19,23,22,7169.03,130
SHP000995,SUP0037,WH0009,PRD0037,ocean,2026-07-26,2026-08-14,20,19,32152.19,701
SHP000996,SUP0034,WH0006,PRD0060,ocean,2024-09-27,2024-10-29,32,32,3990.4,50
SHP000997,SUP0023,WH0007,PRD0119,ocean,2025-05-31,2025-06-26,27,26,17351.75,263
SHP000998,SUP0040,WH0002,PRD0066,ocean,2025-07-22,2025-08-13,21,22,7567.74,158
SHP000999,SUP0039,WH0005,PRD0118,ocean,2026-07-26,2026-08-13,18,18,8755.22,208
SHP001000,SUP0040,WH0007,PRD0066,ocean,2026-05-18,2026-05-27,9,9,3751.07,250
SHP001001,SUP0003,WH0002,PRD0003,rail,2024-11-15,2024-11-17,3,2,1076.65,83
SHP001002,SUP0010,WH0009,PRD0120,ocean,2026-01-14,2026-01-22,10,8,1037.31,57
SHP001003,SUP0039,WH0006,PRD0074,air,2025-10-04,2025-10-09,5,5,49226.91,102
SHP001004,SUP0038,WH0006,PRD0140,air,2026-08-14,2026-08-19,6,5,300238.2,461
SHP001005,SUP0019,WH0001,PRD0041,rail,2025-05-22,2025-05-23,1,1,181.55,181
SHP001006,SUP0021,WH0006,PRD0019,ocean,2025-06-20,2025-07-22,32,32,16937.52,212
SHP001007,SUP0010,WH0004,PRD0114,ocean,2025-01-19,2025-01-27,9,8,2427.37,151
SHP001008,SUP0006,WH0001,PRD0089,ocean,2024-12-01,2024-12-20,19,19,4943.35,114
SHP001009,SUP0038,WH0010,PRD0077,ocean,2026-05-12,2026-06-04,23,23,14007.19,254
SHP001010,SUP0007,WH0003,PRD0109,ocean,2025-07-31,2025-08-24,23,24,9364.79,176
SHP001011,SUP0018,WH0009,PRD0065,ocean,2025-12-29,2026-01-23,25,25,5011.32,82
SHP001012,SUP0015,WH0004,PRD0117,rail,2025-12-13,2025-12-16,5,3,9405.16,399
SHP001013,SUP0002,WH0001,PRD0078,road,2025-11-11,2025-11-12,1,1,900.82,224
SHP001014,SUP0019,WH0006,PRD0051,air,2024-09-19,2024-09-22,4,3,141873.91,399
SHP001015,SUP0006,WH0008,PRD0099,rail,2026-03-29,2026-04-03,4,5,3254.1,159
SHP001016,SUP0019,WH0004,PRD0124,rail,2025-02-27,2025-03-06,8,7,4456.53,90
SHP001017,SUP0018,WH0009,PRD0028,air,2024-12-04,2024-12-08,5,4,249343.56,544
SHP001018,SUP0040,WH0009,PRD0061,rail,2025-10-18,2025-10-22,5,4,4383.48,185
SHP001019,SUP0016,WH0010,PRD0098,air,2024-10-23,2024-10-28,5,5,51765.65,114
SHP001020,SUP0005,WH0009,PRD0147,ocean,2026-03-13,2026-04-07,24,25,7812.44,138
SHP001021,SUP0033,WH0005,PRD0092,air,2025-02-01,2025-02-03,3,2,69824.26,323
SHP001022,SUP0023,WH0010,PRD0148,air,2025-02-07,2025-02-11,5,4,131403.85,281
SHP001023,SUP0013,WH0009,PRD0076,rail,2026-05-28,2026-05-29,1,1,356.44,346
SHP001024,SUP0014,WH0003,PRD0076,ocean,2025-04-30,2025-05-20,20,20,5088.36,113
SHP001025,SUP0035,WH0004,PRD0006,ocean,2024-12-20,2025-01-18,30,29,41110.67,560
SHP001026,SUP0035,WH0006,PRD0102,ocean,2026-06-19,2026-07-07,19,18,9032.97,204
SHP001027,SUP0027,WH0001,PRD0071,ocean,2024-09-06,2024-09-29,24,23,7983.64,141
SHP001028,SUP0005,WH0006,PRD0003,ocean,2026-05-20,2026-05-27,7,7,1191.24,123
SHP001029,SUP0002,WH0002,PRD0145,ocean,2024-12-18,2025-01-15,25,28,5933.59,97
SHP001030,SUP0010,WH0010,PRD0013,ocean,2024-12-07,2024-12-17,9,10,8009.3,466
SHP001031,SUP0022,WH0006,PRD0128,ocean,2025-03-04,2025-03-31,30,27,21255.57,293
SHP001032,SUP0016,WH0001,PRD0074,air,2025-01-08,2025-01-12,4,4,122684.35,279
SHP001033,SUP0017,WH0005,PRD0059,ocean,2025-12-27,2026-01-09,15,13,8644.81,273
SHP001034,SUP0018,WH0010,PRD0091,air,2024-09-22,2024-09-26,4,4,187888.74,434
SHP001035,SUP0016,WH0010,PRD0057,ocean,2024-09-14,2024-10-06,25,22,13864.72,229
SHP001036,SUP0011,WH0007,PRD0049,ocean,2026-03-31,2026-04-27,27,27,3014.61,46
SHP001037,SUP0021,WH0008,PRD0065,air,2025-02-23,2025-02-26,3,3,269587.44,1205
SHP001038,SUP0016,WH0008,PRD0036,air,2025-04-27,2025-05-02,5,5,57039.34,108
SHP001039,SUP0016,WH0004,PRD0025,air,2025-01-08,2025-01-13,6,5,125469.85,191
SHP001040,SUP0004,WH0001,PRD0011,ocean,2024-10-12,2024-11-03,24,22,5132.64,89
SHP001041,SUP0006,WH0001,PRD0080,air,2026-02-24,2026-02-27,4,3,61791.85,190
SHP001042,SUP0039,WH0005,PRD0113,ocean,2025-09-20,2025-10-11,18,21,6019.21,143
SHP001043,SUP0001,WH0007,PRD0009,ocean,2026-02-27,2026-03-20,22,21,7911.56,152
SHP001044,SUP0006,WH0009,PRD0149,ocean,2025-08-15,2025-09-01,19,17,10845.74,247
SHP001045,SUP0007,WH0008,PRD0094,rail,2026-03-22,2026-03-23,1,1,158.52,207
SHP001046,SUP0031,WH0007,PRD0034,ocean,2025-09-11,2025-10-04,24,23,6279.58,112
SHP001047,SUP0026,WH0010,PRD0024,ocean,2024-11-22,2024-12-01,9,9,4630.85,277
SHP001048,SUP0006,WH0003,PRD0076,ocean,2025-09-04,2025-09-23,20,19,16998.1,369
SHP001049,SUP0027,WH0009,PRD0084,air,2026-07-22,2026-07-26,4,4,73761.87,172
SHP001050,SUP0037,WH0002,PRD0107,ocean,2024-10-05,2024-11-08,35,34,3630.56,41
SHP001051,SUP0011,WH0004,PRD0045,ocean,2026-03-26,2026-04-14,18,19,6330.55,157
SHP001052,SUP0031,WH0005,PRD0052,air,2026-05-26,2026-05-31,5,5,55441.64,100
SHP001053,SUP0021,WH0002,PRD0034,air,2025-09-17,2025-09-18,2,1,13897.98,86
SHP001054,SUP0011,WH0010,PRD0139,air,2025-08-02,2025-08-05,5,3,47832.27,103
SHP001055,SUP0032,WH0009,PRD0094,air,2026-08-04,2026-08-07,4,3,31866.71,76
SHP001056,SUP0010,WH0005,PRD0136,ocean,2024-10-18,2024-10-24,9,6,1239.99,80
SHP001057,SUP0019,WH0001,PRD0129,rail,2025-08-17,2025-08-18,1,1,308.93,308
SHP001058,SUP0013,WH0005,PRD0070,rail,2025-06-22,2025-06-30,8,8,9490.1,199
SHP001059,SUP0020,WH0008,PRD0043,ocean,2026-01-15,2026-01-28,14,13,3982.38,127
SHP001060,SUP0013,WH0004,PRD0066,ocean,2025-08-25,2025-09-08,14,14,20500.83,692
SHP001061,SUP0030,WH0006,PRD0124,air,2026-06-26,2026-07-01,6,5,50739.98,76
SHP001062,SUP0012,WH0001,PRD0076,ocean,2024-10-27,2024-11-18,23,22,16839.61,314
SHP001063,SUP0022,WH0008,PRD0087,rail,2024-11-01,2024-11-12,9,11,7069.54,130
SHP001064,SUP0027,WH0003,PRD0030,ocean,2025-11-19,2025-12-12,25,23,27834.4,467
SHP001065,SUP0034,WH0008,PRD0120,rail,2024-10-21,2024-10-30,8,9,8547.44,172
SHP001066,SUP0008,WH0003,PRD0020,air,2025-03-22,2025-03-25,3,3,58053.23,224
SHP001067,SUP0019,WH0006,PRD0037,air,2025-12-07,2025-12-11,4,4,54758.35,154
SHP001068,SUP0028,WH0005,PRD0058,air,2025-10-07,2025-10-10,3,3,120497.87,549
SHP001069,SUP0017,WH0002,PRD0102,ocean,2025-04-28,2025-05-24,26,26,14639.78,229
SHP001070,SUP0026,WH0006,PRD0143,ocean,2026-08-27,2026-09-22,27,26,18969.23,292
SHP001071,SUP0032,WH0006,PRD0094,ocean,2025-09-24,2025-10-29,33,35,6206.54,75
SHP001072,SUP0017,WH0006,PRD0024,ocean,2025-07-30,2025-08-27,27,28,10631.67,164
SHP001073,SUP0009,WH0010,PRD0102,ocean,2025-11-17,2025-12-08,21,21,20218.86,415
SHP001074,SUP0022,WH0008,PRD0004,air,2024-11-15,2024-11-18,3,3,36707.23,150
SHP001075,SUP0013,WH0003,PRD0068,rail,2026-01-26,2026-01-27,2,1,1706.75,366
SHP001076,SUP0034,WH0009,PRD0138,ocean,2026-05-16,2026-06-02,17,17,8064.38,205
SHP001077,SUP0030,WH0008,PRD0032,ocean,2025-12-20,2025-12-31,12,11,9972.68,389
SHP001078,SUP0011,WH0003,PRD0117,ocean,2026-03-16,2026-04-15,28,30,13296.82,196
SHP001079,SUP0038,WH0004,PRD0095,ocean,2026-02-09,2026-02-28,18,19,6265.21,152
SHP001080,SUP0012,WH0003,PRD0068,ocean,2025-02-07,2025-03-01,23,22,4046.12,73
SHP001081,SUP0005,WH0004,PRD0150,ocean,2025-07-28,2025-08-31,34,34,12095.97,141
SHP001082,SUP0016,WH0007,PRD0098,ocean,2025-02-16,2025-03-09,24,21,7399.8,129
SHP001083,SUP0028,WH0006,PRD0096,ocean,2025-05-08,2025-05-27,20,19,18339.86,394
SHP001084,SUP0004,WH0004,PRD0028,ocean,2025-07-30,2025-09-03,35,35,13720.43,158
SHP001085,SUP0015,WH0003,PRD0060,air,2025-07-03,2025-07-06,3,3,39829.67,125
SHP001086,SUP0011,WH0003,PRD0121,ocean,2024-11-12,2024-12-08,28,26,14789.32,218
SHP001087,SUP0027,WH0010,PRD0007,ocean,2025-07-10,2025-08-03,23,24,5912.36,110
SHP001088,SUP0031,WH0010,PRD0144,air,2025-12-30,2026-01-03,4,4,64429.37,145
SHP001089,SUP0013,WH0005,PRD0084,ocean,2025-06-02,2025-06-16,13,14,13219.37,462
SHP001090,SUP0033,WH0003,PRD0057,ocean,2024-12-23,2025-01-10,20,18,4738.85,104
SHP001091,SUP0037,WH0004,PRD0017,ocean,2026-07-06,2026-08-05,30,30,37859.54,508
SHP001092,SUP0024,WH0004,PRD0119,ocean,2024-10-22,2024-11-26,35,35,18475.99,212
SHP001093,SUP0039,WH0007,PRD0078,ocean,2026-04-30,2026-05-22,22,22,6069.87,117
SHP001094,SUP0002,WH0002,PRD0105,air,2024-11-10,2024-11-15,5,5,132588.25,289
SHP001095,SUP0014,WH0010,PRD0030,air,2024-11-13,2024-11-17,4,4,72175.57,195
SHP001096,SUP0007,WH0005,PRD0036,ocean,2026-02-22,2026-03-13,18,19,4559.68,109
SHP001097,SUP0008,WH0005,PRD0012,ocean,2026-04-16,2026-04-22,6,6,1191.8,127
SHP001098,SUP0035,WH0004,PRD0010,ocean,2025-10-12,2025-11-12,30,31,17251.8,235
SHP001099,SUP0029,WH0002,PRD0078,ocean,2025-11-03,2025-11-28,24,25,8838.38,155
SHP001100,SUP0021,WH0005,PRD0127,rail,2025-10-16,2025-10-19,5,3,3067.24,128
SHP001101,SUP0031,WH0010,PRD0030,ocean,2025-05-01,2025-05-26,25,25,11849.08,200
SHP001102,SUP0032,WH0004,PRD0025,ocean,2024-12-01,2024-12-15,15,14,4057.44,122
SHP001103,SUP0034,WH0006,PRD0061,ocean,2025-05-18,2025-06-19,32,32,22026.99,276
SHP001104,SUP0029,WH0006,PRD0138,ocean,2025-12-31,2026-01-20,21,20,8823.31,179
SHP001105,SUP0013,WH0005,PRD0035,ocean,2026-03-02,2026-03-12,13,10,5837.13,204
SHP001106,SUP0026,WH0007,PRD0100,air,2026-05-27,2026-05-29,2,2,25809.25,181
SHP001107,SUP0028,WH0007,PRD0117,rail,2026-02-09,2026-02-10,1,1,82.84,143
SHP001108,SUP0001,WH0004,PRD0095,ocean,2026-08-08,2026-08-29,19,21,25522.4,586
SHP001109,SUP0028,WH0004,PRD0139,rail,2025-11-13,2025-11-23,9,10,8333.77,165
SHP001110,SUP0022,WH0003,PRD0108,air,2025-05-17,2025-05-20,3,3,51278.69,206
SHP001111,SUP0025,WH0001,PRD0040,ocean,2025-10-28,2025-11-14,19,17,13638.57,315
SHP001112,SUP0024,WH0010,PRD0107,ocean,2025-02-05,2025-03-01,25,24,19733.63,328
SHP001113,SUP0016,WH0004,PRD0026,ocean,2025-12-24,2026-01-29,35,36,33633.8,384
SHP001114,SUP0004,WH0006,PRD0126,rail,2025-02-13,2025-02-18,4,5,2147.19,114
SHP001115,SUP0009,WH0004,PRD0105,ocean,2024-11-21,2024-12-21,31,30,6187.11,82
SHP001116,SUP0040,WH0001,PRD0072,ocean,2026-05-10,2026-05-17,8,7,799.29,58
SHP001117,SUP0020,WH0001,PRD0009,ocean,2025-05-28,2025-06-12,15,15,10734.58,327
SHP001118,SUP0011,WH0009,PRD0095,air,2026-03-11,2026-03-16,5,5,133267.37,272
SHP001119,SUP0028,WH0003,PRD0056,rail,2025-10-25,2025-10-26,2,1,177.52,40
SHP001120,SUP0024,WH0008,PRD0114,ocean,2026-04-13,2026-05-12,29,29,20287.64,291
SHP001121,SUP0010,WH0003,PRD0114,air,2026-05-10,2026-05-11,2,1,22626.17,149
SHP001122,SUP0003,WH0004,PRD0061,air,2026-08-12,2026-08-14,3,2,81662.76,308
SHP001123,SUP0040,WH0005,PRD0093,rail,2026-04-21,2026-04-26,5,5,4522.28,186
SHP001124,SUP0004,WH0003,PRD0026,ocean,2025-11-23,2025-12-15,23,22,15389.98,281
SHP001125,SUP0018,WH0003,PRD0095,air,2025-12-14,2025-12-19,5,5,57917.34,122
SHP001126,SUP0040,WH0004,PRD0140,rail,2024-09-23,2024-09-27,5,4,4889.8,188
SHP001127,SUP0020,WH0003,PRD0092,ocean,2026-07-10,2026-07-23,16,13,11879.6,330
SHP001128,SUP0010,WH0004,PRD0016,rail,2026-04-29,2026-05-02,5,3,9752.35,364
SHP001129,SUP0034,WH0003,PRD0102,ocean,2025-03-17,2025-04-01,18,15,7934.43,189
SHP001130,SUP0028,WH0004,PRD0071,rail,2025-01-12,2025-01-21,9,9,4343.66,86
SHP001131,SUP0011,WH0003,PRD0049,air,2026-01-27,2026-01-31,5,4,127201.75,250
SHP001132,SUP0028,WH0008,PRD0032,ocean,2025-04-16,2025-05-05,22,19,3070.71,60
SHP001133,SUP0020,WH0007,PRD0117,ocean,2025-05-08,2025-05-20,15,12,4291.62,127
SHP001134,SUP0033,WH0005,PRD0024,ocean,2024-09-08,2024-09-23,14,15,12883.98,447
SHP001135,SUP0030,WH0006,PRD0055,air,2026-05-28,2026-06-03,6,6,213642.02,320
SHP001136,SUP0033,WH0006,PRD0006,ocean,2025-10-20,2025-11-19,29,30,12176.83,175
SHP001137,SUP0033,WH0004,PRD0013,ocean,2025-06-21,2025-07-05,14,14,4010.85,138
SHP001138,SUP0004,WH0008,PRD0086,air,2024-12-16,2024-12-20,5,4,139462.15,259
SHP001139,SUP0040,WH0010,PRD0063,ocean,2025-12-07,2025-12-14,7,7,1619.15,138
SHP001140,SUP0024,WH0008,PRD0033,air,2024-09-26,2024-09-30,5,4,117124.5,224
SHP001141,SUP0034,WH0010,PRD0145,air,2026-02-27,2026-03-01,3,2,37633.41,139
SHP001142,SUP0021,WH0001,PRD0053,ocean,2025-02-07,2025-02-24,17,17,5016.75,129
SHP001143,SUP0001,WH0007,PRD0018,ocean,2025-07-05,2025-07-25,22,20,17384.61,334
SHP001144,SUP0024,WH0004,PRD0142,ocean,2025-05-09,2025-06-11,35,33,58129.65,667
SHP001145,SUP0016,WH0005,PRD0054,ocean,2025-05-30,2025-07-05,35,36,20237.62,234
SHP001146,SUP0017,WH0004,PRD0056,air,2026-02-09,2026-02-11,3,2,32367.6,136
SHP001147,SUP0028,WH0007,PRD0060,road,2026-03-21,2026-03-22,1,1,250.26,240
SHP001148,SUP0023,WH0005,PRD0085,ocean,2025-10-21,2025-11-09,18,19,2421.97,59
SHP001149,SUP0035,WH0008,PRD0038,ocean,2024-11-04,2024-12-18,42,44,19040.82,181
SHP001150,SUP0029,WH0001,PRD0001,rail,2024-10-12,2024-10-14,2,2,553.82,109
SHP001151,SUP0007,WH0007,PRD0071,ocean,2024-12-27,2025-01-18,22,22,10635.4,208
SHP001152,SUP0035,WH0007,PRD0038,air,2025-11-26,2025-11-30,4,4,44691.2,107
SHP001153,SUP0024,WH0010,PRD0034,ocean,2026-01-06,2026-01-30,25,24,38564.8,641
SHP001154,SUP0038,WH0010,PRD0139,air,2025-03-20,2025-03-23,4,3,144759.35,350
SHP001155,SUP0028,WH0003,PRD0065,rail,2025-12-28,2025-12-31,2,3,652.4,147
SHP001156,SUP0003,WH0010,PRD0045,ocean,2025-08-22,2025-09-15,23,24,7198.84,133
SHP001157,SUP0015,WH0001,PRD0029,ocean,2025-07-21,2025-08-07,17,17,1926.17,49
SHP001158,SUP0008,WH0005,PRD0007,ocean,2025-03-21,2025-03-27,6,6,1754.85,187
SHP001159,SUP0035,WH0006,PRD0034,ocean,2026-03-06,2026-03-24,19,18,5092.11,115
SHP001160,SUP0001,WH0002,PRD0004,ocean,2024-11-25,2024-12-11,13,16,599.97,22
SHP001161,SUP0032,WH0001,PRD0092,air,2025-07-13,2025-07-18,4,5,103363.66,249
SHP001162,SUP0005,WH0004,PRD0061,ocean,2025-03-28,2025-05-03,34,36,4031.99,47
SHP001163,SUP0033,WH0004,PRD0083,ocean,2026-01-09,2026-01-21,14,12,2557.65,88
SHP001164,SUP0039,WH0009,PRD0005,ocean,2025-08-23,2025-09-14,22,22,33304.9,637
SHP001165,SUP0023,WH0002,PRD0045,road,2026-01-01,2026-01-02,1,1,2236.4,125
SHP001166,SUP0034,WH0007,PRD0068,ocean,2024-10-06,2024-10-23,18,17,7638.2,192
SHP001167,SUP0018,WH0009,PRD0014,air,2025-06-17,2025-06-21,5,4,16042.32,35
SHP001168,SUP0026,WH0004,PRD0033,ocean,2025-11-13,2025-11-22,9,9,7005.64,461
SHP001169,SUP0016,WH0005,PRD0108,ocean,2024-09-09,2024-10-13,35,34,12972.84,150
SHP001170,SUP0030,WH0009,PRD0135,ocean,2025-04-10,2025-05-07,27,27,22344.74,336
SHP001171,SUP0038,WH0001,PRD0030,ocean,2025-02-04,2025-02-26,23,22,4987.74,91
SHP001172,SUP0011,WH0003,PRD0017,ocean,2024-12-12,2025-01-08,28,27,8276.59,122
SHP001173,SUP0027,WH0003,PRD0122,ocean,2025-03-08,2025-04-02,25,25,8046.35,135
SHP001174,SUP0026,WH0010,PRD0115,ocean,2025-04-30,2025-05-08,9,8,4196.18,251
SHP001175,SUP0022,WH0001,PRD0093,rail,2024-09-09,2024-09-18,9,9,15809.56,316
SHP001176,SUP0001,WH0007,PRD0132,ocean,2026-02-28,2026-03-23,22,23,19622.75,377
SHP001177,SUP0028,WH0008,PRD0028,ocean,2025-01-09,2025-02-02,22,24,10082.15,197
SHP001178,SUP0036,WH0002,PRD0116,air,2025-06-07,2025-06-09,3,2,53919.45,274
SHP001179,SUP0005,WH0010,PRD0129,ocean,2026-01-27,2026-02-22,25,26,8589.57,146
SHP001180,SUP0007,WH0006,PRD0057,ocean,2025-09-02,2025-09-25,26,23,7262.8,114
SHP001181,SUP0026,WH0009,PRD0012,ocean,2026-05-02,2026-05-11,10,9,6718.59,374
SHP001182,SUP0013,WH0002,PRD0134,ocean,2026-04-12,2026-05-06,25,24,11997.83,198
SHP001183,SUP0011,WH0004,PRD0078,ocean,2024-10-26,2024-11-13,18,18,9556.3,237
SHP001184,SUP0021,WH0005,PRD0118,ocean,2026-05-22,2026-06-01,8,10,6987.56,486
SHP001185,SUP0021,WH0007,PRD0008,ocean,2024-10-04,2024-10-22,18,18,1833.8,46
SHP001186,SUP0001,WH0010,PRD0016,ocean,2024-09-17,2024-10-09,21,22,2868.59,58
SHP001187,SUP0010,WH0007,PRD0123,ocean,2026-07-04,2026-07-15,10,11,5435.02,282
SHP001188,SUP0037,WH0010,PRD0103,ocean,2026-05-22,2026-06-13,21,22,11770.37,246
SHP001189,SUP0027,WH0001,PRD0110,ocean,2025-10-27,2025-11-20,24,24,22422.13,396
SHP001190,SUP0028,WH0002,PRD0028,ocean,2025-10-25,2025-11-15,25,21,10219.77,169
SHP001191,SUP0014,WH0003,PRD0126,air,2026-02-01,2026-02-05,4,4,38838.16,115
SHP001192,SUP0032,WH0009,PRD0114,ocean,2025-07-04,2025-07-25,23,21,12690.78,227
SHP001193,SUP0001,WH0009,PRD0019,air,2024-11-26,2024-11-29,4,3,237019.77,602
SHP001194,SUP0023,WH0009,PRD0021,ocean,2024-09-19,2024-10-18,27,29,33994.3,517
SHP001195,SUP0020,WH0009,PRD0083,rail,2025-04-27,2025-05-05,9,8,5059.73,91
SHP001196,SUP0029,WH0009,PRD0038,road,2026-04-08,2026-04-09,1,1,2855.57,264
SHP001197,SUP0024,WH0006,PRD0017,ocean,2025-11-26,2025-12-02,7,6,1128.73,102
SHP001198,SUP0016,WH0007,PRD0033,ocean,2026-05-01,2026-05-26,24,25,11357.83,198
SHP001199,SUP0023,WH0005,PRD0071,ocean,2026-07-03,2026-07-21,18,18,4063.99,99
SHP001200,SUP0029,WH0008,PRD0150,air,2024-11-06,2024-11-10,4,4,35326.29,97
SHP001201,SUP0014,WH0001,PRD0141,ocean,2026-05-10,2026-06-01,20,22,2955.94,62
SHP001202,SUP0014,WH0006,PRD0084,rail,2025-02-27,2025-02-28,1,1,341.37,247
SHP001203,SUP0038,WH0001,PRD0098,ocean,2025-11-05,2025-11-27,23,22,9317.76,170
SHP001204,SUP0036,WH0004,PRD0136,ocean,2025-09-19,2025-10-05,19,16,4972.04,117
SHP001205,SUP0004,WH0004,PRD0076,air,2025-06-18,2025-06-24,6,6,53405.47,82
SHP001206,SUP0021,WH0002,PRD0117,rail,2025-04-17,2025-04-22,6,5,7505.63,209
SHP001207,SUP0035,WH0010,PRD0130,air,2025-05-08,2025-05-12,4,4,109434.28,248
SHP001208,SUP0040,WH0003,PRD0111,air,2025-05-03,2025-05-04,2,1,41255.88,327
SHP001209,SUP0032,WH0004,PRD0026,air,2025-01-04,2025-01-06,3,2,32176.8,129
SHP001210,SUP0022,WH0005,PRD0030,ocean,2025-09-09,2025-09-14,6,5,746.66,80
SHP001211,SUP0005,WH0007,PRD0142,air,2024-11-25,2024-11-29,4,4,179224.73,429
SHP001212,SUP0025,WH0010,PRD0056,ocean,2025-09-09,2025-09-28,18,19,5381.17,133
SHP001213,SUP0009,WH0001,PRD0111,ocean,2026-06-23,2026-07-12,20,19,8465.89,180
SHP001214,SUP0021,WH0010,PRD0116,ocean,2025-05-15,2025-05-30,16,15,14038.71,388
SHP001215,SUP0029,WH0005,PRD0059,ocean,2026-02-14,2026-03-01,13,15,3136.64,120
SHP001216,SUP0026,WH0008,PRD0106,air,2026-04-21,2026-04-24,4,3,68164.36,173
SHP001217,SUP0033,WH0002,PRD0087,ocean,2026-04-18,2026-04-30,11,12,6691.87,304
SHP001218,SUP0035,WH0003,PRD0117,ocean,2025-02-22,2025-03-16,23,22,10850.53,203
SHP001219,SUP0001,WH0004,PRD0103,ocean,2024-12-19,2025-01-04,19,16,7752.54,178
SHP001220,SUP0037,WH0002,PRD0107,air,2025-01-25,2025-01-31,6,6,61763.78,93
SHP001221,SUP0038,WH0001,PRD0025,air,2025-11-15,2025-11-18,4,3,109757.69,267
SHP001222,SUP0012,WH0005,PRD0081,air,2026-03-09,2026-03-12,4,3,81810.92,230
SHP001223,SUP0008,WH0010,PRD0110,rail,2025-12-23,2025-12-31,8,8,3155.12,66
SHP001224,SUP0030,WH0010,PRD0081,ocean,2025-01-10,2025-02-03,26,24,22839.16,362
SHP001225,SUP0034,WH0006,PRD0066,ocean,2026-03-19,2026-04-20,32,32,20271.21,254
SHP001226,SUP0007,WH0002,PRD0096,rail,2025-08-28,2025-09-06,8,9,7459.82,169
SHP001227,SUP0023,WH0008,PRD0040,rail,2026-03-05,2026-03-12,7,7,2800.38,65
SHP001228,SUP0006,WH0008,PRD0122,ocean,2026-03-09,2026-03-17,8,8,3278.66,267
SHP001229,SUP0002,WH0005,PRD0018,air,2025-07-26,2025-07-29,3,3,51235.56,234
SHP001230,SUP0005,WH0001,PRD0024,ocean,2026-07-06,2026-08-01,24,26,4216.4,74
SHP001231,SUP0036,WH0004,PRD0022,ocean,2025-10-18,2025-11-04,19,17,31362.08,738
SHP001232,SUP0009,WH0003,PRD0024,air,2025-12-09,2025-12-12,4,3,81544.35,245
SHP001233,SUP0012,WH0007,PRD0111,ocean,2025-12-01,2025-12-24,23,23,4870.55,91
SHP001234,SUP0031,WH0001,PRD0025,ocean,2026-05-24,2026-06-16,24,23,20713.08,367
SHP001235,SUP0017,WH0005,PRD0096,ocean,2025-12-03,2025-12-16,15,13,3483.26,110
SHP001236,SUP0024,WH0008,PRD0034,ocean,2024-12-22,2025-01-18,29,27,10527.26,151
SHP001237,SUP0039,WH0009,PRD0143,ocean,2024-10-23,2024-11-15,22,23,8104.02,155
SHP001238,SUP0017,WH0005,PRD0016,ocean,2025-07-22,2025-08-08,15,17,4528.23,143
SHP001239,SUP0040,WH0003,PRD0144,rail,2025-04-11,2025-04-15,5,4,5242.85,187
SHP001240,SUP0003,WH0009,PRD0144,ocean,2025-03-22,2025-04-16,24,25,25901.13,450
SHP001241,SUP0038,WH0006,PRD0085,ocean,2024-10-14,2024-11-18,35,35,22230.22,256
SHP001242,SUP0031,WH0009,PRD0032,ocean,2025-09-07,2025-10-01,23,24,4248.1,76
SHP001243,SUP0004,WH0002,PRD0106,air,2025-04-17,2025-04-24,7,7,54817.59,75
SHP001244,SUP0035,WH0001,PRD0091,ocean,2025-07-29,2025-08-19,24,21,16419.69,293
SHP001245,SUP0007,WH0006,PRD0109,ocean,2024-10-15,2024-11-09,26,25,3058.02,48
SHP001246,SUP0011,WH0006,PRD0014,air,2026-04-30,2026-05-05,6,5,75304.08,113
SHP001247,SUP0035,WH0003,PRD0074,air,2024-10-29,2024-11-02,4,4,50511.09,126
SHP001248,SUP0004,WH0007,PRD0080,ocean,2026-05-24,2026-06-15,24,22,7164.83,127
SHP001249,SUP0036,WH0008,PRD0091,rail,2026-05-17,2026-05-18,1,1,84.12,136
SHP001250,SUP0033,WH0008,PRD0027,air,2025-11-24,2025-11-26,2,2,9706.81,99
SHP001251,SUP0001,WH0010,PRD0148,ocean,2025-09-07,2025-09-29,21,22,6380.14,129
SHP001252,SUP0008,WH0010,PRD0130,rail,2025-08-05,2025-08-10,8,5,21607.8,452
SHP001253,SUP0033,WH0009,PRD0055,air,2025-10-11,2025-10-15,4,4,64424.87,198
SHP001254,SUP0011,WH0005,PRD0040,air,2026-04-01,2026-04-04,3,3,78469.06,256
SHP001255,SUP0005,WH0010,PRD0124,ocean,2026-06-16,2026-07-11,25,25,7942.41,135
SHP001256,SUP0024,WH0007,PRD0058,ocean,2025-07-27,2025-08-21,24,25,8779.93,154
SHP001257,SUP0001,WH0003,PRD0028,ocean,2026-04-14,2026-05-09,23,25,9628.98,178
SHP001258,SUP0032,WH0006,PRD0090,air,2025-12-21,2025-12-28,6,7,82546.93,133
SHP001259,SUP0012,WH0008,PRD0143,road,2025-04-25,2025-04-26,1,1,3932.4,212
SHP001260,SUP0016,WH0009,PRD0095,air,2025-08-15,2025-08-19,4,4,31456.0,72
SHP001261,SUP0009,WH0010,PRD0030,ocean,2024-12-22,2025-01-11,21,20,9744.03,200
SHP001262,SUP0035,WH0002,PRD0072,ocean,2024-10-18,2024-11-27,41,40,24534.98,239
SHP001263,SUP0039,WH0004,PRD0147,ocean,2024-11-18,2024-12-06,19,18,6013.78,142
SHP001264,SUP0006,WH0010,PRD0058,ocean,2026-06-18,2026-07-03,18,15,4215.99,104
SHP001265,SUP0035,WH0003,PRD0110,ocean,2025-05-11,2025-06-03,23,23,4917.48,92
SHP001266,SUP0034,WH0009,PRD0144,ocean,2026-02-04,2026-02-21,17,17,9205.2,234
SHP001267,SUP0008,WH0002,PRD0143,air,2025-09-05,2025-09-08,3,3,68983.31,318
SHP001268,SUP0040,WH0010,PRD0007,ocean,2025-01-07,2025-01-15,7,8,1947.68,166
SHP001269,SUP0023,WH0008,PRD0069,rail,2025-03-02,2025-03-09,7,7,32053.61,744
SHP001270,SUP0027,WH0006,PRD0008,ocean,2025-07-18,2025-08-19,33,32,19354.72,235
SHP001271,SUP0006,WH0007,PRD0047,ocean,2025-07-20,2025-08-08,19,19,3327.92,76
SHP001272,SUP0006,WH0010,PRD0070,ocean,2025-09-18,2025-10-03,18,15,15972.11,394
SHP001273,SUP0018,WH0004,PRD0080,air,2024-12-28,2024-12-30,3,2,47913.94,152
SHP001274,SUP0027,WH0004,PRD0087,ocean,2025-06-01,2025-06-14,16,13,15994.19,458
SHP001275,SUP0036,WH0002,PRD0090,rail,2025-03-28,2025-04-04,8,7,8658.6,198
SHP001276,SUP0012,WH0004,PRD0002,ocean,2025-06-27,2025-07-17,21,20,1911.03,40
SHP001277,SUP0013,WH0006,PRD0047,air,2025-05-07,2025-05-11,4,4,68909.76,193
SHP001278,SUP0035,WH0007,PRD0037,ocean,2025-11-12,2025-12-03,23,21,18377.69,330
SHP001279,SUP0037,WH0010,PRD0145,ocean,2026-03-30,2026-04-18,21,19,9904.33,207
SHP001280,SUP0031,WH0005,PRD0103,ocean,2025-12-17,2026-01-17,30,31,2439.43,33
SHP001281,SUP0035,WH0010,PRD0018,ocean,2024-10-21,2024-11-14,25,24,20768.98,353
SHP001282,SUP0007,WH0002,PRD0037,rail,2024-11-11,2024-11-19,8,8,14125.11,320
SHP001283,SUP0017,WH0005,PRD0008,air,2026-01-09,2026-01-11,3,2,70060.94,295
SHP001284,SUP0001,WH0003,PRD0024,air,2025-03-29,2025-04-01,4,3,37731.55,93
SHP001285,SUP0002,WH0010,PRD0136,road,2026-02-11,2026-02-12,1,1,1193.69,95
SHP001286,SUP0035,WH0007,PRD0056,air,2025-12-24,2025-12-27,4,3,75599.13,181
SHP001287,SUP0037,WH0009,PRD0097,ocean,2026-06-24,2026-07-12,20,18,10090.56,220
SHP001288,SUP0040,WH0005,PRD0108,ocean,2026-05-31,2026-06-09,8,9,2771.72,190
SHP001289,SUP0026,WH0010,PRD0117,rail,2025-05-04,2025-05-10,5,6,1365.29,49
SHP001290,SUP0020,WH0002,PRD0088,rail,2025-11-01,2025-11-07,8,6,9452.12,207
SHP001291,SUP0005,WH0004,PRD0041,ocean,2024-12-15,2025-01-21,34,37,9608.15,112
SHP001292,SUP0012,WH0003,PRD0095,ocean,2025-05-15,2025-06-06,23,22,21449.97,387
SHP001293,SUP0040,WH0010,PRD0080,rail,2026-08-07,2026-08-11,4,4,3832.78,196
SHP001294,SUP0030,WH0007,PRD0084,ocean,2026-01-24,2026-02-24,27,31,6203.41,93
SHP001295,SUP0039,WH0004,PRD0146,air,2025-06-15,2025-06-18,3,3,121016.83,381
SHP001296,SUP0010,WH0004,PRD0022,ocean,2025-11-09,2025-11-15,9,6,13503.25,840
SHP001297,SUP0036,WH0008,PRD0014,road,2026-07-16,2026-07-17,1,1,55.66,50
SHP001298,SUP0019,WH0002,PRD0040,air,2025-04-16,2025-04-21,5,5,68044.12,150
SHP001299,SUP0040,WH0010,PRD0041,ocean,2025-06-04,2025-06-11,7,7,1736.48,148
SHP001300,SUP0007,WH0002,PRD0013,ocean,2026-04-01,2026-04-13,13,12,2542.52,96
SHP001301,SUP0005,WH0008,PRD0021,air,2026-04-17,2026-04-22,5,5,234749.43,454
SHP001302,SUP0004,WH0002,PRD0070,ocean,2026-01-03,2026-02-09,39,37,12181.69,125
SHP001303,SUP0006,WH0007,PRD0114,ocean,2026-04-28,2026-05-15,19,17,2583.52,59
SHP001304,SUP0003,WH0008,PRD0109,rail,2026-02-22,2026-02-28,6,6,2990.28,98
SHP001305,SUP0034,WH0005,PRD0125,ocean,2026-01-14,2026-01-22,8,8,1519.38,106
SHP001306,SUP0018,WH0006,PRD0114,ocean,2025-09-21,2025-10-23,31,32,6830.0,88
SHP001307,SUP0032,WH0007,PRD0107,air,2025-12-17,2025-12-21,4,4,120637.94,287
SHP001308,SUP0040,WH0003,PRD0070,ocean,2025-07-08,2025-07-17,9,9,4356.89,259
SHP001309,SUP0026,WH0006,PRD0056,ocean,2025-05-24,2025-06-22,27,29,7080.98,109
SHP001310,SUP0028,WH0004,PRD0132,rail,2025-05-25,2025-06-02,9,8,13435.05,266
SHP001311,SUP0038,WH0010,PRD0030,ocean,2025-01-12,2025-02-04,23,23,22885.76,415
SHP001312,SUP0015,WH0004,PRD0089,rail,2025-02-06,2025-02-11,5,5,4478.65,190
SHP001313,SUP0026,WH0001,PRD0111,ocean,2026-07-24,2026-08-01,9,8,2214.69,125
SHP001314,SUP0003,WH0010,PRD0029,air,2025-08-23,2025-08-28,4,5,192420.12,474
SHP001315,SUP0024,WH0009,PRD0073,air,2025-02-15,2025-02-19,4,4,141163.07,325
SHP001316,SUP0017,WH0010,PRD0125,ocean,2024-12-12,2024-12-28,14,16,2296.8,76
SHP001317,SUP0023,WH0005,PRD0135,ocean,2024-10-30,2024-11-16,18,17,4187.14,102
SHP001318,SUP0029,WH0002,PRD0079,ocean,2026-05-10,2026-06-05,24,26,8724.33,153
SHP001319,SUP0017,WH0005,PRD0012,air,2024-11-16,2024-11-19,3,3,33486.76,141
SHP001320,SUP0008,WH0001,PRD0057,ocean,2026-03-17,2026-04-01,15,15,5052.34,161
SHP001321,SUP0005,WH0007,PRD0102,ocean,2026-05-03,2026-05-25,23,22,15429.76,277
SHP001322,SUP0022,WH0001,PRD0015,rail,2026-06-07,2026-06-14,9,7,2801.7,56
SHP001323,SUP0008,WH0007,PRD0002,rail,2024-10-01,2024-10-09,9,8,22870.44,424
SHP001324,SUP0037,WH0001,PRD0053,ocean,2025-05-06,2025-05-24,20,18,19307.37,418
SHP001325,SUP0034,WH0004,PRD0078,rail,2026-03-14,2026-03-21,5,7,4174.37,178
SHP001326,SUP0008,WH0001,PRD0055,ocean,2024-12-08,2024-12-22,15,14,7374.54,235
SHP001327,SUP0040,WH0008,PRD0036,ocean,2025-06-04,2025-06-23,20,19,2129.01,46
SHP001328,SUP0012,WH0001,PRD0066,ocean,2024-12-30,2025-01-20,23,21,24562.23,458
SHP001329,SUP0016,WH0002,PRD0075,ocean,2026-04-30,2026-06-06,38,37,19076.34,199
SHP001330,SUP0004,WH0004,PRD0084,air,2026-03-17,2026-03-23,6,6,465018.33,714
SHP001331,SUP0030,WH0010,PRD0031,air,2026-04-14,2026-04-19,5,5,72870.79,154
SHP001332,SUP0005,WH0009,PRD0002,air,2025-01-02,2025-01-06,4,4,81096.51,191
SHP001333,SUP0038,WH0005,PRD0128,ocean,2025-07-18,2025-08-05,18,18,18349.43,437
SHP001334,SUP0033,WH0007,PRD0111,ocean,2025-06-29,2025-07-20,19,21,9522.0,220
SHP001335,SUP0003,WH0006,PRD0045,ocean,2026-01-08,2026-02-09,33,32,15891.96,193
SHP001336,SUP0013,WH0009,PRD0034,rail,2025-02-23,2025-02-24,1,1,118.47,115
SHP001337,SUP0023,WH0010,PRD0098,ocean,2025-07-23,2025-08-17,26,25,10786.65,173
SHP001338,SUP0001,WH0004,PRD0137,ocean,2025-03-29,2025-04-16,19,18,10931.95,251
SHP001339,SUP0003,WH0008,PRD0059,rail,2026-03-01,2026-03-07,6,6,12571.4,412
SHP001340,SUP0026,WH0008,PRD0129,ocean,2025-07-26,2025-08-15,22,20,6777.03,129
SHP001341,SUP0020,WH0008,PRD0144,ocean,2025-09-26,2025-10-10,14,14,1473.8,47
SHP001342,SUP0014,WH0007,PRD0091,air,2025-04-16,2025-04-20,4,4,58444.45,168
SHP001343,SUP0033,WH0009,PRD0019,air,2026-04-14,2026-04-17,4,3,168220.51,517
SHP001344,SUP0034,WH0002,PRD0102,ocean,2025-08-10,2025-08-22,11,12,5037.23,233
SHP001345,SUP0035,WH0004,PRD0011,ocean,2026-05-03,2026-06-01,30,29,15783.56,215
SHP001346,SUP0001,WH0007,PRD0112,ocean,2025-05-29,2025-06-20,22,22,69850.75,1342
SHP001347,SUP0026,WH0004,PRD0005,rail,2026-07-23,2026-07-27,5,4,3444.56,136
SHP001348,SUP0033,WH0001,PRD0118,ocean,2026-08-19,2026-09-07,19,19,10066.17,235
SHP001349,SUP0025,WH0009,PRD0020,ocean,2025-08-05,2025-08-24,19,19,15654.41,357
SHP001350,SUP0018,WH0009,PRD0081,ocean,2025-03-27,2025-04-19,25,23,11306.02,185
SHP001351,SUP0014,WH0010,PRD0148,ocean,2025-06-08,2025-06-29,21,21,5724.69,116
SHP001352,SUP0038,WH0009,PRD0110,ocean,2025-09-21,2025-10-12,23,21,27598.07,504
SHP001353,SUP0033,WH0002,PRD0147,rail,2026-08-06,2026-08-13,7,7,4072.35,111
SHP001354,SUP0024,WH0006,PRD0104,rail,2026-04-20,2026-04-22,4,2,1161.93,63
SHP001355,SUP0023,WH0006,PRD0107,ocean,2026-04-08,2026-05-16,36,38,7070.0,79
SHP001356,SUP0009,WH0010,PRD0075,ocean,2024-12-13,2024-12-31,21,18,11108.19,228
SHP001357,SUP0028,WH0010,PRD0030,road,2025-03-04,2025-03-05,1,1,2107.21,210
SHP001358,SUP0001,WH0009,PRD0104,ocean,2025-12-13,2026-01-01,22,19,7401.95,141
SHP001359,SUP0033,WH0002,PRD0006,air,2026-05-31,2026-06-02,2,2,60259.83,365
SHP001360,SUP0003,WH0005,PRD0084,rail,2025-10-11,2025-10-22,10,11,18074.24,304
SHP001361,SUP0030,WH0005,PRD0044,ocean,2024-11-17,2024-12-06,18,19,11348.47,270
SHP001362,SUP0027,WH0009,PRD0118,ocean,2026-05-11,2026-06-03,24,23,7776.45,136
SHP001363,SUP0031,WH0004,PRD0093,ocean,2026-05-14,2026-06-14,30,31,5632.54,76
SHP001364,SUP0019,WH0005,PRD0023,ocean,2025-03-29,2025-04-11,14,13,7373.41,257
SHP001365,SUP0006,WH0008,PRD0112,ocean,2026-03-12,2026-03-18,8,6,1706.87,139
SHP001366,SUP0007,WH0010,PRD0028,air,2025-03-21,2025-03-25,4,4,159935.09,440
SHP001367,SUP0004,WH0007,PRD0063,ocean,2026-06-23,2026-07-16,24,23,4569.69,81
SHP001368,SUP0001,WH0008,PRD0112,road,2024-12-19,2024-12-20,1,1,303.15,66
SHP001369,SUP0011,WH0007,PRD0103,ocean,2025-07-18,2025-08-14,27,27,17235.71,263
SHP001370,SUP0032,WH0003,PRD0135,ocean,2026-07-23,2026-08-17,24,25,12139.01,208
SHP001371,SUP0024,WH0008,PRD0021,air,2025-02-12,2025-02-16,5,4,63268.14,121
SHP001372,SUP0027,WH0005,PRD0102,air,2025-07-28,2025-07-31,3,3,43083.37,163
SHP001373,SUP0009,WH0003,PRD0080,ocean,2025-05-15,2025-06-04,19,20,23520.28,530
SHP001374,SUP0026,WH0007,PRD0087,ocean,2024-09-23,2024-10-03,10,10,5133.33,270
SHP001375,SUP0008,WH0006,PRD0057,ocean,2024-10-12,2024-11-11,30,30,6358.48,86
SHP001376,SUP0038,WH0004,PRD0086,ocean,2025-09-03,2025-09-23,18,20,12530.43,304
SHP001377,SUP0001,WH0003,PRD0044,ocean,2025-02-22,2025-03-17,23,23,13036.99,241
SHP001378,SUP0036,WH0002,PRD0020,rail,2026-08-27,2026-09-03,8,7,15524.25,355
SHP001379,SUP0036,WH0006,PRD0131,ocean,2025-06-03,2025-06-29,26,26,12671.99,198
SHP001380,SUP0025,WH0010,PRD0030,ocean,2024-09-24,2024-10-13,18,19,4491.05,111
SHP001381,SUP0006,WH0008,PRD0136,ocean,2026-07-11,2026-07-17,8,6,9185.15,748
SHP001382,SUP0009,WH0010,PRD0131,ocean,2026-05-06,2026-05-26,21,20,9646.59,198
SHP001383,SUP0006,WH0003,PRD0050,ocean,2025-12-19,2026-01-05,20,17,4284.07,93
SHP001384,SUP0037,WH0005,PRD0090,ocean,2026-04-01,2026-04-29,30,28,16737.64,228
SHP001385,SUP0011,WH0003,PRD0090,ocean,2024-12-12,2025-01-07,28,26,10583.19,156
SHP001386,SUP0020,WH0008,PRD0038,rail,2025-03-31,2025-04-09,9,9,3762.88,72
SHP001387,SUP0032,WH0003,PRD0061,ocean,2026-04-29,2026-05-22,24,23,27662.92,474
SHP001388,SUP0025,WH0002,PRD0027,rail,2026-01-22,2026-01-27,5,5,10151.2,363
SHP001389,SUP0032,WH0002,PRD0038,road,2024-12-13,2024-12-14,1,1,2017.47,90
SHP001390,SUP0007,WH0005,PRD0066,air,2026-01-29,2026-02-01,3,3,69336.46,221
SHP001391,SUP0004,WH0002,PRD0051,ocean,2025-07-26,2025-09-03,39,39,34401.08,353
SHP001392,SUP0039,WH0009,PRD0045,ocean,2024-09-07,2024-09-27,22,20,13959.82,267
SHP001393,SUP0009,WH0001,PRD0040,air,2024-10-31,2024-11-04,4,4,116758.69,331
SHP001394,SUP0002,WH0009,PRD0020,road,2025-03-08,2025-03-09,1,1,687.67,282
SHP001395,SUP0006,WH0006,PRD0046,ocean,2026-05-03,2026-06-03,28,31,12269.2,177
SHP001396,SUP0034,WH0004,PRD0127,rail,2025-10-07,2025-10-13,5,6,9333.71,398
SHP001397,SUP0038,WH0006,PRD0119,ocean,2026-02-13,2026-03-20,35,35,7294.29,84
SHP001398,SUP0033,WH0010,PRD0145,ocean,2025-09-22,2025-10-08,18,16,15600.61,390
SHP001399,SUP0004,WH0006,PRD0149,rail,2024-11-23,2024-11-26,4,3,5612.83,298
SHP001400,SUP0010,WH0007,PRD0115,air,2025-04-01,2025-04-02,2,1,8961.99,62
SHP001401,SUP0003,WH0006,PRD0145,ocean,2025-04-10,2025-05-15,33,35,15397.91,187
SHP001402,SUP0027,WH0001,PRD0083,air,2024-10-08,2024-10-12,4,4,167316.65,394
SHP001403,SUP0016,WH0009,PRD0081,ocean,2025-07-05,2025-07-29,24,24,27844.38,478
SHP001404,SUP0012,WH0005,PRD0039,ocean,2026-04-03,2026-04-20,20,17,8631.64,182
SHP001405,SUP0027,WH0008,PRD0113,air,2025-08-01,2025-08-04,2,3,29086.41,211
SHP001406,SUP0039,WH0009,PRD0018,ocean,2024-11-23,2024-12-14,22,21,66348.38,1269
SHP001407,SUP0014,WH0008,PRD0121,ocean,2026-06-23,2026-07-18,26,25,2660.73,42
SHP001408,SUP0007,WH0002,PRD0114,air,2025-11-11,2025-11-14,3,3,20459.33,103
SHP001409,SUP0004,WH0002,PRD0078,ocean,2024-09-15,2024-10-24,39,39,18418.71,189
SHP001410,SUP0011,WH0009,PRD0071,air,2025-09-13,2025-09-17,5,4,219009.24,447
SHP001411,SUP0009,WH0008,PRD0015,ocean,2025-02-26,2025-03-21,26,23,27115.41,428
SHP001412,SUP0013,WH0008,PRD0091,ocean,2024-12-17,2025-01-08,22,22,10359.07,198
SHP001413,SUP0018,WH0002,PRD0130,ocean,2025-07-12,2025-07-19,8,7,5535.15,399
SHP001414,SUP0039,WH0010,PRD0019,ocean,2025-11-24,2025-12-14,21,20,8164.7,166
SHP001415,SUP0016,WH0008,PRD0080,ocean,2025-02-25,2025-03-23,29,26,14365.46,204
SHP001416,SUP0039,WH0008,PRD0119,rail,2025-07-03,2025-07-04,1,1,146.26,213
SHP001417,SUP0032,WH0009,PRD0116,ocean,2025-12-30,2026-01-22,23,23,6037.9,108
SHP001418,SUP0006,WH0007,PRD0010,air,2024-11-05,2024-11-09,4,4,16420.67,50
SHP001419,SUP0005,WH0009,PRD0015,air,2026-08-12,2026-08-15,4,3,24201.58,57
SHP001420,SUP0027,WH0003,PRD0095,ocean,2024-10-23,2024-11-13,25,21,4350.99,73
SHP001421,SUP0019,WH0005,PRD0074,ocean,2025-09-20,2025-10-05,14,15,12451.59,434
SHP001422,SUP0022,WH0002,PRD0020,rail,2025-09-07,2025-09-16,9,9,15142.13,301
SHP001423,SUP0035,WH0009,PRD0024,ocean,2026-08-22,2026-09-16,23,25,12875.84,232
SHP001424,SUP0005,WH0005,PRD0130,ocean,2025-10-11,2025-11-13,34,33,8637.23,102
SHP001425,SUP0003,WH0002,PRD0099,rail,2025-06-14,2025-06-17,3,3,1569.57,121
SHP001426,SUP0021,WH0002,PRD0119,ocean,2025-08-11,2025-08-21,11,10,5516.1,256
SHP001427,SUP0019,WH0001,PRD0149,road,2025-12-09,2025-12-10,1,1,339.42,188
SHP001428,SUP0035,WH0004,PRD0142,ocean,2026-08-17,2026-09-14,30,28,4184.48,57
SHP001429,SUP0006,WH0008,PRD0011,ocean,2025-03-07,2025-03-15,8,8,2333.13,190
SHP001430,SUP0023,WH0010,PRD0116,air,2024-09-15,2024-09-19,5,4,78561.73,168
SHP001431,SUP0002,WH0003,PRD0147,rail,2026-03-30,2026-03-31,2,1,868.0,234
SHP001432,SUP0028,WH0007,PRD0049,rail,2025-05-12,2025-05-13,1,1,228.82,395
SHP001433,SUP0032,WH0003,PRD0083,air,2026-02-18,2026-02-21,4,3,77035.99,176
SHP001434,SUP0007,WH0002,PRD0122,rail,2025-12-04,2025-12-14,8,10,11255.94,255
SHP001435,SUP0004,WH0006,PRD0129,air,2026-03-18,2026-03-20,2,2,6441.57,76
SHP001436,SUP0028,WH0009,PRD0039,road,2026-02-19,2026-02-20,1,1,1144.75,342
SHP001437,SUP0010,WH0002,PRD0016,ocean,2025-05-03,2025-05-27,22,24,34968.66,691
SHP001438,SUP0036,WH0005,PRD0116,ocean,2024-10-06,2024-10-22,18,16,8276.61,196
SHP001439,SUP0013,WH0005,PRD0027,ocean,2025-10-05,2025-10-20,13,15,3548.06,124
SHP001440,SUP0030,WH0004,PRD0088,air,2026-04-17,2026-04-18,3,1,50392.74,162
SHP001441,SUP0011,WH0008,PRD0022,ocean,2025-01-09,2025-01-21,12,12,2240.48,89
SHP001442,SUP0008,WH0004,PRD0130,ocean,2026-03-23,2026-03-29,7,6,3332.64,344
SHP001443,SUP0002,WH0001,PRD0045,road,2025-08-07,2025-08-08,1,1,1833.81,456
SHP001444,SUP0028,WH0003,PRD0011,road,2026-01-21,2026-01-22,1,1,319.54,40
SHP001445,SUP0031,WH0008,PRD0064,air,2025-12-06,2025-12-12,7,6,48909.32,62
SHP001446,SUP0012,WH0010,PRD0113,ocean,2026-04-16,2026-05-10,22,24,15581.38,304
SHP001447,SUP0017,WH0005,PRD0113,ocean,2024-10-19,2024-11-03,15,15,9658.12,305
SHP001448,SUP0020,WH0002,PRD0135,ocean,2026-03-21,2026-04-03,13,13,9479.51,346
SHP001449,SUP0030,WH0002,PRD0134,road,2025-08-02,2025-08-03,1,1,2472.15,118
SHP001450,SUP0035,WH0006,PRD0041,ocean,2025-04-05,2025-04-25,19,20,8723.01,197
SHP001451,SUP0011,WH0001,PRD0094,ocean,2024-10-05,2024-10-31,27,26,17812.27,275
SHP001452,SUP0002,WH0007,PRD0096,road,2025-01-26,2025-01-27,1,1,2037.34,425
SHP001453,SUP0007,WH0010,PRD0073,ocean,2024-10-04,2024-10-27,21,23,7754.43,160
SHP001454,SUP0004,WH0010,PRD0100,ocean,2026-07-13,2026-08-06,25,24,9190.31,154
SHP001455,SUP0021,WH0001,PRD0105,ocean,2025-09-13,2025-09-30,17,17,3850.07,99
SHP001456,SUP0032,WH0008,PRD0087,ocean,2026-08-23,2026-08-31,10,8,5456.03,286
SHP001457,SUP0023,WH0009,PRD0014,ocean,2025-10-03,2025-10-28,27,25,21632.74,329
SHP001458,SUP0020,WH0001,PRD0086,ocean,2025-03-06,2025-03-21,15,15,31514.35,960
SHP001459,SUP0016,WH0009,PRD0017,ocean,2026-03-04,2026-03-29,24,25,14854.22,255
SHP001460,SUP0023,WH0002,PRD0085,road,2025-01-20,2025-01-21,1,1,1019.8,57
SHP001461,SUP0007,WH0005,PRD0025,ocean,2025-05-21,2025-06-08,18,18,14432.02,345
SHP001462,SUP0019,WH0008,PRD0143,air,2026-03-24,2026-03-28,4,4,277558.2,712
SHP001463,SUP0012,WH0003,PRD0099,ocean,2026-05-25,2026-06-18,23,24,4988.37,90
SHP001464,SUP0021,WH0003,PRD0073,ocean,2025-05-02,2025-05-22,18,20,7992.03,190
SHP001465,SUP0031,WH0001,PRD0065,ocean,2024-12-03,2024-12-27,24,24,33581.15,595
SHP001466,SUP0001,WH0002,PRD0039,rail,2025-05-29,2025-06-05,8,7,23316.89,513
SHP001467,SUP0021,WH0005,PRD0086,ocean,2026-06-11,2026-06-22,8,11,848.28,59
SHP001468,SUP0038,WH0010,PRD0021,ocean,2026-02-25,2026-03-19,23,22,24043.84,436
SHP001469,SUP0026,WH0006,PRD0150,air,2026-06-15,2026-06-20,5,5,52132.91,107
SHP001470,SUP0003,WH0010,PRD0037,ocean,2025-06-11,2025-07-04,23,23,2868.71,53
SHP001471,SUP0030,WH0005,PRD0090,ocean,2026-08-11,2026-08-29,18,18,11810.81,281
SHP001472,SUP0015,WH0006,PRD0080,ocean,2025-08-30,2025-10-01,33,32,13763.98,171
SHP001473,SUP0023,WH0005,PRD0101,air,2025-08-31,2025-09-03,3,3,61575.58,200
SHP001474,SUP0010,WH0007,PRD0034,rail,2026-07-07,2026-07-12,6,5,7291.66,227
SHP001475,SUP0009,WH0008,PRD0022,ocean,2025-09-15,2025-10-11,26,26,21730.34,343
SHP001476,SUP0008,WH0009,PRD0080,ocean,2026-04-08,2026-04-23,15,15,9222.27,289
SHP001477,SUP0037,WH0005,PRD0144,air,2026-02-13,2026-02-18,5,5,82587.03,150
SHP001478,SUP0022,WH0003,PRD0097,ocean,2024-10-31,2024-11-15,15,15,4513.85,136
SHP001479,SUP0011,WH0005,PRD0085,air,2025-11-15,2025-11-18,3,3,97473.28,318
SHP001480,SUP0021,WH0002,PRD0033,air,2026-04-24,2026-04-26,2,2,18422.9,114
SHP001481,SUP0038,WH0009,PRD0135,air,2025-10-05,2025-10-09,4,4,95279.04,232
SHP001482,SUP0008,WH0003,PRD0024,ocean,2025-04-25,2025-05-10,16,15,8777.1,254
SHP001483,SUP0033,WH0006,PRD0109,air,2024-11-01,2024-11-05,5,4,157081.16,301
SHP001484,SUP0010,WH0003,PRD0131,ocean,2025-12-27,2026-01-04,10,8,3421.76,169
SHP001485,SUP0002,WH0010,PRD0093,road,2025-04-14,2025-04-15,1,1,2236.6,178
SHP001486,SUP0012,WH0010,PRD0005,ocean,2025-11-15,2025-12-08,22,23,12454.85,243
SHP001487,SUP0021,WH0007,PRD0093,ocean,2025-07-10,2025-07-28,18,18,8411.55,211
SHP001488,SUP0019,WH0009,PRD0080,rail,2026-01-17,2026-01-19,1,2,160.5,321
SHP001489,SUP0028,WH0003,PRD0047,road,2025-05-17,2025-05-18,1,1,4002.25,501
SHP001490,SUP0001,WH0005,PRD0055,ocean,2024-10-04,2024-10-20,19,16,21373.47,494
SHP001491,SUP0038,WH0003,PRD0088,air,2026-05-28,2026-06-01,4,4,108554.85,260
SHP001492,SUP0035,WH0009,PRD0125,ocean,2025-05-17,2025-06-08,23,22,19369.26,349
SHP001493,SUP0028,WH0009,PRD0050,road,2026-08-29,2026-08-30,1,1,1017.55,304
SHP001494,SUP0022,WH0002,PRD0058,air,2025-03-22,2025-03-25,3,3,30787.32,136
SHP001495,SUP0014,WH0009,PRD0036,ocean,2026-08-16,2026-09-05,20,20,10748.13,227
SHP001496,SUP0028,WH0007,PRD0040,road,2026-07-24,2026-07-25,1,1,191.86,184
SHP001497,SUP0025,WH0004,PRD0020,rail,2024-10-28,2024-10-31,6,3,1921.69,54
SHP001498,SUP0039,WH0006,PRD0076,ocean,2025-12-10,2026-01-05,27,26,6820.98,106
SHP001499,SUP0037,WH0010,PRD0026,ocean,2025-05-25,2025-06-15,21,21,5741.64,120
SHP001500,SUP0019,WH0006,PRD0130,ocean,2026-04-08,2026-04-27,20,19,3887.61,82
SHP001501,SUP0034,WH0010,PRD0139,ocean,2026-01-10,2026-01-26,16,16,8447.21,234
SHP001502,SUP0012,WH0010,PRD0135,ocean,2026-07-27,2026-08-15,22,19,30701.47,599
SHP001503,SUP0012,WH0008,PRD0010,road,2024-12-16,2024-12-17,1,1,3487.23,188
SHP001504,SUP0018,WH0003,PRD0087,air,2025-11-19,2025-11-24,5,5,22787.15,48
SHP001505,SUP0030,WH0010,PRD0034,air,2026-03-25,2026-03-30,5,5,170820.49,361
SHP001506,SUP0037,WH0007,PRD0097,ocean,2024-09-29,2024-10-18,19,19,8620.19,192
SHP001507,SUP0031,WH0008,PRD0040,air,2024-10-22,2024-10-28,7,6,145150.24,184
SHP001508,SUP0004,WH0003,PRD0042,ocean,2026-03-23,2026-04-17,23,25,20209.61,369
SHP001509,SUP0025,WH0008,PRD0047,rail,2025-05-27,2025-06-04,7,8,8309.07,217
SHP001510,SUP0001,WH0009,PRD0043,ocean,2025-06-08,2025-06-30,22,22,19423.55,370
SHP001511,SUP0012,WH0006,PRD0113,air,2025-10-20,2025-10-24,4,4,92308.63,207
SHP001512,SUP0039,WH0005,PRD0012,air,2025-11-17,2025-11-20,3,3,178997.86,567
SHP001513,SUP0030,WH0008,PRD0106,ocean,2026-01-09,2026-01-22,12,13,7998.65,312
SHP001514,SUP0036,WH0008,PRD0094,road,2026-07-24,2026-07-25,1,1,489.85,440
SHP001515,SUP0009,WH0009,PRD0061,ocean,2025-06-01,2025-06-20,20,19,15692.1,336
SHP001516,SUP0033,WH0009,PRD0114,ocean,2026-03-11,2026-03-29,19,18,7245.09,167
SHP001517,SUP0034,WH0006,PRD0073,ocean,2025-10-25,2025-11-26,32,32,10215.42,128
SHP001518,SUP0022,WH0002,PRD0115,ocean,2025-09-23,2025-10-04,14,11,2927.81,97
SHP001519,SUP0036,WH0010,PRD0060,ocean,2025-06-19,2025-07-09,21,20,14870.29,303
SHP001520,SUP0036,WH0006,PRD0137,air,2025-12-19,2025-12-24,5,5,19199.99,40
SHP001521,SUP0039,WH0006,PRD0062,ocean,2025-03-04,2025-03-31,27,27,15894.18,247
SHP001522,SUP0018,WH0008,PRD0080,air,2024-11-25,2024-11-26,2,1,11334.65,106
SHP001523,SUP0027,WH0005,PRD0121,ocean,2026-02-20,2026-03-06,16,14,5392.03,153
SHP001524,SUP0040,WH0007,PRD0050,ocean,2025-09-01,2025-09-10,9,9,3736.06,249
SHP001525,SUP0018,WH0001,PRD0095,ocean,2025-06-11,2025-07-07,25,26,15140.87,250
SHP001526,SUP0033,WH0003,PRD0147,ocean,2025-10-16,2025-11-07,20,22,11254.76,247
SHP001527,SUP0027,WH0005,PRD0113,ocean,2025-03-13,2025-03-27,16,14,8035.18,228
SHP001528,SUP0036,WH0004,PRD0119,ocean,2025-03-11,2025-03-30,19,19,6076.93,143
SHP001529,SUP0039,WH0005,PRD0073,ocean,2025-07-24,2025-08-11,18,18,12922.36,307
SHP001530,SUP0006,WH0003,PRD0098,ocean,2026-08-28,2026-09-17,20,20,13358.94,290
SHP001531,SUP0033,WH0009,PRD0129,ocean,2025-03-30,2025-04-20,19,21,9023.82,208
SHP001532,SUP0007,WH0006,PRD0136,ocean,2026-07-01,2026-07-26,26,25,4714.45,74
SHP001533,SUP0036,WH0008,PRD0108,road,2025-08-26,2025-08-27,1,1,212.64,191
SHP001534,SUP0002,WH0005,PRD0042,ocean,2024-12-02,2024-12-16,14,14,5459.29,187
SHP001535,SUP0030,WH0001,PRD0052,ocean,2026-05-16,2026-06-10,27,25,12332.02,187
SHP001536,SUP0012,WH0010,PRD0036,ocean,2025-07-29,2025-08-18,22,20,7841.94,153
SHP001537,SUP0005,WH0010,PRD0065,ocean,2026-06-18,2026-07-14,25,26,5059.61,86
SHP001538,SUP0022,WH0008,PRD0014,rail,2025-07-24,2025-07-30,9,6,3208.48,59
SHP001539,SUP0005,WH0007,PRD0124,air,2024-11-06,2024-11-10,4,4,93163.44,223
SHP001540,SUP0010,WH0001,PRD0096,ocean,2026-01-12,2026-01-23,10,11,1043.34,58
SHP001541,SUP0023,WH0008,PRD0142,ocean,2026-05-10,2026-05-19,12,9,3489.71,135
SHP001542,SUP0038,WH0007,PRD0027,air,2025-04-24,2025-04-28,4,4,90924.42,217
SHP001543,SUP0001,WH0004,PRD0133,air,2025-05-14,2025-05-18,4,4,86236.1,264
SHP001544,SUP0025,WH0002,PRD0032,ocean,2024-10-21,2024-10-28,9,7,3372.55,201
SHP001545,SUP0003,WH0002,PRD0073,rail,2025-10-02,2025-10-06,3,4,3281.82,253
SHP001546,SUP0021,WH0006,PRD0022,ocean,2026-06-13,2026-07-17,32,34,15978.79,200
SHP001547,SUP0032,WH0009,PRD0042,air,2026-05-15,2026-05-18,4,3,29770.21,71
SHP001548,SUP0018,WH0007,PRD0070,air,2026-02-02,2026-02-07,5,5,68185.37,149
SHP001549,SUP0029,WH0008,PRD0116,air,2026-07-09,2026-07-13,4,4,63368.81,174
SHP001550,SUP0007,WH0010,PRD0132,ocean,2025-12-10,2025-12-31,21,21,21324.68,440
SHP001551,SUP0015,WH0004,PRD0038,rail,2026-04-03,2026-04-07,5,4,4172.22,177
SHP001552,SUP0004,WH0004,PRD0112,ocean,2025-09-08,2025-10-12,35,34,24575.2,283
SHP001553,SUP0006,WH0005,PRD0024,ocean,2024-12-01,2024-12-14,14,13,1214.34,41
SHP001554,SUP0028,WH0003,PRD0057,road,2025-01-27,2025-01-28,1,1,3435.06,430
SHP001555,SUP0016,WH0005,PRD0116,air,2024-12-13,2024-12-19,6,6,59675.04,92
SHP001556,SUP0039,WH0009,PRD0090,ocean,2026-03-31,2026-04-20,22,20,12339.02,236
SHP001557,SUP0018,WH0010,PRD0007,ocean,2024-09-23,2024-10-18,24,25,14488.5,251
SHP001558,SUP0001,WH0008,PRD0107,road,2025-10-11,2025-10-12,1,1,1024.28,223
SHP001559,SUP0023,WH0010,PRD0014,ocean,2025-05-29,2025-06-25,26,27,9789.04,157
SHP001560,SUP0031,WH0001,PRD0102,air,2026-04-10,2026-04-14,4,4,36403.1,86
SHP001561,SUP0036,WH0006,PRD0129,ocean,2025-10-09,2025-11-04,26,26,13375.99,209
SHP001562,SUP0013,WH0001,PRD0096,rail,2025-11-22,2025-11-23,1,1,560.05,351
SHP001563,SUP0003,WH0010,PRD0061,ocean,2024-11-05,2024-11-28,23,23,6819.95,126
SHP001564,SUP0035,WH0010,PRD0099,ocean,2025-04-16,2025-05-13,25,27,9060.69,154
SHP001565,SUP0039,WH0005,PRD0021,ocean,2026-08-30,2026-09-15,18,16,12333.07,293
SHP001566,SUP0037,WH0008,PRD0096,ocean,2026-02-07,2026-03-05,26,26,5575.8,89
SHP001567,SUP0018,WH0001,PRD0058,air,2025-09-20,2025-09-24,5,4,42697.24,94
SHP001568,SUP0030,WH0007,PRD0008,ocean,2026-03-16,2026-04-12,27,27,18943.75,284
SHP001569,SUP0012,WH0004,PRD0082,ocean,2026-04-24,2026-05-16,21,22,8217.42,172
SHP001570,SUP0028,WH0003,PRD0026,rail,2024-10-27,2024-10-29,2,2,1349.17,304
SHP001571,SUP0010,WH0003,PRD0086,ocean,2026-08-10,2026-08-21,10,11,4697.33,232
SHP001572,SUP0035,WH0007,PRD0038,ocean,2025-12-14,2026-01-05,23,22,5401.93,97
SHP001573,SUP0012,WH0003,PRD0036,ocean,2025-07-27,2025-08-17,23,21,6096.89,110
SHP001574,SUP0004,WH0004,PRD0010,ocean,2026-01-10,2026-02-14,35,35,9812.71,113
SHP001575,SUP0017,WH0007,PRD0074,air,2025-05-12,2025-05-15,3,3,40904.21,182
SHP001576,SUP0035,WH0008,PRD0121,ocean,2026-06-03,2026-07-15,42,42,23669.53,225
SHP001577,SUP0029,WH0003,PRD0036,road,2026-03-24,2026-03-25,1,1,2333.77,128
SHP001578,SUP0027,WH0004,PRD0121,rail,2025-12-12,2025-12-22,10,10,9952.71,171
SHP001579,SUP0038,WH0009,PRD0115,air,2025-01-14,2025-01-18,4,4,43943.35,107
SHP001580,SUP0040,WH0007,PRD0002,rail,2026-08-06,2026-08-10,5,4,4126.17,165
SHP001581,SUP0006,WH0004,PRD0021,air,2025-07-15,2025-07-17,3,2,12092.99,54
SHP001582,SUP0009,WH0001,PRD0005,air,2026-06-27,2026-06-30,4,3,23633.93,67
SHP001583,SUP0012,WH0007,PRD0066,air,2024-10-14,2024-10-17,4,3,146919.32,366
SHP001584,SUP0017,WH0002,PRD0056,ocean,2024-12-03,2024-12-27,26,24,15534.79,243
SHP001585,SUP0004,WH0010,PRD0039,ocean,2024-12-24,2025-01-16,25,23,31927.38,535
SHP001586,SUP0031,WH0009,PRD0141,ocean,2025-01-01,2025-01-23,23,22,10228.98,183
SHP001587,SUP0028,WH0008,PRD0136,ocean,2025-04-26,2025-05-19,22,23,9365.65,183
SHP001588,SUP0038,WH0002,PRD0109,ocean,2026-01-31,2026-02-25,24,25,31945.15,567
SHP001589,SUP0001,WH0010,PRD0029,air,2025-05-13,2025-05-16,4,3,90508.94,244
SHP001590,SUP0025,WH0005,PRD0074,air,2026-07-19,2026-07-20,2,1,23874.52,148
SHP001591,SUP0031,WH0001,PRD0061,ocean,2026-06-15,2026-07-08,24,23,25961.9,460
SHP001592,SUP0037,WH0003,PRD0078,ocean,2026-05-11,2026-05-31,19,20,9191.33,211
SHP001593,SUP0003,WH0001,PRD0032,ocean,2025-03-04,2025-03-30,24,26,5243.99,92
SHP001594,SUP0014,WH0008,PRD0013,ocean,2025-12-09,2026-01-02,26,24,26163.83,413
SHP001595,SUP0025,WH0005,PRD0062,ocean,2025-10-08,2025-10-17,11,9,3419.86,159
SHP001596,SUP0034,WH0001,PRD0108,ocean,2024-12-03,2024-12-17,17,14,15096.13,389
SHP001597,SUP0017,WH0002,PRD0118,ocean,2025-04-11,2025-05-08,26,27,45645.44,714
SHP001598,SUP0014,WH0008,PRD0017,ocean,2025-09-26,2025-10-22,26,26,7412.03,117
SHP001599,SUP0022,WH0005,PRD0029,air,2025-09-03,2025-09-04,2,1,5599.98,80
SHP001600,SUP0021,WH0003,PRD0128,ocean,2025-01-04,2025-01-22,18,18,11945.98,284
SHP001601,SUP0021,WH0006,PRD0138,ocean,2026-07-19,2026-08-20,32,32,9986.74,125
SHP001602,SUP0040,WH0005,PRD0005,air,2024-12-24,2024-12-26,2,2,67177.78,614
SHP001603,SUP0015,WH0003,PRD0132,ocean,2025-12-26,2026-01-13,19,18,20307.82,478
SHP001604,SUP0038,WH0001,PRD0148,air,2026-02-09,2026-02-13,4,4,90025.97,219
SHP001605,SUP0013,WH0006,PRD0062,ocean,2025-11-17,2025-12-07,20,20,8283.45,174
SHP001606,SUP0011,WH0002,PRD0037,rail,2026-05-08,2026-05-10,2,2,921.8,94
SHP001607,SUP0032,WH0004,PRD0075,ocean,2025-10-18,2025-11-03,15,16,2793.64,84
SHP001608,SUP0011,WH0008,PRD0110,rail,2026-04-26,2026-05-04,7,8,11118.47,265
SHP001609,SUP0013,WH0004,PRD0001,rail,2024-09-24,2024-10-03,8,9,14516.48,294
SHP001610,SUP0011,WH0006,PRD0091,ocean,2024-10-07,2024-11-13,36,37,61220.66,689
SHP001611,SUP0040,WH0003,PRD0062,air,2025-12-13,2025-12-14,2,1,107492.39,852
SHP001612,SUP0003,WH0010,PRD0147,ocean,2025-10-27,2025-11-18,23,22,9634.54,178
SHP001613,SUP0035,WH0008,PRD0107,ocean,2025-12-20,2026-01-30,42,41,6837.86,65
SHP001614,SUP0037,WH0005,PRD0048,ocean,2026-03-14,2026-04-11,30,28,47349.9,645
SHP001615,SUP0032,WH0003,PRD0022,ocean,2025-07-03,2025-07-28,24,25,4435.41,76
SHP001616,SUP0027,WH0002,PRD0135,road,2025-12-11,2025-12-12,1,1,3229.9,139
SHP001617,SUP0003,WH0003,PRD0093,ocean,2025-08-31,2025-09-26,25,26,6897.1,115
SHP001618,SUP0028,WH0004,PRD0018,ocean,2025-12-03,2025-12-18,14,15,9212.6,304
SHP001619,SUP0017,WH0005,PRD0135,rail,2025-04-02,2025-04-10,9,8,7230.39,137
SHP001620,SUP0033,WH0005,PRD0140,air,2026-07-30,2026-08-01,3,2,41937.79,194
SHP001621,SUP0019,WH0002,PRD0130,ocean,2025-08-20,2025-09-16,25,27,6834.65,113
SHP001622,SUP0013,WH0006,PRD0130,ocean,2026-04-11,2026-05-01,20,20,17661.84,371
SHP001623,SUP0031,WH0007,PRD0142,air,2026-01-14,2026-01-17,4,3,80316.95,191
SHP001624,SUP0004,WH0005,PRD0006,ocean,2025-04-07,2025-05-08,34,31,16978.77,198
SHP001625,SUP0011,WH0004,PRD0100,air,2024-10-26,2024-10-29,3,3,47479.1,157
SHP001626,SUP0030,WH0005,PRD0121,ocean,2024-10-17,2024-11-03,18,17,3992.98,95
SHP001627,SUP0029,WH0008,PRD0012,ocean,2025-07-20,2025-08-09,21,20,13644.93,281
SHP001628,SUP0013,WH0008,PRD0100,ocean,2025-08-21,2025-09-10,22,20,7376.91,141
SHP001629,SUP0030,WH0008,PRD0096,rail,2025-01-30,2025-02-06,7,7,4614.61,108
SHP001630,SUP0035,WH0001,PRD0065,ocean,2025-11-18,2025-12-12,24,24,30373.63,542
SHP001631,SUP0031,WH0009,PRD0005,ocean,2025-04-18,2025-05-13,23,25,11291.0,202
SHP001632,SUP0014,WH0004,PRD0092,ocean,2026-02-07,2026-03-07,31,28,32852.02,432
SHP001633,SUP0026,WH0001,PRD0018,air,2026-02-19,2026-02-20,2,1,22456.96,169
SHP001634,SUP0021,WH0005,PRD0089,ocean,2026-05-21,2026-05-30,8,9,2602.36,181
SHP001635,SUP0032,WH0004,PRD0062,ocean,2026-08-13,2026-08-30,15,17,4556.3,137
SHP001636,SUP0034,WH0010,PRD0027,ocean,2024-12-07,2024-12-24,16,17,4728.99,131
SHP001637,SUP0018,WH0010,PRD0149,ocean,2025-05-31,2025-06-24,24,24,16335.64,283
SHP001638,SUP0021,WH0007,PRD0086,air,2025-10-16,2025-10-18,3,2,45147.31,151
SHP001639,SUP0020,WH0003,PRD0035,ocean,2025-04-23,2025-05-09,16,16,9791.67,272
SHP001640,SUP0015,WH0009,PRD0012,air,2025-08-08,2025-08-11,3,3,29878.51,100
SHP001641,SUP0019,WH0009,PRD0091,road,2025-03-17,2025-03-18,1,1,92.7,103
SHP001642,SUP0012,WH0008,PRD0140,road,2025-03-02,2025-03-03,1,1,6788.96,366
SHP001643,SUP0036,WH0003,PRD0087,ocean,2024-11-13,2024-12-07,23,24,10119.57,188
SHP001644,SUP0006,WH0009,PRD0045,air,2025-04-02,2025-04-05,4,3,116910.09,355
SHP001645,SUP0009,WH0007,PRD0119,air,2025-06-09,2025-06-13,4,4,29503.27,86
SHP001646,SUP0003,WH0009,PRD0123,air,2025-11-24,2025-11-27,4,3,60004.29,139
SHP001647,SUP0011,WH0004,PRD0047,ocean,2025-03-03,2025-03-23,18,20,7096.66,176
SHP001648,SUP0028,WH0010,PRD0035,road,2026-05-25,2026-05-26,1,1,4264.59,425
SHP001649,SUP0024,WH0004,PRD0017,ocean,2024-12-28,2025-01-31,35,34,11242.47,129
SHP001650,SUP0015,WH0002,PRD0118,ocean,2025-04-29,2025-05-13,11,14,2188.38,103
SHP001651,SUP0026,WH0010,PRD0010,rail,2025-10-28,2025-11-03,5,6,21649.64,777
SHP001652,SUP0003,WH0005,PRD0076,ocean,2025-04-19,2025-05-03,16,14,8811.19,247
SHP001653,SUP0010,WH0002,PRD0052,air,2026-03-12,2026-03-15,4,3,51618.0,136
SHP001654,SUP0005,WH0010,PRD0012,ocean,2025-08-31,2025-09-27,25,27,12178.36,207
SHP001655,SUP0018,WH0005,PRD0052,ocean,2025-09-12,2025-09-29,18,17,11570.59,274
SHP001656,SUP0008,WH0004,PRD0011,ocean,2025-09-01,2025-09-09,7,8,2141.03,221
SHP001657,SUP0037,WH0007,PRD0081,ocean,2025-04-16,2025-05-03,19,17,9607.92,214
SHP001658,SUP0035,WH0006,PRD0080,air,2024-09-20,2024-09-23,4,3,25571.27,77
SHP001659,SUP0028,WH0009,PRD0132,road,2026-07-22,2026-07-23,1,1,749.77,224
SHP001660,SUP0017,WH0010,PRD0102,air,2025-09-05,2025-09-07,3,2,24705.68,109
SHP001661,SUP0021,WH0006,PRD0140,ocean,2026-08-06,2026-09-04,32,29,15099.95,189
SHP001662,SUP0024,WH0001,PRD0122,ocean,2025-02-07,2025-03-02,24,23,7343.89,126
SHP001663,SUP0015,WH0003,PRD0065,ocean,2025-05-18,2025-06-06,19,19,1996.79,47
SHP001664,SUP0032,WH0001,PRD0010,ocean,2024-10-10,2024-11-03,23,24,5866.96,106
SHP001665,SUP0029,WH0006,PRD0049,ocean,2025-08-29,2025-09-16,21,18,13358.2,271
SHP001666,SUP0025,WH0005,PRD0074,rail,2026-06-06,2026-06-11,6,5,10933.52,305
SHP001667,SUP0021,WH0004,PRD0092,ocean,2025-12-22,2025-12-28,8,6,3428.39,243
SHP001668,SUP0026,WH0008,PRD0013,ocean,2025-08-11,2025-09-01,22,21,5726.33,109
SHP001669,SUP0028,WH0001,PRD0085,road,2025-09-28,2025-09-29,1,1,352.42,104
SHP001670,SUP0037,WH0003,PRD0070,ocean,2026-05-12,2026-05-30,19,18,13547.41,311
SHP001671,SUP0020,WH0006,PRD0032,ocean,2025-07-13,2025-08-12,30,30,30209.36,404
SHP001672,SUP0024,WH0008,PRD0095,ocean,2026-06-06,2026-07-02,29,26,13734.24,197
SHP001673,SUP0001,WH0003,PRD0112,ocean,2026-02-14,2026-03-08,23,22,21584.07,399
SHP001674,SUP0021,WH0001,PRD0103,air,2026-03-12,2026-03-14,3,2,34417.25,118
SHP001675,SUP0022,WH0001,PRD0113,ocean,2025-05-27,2025-06-10,14,14,5433.29,181
SHP001676,SUP0035,WH0006,PRD0099,ocean,2025-06-21,2025-07-09,19,18,2656.76,60
SHP001677,SUP0004,WH0008,PRD0087,ocean,2025-10-23,2025-11-19,29,27,17374.43,242
SHP001678,SUP0036,WH0003,PRD0048,air,2025-01-23,2025-01-28,4,5,96889.51,240
SHP001679,SUP0007,WH0009,PRD0128,ocean,2025-10-10,2025-11-01,22,22,4226.89,82
SHP001680,SUP0011,WH0008,PRD0128,ocean,2024-10-27,2024-11-08,12,12,3700.56,147
SHP001681,SUP0021,WH0004,PRD0095,ocean,2025-09-05,2025-09-13,8,8,2440.78,173
SHP001682,SUP0009,WH0008,PRD0133,ocean,2026-03-12,2026-04-06,26,25,4117.99,65
SHP001683,SUP0037,WH0009,PRD0069,ocean,2025-03-26,2025-04-15,20,20,6558.86,143
SHP001684,SUP0039,WH0003,PRD0022,ocean,2026-08-23,2026-09-14,23,22,10253.66,190
SHP001685,SUP0009,WH0004,PRD0109,air,2026-01-10,2026-01-15,5,5,165807.04,293
SHP001686,SUP0029,WH0006,PRD0021,ocean,2024-11-29,2024-12-18,21,19,20012.66,406
SHP001687,SUP0021,WH0001,PRD0111,ocean,2026-08-12,2026-08-31,17,19,6844.56,176
SHP001688,SUP0037,WH0009,PRD0047,air,2025-06-16,2025-06-19,4,3,50567.46,147
SHP001689,SUP0020,WH0002,PRD0140,rail,2026-04-04,2026-04-12,8,8,8812.84,193
SHP001690,SUP0025,WH0003,PRD0076,ocean,2025-05-08,2025-05-28,20,20,4129.41,89
SHP001691,SUP0019,WH0008,PRD0083,ocean,2026-07-17,2026-08-06,22,20,8524.26,164
SHP001692,SUP0016,WH0005,PRD0027,ocean,2026-03-06,2026-04-10,35,35,42637.39,493
SHP001693,SUP0023,WH0004,PRD0021,ocean,2025-01-26,2025-02-12,18,17,5910.63,146
SHP001694,SUP0027,WH0008,PRD0084,air,2025-09-08,2025-09-09,2,1,32532.67,236
SHP001695,SUP0038,WH0010,PRD0076,air,2025-09-02,2025-09-06,4,4,66589.3,161
SHP001696,SUP0003,WH0009,PRD0079,ocean,2024-10-06,2024-10-27,24,21,17727.89,308
SHP001697,SUP0017,WH0003,PRD0115,air,2024-12-12,2024-12-14,3,2,75424.01,343
SHP001698,SUP0015,WH0001,PRD0110,ocean,2025-05-03,2025-05-19,17,16,7508.14,191
SHP001699,SUP0015,WH0005,PRD0043,ocean,2025-08-13,2025-08-21,8,8,2935.17,203
SHP001700,SUP0031,WH0002,PRD0114,air,2025-08-01,2025-08-07,7,6,44965.83,58
SHP001701,SUP0021,WH0005,PRD0090,air,2025-11-18,2025-11-19,2,1,12832.09,119
SHP001702,SUP0039,WH0004,PRD0115,ocean,2025-09-13,2025-10-01,19,18,11646.41,275
SHP001703,SUP0024,WH0010,PRD0011,ocean,2025-04-30,2025-05-22,25,22,19131.99,318
SHP001704,SUP0029,WH0008,PRD0091,ocean,2025-11-23,2025-12-15,21,22,17529.61,361
SHP001705,SUP0005,WH0006,PRD0112,rail,2024-12-30,2025-01-02,3,3,4180.66,259
SHP001706,SUP0023,WH0002,PRD0071,rail,2026-08-24,2026-08-26,2,2,1908.4,192
SHP001707,SUP0011,WH0009,PRD0015,air,2026-02-22,2026-02-26,5,4,144046.35,294
SHP001708,SUP0003,WH0006,PRD0020,ocean,2025-04-09,2025-05-09,33,30,30384.11,369
SHP001709,SUP0001,WH0003,PRD0104,air,2025-05-06,2025-05-09,4,3,58017.33,143
SHP001710,SUP0028,WH0005,PRD0094,rail,2026-04-28,2026-05-08,8,10,6682.13,137
SHP001711,SUP0007,WH0007,PRD0132,ocean,2025-09-25,2025-10-19,22,24,9715.03,190
SHP001712,SUP0034,WH0006,PRD0041,air,2026-01-31,2026-02-06,6,6,518951.08,867
SHP001713,SUP0001,WH0002,PRD0008,rail,2025-04-09,2025-04-16,8,7,7954.11,175
SHP001714,SUP0013,WH0001,PRD0037,road,2026-04-19,2026-04-20,1,1,1697.39,591
SHP001715,SUP0033,WH0001,PRD0113,air,2025-05-29,2025-05-31,3,2,22166.98,69
SHP001716,SUP0009,WH0008,PRD0009,ocean,2026-01-06,2026-02-03,26,28,48845.74,771
SHP001717,SUP0027,WH0001,PRD0033,ocean,2026-08-16,2026-09-11,24,26,7360.8,130
SHP001718,SUP0031,WH0001,PRD0018,ocean,2025-11-01,2025-11-25,24,24,5587.45,99
SHP001719,SUP0025,WH0001,PRD0061,ocean,2026-04-05,2026-04-23,19,18,13725.17,317
SHP001720,SUP0020,WH0007,PRD0094,air,2026-02-12,2026-02-14,3,2,34214.68,135
SHP001721,SUP0034,WH0008,PRD0093,air,2026-01-16,2026-01-19,3,3,29071.23,130
SHP001722,SUP0003,WH0010,PRD0099,air,2024-09-23,2024-09-27,4,4,19891.53,49
SHP001723,SUP0021,WH0001,PRD0146,ocean,2025-08-14,2025-09-01,17,18,13533.56,348
SHP001724,SUP0023,WH0002,PRD0009,road,2026-08-07,2026-08-08,1,1,1449.19,81
SHP001725,SUP0033,WH0006,PRD0040,ocean,2026-03-26,2026-04-22,29,27,5079.48,73
SHP001726,SUP0038,WH0010,PRD0116,ocean,2026-03-21,2026-04-11,23,21,3584.52,65
SHP001727,SUP0026,WH0008,PRD0095,ocean,2025-10-28,2025-11-18,22,21,9824.07,187
SHP001728,SUP0024,WH0001,PRD0096,ocean,2026-02-09,2026-03-08,24,27,31357.23,538
SHP001729,SUP0024,WH0008,PRD0114,ocean,2025-11-01,2025-11-30,29,29,16383.49,235
SHP001730,SUP0004,WH0006,PRD0020,ocean,2025-01-05,2025-01-15,7,10,4565.61,404
SHP001731,SUP0023,WH0005,PRD0147,air,2025-12-04,2025-12-06,3,2,27401.13,89
SHP001732,SUP0007,WH0006,PRD0036,ocean,2025-11-27,2025-12-24,26,27,4969.29,78
SHP001733,SUP0016,WH0006,PRD0136,air,2026-05-07,2026-05-08,2,1,30467.93,351
SHP001734,SUP0003,WH0002,PRD0094,road,2024-12-20,2024-12-21,1,1,980.66,42
SHP001735,SUP0005,WH0006,PRD0102,ocean,2026-01-11,2026-01-20,7,9,1762.65,182
SHP001736,SUP0037,WH0008,PRD0081,ocean,2024-09-26,2024-10-21,26,25,13657.58,218
SHP001737,SUP0010,WH0005,PRD0072,rail,2026-07-24,2026-07-28,5,4,8292.43,321
SHP001738,SUP0014,WH0002,PRD0064,ocean,2024-11-22,2024-12-28,36,36,14832.53,166
SHP001739,SUP0002,WH0003,PRD0030,road,2024-09-17,2024-09-18,1,1,714.43,107
SHP001740,SUP0007,WH0008,PRD0007,road,2025-04-19,2025-04-20,1,1,330.82,240
SHP001741,SUP0007,WH0008,PRD0048,rail,2024-12-22,2024-12-23,1,1,397.45,519
SHP001742,SUP0007,WH0009,PRD0128,ocean,2026-01-18,2026-02-10,22,23,4793.91,93
SHP001743,SUP0027,WH0010,PRD0133,ocean,2025-06-28,2025-07-20,23,22,11072.23,206
SHP001744,SUP0005,WH0001,PRD0100,ocean,2026-03-20,2026-04-11,24,22,6951.37,122
SHP001745,SUP0008,WH0006,PRD0144,ocean,2026-07-04,2026-08-04,30,31,21515.32,291
SHP001746,SUP0001,WH0009,PRD0031,ocean,2026-05-30,2026-06-21,22,22,24410.67,465
SHP001747,SUP0011,WH0001,PRD0068,air,2026-02-20,2026-02-24,5,4,100072.58,206
SHP001748,SUP0029,WH0005,PRD0067,ocean,2024-10-19,2024-10-31,13,12,5776.65,221
SHP001749,SUP0016,WH0003,PRD0115,air,2024-12-13,2024-12-17,4,4,24686.14,59
SHP001750,SUP0007,WH0009,PRD0055,air,2025-02-01,2025-02-05,4,4,49098.95,127
SHP001751,SUP0036,WH0006,PRD0074,ocean,2025-04-27,2025-05-23,26,26,3584.0,56
SHP001752,SUP0014,WH0006,PRD0126,road,2025-12-28,2025-12-29,1,1,189.07,76
SHP001753,SUP0005,WH0006,PRD0052,ocean,2025-09-20,2025-09-26,7,6,455.19,47
SHP001754,SUP0018,WH0010,PRD0032,ocean,2025-04-19,2025-05-12,24,23,7965.79,138
SHP001755,SUP0008,WH0005,PRD0035,ocean,2025-01-07,2025-01-12,6,5,2205.29,235
SHP001756,SUP0007,WH0004,PRD0019,air,2026-06-28,2026-06-30,3,2,114976.26,364
SHP001757,SUP0037,WH0009,PRD0116,ocean,2025-05-10,2025-05-29,20,19,2751.97,60
SHP001758,SUP0021,WH0008,PRD0045,ocean,2025-05-19,2025-06-01,14,13,7278.49,244
SHP001759,SUP0035,WH0002,PRD0114,ocean,2026-03-18,2026-04-27,41,40,40036.15,390
SHP001760,SUP0018,WH0009,PRD0023,ocean,2026-02-09,2026-03-05,25,24,35568.13,582
SHP001761,SUP0031,WH0006,PRD0082,air,2025-12-15,2025-12-19,4,4,45651.62,139
SHP001762,SUP0011,WH0009,PRD0089,air,2026-01-20,2026-01-24,5,4,54874.8,112
SHP001763,SUP0003,WH0002,PRD0017,road,2025-11-20,2025-11-21,1,1,6280.87,269
SHP001764,SUP0002,WH0005,PRD0141,rail,2025-01-21,2025-01-29,8,8,1459.7,30
SHP001765,SUP0003,WH0001,PRD0139,air,2025-03-01,2025-03-04,4,3,41894.89,98
SHP001766,SUP0011,WH0003,PRD0075,ocean,2025-10-14,2025-11-10,28,27,19131.14,282
SHP001767,SUP0023,WH0002,PRD0077,road,2025-02-14,2025-02-15,1,1,1019.8,57
SHP001768,SUP0018,WH0005,PRD0041,ocean,2026-08-11,2026-08-27,18,16,4138.39,98
SHP001769,SUP0001,WH0002,PRD0045,ocean,2025-04-08,2025-04-22,13,14,5426.97,199
SHP001770,SUP0012,WH0006,PRD0093,ocean,2025-04-01,2025-04-27,25,26,8264.67,139
SHP001771,SUP0028,WH0003,PRD0131,rail,2025-02-01,2025-02-04,2,3,679.02,153
SHP001772,SUP0024,WH0005,PRD0058,ocean,2026-01-28,2026-03-03,35,34,14713.56,171
SHP001773,SUP0030,WH0005,PRD0032,air,2025-04-22,2025-04-25,3,3,51383.33,163
SHP001774,SUP0022,WH0010,PRD0052,air,2025-05-15,2025-05-18,3,3,24777.96,121
SHP001775,SUP0011,WH0010,PRD0036,air,2026-07-13,2026-07-17,5,4,77088.9,166
SHP001776,SUP0002,WH0006,PRD0061,ocean,2026-04-04,2026-04-24,20,20,6686.29,142
SHP001777,SUP0020,WH0005,PRD0127,rail,2025-03-21,2025-03-26,4,5,4146.78,235
SHP001778,SUP0035,WH0010,PRD0007,ocean,2024-12-01,2024-12-27,25,26,6707.26,114
SHP001779,SUP0009,WH0001,PRD0093,ocean,2026-01-08,2026-01-27,20,19,10723.46,228
SHP001780,SUP0007,WH0008,PRD0142,rail,2025-06-06,2025-06-07,1,1,72.75,95
SHP001781,SUP0011,WH0009,PRD0147,ocean,2026-08-16,2026-09-13,27,28,26130.86,400
SHP001782,SUP0015,WH0008,PRD0095,ocean,2026-04-21,2026-05-06,14,15,11366.39,377
SHP001783,SUP0031,WH0003,PRD0120,air,2026-07-29,2026-08-01,4,3,165492.17,410
SHP001784,SUP0037,WH0005,PRD0142,air,2026-04-11,2026-04-15,5,4,22573.79,41
SHP001785,SUP0037,WH0001,PRD0034,ocean,2025-04-02,2025-04-21,20,19,7990.85,173
SHP001786,SUP0013,WH0004,PRD0023,ocean,2025-03-31,2025-04-15,14,15,2695.92,91
SHP001787,SUP0023,WH0009,PRD0017,ocean,2026-02-04,2026-03-01,27,25,17884.82,272
SHP001788,SUP0025,WH0009,PRD0080,ocean,2025-05-13,2025-05-30,19,17,11751.77,268
SHP001789,SUP0030,WH0003,PRD0102,ocean,2025-07-22,2025-08-17,28,26,8764.35,127
SHP001790,SUP0023,WH0009,PRD0123,ocean,2025-03-09,2025-04-06,27,28,1512.32,23
SHP001791,SUP0031,WH0002,PRD0135,ocean,2025-08-17,2025-09-28,41,42,31321.02,303
SHP001792,SUP0030,WH0002,PRD0106,rail,2025-01-28,2025-01-29,3,1,7460.69,641
SHP001793,SUP0007,WH0010,PRD0105,air,2025-09-30,2025-10-04,4,4,62520.08,172
SHP001794,SUP0034,WH0003,PRD0148,ocean,2026-07-13,2026-08-02,18,20,6003.3,143
SHP001795,SUP0035,WH0007,PRD0019,ocean,2026-01-22,2026-02-12,23,21,4343.82,78
SHP001796,SUP0008,WH0008,PRD0033,rail,2024-12-12,2024-12-19,9,7,8443.32,156
SHP001797,SUP0040,WH0009,PRD0082,ocean,2025-11-24,2025-12-02,8,8,8075.08,568
SHP001798,SUP0013,WH0005,PRD0019,rail,2025-11-04,2025-11-12,8,8,10443.88,219
SHP001799,SUP0027,WH0008,PRD0116,rail,2025-02-27,2025-03-05,6,6,5728.45,187
SHP001800,SUP0037,WH0010,PRD0120,ocean,2026-01-03,2026-01-22,21,19,6889.97,144
SHP001801,SUP0027,WH0006,PRD0133,ocean,2025-09-24,2025-10-27,33,33,14413.09,175
SHP001802,SUP0030,WH0005,PRD0089,air,2025-12-11,2025-12-13,3,2,68406.03,217
SHP001803,SUP0016,WH0007,PRD0033,ocean,2024-10-12,2024-11-04,24,23,17839.83,311
SHP001804,SUP0019,WH0005,PRD0142,ocean,2025-07-01,2025-07-14,14,13,2524.75,88
SHP001805,SUP0033,WH0004,PRD0047,air,2026-02-06,2026-02-09,3,3,21580.13,99
SHP001806,SUP0013,WH0002,PRD0034,ocean,2024-11-15,2024-12-09,25,24,15694.13,259
SHP001807,SUP0016,WH0008,PRD0111,ocean,2026-03-17,2026-04-12,29,26,26477.52,376
SHP001808,SUP0040,WH0003,PRD0129,rail,2024-09-07,2024-09-10,5,3,3252.25,116
SHP001809,SUP0039,WH0004,PRD0015,ocean,2025-10-08,2025-10-27,19,19,6013.78,142
SHP001810,SUP0020,WH0001,PRD0032,rail,2026-07-10,2026-07-18,9,8,5416.53,99
SHP001811,SUP0029,WH0005,PRD0133,ocean,2025-06-26,2025-07-11,13,15,5149.32,197
SHP001812,SUP0038,WH0004,PRD0040,ocean,2026-07-14,2026-07-31,18,17,9603.91,233
SHP001813,SUP0036,WH0002,PRD0078,ocean,2026-06-03,2026-06-16,13,13,4696.63,179
SHP001814,SUP0015,WH0005,PRD0043,ocean,2025-08-16,2025-08-24,8,8,1807.37,125
SHP001815,SUP0023,WH0009,PRD0042,air,2025-01-26,2025-01-30,5,4,34027.18,69
SHP001816,SUP0034,WH0001,PRD0083,ocean,2026-08-04,2026-08-19,17,15,9507.85,245
SHP001817,SUP0011,WH0009,PRD0058,ocean,2025-04-25,2025-05-22,27,27,23648.43,362
SHP001818,SUP0022,WH0010,PRD0089,ocean,2025-12-16,2025-12-30,13,14,3631.37,133
SHP001819,SUP0011,WH0008,PRD0133,ocean,2026-06-25,2026-07-10,12,15,7476.65,297
SHP001820,SUP0039,WH0008,PRD0073,road,2024-11-07,2024-11-08,1,1,306.53,248
SHP001821,SUP0024,WH0008,PRD0021,ocean,2025-10-25,2025-11-22,29,28,6553.39,94
SHP001822,SUP0033,WH0003,PRD0065,ocean,2025-09-27,2025-10-17,20,20,5148.94,113
SHP001823,SUP0012,WH0007,PRD0051,ocean,2026-02-10,2026-03-04,23,22,25423.2,475
SHP001824,SUP0002,WH0004,PRD0142,rail,2026-07-16,2026-07-27,9,11,8054.37,160
SHP001825,SUP0031,WH0004,PRD0071,ocean,2026-06-29,2026-07-26,30,27,11042.75,149
SHP001826,SUP0032,WH0007,PRD0033,ocean,2025-01-09,2025-02-04,24,26,8967.28,160
SHP001827,SUP0036,WH0002,PRD0078,ocean,2026-06-06,2026-06-19,13,13,9235.84,352
SHP001828,SUP0011,WH0008,PRD0137,ocean,2025-01-09,2025-01-22,12,13,4934.09,196
SHP001829,SUP0035,WH0005,PRD0024,ocean,2026-07-03,2026-07-31,30,28,48552.08,663
SHP001830,SUP0031,WH0001,PRD0129,air,2026-08-28,2026-08-31,4,3,41059.31,97
SHP001831,SUP0003,WH0006,PRD0044,air,2025-06-19,2025-06-24,6,5,127835.59,207
SHP001832,SUP0006,WH0001,PRD0149,air,2025-08-29,2025-09-02,4,4,54962.22,169
SHP001833,SUP0039,WH0004,PRD0040,ocean,2026-07-15,2026-08-02,19,18,4235.06,100
SHP001834,SUP0015,WH0001,PRD0044,air,2026-08-03,2026-08-05,3,2,20342.73,69
SHP001835,SUP0030,WH0009,PRD0087,air,2026-07-08,2026-07-12,5,4,169580.6,340
SHP001836,SUP0021,WH0008,PRD0145,rail,2026-06-02,2026-06-09,8,7,6612.29,133
SHP001837,SUP0024,WH0010,PRD0011,ocean,2024-09-10,2024-10-05,25,25,12092.86,201
SHP001838,SUP0021,WH0006,PRD0008,ocean,2025-10-21,2025-11-21,32,31,28442.24,356
SHP001839,SUP0037,WH0007,PRD0021,ocean,2024-11-20,2024-12-08,19,18,16207.76,361
SHP001840,SUP0026,WH0009,PRD0012,ocean,2026-08-18,2026-08-27,10,9,1455.1,81
SHP001841,SUP0013,WH0003,PRD0148,rail,2025-03-29,2025-03-30,2,1,886.02,190
SHP001842,SUP0031,WH0010,PRD0068,ocean,2026-08-23,2026-09-17,25,25,8590.58,145
SHP001843,SUP0039,WH0008,PRD0054,rail,2025-10-03,2025-10-04,1,1,337.15,491
SHP001844,SUP0040,WH0003,PRD0147,air,2025-08-28,2025-08-29,2,1,27882.42,221
SHP001845,SUP0026,WH0003,PRD0107,ocean,2026-07-17,2026-07-27,10,10,2716.9,135
SHP001846,SUP0007,WH0004,PRD0008,ocean,2026-05-14,2026-06-01,18,18,7117.58,169
SHP001847,SUP0031,WH0002,PRD0128,ocean,2025-08-09,2025-09-21,41,43,46206.26,447
SHP001848,SUP0016,WH0009,PRD0140,ocean,2025-01-21,2025-02-13,24,23,15261.98,262
SHP001849,SUP0035,WH0001,PRD0075,air,2024-11-24,2024-11-28,4,4,97929.73,233
SHP001850,SUP0028,WH0005,PRD0078,rail,2024-12-30,2025-01-06,8,7,13461.81,276
SHP001851,SUP0031,WH0008,PRD0124,ocean,2025-08-03,2025-09-11,42,39,17249.74,164
SHP001852,SUP0005,WH0004,PRD0063,ocean,2025-03-09,2025-04-12,34,34,37917.86,442
SHP001853,SUP0021,WH0002,PRD0104,ocean,2025-01-17,2025-01-27,11,10,14824.51,688
SHP001854,SUP0005,WH0006,PRD0077,air,2026-02-20,2026-02-22,2,2,7772.14,107
SHP001855,SUP0030,WH0008,PRD0117,ocean,2026-04-01,2026-04-15,12,14,8537.02,333
SHP001856,SUP0011,WH0003,PRD0019,ocean,2025-10-21,2025-11-18,28,28,16349.66,241
SHP001857,SUP0026,WH0009,PRD0016,ocean,2026-03-07,2026-03-14,10,7,2371.27,132
SHP001858,SUP0028,WH0008,PRD0041,air,2025-01-09,2025-01-13,4,4,104404.0,272
SHP001859,SUP0038,WH0006,PRD0113,ocean,2026-05-18,2026-06-20,35,33,47412.89,546
SHP001860,SUP0010,WH0009,PRD0107,rail,2026-06-17,2026-06-24,6,7,2426.47,80
SHP001861,SUP0003,WH0002,PRD0124,road,2026-04-27,2026-04-28,1,1,8265.53,354
SHP001862,SUP0034,WH0001,PRD0119,ocean,2025-09-13,2025-10-01,17,18,5394.25,139
SHP001863,SUP0033,WH0003,PRD0053,ocean,2024-11-05,2024-11-24,20,19,3052.91,67
SHP001864,SUP0032,WH0002,PRD0088,road,2026-01-02,2026-01-03,1,1,5940.34,265
SHP001865,SUP0025,WH0005,PRD0037,ocean,2025-01-16,2025-01-25,11,9,1828.23,85
SHP001866,SUP0015,WH0009,PRD0081,ocean,2024-12-15,2025-01-03,18,19,8844.04,222
SHP001867,SUP0001,WH0002,PRD0082,air,2025-04-26,2025-04-28,3,2,72609.63,355
SHP001868,SUP0020,WH0008,PRD0089,rail,2025-03-03,2025-03-11,9,8,9302.68,178
SHP001869,SUP0037,WH0001,PRD0103,ocean,2025-03-12,2025-04-02,20,21,8267.99,179
SHP001870,SUP0024,WH0010,PRD0034,ocean,2025-02-21,2025-03-20,25,27,19131.99,318
SHP001871,SUP0009,WH0005,PRD0095,ocean,2026-03-05,2026-04-03,30,29,21632.34,291
SHP001872,SUP0031,WH0006,PRD0132,ocean,2026-07-28,2026-08-13,19,16,5605.19,128
SHP001873,SUP0009,WH0005,PRD0144,ocean,2025-04-11,2025-05-12,30,31,13752.52,185
SHP001874,SUP0020,WH0002,PRD0028,ocean,2026-02-10,2026-02-24,13,14,1917.82,70
SHP001875,SUP0039,WH0001,PRD0082,ocean,2024-09-12,2024-10-04,22,22,19055.97,368
SHP001876,SUP0032,WH0010,PRD0062,ocean,2025-12-22,2026-01-13,22,22,22356.17,426
SHP001877,SUP0010,WH0006,PRD0120,ocean,2026-01-19,2026-02-14,27,26,17923.12,276
SHP001878,SUP0018,WH0001,PRD0032,ocean,2024-10-19,2024-11-11,25,23,10719.73,177
SHP001879,SUP0016,WH0010,PRD0069,ocean,2024-11-28,2024-12-19,25,21,4601.39,76
SHP001880,SUP0004,WH0001,PRD0116,ocean,2025-04-14,2025-05-07,24,23,12802.76,222
SHP001881,SUP0021,WH0009,PRD0064,ocean,2025-06-25,2025-07-13,17,18,3981.45,101
SHP001882,SUP0031,WH0009,PRD0037,ocean,2025-09-03,2025-09-25,23,22,23867.61,427
SHP001883,SUP0010,WH0010,PRD0025,ocean,2026-06-15,2026-06-24,9,9,3832.78,223
SHP001884,SUP0020,WH0004,PRD0013,ocean,2026-01-27,2026-01-31,7,4,6852.9,636
SHP001885,SUP0003,WH0007,PRD0075,ocean,2025-04-17,2025-05-09,24,22,8879.33,154
SHP001886,SUP0035,WH0003,PRD0099,ocean,2024-11-28,2024-12-21,23,23,39660.56,742
SHP001887,SUP0028,WH0002,PRD0108,ocean,2026-07-01,2026-07-26,25,25,12941.01,214
SHP001888,SUP0033,WH0003,PRD0064,air,2025-04-06,2025-04-10,4,4,21871.6,64
SHP001889,SUP0025,WH0008,PRD0041,rail,2025-11-24,2025-12-01,7,7,11640.36,304
SHP001890,SUP0027,WH0005,PRD0084,air,2025-02-10,2025-02-12,3,2,19559.32,74
SHP001891,SUP0036,WH0007,PRD0148,ocean,2024-12-09,2024-12-30,22,21,26547.16,513
SHP001892,SUP0025,WH0004,PRD0081,rail,2024-12-24,2024-12-30,6,6,4412.76,124
SHP001893,SUP0013,WH0010,PRD0049,road,2026-02-28,2026-03-01,1,1,1913.19,173
SHP001894,SUP0012,WH0002,PRD0041,rail,2025-11-17,2025-11-26,9,9,30393.28,584
SHP001895,SUP0007,WH0003,PRD0128,ocean,2025-07-02,2025-07-22,23,20,8247.4,155
SHP001896,SUP0033,WH0009,PRD0132,air,2025-10-07,2025-10-11,4,4,59869.58,184
SHP001897,SUP0016,WH0001,PRD0120,ocean,2025-08-11,2025-09-05,24,25,12664.19,216
SHP001898,SUP0022,WH0004,PRD0128,ocean,2025-09-29,2025-10-06,7,7,1254.21,128
SHP001899,SUP0030,WH0005,PRD0079,ocean,2025-12-30,2026-01-18,18,19,44679.33,1063
SHP001900,SUP0009,WH0008,PRD0128,air,2025-02-09,2025-02-13,5,4,55117.76,116
SHP001901,SUP0024,WH0001,PRD0006,ocean,2025-03-02,2025-03-27,24,25,4196.51,72
SHP001902,SUP0011,WH0001,PRD0024,air,2026-03-05,2026-03-09,5,4,108816.79,224
SHP001903,SUP0028,WH0005,PRD0101,ocean,2026-05-30,2026-06-11,14,12,6935.76,237
SHP001904,SUP0028,WH0004,PRD0130,ocean,2024-11-02,2024-11-18,14,16,3303.2,109
SHP001905,SUP0005,WH0008,PRD0118,air,2025-07-25,2025-07-30,5,5,26887.6,52
SHP001906,SUP0038,WH0008,PRD0062,air,2026-01-27,2026-02-01,6,5,37926.22,64
SHP001907,SUP0008,WH0003,PRD0056,rail,2024-10-30,2024-11-07,10,8,12152.02,211
SHP001908,SUP0005,WH0005,PRD0150,air,2025-10-18,2025-10-24,6,6,41280.86,65
SHP001909,SUP0032,WH0009,PRD0091,ocean,2024-10-18,2024-11-09,23,22,14759.32,264
SHP001910,SUP0030,WH0001,PRD0013,ocean,2025-10-06,2025-11-02,27,27,1912.45,29
SHP001911,SUP0040,WH0004,PRD0013,rail,2025-09-05,2025-09-10,5,5,2210.82,85
SHP001912,SUP0017,WH0005,PRD0073,rail,2025-10-24,2025-11-02,9,9,4802.67,91
SHP001913,SUP0032,WH0009,PRD0127,ocean,2024-12-21,2025-01-13,23,23,10845.86,194
SHP001914,SUP0005,WH0004,PRD0121,ocean,2025-04-30,2025-06-01,34,32,32341.7,377
SHP001915,SUP0025,WH0008,PRD0074,ocean,2025-09-16,2025-09-26,11,10,6616.62,288
SHP001916,SUP0018,WH0004,PRD0138,ocean,2024-11-27,2024-12-12,18,15,25554.1,608
SHP001917,SUP0019,WH0006,PRD0003,ocean,2025-01-31,2025-02-17,20,17,7680.39,162
SHP001918,SUP0034,WH0007,PRD0028,ocean,2025-11-01,2025-11-18,18,17,4256.7,107
SHP001919,SUP0016,WH0007,PRD0111,ocean,2024-11-09,2024-11-30,24,21,4875.84,85
SHP001920,SUP0008,WH0001,PRD0035,rail,2025-09-09,2025-09-16,9,7,16579.63,317
SHP001921,SUP0022,WH0004,PRD0068,air,2026-04-14,2026-04-16,2,2,38434.68,523
SHP001922,SUP0040,WH0001,PRD0094,ocean,2025-07-30,2025-08-04,8,5,854.41,62
SHP001923,SUP0033,WH0002,PRD0104,rail,2025-09-11,2025-09-17,7,6,4365.86,119
SHP001924,SUP0020,WH0005,PRD0094,ocean,2025-08-01,2025-08-09,7,8,1926.93,182
SHP001925,SUP0007,WH0007,PRD0012,ocean,2024-10-15,2024-11-07,22,23,5010.91,98
SHP001926,SUP0011,WH0010,PRD0103,air,2025-08-05,2025-08-10,5,5,87769.9,189
SHP001927,SUP0024,WH0007,PRD0014,ocean,2026-04-12,2026-05-06,24,24,8266.82,145
SHP001928,SUP0031,WH0009,PRD0146,ocean,2026-02-11,2026-03-06,23,23,20513.85,367
SHP001929,SUP0007,WH0003,PRD0144,ocean,2025-06-18,2025-07-10,23,22,3565.0,67
SHP001930,SUP0023,WH0007,PRD0050,air,2026-04-19,2026-04-24,5,5,77192.19,156
SHP001931,SUP0014,WH0009,PRD0093,ocean,2026-02-27,2026-03-19,20,20,13731.09,290
SHP001932,SUP0036,WH0003,PRD0142,ocean,2025-10-28,2025-11-23,23,26,11142.29,207
SHP001933,SUP0003,WH0009,PRD0074,ocean,2024-10-06,2024-10-30,24,24,29987.76,521
SHP001934,SUP0022,WH0001,PRD0019,ocean,2025-05-12,2025-05-25,14,13,9125.52,304
SHP001935,SUP0019,WH0007,PRD0099,road,2024-10-20,2024-10-21,1,1,1376.74,347
SHP001936,SUP0008,WH0009,PRD0130,ocean,2026-08-26,2026-09-10,15,15,6733.22,211
SHP001937,SUP0007,WH0010,PRD0116,air,2026-07-14,2026-07-16,4,2,34894.93,96
SHP001938,SUP0040,WH0002,PRD0141,ocean,2024-10-24,2024-11-15,21,22,10154.19,212
SHP001939,SUP0013,WH0007,PRD0072,road,2026-07-13,2026-07-14,1,1,990.78,193
SHP001940,SUP0034,WH0001,PRD0031,ocean,2024-09-27,2024-10-12,17,15,11021.34,284
SHP001941,SUP0034,WH0010,PRD0033,ocean,2025-06-27,2025-07-12,16,15,11696.14,324
SHP001942,SUP0040,WH0002,PRD0025,air,2026-03-16,2026-03-19,4,3,54961.93,153
SHP001943,SUP0012,WH0008,PRD0101,rail,2026-03-13,2026-03-15,3,2,2184.67,212
SHP001944,SUP0035,WH0005,PRD0096,ocean,2026-08-15,2026-09-15,30,31,7762.47,106
SHP001945,SUP0001,WH0007,PRD0087,air,2025-12-16,2025-12-20,4,4,191673.17,491
SHP001946,SUP0012,WH0010,PRD0143,ocean,2025-07-06,2025-07-27,22,21,13684.96,267
SHP001947,SUP0009,WH0008,PRD0094,ocean,2026-08-25,2026-09-18,26,24,5765.19,91
SHP001948,SUP0002,WH0008,PRD0037,air,2025-06-08,2025-06-12,4,4,62837.02,159
SHP001949,SUP0001,WH0003,PRD0051,ocean,2026-05-28,2026-06-21,23,24,3245.72,60
SHP001950,SUP0021,WH0009,PRD0131,ocean,2026-06-24,2026-07-12,17,18,3626.67,92
SHP001951,SUP0010,WH0002,PRD0103,ocean,2025-06-03,2025-06-23,22,20,19685.69,389
SHP001952,SUP0024,WH0002,PRD0129,ocean,2026-01-12,2026-02-20,38,39,24277.23,255
SHP001953,SUP0028,WH0010,PRD0011,rail,2025-12-28,2025-12-29,2,1,1415.96,254
SHP001954,SUP0031,WH0008,PRD0012,ocean,2025-09-30,2025-11-10,42,41,8098.96,77
SHP001955,SUP0024,WH0009,PRD0010,ocean,2025-12-22,2026-01-15,24,24,23107.31,399
SHP001956,SUP0018,WH0003,PRD0036,ocean,2025-05-14,2025-06-11,26,28,3354.78,53
SHP001957,SUP0032,WH0008,PRD0086,ocean,2025-01-11,2025-01-19,10,8,2556.32,134
SHP001958,SUP0040,WH0004,PRD0122,air,2025-09-29,2025-09-30,2,1,15098.57,129
SHP001959,SUP0009,WH0010,PRD0133,ocean,2025-09-22,2025-10-13,21,21,2777.05,57
SHP001960,SUP0039,WH0004,PRD0117,ocean,2026-02-14,2026-03-03,19,17,5802.03,137
SHP001961,SUP0035,WH0002,PRD0039,ocean,2025-02-12,2025-03-27,41,43,41062.72,400
SHP001962,SUP0017,WH0007,PRD0132,ocean,2024-09-06,2024-09-17,14,11,1288.56,43
SHP001963,SUP0027,WH0008,PRD0036,air,2024-09-20,2024-09-22,2,2,27432.21,199
SHP001964,SUP0003,WH0007,PRD0084,ocean,2025-04-08,2025-05-01,24,23,16720.81,290
SHP001965,SUP0032,WH0005,PRD0082,ocean,2026-01-05,2026-01-19,15,14,18406.05,548
SHP001966,SUP0036,WH0004,PRD0042,air,2025-10-04,2025-10-07,3,3,35059.24,110
SHP001967,SUP0034,WH0007,PRD0101,air,2025-09-25,2025-09-28,3,3,73696.67,247
SHP001968,SUP0036,WH0003,PRD0077,ocean,2026-04-24,2026-05-15,23,21,4521.51,84
SHP001969,SUP0005,WH0003,PRD0087,ocean,2025-03-02,2025-03-26,23,24,6772.42,125
SHP001970,SUP0003,WH0010,PRD0130,ocean,2025-05-13,2025-06-05,23,23,4817.27,89
SHP001971,SUP0027,WH0002,PRD0131,rail,2025-03-23,2025-03-24,3,1,1587.84,123
SHP001972,SUP0006,WH0009,PRD0137,air,2026-07-16,2026-07-19,4,3,26675.26,81
SHP001973,SUP0002,WH0004,PRD0126,ocean,2026-02-12,2026-02-27,14,15,4681.6,155
SHP001974,SUP0004,WH0004,PRD0145,ocean,2024-11-24,2024-12-29,35,35,23706.82,273
SHP001975,SUP0019,WH0003,PRD0077,road,2026-04-14,2026-04-15,1,1,501.91,61
SHP001976,SUP0014,WH0001,PRD0122,air,2025-07-05,2025-07-09,4,4,135520.13,379
SHP001977,SUP0020,WH0010,PRD0005,ocean,2026-03-14,2026-03-26,14,12,3944.17,131
SHP001978,SUP0020,WH0004,PRD0095,air,2026-06-07,2026-06-08,2,1,9535.88,118
SHP001979,SUP0008,WH0007,PRD0085,air,2024-09-15,2024-09-17,3,2,10922.79,45
SHP001980,SUP0005,WH0007,PRD0029,ocean,2025-01-31,2025-02-20,23,20,7798.43,140
SHP001981,SUP0029,WH0009,PRD0107,rail,2024-11-16,2024-11-18,2,2,757.16,126
SHP001982,SUP0015,WH0008,PRD0150,rail,2024-09-28,2024-10-07,9,9,3818.95,76
SHP001983,SUP0012,WH0005,PRD0079,ocean,2025-11-11,2025-11-29,20,18,2750.74,58
SHP001984,SUP0034,WH0004,PRD0007,ocean,2026-01-27,2026-02-06,8,10,2968.97,211
SHP001985,SUP0001,WH0005,PRD0122,ocean,2024-10-09,2024-10-27,19,18,5451.53,126
SHP001986,SUP0031,WH0010,PRD0068,ocean,2026-02-23,2026-03-21,25,26,5865.29,99
SHP001987,SUP0031,WH0008,PRD0149,ocean,2025-06-23,2025-08-04,42,42,36077.2,343
SHP001988,SUP0014,WH0007,PRD0148,ocean,2025-02-21,2025-03-13,20,20,11781.66,254
SHP001989,SUP0013,WH0006,PRD0059,ocean,2025-02-08,2025-03-01,20,21,9045.15,190
SHP001990,SUP0039,WH0001,PRD0014,air,2026-05-24,2026-05-28,4,4,45050.79,116
SHP001991,SUP0004,WH0002,PRD0150,air,2024-10-14,2024-10-20,7,6,94286.25,129
SHP001992,SUP0035,WH0006,PRD0123,ocean,2025-09-04,2025-09-21,19,17,16471.88,372
SHP001993,SUP0031,WH0006,PRD0044,air,2025-04-02,2025-04-05,4,3,93273.81,284
SHP001994,SUP0025,WH0004,PRD0135,ocean,2026-04-19,2026-04-30,11,11,3886.08,182
SHP001995,SUP0021,WH0010,PRD0098,ocean,2026-02-17,2026-03-07,16,18,15268.9,422
SHP001996,SUP0013,WH0003,PRD0038,road,2025-04-23,2025-04-24,1,1,2971.43,354
SHP001997,SUP0030,WH0007,PRD0063,ocean,2025-11-12,2025-12-09,27,27,13540.78,203
SHP001998,SUP0024,WH0009,PRD0009,ocean,2026-01-05,2026-01-29,24,24,4806.78,83
SHP001999,SUP0035,WH0005,PRD0147,ocean,2025-04-24,2025-05-23,30,29,1977.23,27
SHP002000,SUP0018,WH0009,PRD0029,ocean,2025-04-11,2025-05-07,25,26,19800.81,324
SHP002001,SUP0039,WH0006,PRD0049,ocean,2024-12-17,2025-01-08,27,22,15894.18,247
SHP002002,SUP0031,WH0006,PRD0005,ocean,2025-12-27,2026-01-17,19,21,2846.38,65
SHP002003,SUP0024,WH0010,PRD0113,ocean,2025-02-11,2025-03-05,25,22,10167.63,169
SHP002004,SUP0040,WH0003,PRD0081,ocean,2025-04-10,2025-04-20,9,10,6997.94,416
SHP002005,SUP0030,WH0008,PRD0108,air,2024-10-18,2024-10-19,2,1,35763.19,186
SHP002006,SUP0034,WH0006,PRD0039,ocean,2026-07-24,2026-08-27,32,34,45650.14,572
SHP002007,SUP0034,WH0009,PRD0106,ocean,2026-06-04,2026-06-23,17,19,21124.75,537
SHP002008,SUP0002,WH0010,PRD0053,rail,2026-06-27,2026-06-29,2,2,502.61,72
SHP002009,SUP0012,WH0001,PRD0106,ocean,2025-12-02,2025-12-23,23,21,10672.23,199
SHP002010,SUP0004,WH0003,PRD0129,ocean,2025-07-11,2025-08-02,23,22,5969.78,109
SHP002011,SUP0012,WH0010,PRD0121,ocean,2025-08-29,2025-09-20,22,22,8251.98,161
SHP002012,SUP0002,WH0004,PRD0016,rail,2026-08-10,2026-08-17,9,7,12887.0,256
SHP002013,SUP0040,WH0005,PRD0036,ocean,2026-07-19,2026-07-28,8,9,2246.55,154
SHP002014,SUP0027,WH0003,PRD0133,ocean,2026-01-04,2026-02-02,25,29,44165.51,741
SHP002015,SUP0008,WH0003,PRD0054,ocean,2026-03-28,2026-04-12,16,15,15860.97,459
SHP002016,SUP0036,WH0006,PRD0144,air,2025-04-23,2025-04-27,5,4,33119.98,69
SHP002017,SUP0012,WH0001,PRD0084,ocean,2025-07-03,2025-07-27,23,24,13031.92,243
SHP002018,SUP0038,WH0007,PRD0123,ocean,2024-12-21,2025-01-15,23,25,4078.33,73
SHP002019,SUP0022,WH0004,PRD0135,ocean,2025-06-04,2025-06-10,7,6,1616.76,165
SHP002020,SUP0018,WH0009,PRD0097,ocean,2026-03-05,2026-03-31,25,26,30434.58,498
SHP002021,SUP0022,WH0010,PRD0081,air,2025-08-13,2025-08-15,3,2,36245.44,177
SHP002022,SUP0015,WH0001,PRD0045,ocean,2026-05-13,2026-05-30,17,17,8333.64,212
SHP002023,SUP0028,WH0004,PRD0118,ocean,2025-04-10,2025-04-22,14,12,4969.96,164
SHP002024,SUP0010,WH0004,PRD0137,ocean,2026-01-30,2026-02-09,9,10,3938.45,245
SHP002025,SUP0032,WH0007,PRD0088,ocean,2026-04-11,2026-05-02,24,21,13506.97,241
SHP002026,SUP0033,WH0003,PRD0140,ocean,2026-06-30,2026-07-23,20,23,1549.24,34
SHP002027,SUP0011,WH0007,PRD0091,air,2025-10-17,2025-10-21,5,4,78642.04,160
SHP002028,SUP0029,WH0006,PRD0068,ocean,2026-08-07,2026-08-28,21,21,3105.41,63
SHP002029,SUP0018,WH0001,PRD0124,ocean,2025-10-13,2025-11-09,25,27,19804.25,327
SHP002030,SUP0013,WH0007,PRD0050,rail,2024-12-10,2024-12-12,1,2,188.23,66
SHP002031,SUP0006,WH0010,PRD0064,air,2025-02-27,2025-03-01,3,2,53814.64,177
SHP002032,SUP0007,WH0007,PRD0072,ocean,2025-01-29,2025-02-19,22,21,19583.45,383
SHP002033,SUP0039,WH0010,PRD0143,ocean,2025-12-17,2026-01-10,21,24,17608.2,358
SHP002034,SUP0008,WH0002,PRD0077,air,2026-07-05,2026-07-07,3,2,76141.95,351
SHP002035,SUP0013,WH0004,PRD0058,ocean,2026-05-12,2026-05-25,14,13,1155.39,39
SHP002036,SUP0015,WH0002,PRD0077,rail,2024-11-10,2024-11-15,6,5,4674.21,132
SHP002037,SUP0012,WH0002,PRD0074,rail,2026-02-12,2026-02-21,9,9,7598.32,146
SHP002038,SUP0013,WH0006,PRD0054,ocean,2025-01-20,2025-02-08,20,19,8140.63,171
SHP002039,SUP0004,WH0007,PRD0126,ocean,2025-03-17,2025-04-07,24,21,5472.35,97
SHP002040,SUP0011,WH0003,PRD0082,ocean,2026-01-06,2026-02-02,28,27,7258.98,107
SHP002041,SUP0029,WH0002,PRD0123,air,2025-11-15,2025-11-18,4,3,157807.77,369
SHP002042,SUP0030,WH0004,PRD0090,ocean,2026-05-31,2026-06-16,18,16,28701.05,692
SHP002043,SUP0023,WH0010,PRD0144,ocean,2025-01-18,2025-02-13,26,26,6609.16,106
SHP002044,SUP0027,WH0001,PRD0071,ocean,2026-03-10,2026-04-03,24,24,5095.94,90
SHP002045,SUP0036,WH0007,PRD0074,ocean,2026-02-11,2026-03-02,22,19,6365.11,123
SHP002046,SUP0006,WH0007,PRD0032,air,2025-10-14,2025-10-18,4,4,85059.06,259
SHP002047,SUP0035,WH0004,PRD0147,ocean,2025-08-18,2025-09-18,30,31,9616.96,131
SHP002048,SUP0006,WH0005,PRD0140,air,2026-05-28,2026-05-31,3,3,38651.6,174
SHP002049,SUP0010,WH0008,PRD0098,air,2025-05-03,2025-05-07,4,4,64167.02,159
SHP002050,SUP0010,WH0007,PRD0102,air,2026-07-30,2026-08-01,2,2,10262.93,71
SHP002051,SUP0032,WH0005,PRD0089,air,2024-09-15,2024-09-18,3,3,61213.55,243
SHP002052,SUP0006,WH0007,PRD0038,ocean,2026-07-16,2026-08-06,19,21,5210.83,119
SHP002053,SUP0006,WH0003,PRD0075,ocean,2026-08-03,2026-08-22,20,19,20821.52,452
SHP002054,SUP0014,WH0009,PRD0011,air,2024-11-28,2024-12-01,4,3,36576.79,103
SHP002055,SUP0002,WH0004,PRD0074,rail,2026-08-30,2026-09-07,9,8,9614.91,191
SHP002056,SUP0031,WH0002,PRD0021,ocean,2025-08-17,2025-09-29,41,43,12404.37,120
SHP002057,SUP0004,WH0003,PRD0089,ocean,2025-02-27,2025-03-22,23,23,37461.72,684
SHP002058,SUP0007,WH0004,PRD0114,ocean,2025-11-16,2025-12-04,18,18,8886.44,211
SHP002059,SUP0033,WH0001,PRD0066,ocean,2025-01-30,2025-02-17,19,18,1799.06,42
SHP002060,SUP0035,WH0007,PRD0123,ocean,2026-06-30,2026-07-21,23,21,9801.43,176
SHP002061,SUP0018,WH0002,PRD0055,ocean,2025-10-09,2025-10-16,8,7,554.9,40
SHP002062,SUP0012,WH0002,PRD0052,ocean,2026-03-21,2026-04-03,14,13,6151.52,197
SHP002063,SUP0022,WH0001,PRD0138,ocean,2025-06-07,2025-06-20,14,13,12727.7,424
SHP002064,SUP0016,WH0010,PRD0070,air,2025-09-26,2025-09-30,5,4,67658.61,149
SHP002065,SUP0006,WH0008,PRD0144,ocean,2025-05-22,2025-05-30,8,8,785.9,64
SHP002066,SUP0003,WH0004,PRD0070,rail,2025-03-12,2025-03-22,10,10,14788.85,251
SHP002067,SUP0036,WH0003,PRD0036,ocean,2025-09-11,2025-10-03,23,22,13941.32,259
SHP002068,SUP0018,WH0003,PRD0028,ocean,2025-08-31,2025-09-25,26,25,49182.27,777
SHP002069,SUP0025,WH0005,PRD0062,rail,2024-11-14,2024-11-21,6,7,7528.0,210
SHP002070,SUP0012,WH0005,PRD0063,ocean,2026-08-17,2026-09-05,20,19,6450.02,136
SHP002071,SUP0038,WH0002,PRD0013,ocean,2025-08-10,2025-09-03,24,24,21127.74,375
SHP002072,SUP0016,WH0005,PRD0136,ocean,2026-05-06,2026-06-12,35,37,5794.53,67
SHP002073,SUP0030,WH0007,PRD0058,air,2026-06-29,2026-07-04,5,5,94051.72,188
SHP002074,SUP0038,WH0009,PRD0060,ocean,2025-05-31,2025-06-22,23,22,8816.05,161
SHP002075,SUP0012,WH0006,PRD0014,ocean,2025-07-01,2025-07-25,25,24,25923.71,436
SHP002076,SUP0023,WH0006,PRD0026,air,2025-10-17,2025-10-23,6,6,32888.9,49
SHP002077,SUP0002,WH0003,PRD0106,road,2025-02-11,2025-02-12,1,1,1101.7,165
SHP002078,SUP0001,WH0001,PRD0085,ocean,2024-12-18,2025-01-08,22,21,11077.01,213
SHP002079,SUP0011,WH0008,PRD0121,ocean,2025-03-12,2025-03-21,12,9,3650.22,145
SHP002080,SUP0026,WH0006,PRD0026,ocean,2026-07-14,2026-08-08,27,25,30662.6,472
SHP002081,SUP0034,WH0010,PRD0036,ocean,2025-10-29,2025-11-12,16,14,4801.19,133
SHP002082,SUP0024,WH0005,PRD0002,ocean,2025-07-04,2025-08-09,35,36,13336.85,155
SHP002083,SUP0018,WH0007,PRD0141,air,2024-12-23,2024-12-27,5,4,82829.2,181
SHP002084,SUP0006,WH0005,PRD0041,rail,2025-05-01,2025-05-09,8,8,16043.13,325
SHP002085,SUP0002,WH0005,PRD0105,ocean,2025-06-06,2025-06-22,14,16,2685.85,92
SHP002086,SUP0038,WH0010,PRD0122,ocean,2026-05-02,2026-05-25,23,23,8988.87,163
SHP002087,SUP0034,WH0001,PRD0123,ocean,2025-09-01,2025-09-18,17,17,3958.37,102
SHP002088,SUP0002,WH0007,PRD0052,road,2025-12-23,2025-12-24,1,1,604.01,126
SHP002089,SUP0024,WH0001,PRD0074,ocean,2026-01-14,2026-02-06,24,23,7693.59,132
SHP002090,SUP0015,WH0010,PRD0083,ocean,2025-03-09,2025-03-28,16,19,11680.32,319
SHP002091,SUP0028,WH0010,PRD0074,road,2026-04-23,2026-04-24,1,1,2438.34,243
SHP002092,SUP0028,WH0008,PRD0016,ocean,2026-08-06,2026-08-27,22,21,22723.22,444
SHP002093,SUP0007,WH0008,PRD0023,road,2025-12-13,2025-12-14,1,1,79.95,58
SHP002094,SUP0001,WH0004,PRD0147,ocean,2025-08-26,2025-09-16,19,21,7752.54,178
SHP002095,SUP0001,WH0002,PRD0060,ocean,2025-01-04,2025-01-18,13,14,5454.24,200
SHP002096,SUP0007,WH0009,PRD0137,ocean,2026-04-04,2026-04-23,22,19,20567.43,399
SHP002097,SUP0012,WH0004,PRD0010,air,2025-01-04,2025-01-08,4,4,60555.71,169
SHP002098,SUP0038,WH0005,PRD0045,ocean,2026-02-08,2026-02-27,18,19,6844.29,163
SHP002099,SUP0002,WH0008,PRD0107,air,2025-08-24,2025-08-27,4,3,28849.7,73
SHP002100,SUP0019,WH0008,PRD0046,ocean,2026-07-01,2026-07-22,22,21,7432.74,143
SHP002101,SUP0003,WH0010,PRD0010,ocean,2025-10-02,2025-10-22,23,20,37509.75,693
SHP002102,SUP0038,WH0009,PRD0102,ocean,2025-12-13,2026-01-02,23,20,2573.63,47
SHP002103,SUP0039,WH0007,PRD0127,ocean,2024-10-16,2024-11-07,22,22,14370.55,277
SHP002104,SUP0014,WH0006,PRD0048,rail,2024-09-28,2024-09-30,1,2,377.3,273
SHP002105,SUP0028,WH0009,PRD0075,road,2026-05-11,2026-05-12,1,1,930.52,278
SHP002106,SUP0008,WH0003,PRD0010,rail,2026-07-22,2026-08-01,10,10,29717.73,516
SHP002107,SUP0034,WH0001,PRD0003,ocean,2026-01-02,2026-01-20,17,18,4307.64,111
SHP002108,SUP0040,WH0005,PRD0077,ocean,2026-03-12,2026-03-18,8,6,3851.23,264
SHP002109,SUP0035,WH0001,PRD0146,ocean,2025-06-30,2025-07-25,24,25,6164.39,110
SHP002110,SUP0018,WH0003,PRD0028,air,2026-05-08,2026-05-13,5,5,21362.95,45
SHP002111,SUP0028,WH0009,PRD0086,road,2025-02-19,2025-02-20,1,1,1529.67,457
SHP002112,SUP0032,WH0003,PRD0073,air,2026-01-30,2026-02-02,4,3,78786.81,180
SHP002113,SUP0007,WH0001,PRD0117,air,2024-09-10,2024-09-14,4,4,84230.31,220
SHP002114,SUP0020,WH0010,PRD0140,ocean,2025-09-06,2025-09-18,14,12,4817.31,160
SHP002115,SUP0030,WH0005,PRD0135,ocean,2025-06-01,2025-06-18,18,17,8027.99,191
SHP002116,SUP0025,WH0005,PRD0127,rail,2025-11-26,2025-12-02,6,6,8961.91,250
SHP002117,SUP0031,WH0010,PRD0035,ocean,2026-01-01,2026-01-26,25,25,5746.8,97
SHP002118,SUP0039,WH0009,PRD0130,air,2025-11-25,2025-11-29,4,4,119599.62,305
SHP002119,SUP0012,WH0010,PRD0120,air,2025-08-20,2025-08-24,4,4,56508.13,147
SHP002120,SUP0002,WH0003,PRD0070,road,2025-08-24,2025-08-25,1,1,587.57,88
SHP002121,SUP0025,WH0002,PRD0050,rail,2024-09-08,2024-09-13,5,5,4250.64,152
SHP002122,SUP0012,WH0003,PRD0029,ocean,2025-10-09,2025-10-31,23,22,9699.6,175
SHP002123,SUP0020,WH0007,PRD0085,air,2024-09-12,2024-09-15,3,3,120131.54,474
SHP002124,SUP0005,WH0007,PRD0042,ocean,2025-09-23,2025-10-17,23,24,8578.28,154
SHP002125,SUP0029,WH0007,PRD0118,road,2025-03-22,2025-03-23,1,1,8494.07,745
SHP002126,SUP0032,WH0010,PRD0066,ocean,2026-08-14,2026-09-06,22,23,2361.57,45
SHP002127,SUP0026,WH0005,PRD0048,ocean,2024-09-16,2024-09-24,8,8,11316.29,777
SHP002128,SUP0022,WH0001,PRD0004,ocean,2026-04-17,2026-05-02,14,15,3121.89,104
SHP002129,SUP0022,WH0009,PRD0087,air,2026-01-06,2026-01-09,3,3,31391.28,137
SHP002130,SUP0013,WH0003,PRD0076,road,2026-04-12,2026-04-13,1,1,1762.71,210
SHP002131,SUP0019,WH0003,PRD0146,road,2026-06-26,2026-06-27,1,1,1505.73,183
SHP002132,SUP0029,WH0003,PRD0050,road,2024-11-20,2024-11-21,1,1,3901.77,214
SHP002133,SUP0033,WH0002,PRD0045,ocean,2024-11-12,2024-11-23,11,11,4578.65,208
SHP002134,SUP0015,WH0004,PRD0104,air,2024-12-21,2024-12-23,2,2,8167.64,77
SHP002135,SUP0022,WH0006,PRD0110,ocean,2025-01-21,2025-02-17,30,27,13856.02,191
SHP002136,SUP0016,WH0005,PRD0132,ocean,2025-09-21,2025-10-27,35,36,16518.74,191
SHP002137,SUP0005,WH0008,PRD0084,ocean,2026-04-18,2026-05-14,28,26,19648.63,285
SHP002138,SUP0023,WH0009,PRD0023,ocean,2025-03-17,2025-04-10,27,24,15714.97,239
SHP002139,SUP0011,WH0007,PRD0103,ocean,2025-06-19,2025-07-15,27,26,7667.6,117
SHP002140,SUP0008,WH0010,PRD0025,ocean,2025-06-01,2025-06-16,14,15,1893.07,66
SHP002141,SUP0020,WH0007,PRD0048,ocean,2025-06-25,2025-07-08,15,13,9461.84,280
SHP002142,SUP0034,WH0007,PRD0036,ocean,2025-10-19,2025-11-05,18,17,3182.58,80
SHP002143,SUP0036,WH0002,PRD0123,ocean,2026-08-23,2026-09-04,13,12,3410.96,130
SHP002144,SUP0002,WH0001,PRD0083,road,2025-02-14,2025-02-15,1,1,1367.31,340
SHP002145,SUP0036,WH0001,PRD0064,ocean,2026-01-13,2026-02-04,22,22,44843.85,868
SHP002146,SUP0018,WH0007,PRD0002,ocean,2026-05-12,2026-06-08,25,27,43504.4,713
SHP002147,SUP0010,WH0005,PRD0067,air,2025-12-22,2025-12-24,2,2,16972.37,146
SHP002148,SUP0040,WH0005,PRD0099,rail,2026-05-20,2026-05-23,5,3,21833.39,898
SHP002149,SUP0032,WH0003,PRD0061,ocean,2026-03-09,2026-04-03,24,25,16691.13,286
SHP002150,SUP0021,WH0001,PRD0115,air,2024-11-10,2024-11-13,3,3,22458.72,77
SHP002151,SUP0018,WH0006,PRD0069,ocean,2025-06-06,2025-07-06,31,30,10167.39,131
SHP002152,SUP0019,WH0005,PRD0085,ocean,2025-10-10,2025-10-20,14,10,3356.76,117
SHP002153,SUP0021,WH0010,PRD0078,ocean,2024-10-14,2024-10-30,16,16,2858.4,79
SHP002154,SUP0040,WH0007,PRD0150,ocean,2024-09-10,2024-09-18,9,8,6151.75,410
SHP002155,SUP0037,WH0009,PRD0147,ocean,2025-01-06,2025-01-26,20,20,2522.64,55
SHP002156,SUP0032,WH0008,PRD0003,ocean,2025-09-01,2025-09-09,10,8,3357.56,176
SHP002157,SUP0021,WH0008,PRD0067,ocean,2025-07-16,2025-07-26,14,10,3967.37,133
SHP002158,SUP0020,WH0003,PRD0093,air,2026-03-27,2026-03-30,3,3,64527.82,239
SHP002159,SUP0007,WH0007,PRD0061,ocean,2025-10-19,2025-11-08,22,20,4243.93,83
SHP002160,SUP0016,WH0005,PRD0016,air,2026-05-19,2026-05-25,6,6,35026.66,54
SHP002161,SUP0020,WH0008,PRD0031,air,2024-11-12,2024-11-14,3,2,23282.83,99
SHP002162,SUP0029,WH0004,PRD0120,air,2025-09-22,2025-09-24,3,2,39986.62,196
SHP002163,SUP0020,WH0001,PRD0079,air,2024-10-04,2024-10-07,3,3,53672.88,218
SHP002164,SUP0015,WH0003,PRD0041,air,2025-02-04,2025-02-07,3,3,52256.52,164
SHP002165,SUP0035,WH0001,PRD0104,air,2026-05-27,2026-05-31,4,4,171902.4,409
SHP002166,SUP0027,WH0009,PRD0129,ocean,2026-06-10,2026-07-03,24,23,6518.49,114
SHP002167,SUP0025,WH0004,PRD0080,ocean,2025-08-15,2025-08-28,11,13,12085.27,566
SHP002168,SUP0004,WH0006,PRD0031,ocean,2024-10-07,2024-10-10,7,3,3627.62,321
SHP002169,SUP0005,WH0008,PRD0076,ocean,2024-10-27,2024-11-24,28,28,4894.92,71
SHP002170,SUP0032,WH0004,PRD0095,air,2026-07-07,2026-07-09,3,2,59364.95,238
SHP002171,SUP0021,WH0006,PRD0057,ocean,2026-06-18,2026-07-19,32,31,14780.38,185
SHP002172,SUP0036,WH0010,PRD0057,ocean,2025-10-18,2025-11-04,21,17,9962.61,203
SHP002173,SUP0006,WH0009,PRD0035,ocean,2024-09-27,2024-10-15,19,18,7420.77,169
SHP002174,SUP0031,WH0010,PRD0123,ocean,2026-07-10,2026-08-05,25,26,19669.47,332
SHP002175,SUP0028,WH0005,PRD0040,ocean,2025-04-20,2025-05-03,14,13,3980.01,136
SHP002176,SUP0015,WH0003,PRD0117,ocean,2026-08-03,2026-08-20,19,17,5225.65,123
SHP002177,SUP0036,WH0006,PRD0096,air,2025-11-04,2025-11-09,5,5,131039.94,273
SHP002178,SUP0014,WH0008,PRD0107,air,2026-03-04,2026-03-10,5,6,235189.41,495
SHP002179,SUP0023,WH0001,PRD0141,air,2026-02-03,2026-02-08,5,5,57211.79,117
SHP002180,SUP0004,WH0001,PRD0121,ocean,2025-06-20,2025-07-13,24,23,16032.28,278
SHP002181,SUP0025,WH0009,PRD0138,ocean,2024-10-29,2024-11-16,19,18,8638.43,197
SHP002182,SUP0033,WH0005,PRD0056,ocean,2024-12-30,2025-01-13,14,14,2161.74,75
SHP002183,SUP0001,WH0010,PRD0064,ocean,2025-02-25,2025-03-14,21,17,10040.06,203
SHP002184,SUP0008,WH0003,PRD0021,ocean,2026-05-02,2026-05-17,16,15,10850.43,314
SHP002185,SUP0018,WH0010,PRD0135,ocean,2025-06-13,2025-07-04,24,21,18760.01,325
SHP002186,SUP0006,WH0006,PRD0115,ocean,2026-06-16,2026-07-12,28,26,9288.54,134
SHP002187,SUP0016,WH0003,PRD0136,ocean,2025-05-02,2025-05-24,23,22,9595.52,172
SHP002188,SUP0011,WH0009,PRD0093,ocean,2026-03-06,2026-04-02,27,27,20512.72,314
SHP002189,SUP0036,WH0008,PRD0020,road,2024-12-14,2024-12-15,1,1,199.28,179
SHP002190,SUP0024,WH0004,PRD0145,ocean,2026-08-22,2026-09-28,35,37,23269.29,267
SHP002191,SUP0012,WH0004,PRD0029,ocean,2026-02-11,2026-03-05,21,22,18298.1,383
SHP002192,SUP0039,WH0002,PRD0016,ocean,2025-09-02,2025-09-14,12,12,2407.79,93
SHP002193,SUP0033,WH0003,PRD0141,ocean,2026-08-12,2026-09-02,20,21,19502.17,428
SHP002194,SUP0008,WH0007,PRD0130,ocean,2024-10-12,2024-10-26,15,14,7443.68,230
SHP002195,SUP0027,WH0009,PRD0052,ocean,2025-07-18,2025-08-08,24,21,17096.74,299
SHP002196,SUP0006,WH0008,PRD0147,ocean,2026-05-05,2026-05-09,8,4,1240.24,101
SHP002197,SUP0003,WH0008,PRD0138,air,2025-05-09,2025-05-10,2,1,8925.08,65
SHP002198,SUP0032,WH0010,PRD0039,ocean,2026-03-16,2026-04-05,22,20,15796.26,301
SHP002199,SUP0022,WH0006,PRD0043,air,2026-07-29,2026-08-03,5,5,87597.6,161
SHP002200,SUP0011,WH0010,PRD0084,ocean,2025-06-19,2025-07-18,26,29,38080.06,615
SHP002201,SUP0004,WH0001,PRD0134,ocean,2026-03-19,2026-04-10,24,22,17474.04,303
SHP002202,SUP0027,WH0004,PRD0114,ocean,2024-09-25,2024-10-11,16,16,13409.97,384
SHP002203,SUP0009,WH0002,PRD0030,ocean,2025-03-21,2025-04-27,36,37,10985.02,123
SHP002204,SUP0019,WH0009,PRD0053,road,2026-08-25,2026-08-26,1,1,304.2,338
SHP002205,SUP0032,WH0006,PRD0150,ocean,2025-08-26,2025-09-26,33,31,4716.97,57
SHP002206,SUP0016,WH0001,PRD0126,ocean,2025-05-20,2025-06-13,24,24,24390.29,416
SHP002207,SUP0027,WH0005,PRD0024,rail,2026-07-19,2026-07-29,10,10,5991.14,102
SHP002208,SUP0038,WH0003,PRD0131,ocean,2025-07-14,2025-08-06,23,23,4342.19,78
SHP002209,SUP0002,WH0005,PRD0115,ocean,2026-01-10,2026-01-26,14,16,3065.38,105
SHP002210,SUP0034,WH0003,PRD0015,ocean,2025-12-27,2026-01-13,18,17,35516.04,846
SHP002211,SUP0040,WH0003,PRD0117,ocean,2024-11-05,2024-11-13,9,8,1127.07,67
SHP002212,SUP0016,WH0006,PRD0034,ocean,2025-11-27,2025-12-03,7,6,1874.95,162
SHP002213,SUP0026,WH0006,PRD0132,ocean,2026-04-06,2026-05-03,27,27,9549.58,147
SHP002214,SUP0002,WH0007,PRD0107,road,2026-02-03,2026-02-04,1,1,906.02,189
SHP002215,SUP0012,WH0002,PRD0117,ocean,2024-11-02,2024-11-16,14,14,7306.88,234
SHP002216,SUP0035,WH0005,PRD0145,ocean,2024-12-24,2025-01-24,30,31,4686.78,64
SHP002217,SUP0005,WH0001,PRD0015,ocean,2026-02-02,2026-02-26,24,24,14187.63,249
SHP002218,SUP0018,WH0008,PRD0144,rail,2025-12-08,2025-12-12,5,4,2376.24,100
SHP002219,SUP0017,WH0003,PRD0119,ocean,2026-02-22,2026-03-05,14,11,19614.64,669
SHP002220,SUP0029,WH0007,PRD0079,road,2025-04-21,2025-04-22,1,1,1254.16,110
SHP002221,SUP0012,WH0001,PRD0006,ocean,2024-11-20,2024-12-11,23,21,12442.0,232
SHP002222,SUP0039,WH0005,PRD0102,ocean,2024-09-07,2024-09-25,18,18,7871.28,187
SHP002223,SUP0008,WH0005,PRD0066,rail,2025-04-15,2025-04-18,3,3,2862.19,183
SHP002224,SUP0027,WH0004,PRD0001,air,2025-05-23,2025-05-26,3,3,40334.68,154
SHP002225,SUP0020,WH0008,PRD0056,air,2025-03-18,2025-03-21,3,3,59735.74,254
SHP002226,SUP0027,WH0006,PRD0149,ocean,2024-12-09,2025-01-11,33,33,22649.14,275
SHP002227,SUP0003,WH0004,PRD0019,ocean,2025-01-18,2025-02-01,16,14,14600.31,413
SHP002228,SUP0023,WH0009,PRD0012,ocean,2025-07-26,2025-08-20,27,25,17950.57,273
SHP002229,SUP0001,WH0010,PRD0109,air,2025-10-11,2025-10-15,4,4,43399.78,117
SHP002230,SUP0024,WH0004,PRD0089,ocean,2025-06-27,2025-08-02,35,36,3921.79,45
SHP002231,SUP0004,WH0009,PRD0017,air,2024-09-23,2024-09-26,4,3,118127.43,275
SHP002232,SUP0001,WH0010,PRD0139,air,2025-05-18,2025-05-21,4,3,122780.57,331
SHP002233,SUP0035,WH0006,PRD0016,ocean,2024-11-10,2024-12-01,19,21,17888.82,404
SHP002234,SUP0024,WH0003,PRD0018,air,2025-11-12,2025-11-16,4,4,17887.96,43
SHP002235,SUP0032,WH0009,PRD0121,ocean,2025-04-27,2025-05-19,23,22,5870.18,105
SHP002236,SUP0011,WH0008,PRD0009,ocean,2025-06-10,2025-06-20,12,10,24066.25,956
SHP002237,SUP0021,WH0001,PRD0074,ocean,2025-04-03,2025-04-18,17,15,6650.11,171
SHP002238,SUP0018,WH0009,PRD0105,air,2025-06-12,2025-06-16,5,4,30251.24,66
SHP002239,SUP0012,WH0007,PRD0047,ocean,2024-11-04,2024-11-26,23,22,26172.51,489
SHP002240,SUP0030,WH0010,PRD0035,air,2026-06-20,2026-06-25,5,5,59621.56,126
SHP002241,SUP0022,WH0002,PRD0108,rail,2026-06-23,2026-06-29,9,6,27114.98,539
SHP002242,SUP0030,WH0001,PRD0096,ocean,2026-08-15,2026-09-08,27,24,24664.04,374
SHP002243,SUP0011,WH0001,PRD0098,ocean,2025-10-24,2025-11-22,27,29,5894.24,91
SHP002244,SUP0005,WH0007,PRD0115,ocean,2025-01-05,2025-01-28,23,23,8689.68,156
SHP002245,SUP0005,WH0006,PRD0097,ocean,2025-06-07,2025-06-14,7,7,464.88,48
SHP002246,SUP0034,WH0003,PRD0097,ocean,2024-12-13,2025-01-02,18,20,27245.76,649
SHP002247,SUP0010,WH0003,PRD0021,ocean,2025-04-10,2025-04-20,10,10,1882.98,93
SHP002248,SUP0019,WH0009,PRD0139,rail,2025-08-28,2025-08-30,1,2,227.0,454
SHP002249,SUP0017,WH0009,PRD0035,rail,2024-10-19,2024-10-27,8,8,8486.39,176
SHP002250,SUP0029,WH0002,PRD0090,ocean,2025-07-16,2025-08-10,24,25,6956.66,122
SHP002251,SUP0008,WH0007,PRD0031,ocean,2025-07-06,2025-07-19,15,13,9223.69,285
SHP002252,SUP0016,WH0006,PRD0046,ocean,2025-08-21,2025-08-26,7,5,1736.06,150
SHP002253,SUP0039,WH0004,PRD0138,ocean,2024-10-29,2024-11-15,19,17,2159.88,51
SHP002254,SUP0015,WH0010,PRD0101,ocean,2025-03-05,2025-03-19,16,14,9263.7,253
SHP002255,SUP0020,WH0006,PRD0136,ocean,2025-03-02,2025-04-01,30,30,8599.2,115
SHP002256,SUP0023,WH0010,PRD0033,ocean,2025-12-01,2025-12-27,26,26,18393.42,295
SHP002257,SUP0014,WH0010,PRD0058,ocean,2025-11-09,2025-11-30,21,21,3553.26,72
SHP002258,SUP0024,WH0006,PRD0001,rail,2025-01-23,2025-01-26,4,3,1475.47,80
SHP002259,SUP0039,WH0010,PRD0006,ocean,2024-11-20,2024-12-09,21,19,20706.85,421
SHP002260,SUP0007,WH0007,PRD0077,ocean,2025-04-13,2025-05-03,22,20,3170.17,62
SHP002261,SUP0019,WH0007,PRD0119,road,2026-07-24,2026-07-25,1,1,357.08,90
SHP002262,SUP0039,WH0007,PRD0140,ocean,2025-05-03,2025-05-24,22,21,5499.2,106
SHP002263,SUP0017,WH0010,PRD0109,rail,2025-11-28,2025-12-07,9,9,11383.25,226
SHP002264,SUP0004,WH0006,PRD0137,air,2026-04-10,2026-04-12,2,2,35767.68,422
SHP002265,SUP0037,WH0006,PRD0098,rail,2025-05-01,2025-05-02,1,1,201.93,67
SHP002266,SUP0021,WH0002,PRD0059,ocean,2025-05-05,2025-05-15,11,10,3727.67,173
SHP002267,SUP0029,WH0010,PRD0064,rail,2026-04-19,2026-04-20,1,1,51.0,102
SHP002268,SUP0027,WH0003,PRD0118,ocean,2026-05-21,2026-06-15,25,25,11086.08,186
SHP002269,SUP0008,WH0006,PRD0089,ocean,2026-08-12,2026-09-12,30,31,5619.12,76
SHP002270,SUP0012,WH0002,PRD0040,air,2024-12-11,2024-12-14,3,3,9133.6,39
SHP002271,SUP0011,WH0002,PRD0071,rail,2025-04-24,2025-04-27,2,3,980.63,100
SHP002272,SUP0036,WH0005,PRD0049,air,2026-07-23,2026-07-26,3,3,46239.23,146
SHP002273,SUP0029,WH0010,PRD0029,road,2025-01-27,2025-01-28,1,1,178.2,198
SHP002274,SUP0023,WH0009,PRD0009,ocean,2025-04-20,2025-05-15,27,25,5589.0,85
SHP002275,SUP0037,WH0003,PRD0108,ocean,2026-08-05,2026-08-22,19,17,6708.37,154
SHP002276,SUP0011,WH0003,PRD0005,air,2026-08-08,2026-08-12,5,4,27475.58,54
SHP002277,SUP0030,WH0005,PRD0062,air,2025-04-03,2025-04-05,3,2,63992.73,203
SHP002278,SUP0032,WH0007,PRD0053,air,2026-01-21,2026-01-24,4,3,143756.71,342
SHP002279,SUP0009,WH0002,PRD0018,ocean,2025-08-26,2025-09-28,36,33,34830.55,390
SHP002280,SUP0040,WH0004,PRD0026,rail,2025-10-27,2025-10-31,5,4,8193.02,315
SHP002281,SUP0012,WH0009,PRD0009,ocean,2025-02-27,2025-03-20,23,21,14981.98,277
SHP002282,SUP0036,WH0004,PRD0115,ocean,2025-06-04,2025-06-20,19,16,23372.82,550
SHP002283,SUP0003,WH0009,PRD0013,ocean,2026-04-19,2026-05-10,24,21,15310.45,266
SHP002284,SUP0007,WH0009,PRD0063,air,2025-06-16,2025-06-19,4,3,38660.59,100
SHP002285,SUP0022,WH0010,PRD0012,ocean,2024-11-25,2024-12-10,13,15,8109.15,297
SHP002286,SUP0002,WH0010,PRD0103,road,2025-10-18,2025-10-19,1,1,6307.71,502
SHP002287,SUP0036,WH0005,PRD0113,ocean,2025-11-07,2025-11-22,18,15,9121.16,216
SHP002288,SUP0006,WH0006,PRD0060,air,2025-10-05,2025-10-10,5,5,247463.47,476
SHP002289,SUP0024,WH0008,PRD0139,air,2026-01-11,2026-01-15,5,4,141176.85,270
SHP002290,SUP0027,WH0003,PRD0056,ocean,2025-10-08,2025-11-01,25,24,2980.13,50
SHP002291,SUP0024,WH0005,PRD0015,ocean,2026-07-27,2026-08-30,35,34,4732.43,55
SHP002292,SUP0017,WH0009,PRD0036,rail,2025-08-05,2025-08-12,8,7,2941.31,61
SHP002293,SUP0009,WH0004,PRD0129,ocean,2026-01-31,2026-03-04,31,32,11770.6,156
SHP002294,SUP0009,WH0008,PRD0075,air,2025-07-19,2025-07-23,5,4,97406.39,205
SHP002295,SUP0009,WH0003,PRD0060,ocean,2025-04-03,2025-04-21,19,18,19215.62,433
SHP002296,SUP0022,WH0007,PRD0148,ocean,2026-01-19,2026-02-01,14,13,3439.55,111
SHP002297,SUP0005,WH0003,PRD0082,ocean,2026-04-21,2026-05-13,23,22,13490.65,249
SHP002298,SUP0004,WH0006,PRD0148,ocean,2026-04-04,2026-04-10,7,6,2022.88,179
SHP002299,SUP0032,WH0009,PRD0083,ocean,2025-06-28,2025-07-22,23,24,7882.82,141
SHP002300,SUP0005,WH0007,PRD0061,ocean,2025-09-01,2025-09-21,23,20,15875.38,285
SHP002301,SUP0010,WH0003,PRD0078,rail,2025-12-07,2025-12-13,6,6,7221.48,214
SHP002302,SUP0006,WH0006,PRD0037,air,2025-02-26,2025-03-03,5,5,323366.14,622
SHP002303,SUP0009,WH0008,PRD0134,ocean,2025-12-26,2026-01-23,26,28,14317.95,226
SHP002304,SUP0030,WH0003,PRD0057,air,2026-02-05,2026-02-10,5,5,34160.27,66
SHP002305,SUP0034,WH0002,PRD0106,ocean,2026-03-30,2026-04-08,11,9,4345.42,201
SHP002306,SUP0030,WH0007,PRD0077,air,2024-10-27,2024-10-31,5,4,145079.78,290
SHP002307,SUP0017,WH0007,PRD0071,rail,2026-08-24,2026-08-31,8,7,5393.96,108
SHP002308,SUP0011,WH0004,PRD0016,ocean,2025-08-17,2025-09-05,18,19,16330.39,405
SHP002309,SUP0023,WH0009,PRD0143,ocean,2025-06-21,2025-07-18,27,27,12493.07,190
SHP002310,SUP0028,WH0005,PRD0045,rail,2025-09-06,2025-09-13,8,7,10632.88,218
SHP002311,SUP0011,WH0005,PRD0110,air,2026-07-04,2026-07-07,3,3,201996.52,659
SHP002312,SUP0009,WH0001,PRD0143,ocean,2026-01-19,2026-02-08,20,20,3856.68,82
SHP002313,SUP0009,WH0005,PRD0127,ocean,2025-10-03,2025-11-02,30,30,6690.41,90
SHP002314,SUP0024,WH0007,PRD0013,air,2026-04-01,2026-04-05,4,4,32069.55,75
SHP002315,SUP0009,WH0004,PRD0089,ocean,2025-05-23,2025-06-23,31,31,24672.99,327
SHP002316,SUP0015,WH0004,PRD0098,rail,2026-06-16,2026-06-22,5,6,1744.32,74
SHP002317,SUP0013,WH0001,PRD0135,rail,2025-09-28,2025-09-30,1,2,489.85,307
SHP002318,SUP0031,WH0005,PRD0082,air,2025-12-11,2025-12-14,5,3,65421.14,118
SHP002319,SUP0016,WH0001,PRD0107,air,2024-11-04,2024-11-07,4,3,58483.94,133
SHP002320,SUP0005,WH0001,PRD0105,ocean,2026-03-16,2026-04-10,24,25,9971.23,175
SHP002321,SUP0024,WH0007,PRD0039,ocean,2025-12-25,2026-01-17,24,23,14994.3,263
SHP002322,SUP0005,WH0005,PRD0077,ocean,2025-05-19,2025-06-19,34,31,16597.02,196
SHP002323,SUP0004,WH0003,PRD0097,ocean,2025-12-17,2026-01-09,23,23,5531.63,101
SHP002324,SUP0026,WH0002,PRD0048,air,2024-10-06,2024-10-09,4,3,76759.45,206
SHP002325,SUP0025,WH0003,PRD0138,ocean,2026-08-19,2026-09-04,20,16,23013.33,496
SHP002326,SUP0006,WH0007,PRD0122,ocean,2026-01-08,2026-01-27,19,19,5035.67,115
SHP002327,SUP0014,WH0006,PRD0062,road,2025-06-21,2025-06-22,1,1,651.78,262
SHP002328,SUP0031,WH0009,PRD0058,ocean,2026-03-04,2026-03-25,23,21,9670.01,173
SHP002329,SUP0033,WH0009,PRD0077,ocean,2026-08-06,2026-08-27,19,21,3861.15,89
SHP002330,SUP0006,WH0001,PRD0037,ocean,2025-07-13,2025-08-01,19,19,11881.38,274
SHP002331,SUP0015,WH0003,PRD0119,ocean,2024-09-11,2024-10-01,19,20,25830.87,608
SHP002332,SUP0003,WH0002,PRD0015,road,2025-03-10,2025-03-11,1,1,3689.13,158
SHP002333,SUP0040,WH0001,PRD0144,ocean,2025-09-09,2025-09-16,8,7,6339.2,460
SHP002334,SUP0022,WH0003,PRD0106,rail,2025-09-15,2025-09-23,9,8,3761.54,68
SHP002335,SUP0012,WH0008,PRD0107,rail,2025-10-30,2025-11-02,3,3,1391.18,135
SHP002336,SUP0008,WH0009,PRD0143,ocean,2025-10-26,2025-11-11,15,16,6573.66,206
SHP002337,SUP0008,WH0010,PRD0136,ocean,2025-07-24,2025-08-07,14,14,5248.97,183
SHP002338,SUP0011,WH0005,PRD0035,ocean,2025-06-14,2025-07-01,18,17,9236.46,226
SHP002339,SUP0030,WH0010,PRD0100,ocean,2026-03-18,2026-04-16,26,29,8075.72,128
SHP002340,SUP0006,WH0010,PRD0063,ocean,2025-11-05,2025-11-22,18,17,21606.93,533
SHP002341,SUP0011,WH0008,PRD0066,ocean,2025-09-02,2025-09-16,12,14,1913.22,76
SHP002342,SUP0007,WH0004,PRD0053,ocean,2025-05-12,2025-05-30,18,18,4590.63,109
SHP002343,SUP0016,WH0006,PRD0085,ocean,2024-09-21,2024-09-27,7,6,949.05,82
SHP002344,SUP0033,WH0009,PRD0021,ocean,2024-11-18,2024-12-08,19,20,5726.66,132
SHP002345,SUP0022,WH0008,PRD0116,ocean,2025-07-02,2025-07-16,15,14,10278.02,315
SHP002346,SUP0030,WH0007,PRD0095,ocean,2026-08-03,2026-08-26,27,23,18210.01,273
SHP002347,SUP0004,WH0010,PRD0024,ocean,2024-11-27,2024-12-24,25,27,9966.12,167
SHP002348,SUP0034,WH0003,PRD0138,ocean,2026-07-18,2026-08-01,18,14,11166.98,266
SHP002349,SUP0017,WH0007,PRD0049,rail,2024-12-15,2024-12-23,8,8,6292.95,126
SHP002350,SUP0008,WH0006,PRD0014,air,2025-04-18,2025-04-22,5,4,270605.04,488
SHP002351,SUP0006,WH0001,PRD0069,air,2025-07-31,2025-08-03,4,3,50734.36,156
SHP002352,SUP0023,WH0003,PRD0097,air,2025-02-01,2025-02-06,5,5,62987.21,123
SHP002353,SUP0001,WH0005,PRD0011,ocean,2025-08-20,2025-09-08,19,19,13672.1,316
SHP002354,SUP0017,WH0007,PRD0019,ocean,2025-08-15,2025-08-31,14,16,5094.3,170
SHP002355,SUP0027,WH0009,PRD0049,ocean,2025-07-19,2025-08-08,24,20,8176.7,143
SHP002356,SUP0004,WH0001,PRD0144,ocean,2026-01-22,2026-02-14,24,23,31084.18,539
SHP002357,SUP0018,WH0007,PRD0056,air,2025-04-23,2025-04-27,5,4,47134.85,103
SHP002358,SUP0007,WH0009,PRD0123,ocean,2025-04-09,2025-04-28,22,19,18247.8,354
SHP002359,SUP0002,WH0009,PRD0054,road,2026-04-15,2026-04-16,1,1,375.54,154
SHP002360,SUP0013,WH0007,PRD0086,rail,2024-11-26,2024-11-27,1,1,944.0,331
SHP002361,SUP0019,WH0004,PRD0078,ocean,2026-05-13,2026-05-27,14,14,15360.16,517
SHP002362,SUP0034,WH0003,PRD0004,air,2025-12-18,2025-12-20,3,2,40616.75,129
SHP002363,SUP0008,WH0010,PRD0055,ocean,2026-01-08,2026-01-20,14,12,4704.0,164
SHP002364,SUP0039,WH0010,PRD0049,ocean,2025-01-01,2025-01-20,21,19,11755.19,239
SHP002365,SUP0028,WH0005,PRD0031,rail,2026-08-19,2026-08-27,8,8,5755.41,118
SHP002366,SUP0026,WH0009,PRD0123,rail,2025-02-28,2025-03-05,5,5,2634.74,88
SHP002367,SUP0003,WH0003,PRD0063,ocean,2025-01-08,2025-02-03,25,26,9116.16,152
SHP002368,SUP0019,WH0002,PRD0053,ocean,2024-12-29,2025-01-23,25,25,21834.6,361
SHP002369,SUP0008,WH0003,PRD0102,rail,2025-10-15,2025-10-24,10,9,14974.05,260
SHP002370,SUP0004,WH0009,PRD0062,ocean,2026-07-31,2026-08-25,24,25,4925.56,86
SHP002371,SUP0034,WH0003,PRD0142,ocean,2025-02-19,2025-03-08,18,17,4911.79,117
SHP002372,SUP0037,WH0007,PRD0083,ocean,2025-06-25,2025-07-13,19,18,8620.19,192
SHP002373,SUP0007,WH0002,PRD0073,rail,2025-01-15,2025-01-23,8,8,7239.12,164
SHP002374,SUP0006,WH0006,PRD0098,air,2025-12-12,2025-12-17,5,5,102416.61,197
SHP002375,SUP0025,WH0010,PRD0120,air,2025-07-14,2025-07-17,3,3,23062.16,76
SHP002376,SUP0010,WH0007,PRD0137,rail,2024-09-25,2024-09-30,6,5,7805.61,243
SHP002377,SUP0005,WH0007,PRD0092,ocean,2025-11-23,2025-12-13,23,20,4122.03,74
SHP002378,SUP0019,WH0004,PRD0079,air,2025-01-25,2025-01-27,3,2,57266.35,257
SHP002379,SUP0017,WH0010,PRD0067,ocean,2025-11-07,2025-11-20,14,13,9761.39,323
SHP002380,SUP0033,WH0008,PRD0093,rail,2025-06-13,2025-06-14,4,1,20437.68,938
SHP002381,SUP0022,WH0010,PRD0132,ocean,2026-01-28,2026-02-09,13,12,10375.34,380
SHP002382,SUP0016,WH0006,PRD0128,rail,2025-01-31,2025-02-03,4,3,10358.52,537
SHP002383,SUP0037,WH0002,PRD0120,ocean,2026-03-04,2026-04-08,35,35,29664.33,335
SHP002384,SUP0025,WH0001,PRD0026,air,2026-04-14,2026-04-17,4,3,22730.95,70
SHP002385,SUP0036,WH0002,PRD0121,rail,2024-10-19,2024-10-27,8,8,6515.81,149
SHP002386,SUP0021,WH0009,PRD0082,ocean,2024-11-16,2024-12-04,17,18,10131.01,257
SHP002387,SUP0017,WH0010,PRD0053,air,2026-05-30,2026-06-01,3,2,69357.24,306
SHP002388,SUP0033,WH0002,PRD0095,ocean,2025-01-17,2025-01-28,11,11,1805.04,82
SHP002389,SUP0013,WH0010,PRD0081,road,2025-04-28,2025-04-29,1,1,2864.25,259
SHP002390,SUP0039,WH0005,PRD0106,air,2025-08-02,2025-08-05,3,3,103231.57,327
SHP002391,SUP0040,WH0004,PRD0012,ocean,2025-03-13,2025-03-21,9,8,1903.9,122
SHP002392,SUP0007,WH0002,PRD0145,ocean,2026-05-23,2026-06-09,13,17,6727.08,254
SHP002393,SUP0033,WH0004,PRD0057,rail,2025-09-22,2025-09-30,8,8,6151.91,127
SHP002394,SUP0027,WH0008,PRD0038,ocean,2025-12-11,2025-12-19,10,8,1304.98,71
SHP002395,SUP0029,WH0001,PRD0005,road,2025-11-11,2025-11-12,1,1,658.49,72
SHP002396,SUP0016,WH0002,PRD0067,ocean,2025-11-21,2025-12-29,38,38,7381.3,77
SHP002397,SUP0032,WH0010,PRD0142,ocean,2025-11-04,2025-11-28,22,24,11545.44,220
SHP002398,SUP0023,WH0003,PRD0150,ocean,2025-05-14,2025-06-10,28,27,9490.76,139
SHP002399,SUP0031,WH0006,PRD0149,ocean,2026-05-10,2026-06-01,19,22,13399.9,306
SHP002400,SUP0033,WH0009,PRD0107,ocean,2025-11-26,2025-12-16,19,20,17527.04,404
SHP002401,SUP0002,WH0008,PRD0076,ocean,2026-04-17,2026-05-08,22,21,5005.88,95
SHP002402,SUP0024,WH0008,PRD0040,ocean,2026-01-29,2026-02-28,29,30,56122.15,805
SHP002403,SUP0027,WH0009,PRD0051,air,2025-04-07,2025-04-10,4,3,50604.08,118
SHP002404,SUP0022,WH0003,PRD0085,air,2025-11-24,2025-11-27,3,3,32858.19,132
SHP002405,SUP0023,WH0002,PRD0059,rail,2024-11-04,2024-11-07,2,3,735.53,74
SHP002406,SUP0008,WH0001,PRD0098,ocean,2024-12-10,2024-12-26,15,16,7280.39,232
SHP002407,SUP0029,WH0002,PRD0146,ocean,2024-11-28,2024-12-22,24,24,7127.72,125
SHP002408,SUP0012,WH0009,PRD0063,ocean,2025-04-13,2025-05-05,23,22,6219.96,115
SHP002409,SUP0035,WH0010,PRD0128,air,2025-01-14,2025-01-17,4,3,279763.43,634
SHP002410,SUP0013,WH0010,PRD0141,road,2026-01-20,2026-01-21,1,1,3914.85,354
SHP002411,SUP0006,WH0009,PRD0087,ocean,2025-09-09,2025-09-27,19,18,4303.17,98
SHP002412,SUP0018,WH0004,PRD0066,ocean,2025-07-04,2025-07-20,18,16,9961.06,237
SHP002413,SUP0028,WH0007,PRD0126,rail,2024-12-13,2024-12-14,1,1,67.78,117
SHP002414,SUP0022,WH0002,PRD0126,air,2025-06-09,2025-06-12,3,3,34635.73,153
SHP002415,SUP0013,WH0005,PRD0118,rail,2025-01-16,2025-01-23,8,7,8059.43,169
SHP002416,SUP0006,WH0003,PRD0044,air,2025-12-09,2025-12-13,4,4,19347.43,56
SHP002417,SUP0002,WH0002,PRD0091,ocean,2026-01-20,2026-02-14,25,25,24162.56,395
SHP002418,SUP0038,WH0010,PRD0044,ocean,2025-12-16,2026-01-09,23,24,9209.45,167
SHP002419,SUP0036,WH0005,PRD0036,air,2026-08-30,2026-09-01,3,2,51306.54,162
SHP002420,SUP0020,WH0008,PRD0140,air,2025-10-11,2025-10-13,3,2,42097.23,179
SHP002421,SUP0029,WH0004,PRD0126,rail,2025-08-25,2025-09-01,8,7,2765.51,61
SHP002422,SUP0010,WH0005,PRD0048,air,2024-12-14,2024-12-17,2,3,31038.5,267
SHP002423,SUP0018,WH0002,PRD0139,rail,2025-04-20,2025-04-23,4,3,6103.92,264
SHP002424,SUP0026,WH0001,PRD0016,ocean,2025-07-28,2025-08-01,9,4,4712.86,266
SHP002425,SUP0022,WH0002,PRD0135,ocean,2024-10-12,2024-10-27,14,15,10020.97,332
SHP002426,SUP0006,WH0007,PRD0009,ocean,2025-05-22,2025-06-12,19,21,24871.84,568
SHP002427,SUP0003,WH0004,PRD0020,ocean,2024-09-10,2024-09-26,16,16,3075.61,87
SHP002428,SUP0037,WH0007,PRD0013,ocean,2024-12-12,2024-12-29,19,17,31293.1,697
SHP002429,SUP0035,WH0001,PRD0002,air,2026-04-18,2026-04-21,4,3,172322.7,410
SHP002430,SUP0006,WH0007,PRD0106,ocean,2026-08-04,2026-08-22,19,18,5780.08,132
SHP002431,SUP0015,WH0010,PRD0036,ocean,2025-09-05,2025-09-19,16,14,11753.55,321
SHP002432,SUP0007,WH0003,PRD0060,air,2025-08-29,2025-09-02,4,4,71832.19,180
SHP002433,SUP0016,WH0010,PRD0018,ocean,2026-01-14,2026-02-07,25,24,7749.71,128
SHP002434,SUP0027,WH0007,PRD0039,air,2025-07-02,2025-07-06,4,4,45112.63,105
SHP002435,SUP0025,WH0003,PRD0003,ocean,2026-05-06,2026-05-26,20,20,2180.7,47
SHP002436,SUP0002,WH0002,PRD0056,ocean,2025-08-24,2025-09-16,25,23,15965.64,261
SHP002437,SUP0022,WH0009,PRD0130,ocean,2024-11-03,2024-11-17,14,14,5438.1,178
SHP002438,SUP0037,WH0005,PRD0117,ocean,2024-09-26,2024-10-28,30,32,22537.08,307
SHP002439,SUP0004,WH0006,PRD0096,air,2026-03-10,2026-03-11,2,1,16358.2,193
SHP002440,SUP0027,WH0010,PRD0016,ocean,2025-04-04,2025-04-26,23,22,8546.04,159
SHP002441,SUP0015,WH0009,PRD0124,ocean,2025-03-22,2025-04-08,18,17,4740.72,119
SHP002442,SUP0012,WH0003,PRD0125,ocean,2025-09-29,2025-10-19,23,20,11306.96,204
SHP002443,SUP0039,WH0004,PRD0005,ocean,2025-01-04,2025-01-23,19,19,5632.63,133
SHP002444,SUP0004,WH0001,PRD0002,ocean,2025-08-02,2025-08-28,24,26,7785.46,135
SHP002445,SUP0025,WH0005,PRD0137,rail,2026-02-25,2026-03-01,6,4,2509.33,70
SHP002446,SUP0032,WH0007,PRD0142,air,2026-03-14,2026-03-18,4,4,102983.61,245
SHP002447,SUP0007,WH0001,PRD0106,air,2025-10-08,2025-10-12,4,4,205981.4,538
SHP002448,SUP0018,WH0001,PRD0004,ocean,2024-11-25,2024-12-19,25,24,12900.02,213
SHP002449,SUP0025,WH0007,PRD0005,ocean,2024-11-25,2024-12-13,19,18,3837.22,87
SHP002450,SUP0006,WH0008,PRD0136,ocean,2026-03-20,2026-03-30,8,10,1891.06,154
SHP002451,SUP0017,WH0003,PRD0071,ocean,2026-04-24,2026-05-08,14,14,7564.39,258
SHP002452,SUP0030,WH0007,PRD0138,ocean,2025-05-28,2025-06-23,27,26,12073.31,181
SHP002453,SUP0036,WH0005,PRD0074,air,2026-04-24,2026-04-26,3,2,38954.96,123
SHP002454,SUP0030,WH0001,PRD0005,ocean,2024-10-04,2024-10-31,27,27,6067.09,92
SHP002455,SUP0034,WH0002,PRD0129,ocean,2026-02-07,2026-02-18,11,11,6183.04,286
SHP002456,SUP0039,WH0004,PRD0111,ocean,2025-10-05,2025-10-24,19,19,4023.31,95
SHP002457,SUP0015,WH0007,PRD0046,ocean,2026-08-23,2026-09-08,18,16,18737.78,465
SHP002458,SUP0013,WH0008,PRD0028,ocean,2024-11-17,2024-12-09,22,22,12818.04,245
SHP002459,SUP0040,WH0008,PRD0025,ocean,2026-04-29,2026-05-19,20,20,8006.92,173
SHP002460,SUP0033,WH0003,PRD0135,ocean,2026-03-03,2026-03-26,20,23,4374.32,96
SHP002461,SUP0025,WH0002,PRD0039,rail,2025-04-08,2025-04-12,5,4,15744.15,563
SHP002462,SUP0005,WH0004,PRD0062,ocean,2026-08-30,2026-10-05,34,36,15784.81,184
SHP002463,SUP0008,WH0006,PRD0050,ocean,2025-07-27,2025-08-25,30,29,4805.83,65
SHP002464,SUP0016,WH0009,PRD0135,ocean,2025-05-15,2025-06-08,24,24,16601.78,285
SHP002465,SUP0027,WH0008,PRD0065,rail,2026-04-19,2026-04-26,6,7,11150.56,364
SHP002466,SUP0038,WH0005,PRD0091,ocean,2025-07-19,2025-08-04,18,16,9279.69,221
SHP002467,SUP0038,WH0007,PRD0069,air,2026-08-26,2026-08-30,4,4,109360.71,261
SHP002468,SUP0009,WH0010,PRD0102,air,2026-03-21,2026-03-25,4,4,85138.44,233
SHP002469,SUP0011,WH0010,PRD0021,ocean,2025-02-23,2025-03-20,26,25,3838.97,62
SHP002470,SUP0040,WH0009,PRD0096,ocean,2026-04-15,2026-04-22,8,7,2132.5,150
SHP002471,SUP0012,WH0009,PRD0104,ocean,2025-11-04,2025-11-25,23,21,10763.23,199
SHP002472,SUP0015,WH0006,PRD0118,ocean,2025-05-16,2025-06-20,33,35,16903.13,210
SHP002473,SUP0012,WH0010,PRD0145,ocean,2026-02-02,2026-02-22,22,20,9635.85,188
SHP002474,SUP0017,WH0001,PRD0063,rail,2025-12-07,2025-12-11,8,4,36247.33,747
SHP002475,SUP0014,WH0010,PRD0058,ocean,2025-01-02,2025-01-22,21,20,11942.9,242
SHP002476,SUP0014,WH0009,PRD0077,ocean,2024-12-14,2025-01-05,20,22,15861.78,335
SHP002477,SUP0006,WH0009,PRD0021,ocean,2025-02-01,2025-02-18,19,17,11636.12,265
SHP002478,SUP0002,WH0007,PRD0009,road,2025-02-01,2025-02-02,1,1,479.38,100
SHP002479,SUP0024,WH0008,PRD0024,ocean,2024-10-17,2024-11-15,29,29,32488.1,466
SHP002480,SUP0038,WH0009,PRD0104,ocean,2025-05-16,2025-06-09,23,24,4435.4,81
SHP002481,SUP0018,WH0006,PRD0098,ocean,2025-03-27,2025-04-26,31,30,6441.93,83
SHP002482,SUP0037,WH0005,PRD0097,ocean,2025-09-30,2025-11-01,30,32,46322.15,631
SHP002483,SUP0001,WH0009,PRD0142,air,2025-04-26,2025-04-30,4,4,31103.92,79
SHP002484,SUP0023,WH0003,PRD0122,ocean,2026-01-28,2026-02-25,28,28,40147.94,588
SHP002485,SUP0010,WH0004,PRD0015,air,2025-04-02,2025-04-03,2,1,29417.8,244
SHP002486,SUP0038,WH0008,PRD0003,ocean,2025-03-17,2025-04-17,32,31,10824.77,137
SHP002487,SUP0034,WH0008,PRD0044,rail,2026-05-19,2026-05-27,8,8,22312.79,449
SHP002488,SUP0016,WH0003,PRD0022,ocean,2026-08-20,2026-09-08,23,19,26108.73,468
SHP002489,SUP0003,WH0009,PRD0128,ocean,2026-01-10,2026-02-03,24,24,15022.66,261
SHP002490,SUP0031,WH0006,PRD0112,ocean,2024-11-12,2024-12-01,19,19,15282.89,349
SHP002491,SUP0006,WH0004,PRD0085,ocean,2026-08-03,2026-08-18,14,15,4807.34,161
SHP002492,SUP0026,WH0001,PRD0145,ocean,2026-03-28,2026-04-08,9,11,4429.38,250
SHP002493,SUP0021,WH0005,PRD0025,rail,2026-07-03,2026-07-05,5,2,4481.05,187
SHP002494,SUP0022,WH0003,PRD0136,air,2026-08-25,2026-08-28,3,3,19665.13,79
SHP002495,SUP0023,WH0006,PRD0011,air,2026-05-26,2026-05-31,6,5,114775.56,171
SHP002496,SUP0022,WH0002,PRD0059,ocean,2024-12-05,2024-12-18,14,13,18442.21,611
SHP002497,SUP0027,WH0010,PRD0055,ocean,2026-05-25,2026-06-19,23,25,18113.31,337
SHP002498,SUP0002,WH0003,PRD0146,road,2025-03-04,2025-03-05,1,1,3331.8,499
SHP002499,SUP0027,WH0007,PRD0122,air,2026-02-02,2026-02-07,4,5,101825.65,237
SHP002500,SUP0008,WH0007,PRD0070,ocean,2026-04-28,2026-05-11,15,13,4433.84,137
SHP002501,SUP0003,WH0009,PRD0012,ocean,2026-03-10,2026-04-01,24,22,47140.06,819
SHP002502,SUP0005,WH0003,PRD0020,air,2026-01-07,2026-01-11,4,4,276314.58,680
SHP002503,SUP0026,WH0010,PRD0072,air,2025-08-25,2025-08-27,2,2,13165.32,105
SHP002504,SUP0028,WH0003,PRD0140,rail,2025-10-28,2025-10-29,2,1,1597.7,360
SHP002505,SUP0029,WH0009,PRD0145,road,2025-03-18,2025-03-19,1,1,876.14,81
SHP002506,SUP0023,WH0001,PRD0009,ocean,2025-07-01,2025-07-26,27,25,14604.49,224
SHP002507,SUP0029,WH0005,PRD0046,rail,2025-07-29,2025-08-05,8,7,14245.58,327
SHP002508,SUP0022,WH0005,PRD0081,ocean,2025-12-08,2025-12-16,6,8,3163.99,339
SHP002509,SUP0025,WH0003,PRD0005,ocean,2026-06-04,2026-06-20,20,16,14290.53,308
SHP002510,SUP0036,WH0004,PRD0054,ocean,2024-11-10,2024-11-26,19,16,14406.16,339
SHP002511,SUP0032,WH0004,PRD0037,ocean,2025-09-13,2025-09-30,15,17,2394.55,72
SHP002512,SUP0014,WH0004,PRD0102,ocean,2025-03-24,2025-04-23,31,30,21140.88,278
SHP002513,SUP0038,WH0009,PRD0020,air,2026-07-15,2026-07-18,4,3,176594.77,430
SHP002514,SUP0027,WH0010,PRD0077,ocean,2025-05-29,2025-06-24,23,26,22843.19,425
SHP002515,SUP0007,WH0007,PRD0042,ocean,2026-07-25,2026-08-16,22,22,9715.03,190
SHP002516,SUP0028,WH0003,PRD0145,rail,2025-04-29,2025-05-02,2,3,452.68,102
SHP002517,SUP0010,WH0008,PRD0062,ocean,2024-09-05,2024-09-27,23,22,6026.59,112
SHP002518,SUP0020,WH0004,PRD0146,rail,2026-03-20,2026-03-23,4,3,3106.79,173
SHP002519,SUP0016,WH0007,PRD0100,ocean,2026-02-17,2026-03-12,24,23,6768.81,118
SHP002520,SUP0022,WH0004,PRD0139,ocean,2026-02-16,2026-02-24,7,8,1479.58,151
SHP002521,SUP0030,WH0004,PRD0085,ocean,2025-08-02,2025-08-20,18,18,2198.2,53
SHP002522,SUP0019,WH0009,PRD0099,road,2025-12-30,2025-12-31,1,1,189.9,211
SHP002523,SUP0008,WH0006,PRD0036,ocean,2025-05-22,2025-06-23,30,32,8724.42,118
SHP002524,SUP0040,WH0010,PRD0021,rail,2024-10-19,2024-10-22,4,3,5807.83,297
SHP002525,SUP0005,WH0002,PRD0129,air,2025-09-26,2025-10-03,7,7,114265.61,161
SHP002526,SUP0003,WH0002,PRD0089,road,2025-02-09,2025-02-10,1,1,2124.75,91
SHP002527,SUP0014,WH0007,PRD0014,ocean,2025-07-12,2025-07-31,20,19,6029.98,130
SHP002528,SUP0029,WH0010,PRD0026,rail,2025-02-04,2025-02-05,1,1,278.5,557
SHP002529,SUP0005,WH0004,PRD0112,ocean,2025-03-17,2025-04-16,34,30,40577.26,473
SHP002530,SUP0016,WH0007,PRD0060,ocean,2026-04-28,2026-05-21,24,23,3269.68,57
SHP002531,SUP0027,WH0004,PRD0020,air,2025-05-07,2025-05-08,3,1,82502.76,315
SHP002532,SUP0034,WH0007,PRD0088,ocean,2025-10-28,2025-11-13,18,16,12014.25,302
SHP002533,SUP0016,WH0001,PRD0102,ocean,2025-10-20,2025-11-15,24,26,3928.24,67
SHP002534,SUP0037,WH0001,PRD0084,ocean,2025-08-22,2025-09-13,20,22,12471.27,270
SHP002535,SUP0020,WH0009,PRD0008,ocean,2025-05-11,2025-05-27,15,16,24486.87,734
SHP002536,SUP0012,WH0003,PRD0070,ocean,2026-01-12,2026-02-06,23,25,10752.7,194
SHP002537,SUP0031,WH0006,PRD0116,ocean,2024-10-09,2024-10-29,19,20,12961.99,296
SHP002538,SUP0020,WH0005,PRD0126,rail,2024-11-15,2024-11-17,4,2,1888.11,107
SHP002539,SUP0009,WH0010,PRD0059,ocean,2026-03-27,2026-04-15,21,19,3556.57,73
SHP002540,SUP0037,WH0005,PRD0092,air,2025-08-03,2025-08-07,5,4,154713.04,281
SHP002541,SUP0032,WH0009,PRD0142,ocean,2024-12-03,2024-12-24,23,21,17163.3,307
SHP002542,SUP0024,WH0002,PRD0097,ocean,2026-05-19,2026-06-25,38,37,35511.4,373
SHP002543,SUP0005,WH0009,PRD0111,air,2025-07-21,2025-07-24,4,3,20380.28,48
SHP002544,SUP0010,WH0005,PRD0048,rail,2024-09-04,2024-09-10,5,6,4469.13,173
SHP002545,SUP0012,WH0009,PRD0150,ocean,2026-07-31,2026-08-22,23,22,7626.21,141
SHP002546,SUP0016,WH0008,PRD0098,ocean,2025-01-28,2025-02-27,29,30,4154.72,59
SHP002547,SUP0016,WH0009,PRD0022,ocean,2026-01-16,2026-02-05,24,20,9087.29,156
SHP002548,SUP0004,WH0010,PRD0076,ocean,2024-12-08,2024-12-31,25,23,7459.67,125
SHP002549,SUP0010,WH0006,PRD0064,air,2025-12-19,2025-12-24,5,5,146599.45,301
SHP002550,SUP0026,WH0008,PRD0019,air,2024-12-28,2024-12-31,4,3,80378.79,204
SHP002551,SUP0018,WH0002,PRD0022,ocean,2026-07-13,2026-07-20,8,7,2760.64,199
SHP002552,SUP0024,WH0008,PRD0069,air,2025-03-21,2025-03-26,5,5,63268.14,121
SHP002553,SUP0021,WH0007,PRD0040,ocean,2025-12-23,2026-01-10,18,18,6657.48,167
SHP002554,SUP0031,WH0002,PRD0098,ocean,2025-03-04,2025-04-14,41,41,28633.41,277
SHP002555,SUP0022,WH0007,PRD0040,ocean,2025-05-31,2025-06-10,14,10,6073.43,196
SHP002556,SUP0022,WH0005,PRD0100,ocean,2026-06-22,2026-06-29,6,7,2043.99,219
SHP002557,SUP0011,WH0006,PRD0082,air,2025-01-02,2025-01-08,6,6,43316.51,65
SHP002558,SUP0031,WH0005,PRD0093,ocean,2025-06-18,2025-07-19,30,31,22989.8,311
SHP002559,SUP0021,WH0001,PRD0028,ocean,2025-04-13,2025-05-02,17,19,18355.87,472
SHP002560,SUP0004,WH0003,PRD0024,ocean,2026-01-24,2026-02-16,23,23,12651.55,231
SHP002561,SUP0031,WH0008,PRD0002,ocean,2025-02-20,2025-04-04,42,43,48698.96,463
SHP002562,SUP0003,WH0006,PRD0079,air,2025-12-23,2025-12-29,6,6,30878.16,50
SHP002563,SUP0034,WH0003,PRD0114,ocean,2026-01-27,2026-02-14,18,18,16876.42,402
SHP002564,SUP0023,WH0003,PRD0093,ocean,2024-09-04,2024-09-29,28,25,16660.03,244
SHP002565,SUP0020,WH0001,PRD0070,ocean,2025-08-16,2025-08-29,15,13,2855.99,87
SHP002566,SUP0005,WH0010,PRD0027,ocean,2024-12-09,2024-12-31,25,22,9354.39,159
SHP002567,SUP0038,WH0003,PRD0034,ocean,2025-02-15,2025-03-10,23,23,11857.53,213
SHP002568,SUP0016,WH0007,PRD0023,air,2026-01-10,2026-01-13,4,3,18499.5,43
SHP002569,SUP0016,WH0010,PRD0048,ocean,2024-09-10,2024-10-05,25,25,11503.48,190
SHP002570,SUP0036,WH0001,PRD0111,air,2026-01-22,2026-01-25,4,3,56571.44,146
SHP002571,SUP0019,WH0009,PRD0115,rail,2026-04-20,2026-04-21,1,1,106.0,212
SHP002572,SUP0039,WH0003,PRD0143,air,2026-08-22,2026-08-25,4,3,433486.8,1071
SHP002573,SUP0025,WH0010,PRD0143,air,2025-07-07,2025-07-09,3,2,71310.64,235
SHP002574,SUP0001,WH0007,PRD0132,ocean,2024-12-08,2024-12-30,22,22,11555.04,222
SHP002575,SUP0001,WH0002,PRD0105,rail,2024-10-25,2024-11-02,8,8,13135.64,289
SHP002576,SUP0001,WH0010,PRD0027,ocean,2025-06-09,2025-06-28,21,19,11919.48,241
SHP002577,SUP0038,WH0002,PRD0007,ocean,2026-02-16,2026-03-11,24,23,14648.57,260
SHP002578,SUP0037,WH0009,PRD0023,ocean,2024-11-17,2024-12-03,20,16,5641.54,123
SHP002579,SUP0003,WH0009,PRD0091,ocean,2025-04-19,2025-05-12,24,23,38276.12,665
SHP002580,SUP0001,WH0004,PRD0142,ocean,2026-06-05,2026-06-23,19,18,12935.42,297
SHP002581,SUP0025,WH0005,PRD0024,ocean,2024-12-12,2024-12-26,11,14,3634.95,169
SHP002582,SUP0009,WH0006,PRD0084,rail,2026-03-19,2026-03-21,1,2,355.74,250
SHP002583,SUP0032,WH0005,PRD0099,ocean,2026-03-04,2026-03-19,15,15,13367.9,398
SHP002584,SUP0029,WH0009,PRD0004,road,2024-12-09,2024-12-10,1,1,6046.45,559
SHP002585,SUP0030,WH0002,PRD0075,road,2026-08-25,2026-08-26,1,1,1780.79,85
SHP002586,SUP0002,WH0004,PRD0106,rail,2024-12-16,2024-12-25,9,9,17165.88,341
SHP002587,SUP0011,WH0003,PRD0100,air,2025-09-24,2025-09-29,5,5,272211.74,535
SHP002588,SUP0021,WH0001,PRD0022,air,2024-09-10,2024-09-12,3,2,74376.27,255
SHP002589,SUP0006,WH0010,PRD0144,ocean,2025-12-19,2026-01-06,18,18,6080.75,150
SHP002590,SUP0012,WH0007,PRD0063,ocean,2025-07-20,2025-08-10,23,21,1980.33,37
SHP002591,SUP0032,WH0010,PRD0147,ocean,2026-02-10,2026-03-02,22,20,4828.09,92
SHP002592,SUP0007,WH0002,PRD0134,air,2025-12-03,2025-12-05,3,2,19664.8,99
SHP002593,SUP0007,WH0009,PRD0044,ocean,2024-12-22,2025-01-13,22,22,10721.87,208
SHP002594,SUP0014,WH0003,PRD0098,ocean,2025-06-29,2025-07-19,20,20,6349.19,141
SHP002595,SUP0040,WH0010,PRD0044,ocean,2026-01-15,2026-01-21,7,6,1032.5,88
SHP002596,SUP0027,WH0005,PRD0036,air,2026-05-21,2026-05-24,3,3,26695.83,101
SHP002597,SUP0034,WH0005,PRD0069,ocean,2024-11-05,2024-11-13,8,8,1333.04,93
SHP002598,SUP0018,WH0010,PRD0078,ocean,2024-11-15,2024-12-09,24,24,2482.09,43
SHP002599,SUP0024,WH0008,PRD0069,ocean,2026-03-04,2026-04-02,29,29,31372.63,450
SHP002600,SUP0028,WH0002,PRD0127,ocean,2025-11-06,2025-12-02,25,26,9070.8,150
SHP002601,SUP0027,WH0002,PRD0038,road,2025-06-09,2025-06-10,1,1,6901.29,297
SHP002602,SUP0031,WH0004,PRD0017,ocean,2026-08-04,2026-09-03,30,30,27125.13,366
SHP002603,SUP0010,WH0002,PRD0043,ocean,2025-04-20,2025-05-11,22,21,4959.38,98
SHP002604,SUP0009,WH0005,PRD0112,ocean,2024-12-14,2025-01-12,30,29,1932.79,26
SHP002605,SUP0035,WH0005,PRD0071,ocean,2025-03-24,2025-04-24,30,31,3222.16,44
SHP002606,SUP0001,WH0008,PRD0108,road,2024-11-04,2024-11-05,1,1,2310.38,503
SHP002607,SUP0025,WH0008,PRD0077,rail,2025-10-10,2025-10-15,7,5,3829.07,100
SHP002608,SUP0034,WH0004,PRD0124,ocean,2025-11-13,2025-11-20,8,7,5164.03,367
SHP002609,SUP0023,WH0002,PRD0020,road,2025-11-19,2025-11-20,1,1,2898.38,162
SHP002610,SUP0002,WH0004,PRD0093,air,2026-03-23,2026-03-25,3,2,31940.63,141
SHP002611,SUP0019,WH0002,PRD0065,ocean,2026-01-18,2026-02-13,25,26,4354.82,72
SHP002612,SUP0034,WH0008,PRD0064,rail,2026-05-12,2026-05-20,8,8,12522.99,252
SHP002613,SUP0031,WH0004,PRD0127,ocean,2025-12-26,2026-01-25,30,30,87452.62,1180
SHP002614,SUP0022,WH0002,PRD0051,rail,2025-04-10,2025-04-17,9,7,11972.85,238
SHP002615,SUP0040,WH0003,PRD0118,air,2025-09-14,2025-09-15,2,1,16527.59,131
SHP002616,SUP0020,WH0006,PRD0028,ocean,2025-09-08,2025-10-07,30,29,28414.75,380
SHP002617,SUP0032,WH0004,PRD0035,air,2026-02-28,2026-03-03,3,3,73333.17,294
SHP002618,SUP0022,WH0006,PRD0078,ocean,2025-04-06,2025-05-08,30,32,37940.82,523
SHP002619,SUP0034,WH0009,PRD0002,ocean,2024-10-13,2024-10-30,17,17,944.12,24
SHP002620,SUP0036,WH0006,PRD0102,ocean,2026-06-17,2026-07-12,26,25,18367.99,287
SHP002621,SUP0005,WH0010,PRD0086,air,2026-07-29,2026-08-01,4,3,8383.65,19
SHP002622,SUP0005,WH0003,PRD0098,ocean,2025-08-29,2025-09-19,23,21,5688.83,105
SHP002623,SUP0031,WH0005,PRD0085,air,2024-11-24,2024-11-28,5,4,209015.0,377
SHP002624,SUP0028,WH0010,PRD0113,road,2025-09-01,2025-09-02,1,1,1304.46,130
SHP002625,SUP0040,WH0010,PRD0086,ocean,2025-11-09,2025-11-16,7,7,3027.11,258
SHP002626,SUP0017,WH0001,PRD0111,ocean,2025-09-22,2025-10-04,14,12,3959.55,136
SHP002627,SUP0028,WH0003,PRD0035,road,2026-08-14,2026-08-16,1,2,3219.37,403
SHP002628,SUP0038,WH0008,PRD0077,ocean,2026-08-21,2026-09-22,32,32,9955.63,126
SHP002629,SUP0034,WH0002,PRD0083,air,2026-07-14,2026-07-15,2,1,121931.32,752
SHP002630,SUP0033,WH0007,PRD0052,ocean,2024-12-08,2024-12-28,19,20,4890.85,113
SHP002631,SUP0025,WH0005,PRD0123,ocean,2026-05-21,2026-05-30,11,9,8840.02,411
SHP002632,SUP0027,WH0003,PRD0081,air,2025-10-21,2025-10-25,4,4,33079.43,74
SHP002633,SUP0028,WH0009,PRD0046,road,2025-05-27,2025-05-28,1,1,646.01,193
SHP002634,SUP0013,WH0009,PRD0102,road,2026-01-12,2026-01-13,1,1,1874.69,1011
SHP002635,SUP0009,WH0008,PRD0082,ocean,2026-03-11,2026-04-06,26,26,2280.74,36
SHP002636,SUP0008,WH0002,PRD0075,ocean,2026-07-28,2026-08-08,14,11,2545.3,88
SHP002637,SUP0034,WH0006,PRD0126,ocean,2026-03-17,2026-04-18,32,32,7980.79,100
SHP002638,SUP0018,WH0001,PRD0148,ocean,2024-09-16,2024-10-12,25,26,5026.77,83
SHP002639,SUP0013,WH0007,PRD0063,road,2024-10-23,2024-10-24,1,1,877.84,171
SHP002640,SUP0001,WH0004,PRD0084,ocean,2025-03-13,2025-03-30,19,17,8231.63,189
SHP002641,SUP0036,WH0009,PRD0097,ocean,2024-10-02,2024-10-23,22,21,24725.13,474
SHP002642,SUP0037,WH0010,PRD0072,ocean,2024-10-17,2024-11-07,21,21,4019.15,84
SHP002643,SUP0022,WH0003,PRD0101,ocean,2026-03-31,2026-04-14,15,14,7335.01,221
SHP002644,SUP0021,WH0008,PRD0094,air,2025-09-06,2025-09-08,3,2,31097.64,139
SHP002645,SUP0030,WH0008,PRD0030,rail,2025-12-04,2025-12-10,7,6,6708.27,157
SHP002646,SUP0002,WH0006,PRD0145,air,2025-09-02,2025-09-04,4,2,42731.06,121
SHP002647,SUP0009,WH0005,PRD0052,ocean,2025-07-02,2025-07-31,30,29,5277.99,71
SHP002648,SUP0018,WH0002,PRD0140,rail,2026-01-26,2026-01-30,4,4,4277.37,185
SHP002649,SUP0004,WH0003,PRD0047,ocean,2024-11-02,2024-11-25,23,23,15006.6,274
SHP002650,SUP0024,WH0008,PRD0141,ocean,2025-09-28,2025-10-25,29,27,11503.3,165
SHP002651,SUP0029,WH0002,PRD0007,air,2025-11-25,2025-11-28,4,3,58162.21,136
SHP002652,SUP0040,WH0010,PRD0119,ocean,2025-03-24,2025-03-30,7,6,3989.22,340
SHP002653,SUP0005,WH0005,PRD0054,ocean,2025-04-16,2025-05-20,34,34,8129.15,96
SHP002654,SUP0038,WH0002,PRD0113,air,2025-09-10,2025-09-14,4,4,108174.05,256
SHP002655,SUP0040,WH0002,PRD0075,ocean,2025-01-29,2025-02-18,21,20,7136.67,149
SHP002656,SUP0027,WH0002,PRD0018,road,2026-04-13,2026-04-14,1,1,1998.35,86
SHP002657,SUP0017,WH0010,PRD0105,air,2025-09-28,2025-09-30,3,2,27878.89,123
SHP002658,SUP0017,WH0005,PRD0128,air,2025-06-14,2025-06-16,3,2,11637.24,49
SHP002659,SUP0001,WH0007,PRD0036,air,2025-12-08,2025-12-11,4,3,86272.45,221
SHP002660,SUP0016,WH0004,PRD0078,air,2026-05-02,2026-05-07,6,5,269990.09,411
SHP002661,SUP0023,WH0004,PRD0062,ocean,2026-01-11,2026-01-27,18,16,5019.99,124
SHP002662,SUP0015,WH0009,PRD0065,ocean,2024-10-21,2024-11-04,18,14,11951.41,300
SHP002663,SUP0002,WH0003,PRD0040,road,2026-01-24,2026-01-25,1,1,988.19,148
SHP002664,SUP0008,WH0001,PRD0109,ocean,2026-02-15,2026-03-01,15,14,21370.46,681
SHP002665,SUP0024,WH0002,PRD0097,ocean,2026-05-11,2026-06-17,38,37,10853.35,114
SHP002666,SUP0029,WH0002,PRD0019,air,2024-10-16,2024-10-19,4,3,34640.73,81
SHP002667,SUP0034,WH0003,PRD0115,ocean,2024-11-05,2024-11-22,18,17,4450.0,106
SHP002668,SUP0007,WH0009,PRD0123,air,2025-07-16,2025-07-20,4,4,86213.12,223
SHP002669,SUP0011,WH0004,PRD0150,ocean,2025-07-30,2025-08-16,18,17,766.12,19
SHP002670,SUP0006,WH0005,PRD0103,ocean,2025-11-20,2025-12-01,14,11,3554.17,120
SHP002671,SUP0010,WH0010,PRD0137,ocean,2025-04-16,2025-04-26,9,10,842.18,49
SHP002672,SUP0037,WH0010,PRD0130,ocean,2026-02-24,2026-03-15,21,19,4641.16,97
SHP002673,SUP0039,WH0006,PRD0108,air,2026-02-23,2026-02-27,5,4,97005.97,201
SHP002674,SUP0010,WH0009,PRD0140,ocean,2024-11-29,2024-12-08,10,9,1637.87,90
SHP002675,SUP0032,WH0001,PRD0010,ocean,2026-01-30,2026-02-21,23,22,9962.76,180
SHP002676,SUP0024,WH0007,PRD0093,air,2026-01-26,2026-01-30,4,4,27793.61,65
SHP002677,SUP0035,WH0002,PRD0138,ocean,2024-12-31,2025-02-09,41,40,30386.41,296
SHP002678,SUP0031,WH0005,PRD0022,air,2026-07-27,2026-07-31,5,4,249487.4,450
SHP002679,SUP0034,WH0002,PRD0028,air,2025-09-18,2025-09-20,2,2,10701.42,66
SHP002680,SUP0022,WH0006,PRD0064,air,2026-03-26,2026-03-31,5,5,224706.89,413
SHP002681,SUP0004,WH0001,PRD0091,ocean,2026-02-09,2026-03-04,24,23,36101.47,626
SHP002682,SUP0040,WH0006,PRD0043,air,2025-01-03,2025-01-07,5,4,172583.04,377
SHP002683,SUP0021,WH0010,PRD0012,air,2024-12-05,2024-12-08,3,3,26865.31,99
SHP002684,SUP0018,WH0004,PRD0145,ocean,2026-03-25,2026-04-10,18,16,8153.78,194
SHP002685,SUP0018,WH0009,PRD0103,air,2025-03-18,2025-03-23,5,5,94878.89,207
SHP002686,SUP0026,WH0003,PRD0085,air,2026-06-09,2026-06-11,2,2,25659.58,170
SHP002687,SUP0027,WH0008,PRD0111,ocean,2026-03-18,2026-03-29,10,11,2315.88,126
SHP002688,SUP0024,WH0005,PRD0028,ocean,2024-09-25,2024-10-27,35,32,31492.18,366
SHP002689,SUP0028,WH0005,PRD0003,ocean,2026-04-12,2026-04-26,14,14,5677.37,194
SHP002690,SUP0007,WH0006,PRD0026,air,2025-03-20,2025-03-25,5,5,38225.27,80
SHP002691,SUP0011,WH0005,PRD0067,air,2024-10-20,2024-10-23,3,3,58238.75,190
SHP002692,SUP0021,WH0006,PRD0057,ocean,2026-02-03,2026-03-09,32,34,10146.53,127
SHP002693,SUP0009,WH0004,PRD0131,ocean,2025-10-27,2025-11-26,31,30,8903.4,118
SHP002694,SUP0030,WH0006,PRD0133,ocean,2024-10-29,2024-12-05,36,37,49493.73,556
SHP002695,SUP0008,WH0010,PRD0143,ocean,2025-07-31,2025-08-12,14,12,4159.02,145
SHP002696,SUP0013,WH0005,PRD0149,ocean,2025-05-23,2025-06-02,13,10,12532.65,438
SHP002697,SUP0019,WH0006,PRD0148,ocean,2025-09-01,2025-09-23,20,22,10572.39,223
SHP002698,SUP0031,WH0002,PRD0057,ocean,2025-10-20,2025-11-30,41,41,28116.56,272
SHP002699,SUP0031,WH0002,PRD0115,ocean,2025-05-28,2025-07-04,41,37,26255.91,254
SHP002700,SUP0039,WH0008,PRD0096,road,2025-03-08,2025-03-09,1,1,312.71,253
SHP002701,SUP0040,WH0010,PRD0101,ocean,2024-11-17,2024-11-21,7,4,938.64,80
SHP002702,SUP0007,WH0002,PRD0119,air,2025-10-25,2025-10-28,3,3,13904.4,70
SHP002703,SUP0037,WH0005,PRD0129,air,2026-02-10,2026-02-15,5,5,122228.81,222
SHP002704,SUP0012,WH0001,PRD0039,ocean,2025-02-16,2025-03-10,23,22,8956.1,167
SHP002705,SUP0023,WH0007,PRD0089,air,2025-09-08,2025-09-13,5,5,92036.84,186
SHP002706,SUP0035,WH0010,PRD0007,air,2024-10-05,2024-10-08,4,3,33536.31,76
SHP002707,SUP0004,WH0004,PRD0124,ocean,2026-05-23,2026-06-30,35,38,12417.86,143
SHP002708,SUP0040,WH0008,PRD0027,ocean,2025-02-28,2025-03-21,20,21,10506.19,227
SHP002709,SUP0005,WH0006,PRD0076,rail,2025-08-12,2025-08-13,3,1,3696.41,229
SHP002710,SUP0027,WH0002,PRD0107,road,2025-06-09,2025-06-10,1,1,5902.11,254
SHP002711,SUP0037,WH0002,PRD0022,air,2024-12-21,2024-12-27,6,6,30549.83,46
SHP002712,SUP0002,WH0005,PRD0030,ocean,2026-07-12,2026-07-28,14,16,4262.33,146
SHP002713,SUP0011,WH0006,PRD0037,ocean,2026-05-19,2026-06-21,36,33,7286.06,82
SHP002714,SUP0039,WH0007,PRD0090,ocean,2025-10-10,2025-10-31,22,21,9805.18,189
SHP002715,SUP0038,WH0009,PRD0080,ocean,2026-06-29,2026-07-23,23,24,1149.92,21
SHP002716,SUP0039,WH0007,PRD0088,ocean,2026-02-23,2026-03-13,22,18,7003.7,135
SHP002717,SUP0025,WH0002,PRD0117,rail,2025-07-05,2025-07-09,5,4,9899.52,354
SHP002718,SUP0021,WH0001,PRD0053,air,2025-04-25,2025-04-27,3,2,69709.52,239
SHP002719,SUP0008,WH0009,PRD0134,ocean,2025-07-03,2025-07-18,15,15,9924.32,311
SHP002720,SUP0027,WH0007,PRD0124,ocean,2026-02-08,2026-03-03,24,23,18102.34,316
SHP002721,SUP0038,WH0007,PRD0090,ocean,2025-03-19,2025-04-11,23,23,12290.86,220
SHP002722,SUP0006,WH0005,PRD0122,ocean,2024-10-30,2024-11-13,14,14,3287.61,111
SHP002723,SUP0019,WH0010,PRD0025,road,2025-06-01,2025-06-02,1,1,1180.24,114
SHP002724,SUP0022,WH0009,PRD0113,ocean,2025-09-03,2025-09-17,14,14,16192.09,530
SHP002725,SUP0008,WH0008,PRD0116,rail,2026-06-20,2026-06-29,9,9,2164.95,40
SHP002726,SUP0030,WH0001,PRD0082,ocean,2025-01-12,2025-02-10,27,29,4748.16,72
SHP002727,SUP0040,WH0007,PRD0018,rail,2026-04-10,2026-04-14,5,4,7677.18,307
SHP002728,SUP0008,WH0004,PRD0077,air,2026-08-17,2026-08-19,2,2,11988.77,165
SHP002729,SUP0028,WH0008,PRD0012,ocean,2026-07-28,2026-08-17,22,20,11771.04,230
SHP002730,SUP0005,WH0003,PRD0030,ocean,2024-10-24,2024-11-18,23,25,4334.35,80
SHP002731,SUP0001,WH0009,PRD0006,ocean,2025-08-07,2025-08-29,22,22,14541.41,277
SHP002732,SUP0004,WH0003,PRD0088,ocean,2025-03-27,2025-04-19,23,23,3888.57,71
SHP002733,SUP0032,WH0002,PRD0028,road,2026-05-10,2026-05-11,1,1,3765.95,168
SHP002734,SUP0008,WH0004,PRD0043,rail,2025-04-29,2025-04-30,3,1,3939.75,244
SHP002735,SUP0040,WH0010,PRD0063,rail,2025-10-10,2025-10-13,4,3,4321.65,221
SHP002736,SUP0024,WH0001,PRD0133,ocean,2024-09-09,2024-10-02,24,23,37885.12,650
SHP002737,SUP0028,WH0008,PRD0045,ocean,2025-01-27,2025-02-17,22,21,13664.64,267
SHP002738,SUP0009,WH0002,PRD0142,air,2025-10-18,2025-10-24,6,6,174822.59,261
SHP002739,SUP0014,WH0004,PRD0041,ocean,2025-04-12,2025-05-14,31,32,11939.28,157
SHP002740,SUP0039,WH0008,PRD0085,road,2025-11-30,2025-12-01,1,1,177.98,144
SHP002741,SUP0034,WH0008,PRD0144,air,2025-08-06,2025-08-08,3,2,30412.98,136
SHP002742,SUP0021,WH0008,PRD0110,rail,2025-11-07,2025-11-15,8,8,2734.4,55
SHP002743,SUP0035,WH0009,PRD0119,ocean,2025-08-28,2025-09-22,23,25,5383.43,97
SHP002744,SUP0029,WH0005,PRD0060,ocean,2026-03-18,2026-03-31,13,13,6534.67,250
SHP002745,SUP0002,WH0009,PRD0104,road,2025-01-23,2025-01-24,1,1,297.5,122
SHP002746,SUP0023,WH0001,PRD0048,ocean,2026-06-19,2026-07-15,27,26,6193.87,95
SHP002747,SUP0001,WH0005,PRD0048,air,2026-03-10,2026-03-13,4,3,17522.78,54
SHP002748,SUP0005,WH0007,PRD0111,ocean,2025-02-28,2025-03-21,23,21,8466.87,152
SHP002749,SUP0008,WH0003,PRD0102,rail,2024-09-08,2024-09-17,10,9,4434.62,77
SHP002750,SUP0032,WH0006,PRD0008,ocean,2025-06-28,2025-07-31,33,33,42369.95,512
SHP002751,SUP0040,WH0003,PRD0051,ocean,2025-02-20,2025-03-05,9,13,5046.59,300
SHP002752,SUP0025,WH0008,PRD0116,ocean,2025-05-13,2025-05-26,11,13,3561.03,155
SHP002753,SUP0032,WH0002,PRD0110,rail,2026-05-06,2026-05-08,3,2,4470.82,359
SHP002754,SUP0009,WH0009,PRD0100,ocean,2026-06-02,2026-06-21,20,19,16672.85,357
SHP002755,SUP0032,WH0001,PRD0002,ocean,2026-07-26,2026-08-16,23,21,8080.91,146
SHP002756,SUP0025,WH0009,PRD0055,air,2024-09-05,2024-09-08,4,3,49002.24,149
SHP002757,SUP0026,WH0010,PRD0053,ocean,2025-12-25,2026-01-03,9,9,5115.67,306
SHP002758,SUP0006,WH0006,PRD0072,ocean,2026-05-13,2026-06-11,28,29,22874.77,330
SHP002759,SUP0015,WH0008,PRD0017,ocean,2026-02-13,2026-03-02,14,17,4522.44,150
SHP002760,SUP0036,WH0007,PRD0148,ocean,2024-11-18,2024-12-07,22,19,24270.21,469
SHP002761,SUP0028,WH0002,PRD0027,air,2025-09-23,2025-09-28,5,5,52157.1,115
SHP002762,SUP0012,WH0006,PRD0138,ocean,2025-02-23,2025-03-19,25,24,13080.77,220
SHP002763,SUP0026,WH0010,PRD0048,air,2025-08-27,2025-08-28,2,1,33602.91,268
SHP002764,SUP0001,WH0009,PRD0094,ocean,2024-10-17,2024-11-08,22,22,44884.14,855
SHP002765,SUP0005,WH0004,PRD0084,ocean,2026-08-28,2026-10-04,34,37,38346.79,447
SHP002766,SUP0027,WH0001,PRD0051,ocean,2026-02-02,2026-02-24,24,22,13136.2,232
SHP002767,SUP0018,WH0010,PRD0118,air,2024-11-10,2024-11-13,4,3,120785.62,279
SHP002768,SUP0037,WH0006,PRD0030,road,2026-07-04,2026-07-05,1,1,271.25,50
SHP002769,SUP0029,WH0005,PRD0068,rail,2026-06-17,2026-06-25,8,8,11283.2,259
SHP002770,SUP0032,WH0010,PRD0126,ocean,2025-09-16,2025-10-08,22,22,3096.28,59
SHP002771,SUP0033,WH0004,PRD0136,rail,2026-01-25,2026-02-01,8,7,6490.99,134
SHP002772,SUP0019,WH0007,PRD0081,road,2025-06-01,2025-06-02,1,1,547.52,138
SHP002773,SUP0016,WH0004,PRD0100,ocean,2026-08-12,2026-09-16,35,35,20408.01,233
SHP002774,SUP0016,WH0007,PRD0101,ocean,2024-11-04,2024-11-26,24,22,28566.67,498
SHP002775,SUP0017,WH0007,PRD0030,air,2024-11-12,2024-11-15,3,3,29442.04,131
SHP002776,SUP0033,WH0001,PRD0090,ocean,2024-12-09,2024-12-30,19,21,7881.59,184
SHP002777,SUP0006,WH0006,PRD0091,air,2026-04-22,2026-04-28,5,6,37951.33,73
SHP002778,SUP0023,WH0009,PRD0118,ocean,2024-10-28,2024-11-24,27,27,1972.59,30
SHP002779,SUP0028,WH0009,PRD0045,road,2025-10-21,2025-10-22,1,1,405.01,121
SHP002780,SUP0019,WH0005,PRD0077,air,2025-07-16,2025-07-18,3,2,10543.68,49
SHP002781,SUP0017,WH0005,PRD0022,air,2026-08-05,2026-08-08,3,3,41086.59,173
SHP002782,SUP0017,WH0005,PRD0035,air,2025-02-22,2025-02-24,3,2,56286.25,237
SHP002783,SUP0010,WH0004,PRD0081,rail,2025-03-12,2025-03-17,5,5,5679.94,212
SHP002784,SUP0002,WH0004,PRD0031,air,2025-04-20,2025-04-22,3,2,71130.19,314
SHP002785,SUP0004,WH0004,PRD0062,ocean,2026-04-08,2026-05-13,35,35,22664.76,261
SHP002786,SUP0025,WH0005,PRD0079,air,2026-01-25,2026-01-26,2,1,45329.32,281
SHP002787,SUP0039,WH0009,PRD0030,air,2026-02-19,2026-02-21,4,2,98816.74,252
SHP002788,SUP0025,WH0005,PRD0047,air,2025-04-22,2025-04-23,2,1,31940.23,198
SHP002789,SUP0003,WH0002,PRD0096,road,2025-03-20,2025-03-21,1,1,4086.07,175
SHP002790,SUP0030,WH0003,PRD0037,ocean,2024-10-28,2024-11-24,28,27,16838.6,244
SHP002791,SUP0001,WH0008,PRD0131,road,2025-01-29,2025-01-30,1,1,271.0,59
SHP002792,SUP0020,WH0004,PRD0100,ocean,2026-03-24,2026-03-27,7,3,1282.23,119
SHP002793,SUP0034,WH0006,PRD0108,ocean,2025-11-02,2025-12-06,32,34,9816.38,123
SHP002794,SUP0031,WH0009,PRD0036,ocean,2024-12-25,2025-01-17,23,23,4359.89,78
SHP002795,SUP0015,WH0003,PRD0148,air,2025-01-01,2025-01-03,3,2,45883.78,144
SHP002796,SUP0040,WH0008,PRD0099,ocean,2025-08-08,2025-08-27,20,19,6294.46,136
SHP002797,SUP0003,WH0006,PRD0109,air,2025-06-26,2025-07-01,6,5,153155.68,248
SHP002798,SUP0023,WH0002,PRD0048,rail,2025-09-28,2025-09-29,2,1,1729.48,174
SHP002799,SUP0040,WH0008,PRD0125,ocean,2026-08-05,2026-08-24,20,19,8608.59,186
SHP002800,SUP0007,WH0004,PRD0138,ocean,2025-02-01,2025-02-19,18,18,7412.39,176
SHP002801,SUP0006,WH0002,PRD0045,rail,2025-04-15,2025-04-21,7,6,5986.87,163
SHP002802,SUP0019,WH0002,PRD0143,ocean,2025-03-15,2025-04-06,25,22,3387.09,56
SHP002803,SUP0021,WH0004,PRD0043,air,2024-11-30,2024-12-02,2,2,32485.01,307
SHP002804,SUP0003,WH0009,PRD0126,ocean,2024-12-27,2025-01-20,24,24,5870.92,102
SHP002805,SUP0017,WH0005,PRD0074,ocean,2026-01-15,2026-01-26,15,11,3989.91,126
SHP002806,SUP0034,WH0010,PRD0036,air,2026-04-26,2026-04-29,3,3,61458.88,227
SHP002807,SUP0028,WH0006,PRD0048,ocean,2026-01-22,2026-02-09,20,18,9123.38,196
SHP002808,SUP0015,WH0006,PRD0081,air,2024-10-03,2024-10-09,6,6,691821.14,1146
SHP002809,SUP0035,WH0006,PRD0116,air,2026-05-03,2026-05-07,4,4,50478.35,152
SHP002810,SUP0009,WH0004,PRD0014,ocean,2025-04-29,2025-05-28,31,29,7545.26,100
SHP002811,SUP0008,WH0008,PRD0092,ocean,2024-11-09,2024-11-26,15,17,7046.92,217
SHP002812,SUP0016,WH0004,PRD0003,air,2025-03-03,2025-03-09,6,6,61092.65,93
SHP002813,SUP0028,WH0006,PRD0125,ocean,2025-05-20,2025-06-09,20,20,4235.86,91
SHP002814,SUP0012,WH0002,PRD0035,air,2025-09-11,2025-09-13,3,2,40047.32,171
SHP002815,SUP0010,WH0003,PRD0050,ocean,2026-01-08,2026-01-17,10,9,13322.61,658
SHP002816,SUP0006,WH0009,PRD0099,ocean,2025-03-11,2025-03-28,19,17,12909.51,294
SHP002817,SUP0038,WH0004,PRD0144,ocean,2026-08-24,2026-09-12,18,19,6842.27,166
SHP002818,SUP0011,WH0004,PRD0130,air,2024-09-26,2024-09-29,3,3,125502.08,415
SHP002819,SUP0039,WH0003,PRD0127,ocean,2025-06-24,2025-07-17,23,23,4317.33,80
SHP002820,SUP0026,WH0009,PRD0105,ocean,2025-07-29,2025-08-05,10,7,5299.42,295
SHP002821,SUP0025,WH0005,PRD0126,rail,2026-03-01,2026-03-07,6,6,11937.26,333
SHP002822,SUP0008,WH0001,PRD0107,rail,2025-03-04,2025-03-13,9,9,16736.53,320
SHP002823,SUP0014,WH0002,PRD0114,air,2025-08-05,2025-08-11,6,6,52271.27,78
SHP002824,SUP0030,WH0010,PRD0126,ocean,2026-04-10,2026-05-06,26,26,4353.32,69
SHP002825,SUP0010,WH0005,PRD0043,ocean,2024-12-14,2024-12-22,9,8,2231.98,144
SHP002826,SUP0024,WH0002,PRD0022,ocean,2024-09-12,2024-10-20,38,38,50839.37,534
SHP002827,SUP0018,WH0003,PRD0145,air,2026-04-29,2026-05-03,5,4,175650.96,370
SHP002828,SUP0033,WH0010,PRD0008,ocean,2026-08-18,2026-09-05,18,18,6880.27,172
SHP002829,SUP0004,WH0002,PRD0057,ocean,2024-12-07,2025-01-12,39,36,14130.76,145
SHP002830,SUP0001,WH0008,PRD0075,rail,2026-04-24,2026-04-25,1,1,306.21,120
SHP002831,SUP0030,WH0006,PRD0009,ocean,2025-06-01,2025-07-07,36,36,29108.73,327
SHP002832,SUP0027,WH0006,PRD0071,ocean,2025-12-05,2026-01-08,33,34,10377.42,126
SHP002833,SUP0009,WH0010,PRD0058,ocean,2025-12-16,2026-01-05,21,20,12862.12,264
SHP002834,SUP0019,WH0006,PRD0138,ocean,2025-10-31,2025-11-19,20,19,5784.0,122
SHP002835,SUP0019,WH0002,PRD0074,ocean,2025-03-10,2025-04-05,25,26,16270.11,269
SHP002836,SUP0026,WH0009,PRD0044,air,2026-04-17,2026-04-19,2,2,28293.53,210
SHP002837,SUP0007,WH0004,PRD0118,ocean,2024-09-19,2024-10-09,18,20,6233.15,148
SHP002838,SUP0004,WH0008,PRD0145,ocean,2024-10-20,2024-11-16,29,27,6317.98,88
SHP002839,SUP0008,WH0009,PRD0127,air,2026-06-21,2026-06-24,3,3,143360.1,599
SHP002840,SUP0019,WH0004,PRD0141,rail,2025-07-22,2025-07-28,8,6,12280.2,248
SHP002841,SUP0025,WH0006,PRD0131,ocean,2024-12-06,2025-01-07,32,32,6080.4,77
SHP002842,SUP0003,WH0005,PRD0029,ocean,2026-06-23,2026-07-08,16,15,9274.94,260
SHP002843,SUP0039,WH0006,PRD0147,air,2026-04-29,2026-05-04,5,5,152506.89,316
SHP002844,SUP0019,WH0006,PRD0030,ocean,2025-05-02,2025-05-22,20,20,3840.2,81
SHP002845,SUP0014,WH0010,PRD0069,ocean,2024-10-04,2024-10-23,21,19,9574.06,194
SHP002846,SUP0033,WH0006,PRD0140,air,2025-08-04,2025-08-08,5,4,327208.93,627
SHP002847,SUP0006,WH0009,PRD0094,air,2025-01-03,2025-01-07,4,4,108347.66,329
SHP002848,SUP0003,WH0004,PRD0139,rail,2025-10-25,2025-11-03,10,9,11253.67,191
SHP002849,SUP0016,WH0009,PRD0011,ocean,2026-04-23,2026-05-17,24,24,15728.0,270
SHP002850,SUP0019,WH0006,PRD0113,ocean,2025-06-17,2025-07-08,20,21,7870.03,166
SHP002851,SUP0034,WH0004,PRD0140,rail,2024-09-25,2024-10-01,5,6,2837.64,121
SHP002852,SUP0014,WH0005,PRD0056,ocean,2026-01-13,2026-02-15,30,33,13637.33,182
SHP002853,SUP0008,WH0006,PRD0109,ocean,2025-01-07,2025-02-07,30,31,16118.0,218
SHP002854,SUP0030,WH0003,PRD0027,ocean,2025-02-06,2025-03-06,28,28,12628.95,183
SHP002855,SUP0030,WH0003,PRD0064,ocean,2025-01-17,2025-02-12,28,26,12559.94,182
SHP002856,SUP0028,WH0004,PRD0077,rail,2025-03-26,2025-04-05,9,10,9899.51,196
SHP002857,SUP0023,WH0008,PRD0009,ocean,2026-06-07,2026-06-19,12,12,3024.41,117
SHP002858,SUP0038,WH0006,PRD0116,ocean,2024-09-29,2024-11-03,35,35,4428.68,51
SHP002859,SUP0011,WH0004,PRD0068,ocean,2025-11-27,2025-12-15,18,18,4637.02,115
SHP002860,SUP0008,WH0001,PRD0090,rail,2025-03-01,2025-03-09,9,8,12552.4,240
SHP002861,SUP0029,WH0005,PRD0023,air,2025-04-06,2025-04-08,3,2,51166.46,261
SHP002862,SUP0011,WH0001,PRD0113,ocean,2025-06-30,2025-07-29,27,29,21050.87,325
SHP002863,SUP0031,WH0005,PRD0031,ocean,2025-10-08,2025-11-07,30,30,9757.73,132
SHP002864,SUP0008,WH0010,PRD0061,rail,2024-10-18,2024-10-26,8,8,4445.85,93
SHP002865,SUP0010,WH0009,PRD0054,ocean,2025-03-26,2025-04-02,10,7,8043.74,442
SHP002866,SUP0033,WH0009,PRD0090,ocean,2024-12-12,2024-12-30,19,18,3991.31,92
SHP002867,SUP0019,WH0005,PRD0110,air,2025-01-26,2025-01-29,3,3,21087.37,98
SHP002868,SUP0040,WH0006,PRD0043,ocean,2026-06-08,2026-07-02,25,24,5676.47,93
SHP002869,SUP0031,WH0010,PRD0036,ocean,2025-09-20,2025-10-15,25,25,9301.53,157
SHP002870,SUP0017,WH0005,PRD0053,rail,2025-12-05,2025-12-13,9,8,7494.28,142
SHP002871,SUP0006,WH0008,PRD0053,rail,2026-04-09,2026-04-11,4,2,2865.24,140
SHP002872,SUP0031,WH0005,PRD0016,air,2026-04-04,2026-04-09,5,5,163552.85,295
SHP002873,SUP0016,WH0009,PRD0146,ocean,2026-08-23,2026-09-14,24,22,3495.11,60
SHP002874,SUP0014,WH0008,PRD0090,air,2026-03-25,2026-03-28,5,3,120683.05,254
SHP002875,SUP0019,WH0004,PRD0137,ocean,2025-05-22,2025-06-01,14,10,7813.77,263
SHP002876,SUP0016,WH0004,PRD0072,ocean,2025-10-04,2025-11-06,35,33,64026.85,731
SHP002877,SUP0026,WH0003,PRD0138,ocean,2025-08-21,2025-08-30,10,9,4487.91,223
SHP002878,SUP0013,WH0010,PRD0044,road,2026-06-28,2026-06-29,1,1,3284.49,297
SHP002879,SUP0020,WH0010,PRD0083,air,2025-09-03,2025-09-05,3,2,86485.82,383
SHP002880,SUP0031,WH0009,PRD0075,ocean,2025-06-12,2025-07-04,23,22,2906.59,52
SHP002881,SUP0011,WH0009,PRD0075,air,2025-01-12,2025-01-17,5,5,62224.1,127
SHP002882,SUP0030,WH0008,PRD0147,ocean,2025-04-23,2025-05-07,12,14,3127.68,122
SHP002883,SUP0040,WH0004,PRD0069,ocean,2025-02-10,2025-02-16,9,6,5321.56,341
SHP002884,SUP0017,WH0003,PRD0132,ocean,2026-06-16,2026-07-01,14,15,13369.62,456
SHP002885,SUP0019,WH0009,PRD0025,road,2026-03-23,2026-03-24,1,1,131.4,146
SHP002886,SUP0025,WH0002,PRD0035,ocean,2024-10-16,2024-10-27,9,11,5000.1,298
SHP002887,SUP0016,WH0010,PRD0106,ocean,2026-08-24,2026-09-18,25,25,12653.82,209
SHP002888,SUP0011,WH0004,PRD0016,air,2025-09-23,2025-09-26,3,3,50503.25,167
SHP002889,SUP0035,WH0003,PRD0071,air,2026-03-14,2026-03-17,4,3,14431.74,36
SHP002890,SUP0003,WH0005,PRD0033,ocean,2026-08-30,2026-09-15,16,16,998.84,28
SHP002891,SUP0009,WH0010,PRD0034,ocean,2026-08-12,2026-09-01,21,20,6236.18,128
SHP002892,SUP0017,WH0005,PRD0064,ocean,2024-11-15,2024-11-28,15,13,7599.83,240
SHP002893,SUP0028,WH0008,PRD0038,ocean,2025-12-24,2026-01-15,22,22,7267.34,142
SHP002894,SUP0025,WH0006,PRD0083,ocean,2025-03-16,2025-04-16,32,31,19109.83,242
SHP002895,SUP0012,WH0004,PRD0064,air,2026-04-19,2026-04-22,4,3,96745.81,270
SHP002896,SUP0018,WH0005,PRD0101,ocean,2026-07-01,2026-07-19,18,18,12752.99,302
SHP002897,SUP0009,WH0009,PRD0126,air,2024-10-14,2024-10-18,4,4,33275.66,95
SHP002898,SUP0031,WH0006,PRD0037,air,2026-08-28,2026-08-31,4,3,12480.3,38
SHP002899,SUP0023,WH0007,PRD0148,air,2025-02-10,2025-02-15,5,5,38101.27,77
SHP002900,SUP0036,WH0005,PRD0069,ocean,2026-05-11,2026-05-29,18,18,6080.77,144
SHP002901,SUP0019,WH0002,PRD0107,ocean,2026-04-05,2026-05-02,25,27,3870.95,64
SHP002902,SUP0035,WH0005,PRD0097,air,2025-05-19,2025-05-23,5,4,30207.74,55
SHP002903,SUP0002,WH0005,PRD0116,ocean,2026-05-06,2026-05-20,14,14,16874.16,578
SHP002904,SUP0011,WH0010,PRD0020,ocean,2026-05-10,2026-06-05,26,26,37708.55,609
SHP002905,SUP0016,WH0001,PRD0024,ocean,2025-01-09,2025-02-02,24,24,20051.64,342
SHP002906,SUP0019,WH0010,PRD0104,road,2025-11-08,2025-11-09,1,1,1770.36,171
SHP002907,SUP0032,WH0007,PRD0132,air,2026-04-12,2026-04-16,4,4,14291.6,34
SHP002908,SUP0038,WH0008,PRD0072,air,2026-01-23,2026-01-29,6,6,126815.78,214
SHP002909,SUP0007,WH0006,PRD0095,air,2026-06-29,2026-07-03,5,4,100341.34,210
SHP002910,SUP0026,WH0007,PRD0117,air,2024-09-24,2024-09-25,2,1,29659.25,208
SHP002911,SUP0026,WH0003,PRD0125,air,2026-01-25,2026-01-27,2,2,29282.11,194
SHP002912,SUP0037,WH0009,PRD0084,ocean,2026-07-23,2026-08-11,20,19,9035.64,197
SHP002913,SUP0012,WH0007,PRD0149,ocean,2025-10-18,2025-11-09,23,22,13005.97,243
SHP002914,SUP0038,WH0001,PRD0001,air,2025-10-17,2025-10-20,4,3,43163.14,105
SHP002915,SUP0013,WH0002,PRD0024,air,2025-01-18,2025-01-22,5,4,251318.15,553
SHP002916,SUP0006,WH0009,PRD0118,ocean,2026-08-22,2026-09-09,19,18,23272.24,530
SHP002917,SUP0006,WH0005,PRD0092,ocean,2026-06-06,2026-06-20,14,14,4294.62,145
SHP002918,SUP0022,WH0005,PRD0017,rail,2025-08-27,2025-08-30,3,3,2737.77,176
SHP002919,SUP0033,WH0003,PRD0137,air,2025-04-16,2025-04-20,4,4,103548.35,303
SHP002920,SUP0027,WH0006,PRD0102,ocean,2025-08-26,2025-09-28,33,33,13671.84,166
SHP002921,SUP0038,WH0002,PRD0056,air,2024-11-08,2024-11-11,4,3,98877.84,234
SHP002922,SUP0014,WH0006,PRD0110,road,2025-02-19,2025-02-20,1,1,348.28,140
SHP002923,SUP0021,WH0006,PRD0055,ocean,2025-02-09,2025-03-12,32,31,25965.53,325
SHP002924,SUP0011,WH0009,PRD0127,ocean,2025-09-21,2025-10-16,27,25,5879.44,90
SHP002925,SUP0013,WH0007,PRD0069,road,2024-09-04,2024-09-05,1,1,662.23,129
SHP002926,SUP0021,WH0004,PRD0083,ocean,2026-07-02,2026-07-10,8,8,14912.77,1057
SHP002927,SUP0017,WH0002,PRD0073,ocean,2025-01-28,2025-02-22,26,25,3835.75,60
SHP002928,SUP0036,WH0002,PRD0087,air,2024-12-07,2024-12-09,3,2,13381.47,68
SHP002929,SUP0026,WH0008,PRD0141,air,2026-02-06,2026-02-11,4,5,66588.31,169
SHP002930,SUP0009,WH0010,PRD0148,ocean,2026-07-03,2026-07-24,21,21,21631.74,444
SHP002931,SUP0009,WH0009,PRD0034,air,2026-05-09,2026-05-12,4,3,37829.17,108
SHP002932,SUP0014,WH0002,PRD0145,ocean,2025-04-26,2025-05-29,36,33,11705.19,131
SHP002933,SUP0004,WH0001,PRD0125,ocean,2024-09-19,2024-10-15,24,26,25259.5,438
SHP002934,SUP0010,WH0002,PRD0088,ocean,2025-11-03,2025-11-26,22,23,26669.3,527
SHP002935,SUP0029,WH0010,PRD0013,rail,2026-07-01,2026-07-02,1,1,172.0,344
SHP002936,SUP0012,WH0005,PRD0012,ocean,2026-03-20,2026-04-08,20,19,11287.54,238
SHP002937,SUP0028,WH0004,PRD0026,air,2026-05-11,2026-05-13,3,2,56821.16,250
SHP002938,SUP0004,WH0010,PRD0118,ocean,2026-05-21,2026-06-14,25,24,21722.55,364
SHP002939,SUP0017,WH0008,PRD0005,air,2026-08-02,2026-08-07,5,5,170705.61,314
SHP002940,SUP0035,WH0004,PRD0032,ocean,2025-06-02,2025-07-03,30,31,6460.25,88
SHP002941,SUP0027,WH0003,PRD0041,air,2026-07-19,2026-07-23,4,4,50513.19,113
SHP002942,SUP0019,WH0003,PRD0113,road,2025-06-18,2025-06-19,1,1,1744.34,212
SHP002943,SUP0007,WH0001,PRD0117,air,2024-11-16,2024-11-19,4,3,121368.22,317
SHP002944,SUP0009,WH0010,PRD0001,ocean,2025-04-11,2025-05-01,21,20,17587.97,361
SHP002945,SUP0026,WH0008,PRD0110,ocean,2024-12-12,2025-01-02,22,21,15025.05,286
SHP002946,SUP0040,WH0002,PRD0052,ocean,2024-12-27,2025-01-17,21,21,5747.65,120
SHP002947,SUP0035,WH0005,PRD0034,ocean,2026-07-24,2026-08-21,30,28,14865.87,203
SHP002948,SUP0016,WH0001,PRD0078,air,2026-04-01,2026-04-04,4,3,72555.26,165
SHP002949,SUP0004,WH0007,PRD0041,ocean,2026-08-02,2026-08-25,24,23,15345.14,272
SHP002950,SUP0020,WH0001,PRD0071,ocean,2025-12-19,2026-01-05,15,17,4628.67,141
SHP002951,SUP0026,WH0001,PRD0024,rail,2025-01-08,2025-01-14,5,6,19607.39,664
SHP002952,SUP0026,WH0002,PRD0093,ocean,2026-08-08,2026-08-27,21,19,6707.14,135
SHP002953,SUP0030,WH0002,PRD0065,road,2026-01-20,2026-01-21,1,1,3519.68,168
SHP002954,SUP0039,WH0007,PRD0022,air,2026-07-10,2026-07-14,4,4,57975.07,149
SHP002955,SUP0034,WH0002,PRD0096,rail,2026-03-29,2026-04-05,6,7,3819.36,106
SHP002956,SUP0034,WH0003,PRD0043,ocean,2025-02-13,2025-03-02,18,17,2099.06,50
SHP002957,SUP0006,WH0002,PRD0014,air,2025-11-05,2025-11-07,2,2,23304.73,141
SHP002958,SUP0016,WH0007,PRD0102,ocean,2025-01-09,2025-02-02,24,24,19101.81,333
SHP002959,SUP0002,WH0010,PRD0079,road,2025-04-14,2025-04-15,1,1,1520.38,121
SHP002960,SUP0032,WH0005,PRD0060,air,2026-01-16,2026-01-19,3,3,31992.27,127
SHP002961,SUP0037,WH0002,PRD0110,ocean,2024-12-05,2025-01-08,35,34,16381.79,185
SHP002962,SUP0011,WH0006,PRD0024,air,2026-02-15,2026-02-21,6,6,99961.17,150
SHP002963,SUP0031,WH0007,PRD0025,ocean,2026-07-24,2026-08-18,24,25,8914.76,159
SHP002964,SUP0037,WH0003,PRD0001,ocean,2026-07-24,2026-08-10,19,17,8842.85,203
SHP002965,SUP0004,WH0003,PRD0055,ocean,2025-06-15,2025-07-07,23,22,11939.55,218
SHP002966,SUP0037,WH0005,PRD0123,ocean,2026-08-26,2026-09-24,30,29,21435.92,292
SHP002967,SUP0018,WH0002,PRD0020,ocean,2026-08-05,2026-08-13,8,8,9142.01,659
SHP002968,SUP0031,WH0008,PRD0034,ocean,2024-09-27,2024-11-08,42,42,50381.86,479
SHP002969,SUP0032,WH0010,PRD0058,ocean,2025-11-15,2025-12-08,22,23,10285.94,196
SHP002970,SUP0022,WH0008,PRD0133,air,2026-07-04,2026-07-07,3,3,200176.75,818
SHP002971,SUP0030,WH0007,PRD0114,ocean,2026-08-07,2026-09-03,27,27,4535.83,68
SHP002972,SUP0016,WH0007,PRD0003,ocean,2025-02-11,2025-03-05,24,22,10038.49,175
SHP002973,SUP0012,WH0004,PRD0003,ocean,2025-10-19,2025-11-10,21,22,3105.42,65
SHP002974,SUP0007,WH0008,PRD0088,road,2026-07-16,2026-07-17,1,1,971.79,705
SHP002975,SUP0025,WH0006,PRD0031,ocean,2024-12-15,2025-01-17,32,33,10265.61,130
SHP002976,SUP0010,WH0003,PRD0109,ocean,2026-02-27,2026-03-06,10,7,4879.56,241
SHP002977,SUP0025,WH0001,PRD0034,air,2025-02-23,2025-02-27,4,4,141581.37,436
SHP002978,SUP0012,WH0008,PRD0123,road,2026-08-18,2026-08-19,1,1,1409.73,76
SHP002979,SUP0010,WH0008,PRD0019,air,2025-01-03,2025-01-06,4,3,57709.96,143
SHP002980,SUP0036,WH0005,PRD0059,air,2026-06-08,2026-06-10,3,2,41171.91,130
SHP002981,SUP0013,WH0010,PRD0099,rail,2024-11-07,2024-11-09,2,2,1026.02,167
SHP002982,SUP0032,WH0007,PRD0023,ocean,2026-01-31,2026-02-26,24,26,7846.37,140
SHP002983,SUP0027,WH0004,PRD0027,air,2025-12-11,2025-12-13,3,2,73859.62,282
SHP002984,SUP0039,WH0002,PRD0027,ocean,2026-06-09,2026-06-21,12,12,4194.22,162
SHP002985,SUP0015,WH0001,PRD0081,ocean,2025-07-25,2025-08-08,17,14,10417.05,265
SHP002986,SUP0015,WH0010,PRD0095,air,2025-03-15,2025-03-18,3,3,67280.82,245
SHP002987,SUP0008,WH0001,PRD0077,ocean,2025-03-04,2025-03-18,15,14,2541.86,81
SHP002988,SUP0007,WH0003,PRD0036,air,2024-10-23,2024-10-27,4,4,62653.63,157
SHP002989,SUP0019,WH0010,PRD0098,rail,2025-03-09,2025-03-11,2,2,563.66,98
SHP002990,SUP0024,WH0006,PRD0035,rail,2024-11-21,2024-11-25,4,4,1844.34,100
SHP002991,SUP0017,WH0003,PRD0037,air,2024-09-04,2024-09-07,3,3,14073.28,64
SHP002992,SUP0033,WH0006,PRD0018,air,2025-06-11,2025-06-16,5,5,93413.71,179
SHP002993,SUP0005,WH0009,PRD0136,ocean,2026-02-17,2026-03-11,24,22,32381.99,572
SHP002994,SUP0019,WH0009,PRD0145,rail,2026-08-08,2026-08-09,1,1,35.5,71
SHP002995,SUP0026,WH0002,PRD0003,ocean,2026-06-08,2026-06-26,21,18,46602.18,938
SHP002996,SUP0011,WH0008,PRD0043,rail,2025-08-27,2025-09-04,7,8,10824.78,258
SHP002997,SUP0034,WH0006,PRD0113,ocean,2025-06-05,2025-07-06,32,31,53311.7,668
SHP002998,SUP0001,WH0004,PRD0090,air,2025-10-05,2025-10-09,4,4,37891.62,116
SHP002999,SUP0020,WH0003,PRD0055,air,2024-11-16,2024-11-18,3,2,78297.35,290
SHP003000,SUP0008,WH0004,PRD0039,rail,2025-08-18,2025-08-21,3,3,2357.39,146
SHP003001,WH0003,DC0002,PRD0106,ocean,2026-05-24,2026-06-17,26,24,10984.54,173
SHP003002,WH0007,DC0003,PRD0114,air,2025-12-20,2025-12-24,5,4,206122.99,447
SHP003003,WH0002,DC0003,PRD0056,road,2026-01-15,2026-01-16,1,1,765.82,383
SHP003004,WH0002,DC0006,PRD0023,air,2024-12-31,2025-01-02,3,2,43553.16,161
SHP003005,WH0007,DC0001,PRD0026,ocean,2024-10-27,2024-11-13,18,17,22685.77,563
SHP003006,WH0005,DC0002,PRD0036,ocean,2026-05-11,2026-05-27,16,16,15357.51,437
SHP003007,WH0008,DC0002,PRD0032,ocean,2025-04-06,2025-04-19,13,13,920.73,34
SHP003008,WH0007,DC0005,PRD0099,ocean,2025-04-23,2025-05-06,14,13,9022.67,313
SHP003009,WH0006,DC0004,PRD0090,ocean,2026-07-26,2026-08-15,20,20,10233.39,216
SHP003010,WH0010,DC0001,PRD0110,ocean,2024-10-27,2024-11-09,16,13,11166.89,305
SHP003011,WH0004,DC0002,PRD0081,ocean,2025-01-05,2025-01-20,16,15,5144.8,149
SHP003012,WH0005,DC0005,PRD0036,road,2025-06-03,2025-06-04,1,1,822.1,226
SHP003013,WH0003,DC0003,PRD0064,ocean,2026-02-17,2026-03-13,26,24,17214.75,270
SHP003014,WH0002,DC0005,PRD0071,ocean,2025-10-06,2025-10-22,16,16,10702.52,295
SHP003015,WH0006,DC0005,PRD0022,ocean,2026-06-18,2026-07-20,30,32,20496.02,275
SHP003016,WH0009,DC0002,PRD0064,air,2024-11-10,2024-11-15,5,5,132450.88,290
SHP003017,WH0007,DC0006,PRD0142,rail,2025-11-09,2025-11-16,8,7,5016.51,104
SHP003018,WH0005,DC0006,PRD0073,road,2025-11-23,2025-11-24,1,1,638.26,216
SHP003019,WH0010,DC0001,PRD0007,ocean,2025-08-20,2025-09-02,16,13,8420.94,230
SHP003020,WH0005,DC0003,PRD0078,ocean,2024-09-26,2024-10-10,16,14,1178.51,33
SHP003021,WH0002,DC0006,PRD0053,ocean,2026-07-20,2026-08-04,16,15,7610.53,211
SHP003022,WH0006,DC0003,PRD0133,air,2025-01-01,2025-01-07,6,6,208272.96,307
SHP003023,WH0007,DC0003,PRD0131,ocean,2026-06-11,2026-07-08,26,27,7992.84,130
SHP003024,WH0009,DC0005,PRD0049,rail,2024-12-27,2025-01-04,8,8,6121.57,131
SHP003025,WH0006,DC0004,PRD0101,ocean,2024-11-16,2024-12-04,20,18,6206.36,131
SHP003026,WH0001,DC0004,PRD0076,road,2025-01-31,2025-02-01,1,1,573.11,291
SHP003027,WH0004,DC0003,PRD0014,ocean,2025-01-19,2025-02-06,16,18,2985.18,85
SHP003028,WH0005,DC0006,PRD0062,road,2026-01-23,2026-01-24,1,1,1300.16,440
SHP003029,WH0002,DC0002,PRD0127,road,2026-02-10,2026-02-11,1,1,833.28,279
SHP003030,WH0010,DC0002,PRD0099,ocean,2026-02-15,2026-03-07,24,20,8345.63,145
SHP003031,WH0008,DC0003,PRD0029,rail,2025-03-15,2025-03-22,8,7,18687.1,425
SHP003032,WH0002,DC0004,PRD0062,ocean,2025-03-27,2025-04-21,25,25,11078.69,183
SHP003033,WH0003,DC0005,PRD0128,air,2025-02-23,2025-02-25,3,2,15390.67,67
SHP003034,WH0009,DC0004,PRD0019,road,2024-10-10,2024-10-11,1,1,205.2,228
SHP003035,WH0010,DC0003,PRD0136,ocean,2025-10-24,2025-11-18,24,25,13702.62,237
SHP003036,WH0004,DC0002,PRD0004,ocean,2026-05-06,2026-05-22,16,16,6871.24,199
SHP003037,WH0001,DC0001,PRD0093,ocean,2024-12-24,2025-01-07,17,14,7705.08,196
SHP003038,WH0002,DC0002,PRD0082,road,2025-05-23,2025-05-24,1,1,352.43,118
SHP003039,WH0006,DC0003,PRD0034,ocean,2025-07-11,2025-08-13,36,33,21709.23,240
SHP003040,WH0009,DC0004,PRD0100,rail,2025-04-05,2025-04-06,1,1,27.0,54
SHP003041,WH0002,DC0003,PRD0146,rail,2025-12-28,2025-12-29,1,1,128.86,116
SHP003042,WH0002,DC0005,PRD0108,ocean,2025-11-13,2025-11-28,16,15,5369.4,148
SHP003043,WH0002,DC0004,PRD0094,air,2025-01-26,2025-01-31,5,5,152105.03,335
SHP003044,WH0002,DC0001,PRD0140,rail,2024-09-22,2024-09-28,6,6,7033.42,199
SHP003045,WH0009,DC0001,PRD0045,ocean,2025-01-06,2025-01-22,18,16,7968.16,200
SHP003046,WH0001,DC0002,PRD0121,ocean,2025-04-03,2025-04-24,25,21,15812.15,262
SHP003047,WH0007,DC0003,PRD0019,ocean,2024-11-02,2024-11-29,26,27,12542.61,204
SHP003048,WH0003,DC0005,PRD0005,rail,2026-05-09,2026-05-15,9,6,10107.31,198
SHP003049,WH0002,DC0001,PRD0018,rail,2025-04-15,2025-04-20,6,5,3675.75,104
SHP003050,WH0007,DC0004,PRD0004,road,2025-06-19,2025-06-20,1,1,3953.58,997
SHP003051,WH0007,DC0001,PRD0068,ocean,2025-08-25,2025-09-10,18,16,6084.46,151
SHP003052,WH0002,DC0006,PRD0056,ocean,2025-12-27,2026-01-11,16,15,4616.82,128
SHP003053,WH0002,DC0002,PRD0011,road,2024-11-09,2024-11-10,1,1,767.58,257
SHP003054,WH0004,DC0006,PRD0016,rail,2025-10-04,2025-10-05,1,1,109.8,39
SHP003055,WH0009,DC0001,PRD0102,air,2025-01-16,2025-01-19,3,3,37948.38,127
SHP003056,WH0001,DC0005,PRD0130,ocean,2026-06-08,2026-06-18,13,10,15873.08,575
SHP003057,WH0003,DC0001,PRD0074,ocean,2025-05-30,2025-06-16,19,17,17122.05,403
SHP003058,WH0002,DC0004,PRD0129,ocean,2025-07-24,2025-08-15,25,22,15437.52,255
SHP003059,WH0005,DC0006,PRD0107,road,2025-03-14,2025-03-15,1,1,936.71,317
SHP003060,WH0002,DC0005,PRD0109,ocean,2025-08-07,2025-08-21,16,14,3192.62,88
SHP003061,WH0005,DC0004,PRD0103,rail,2025-02-15,2025-02-22,8,7,32757.99,684
SHP003062,WH0004,DC0002,PRD0022,air,2025-03-17,2025-03-20,3,3,133626.56,516
SHP003063,WH0003,DC0003,PRD0138,air,2024-10-18,2024-10-22,5,4,52122.43,109
SHP003064,WH0005,DC0003,PRD0138,rail,2026-03-04,2026-03-14,10,10,3868.85,65
SHP003065,WH0010,DC0004,PRD0040,road,2026-01-01,2026-01-02,1,1,2346.85,223
SHP003066,WH0008,DC0005,PRD0072,air,2024-11-05,2024-11-08,4,3,42821.29,133
SHP003067,WH0007,DC0001,PRD0022,ocean,2025-05-11,2025-05-28,18,17,9227.43,229
SHP003068,WH0006,DC0006,PRD0080,ocean,2025-10-02,2025-10-30,30,28,6788.6,91
SHP003069,WH0008,DC0004,PRD0021,air,2026-08-09,2026-08-13,4,4,140478.61,360
SHP003070,WH0005,DC0001,PRD0131,ocean,2025-11-06,2025-11-13,8,7,3142.29,216
SHP003071,WH0010,DC0006,PRD0053,ocean,2025-10-10,2025-10-21,12,11,2148.72,84
SHP003072,WH0009,DC0004,PRD0040,road,2026-05-07,2026-05-08,1,1,62.1,69
SHP003073,WH0005,DC0006,PRD0138,road,2026-04-21,2026-04-22,1,1,2473.26,837
SHP003074,WH0008,DC0002,PRD0084,rail,2025-07-04,2025-07-12,8,8,13269.37,294
SHP003075,WH0008,DC0004,PRD0101,ocean,2025-09-27,2025-10-18,22,21,5931.32,114
SHP003076,WH0001,DC0001,PRD0017,ocean,2026-05-26,2026-06-12,17,17,7115.4,181
SHP003077,WH0008,DC0003,PRD0080,ocean,2025-08-14,2025-08-24,13,10,8758.75,332
SHP003078,WH0002,DC0003,PRD0112,road,2026-06-06,2026-06-07,1,1,109.97,55
SHP003079,WH0003,DC0006,PRD0062,ocean,2025-08-15,2025-08-28,14,13,9964.2,324
SHP003080,WH0001,DC0005,PRD0015,ocean,2024-10-31,2024-11-17,13,17,4858.54,176
SHP003081,WH0001,DC0004,PRD0063,road,2026-06-21,2026-06-22,1,1,431.31,219
SHP003082,WH0009,DC0002,PRD0023,ocean,2026-02-04,2026-02-28,25,24,36720.86,603
SHP003083,WH0002,DC0006,PRD0112,ocean,2025-09-03,2025-09-16,16,13,4075.78,113
SHP003084,WH0006,DC0006,PRD0030,ocean,2026-06-19,2026-07-18,30,29,5147.4,69
SHP003085,WH0007,DC0001,PRD0117,air,2026-04-08,2026-04-11,3,3,51979.84,172
SHP003086,WH0008,DC0001,PRD0015,air,2026-01-08,2026-01-12,3,4,33979.23,151
SHP003087,WH0010,DC0006,PRD0080,ocean,2025-11-28,2025-12-11,12,13,2302.2,90
SHP003088,WH0001,DC0003,PRD0045,ocean,2024-11-30,2024-12-24,25,24,34132.95,563
SHP003089,WH0001,DC0002,PRD0031,ocean,2026-03-07,2026-04-02,25,26,23416.47,388
SHP003090,WH0009,DC0003,PRD0004,air,2025-01-07,2025-01-12,5,5,100020.61,218
SHP003091,WH0010,DC0006,PRD0036,ocean,2026-08-19,2026-08-28,12,9,4041.64,158
SHP003092,WH0008,DC0006,PRD0003,ocean,2026-08-10,2026-08-28,19,18,3758.91,88
SHP003093,WH0009,DC0005,PRD0042,ocean,2026-04-13,2026-04-27,13,14,3392.56,121
SHP003094,WH0005,DC0001,PRD0128,air,2024-12-04,2024-12-05,2,1,20403.09,187
SHP003095,WH0006,DC0003,PRD0089,air,2025-07-08,2025-07-13,6,5,381946.83,563
SHP003096,WH0006,DC0006,PRD0134,ocean,2026-08-22,2026-09-20,30,29,17232.59,231
SHP003097,WH0005,DC0004,PRD0133,rail,2025-07-17,2025-07-24,8,7,6656.96,139
SHP003098,WH0007,DC0004,PRD0067,road,2026-08-29,2026-08-30,1,1,1023.09,258
SHP003099,WH0004,DC0003,PRD0043,ocean,2025-12-03,2025-12-19,16,16,7023.96,200
SHP003100,WH0006,DC0002,PRD0096,air,2026-05-02,2026-05-07,6,5,65590.0,96
SHP003101,WH0010,DC0003,PRD0033,air,2025-03-10,2025-03-14,4,4,60274.19,139
SHP003102,WH0009,DC0005,PRD0069,ocean,2026-06-27,2026-07-08,13,11,4542.11,162
SHP003103,WH0007,DC0003,PRD0031,ocean,2026-06-29,2026-07-27,26,28,44083.58,717
SHP003104,WH0004,DC0004,PRD0008,ocean,2024-10-22,2024-11-03,14,12,9134.58,307
SHP003105,WH0005,DC0004,PRD0086,air,2025-06-12,2025-06-15,3,3,23275.42,108
SHP003106,WH0008,DC0004,PRD0110,ocean,2025-06-19,2025-07-11,22,22,10613.94,204
SHP003107,WH0010,DC0002,PRD0070,ocean,2025-04-28,2025-05-22,24,24,4662.04,81
SHP003108,WH0001,DC0001,PRD0135,ocean,2025-03-23,2025-04-12,17,20,4245.65,108
SHP003109,WH0004,DC0003,PRD0017,ocean,2025-08-02,2025-08-21,16,19,5935.24,169
SHP003110,WH0010,DC0002,PRD0068,ocean,2026-05-31,2026-06-28,24,28,7770.07,135
SHP003111,WH0006,DC0005,PRD0148,ocean,2026-03-29,2026-04-28,30,30,13862.76,186
SHP003112,WH0003,DC0001,PRD0020,ocean,2025-11-30,2025-12-19,19,19,1402.05,33
SHP003113,WH0004,DC0004,PRD0128,rail,2025-09-18,2025-09-26,8,8,6149.23,124
SHP003114,WH0010,DC0004,PRD0117,road,2025-07-05,2025-07-06,1,1,1862.75,177
SHP003115,WH0005,DC0006,PRD0131,rail,2025-07-01,2025-07-02,1,1,390.71,238
SHP003116,WH0002,DC0003,PRD0093,road,2024-12-20,2024-12-21,1,1,193.96,97
SHP003117,WH0010,DC0004,PRD0015,road,2025-11-04,2025-11-05,1,1,1031.35,98
SHP003118,WH0004,DC0004,PRD0128,air,2026-03-08,2026-03-10,3,2,25886.26,116
SHP003119,WH0001,DC0006,PRD0146,rail,2026-07-18,2026-07-25,8,7,4851.66,105
SHP003120,WH0010,DC0001,PRD0043,ocean,2026-07-07,2026-07-24,16,17,4064.02,111
SHP003121,WH0008,DC0004,PRD0095,ocean,2025-10-17,2025-11-04,22,18,4890.74,94
SHP003122,WH0007,DC0004,PRD0041,road,2024-11-16,2024-11-17,1,1,1261.02,318
SHP003123,WH0001,DC0003,PRD0066,ocean,2025-03-30,2025-04-25,25,26,15702.37,259
SHP003124,WH0004,DC0005,PRD0027,rail,2025-09-27,2025-09-28,1,1,425.82,138
SHP003125,WH0005,DC0002,PRD0147,rail,2025-05-11,2025-05-22,10,11,9840.05,168
SHP003126,WH0005,DC0005,PRD0030,road,2025-06-29,2025-06-30,1,1,523.82,144
SHP003127,WH0006,DC0003,PRD0059,ocean,2025-06-09,2025-07-14,36,35,34011.13,376
SHP003128,WH0004,DC0004,PRD0131,rail,2025-08-22,2025-08-30,8,8,5702.91,115
SHP003129,WH0009,DC0006,PRD0001,rail,2025-11-20,2025-11-28,8,8,10137.18,216
SHP003130,WH0002,DC0001,PRD0012,air,2024-10-01,2024-10-02,2,1,28628.47,180
SHP003131,WH0005,DC0005,PRD0004,road,2025-03-22,2025-03-23,1,1,974.88,268
SHP003132,WH0008,DC0006,PRD0063,air,2024-12-17,2024-12-19,3,2,43248.81,135
SHP003133,WH0008,DC0003,PRD0012,ocean,2025-11-19,2025-12-01,13,12,6806.5,258
SHP003134,WH0008,DC0006,PRD0121,ocean,2026-01-20,2026-02-07,19,18,5809.22,136
SHP003135,WH0002,DC0004,PRD0094,ocean,2024-10-02,2024-10-24,25,22,41045.65,678
SHP003136,WH0006,DC0004,PRD0099,air,2026-06-11,2026-06-14,4,3,53298.92,150
SHP003137,WH0001,DC0005,PRD0039,ocean,2025-05-02,2025-05-14,13,12,1187.03,43
SHP003138,WH0006,DC0003,PRD0046,air,2025-02-23,2025-02-28,6,5,214378.68,316
SHP003139,WH0009,DC0006,PRD0010,air,2026-02-27,2026-03-02,3,3,9503.6,45
SHP003140,WH0002,DC0005,PRD0142,air,2026-07-04,2026-07-07,3,3,11972.31,44
SHP003141,WH0005,DC0002,PRD0108,rail,2026-06-17,2026-06-26,10,9,4920.03,84
SHP003142,WH0004,DC0006,PRD0058,road,2024-09-18,2024-09-19,1,1,1358.19,268
SHP003143,WH0005,DC0003,PRD0083,ocean,2026-04-20,2026-05-04,16,14,11642.27,326
SHP003144,WH0003,DC0002,PRD0064,air,2025-04-12,2025-04-17,5,5,58097.4,122
SHP003145,WH0005,DC0001,PRD0107,ocean,2025-03-26,2025-04-01,8,6,5819.06,400
SHP003146,WH0004,DC0002,PRD0082,rail,2025-08-26,2025-09-04,10,9,3395.33,59
SHP003147,WH0005,DC0006,PRD0070,road,2026-01-22,2026-01-23,1,1,446.19,151
SHP003148,WH0007,DC0002,PRD0020,ocean,2024-11-14,2024-12-08,25,24,6429.15,105
SHP003149,WH0003,DC0005,PRD0147,rail,2026-05-27,2026-06-03,9,7,22256.49,436
SHP003150,WH0010,DC0002,PRD0096,ocean,2024-12-10,2025-01-02,24,23,47080.86,818
SHP003151,WH0005,DC0006,PRD0031,road,2026-08-12,2026-08-13,1,1,180.25,61
SHP003152,WH0002,DC0002,PRD0129,road,2025-07-22,2025-07-23,1,1,477.87,160
SHP003153,WH0007,DC0003,PRD0014,ocean,2026-04-26,2026-05-24,26,28,12972.99,211
SHP003154,WH0007,DC0001,PRD0046,air,2025-03-18,2025-03-20,3,2,73436.63,243
SHP003155,WH0006,DC0004,PRD0058,air,2025-07-03,2025-07-06,4,3,25228.15,71
SHP003156,WH0007,DC0001,PRD0133,ocean,2025-12-16,2026-01-03,18,18,16158.07,401
SHP003157,WH0001,DC0003,PRD0012,ocean,2025-01-18,2025-02-12,25,25,21825.69,360
SHP003158,WH0002,DC0006,PRD0103,ocean,2025-02-04,2025-02-19,16,15,3751.16,104
SHP003159,WH0002,DC0001,PRD0018,air,2026-04-25,2026-04-26,2,1,24175.16,152
SHP003160,WH0002,DC0003,PRD0120,road,2026-02-23,2026-02-24,1,1,1111.74,556
SHP003161,WH0004,DC0002,PRD0073,ocean,2026-03-09,2026-03-24,16,15,11843.39,343
SHP003162,WH0005,DC0006,PRD0080,rail,2026-05-26,2026-05-27,1,1,165.8,101
SHP003163,WH0009,DC0005,PRD0084,air,2026-04-23,2026-04-26,3,3,36168.67,172
SHP003164,WH0010,DC0003,PRD0023,ocean,2025-09-13,2025-10-08,24,25,5666.06,98
SHP003165,WH0007,DC0001,PRD0142,ocean,2024-12-28,2025-01-15,18,18,3545.91,88
SHP003166,WH0001,DC0002,PRD0117,ocean,2025-04-17,2025-05-11,25,24,8630.3,143
SHP003167,WH0001,DC0006,PRD0003,ocean,2025-09-06,2025-09-19,13,13,2827.82,102
SHP003168,WH0001,DC0001,PRD0095,ocean,2024-12-11,2024-12-27,17,16,3066.31,78
SHP003169,WH0010,DC0002,PRD0052,air,2026-05-15,2026-05-19,4,4,81585.71,189
SHP003170,WH0006,DC0004,PRD0075,ocean,2026-06-04,2026-06-24,20,20,4169.16,88
SHP003171,WH0010,DC0004,PRD0145,road,2024-09-25,2024-09-26,1,1,2336.32,222
SHP003172,WH0004,DC0005,PRD0078,road,2025-01-21,2025-01-22,1,1,460.99,83
SHP003173,WH0005,DC0004,PRD0063,rail,2026-05-01,2026-05-09,8,8,6321.72,132
SHP003174,WH0002,DC0004,PRD0119,ocean,2026-05-04,2026-05-28,25,24,10715.46,177
SHP003175,WH0001,DC0003,PRD0095,air,2025-03-04,2025-03-09,5,5,89121.57,196
SHP003176,WH0004,DC0005,PRD0127,road,2025-08-01,2025-08-02,1,1,1266.34,228
SHP003177,WH0002,DC0004,PRD0051,ocean,2026-07-02,2026-07-28,25,26,10352.22,171
SHP003178,WH0002,DC0002,PRD0140,road,2026-01-28,2026-01-29,1,1,1185.71,397
SHP003179,WH0007,DC0002,PRD0063,ocean,2025-03-21,2025-04-13,25,23,4347.33,71
SHP003180,WH0008,DC0005,PRD0039,ocean,2026-04-24,2026-05-12,19,18,14037.66,327
SHP003181,WH0003,DC0002,PRD0002,ocean,2025-09-05,2025-10-01,26,26,4571.6,72
SHP003182,WH0007,DC0001,PRD0105,ocean,2025-12-09,2025-12-26,18,17,16883.37,419
SHP003183,WH0009,DC0004,PRD0007,road,2024-12-02,2024-12-03,1,1,232.2,258
SHP003184,WH0004,DC0004,PRD0060,ocean,2024-09-26,2024-10-09,14,13,1815.01,61
SHP003185,WH0001,DC0003,PRD0139,air,2025-06-01,2025-06-06,5,5,66386.47,146
SHP003186,WH0008,DC0002,PRD0089,rail,2025-11-09,2025-11-16,8,7,3023.97,67
SHP003187,WH0004,DC0001,PRD0003,rail,2025-01-10,2025-01-16,5,6,4746.93,200
SHP003188,WH0005,DC0001,PRD0086,air,2026-05-28,2026-05-29,2,1,28804.36,264
SHP003189,WH0003,DC0004,PRD0001,road,2025-11-04,2025-11-05,1,1,509.11,63
SHP003190,WH0007,DC0006,PRD0097,rail,2025-05-15,2025-05-21,8,6,19969.56,414
SHP003191,WH0004,DC0004,PRD0079,ocean,2024-12-31,2025-01-15,14,15,6873.25,231
SHP003192,WH0008,DC0006,PRD0027,ocean,2026-06-15,2026-07-03,19,18,5125.79,120
SHP003193,WH0001,DC0006,PRD0053,rail,2026-03-01,2026-03-10,8,9,4343.39,94
SHP003194,WH0005,DC0004,PRD0136,air,2026-01-17,2026-01-20,3,3,13792.84,64
SHP003195,WH0004,DC0003,PRD0061,ocean,2025-03-29,2025-04-12,16,14,11624.65,331
SHP003196,WH0003,DC0006,PRD0108,ocean,2025-06-11,2025-06-25,14,14,21927.4,713
SHP003197,WH0007,DC0005,PRD0126,ocean,2024-12-31,2025-01-14,14,14,2507.9,87
SHP003198,WH0001,DC0001,PRD0016,ocean,2025-10-24,2025-11-10,17,17,6761.6,172
SHP003199,WH0004,DC0006,PRD0037,rail,2026-08-05,2026-08-07,1,2,289.99,103
SHP003200,WH0008,DC0006,PRD0072,ocean,2026-05-19,2026-06-06,19,18,38955.97,912
SHP003201,WH0002,DC0005,PRD0024,ocean,2025-12-17,2026-01-03,16,17,21622.72,596
SHP003202,WH0010,DC0002,PRD0012,air,2026-01-09,2026-01-12,4,3,96262.51,223
SHP003203,WH0004,DC0005,PRD0060,road,2025-03-18,2025-03-19,1,1,2010.6,362
SHP003204,WH0004,DC0001,PRD0134,rail,2025-06-28,2025-07-03,5,5,8971.7,378
SHP003205,WH0009,DC0001,PRD0106,ocean,2024-09-18,2024-10-05,18,17,10996.07,276
SHP003206,WH0003,DC0003,PRD0096,ocean,2026-03-24,2026-04-19,26,26,35385.87,555
SHP003207,WH0010,DC0001,PRD0118,ocean,2026-03-15,2026-03-31,16,16,5345.46,146
SHP003208,WH0010,DC0002,PRD0022,air,2024-09-10,2024-09-13,4,3,147631.29,342
SHP003209,WH0008,DC0004,PRD0149,ocean,2026-06-27,2026-07-21,22,24,7960.45,153
SHP003210,WH0006,DC0003,PRD0025,ocean,2025-12-17,2026-01-23,36,37,13568.27,150
SHP003211,WH0001,DC0003,PRD0130,ocean,2025-11-14,2025-12-08,25,24,22735.09,375
SHP003212,WH0006,DC0003,PRD0035,ocean,2024-09-10,2024-10-16,36,36,5789.13,64
SHP003213,WH0001,DC0001,PRD0101,ocean,2025-03-06,2025-03-22,17,16,12304.53,313
SHP003214,WH0004,DC0002,PRD0020,ocean,2026-04-11,2026-04-28,16,17,3694.58,107
SHP003215,WH0008,DC0002,PRD0146,air,2025-04-13,2025-04-15,3,2,26403.33,130
SHP003216,WH0007,DC0004,PRD0016,road,2026-08-07,2026-08-08,1,1,567.06,143
SHP003217,WH0005,DC0001,PRD0112,air,2025-12-14,2025-12-15,2,1,19093.8,175
SHP003218,WH0005,DC0005,PRD0034,road,2025-07-08,2025-07-09,1,1,731.16,201
SHP003219,WH0004,DC0003,PRD0061,ocean,2025-06-04,2025-06-20,16,16,19280.76,549
SHP003220,WH0006,DC0003,PRD0075,ocean,2025-05-15,2025-06-19,36,35,21799.69,241
SHP003221,WH0003,DC0002,PRD0067,ocean,2025-03-05,2025-03-29,26,24,4127.14,65
SHP003222,WH0001,DC0005,PRD0081,ocean,2025-08-08,2025-08-19,13,11,9551.45,346
SHP003223,WH0009,DC0005,PRD0101,ocean,2026-01-08,2026-01-22,13,14,2551.43,91
SHP003224,WH0008,DC0002,PRD0084,air,2026-04-25,2026-04-28,3,3,31277.8,154
SHP003225,WH0004,DC0001,PRD0082,ocean,2025-06-19,2025-06-25,8,6,2307.01,162
SHP003226,WH0010,DC0003,PRD0116,air,2024-11-17,2024-11-21,4,4,62442.33,144
SHP003227,WH0002,DC0001,PRD0070,rail,2025-09-10,2025-09-16,6,6,5513.63,156
SHP003228,WH0007,DC0002,PRD0060,air,2025-12-28,2026-01-01,5,4,34901.07,76
SHP003229,WH0008,DC0006,PRD0020,ocean,2026-05-09,2026-05-30,19,21,14565.77,341
SHP003230,WH0005,DC0006,PRD0052,rail,2025-06-02,2025-06-03,1,1,377.57,230
SHP003231,WH0004,DC0006,PRD0035,road,2025-12-17,2025-12-18,1,1,917.28,181
SHP003232,WH0002,DC0002,PRD0150,road,2025-11-20,2025-11-21,1,1,890.03,298
SHP003233,WH0004,DC0005,PRD0028,rail,2025-04-08,2025-04-09,1,1,438.16,142
SHP003234,WH0001,DC0006,PRD0040,air,2024-11-21,2024-11-23,3,2,83379.18,401
SHP003235,WH0006,DC0006,PRD0028,ocean,2024-10-20,2024-11-18,30,29,6042.6,81
SHP003236,WH0004,DC0005,PRD0043,road,2026-08-22,2026-08-23,1,1,277.71,50
SHP003237,WH0002,DC0002,PRD0116,road,2025-12-13,2025-12-15,1,2,612.27,205
SHP003238,WH0001,DC0003,PRD0120,ocean,2026-05-22,2026-06-15,25,24,5456.42,90
SHP003239,WH0003,DC0005,PRD0081,rail,2025-03-12,2025-03-20,9,8,5972.5,117
SHP003240,WH0004,DC0006,PRD0105,road,2026-02-02,2026-02-03,1,1,841.27,166
SHP003241,WH0001,DC0002,PRD0031,air,2026-06-13,2026-06-18,5,5,94148.71,208
SHP003242,WH0006,DC0002,PRD0138,air,2025-04-08,2025-04-14,6,6,418136.27,612
SHP003243,WH0001,DC0003,PRD0092,ocean,2024-12-21,2025-01-14,25,24,6911.47,114
SHP003244,WH0010,DC0003,PRD0054,air,2026-03-13,2026-03-15,4,2,83690.07,193
SHP003245,WH0005,DC0006,PRD0116,road,2026-06-19,2026-06-20,1,1,623.49,211
SHP003246,WH0006,DC0002,PRD0079,ocean,2026-04-11,2026-05-18,36,37,18857.13,207
SHP003247,WH0003,DC0004,PRD0119,road,2026-04-09,2026-04-10,1,1,2529.41,313
SHP003248,WH0008,DC0005,PRD0068,air,2025-11-13,2025-11-16,4,3,36060.03,112
SHP003249,WH0002,DC0003,PRD0031,rail,2025-12-27,2025-12-28,1,1,225.5,203
SHP003250,WH0006,DC0002,PRD0024,ocean,2026-01-11,2026-02-16,36,36,24687.35,271
SHP003251,WH0010,DC0005,PRD0041,air,2026-02-09,2026-02-11,2,2,5923.49,31
SHP003252,WH0002,DC0003,PRD0078,rail,2025-12-23,2025-12-24,1,1,192.18,173
SHP003253,WH0007,DC0002,PRD0011,ocean,2026-08-29,2026-09-24,25,26,10225.4,167
SHP003254,WH0006,DC0004,PRD0056,ocean,2025-03-11,2025-03-31,20,20,9143.73,193
SHP003255,WH0001,DC0005,PRD0084,air,2025-07-04,2025-07-06,3,2,50310.75,243
SHP003256,WH0004,DC0002,PRD0038,air,2025-06-12,2025-06-15,3,3,42729.42,165
SHP003257,WH0008,DC0004,PRD0024,ocean,2024-09-29,2024-10-20,22,21,13007.28,250
SHP003258,WH0008,DC0002,PRD0064,ocean,2026-01-31,2026-02-14,13,14,4197.45,155
SHP003259,WH0004,DC0004,PRD0092,air,2025-10-24,2025-10-27,3,3,14505.23,65
SHP003260,WH0006,DC0001,PRD0102,air,2025-01-19,2025-01-25,6,6,34371.47,57
SHP003261,WH0009,DC0005,PRD0132,ocean,2026-02-13,2026-02-25,13,12,3588.83,128
SHP003262,WH0006,DC0006,PRD0013,ocean,2025-02-12,2025-03-11,30,27,4774.4,64
SHP003263,WH0005,DC0003,PRD0077,rail,2025-09-27,2025-10-06,10,9,18034.81,303
SHP003264,WH0005,DC0001,PRD0067,ocean,2026-03-27,2026-04-03,8,7,1833.0,126
SHP003265,WH0010,DC0003,PRD0045,ocean,2026-06-24,2026-07-19,24,25,19310.87,334
SHP003266,WH0001,DC0002,PRD0008,ocean,2026-01-04,2026-01-29,25,25,16234.62,269
SHP003267,WH0006,DC0004,PRD0104,ocean,2025-09-07,2025-09-26,20,19,5732.59,121
SHP003268,WH0009,DC0004,PRD0116,rail,2026-05-10,2026-05-11,1,1,152.0,304
SHP003269,WH0005,DC0003,PRD0143,air,2026-05-07,2026-05-10,3,3,21695.34,81
SHP003270,WH0003,DC0004,PRD0141,road,2026-06-02,2026-06-03,1,1,913.17,113
SHP003271,WH0003,DC0001,PRD0064,ocean,2025-01-13,2025-01-30,19,17,16527.24,389
SHP003272,WH0008,DC0001,PRD0025,ocean,2024-11-13,2024-11-26,14,13,15121.88,504
SHP003273,WH0001,DC0001,PRD0119,air,2024-12-05,2024-12-08,3,3,85207.91,289
SHP003274,WH0001,DC0001,PRD0027,ocean,2025-03-10,2025-03-28,17,18,21503.45,547
SHP003275,WH0007,DC0001,PRD0036,ocean,2026-04-13,2026-05-01,18,18,56452.52,1401
SHP003276,WH0010,DC0002,PRD0032,ocean,2026-03-11,2026-04-04,24,24,68549.26,1191
SHP003277,WH0004,DC0002,PRD0004,ocean,2025-01-14,2025-01-29,16,15,3211.18,93
SHP003278,WH0003,DC0004,PRD0016,rail,2026-01-10,2026-01-12,2,2,700.37,156
SHP003279,WH0001,DC0001,PRD0057,air,2025-05-05,2025-05-07,3,2,54544.86,185
SHP003280,WH0007,DC0004,PRD0034,rail,2024-11-07,2024-11-08,1,1,511.11,232
SHP003281,WH0009,DC0002,PRD0051,air,2025-05-19,2025-05-24,5,5,45672.72,100
SHP003282,WH0003,DC0006,PRD0103,ocean,2026-02-26,2026-03-14,14,16,4982.1,162
SHP003283,WH0001,DC0002,PRD0096,air,2025-04-14,2025-04-17,5,3,72874.72,161
SHP003284,WH0001,DC0004,PRD0022,road,2026-03-30,2026-03-31,1,1,271.78,138
SHP003285,WH0004,DC0003,PRD0150,rail,2025-05-02,2025-05-13,10,11,17208.69,294
SHP003286,WH0001,DC0006,PRD0067,ocean,2025-03-12,2025-03-27,13,15,6515.08,235
SHP003287,WH0010,DC0005,PRD0020,rail,2025-04-05,2025-04-13,7,8,18428.65,434
SHP003288,WH0006,DC0001,PRD0006,air,2026-05-14,2026-05-19,6,5,718785.76,1192
SHP003289,WH0002,DC0003,PRD0017,rail,2025-08-11,2025-08-13,1,2,115.53,104
SHP003290,WH0005,DC0002,PRD0051,ocean,2026-05-26,2026-06-13,16,18,3795.45,108
SHP003291,WH0009,DC0005,PRD0114,ocean,2025-11-01,2025-11-13,13,12,4458.0,159
SHP003292,WH0010,DC0004,PRD0033,road,2026-07-21,2026-07-22,1,1,2673.09,254
SHP003293,WH0009,DC0001,PRD0024,ocean,2024-10-25,2024-11-11,18,17,4023.92,101
SHP003294,WH0004,DC0005,PRD0085,road,2026-06-11,2026-06-12,1,1,316.59,57
SHP003295,WH0006,DC0002,PRD0032,ocean,2025-09-02,2025-10-08,36,36,23958.57,263
SHP003296,WH0001,DC0001,PRD0011,air,2026-05-26,2026-05-28,3,2,34201.1,116
SHP003297,WH0006,DC0001,PRD0119,ocean,2025-06-08,2025-07-10,32,32,32482.04,404
SHP003298,WH0008,DC0005,PRD0013,ocean,2025-04-08,2025-05-01,19,23,4035.29,94
SHP003299,WH0009,DC0006,PRD0044,ocean,2024-10-13,2024-10-25,13,12,1351.62,48
SHP003300,WH0004,DC0003,PRD0147,air,2026-05-17,2026-05-20,3,3,29500.62,112
SHP003301,WH0002,DC0006,PRD0111,ocean,2024-12-12,2024-12-27,16,15,8043.36,223
SHP003302,WH0002,DC0003,PRD0102,rail,2025-01-27,2025-01-28,1,1,316.59,285
SHP003303,WH0010,DC0005,PRD0128,air,2025-06-28,2025-07-01,2,3,38216.09,200
SHP003304,WH0006,DC0002,PRD0008,ocean,2025-10-22,2025-11-28,36,37,44819.84,492
SHP003305,WH0006,DC0003,PRD0098,air,2026-06-24,2026-06-29,6,5,152643.05,225
SHP003306,WH0004,DC0003,PRD0110,ocean,2025-08-02,2025-08-17,16,15,2247.67,64
SHP003307,WH0010,DC0006,PRD0045,rail,2025-04-21,2025-04-29,7,8,14324.81,336
SHP003308,WH0007,DC0005,PRD0091,ocean,2026-02-05,2026-02-16,14,11,1210.71,42
SHP003309,WH0003,DC0006,PRD0055,rail,2026-03-23,2026-03-31,9,8,4971.85,97
SHP003310,WH0006,DC0005,PRD0048,ocean,2025-08-23,2025-09-21,30,29,11105.12,149
SHP003311,WH0001,DC0001,PRD0071,ocean,2025-12-06,2025-12-21,17,15,7233.34,184
SHP003312,WH0001,DC0005,PRD0072,rail,2025-01-10,2025-01-18,8,8,11732.27,255
SHP003313,WH0007,DC0006,PRD0115,rail,2025-12-08,2025-12-14,8,6,15773.06,327
SHP003314,WH0009,DC0004,PRD0039,road,2024-09-07,2024-09-08,1,1,234.9,261
SHP003315,WH0010,DC0005,PRD0009,ocean,2025-03-21,2025-04-01,12,11,20509.3,805
SHP003316,WH0004,DC0004,PRD0063,rail,2026-03-10,2026-03-18,8,8,27671.51,558
SHP003317,WH0010,DC0001,PRD0076,air,2025-01-04,2025-01-07,3,3,54644.55,199
SHP003318,WH0006,DC0001,PRD0128,ocean,2026-03-13,2026-04-13,32,31,29828.81,371
SHP003319,WH0008,DC0006,PRD0106,air,2025-08-25,2025-08-27,3,2,24347.48,76
SHP003320,WH0006,DC0003,PRD0141,ocean,2026-03-12,2026-04-16,36,35,8683.69,96
SHP003321,WH0004,DC0004,PRD0123,air,2024-11-06,2024-11-08,3,2,32134.66,144
SHP003322,WH0004,DC0006,PRD0016,rail,2025-11-24,2025-11-25,1,1,59.13,21
SHP003323,WH0004,DC0004,PRD0023,ocean,2025-12-07,2025-12-21,14,14,11812.46,397
SHP003324,WH0002,DC0006,PRD0072,ocean,2025-06-23,2025-07-08,16,15,9738.6,270
SHP003325,WH0001,DC0001,PRD0099,ocean,2026-08-05,2026-08-21,17,16,33925.92,863
SHP003326,WH0003,DC0004,PRD0036,rail,2025-06-09,2025-06-10,2,1,242.44,54
SHP003327,WH0010,DC0006,PRD0108,rail,2024-10-01,2024-10-08,7,7,3709.1,87
SHP003328,WH0005,DC0005,PRD0052,rail,2025-01-26,2025-01-27,1,1,658.81,326
SHP003329,WH0002,DC0004,PRD0135,ocean,2025-06-01,2025-06-23,25,22,45222.87,747
SHP003330,WH0008,DC0001,PRD0064,ocean,2024-09-14,2024-09-24,14,10,3420.43,114
SHP003331,WH0002,DC0006,PRD0140,ocean,2025-04-25,2025-05-10,16,15,3931.51,109
SHP003332,WH0010,DC0002,PRD0005,ocean,2026-05-01,2026-05-24,24,23,13295.45,231
SHP003333,WH0008,DC0003,PRD0098,air,2025-01-20,2025-01-22,3,2,32449.6,164
SHP003334,WH0003,DC0001,PRD0092,air,2026-01-08,2026-01-10,3,2,129689.96,407
SHP003335,WH0005,DC0005,PRD0123,road,2025-12-02,2025-12-03,1,1,1211.33,333
SHP003336,WH0009,DC0005,PRD0140,ocean,2025-03-03,2025-03-15,13,12,7682.34,274
SHP003337,WH0002,DC0002,PRD0125,rail,2026-01-20,2026-01-21,1,1,214.05,129
SHP003338,WH0006,DC0005,PRD0089,ocean,2025-05-11,2025-06-09,30,29,6409.67,86
SHP003339,WH0001,DC0003,PRD0145,air,2024-12-06,2024-12-11,5,5,140502.88,309
SHP003340,WH0002,DC0006,PRD0129,air,2025-06-09,2025-06-11,3,2,56267.44,208
SHP003341,WH0009,DC0004,PRD0083,road,2025-11-05,2025-11-06,1,1,42.3,47
SHP003342,WH0002,DC0003,PRD0100,road,2025-01-03,2025-01-04,1,1,555.87,278
SHP003343,WH0002,DC0003,PRD0070,rail,2026-04-25,2026-04-26,1,1,195.51,176
SHP003344,WH0004,DC0003,PRD0047,ocean,2025-04-08,2025-04-23,16,15,9763.3,278
SHP003345,WH0010,DC0002,PRD0007,ocean,2025-04-03,2025-04-24,24,21,32461.62,564
SHP003346,WH0010,DC0001,PRD0082,ocean,2026-02-14,2026-03-02,16,16,8237.87,225
SHP003347,WH0006,DC0002,PRD0057,ocean,2025-11-10,2025-12-14,36,34,36165.6,397
SHP003348,WH0009,DC0002,PRD0008,ocean,2025-05-07,2025-05-29,25,22,9073.65,149
SHP003349,WH0009,DC0001,PRD0072,air,2026-06-10,2026-06-12,3,2,31374.65,105
SHP003350,WH0008,DC0006,PRD0015,air,2026-08-27,2026-08-29,3,2,81051.48,253
SHP003351,WH0001,DC0002,PRD0121,ocean,2025-05-10,2025-06-01,25,22,18165.87,301
SHP003352,WH0005,DC0004,PRD0136,ocean,2026-06-20,2026-07-05,14,15,2270.07,79
SHP003353,WH0006,DC0002,PRD0092,ocean,2025-05-22,2025-06-25,36,34,34708.04,381
SHP003354,WH0005,DC0005,PRD0150,road,2025-01-18,2025-01-19,1,1,320.11,88
SHP003355,WH0007,DC0002,PRD0060,ocean,2026-07-24,2026-08-18,25,25,9613.1,157
SHP003356,WH0003,DC0004,PRD0041,road,2026-07-02,2026-07-03,1,1,1882.91,233
SHP003357,WH0005,DC0002,PRD0026,ocean,2025-06-23,2025-07-07,16,14,8574.9,244
SHP003358,WH0005,DC0001,PRD0064,ocean,2025-02-16,2025-02-22,8,6,5629.94,387
SHP003359,WH0010,DC0002,PRD0062,ocean,2026-02-13,2026-03-09,24,24,5295.16,92
SHP003360,WH0009,DC0005,PRD0069,ocean,2024-12-08,2024-12-20,13,12,1345.81,48
SHP003361,WH0009,DC0006,PRD0137,ocean,2026-02-18,2026-03-03,13,13,8025.26,285
SHP003362,WH0001,DC0002,PRD0015,ocean,2025-11-06,2025-11-29,25,23,12432.46,206
SHP003363,WH0006,DC0002,PRD0057,ocean,2025-01-04,2025-02-12,36,39,44455.45,488
SHP003364,WH0008,DC0006,PRD0148,ocean,2025-05-28,2025-06-17,19,20,5638.36,132
SHP003365,WH0008,DC0004,PRD0100,air,2025-12-20,2025-12-24,4,4,25754.41,66
SHP003366,WH0002,DC0003,PRD0091,road,2024-10-01,2024-10-02,1,1,627.86,314
SHP003367,WH0009,DC0004,PRD0045,road,2026-06-02,2026-06-03,1,1,247.5,275
SHP003368,WH0002,DC0005,PRD0046,ocean,2025-03-08,2025-03-24,16,16,4643.8,128
SHP003369,WH0007,DC0001,PRD0061,ocean,2025-09-27,2025-10-13,18,16,7897.71,196
SHP003370,WH0008,DC0002,PRD0082,rail,2024-10-09,2024-10-16,8,7,6544.42,145
SHP003371,WH0001,DC0006,PRD0092,air,2026-08-27,2026-08-29,3,2,67784.57,326
SHP003372,WH0008,DC0004,PRD0008,air,2025-12-28,2026-01-01,4,4,80775.2,207
SHP003373,WH0002,DC0005,PRD0091,ocean,2025-12-22,2026-01-06,16,15,19228.25,530
SHP003374,WH0004,DC0005,PRD0146,rail,2024-09-18,2024-09-19,1,1,299.31,97
SHP003375,WH0004,DC0003,PRD0145,ocean,2026-01-17,2026-02-02,16,16,9096.02,259
SHP003376,WH0005,DC0006,PRD0037,road,2025-07-03,2025-07-04,1,1,1335.62,452
SHP003377,WH0005,DC0006,PRD0145,road,2025-06-07,2025-06-08,1,1,558.48,189
SHP003378,WH0006,DC0003,PRD0049,ocean,2025-10-06,2025-11-13,36,38,4251.39,47
SHP003379,WH0008,DC0005,PRD0127,ocean,2025-08-14,2025-08-31,19,17,19790.09,461
SHP003380,WH0010,DC0005,PRD0139,ocean,2024-12-24,2025-01-06,12,13,2878.95,113
SHP003381,WH0010,DC0004,PRD0080,rail,2026-01-21,2026-01-22,2,1,2438.06,417
SHP003382,WH0010,DC0004,PRD0045,road,2025-12-05,2025-12-06,1,1,568.3,54
SHP003383,WH0010,DC0001,PRD0126,ocean,2025-04-10,2025-04-26,16,16,7322.55,200
SHP003384,WH0004,DC0001,PRD0010,ocean,2025-12-28,2026-01-03,8,6,1310.15,92
SHP003385,WH0010,DC0004,PRD0024,road,2025-12-28,2025-12-29,1,1,2231.09,212
SHP003386,WH0008,DC0005,PRD0015,ocean,2025-03-19,2025-04-05,19,17,8456.94,197
SHP003387,WH0009,DC0001,PRD0060,ocean,2025-11-17,2025-12-04,18,17,6015.96,151
SHP003388,WH0005,DC0002,PRD0057,rail,2024-12-12,2024-12-23,10,11,8024.33,137
SHP003389,WH0008,DC0006,PRD0006,air,2026-04-30,2026-05-03,3,3,61189.06,191
SHP003390,WH0008,DC0003,PRD0135,ocean,2024-11-19,2024-12-02,13,13,3192.2,121
SHP003391,WH0002,DC0003,PRD0123,road,2026-02-07,2026-02-08,1,1,319.93,160
SHP003392,WH0007,DC0001,PRD0001,ocean,2024-11-28,2024-12-16,18,18,19542.81,485
SHP003393,WH0007,DC0003,PRD0085,ocean,2024-11-25,2024-12-19,26,24,7316.52,119
SHP003394,WH0004,DC0006,PRD0052,road,2024-11-20,2024-11-21,1,1,739.91,146
SHP003395,WH0004,DC0001,PRD0034,air,2025-01-26,2025-01-27,2,1,18584.23,174
SHP003396,WH0002,DC0004,PRD0088,air,2025-01-27,2025-01-30,5,3,54485.38,120
SHP003397,WH0010,DC0002,PRD0046,ocean,2025-03-13,2025-04-07,24,25,26648.45,463
SHP003398,WH0005,DC0005,PRD0083,rail,2025-09-18,2025-09-19,1,1,428.43,212
SHP003399,WH0001,DC0005,PRD0016,air,2025-01-28,2025-01-31,3,3,24637.78,119
SHP003400,WH0006,DC0001,PRD0006,ocean,2026-01-27,2026-02-28,32,32,8763.72,109
SHP003401,WH0006,DC0001,PRD0038,ocean,2025-04-06,2025-05-09,32,33,40280.95,501
SHP003402,WH0003,DC0002,PRD0037,air,2024-10-02,2024-10-07,5,5,30953.53,65
SHP003403,WH0010,DC0005,PRD0029,ocean,2025-08-30,2025-09-10,12,11,2598.69,102
SHP003404,WH0003,DC0005,PRD0135,rail,2025-02-01,2025-02-09,9,8,9801.03,192
SHP003405,WH0002,DC0004,PRD0094,ocean,2026-07-13,2026-08-07,25,25,3692.9,61
SHP003406,WH0001,DC0005,PRD0019,rail,2025-05-02,2025-05-08,8,6,17069.31,371
SHP003407,WH0002,DC0004,PRD0096,ocean,2024-09-05,2024-09-29,25,24,18464.49,305
SHP003408,WH0004,DC0005,PRD0102,road,2026-01-04,2026-01-05,1,1,366.57,66
SHP003409,WH0010,DC0006,PRD0026,ocean,2026-06-24,2026-07-04,12,10,2225.46,87
SHP003410,WH0009,DC0004,PRD0087,road,2026-05-03,2026-05-04,1,1,182.7,203
SHP003411,WH0009,DC0005,PRD0078,ocean,2026-01-02,2026-01-16,13,14,14215.13,507
SHP003412,WH0009,DC0006,PRD0083,ocean,2024-12-21,2025-01-01,13,11,5181.22,184
SHP003413,WH0003,DC0004,PRD0035,rail,2024-11-08,2024-11-09,2,1,462.42,103
SHP003414,WH0002,DC0001,PRD0041,rail,2025-09-10,2025-09-15,6,5,14102.17,399
SHP003415,WH0008,DC0004,PRD0112,ocean,2026-02-11,2026-03-06,22,23,10926.11,210
SHP003416,WH0009,DC0005,PRD0125,ocean,2024-11-16,2024-11-27,13,11,8775.81,313
SHP003417,WH0002,DC0001,PRD0082,ocean,2025-03-08,2025-03-19,11,11,3456.62,163
SHP003418,WH0009,DC0006,PRD0045,rail,2025-02-18,2025-02-26,8,8,15768.94,336
SHP003419,WH0009,DC0002,PRD0144,ocean,2026-08-22,2026-09-15,25,24,9378.13,154
SHP003420,WH0010,DC0001,PRD0092,ocean,2025-04-06,2025-04-23,16,17,4979.34,136
SHP003421,WH0009,DC0002,PRD0058,ocean,2025-08-07,2025-08-30,25,23,7429.43,122
SHP003422,WH0005,DC0005,PRD0045,road,2024-11-15,2024-11-16,1,1,345.57,95
SHP003423,WH0001,DC0004,PRD0097,rail,2025-01-08,2025-01-09,1,1,161.93,148
SHP003424,WH0009,DC0005,PRD0079,ocean,2024-10-02,2024-10-12,13,10,5831.85,208
SHP003425,WH0007,DC0003,PRD0076,ocean,2025-04-02,2025-04-26,26,24,8853.61,144
SHP003426,WH0002,DC0006,PRD0033,ocean,2026-04-08,2026-04-23,16,15,5013.57,139
SHP003427,WH0006,DC0003,PRD0046,air,2025-04-19,2025-04-25,6,6,136361.12,201
SHP003428,WH0009,DC0003,PRD0001,ocean,2026-02-22,2026-03-17,25,23,10460.87,171
SHP003429,WH0005,DC0002,PRD0147,rail,2024-11-11,2024-11-21,10,10,8141.47,139
SHP003430,WH0009,DC0001,PRD0101,air,2026-03-08,2026-03-10,3,2,251893.59,843
SHP003431,WH0006,DC0003,PRD0146,ocean,2024-10-07,2024-11-14,36,38,17729.21,196
SHP003432,WH0006,DC0005,PRD0009,ocean,2026-05-15,2026-06-14,30,30,49041.39,658
SHP003433,WH0009,DC0005,PRD0047,ocean,2025-12-29,2026-01-11,13,13,4598.19,164
SHP003434,WH0010,DC0005,PRD0082,rail,2025-01-05,2025-01-11,7,6,7770.6,183
SHP003435,WH0007,DC0005,PRD0057,ocean,2025-05-21,2025-06-03,14,13,11357.61,394
SHP003436,WH0010,DC0005,PRD0145,rail,2025-07-18,2025-07-24,7,6,6963.82,164
SHP003437,WH0007,DC0004,PRD0027,road,2025-11-29,2025-11-30,1,1,876.37,221
SHP003438,WH0009,DC0002,PRD0128,ocean,2026-06-03,2026-06-26,25,23,53102.15,872
SHP003439,WH0006,DC0003,PRD0037,ocean,2024-11-10,2024-12-16,36,36,17276.93,191
SHP003440,WH0008,DC0006,PRD0085,air,2026-04-18,2026-04-21,3,3,34919.41,109
SHP003441,WH0003,DC0005,PRD0020,rail,2025-01-14,2025-01-21,9,7,8014.38,157
SHP003442,WH0008,DC0005,PRD0061,air,2025-06-21,2025-06-25,4,4,7083.22,22
SHP003443,WH0005,DC0001,PRD0089,ocean,2026-08-03,2026-08-11,8,8,11565.39,795
SHP003444,WH0004,DC0006,PRD0082,rail,2025-03-20,2025-03-21,1,1,639.11,227
SHP003445,WH0009,DC0004,PRD0043,road,2025-06-11,2025-06-12,1,1,55.8,62
SHP003446,WH0005,DC0001,PRD0023,rail,2026-05-14,2026-05-17,5,3,2545.84,105
SHP003447,WH0004,DC0006,PRD0086,road,2026-04-07,2026-04-08,1,1,3537.37,698
SHP003448,WH0007,DC0003,PRD0115,ocean,2025-12-19,2026-01-12,26,24,37258.92,606
SHP003449,WH0008,DC0003,PRD0003,ocean,2026-04-05,2026-04-17,13,12,4300.23,163
SHP003450,WH0004,DC0006,PRD0068,rail,2024-11-25,2024-11-26,1,1,306.89,109
SHP003451,WH0006,DC0002,PRD0054,ocean,2026-01-22,2026-02-23,36,32,1821.94,20
SHP003452,WH0009,DC0002,PRD0064,ocean,2024-10-16,2024-11-08,25,23,4262.79,70
SHP003453,WH0003,DC0006,PRD0018,air,2026-07-20,2026-07-23,3,3,20528.11,89
SHP003454,WH0006,DC0003,PRD0090,air,2024-12-28,2025-01-03,6,6,88872.17,131
SHP003455,WH0001,DC0004,PRD0066,road,2025-07-03,2025-07-04,1,1,835.05,424
SHP003456,WH0002,DC0005,PRD0028,ocean,2025-11-06,2025-11-22,16,16,9142.49,252
SHP003457,WH0009,DC0002,PRD0001,ocean,2026-04-09,2026-05-06,25,27,5237.14,86
SHP003458,WH0001,DC0006,PRD0013,air,2026-01-09,2026-01-12,3,3,24327.59,117
SHP003459,WH0001,DC0005,PRD0099,ocean,2025-01-13,2025-01-29,13,16,5990.36,217
SHP003460,WH0004,DC0002,PRD0113,air,2025-06-06,2025-06-08,3,2,86494.71,334
SHP003461,WH0007,DC0006,PRD0108,ocean,2025-05-22,2025-06-03,14,12,18030.49,623
SHP003462,WH0009,DC0002,PRD0043,ocean,2024-09-24,2024-10-22,25,28,12362.08,203
SHP003463,WH0006,DC0003,PRD0106,ocean,2026-01-13,2026-02-15,36,33,14834.64,164
SHP003464,WH0007,DC0001,PRD0127,air,2026-05-05,2026-05-08,3,3,119976.72,397
SHP003465,WH0005,DC0001,PRD0097,ocean,2026-08-11,2026-08-20,8,9,4757.08,327
SHP003466,WH0002,DC0006,PRD0090,air,2024-12-07,2024-12-10,3,3,17854.09,66
SHP003467,WH0004,DC0006,PRD0140,rail,2026-07-04,2026-07-05,1,1,442.03,157
SHP003468,WH0001,DC0006,PRD0097,rail,2024-11-24,2024-12-01,8,7,5128.89,111
SHP003469,WH0002,DC0003,PRD0026,road,2025-06-29,2025-06-30,1,1,293.93,147
SHP003470,WH0007,DC0005,PRD0123,air,2024-10-07,2024-10-09,3,2,41510.04,192
SHP003471,WH0002,DC0005,PRD0148,ocean,2025-03-12,2025-03-28,16,16,2467.02,68
SHP003472,WH0004,DC0006,PRD0058,road,2025-04-20,2025-04-21,1,1,268.6,53
SHP003473,WH0008,DC0005,PRD0042,air,2026-01-28,2026-02-01,4,4,23503.41,73
SHP003474,WH0007,DC0001,PRD0116,ocean,2026-01-09,2026-01-29,18,20,6487.41,161
SHP003475,WH0003,DC0003,PRD0019,ocean,2026-03-15,2026-04-11,26,27,11157.71,175
SHP003476,WH0002,DC0006,PRD0009,ocean,2025-10-27,2025-11-11,16,15,4688.95,130
SHP003477,WH0005,DC0006,PRD0076,road,2025-10-19,2025-10-20,1,1,298.45,101
SHP003478,WH0007,DC0005,PRD0006,rail,2026-08-14,2026-08-22,8,8,11482.52,239
SHP003479,WH0007,DC0004,PRD0082,road,2026-01-03,2026-01-04,1,1,1498.95,378
SHP003480,WH0009,DC0006,PRD0067,air,2025-05-07,2025-05-09,3,2,115521.58,547
SHP003481,WH0006,DC0001,PRD0027,air,2025-09-18,2025-09-23,6,5,239997.26,398
SHP003482,WH0004,DC0001,PRD0019,air,2026-01-25,2026-01-26,2,1,14205.19,133
SHP003483,WH0002,DC0002,PRD0088,road,2024-11-12,2024-11-13,1,1,430.08,144
SHP003484,WH0007,DC0006,PRD0044,air,2025-12-28,2025-12-29,3,1,165617.1,763
SHP003485,WH0007,DC0001,PRD0097,ocean,2025-03-03,2025-03-20,18,17,7978.3,198
SHP003486,WH0009,DC0002,PRD0042,ocean,2025-05-13,2025-06-07,25,25,12666.57,208
SHP003487,WH0001,DC0004,PRD0020,road,2026-01-07,2026-01-08,1,1,200.88,102
SHP003488,WH0006,DC0001,PRD0141,ocean,2025-06-10,2025-07-12,32,32,55959.16,696
SHP003489,WH0004,DC0001,PRD0024,air,2026-05-06,2026-05-08,2,2,34177.9,320
SHP003490,WH0004,DC0006,PRD0087,rail,2025-10-14,2025-10-15,1,1,1241.63,441
SHP003491,WH0002,DC0003,PRD0124,road,2026-08-22,2026-08-23,1,1,457.89,229
SHP003492,WH0009,DC0006,PRD0008,rail,2024-10-13,2024-10-22,8,9,9620.93,205
SHP003493,WH0009,DC0004,PRD0111,road,2025-12-15,2025-12-16,1,1,81.9,91
SHP003494,WH0006,DC0005,PRD0043,air,2024-12-26,2024-12-30,5,4,69313.82,124
SHP003495,WH0003,DC0002,PRD0112,ocean,2026-05-13,2026-06-08,26,26,4254.13,67
SHP003496,WH0010,DC0002,PRD0041,ocean,2026-05-15,2026-06-05,24,21,12719.89,221
SHP003497,WH0007,DC0004,PRD0014,road,2026-05-28,2026-05-29,1,1,2034.29,513
SHP003498,WH0005,DC0004,PRD0026,ocean,2024-10-28,2024-11-13,14,16,12729.64,443
SHP003499,WH0002,DC0005,PRD0085,ocean,2025-08-26,2025-09-11,16,16,6167.55,170
SHP003500,WH0002,DC0004,PRD0053,air,2025-02-25,2025-03-01,5,4,143478.17,316
SHP003501,WH0004,DC0003,PRD0049,air,2026-08-09,2026-08-12,3,3,18437.89,70
SHP003502,WH0005,DC0003,PRD0105,ocean,2024-10-10,2024-10-28,16,18,2392.74,67
SHP003503,WH0006,DC0004,PRD0142,ocean,2025-02-12,2025-03-05,20,21,16060.74,339
SHP003504,WH0007,DC0003,PRD0139,ocean,2025-12-15,2026-01-11,26,27,22256.98,362
SHP003505,WH0010,DC0004,PRD0068,road,2025-06-23,2025-06-24,1,1,2978.29,283
SHP003506,WH0004,DC0002,PRD0073,rail,2025-02-21,2025-03-04,10,11,7308.6,127
SHP003507,WH0008,DC0003,PRD0077,air,2025-08-03,2025-08-06,3,3,32647.46,165
SHP003508,WH0004,DC0001,PRD0061,rail,2026-04-08,2026-04-12,5,4,4129.83,174
SHP003509,WH0007,DC0005,PRD0025,ocean,2025-07-26,2025-08-07,14,12,2306.11,80
SHP003510,WH0001,DC0005,PRD0013,ocean,2026-05-18,2026-05-29,13,11,5603.89,203
SHP003511,WH0005,DC0002,PRD0101,air,2025-07-25,2025-07-27,3,2,68792.51,261
SHP003512,WH0004,DC0006,PRD0147,road,2024-11-29,2024-11-30,1,1,1505.16,297
SHP003513,WH0001,DC0004,PRD0141,rail,2025-08-31,2025-09-01,1,1,73.31,67
SHP003514,WH0006,DC0001,PRD0126,ocean,2025-12-22,2026-01-22,32,31,34492.07,429
SHP003515,WH0010,DC0003,PRD0040,ocean,2024-11-17,2024-12-11,24,24,10985.22,190
SHP003516,WH0003,DC0001,PRD0014,ocean,2025-06-30,2025-07-20,19,20,10451.67,246
SHP003517,WH0005,DC0001,PRD0093,ocean,2025-10-13,2025-10-20,8,7,2196.7,151
SHP003518,WH0003,DC0003,PRD0001,ocean,2024-09-04,2024-09-29,26,25,5164.42,81
SHP003519,WH0008,DC0004,PRD0110,ocean,2024-11-08,2024-11-28,22,20,4734.65,91
SHP003520,WH0003,DC0006,PRD0023,air,2025-11-16,2025-11-18,3,2,25833.12,112
SHP003521,WH0008,DC0006,PRD0076,ocean,2025-11-27,2025-12-16,19,19,10935.01,256
SHP003522,WH0005,DC0006,PRD0123,road,2025-04-13,2025-04-14,1,1,458.01,155
SHP003523,WH0001,DC0002,PRD0052,air,2025-09-08,2025-09-12,5,4,207308.21,458
SHP003524,WH0001,DC0001,PRD0025,ocean,2025-02-01,2025-02-19,17,18,2201.45,56
SHP003525,WH0002,DC0001,PRD0007,ocean,2026-01-04,2026-01-15,11,11,2247.87,106
SHP003526,WH0002,DC0002,PRD0053,road,2026-07-25,2026-07-26,1,1,1827.85,612
SHP003527,WH0006,DC0005,PRD0044,ocean,2025-05-25,2025-06-20,30,26,20719.62,278
SHP003528,WH0010,DC0005,PRD0075,ocean,2024-10-13,2024-10-26,12,13,3566.83,140
SHP003529,WH0004,DC0004,PRD0021,ocean,2025-02-12,2025-02-27,14,15,3451.5,116
SHP003530,WH0006,DC0005,PRD0122,air,2025-07-30,2025-08-03,5,4,275578.34,493
SHP003531,WH0007,DC0006,PRD0030,rail,2025-10-15,2025-10-24,8,9,5257.69,109
SHP003532,WH0003,DC0002,PRD0079,ocean,2025-11-27,2025-12-21,26,24,42414.28,668
SHP003533,WH0004,DC0004,PRD0102,rail,2025-08-13,2025-08-20,8,7,16712.01,337
SHP003534,WH0008,DC0002,PRD0121,ocean,2025-12-25,2026-01-07,13,13,4549.5,168
SHP003535,WH0001,DC0004,PRD0126,road,2026-02-05,2026-02-06,1,1,124.08,63
SHP003536,WH0010,DC0001,PRD0068,ocean,2024-11-25,2024-12-09,16,14,2379.83,65
SHP003537,WH0008,DC0003,PRD0024,ocean,2026-03-09,2026-03-23,13,14,4933.39,187
SHP003538,WH0005,DC0006,PRD0140,rail,2025-02-11,2025-02-12,1,1,320.12,195
SHP003539,WH0003,DC0002,PRD0100,ocean,2025-05-09,2025-06-04,26,26,10476.58,165
SHP003540,WH0006,DC0003,PRD0048,air,2026-04-29,2026-05-05,6,6,104475.69,154
SHP003541,WH0008,DC0005,PRD0095,air,2026-08-05,2026-08-09,4,4,18673.95,58
SHP003542,WH0006,DC0002,PRD0098,air,2025-04-03,2025-04-08,6,5,109316.67,160
SHP003543,WH0006,DC0003,PRD0095,ocean,2025-09-17,2025-10-22,36,35,33377.95,369
SHP003544,WH0010,DC0005,PRD0048,ocean,2026-01-26,2026-02-08,12,13,1783.42,70
SHP003545,WH0010,DC0004,PRD0115,road,2024-10-07,2024-10-08,1,1,3241.39,308
SHP003546,WH0009,DC0004,PRD0012,rail,2025-01-01,2025-01-02,1,1,41.0,82
SHP003547,WH0009,DC0005,PRD0068,rail,2024-12-14,2024-12-22,8,8,10093.58,216
SHP003548,WH0001,DC0003,PRD0113,ocean,2026-02-06,2026-03-02,25,24,12974.16,214
SHP003549,WH0002,DC0003,PRD0120,road,2026-02-09,2026-02-10,1,1,497.89,249
SHP003550,WH0004,DC0005,PRD0068,road,2024-11-20,2024-11-21,1,1,927.54,167
SHP003551,WH0001,DC0005,PRD0058,rail,2025-11-21,2025-11-29,8,8,9385.82,204
SHP003552,WH0007,DC0006,PRD0069,ocean,2025-01-18,2025-01-30,14,12,10795.14,373
SHP003553,WH0009,DC0005,PRD0145,rail,2026-07-11,2026-07-18,8,7,7944.02,170
SHP003554,WH0009,DC0004,PRD0016,rail,2025-06-16,2025-06-18,1,2,55.0,110
SHP003555,WH0004,DC0005,PRD0039,rail,2025-08-01,2025-08-02,1,1,1613.79,523
SHP003556,WH0007,DC0003,PRD0025,ocean,2026-03-25,2026-04-19,26,25,5717.95,93
SHP003557,WH0001,DC0005,PRD0022,ocean,2026-02-06,2026-02-19,13,13,9441.03,342
SHP003558,WH0008,DC0004,PRD0089,ocean,2024-11-21,2024-12-15,22,24,5098.85,98
SHP003559,WH0003,DC0005,PRD0139,ocean,2025-07-01,2025-07-16,14,15,9464.11,309
SHP003560,WH0003,DC0005,PRD0106,air,2026-07-08,2026-07-10,3,2,19066.06,83
SHP003561,WH0002,DC0004,PRD0059,ocean,2026-05-05,2026-05-30,25,25,2784.81,46
SHP003562,WH0009,DC0002,PRD0142,air,2025-11-05,2025-11-09,5,4,186344.69,408
SHP003563,WH0005,DC0001,PRD0016,ocean,2026-03-18,2026-03-24,8,6,596.45,41
SHP003564,WH0006,DC0006,PRD0100,ocean,2025-07-28,2025-08-25,30,28,3879.2,52
SHP003565,WH0003,DC0005,PRD0134,ocean,2025-12-26,2026-01-10,14,15,6860.72,224
SHP003566,WH0006,DC0005,PRD0108,air,2026-07-30,2026-08-03,5,4,161545.92,289
SHP003567,WH0010,DC0004,PRD0138,rail,2024-12-10,2024-12-12,2,2,672.37,115
SHP003568,WH0003,DC0003,PRD0122,ocean,2025-09-01,2025-09-23,26,22,4335.57,68
SHP003569,WH0007,DC0004,PRD0147,road,2025-09-24,2025-09-25,1,1,1562.4,394
SHP003570,WH0007,DC0001,PRD0061,ocean,2024-10-09,2024-10-29,18,20,8300.66,206
SHP003571,WH0009,DC0002,PRD0122,ocean,2026-07-15,2026-08-12,25,28,13823.61,227
SHP003572,WH0008,DC0001,PRD0077,rail,2026-05-05,2026-05-13,9,8,2350.29,47
SHP003573,WH0004,DC0001,PRD0021,rail,2025-08-20,2025-08-25,5,5,3346.59,141
SHP003574,WH0007,DC0001,PRD0102,ocean,2025-09-08,2025-09-24,18,16,5600.93,139
SHP003575,WH0005,DC0005,PRD0009,rail,2026-07-04,2026-07-05,1,1,266.76,132
SHP003576,WH0003,DC0003,PRD0129,ocean,2025-01-10,2025-02-04,26,25,8798.65,138
SHP003577,WH0008,DC0003,PRD0147,rail,2025-10-29,2025-11-05,8,7,8749.96,199
SHP003578,WH0002,DC0006,PRD0133,air,2026-02-16,2026-02-18,3,2,17854.09,66
SHP003579,WH0001,DC0002,PRD0147,ocean,2024-12-06,2024-12-31,25,25,7725.02,128
SHP003580,WH0008,DC0006,PRD0038,air,2025-06-12,2025-06-14,3,2,15056.99,47
SHP003581,WH0001,DC0002,PRD0031,ocean,2025-11-13,2025-12-08,25,25,8751.0,145
SHP003582,WH0009,DC0002,PRD0115,ocean,2026-06-06,2026-07-01,25,25,10291.59,169
SHP003583,WH0003,DC0006,PRD0045,rail,2025-09-04,2025-09-14,9,10,5791.95,113
SHP003584,WH0006,DC0006,PRD0043,ocean,2025-06-10,2025-07-12,30,32,8355.19,112
SHP003585,WH0003,DC0006,PRD0055,ocean,2026-08-16,2026-09-01,14,16,2921.6,95
SHP003586,WH0005,DC0003,PRD0050,ocean,2026-06-30,2026-07-15,16,15,13642.17,382
SHP003587,WH0009,DC0005,PRD0033,air,2026-03-11,2026-03-13,3,2,16612.35,79
SHP003588,WH0010,DC0006,PRD0011,air,2025-03-21,2025-03-23,2,2,29161.22,152
SHP003589,WH0001,DC0004,PRD0109,rail,2026-08-04,2026-08-06,1,2,167.4,153
SHP003590,WH0002,DC0003,PRD0021,road,2026-08-09,2026-08-10,1,1,411.91,206
SHP003591,WH0001,DC0006,PRD0112,air,2025-07-29,2025-07-31,3,2,96686.58,465
SHP003592,WH0001,DC0004,PRD0052,rail,2024-12-09,2024-12-10,1,1,193.66,177
SHP003593,WH0001,DC0003,PRD0038,air,2025-06-30,2025-07-05,5,5,35921.45,79
SHP003594,WH0007,DC0006,PRD0067,ocean,2026-01-25,2026-02-09,14,15,8798.18,304
SHP003595,WH0009,DC0006,PRD0082,ocean,2026-03-01,2026-03-14,13,13,3970.39,141
SHP003596,WH0008,DC0001,PRD0018,ocean,2025-04-09,2025-04-23,14,14,15871.98,529
SHP003597,WH0007,DC0003,PRD0023,air,2026-01-26,2026-02-01,5,6,110670.06,240
SHP003598,WH0006,DC0006,PRD0100,ocean,2026-05-21,2026-06-21,30,31,4401.4,59
SHP003599,WH0010,DC0003,PRD0143,ocean,2026-02-02,2026-02-27,24,25,7169.3,124
SHP003600,WH0001,DC0005,PRD0102,rail,2026-07-15,2026-07-22,8,7,5337.03,116
SHP003601,WH0006,DC0006,PRD0142,ocean,2025-12-07,2026-01-03,30,27,10518.59,141
SHP003602,WH0002,DC0005,PRD0084,ocean,2025-01-27,2025-02-13,16,17,5841.04,161
SHP003603,WH0001,DC0002,PRD0071,air,2025-12-01,2025-12-05,5,4,118591.16,262
SHP003604,WH0003,DC0004,PRD0134,road,2025-04-02,2025-04-03,1,1,2529.41,313
SHP003605,WH0009,DC0006,PRD0118,ocean,2025-05-12,2025-05-24,13,12,11798.55,419
SHP003606,WH0001,DC0002,PRD0004,air,2026-01-05,2026-01-10,5,5,61558.77,136
SHP003607,WH0003,DC0005,PRD0134,rail,2026-08-17,2026-08-27,9,10,5564.12,109
SHP003608,WH0001,DC0001,PRD0108,ocean,2025-12-19,2026-01-04,17,16,8452.0,215
SHP003609,WH0010,DC0001,PRD0029,ocean,2026-07-31,2026-08-16,16,16,8787.06,240
SHP003610,WH0008,DC0002,PRD0107,air,2025-09-04,2025-09-07,3,3,41636.03,205
SHP003611,WH0008,DC0003,PRD0039,rail,2026-01-21,2026-01-28,8,7,11827.83,269
SHP003612,WH0009,DC0005,PRD0038,air,2025-04-26,2025-04-29,3,3,38902.34,185
SHP003613,WH0008,DC0003,PRD0146,ocean,2024-11-26,2024-12-09,13,13,7149.46,271
SHP003614,WH0009,DC0006,PRD0150,ocean,2025-05-17,2025-05-29,13,12,4702.52,167
SHP003615,WH0001,DC0005,PRD0026,air,2025-08-18,2025-08-20,3,2,57350.12,277
SHP003616,WH0002,DC0001,PRD0028,ocean,2025-10-23,2025-11-04,11,12,4580.56,216
SHP003617,WH0001,DC0005,PRD0145,rail,2026-01-01,2026-01-09,8,8,9891.92,215
SHP003618,WH0002,DC0005,PRD0026,ocean,2025-07-04,2025-07-18,16,14,16434.72,453
SHP003619,WH0007,DC0006,PRD0074,rail,2026-02-28,2026-03-09,8,9,6801.23,141
SHP003620,WH0005,DC0006,PRD0138,road,2026-05-07,2026-05-08,1,1,1456.77,493
SHP003621,WH0004,DC0003,PRD0089,air,2025-03-30,2025-04-01,3,2,34768.58,132
SHP003622,WH0008,DC0004,PRD0106,ocean,2026-05-12,2026-06-03,22,22,20239.33,389
SHP003623,WH0001,DC0006,PRD0068,rail,2026-04-13,2026-04-20,8,7,1894.46,41
SHP003624,WH0008,DC0002,PRD0099,air,2025-09-18,2025-09-20,3,2,24778.51,122
SHP003625,WH0003,DC0004,PRD0125,road,2024-09-22,2024-09-23,1,1,1907.16,236
SHP003626,WH0007,DC0004,PRD0147,road,2024-12-18,2024-12-19,1,1,1602.05,404
SHP003627,WH0003,DC0002,PRD0122,ocean,2026-01-03,2026-01-30,26,27,14032.27,221
SHP003628,WH0001,DC0006,PRD0010,ocean,2025-01-27,2025-02-08,13,12,2439.69,88
SHP003629,WH0004,DC0001,PRD0045,ocean,2026-03-02,2026-03-08,8,6,2164.6,152
SHP003630,WH0006,DC0006,PRD0071,air,2024-12-29,2025-01-03,5,5,78329.95,140
SHP003631,WH0004,DC0002,PRD0104,air,2025-03-31,2025-04-03,3,3,75877.1,293
SHP003632,WH0010,DC0003,PRD0037,ocean,2025-03-04,2025-03-25,24,21,9308.53,161
SHP003633,WH0006,DC0006,PRD0103,ocean,2026-05-06,2026-06-05,30,30,5818.8,78
SHP003634,WH0001,DC0004,PRD0010,rail,2026-01-18,2026-01-19,1,1,372.01,340
SHP003635,WH0005,DC0005,PRD0102,road,2025-04-06,2025-04-07,1,1,913.04,251
SHP003636,WH0005,DC0006,PRD0085,road,2026-03-05,2026-03-06,1,1,765.32,259
SHP003637,WH0005,DC0004,PRD0061,ocean,2024-09-27,2024-10-11,14,14,890.79,31
SHP003638,WH0005,DC0001,PRD0013,rail,2026-04-17,2026-04-21,5,4,2036.67,84
SHP003639,WH0003,DC0001,PRD0122,ocean,2024-11-17,2024-12-07,19,20,7307.67,172
SHP003640,WH0005,DC0005,PRD0069,road,2026-05-27,2026-05-28,1,1,716.61,197
SHP003641,WH0008,DC0001,PRD0096,ocean,2026-02-22,2026-03-08,14,14,2460.31,82
SHP003642,WH0010,DC0002,PRD0006,ocean,2026-05-24,2026-06-19,24,26,7539.84,131
SHP003643,WH0004,DC0005,PRD0087,rail,2026-02-24,2026-02-25,1,1,246.85,80
SHP003644,WH0010,DC0003,PRD0078,ocean,2025-10-16,2025-11-07,24,22,25786.37,446
SHP003645,WH0001,DC0002,PRD0080,ocean,2025-02-23,2025-03-19,25,24,7604.32,126
SHP003646,WH0004,DC0004,PRD0072,ocean,2026-03-27,2026-04-08,14,12,22375.25,752
SHP003647,WH0003,DC0003,PRD0126,air,2026-04-06,2026-04-10,5,4,86551.93,181
SHP003648,WH0003,DC0001,PRD0026,ocean,2025-03-31,2025-04-19,19,19,3781.3,89
SHP003649,WH0001,DC0001,PRD0059,air,2025-12-30,2026-01-01,3,2,66043.5,224
SHP003650,WH0001,DC0003,PRD0035,ocean,2026-07-08,2026-08-04,25,27,2910.09,48
SHP003651,WH0001,DC0002,PRD0077,air,2025-06-12,2025-06-17,5,5,219982.07,486
SHP003652,WH0007,DC0006,PRD0114,rail,2026-07-30,2026-08-07,8,8,29182.57,605
SHP003653,WH0004,DC0001,PRD0083,ocean,2026-08-13,2026-08-20,8,7,996.86,70
SHP003654,WH0004,DC0003,PRD0069,rail,2025-04-18,2025-04-27,10,9,11004.2,188
SHP003655,WH0003,DC0003,PRD0107,ocean,2025-10-09,2025-11-03,26,25,23526.82,369
SHP003656,WH0005,DC0006,PRD0023,road,2024-09-13,2024-09-14,1,1,416.64,141
SHP003657,WH0007,DC0004,PRD0049,road,2025-03-05,2025-03-06,1,1,1681.36,424
SHP003658,WH0004,DC0002,PRD0114,rail,2025-11-28,2025-12-08,10,10,12718.12,221
SHP003659,WH0010,DC0005,PRD0055,ocean,2026-03-24,2026-04-07,12,14,7312.01,287
SHP003660,WH0004,DC0001,PRD0105,rail,2026-05-28,2026-06-02,5,5,3560.2,150
SHP003661,WH0001,DC0004,PRD0125,road,2026-04-29,2026-04-30,1,1,200.88,102
SHP003662,WH0006,DC0001,PRD0133,ocean,2026-06-27,2026-07-29,32,32,13024.98,162
SHP003663,WH0002,DC0004,PRD0096,air,2026-01-28,2026-02-01,5,4,59933.92,132
SHP003664,WH0002,DC0006,PRD0015,ocean,2025-12-18,2026-01-02,16,15,2741.23,76
SHP003665,WH0001,DC0002,PRD0132,ocean,2026-03-06,2026-03-30,25,24,11165.07,185
SHP003666,WH0001,DC0001,PRD0041,ocean,2025-10-05,2025-10-18,17,13,7823.01,199
SHP003667,WH0001,DC0003,PRD0017,ocean,2025-11-16,2025-12-12,25,26,12004.13,198
SHP003668,WH0009,DC0003,PRD0080,ocean,2026-03-21,2026-04-13,25,23,15048.97,246
SHP003669,WH0003,DC0004,PRD0130,road,2026-08-05,2026-08-06,1,1,1099.04,136
SHP003670,WH0001,DC0005,PRD0104,rail,2025-04-05,2025-04-13,8,8,1886.37,41
SHP003671,WH0010,DC0006,PRD0035,ocean,2025-01-10,2025-01-20,12,10,10104.11,395
SHP003672,WH0010,DC0004,PRD0135,rail,2026-01-12,2026-01-13,2,1,596.36,102
SHP003673,WH0005,DC0005,PRD0146,road,2025-01-17,2025-01-18,1,1,920.32,253
SHP003674,WH0003,DC0005,PRD0008,ocean,2025-01-08,2025-01-23,14,15,4196.06,137
SHP003675,WH0008,DC0006,PRD0045,ocean,2025-09-12,2025-10-02,19,20,6791.67,159
SHP003676,WH0008,DC0004,PRD0050,ocean,2025-06-04,2025-06-25,22,21,5306.97,102
SHP003677,WH0005,DC0005,PRD0052,rail,2025-07-12,2025-07-13,1,1,288.99,143
SHP003678,WH0006,DC0003,PRD0015,air,2025-10-13,2025-10-19,6,6,137039.54,202
SHP003679,WH0003,DC0006,PRD0064,air,2024-12-07,2024-12-10,3,3,64121.5,278
SHP003680,WH0003,DC0001,PRD0009,ocean,2025-11-01,2025-11-19,19,18,22687.78,534
SHP003681,WH0008,DC0003,PRD0117,air,2025-03-08,2025-03-11,3,3,25128.65,127
SHP003682,WH0009,DC0001,PRD0013,ocean,2025-05-01,2025-05-19,18,18,2031.88,51
SHP003683,WH0004,DC0002,PRD0093,ocean,2026-02-01,2026-02-16,16,15,2451.55,71
SHP003684,WH0005,DC0005,PRD0051,road,2024-12-25,2024-12-26,1,1,1851.55,509
SHP003685,WH0008,DC0004,PRD0071,ocean,2024-12-24,2025-01-14,22,21,18470.34,355
SHP003686,WH0001,DC0003,PRD0095,ocean,2025-04-26,2025-05-19,25,23,5759.56,95
SHP003687,WH0010,DC0001,PRD0119,ocean,2024-10-10,2024-10-26,16,16,8384.32,229
SHP003688,WH0005,DC0001,PRD0130,ocean,2026-07-12,2026-07-18,8,6,2764.06,190
SHP003689,WH0010,DC0001,PRD0102,ocean,2025-11-24,2025-12-09,16,15,5052.56,138
SHP003690,WH0002,DC0002,PRD0032,rail,2025-12-28,2025-12-29,1,1,129.42,78
SHP003691,WH0009,DC0005,PRD0008,rail,2025-08-26,2025-09-02,8,7,14813.26,317
SHP003692,WH0003,DC0005,PRD0062,ocean,2025-10-24,2025-11-03,14,10,2358.37,77
SHP003693,WH0004,DC0004,PRD0096,rail,2025-05-21,2025-05-30,8,9,16811.19,339
SHP003694,WH0008,DC0006,PRD0126,ocean,2026-03-27,2026-04-13,19,17,1964.88,46
SHP003695,WH0005,DC0002,PRD0115,air,2025-04-22,2025-04-24,3,2,12124.35,46
SHP003696,WH0007,DC0003,PRD0046,air,2025-02-10,2025-02-15,5,5,110208.94,239
SHP003697,WH0006,DC0001,PRD0122,ocean,2025-01-15,2025-02-15,32,31,9648.13,120
SHP003698,WH0007,DC0004,PRD0142,road,2024-10-23,2024-10-24,1,1,1542.57,389
SHP003699,WH0008,DC0002,PRD0090,rail,2025-09-05,2025-09-12,8,7,10967.54,243
SHP003700,WH0009,DC0002,PRD0089,ocean,2025-07-02,2025-07-27,25,25,26551.07,436
SHP003701,WH0006,DC0001,PRD0042,ocean,2025-09-28,2025-10-29,32,31,23235.92,289
SHP003702,WH0009,DC0004,PRD0067,road,2024-11-09,2024-11-10,1,1,141.3,157
SHP003703,WH0005,DC0004,PRD0024,air,2025-02-11,2025-02-14,3,3,53662.77,249
SHP003704,WH0005,DC0003,PRD0073,rail,2025-02-05,2025-02-15,10,10,5833.04,98
SHP003705,WH0004,DC0002,PRD0008,rail,2025-05-02,2025-05-13,10,11,16861.58,293
SHP003706,WH0005,DC0002,PRD0099,rail,2025-05-23,2025-06-03,10,11,35670.19,609
SHP003707,WH0005,DC0002,PRD0013,ocean,2025-02-09,2025-02-24,16,15,7450.33,212
SHP003708,WH0001,DC0006,PRD0042,air,2026-03-04,2026-03-06,3,2,30565.44,147
SHP003709,WH0010,DC0001,PRD0147,air,2025-09-24,2025-09-26,3,2,77710.59,283
SHP003710,WH0002,DC0002,PRD0055,rail,2026-08-28,2026-08-29,1,1,751.65,453
SHP003711,WH0005,DC0006,PRD0057,road,2026-04-24,2026-04-25,1,1,617.58,209
SHP003712,WH0008,DC0005,PRD0058,ocean,2026-08-17,2026-09-04,19,18,13522.51,315
SHP003713,WH0005,DC0001,PRD0053,rail,2024-09-10,2024-09-15,5,5,5649.34,233
SHP003714,WH0009,DC0005,PRD0069,rail,2026-01-02,2026-01-08,8,6,9626.29,206
SHP003715,WH0009,DC0002,PRD0105,ocean,2025-07-24,2025-08-18,25,25,71553.92,1175
SHP003716,WH0008,DC0002,PRD0132,air,2026-06-22,2026-06-25,3,3,18685.44,92
SHP003717,WH0010,DC0003,PRD0006,ocean,2025-11-23,2025-12-16,24,23,13644.81,236
SHP003718,WH0010,DC0005,PRD0003,air,2025-11-28,2025-11-30,2,2,15286.44,80
SHP003719,WH0006,DC0004,PRD0122,ocean,2026-08-01,2026-08-22,20,21,14260.42,301
SHP003720,WH0001,DC0001,PRD0034,ocean,2026-01-12,2026-01-27,17,15,7665.76,195
SHP003721,WH0006,DC0002,PRD0045,air,2025-04-25,2025-05-01,6,6,122981.25,180
SHP003722,WH0009,DC0006,PRD0003,ocean,2026-06-30,2026-07-12,13,12,8391.33,298
SHP003723,WH0008,DC0005,PRD0058,ocean,2026-07-22,2026-08-09,19,18,4765.08,111
SHP003724,WH0003,DC0002,PRD0065,ocean,2025-06-11,2025-07-08,26,27,6920.89,109
SHP003725,WH0003,DC0001,PRD0079,ocean,2025-10-01,2025-10-22,19,21,7095.24,167
SHP003726,WH0007,DC0001,PRD0071,ocean,2025-03-28,2025-04-13,18,16,7051.53,175
SHP003727,WH0006,DC0004,PRD0109,ocean,2026-06-27,2026-07-17,20,20,3079.49,65
SHP003728,WH0007,DC0002,PRD0097,air,2026-04-23,2026-04-28,5,5,93681.83,204
SHP003729,WH0009,DC0001,PRD0090,ocean,2025-06-03,2025-06-20,18,17,7370.55,185
SHP003730,WH0009,DC0001,PRD0118,ocean,2026-04-09,2026-04-28,18,19,12749.06,320
SHP003731,WH0010,DC0006,PRD0065,rail,2025-07-24,2025-07-29,7,5,5499.7,129
SHP003732,WH0003,DC0003,PRD0056,ocean,2024-10-05,2024-11-02,26,28,4781.87,75
SHP003733,WH0002,DC0004,PRD0120,ocean,2026-06-18,2026-07-14,25,26,20159.59,333
SHP003734,WH0003,DC0005,PRD0078,air,2025-01-21,2025-01-23,3,2,90046.92,392
SHP003735,WH0009,DC0003,PRD0134,air,2025-09-12,2025-09-16,5,4,19270.03,42
SHP003736,WH0006,DC0005,PRD0102,ocean,2026-07-24,2026-08-23,30,30,43451.57,583
SHP003737,WH0004,DC0006,PRD0150,road,2025-01-03,2025-01-04,1,1,430.77,85
SHP003738,WH0008,DC0002,PRD0027,rail,2026-07-30,2026-08-05,8,6,5506.34,122
SHP003739,WH0010,DC0006,PRD0002,air,2025-09-29,2025-10-01,2,2,53526.18,279
SHP003740,WH0009,DC0004,PRD0131,rail,2024-09-09,2024-09-10,1,1,85.5,171
SHP003741,WH0004,DC0006,PRD0096,road,2024-10-21,2024-10-22,1,1,719.64,142
SHP003742,WH0002,DC0002,PRD0144,rail,2026-01-03,2026-01-04,1,1,448.0,270
SHP003743,WH0008,DC0001,PRD0073,rail,2026-03-19,2026-03-28,9,9,8301.03,166
SHP003744,WH0001,DC0002,PRD0077,ocean,2026-05-24,2026-06-17,25,24,8388.89,139
SHP003745,WH0009,DC0006,PRD0028,ocean,2025-07-08,2025-07-22,13,14,4083.03,145
SHP003746,WH0009,DC0001,PRD0124,ocean,2024-11-18,2024-12-05,18,17,3266.95,82
SHP003747,WH0005,DC0001,PRD0017,ocean,2025-09-29,2025-10-06,8,7,2051.22,141
SHP003748,WH0005,DC0002,PRD0087,ocean,2026-01-27,2026-02-12,16,16,3971.16,113
SHP003749,WH0007,DC0005,PRD0071,air,2026-08-13,2026-08-16,3,3,27889.56,129
SHP003750,WH0003,DC0003,PRD0084,air,2026-03-20,2026-03-25,5,5,275914.17,577
SHP003751,WH0006,DC0005,PRD0071,ocean,2025-12-17,2026-01-14,30,28,7602.16,102
SHP003752,WH0005,DC0006,PRD0067,road,2026-07-18,2026-07-19,1,1,918.98,311
SHP003753,WH0008,DC0001,PRD0077,ocean,2026-02-28,2026-03-14,14,14,5070.63,169
SHP003754,WH0008,DC0005,PRD0049,ocean,2024-12-24,2025-01-16,19,23,6310.51,147
SHP003755,WH0010,DC0001,PRD0039,ocean,2025-08-03,2025-08-18,16,15,8896.9,243
SHP003756,WH0004,DC0004,PRD0133,air,2025-05-02,2025-05-05,3,3,26555.73,119
SHP003757,WH0001,DC0005,PRD0062,ocean,2024-11-06,2024-11-18,13,12,10628.06,385
SHP003758,WH0002,DC0003,PRD0015,road,2024-10-13,2024-10-14,1,1,259.94,130
SHP003759,WH0004,DC0003,PRD0104,ocean,2026-04-03,2026-04-17,16,14,3933.42,112
SHP003760,WH0005,DC0002,PRD0082,ocean,2025-10-14,2025-10-26,16,12,2038.3,58
SHP003761,WH0004,DC0005,PRD0036,road,2025-10-26,2025-10-27,1,1,2132.79,384
SHP003762,WH0001,DC0006,PRD0007,ocean,2025-02-16,2025-02-28,13,12,1497.08,54
SHP003763,WH0009,DC0005,PRD0128,ocean,2025-03-10,2025-03-24,13,14,1598.15,57
SHP003764,WH0010,DC0003,PRD0076,ocean,2025-06-12,2025-07-04,24,22,18038.9,312
SHP003765,WH0002,DC0003,PRD0067,road,2025-12-05,2025-12-06,1,1,603.86,302
SHP003766,WH0001,DC0004,PRD0108,road,2025-07-15,2025-07-16,1,1,145.74,74
SHP003767,WH0007,DC0003,PRD0104,air,2024-09-16,2024-09-21,5,5,47495.9,103
SHP003768,WH0009,DC0004,PRD0100,road,2026-01-05,2026-01-06,1,1,117.0,130
SHP003769,WH0001,DC0002,PRD0010,ocean,2025-09-27,2025-10-22,25,25,6336.93,105
SHP003770,WH0005,DC0006,PRD0150,road,2025-12-13,2025-12-14,1,1,1043.08,353
SHP003771,WH0010,DC0002,PRD0147,ocean,2025-11-26,2025-12-18,24,22,8288.07,144
SHP003772,WH0001,DC0005,PRD0049,rail,2026-03-06,2026-03-14,8,8,12330.39,268
SHP003773,WH0010,DC0004,PRD0088,road,2025-11-03,2025-11-04,1,1,557.77,53
SHP003774,WH0005,DC0006,PRD0057,rail,2026-01-25,2026-01-26,1,1,474.43,289
SHP003775,WH0008,DC0001,PRD0137,air,2024-10-26,2024-10-29,3,3,48831.08,217
SHP003776,WH0007,DC0003,PRD0122,ocean,2026-07-09,2026-08-05,26,27,15678.26,255
SHP003777,WH0005,DC0005,PRD0092,road,2024-11-20,2024-11-21,1,1,469.25,129
SHP003778,WH0002,DC0001,PRD0130,ocean,2026-03-29,2026-04-08,11,10,4750.21,224
SHP003779,WH0006,DC0001,PRD0077,ocean,2025-04-10,2025-05-11,32,31,13828.99,172
SHP003780,WH0005,DC0005,PRD0044,road,2024-11-05,2024-11-06,1,1,1760.61,484
SHP003781,WH0001,DC0004,PRD0143,road,2026-03-13,2026-03-14,1,1,202.85,103
SHP003782,WH0001,DC0006,PRD0047,rail,2025-07-18,2025-07-25,8,7,5313.72,115
SHP003783,WH0007,DC0005,PRD0076,rail,2025-06-17,2025-06-23,8,6,6245.72,130
SHP003784,WH0010,DC0001,PRD0025,ocean,2025-12-27,2026-01-11,16,15,9372.87,256
SHP003785,WH0006,DC0001,PRD0121,ocean,2025-08-14,2025-09-16,32,33,2653.24,33
SHP003786,WH0009,DC0002,PRD0033,ocean,2025-09-26,2025-10-20,25,24,11265.94,185
SHP003787,WH0003,DC0003,PRD0067,ocean,2024-12-12,2025-01-08,26,27,16130.86,253
SHP003788,WH0001,DC0005,PRD0144,air,2025-06-14,2025-06-17,3,3,21325.13,103
SHP003789,WH0007,DC0002,PRD0047,ocean,2026-04-05,2026-04-26,25,21,8817.11,144
SHP003790,WH0010,DC0003,PRD0086,ocean,2025-10-05,2025-10-28,24,23,16246.57,281
SHP003791,WH0006,DC0006,PRD0023,ocean,2026-08-02,2026-09-02,30,31,6117.2,82
SHP003792,WH0003,DC0004,PRD0057,rail,2024-12-17,2024-12-18,2,1,574.66,128
SHP003793,WH0004,DC0004,PRD0091,air,2026-01-08,2026-01-10,3,2,70740.89,317
SHP003794,WH0007,DC0002,PRD0058,ocean,2026-06-29,2026-07-23,25,24,8204.81,134
SHP003795,WH0004,DC0006,PRD0079,road,2026-04-04,2026-04-05,1,1,212.85,42
SHP003796,WH0005,DC0003,PRD0108,rail,2026-02-15,2026-02-25,10,10,27617.66,464
SHP003797,WH0009,DC0003,PRD0085,ocean,2025-06-01,2025-06-24,25,23,33523.73,548
SHP003798,WH0007,DC0002,PRD0096,ocean,2026-07-25,2026-08-18,25,24,52412.84,856
SHP003799,WH0008,DC0005,PRD0067,ocean,2025-10-10,2025-10-27,19,17,8285.22,193
SHP003800,WH0003,DC0001,PRD0150,air,2025-10-11,2025-10-14,3,3,29952.96,94
SHP003801,WH0009,DC0003,PRD0076,air,2024-12-02,2024-12-06,5,4,137184.23,299
SHP003802,WH0010,DC0002,PRD0119,ocean,2024-09-07,2024-09-29,24,22,15425.02,268
SHP003803,WH0005,DC0005,PRD0031,road,2025-11-11,2025-11-12,1,1,145.5,40
SHP003804,WH0003,DC0003,PRD0121,ocean,2025-09-28,2025-10-24,26,26,12879.18,202
SHP003805,WH0001,DC0001,PRD0014,ocean,2026-07-23,2026-08-09,17,17,5031.89,128
SHP003806,WH0009,DC0006,PRD0150,air,2025-04-13,2025-04-15,3,2,14149.81,67
SHP003807,WH0007,DC0001,PRD0149,ocean,2026-03-01,2026-03-17,18,16,39045.32,969
SHP003808,WH0010,DC0001,PRD0019,ocean,2026-06-21,2026-07-05,16,14,6260.78,171
SHP003809,WH0008,DC0006,PRD0121,ocean,2025-05-11,2025-05-28,19,17,6620.81,155
SHP003810,WH0009,DC0002,PRD0050,ocean,2025-06-30,2025-07-26,25,26,9317.23,153
SHP003811,WH0006,DC0001,PRD0129,ocean,2025-12-16,2026-01-15,32,30,8602.92,107
SHP003812,WH0004,DC0001,PRD0031,air,2025-09-11,2025-09-12,2,1,27342.32,256
SHP003813,WH0004,DC0002,PRD0098,rail,2024-12-29,2025-01-08,10,10,18703.11,325
SHP003814,WH0003,DC0005,PRD0136,ocean,2025-02-11,2025-02-26,14,15,7044.49,230
SHP003815,WH0007,DC0001,PRD0077,ocean,2026-05-03,2026-05-18,18,15,2941.49,73
SHP003816,WH0006,DC0003,PRD0106,air,2025-01-23,2025-01-29,6,6,715726.29,1055
SHP003817,WH0009,DC0005,PRD0014,rail,2025-01-13,2025-01-20,8,7,4205.66,90
SHP003818,WH0001,DC0005,PRD0039,ocean,2026-04-07,2026-04-21,13,14,3616.3,131
SHP003819,WH0003,DC0004,PRD0036,road,2026-05-15,2026-05-16,1,1,1333.39,165
SHP003820,WH0007,DC0005,PRD0052,rail,2026-05-15,2026-05-22,8,7,8215.53,171
SHP003821,WH0006,DC0002,PRD0088,air,2026-07-12,2026-07-17,6,5,280807.2,411
SHP003822,WH0006,DC0003,PRD0105,ocean,2026-08-26,2026-10-03,36,38,12211.44,135
SHP003823,WH0001,DC0005,PRD0146,rail,2025-08-04,2025-08-13,8,9,13020.52,283
SHP003824,WH0010,DC0001,PRD0118,ocean,2025-10-08,2025-10-25,16,17,14095.91,385
SHP003825,WH0010,DC0006,PRD0037,rail,2025-04-03,2025-04-11,7,8,3368.04,79
SHP003826,WH0002,DC0003,PRD0081,road,2024-10-22,2024-10-23,1,1,161.96,81
SHP003827,WH0007,DC0003,PRD0047,ocean,2024-11-14,2024-12-10,26,26,7808.39,127
SHP003828,WH0005,DC0006,PRD0021,road,2026-02-12,2026-02-13,1,1,322.09,109
SHP003829,WH0007,DC0001,PRD0125,ocean,2025-08-23,2025-09-09,18,17,32799.68,814
SHP003830,WH0009,DC0002,PRD0086,ocean,2025-05-02,2025-05-28,25,26,4628.17,76
SHP003831,WH0007,DC0006,PRD0046,air,2024-12-06,2024-12-08,3,2,53179.8,245
SHP003832,WH0004,DC0004,PRD0081,rail,2025-12-23,2025-12-31,8,8,4215.19,85
SHP003833,WH0005,DC0001,PRD0015,ocean,2024-11-15,2024-11-21,8,6,1483.86,102
SHP003834,WH0001,DC0002,PRD0002,air,2025-11-27,2025-12-01,5,4,131717.66,291
SHP003835,WH0009,DC0005,PRD0116,ocean,2026-06-19,2026-06-30,13,11,8327.2,297
SHP003836,WH0008,DC0001,PRD0071,ocean,2025-04-22,2025-05-04,14,12,24753.08,825
SHP003837,WH0003,DC0005,PRD0054,air,2025-07-28,2025-07-30,3,2,64319.23,280
SHP003838,WH0006,DC0003,PRD0044,ocean,2025-11-25,2025-12-31,36,36,14653.73,162
SHP003839,WH0007,DC0004,PRD0148,rail,2025-04-13,2025-04-14,1,1,698.36,317
SHP003840,WH0010,DC0003,PRD0041,air,2025-11-02,2025-11-07,4,5,37291.95,86
SHP003841,WH0010,DC0006,PRD0126,ocean,2025-10-19,2025-11-01,12,13,2558.0,100
SHP003842,WH0008,DC0002,PRD0023,ocean,2025-05-26,2025-06-07,13,12,9288.56,343
SHP003843,WH0001,DC0002,PRD0034,ocean,2025-04-21,2025-05-16,25,25,13337.73,221
SHP003844,WH0007,DC0004,PRD0112,rail,2025-07-11,2025-07-13,1,2,147.6,67
SHP003845,WH0004,DC0002,PRD0110,air,2024-09-07,2024-09-10,3,3,24601.79,95
SHP003846,WH0001,DC0004,PRD0104,road,2025-03-01,2025-03-02,1,1,356.47,181
SHP003847,WH0002,DC0006,PRD0110,air,2025-02-11,2025-02-14,3,3,83860.13,310
SHP003848,WH0004,DC0004,PRD0123,ocean,2026-02-23,2026-03-08,14,13,6337.67,213
SHP003849,WH0002,DC0003,PRD0099,rail,2025-07-17,2025-07-18,1,1,328.81,296
SHP003850,WH0005,DC0002,PRD0002,ocean,2026-05-06,2026-05-21,16,15,2706.01,77
SHP003851,WH0010,DC0006,PRD0010,ocean,2024-12-10,2024-12-24,12,14,4041.64,158
SHP003852,WH0001,DC0001,PRD0137,ocean,2026-02-18,2026-03-05,17,15,8412.68,214
SHP003853,WH0010,DC0005,PRD0052,ocean,2026-06-03,2026-06-13,12,10,5834.32,229
SHP003854,WH0005,DC0004,PRD0096,ocean,2025-08-06,2025-08-19,14,13,6034.37,210
SHP003855,WH0005,DC0005,PRD0004,road,2025-05-22,2025-05-23,1,1,3844.96,1057
SHP003856,WH0003,DC0004,PRD0083,rail,2025-04-13,2025-04-14,2,1,1809.28,403
SHP003857,WH0008,DC0002,PRD0136,air,2025-10-09,2025-10-11,3,2,17060.62,84
SHP003858,WH0009,DC0005,PRD0049,ocean,2025-01-09,2025-01-23,13,14,14243.16,508
SHP003859,WH0004,DC0005,PRD0005,road,2025-11-18,2025-11-19,1,1,1721.78,310
SHP003860,WH0002,DC0003,PRD0002,rail,2026-05-08,2026-05-10,1,2,53.32,48
SHP003861,WH0005,DC0001,PRD0064,rail,2026-05-20,2026-05-25,5,5,16584.33,684
SHP003862,WH0003,DC0001,PRD0058,air,2024-12-14,2024-12-17,3,3,63092.41,198
SHP003863,WH0005,DC0004,PRD0089,ocean,2025-09-30,2025-10-14,14,14,8275.7,288
SHP003864,WH0007,DC0002,PRD0080,ocean,2025-03-14,2025-04-09,25,26,14695.19,240
SHP003865,WH0009,DC0004,PRD0034,rail,2026-06-09,2026-06-10,1,1,110.0,220
SHP003866,WH0010,DC0002,PRD0027,ocean,2024-10-29,2024-11-20,24,22,8172.96,142
SHP003867,WH0010,DC0002,PRD0099,ocean,2024-10-28,2024-11-20,24,23,5295.16,92
SHP003868,WH0007,DC0005,PRD0129,ocean,2024-09-17,2024-09-30,14,13,1326.02,46
SHP003869,WH0007,DC0002,PRD0079,air,2025-09-07,2025-09-11,5,4,54647.73,119
SHP003870,WH0004,DC0003,PRD0043,rail,2024-09-26,2024-10-06,10,10,9599.41,164
SHP003871,WH0002,DC0001,PRD0017,ocean,2025-10-31,2025-11-09,11,9,7316.17,345
SHP003872,WH0002,DC0003,PRD0012,road,2025-06-25,2025-06-26,1,1,495.89,248
SHP003873,WH0002,DC0003,PRD0077,rail,2025-11-06,2025-11-07,1,1,307.71,277
SHP003874,WH0009,DC0001,PRD0075,air,2026-06-23,2026-06-25,3,2,291336.01,975
SHP003875,WH0003,DC0004,PRD0117,road,2025-10-09,2025-10-10,1,1,1260.66,156
SHP003876,WH0009,DC0005,PRD0134,ocean,2025-10-03,2025-10-18,13,15,5803.81,207
SHP003877,WH0002,DC0004,PRD0135,air,2026-08-30,2026-09-04,5,5,69014.82,152
SHP003878,WH0007,DC0005,PRD0087,rail,2025-08-12,2025-08-19,8,7,15998.66,333
SHP003879,WH0010,DC0006,PRD0112,air,2026-03-20,2026-03-21,2,1,54485.43,284
SHP003880,WH0009,DC0006,PRD0035,rail,2025-05-27,2025-06-04,8,8,5913.35,126
SHP003881,WH0002,DC0002,PRD0088,road,2025-02-13,2025-02-14,1,1,406.19,136
SHP003882,WH0003,DC0004,PRD0126,rail,2026-03-18,2026-03-21,2,3,628.54,140
SHP003883,WH0006,DC0001,PRD0092,air,2026-02-18,2026-02-23,6,5,167636.28,278
SHP003884,WH0003,DC0002,PRD0049,ocean,2025-04-03,2025-04-28,26,25,17841.93,281
SHP003885,WH0008,DC0006,PRD0043,ocean,2025-08-07,2025-08-28,19,21,3716.19,87
SHP003886,WH0010,DC0003,PRD0104,ocean,2025-09-09,2025-10-02,24,23,1850.14,32
SHP003887,WH0007,DC0004,PRD0005,road,2025-06-19,2025-06-20,1,1,586.89,148
SHP003888,WH0002,DC0005,PRD0059,air,2025-09-03,2025-09-06,3,3,96866.87,356
SHP003889,WH0006,DC0006,PRD0058,ocean,2025-12-29,2026-01-25,30,27,8429.79,113
SHP003890,WH0005,DC0002,PRD0034,rail,2026-05-12,2026-05-21,10,9,7614.33,130
SHP003891,WH0006,DC0004,PRD0055,air,2026-04-12,2026-04-15,4,3,34111.31,96
SHP003892,WH0003,DC0005,PRD0006,ocean,2025-11-23,2025-12-06,14,13,12833.22,419
SHP003893,WH0004,DC0002,PRD0130,rail,2025-01-02,2025-01-11,10,9,5121.78,89
SHP003894,WH0007,DC0003,PRD0044,ocean,2025-09-12,2025-10-06,26,24,10759.59,175
SHP003895,WH0004,DC0001,PRD0032,rail,2025-07-24,2025-07-30,5,6,6313.42,266
SHP003896,WH0007,DC0002,PRD0094,ocean,2025-01-12,2025-02-06,25,25,6000.54,98
SHP003897,WH0010,DC0005,PRD0010,ocean,2026-07-24,2026-08-06,12,13,4331.16,170
SHP003898,WH0003,DC0001,PRD0097,ocean,2025-12-26,2026-01-15,19,20,14190.48,334
SHP003899,WH0002,DC0003,PRD0066,rail,2026-08-07,2026-08-08,1,1,428.79,386
SHP003900,WH0006,DC0001,PRD0137,ocean,2026-02-20,2026-03-24,32,32,31838.83,396
SHP003901,WH0002,DC0004,PRD0013,air,2025-08-21,2025-08-26,5,5,111695.03,246
SHP003902,WH0002,DC0004,PRD0013,ocean,2025-05-22,2025-06-15,25,24,3026.97,50
SHP003903,WH0010,DC0003,PRD0028,ocean,2025-02-09,2025-03-06,24,25,22259.53,385
SHP003904,WH0001,DC0002,PRD0006,ocean,2025-08-24,2025-09-17,25,24,22390.49,371
SHP003905,WH0009,DC0005,PRD0013,ocean,2024-10-19,2024-10-31,13,12,5775.77,206
SHP003906,WH0003,DC0001,PRD0030,air,2025-05-30,2025-06-01,3,2,85716.46,269
SHP003907,WH0008,DC0005,PRD0107,air,2024-10-05,2024-10-09,4,4,46040.93,143
SHP003908,WH0005,DC0003,PRD0114,ocean,2025-02-01,2025-02-15,16,14,19499.02,546
SHP003909,WH0003,DC0001,PRD0098,ocean,2026-06-25,2026-07-17,19,22,27998.59,659
SHP003910,WH0001,DC0003,PRD0032,ocean,2025-05-24,2025-06-15,25,22,15581.12,257
SHP003911,WH0007,DC0001,PRD0141,ocean,2025-08-10,2025-08-27,18,17,11282.45,280
SHP003912,WH0001,DC0004,PRD0065,road,2025-07-31,2025-08-01,1,1,204.82,104
SHP003913,WH0003,DC0003,PRD0122,air,2024-10-07,2024-10-11,5,4,87986.5,184
SHP003914,WH0008,DC0006,PRD0040,ocean,2026-08-16,2026-09-05,19,20,3246.33,76
SHP003915,WH0005,DC0004,PRD0053,ocean,2025-04-27,2025-05-11,14,14,9310.17,324
SHP003916,WH0009,DC0004,PRD0003,rail,2026-01-27,2026-01-28,1,1,51.5,103
SHP003917,WH0004,DC0005,PRD0078,road,2025-09-17,2025-09-18,1,1,2327.19,419
SHP003918,WH0003,DC0004,PRD0108,road,2026-04-29,2026-04-30,1,1,1107.12,137
SHP003919,WH0003,DC0001,PRD0026,air,2026-05-03,2026-05-06,3,3,253325.6,795
SHP003920,WH0002,DC0005,PRD0134,air,2025-03-14,2025-03-16,3,2,49249.73,181
SHP003921,WH0008,DC0003,PRD0070,ocean,2025-10-04,2025-10-16,13,12,3851.74,146
SHP003922,WH0010,DC0003,PRD0036,air,2025-01-08,2025-01-11,4,3,118813.88,274
SHP003923,WH0008,DC0004,PRD0108,ocean,2025-12-22,2026-01-11,22,20,8949.01,172
SHP003924,WH0001,DC0001,PRD0027,ocean,2025-05-27,2025-06-10,17,14,29955.45,762
SHP003925,WH0002,DC0005,PRD0131,ocean,2025-12-22,2026-01-09,16,18,7147.11,197
SHP003926,WH0001,DC0002,PRD0031,ocean,2026-05-03,2026-05-27,25,24,16415.67,272
SHP003927,WH0009,DC0002,PRD0073,ocean,2025-09-14,2025-10-08,25,24,11570.42,190
SHP003928,WH0004,DC0001,PRD0030,rail,2025-06-04,2025-06-09,5,5,8758.09,369
SHP003929,WH0006,DC0003,PRD0028,air,2026-06-24,2026-06-29,6,5,48167.36,71
SHP003930,WH0002,DC0006,PRD0128,ocean,2025-09-13,2025-09-26,16,13,8079.43,224
SHP003931,WH0008,DC0002,PRD0051,rail,2025-05-18,2025-05-26,8,8,5235.53,116
SHP003932,WH0009,DC0003,PRD0052,ocean,2026-05-26,2026-06-20,25,25,6606.87,108
SHP003933,WH0006,DC0003,PRD0068,ocean,2025-08-23,2025-09-26,36,34,15648.74,173
SHP003934,WH0002,DC0003,PRD0134,road,2025-08-20,2025-08-21,1,1,291.93,146
SHP003935,WH0007,DC0003,PRD0052,air,2025-11-16,2025-11-21,5,5,35967.77,78
SHP003936,WH0007,DC0002,PRD0092,ocean,2025-09-03,2025-09-28,25,25,36309.36,593
SHP003937,WH0007,DC0001,PRD0105,ocean,2024-12-13,2025-01-01,18,19,13538.93,336
SHP003938,WH0007,DC0003,PRD0076,ocean,2025-01-02,2025-01-28,26,26,8054.32,131
SHP003939,WH0002,DC0004,PRD0042,ocean,2024-10-29,2024-11-24,25,26,3390.2,56
SHP003940,WH0005,DC0004,PRD0011,air,2025-12-15,2025-12-18,3,3,37283.77,173
SHP003941,WH0006,DC0006,PRD0141,ocean,2025-02-04,2025-03-06,30,30,5968.0,80
SHP003942,WH0005,DC0005,PRD0128,road,2025-01-17,2025-01-18,1,1,440.15,121
SHP003943,WH0009,DC0004,PRD0054,rail,2025-05-24,2025-05-25,1,1,13.0,26
SHP003944,WH0010,DC0001,PRD0124,ocean,2026-02-06,2026-02-22,16,16,5015.95,137
SHP003945,WH0007,DC0001,PRD0085,ocean,2024-11-28,2024-12-14,18,16,17608.67,437
SHP003946,WH0008,DC0003,PRD0061,air,2025-02-18,2025-02-21,3,3,13058.98,66
SHP003947,WH0008,DC0004,PRD0001,ocean,2026-04-15,2026-05-07,22,22,11758.58,226
SHP003948,WH0003,DC0004,PRD0004,road,2026-02-08,2026-02-09,1,1,1090.96,135
SHP003949,WH0007,DC0002,PRD0023,air,2025-08-19,2025-08-24,5,5,89089.58,194
SHP003950,WH0006,DC0006,PRD0029,ocean,2025-08-17,2025-09-16,30,30,11264.59,151
SHP003951,WH0007,DC0002,PRD0147,ocean,2025-02-03,2025-02-26,25,23,13164.44,215
SHP003952,WH0003,DC0003,PRD0127,ocean,2024-12-30,2025-01-24,26,25,20848.97,327
SHP003953,WH0001,DC0006,PRD0039,ocean,2026-05-02,2026-05-15,13,13,3465.47,125
SHP003954,WH0009,DC0006,PRD0024,air,2024-09-20,2024-09-23,3,3,112987.28,535
SHP003955,WH0010,DC0001,PRD0131,ocean,2024-10-05,2024-10-21,16,16,5455.3,149
SHP003956,WH0004,DC0001,PRD0020,air,2025-10-25,2025-10-26,2,1,4699.46,44
SHP003957,WH0001,DC0003,PRD0026,ocean,2024-12-29,2025-01-22,25,24,16248.01,268
SHP003958,WH0008,DC0005,PRD0066,ocean,2025-12-05,2025-12-23,19,18,2446.93,57
SHP003959,WH0007,DC0002,PRD0060,ocean,2024-10-02,2024-10-27,25,25,3612.57,59
SHP003960,WH0009,DC0006,PRD0117,air,2025-10-24,2025-10-27,3,3,107496.31,509
SHP003961,WH0002,DC0002,PRD0076,road,2024-10-14,2024-10-15,1,1,480.86,161
SHP003962,WH0005,DC0002,PRD0068,ocean,2025-03-10,2025-03-25,16,15,11491.78,327
SHP003963,WH0005,DC0004,PRD0119,ocean,2025-01-12,2025-01-25,14,13,1379.28,48
SHP003964,WH0002,DC0006,PRD0013,ocean,2026-07-31,2026-08-15,16,15,2813.37,78
SHP003965,WH0009,DC0003,PRD0026,air,2025-11-13,2025-11-18,5,5,50469.12,110
SHP003966,WH0005,DC0004,PRD0045,air,2025-10-18,2025-10-21,3,3,110773.74,514
SHP003967,WH0006,DC0006,PRD0011,ocean,2024-09-17,2024-10-16,30,29,10966.19,147
SHP003968,WH0001,DC0004,PRD0075,rail,2026-02-08,2026-02-09,1,1,175.06,160
SHP003969,WH0010,DC0001,PRD0093,ocean,2025-12-28,2026-01-14,16,17,4796.27,131
SHP003970,WH0008,DC0005,PRD0081,ocean,2025-03-28,2025-04-15,19,18,10474.58,244
SHP003971,WH0005,DC0002,PRD0110,air,2024-11-05,2024-11-07,3,2,24775.85,94
SHP003972,WH0003,DC0006,PRD0030,ocean,2025-07-27,2025-08-11,14,15,2275.78,74
SHP003973,WH0004,DC0005,PRD0025,road,2026-08-25,2026-08-26,1,1,1260.79,227
SHP003974,WH0004,DC0005,PRD0012,rail,2026-05-26,2026-05-28,1,2,722.04,234
SHP003975,WH0004,DC0001,PRD0003,ocean,2025-01-05,2025-01-13,8,8,3047.53,214
SHP003976,WH0009,DC0004,PRD0036,road,2026-04-29,2026-04-30,1,1,43.2,48
SHP003977,WH0002,DC0003,PRD0044,road,2025-11-14,2025-11-15,1,1,1053.76,527
SHP003978,WH0004,DC0006,PRD0085,road,2026-04-03,2026-04-04,1,1,2209.59,436
SHP003979,WH0008,DC0001,PRD0092,ocean,2026-04-22,2026-05-03,14,11,12301.53,410
SHP003980,WH0008,DC0006,PRD0113,ocean,2025-01-14,2025-02-02,19,19,14138.62,331
SHP003981,WH0003,DC0004,PRD0069,road,2025-12-26,2025-12-27,1,1,1923.32,238
SHP003982,WH0001,DC0004,PRD0024,road,2025-03-15,2025-03-16,1,1,466.76,237
SHP003983,WH0003,DC0002,PRD0096,ocean,2026-02-11,2026-03-07,26,24,12127.44,191
SHP003984,WH0008,DC0005,PRD0088,ocean,2025-05-10,2025-05-30,19,20,1244.93,29
SHP003985,WH0002,DC0004,PRD0047,ocean,2025-07-30,2025-08-24,25,25,2361.03,39
SHP003986,WH0010,DC0004,PRD0030,road,2025-11-06,2025-11-07,1,1,3714.97,353
SHP003987,WH0002,DC0006,PRD0103,ocean,2025-02-17,2025-03-04,16,15,2560.89,71
SHP003988,WH0005,DC0006,PRD0103,road,2025-06-10,2025-06-11,1,1,313.22,106
SHP003989,WH0004,DC0004,PRD0117,air,2024-11-21,2024-11-23,3,2,9595.77,43
SHP003990,WH0009,DC0001,PRD0070,ocean,2025-01-28,2025-02-12,18,15,3665.36,92
SHP003991,WH0007,DC0005,PRD0099,rail,2026-05-21,2026-05-27,8,6,9176.41,191
SHP003992,WH0007,DC0002,PRD0123,ocean,2025-09-05,2025-10-02,25,27,21430.48,350
SHP003993,WH0008,DC0001,PRD0108,ocean,2025-07-05,2025-07-17,14,12,7080.88,236
SHP003994,WH0009,DC0004,PRD0043,road,2024-12-21,2024-12-22,1,1,260.1,289
SHP003995,WH0008,DC0003,PRD0029,ocean,2024-11-12,2024-11-25,13,13,3297.72,125
SHP003996,WH0002,DC0005,PRD0034,air,2025-08-15,2025-08-18,3,3,44351.97,163
SHP003997,WH0001,DC0006,PRD0016,ocean,2025-11-24,2025-12-07,13,13,8150.78,294
SHP003998,WH0006,DC0003,PRD0041,ocean,2024-10-02,2024-11-07,36,36,16101.01,178
SHP003999,WH0007,DC0006,PRD0027,ocean,2026-03-27,2026-04-10,14,14,3125.67,108
SHP004000,WH0001,DC0005,PRD0107,ocean,2025-09-04,2025-09-16,13,12,3147.01,114
SHP004001,WH0007,DC0002,PRD0124,ocean,2024-11-28,2024-12-22,25,24,2387.97,39
SHP004002,WH0010,DC0006,PRD0146,rail,2025-08-20,2025-08-28,7,8,16499.11,387
SHP004003,WH0006,DC0004,PRD0113,ocean,2024-12-07,2024-12-26,20,19,14497.31,306
SHP004004,WH0005,DC0003,PRD0047,ocean,2025-11-16,2025-12-04,16,18,4571.2,128
SHP004005,WH0007,DC0001,PRD0098,air,2026-04-27,2026-04-30,3,3,100333.18,332
SHP004006,WH0001,DC0003,PRD0092,ocean,2026-06-17,2026-07-11,25,24,4062.0,67
SHP004007,WH0006,DC0002,PRD0008,ocean,2026-03-20,2026-04-26,36,37,37258.77,409
SHP004008,WH0003,DC0004,PRD0034,road,2025-12-19,2025-12-20,1,1,993.98,123
SHP004009,WH0002,DC0004,PRD0124,ocean,2025-09-18,2025-10-13,25,25,21673.07,358
SHP004010,WH0001,DC0005,PRD0125,air,2025-05-30,2025-06-01,3,2,66873.96,323
SHP004011,WH0002,DC0003,PRD0029,road,2024-10-05,2024-10-06,1,1,629.86,315
SHP004012,WH0003,DC0005,PRD0106,rail,2025-09-23,2025-09-30,9,7,7350.77,144
SHP004013,WH0008,DC0006,PRD0113,air,2025-02-17,2025-02-19,3,2,185169.0,578
SHP004014,WH0005,DC0006,PRD0012,road,2026-04-09,2026-04-10,1,1,638.26,216
SHP004015,WH0007,DC0001,PRD0017,ocean,2026-03-31,2026-04-17,18,17,6205.35,154
SHP004016,WH0010,DC0001,PRD0067,air,2025-06-07,2025-06-10,3,3,35422.85,129
SHP004017,WH0008,DC0006,PRD0081,ocean,2025-11-05,2025-11-25,19,20,5809.22,136
SHP004018,WH0002,DC0004,PRD0004,ocean,2026-02-24,2026-03-18,25,22,9383.59,155
SHP004019,WH0004,DC0002,PRD0135,ocean,2026-03-10,2026-03-25,16,15,14363.99,416
SHP004020,WH0007,DC0002,PRD0148,ocean,2026-01-22,2026-02-15,25,24,26757.49,437
SHP004021,WH0005,DC0005,PRD0145,rail,2024-11-13,2024-11-14,1,1,733.59,363
SHP004022,WH0002,DC0003,PRD0058,road,2024-12-10,2024-12-11,1,1,693.84,347
SHP004023,WH0007,DC0002,PRD0087,ocean,2025-08-16,2025-09-09,25,24,22838.77,373
SHP004024,WH0008,DC0004,PRD0133,ocean,2025-02-19,2025-03-12,22,21,4526.53,87
SHP004025,WH0002,DC0004,PRD0134,ocean,2026-05-20,2026-06-12,25,23,6598.79,109
SHP004026,WH0002,DC0004,PRD0025,ocean,2025-03-28,2025-04-18,25,21,9625.75,159
SHP004027,WH0002,DC0003,PRD0111,rail,2026-06-02,2026-06-03,1,1,94.42,85
SHP004028,WH0009,DC0006,PRD0064,air,2025-06-27,2025-06-30,3,3,17317.68,82
SHP004029,WH0001,DC0004,PRD0124,road,2025-01-19,2025-01-20,1,1,512.06,260
SHP004030,WH0007,DC0004,PRD0089,rail,2026-01-31,2026-02-01,1,1,1462.82,664
SHP004031,WH0004,DC0003,PRD0099,ocean,2026-03-31,2026-04-16,16,16,24338.01,693
SHP004032,WH0003,DC0006,PRD0039,air,2025-10-28,2025-10-31,3,3,63660.19,276
SHP004033,WH0009,DC0002,PRD0143,ocean,2024-11-28,2024-12-18,25,20,25820.31,424
SHP004034,WH0010,DC0002,PRD0014,ocean,2024-09-09,2024-10-03,24,24,34648.75,602
SHP004035,WH0003,DC0001,PRD0003,ocean,2025-12-23,2026-01-10,19,18,3611.35,85
SHP004036,WH0008,DC0003,PRD0041,ocean,2026-01-16,2026-01-25,13,9,4537.67,172
SHP004037,WH0008,DC0004,PRD0130,ocean,2025-04-21,2025-05-15,22,24,6035.38,116
SHP004038,WH0001,DC0005,PRD0121,ocean,2025-05-25,2025-06-06,13,12,14161.55,513
SHP004039,WH0004,DC0006,PRD0127,road,2024-12-25,2024-12-26,1,1,349.68,69
SHP004040,WH0008,DC0003,PRD0043,ocean,2025-12-21,2026-01-02,13,12,2532.65,96
SHP004041,WH0004,DC0004,PRD0020,rail,2025-03-07,2025-03-16,8,9,26927.66,543
SHP004042,WH0008,DC0003,PRD0126,ocean,2026-05-17,2026-05-30,13,13,10447.19,396
SHP004043,WH0007,DC0005,PRD0083,ocean,2025-07-08,2025-07-18,14,10,5909.42,205
SHP004044,WH0010,DC0005,PRD0062,ocean,2025-05-27,2025-06-06,12,10,3617.79,142
SHP004045,WH0002,DC0003,PRD0085,road,2025-03-23,2025-03-24,1,1,179.96,90
SHP004046,WH0010,DC0005,PRD0072,rail,2026-01-11,2026-01-17,7,6,7048.75,166
SHP004047,WH0001,DC0002,PRD0013,air,2026-03-06,2026-03-10,5,4,86001.22,190
SHP004048,WH0001,DC0002,PRD0130,ocean,2025-07-01,2025-07-25,25,24,12010.0,199
SHP004049,WH0002,DC0001,PRD0058,air,2026-03-27,2026-03-29,2,2,41034.15,258
SHP004050,WH0007,DC0005,PRD0141,rail,2025-08-20,2025-08-27,8,7,7206.6,150
SHP004051,WH0003,DC0006,PRD0097,ocean,2025-05-30,2025-06-12,14,13,27001.76,878
SHP004052,WH0010,DC0006,PRD0104,air,2025-10-11,2025-10-13,2,2,65612.74,342
SHP004053,WH0005,DC0004,PRD0061,rail,2025-03-07,2025-03-14,8,7,5794.91,121
SHP004054,WH0001,DC0006,PRD0021,air,2025-04-14,2025-04-16,3,2,27862.37,134
SHP004055,WH0008,DC0005,PRD0118,ocean,2025-05-12,2025-06-01,19,20,10217.01,238
SHP004056,WH0004,DC0006,PRD0114,road,2026-01-29,2026-01-30,1,1,552.4,109
SHP004057,WH0005,DC0005,PRD0147,road,2026-02-20,2026-02-21,1,1,123.68,34
SHP004058,WH0004,DC0003,PRD0115,rail,2026-05-17,2026-05-26,10,9,10770.07,184
SHP004059,WH0010,DC0005,PRD0023,air,2025-12-26,2025-12-28,2,2,85412.96,447
SHP004060,WH0003,DC0005,PRD0128,air,2026-02-28,2026-03-03,3,3,35145.86,153
SHP004061,WH0009,DC0004,PRD0115,road,2025-07-25,2025-07-26,1,1,539.1,599
SHP004062,WH0006,DC0006,PRD0081,ocean,2026-01-24,2026-02-21,30,28,7534.59,101
SHP004063,WH0005,DC0005,PRD0031,rail,2024-12-30,2025-01-01,1,2,586.06,290
SHP004064,WH0008,DC0005,PRD0128,ocean,2025-02-06,2025-02-26,19,20,14466.94,337
SHP004065,WH0008,DC0004,PRD0005,ocean,2025-06-21,2025-07-14,22,23,8428.72,162
SHP004066,WH0001,DC0002,PRD0027,ocean,2025-05-07,2025-06-03,25,27,14243.01,236
SHP004067,WH0003,DC0006,PRD0104,air,2025-10-08,2025-10-11,3,3,68042.6,295
SHP004068,WH0010,DC0004,PRD0106,road,2026-01-23,2026-01-24,1,1,2062.7,196
SHP004069,WH0003,DC0003,PRD0010,ocean,2026-01-30,2026-02-24,26,25,13899.32,218
SHP004070,WH0008,DC0002,PRD0143,ocean,2024-12-29,2025-01-11,13,13,1895.62,70
SHP004071,WH0002,DC0003,PRD0141,road,2026-08-05,2026-08-06,1,1,355.92,178
SHP004072,WH0003,DC0001,PRD0001,ocean,2024-09-07,2024-09-26,19,19,4631.03,109
SHP004073,WH0009,DC0005,PRD0024,ocean,2024-11-09,2024-11-23,13,14,2271.06,81
SHP004074,WH0010,DC0006,PRD0078,air,2024-12-18,2024-12-19,2,1,46235.88,241
SHP004075,WH0001,DC0002,PRD0131,air,2026-07-08,2026-07-12,5,4,110896.31,245
SHP004076,WH0008,DC0005,PRD0144,ocean,2025-07-17,2025-08-04,19,18,25714.24,599
SHP004077,WH0008,DC0003,PRD0053,air,2024-10-20,2024-10-22,3,2,54016.71,273
SHP004078,WH0007,DC0002,PRD0117,air,2025-02-12,2025-02-17,5,5,55566.18,121
SHP004079,WH0007,DC0005,PRD0088,ocean,2024-11-01,2024-11-12,14,11,5159.93,179
SHP004080,WH0010,DC0004,PRD0094,road,2024-10-01,2024-10-02,1,1,6724.83,639
SHP004081,WH0010,DC0005,PRD0014,rail,2025-06-10,2025-06-17,7,7,5689.95,134
SHP004082,WH0001,DC0002,PRD0058,ocean,2026-08-19,2026-09-10,25,22,10380.5,172
SHP004083,WH0007,DC0003,PRD0117,ocean,2025-11-23,2025-12-21,26,28,8546.19,139
SHP004084,WH0007,DC0003,PRD0085,ocean,2025-09-17,2025-10-13,26,26,1475.6,24
SHP004085,WH0008,DC0006,PRD0144,air,2026-02-02,2026-02-05,3,3,90982.69,284
SHP004086,WH0005,DC0005,PRD0122,road,2025-11-11,2025-11-12,1,1,592.93,163
SHP004087,WH0002,DC0005,PRD0094,ocean,2026-07-22,2026-08-08,16,17,5042.88,139
SHP004088,WH0008,DC0006,PRD0116,ocean,2026-04-22,2026-05-12,19,20,5980.08,140
SHP004089,WH0001,DC0001,PRD0030,ocean,2025-12-12,2025-12-28,17,16,11636.24,296
SHP004090,WH0005,DC0006,PRD0025,road,2025-07-19,2025-07-20,1,1,620.53,210
SHP004091,WH0002,DC0005,PRD0057,ocean,2025-01-28,2025-02-10,16,13,4426.13,122
SHP004092,WH0002,DC0001,PRD0001,ocean,2025-12-24,2026-01-06,11,13,12638.94,596
SHP004093,WH0002,DC0003,PRD0088,road,2026-04-10,2026-04-11,1,1,413.9,207
SHP004094,WH0002,DC0002,PRD0091,rail,2025-03-30,2025-03-31,1,1,92.92,56
SHP004095,WH0006,DC0001,PRD0075,ocean,2024-09-28,2024-10-29,32,31,11175.75,139
SHP004096,WH0004,DC0006,PRD0141,road,2025-11-13,2025-11-14,1,1,1971.4,389
SHP004097,WH0002,DC0005,PRD0134,ocean,2025-09-13,2025-09-25,16,12,6203.83,171
SHP004098,WH0009,DC0005,PRD0096,ocean,2025-02-19,2025-03-05,13,14,11775.84,420
SHP004099,WH0009,DC0004,PRD0028,road,2025-01-05,2025-01-07,1,2,231.3,257
SHP004100,WH0010,DC0002,PRD0012,ocean,2024-09-30,2024-10-24,24,24,17266.82,300
SHP004101,WH0009,DC0005,PRD0043,rail,2025-02-24,2025-03-04,8,8,13972.13,299
SHP004102,WH0010,DC0006,PRD0127,ocean,2024-09-04,2024-09-11,12,7,2967.28,116
SHP004103,WH0007,DC0004,PRD0036,road,2024-12-27,2024-12-28,1,1,297.41,75
SHP004104,WH0001,DC0003,PRD0105,air,2026-08-28,2026-09-02,5,5,116858.38,257
SHP004105,WH0002,DC0001,PRD0028,ocean,2026-03-24,2026-04-04,11,11,5301.57,250
SHP004106,WH0009,DC0004,PRD0066,rail,2025-05-18,2025-05-19,1,1,119.0,238
SHP004107,WH0005,DC0006,PRD0051,rail,2025-06-17,2025-06-18,1,1,165.8,101
SHP004108,WH0007,DC0003,PRD0049,ocean,2025-11-03,2025-11-28,26,25,39410.84,641
SHP004109,WH0006,DC0004,PRD0031,air,2025-09-14,2025-09-18,4,4,108374.46,305
SHP004110,WH0001,DC0003,PRD0101,air,2026-02-21,2026-02-26,5,5,110492.55,243
SHP004111,WH0005,DC0006,PRD0056,road,2024-10-23,2024-10-24,1,1,316.18,107
SHP004112,WH0002,DC0001,PRD0118,ocean,2024-11-08,2024-11-19,11,11,5131.92,242
SHP004113,WH0001,DC0006,PRD0049,ocean,2025-03-29,2025-04-11,13,13,8233.95,297
SHP004114,WH0005,DC0006,PRD0087,road,2026-04-29,2026-04-30,1,1,428.46,145
SHP004115,WH0003,DC0003,PRD0028,ocean,2026-06-30,2026-07-23,26,23,9244.96,145
SHP004116,WH0004,DC0005,PRD0107,road,2025-05-14,2025-05-15,1,1,3493.56,629
SHP004117,WH0010,DC0001,PRD0012,ocean,2026-08-04,2026-08-18,16,14,5565.14,152
SHP004118,WH0007,DC0005,PRD0032,air,2025-03-23,2025-03-26,3,3,120422.37,557
SHP004119,WH0002,DC0006,PRD0116,ocean,2025-11-18,2025-12-04,16,16,5734.95,159
SHP004120,WH0009,DC0002,PRD0118,air,2025-01-23,2025-01-28,5,5,171729.42,376
SHP004121,WH0006,DC0001,PRD0130,air,2026-07-10,2026-07-16,6,6,78994.07,131
SHP004122,WH0005,DC0002,PRD0035,air,2025-10-26,2025-10-29,3,3,56141.01,213
SHP004123,WH0001,DC0002,PRD0128,ocean,2025-03-12,2025-04-08,25,27,9837.33,163
SHP004124,WH0007,DC0006,PRD0002,ocean,2025-06-26,2025-07-09,14,13,3125.67,108
SHP004125,WH0003,DC0002,PRD0136,ocean,2024-11-20,2024-12-17,26,27,10603.57,167
SHP004126,WH0010,DC0001,PRD0013,ocean,2024-10-26,2024-11-11,16,16,6956.43,190
SHP004127,WH0007,DC0003,PRD0142,ocean,2025-04-05,2025-05-01,26,26,1229.67,20
SHP004128,WH0010,DC0005,PRD0111,ocean,2026-07-23,2026-08-03,12,11,2038.19,80
SHP004129,WH0001,DC0004,PRD0150,road,2026-04-09,2026-04-10,1,1,169.37,86
SHP004130,WH0003,DC0002,PRD0124,ocean,2026-07-30,2026-08-29,26,30,5333.53,84
SHP004131,WH0007,DC0006,PRD0131,ocean,2026-06-02,2026-06-16,14,14,3241.44,112
SHP004132,WH0004,DC0002,PRD0046,rail,2026-04-17,2026-04-28,10,11,6272.74,109
SHP004133,WH0001,DC0002,PRD0149,ocean,2025-10-26,2025-11-20,25,25,5854.12,97
SHP004134,WH0001,DC0004,PRD0045,road,2026-01-20,2026-01-21,1,1,472.67,240
SHP004135,WH0007,DC0005,PRD0033,ocean,2026-08-06,2026-08-22,14,16,10982.87,381
SHP004136,WH0007,DC0001,PRD0027,ocean,2025-10-17,2025-11-05,18,19,12692.75,315
SHP004137,WH0004,DC0005,PRD0100,road,2026-03-16,2026-03-17,1,1,977.53,176
SHP004138,WH0001,DC0003,PRD0083,air,2026-03-07,2026-03-11,5,4,100034.41,220
SHP004139,WH0008,DC0002,PRD0130,ocean,2026-08-02,2026-08-16,13,14,5876.43,217
SHP004140,WH0005,DC0003,PRD0099,rail,2025-08-03,2025-08-14,10,11,6487.77,109
SHP004141,WH0006,DC0002,PRD0108,ocean,2025-08-04,2025-09-08,36,35,17946.15,197
SHP004142,WH0005,DC0003,PRD0064,ocean,2025-11-04,2025-11-16,16,12,2642.72,74
SHP004143,WH0007,DC0006,PRD0071,air,2024-09-23,2024-09-25,3,2,30605.52,141
SHP004144,WH0004,DC0002,PRD0102,ocean,2024-11-27,2024-12-12,16,15,5421.03,157
SHP004145,WH0002,DC0005,PRD0088,ocean,2024-10-23,2024-11-07,16,15,14040.25,387
SHP004146,WH0010,DC0001,PRD0076,ocean,2025-12-08,2025-12-25,16,17,5931.27,162
SHP004147,WH0005,DC0005,PRD0116,road,2026-08-26,2026-08-27,1,1,542.0,149
SHP004148,WH0003,DC0006,PRD0035,air,2026-01-08,2026-01-10,3,2,46130.57,200
SHP004149,WH0009,DC0004,PRD0036,road,2025-02-17,2025-02-18,1,1,218.7,243
SHP004150,WH0004,DC0006,PRD0106,rail,2025-04-21,2025-04-22,1,1,391.35,139
SHP004151,WH0009,DC0003,PRD0132,ocean,2026-07-29,2026-08-23,25,25,10889.09,178
SHP004152,WH0001,DC0005,PRD0077,ocean,2025-09-13,2025-09-25,13,12,7701.89,279
SHP004153,WH0004,DC0006,PRD0141,road,2024-09-11,2024-09-12,1,1,552.4,109
SHP004154,WH0002,DC0004,PRD0081,ocean,2026-05-01,2026-05-22,25,21,10776.0,178
SHP004155,WH0006,DC0001,PRD0142,ocean,2025-03-03,2025-04-03,32,31,9004.92,112
SHP004156,WH0009,DC0002,PRD0056,ocean,2024-11-10,2024-12-05,25,25,16868.46,277
SHP004157,WH0001,DC0004,PRD0052,road,2026-01-06,2026-01-07,1,1,250.12,127
SHP004158,WH0002,DC0002,PRD0054,road,2026-04-23,2026-04-24,1,1,901.98,302
SHP004159,WH0007,DC0001,PRD0075,ocean,2024-10-29,2024-11-15,18,17,8139.48,202
SHP004160,WH0002,DC0005,PRD0089,ocean,2026-07-12,2026-07-26,16,14,1523.75,42
SHP004161,WH0006,DC0001,PRD0034,ocean,2025-08-15,2025-09-18,32,34,7075.3,88
SHP004162,WH0006,DC0001,PRD0046,ocean,2025-05-18,2025-06-19,32,32,13909.39,173
SHP004163,WH0010,DC0006,PRD0129,ocean,2026-06-15,2026-06-30,12,15,5602.02,219
SHP004164,WH0001,DC0004,PRD0139,road,2025-03-18,2025-03-19,1,1,283.6,144
SHP004165,WH0010,DC0006,PRD0083,ocean,2026-07-23,2026-08-04,12,12,2455.68,96
SHP004166,WH0003,DC0006,PRD0030,ocean,2026-01-12,2026-01-28,14,16,12978.07,422
SHP004167,WH0007,DC0002,PRD0091,ocean,2026-06-26,2026-07-22,25,26,17328.08,283
SHP004168,WH0008,DC0002,PRD0144,ocean,2025-09-01,2025-09-12,13,11,13350.61,493
SHP004169,WH0004,DC0002,PRD0123,ocean,2025-01-26,2025-02-10,16,15,2278.9,66
SHP004170,WH0008,DC0004,PRD0150,ocean,2026-02-19,2026-03-14,22,23,11862.64,228
SHP004171,WH0009,DC0003,PRD0147,ocean,2026-05-30,2026-06-23,25,24,17863.01,292
SHP004172,WH0010,DC0006,PRD0107,rail,2025-02-01,2025-02-08,7,7,2174.3,51
SHP004173,WH0007,DC0005,PRD0137,rail,2025-01-29,2025-02-05,8,7,3747.43,78
SHP004174,WH0004,DC0002,PRD0074,ocean,2025-03-04,2025-03-21,16,17,2313.43,67
SHP004175,WH0002,DC0006,PRD0109,air,2025-11-27,2025-11-29,3,2,196124.49,725
SHP004176,WH0005,DC0006,PRD0004,rail,2024-12-26,2024-12-27,1,1,477.71,291
SHP004177,WH0001,DC0006,PRD0134,ocean,2024-11-20,2024-12-04,13,14,5045.72,182
SHP004178,WH0010,DC0006,PRD0028,rail,2026-07-04,2026-07-12,7,8,14751.14,346
SHP004179,WH0010,DC0006,PRD0007,ocean,2026-01-07,2026-01-19,12,12,1637.12,64
SHP004180,WH0010,DC0002,PRD0098,ocean,2025-12-29,2026-01-19,24,21,18072.6,314
SHP004181,WH0002,DC0004,PRD0038,ocean,2025-11-23,2025-12-18,25,25,8657.12,143
SHP004182,WH0006,DC0006,PRD0014,ocean,2026-03-12,2026-04-10,30,29,19694.39,264
SHP004183,WH0004,DC0003,PRD0015,rail,2025-10-02,2025-10-10,10,8,1580.39,27
SHP004184,WH0008,DC0002,PRD0052,ocean,2024-10-04,2024-10-14,13,10,1760.22,65
SHP004185,WH0005,DC0004,PRD0069,rail,2025-08-20,2025-08-27,8,7,10775.66,225
SHP004186,WH0006,DC0006,PRD0042,air,2025-11-28,2025-12-02,5,4,213169.36,381
SHP004187,WH0008,DC0003,PRD0074,ocean,2025-08-27,2025-09-07,13,11,5065.3,192
SHP004188,WH0010,DC0002,PRD0065,ocean,2026-08-20,2026-09-12,24,23,6734.06,117
SHP004189,WH0004,DC0001,PRD0038,rail,2026-06-17,2026-06-20,5,3,1922.51,81
SHP004190,WH0009,DC0006,PRD0016,ocean,2026-05-27,2026-06-04,13,8,9433.21,335
SHP004191,WH0005,DC0006,PRD0076,rail,2025-08-26,2025-08-27,1,1,420.25,256
SHP004192,WH0004,DC0005,PRD0053,road,2026-08-19,2026-08-20,1,1,1955.06,352
SHP004193,WH0002,DC0002,PRD0139,road,2026-07-01,2026-07-02,1,1,558.51,187
SHP004194,WH0007,DC0004,PRD0009,road,2025-03-26,2025-03-27,1,1,646.37,163
SHP004195,WH0007,DC0005,PRD0092,ocean,2025-02-12,2025-02-26,14,14,7091.3,246
SHP004196,WH0006,DC0005,PRD0116,ocean,2025-10-27,2025-11-25,30,29,18260.09,245
SHP004197,WH0003,DC0004,PRD0027,rail,2024-10-13,2024-10-14,2,1,619.56,138
SHP004198,WH0002,DC0001,PRD0144,ocean,2026-04-07,2026-04-17,11,10,1781.33,84
SHP004199,WH0006,DC0005,PRD0058,ocean,2025-08-17,2025-09-14,30,28,10434.34,140
SHP004200,WH0009,DC0003,PRD0144,ocean,2025-10-01,2025-10-25,25,24,22818.16,373
SHP004201,WH0008,DC0005,PRD0100,ocean,2025-09-03,2025-09-21,19,18,12277.58,286
SHP004202,WH0005,DC0001,PRD0061,air,2025-06-16,2025-06-18,2,2,24767.39,227
SHP004203,WH0010,DC0003,PRD0131,ocean,2026-01-15,2026-02-08,24,24,3815.92,66
SHP004204,WH0001,DC0006,PRD0074,ocean,2025-01-08,2025-01-20,13,12,3132.78,113
SHP004205,WH0001,DC0001,PRD0013,ocean,2026-08-13,2026-08-30,17,17,36127.37,919
SHP004206,WH0005,DC0006,PRD0098,rail,2026-01-23,2026-01-24,1,1,215.05,131
SHP004207,WH0010,DC0005,PRD0100,ocean,2025-08-04,2025-08-16,12,12,7872.51,309
SHP004208,WH0007,DC0006,PRD0107,rail,2026-01-17,2026-01-25,8,8,6318.87,131
SHP004209,WH0007,DC0002,PRD0081,air,2024-09-12,2024-09-16,5,4,40870.99,89
SHP004210,WH0001,DC0002,PRD0142,ocean,2025-02-04,2025-03-02,25,26,15631.1,259
SHP004211,WH0002,DC0006,PRD0014,ocean,2025-10-30,2025-11-15,16,16,7718.74,214
SHP004212,WH0004,DC0002,PRD0004,air,2025-04-28,2025-04-30,3,2,55936.7,216
SHP004213,WH0010,DC0003,PRD0065,ocean,2025-11-22,2025-12-15,24,23,20178.12,349
SHP004214,WH0004,DC0006,PRD0052,rail,2025-03-11,2025-03-12,1,1,318.15,113
SHP004215,WH0001,DC0003,PRD0114,ocean,2025-10-07,2025-11-02,25,26,9942.81,164
SHP004216,WH0008,DC0006,PRD0058,ocean,2025-02-23,2025-03-16,19,21,12600.89,295
SHP004217,WH0008,DC0001,PRD0095,rail,2025-08-12,2025-08-21,9,9,30103.75,602
SHP004218,WH0009,DC0006,PRD0140,rail,2025-11-23,2025-11-30,8,7,4505.41,96
SHP004219,WH0007,DC0004,PRD0051,road,2025-05-27,2025-05-28,1,1,456.03,115
SHP004220,WH0008,DC0003,PRD0050,rail,2025-09-01,2025-09-06,8,5,8574.08,195
SHP004221,WH0007,DC0006,PRD0076,air,2025-02-03,2025-02-04,3,1,16062.47,74
SHP004222,WH0002,DC0003,PRD0115,road,2026-01-25,2026-01-26,1,1,105.98,53
SHP004223,WH0008,DC0006,PRD0046,air,2025-06-01,2025-06-04,3,3,9931.21,31
SHP004224,WH0004,DC0002,PRD0020,rail,2026-05-17,2026-05-25,10,8,21005.04,365
SHP004225,WH0003,DC0005,PRD0048,rail,2025-03-26,2025-04-05,9,10,6993.44,137
SHP004226,WH0007,DC0005,PRD0045,air,2025-01-12,2025-01-14,3,2,41077.65,190
SHP004227,WH0010,DC0001,PRD0132,ocean,2024-12-08,2024-12-21,16,13,8530.77,233
SHP004228,WH0004,DC0004,PRD0031,ocean,2025-10-27,2025-11-11,14,15,7051.77,237
SHP004229,WH0004,DC0004,PRD0097,air,2025-02-16,2025-02-18,3,2,44408.32,199
SHP004230,WH0007,DC0006,PRD0011,air,2024-11-15,2024-11-17,3,2,15411.29,71
SHP004231,WH0001,DC0002,PRD0110,ocean,2025-03-18,2025-04-11,25,24,7785.37,129
SHP004232,WH0007,DC0006,PRD0072,rail,2025-02-22,2025-03-02,8,8,6222.4,129
SHP004233,WH0003,DC0004,PRD0143,road,2025-07-14,2025-07-15,1,1,533.36,66
SHP004234,WH0008,DC0005,PRD0068,ocean,2025-06-07,2025-06-26,19,19,5752.43,134
SHP004235,WH0002,DC0005,PRD0034,ocean,2024-12-18,2025-01-02,16,15,4244.73,117
SHP004236,WH0005,DC0004,PRD0042,ocean,2026-08-01,2026-08-13,14,12,6264.25,218
SHP004237,WH0002,DC0003,PRD0150,road,2024-12-21,2024-12-22,1,1,671.85,336
SHP004238,WH0010,DC0001,PRD0066,ocean,2026-04-11,2026-04-26,16,15,951.93,26
SHP004239,WH0001,DC0002,PRD0002,air,2025-01-10,2025-01-15,5,5,227676.92,503
SHP004240,WH0002,DC0006,PRD0085,ocean,2025-09-01,2025-09-15,16,14,7971.22,221
SHP004241,WH0001,DC0005,PRD0120,ocean,2026-08-27,2026-09-11,13,15,2760.54,100
SHP004242,WH0008,DC0002,PRD0040,air,2026-05-13,2026-05-16,3,3,14420.28,71
SHP004243,WH0002,DC0006,PRD0011,ocean,2025-09-14,2025-09-27,16,13,8079.43,224
SHP004244,WH0005,DC0003,PRD0040,rail,2026-02-09,2026-02-19,10,10,9285.25,156
SHP004245,WH0008,DC0002,PRD0083,ocean,2026-03-28,2026-04-11,13,14,3303.8,122
SHP004246,WH0005,DC0006,PRD0014,rail,2025-04-09,2025-04-10,1,1,303.7,185
SHP004247,WH0009,DC0003,PRD0078,ocean,2025-10-17,2025-11-11,25,25,2814.04,46
SHP004248,WH0007,DC0001,PRD0126,ocean,2025-10-21,2025-11-10,18,20,14707.47,365
SHP004249,WH0001,DC0005,PRD0147,ocean,2025-06-20,2025-06-30,13,10,6735.71,244
SHP004250,WH0007,DC0001,PRD0141,air,2026-01-18,2026-01-21,3,3,68299.09,226
SHP004251,WH0010,DC0004,PRD0092,road,2024-10-17,2024-10-18,1,1,3820.21,363
SHP004252,WH0001,DC0002,PRD0019,air,2026-04-17,2026-04-22,5,5,46169.08,102
SHP004253,WH0004,DC0003,PRD0082,ocean,2025-08-15,2025-08-29,16,14,3828.06,109
SHP004254,WH0005,DC0006,PRD0135,road,2025-12-05,2025-12-06,1,1,3206.08,1085
SHP004255,WH0008,DC0005,PRD0057,ocean,2025-07-27,2025-08-17,19,21,1760.07,41
SHP004256,WH0006,DC0001,PRD0048,ocean,2025-05-04,2025-06-01,32,28,15999.82,199
SHP004257,WH0005,DC0002,PRD0134,rail,2025-05-24,2025-06-02,10,9,10250.05,175
SHP004258,WH0005,DC0006,PRD0018,road,2025-10-15,2025-10-16,1,1,475.74,161
SHP004259,WH0008,DC0003,PRD0130,rail,2026-07-12,2026-07-19,8,7,7254.99,165
SHP004260,WH0007,DC0001,PRD0041,ocean,2025-03-10,2025-03-28,18,18,4029.44,100
SHP004261,WH0010,DC0002,PRD0107,ocean,2024-09-18,2024-10-09,24,21,6618.95,115
SHP004262,WH0010,DC0006,PRD0140,ocean,2024-12-01,2024-12-14,12,13,6599.64,258
SHP004263,WH0008,DC0004,PRD0138,air,2026-05-26,2026-05-29,4,3,23413.1,60
SHP004264,WH0001,DC0006,PRD0104,rail,2026-08-04,2026-08-09,8,5,8779.19,190
SHP004265,WH0010,DC0006,PRD0024,ocean,2025-01-26,2025-02-06,12,11,7494.94,293
SHP004266,WH0010,DC0001,PRD0090,ocean,2025-10-27,2025-11-16,16,20,12741.24,348
SHP004267,WH0001,DC0003,PRD0057,ocean,2025-12-19,2026-01-11,25,23,3031.35,50
SHP004268,WH0002,DC0006,PRD0055,air,2025-01-08,2025-01-10,3,2,66547.07,246
SHP004269,WH0007,DC0003,PRD0085,ocean,2026-03-24,2026-04-17,26,24,28343.83,461
SHP004270,WH0007,DC0005,PRD0085,ocean,2025-05-19,2025-05-31,14,12,8417.31,292
SHP004271,WH0004,DC0005,PRD0093,road,2026-01-05,2026-01-06,1,1,383.24,69
SHP004272,WH0008,DC0002,PRD0076,air,2025-08-23,2025-08-25,3,2,32699.51,161
SHP004273,WH0001,DC0002,PRD0056,ocean,2026-02-20,2026-03-15,25,23,6276.58,104
SHP004274,WH0007,DC0002,PRD0136,ocean,2026-06-11,2026-07-03,25,22,6674.06,109
SHP004275,WH0001,DC0005,PRD0122,air,2025-06-07,2025-06-10,3,3,31884.18,154
SHP004276,WH0003,DC0001,PRD0144,ocean,2025-03-31,2025-04-19,19,19,4376.11,103
SHP004277,WH0004,DC0004,PRD0003,ocean,2025-12-06,2025-12-18,14,12,3659.78,123
SHP004278,WH0008,DC0006,PRD0030,ocean,2024-12-18,2025-01-05,19,18,35197.06,824
SHP004279,WH0001,DC0006,PRD0089,rail,2025-01-03,2025-01-10,8,7,4482.01,97
SHP004280,WH0004,DC0006,PRD0115,rail,2026-04-13,2026-04-14,1,1,1013.57,360
SHP004281,WH0001,DC0005,PRD0062,air,2025-05-06,2025-05-09,3,3,65838.76,318
SHP004282,WH0005,DC0001,PRD0063,rail,2025-12-06,2025-12-09,5,3,4364.3,180
SHP004283,WH0007,DC0001,PRD0011,ocean,2025-10-24,2025-11-10,18,17,4271.21,106
SHP004284,WH0003,DC0002,PRD0083,air,2026-05-13,2026-05-18,5,5,100956.14,212
SHP004285,WH0009,DC0002,PRD0098,ocean,2024-10-25,2024-11-19,25,25,19974.2,328
SHP004286,WH0009,DC0002,PRD0030,air,2024-12-30,2025-01-04,5,5,103220.34,226
SHP004287,WH0010,DC0004,PRD0099,road,2025-02-16,2025-02-17,1,1,547.25,52
SHP004288,WH0010,DC0001,PRD0066,ocean,2025-04-22,2025-05-10,16,18,8457.55,231
SHP004289,WH0009,DC0004,PRD0139,road,2025-04-03,2025-04-04,1,1,397.8,442
SHP004290,WH0010,DC0005,PRD0073,rail,2025-03-17,2025-03-23,7,6,6963.82,164
SHP004291,WH0008,DC0006,PRD0007,ocean,2025-12-16,2026-01-01,19,16,9183.7,215
SHP004292,WH0009,DC0003,PRD0133,ocean,2025-03-19,2025-04-15,25,27,9359.73,153
SHP004293,WH0010,DC0006,PRD0096,rail,2025-07-23,2025-07-30,7,7,8441.4,198
SHP004294,WH0007,DC0003,PRD0132,ocean,2026-05-23,2026-06-17,26,25,9406.96,153
SHP004295,WH0009,DC0002,PRD0131,air,2025-05-25,2025-05-29,5,4,141128.7,309
SHP004296,WH0008,DC0003,PRD0115,rail,2025-11-04,2025-11-12,8,8,10904.47,248
SHP004297,WH0006,DC0003,PRD0125,ocean,2026-08-05,2026-09-10,36,36,6241.4,69
SHP004298,WH0007,DC0001,PRD0012,ocean,2025-07-01,2025-07-18,18,17,6044.17,150
SHP004299,WH0010,DC0002,PRD0076,air,2025-01-15,2025-01-19,4,4,102737.56,238
SHP004300,WH0008,DC0003,PRD0050,ocean,2024-09-20,2024-10-02,13,12,5012.54,190
SHP004301,WH0004,DC0006,PRD0083,rail,2026-02-14,2026-02-16,1,2,509.6,181
SHP004302,WH0010,DC0005,PRD0132,ocean,2025-12-28,2026-01-09,12,12,6751.51,265
SHP004303,WH0005,DC0002,PRD0022,ocean,2026-07-18,2026-08-03,16,16,4322.59,123
SHP004304,WH0001,DC0005,PRD0025,rail,2026-01-25,2026-02-04,8,10,4508.87,98
SHP004305,WH0004,DC0003,PRD0043,air,2024-11-01,2024-11-04,3,3,28710.42,109
SHP004306,WH0002,DC0001,PRD0138,rail,2025-01-03,2025-01-09,6,6,4488.66,127
SHP004307,WH0008,DC0006,PRD0137,ocean,2024-11-17,2024-12-04,19,17,5595.65,131
SHP004308,WH0005,DC0005,PRD0002,rail,2024-10-20,2024-10-21,1,1,1677.35,830
SHP004309,WH0004,DC0001,PRD0017,ocean,2026-06-03,2026-06-13,8,10,3873.5,272
SHP004310,WH0009,DC0001,PRD0054,ocean,2025-10-07,2025-10-25,18,18,6175.33,155
SHP004311,WH0001,DC0006,PRD0055,ocean,2024-09-23,2024-10-05,13,12,4796.21,173
SHP004312,WH0001,DC0003,PRD0109,ocean,2025-06-19,2025-07-15,25,26,17339.3,286
SHP004313,WH0010,DC0005,PRD0027,ocean,2026-03-13,2026-03-26,12,13,8534.93,335
SHP004314,WH0007,DC0005,PRD0053,air,2024-11-03,2024-11-05,3,2,134691.45,623
SHP004315,WH0002,DC0004,PRD0138,ocean,2025-03-13,2025-04-08,25,26,4843.15,80
SHP004316,WH0008,DC0003,PRD0112,ocean,2024-12-25,2025-01-04,13,10,3007.52,114
SHP004317,WH0010,DC0002,PRD0019,air,2025-12-23,2025-12-27,4,4,82017.38,190
SHP004318,WH0006,DC0003,PRD0040,air,2026-06-08,2026-06-13,6,5,187242.14,276
SHP004319,WH0009,DC0004,PRD0007,road,2025-04-16,2025-04-17,1,1,130.5,145
SHP004320,WH0003,DC0004,PRD0118,road,2025-03-02,2025-03-03,1,1,775.79,96
SHP004321,WH0005,DC0005,PRD0085,road,2025-03-29,2025-03-30,1,1,243.72,67
SHP004322,WH0005,DC0002,PRD0010,ocean,2025-12-02,2025-12-19,16,17,878.58,25
SHP004323,WH0008,DC0001,PRD0023,air,2024-12-08,2024-12-11,3,3,71333.89,317
SHP004324,WH0001,DC0006,PRD0019,ocean,2026-05-05,2026-05-16,13,11,12198.45,440
SHP004325,WH0007,DC0004,PRD0014,rail,2024-09-24,2024-09-25,1,1,760.05,345
SHP004326,WH0006,DC0005,PRD0046,ocean,2025-12-29,2026-01-27,30,29,8496.53,114
SHP004327,WH0005,DC0003,PRD0065,ocean,2026-05-21,2026-06-07,16,17,6606.81,185
SHP004328,WH0001,DC0004,PRD0143,road,2025-04-28,2025-04-29,1,1,888.22,451
SHP004329,WH0002,DC0006,PRD0019,ocean,2025-08-15,2025-09-02,16,18,2705.17,75
SHP004330,WH0004,DC0004,PRD0148,ocean,2026-08-12,2026-08-26,14,14,4046.59,136
SHP004331,WH0004,DC0003,PRD0059,rail,2025-10-01,2025-10-11,10,10,13579.65,232
SHP004332,WH0007,DC0003,PRD0067,ocean,2025-03-20,2025-04-14,26,25,13772.27,224
SHP004333,WH0003,DC0001,PRD0105,ocean,2025-07-23,2025-08-10,19,18,3866.27,91
SHP004334,WH0009,DC0006,PRD0100,ocean,2026-08-08,2026-08-23,13,15,5068.59,180
SHP004335,WH0007,DC0006,PRD0116,ocean,2026-01-23,2026-02-07,14,15,4341.21,150
SHP004336,WH0006,DC0005,PRD0104,ocean,2025-01-10,2025-02-05,30,26,8422.0,113
SHP004337,WH0001,DC0005,PRD0111,ocean,2025-11-11,2025-11-24,13,13,11373.4,412
SHP004338,WH0008,DC0005,PRD0081,ocean,2025-12-06,2025-12-25,19,19,2833.29,66
SHP004339,WH0007,DC0002,PRD0005,air,2025-12-09,2025-12-14,5,5,93222.6,203
SHP004340,WH0006,DC0003,PRD0100,ocean,2025-10-18,2025-11-22,36,35,13206.45,146
SHP004341,WH0010,DC0003,PRD0031,air,2025-09-19,2025-09-23,4,4,89760.85,207
SHP004342,WH0007,DC0001,PRD0137,ocean,2025-12-12,2025-12-27,18,15,10275.08,255
SHP004343,WH0003,DC0003,PRD0002,air,2025-04-16,2025-04-21,5,5,157323.68,329
SHP004344,WH0008,DC0004,PRD0017,ocean,2025-05-14,2025-06-04,22,21,6035.38,116
SHP004345,WH0002,DC0002,PRD0150,road,2025-09-30,2025-10-01,1,1,713.82,239
SHP004346,WH0005,DC0002,PRD0012,rail,2026-04-11,2026-04-22,10,11,9254.33,158
SHP004347,WH0007,DC0005,PRD0019,air,2025-07-21,2025-07-24,3,3,44320.62,205
SHP004348,WH0001,DC0004,PRD0092,road,2025-05-27,2025-05-28,1,1,261.94,133
SHP004349,WH0003,DC0005,PRD0129,rail,2025-03-11,2025-03-18,9,7,7197.63,141
SHP004350,WH0002,DC0001,PRD0028,rail,2025-04-12,2025-04-18,6,6,9790.23,277
SHP004351,WH0009,DC0003,PRD0075,ocean,2024-09-04,2024-09-29,25,25,6300.99,103
SHP004352,WH0003,DC0002,PRD0078,ocean,2026-04-18,2026-05-13,26,25,37906.17,597
SHP004353,WH0008,DC0004,PRD0023,ocean,2026-05-12,2026-06-02,22,21,4006.24,77
SHP004354,WH0002,DC0001,PRD0073,rail,2025-05-11,2025-05-17,6,6,5513.63,156
SHP004355,WH0002,DC0001,PRD0113,ocean,2025-08-10,2025-08-20,11,10,15883.5,749
SHP004356,WH0004,DC0001,PRD0098,rail,2024-09-10,2024-09-14,5,4,6645.7,280
SHP004357,WH0003,DC0006,PRD0102,ocean,2026-07-05,2026-07-19,14,14,13039.58,424
SHP004358,WH0005,DC0002,PRD0008,ocean,2026-07-23,2026-08-06,16,14,21015.54,598
SHP004359,WH0009,DC0006,PRD0122,rail,2025-08-16,2025-08-23,8,7,12155.23,259
SHP004360,WH0005,DC0003,PRD0041,air,2024-09-10,2024-09-13,3,3,11249.44,42
SHP004361,WH0007,DC0006,PRD0137,ocean,2025-07-13,2025-07-27,14,14,8335.12,288
SHP004362,WH0008,DC0005,PRD0057,ocean,2025-04-04,2025-04-21,19,17,12320.51,287
SHP004363,WH0002,DC0003,PRD0035,rail,2025-02-18,2025-02-20,1,2,227.73,205
SHP004364,WH0003,DC0003,PRD0101,ocean,2024-09-09,2024-10-04,26,25,6822.14,107
SHP004365,WH0009,DC0006,PRD0140,air,2025-06-02,2025-06-04,3,2,36324.88,172
SHP004366,WH0002,DC0003,PRD0076,road,2025-06-29,2025-06-30,1,1,351.92,176
SHP004367,WH0004,DC0006,PRD0037,road,2025-10-15,2025-10-16,1,1,1565.97,309
SHP004368,WH0003,DC0005,PRD0077,rail,2025-06-17,2025-06-25,9,8,6585.06,129
SHP004369,WH0010,DC0002,PRD0096,air,2024-12-31,2025-01-04,4,4,2092306.58,4847
SHP004370,WH0004,DC0002,PRD0003,ocean,2026-02-21,2026-03-07,16,14,15779.67,457
SHP004371,WH0009,DC0005,PRD0142,rail,2025-06-13,2025-06-19,8,6,7850.56,168
SHP004372,WH0007,DC0003,PRD0143,ocean,2025-06-05,2025-06-30,26,25,14694.53,239
SHP004373,WH0010,DC0003,PRD0037,ocean,2025-03-13,2025-04-08,24,26,3469.02,60
SHP004374,WH0005,DC0005,PRD0032,road,2025-07-07,2025-07-08,1,1,2906.46,799
SHP004375,WH0001,DC0001,PRD0011,air,2025-02-24,2025-02-26,3,2,92284.0,313
SHP004376,WH0009,DC0005,PRD0002,air,2026-03-13,2026-03-16,3,3,23131.12,110
SHP004377,WH0004,DC0002,PRD0147,rail,2026-06-26,2026-07-06,10,10,14904.94,259
SHP004378,WH0004,DC0004,PRD0101,air,2026-04-13,2026-04-15,3,2,22092.58,99
SHP004379,WH0008,DC0002,PRD0138,air,2026-01-14,2026-01-17,3,3,31277.8,154
SHP004380,WH0004,DC0001,PRD0141,rail,2025-03-29,2025-04-03,5,5,4889.34,206
SHP004381,WH0007,DC0001,PRD0022,ocean,2026-02-25,2026-03-16,18,19,3868.27,96
SHP004382,WH0007,DC0001,PRD0079,ocean,2026-04-14,2026-05-02,18,18,11121.27,276
SHP004383,WH0006,DC0003,PRD0054,air,2025-06-30,2025-07-06,6,6,93621.07,138
SHP004384,WH0005,DC0005,PRD0089,road,2026-05-16,2026-05-17,1,1,294.65,81
SHP004385,WH0009,DC0003,PRD0055,ocean,2025-01-14,2025-02-09,25,26,13336.08,218
SHP004386,WH0003,DC0001,PRD0106,ocean,2025-04-02,2025-04-21,19,19,16612.21,391
SHP004387,WH0004,DC0005,PRD0132,road,2025-12-10,2025-12-11,1,1,2043.92,368
SHP004388,WH0005,DC0001,PRD0037,ocean,2025-11-26,2025-12-03,8,7,4189.73,288
SHP004389,WH0001,DC0003,PRD0042,ocean,2025-03-20,2025-04-13,25,24,6972.1,115
SHP004390,WH0001,DC0003,PRD0048,ocean,2025-11-30,2025-12-24,25,24,10064.07,166
SHP004391,WH0008,DC0002,PRD0057,ocean,2025-01-18,2025-02-01,13,14,9505.2,351
SHP004392,WH0003,DC0002,PRD0065,ocean,2024-09-18,2024-10-17,26,29,29524.91,465
SHP004393,WH0004,DC0001,PRD0050,rail,2024-10-10,2024-10-17,5,7,5174.15,218
SHP004394,WH0007,DC0001,PRD0030,ocean,2025-09-27,2025-10-13,18,16,8260.36,205
SHP004395,WH0006,DC0005,PRD0047,ocean,2025-01-16,2025-02-14,30,29,14682.61,197
SHP004396,WH0001,DC0005,PRD0146,ocean,2024-11-17,2024-11-30,13,13,7287.81,264
SHP004397,WH0002,DC0006,PRD0014,air,2025-03-18,2025-03-20,3,2,48422.46,179
SHP004398,WH0002,DC0006,PRD0141,ocean,2026-02-05,2026-02-20,16,15,2993.72,83
SHP004399,WH0002,DC0002,PRD0119,rail,2026-02-13,2026-02-14,1,1,594.02,358
SHP004400,WH0006,DC0001,PRD0141,ocean,2025-02-20,2025-03-19,32,27,6432.09,80
SHP004401,WH0007,DC0002,PRD0019,ocean,2024-12-22,2025-01-16,25,25,8572.19,140
SHP004402,WH0008,DC0002,PRD0075,ocean,2025-08-28,2025-09-09,13,12,1922.7,71
SHP004403,WH0010,DC0004,PRD0018,road,2025-05-10,2025-05-11,1,1,1599.65,152
SHP004404,WH0010,DC0005,PRD0065,air,2025-04-18,2025-04-20,2,2,30381.79,159
SHP004405,WH0006,DC0006,PRD0026,ocean,2026-04-07,2026-05-05,30,28,26259.18,352
SHP004406,WH0010,DC0005,PRD0051,ocean,2026-08-29,2026-09-08,12,10,7184.62,282
SHP004407,WH0007,DC0004,PRD0149,road,2025-08-06,2025-08-07,1,1,563.1,142
SHP004408,WH0005,DC0005,PRD0125,road,2026-04-01,2026-04-02,1,1,280.1,77
SHP004409,WH0010,DC0001,PRD0085,air,2025-05-01,2025-05-04,3,3,34049.87,124
SHP004410,WH0002,DC0003,PRD0092,rail,2026-05-09,2026-05-11,1,2,276.6,249
SHP004411,WH0010,DC0002,PRD0033,air,2026-07-26,2026-07-30,4,4,49210.43,114
SHP004412,WH0007,DC0001,PRD0061,ocean,2024-10-14,2024-11-01,18,18,3989.15,99
SHP004413,WH0002,DC0002,PRD0026,road,2026-03-21,2026-03-22,1,1,516.7,173
SHP004414,WH0007,DC0006,PRD0073,air,2024-10-25,2024-10-27,3,2,23442.53,108
SHP004415,WH0004,DC0002,PRD0018,ocean,2025-08-11,2025-08-26,16,15,25585.86,741
SHP004416,WH0006,DC0003,PRD0050,air,2025-01-21,2025-01-27,6,6,208951.37,308
SHP004417,WH0008,DC0003,PRD0082,ocean,2026-05-07,2026-05-20,13,13,5144.45,195
SHP004418,WH0004,DC0003,PRD0125,air,2026-04-20,2026-04-23,3,3,140127.93,532
SHP004419,WH0006,DC0006,PRD0116,ocean,2026-04-28,2026-05-28,30,30,10145.59,136
SHP004420,WH0010,DC0001,PRD0085,air,2024-12-01,2024-12-04,3,3,63431.61,231
SHP004421,WH0003,DC0006,PRD0079,rail,2026-03-15,2026-03-24,9,9,9841.19,192
SHP004422,WH0009,DC0006,PRD0150,ocean,2025-03-03,2025-03-15,13,12,12558.84,446
SHP004423,WH0008,DC0004,PRD0040,ocean,2026-03-17,2026-04-07,22,21,10249.74,197
SHP004424,WH0009,DC0001,PRD0145,ocean,2025-07-22,2025-08-09,18,18,10717.18,269
SHP004425,WH0010,DC0005,PRD0146,ocean,2026-02-21,2026-03-03,12,10,4101.86,161
SHP004426,WH0007,DC0006,PRD0094,ocean,2024-09-28,2024-10-11,14,13,1794.37,62
SHP004427,WH0009,DC0004,PRD0081,road,2025-08-04,2025-08-05,1,1,162.9,181
SHP004428,WH0004,DC0002,PRD0110,air,2026-03-17,2026-03-19,3,2,39103.9,151
SHP004429,WH0005,DC0004,PRD0044,air,2025-09-17,2025-09-19,3,2,38361.33,178
SHP004430,WH0010,DC0001,PRD0002,ocean,2026-08-18,2026-08-31,16,13,23542.01,643
SHP004431,WH0009,DC0003,PRD0081,air,2025-08-13,2025-08-17,5,4,57810.08,126
SHP004432,WH0004,DC0004,PRD0064,rail,2026-01-11,2026-01-19,8,8,16712.01,337
SHP004433,WH0008,DC0005,PRD0057,ocean,2025-04-18,2025-05-07,19,19,9057.94,211
SHP004434,WH0006,DC0003,PRD0112,ocean,2025-04-26,2025-06-01,36,36,23970.61,265
SHP004435,WH0004,DC0006,PRD0071,road,2025-12-04,2025-12-05,1,1,1150.41,227
SHP004436,WH0009,DC0002,PRD0093,ocean,2024-10-04,2024-10-29,25,25,7185.84,118
SHP004437,WH0001,DC0006,PRD0035,ocean,2026-07-16,2026-07-29,13,13,8317.13,300
SHP004438,WH0005,DC0004,PRD0085,ocean,2025-09-17,2025-09-30,14,13,23275.42,810
SHP004439,WH0007,DC0004,PRD0123,road,2025-03-06,2025-03-07,1,1,979.47,247
SHP004440,WH0006,DC0005,PRD0119,ocean,2025-12-11,2026-01-08,30,28,24297.1,326
SHP004441,WH0010,DC0001,PRD0115,air,2025-01-26,2025-01-29,3,3,64255.4,234
SHP004442,WH0001,DC0003,PRD0092,ocean,2026-06-10,2026-07-04,25,24,12974.16,214
SHP004443,WH0004,DC0002,PRD0079,rail,2026-05-24,2026-06-03,10,10,8229.37,143
SHP004444,WH0001,DC0002,PRD0125,air,2025-02-09,2025-02-13,5,4,51600.73,114
SHP004445,WH0003,DC0004,PRD0142,road,2024-11-24,2024-11-25,1,1,1616.23,200
SHP004446,WH0010,DC0002,PRD0028,ocean,2025-12-07,2026-01-01,24,25,10647.87,185
SHP004447,WH0004,DC0003,PRD0045,air,2025-04-27,2025-04-29,3,2,50309.09,191
SHP004448,WH0009,DC0003,PRD0021,ocean,2025-01-03,2025-01-29,25,26,6056.29,99
SHP004449,WH0006,DC0006,PRD0072,ocean,2025-03-23,2025-04-22,30,30,4028.4,54
SHP004450,WH0004,DC0006,PRD0036,road,2024-11-29,2024-11-30,1,1,2082.89,411
SHP004451,WH0010,DC0005,PRD0138,rail,2026-03-30,2026-04-07,7,8,2590.2,61
SHP004452,WH0008,DC0005,PRD0051,air,2024-09-10,2024-09-14,4,4,57631.66,179
SHP004453,WH0006,DC0004,PRD0068,ocean,2024-10-04,2024-10-24,20,20,9333.23,197
SHP004454,WH0005,DC0006,PRD0020,road,2026-03-26,2026-03-27,1,1,641.22,217
SHP004455,WH0001,DC0004,PRD0020,road,2025-08-15,2025-08-16,1,1,248.15,126
SHP004456,WH0006,DC0003,PRD0005,ocean,2025-11-10,2025-12-12,36,32,22432.87,248
SHP004457,WH0005,DC0006,PRD0130,road,2025-05-31,2025-06-01,1,1,94.56,32
SHP004458,WH0006,DC0004,PRD0008,ocean,2024-11-07,2024-11-27,20,20,11891.58,251
SHP004459,WH0002,DC0004,PRD0149,ocean,2024-12-27,2025-01-19,25,23,10533.84,174
SHP004460,WH0002,DC0005,PRD0149,ocean,2024-11-09,2024-11-26,16,17,2866.1,79
SHP004461,WH0002,DC0006,PRD0104,air,2025-11-27,2025-11-29,3,2,12984.79,48
SHP004462,WH0003,DC0003,PRD0055,air,2026-07-11,2026-07-16,5,5,17214.75,36
SHP004463,WH0005,DC0001,PRD0010,rail,2026-08-28,2026-09-01,5,4,10813.76,446
SHP004464,WH0007,DC0002,PRD0142,ocean,2025-12-01,2025-12-26,25,25,4898.4,80
SHP004465,WH0004,DC0003,PRD0067,ocean,2024-10-17,2024-11-04,16,18,3476.86,99
SHP004466,WH0005,DC0005,PRD0140,road,2025-12-15,2025-12-16,1,1,381.95,105
SHP004467,WH0006,DC0003,PRD0139,air,2026-01-26,2026-02-01,6,6,79374.39,117
SHP004468,WH0010,DC0002,PRD0121,air,2026-04-01,2026-04-05,4,4,85470.75,198
SHP004469,WH0005,DC0004,PRD0039,rail,2024-12-04,2024-12-11,8,7,11206.68,234
SHP004470,WH0002,DC0002,PRD0094,road,2025-02-19,2025-02-20,1,1,385.28,129
SHP004471,WH0007,DC0001,PRD0101,ocean,2026-08-17,2026-08-31,18,14,10597.44,263
SHP004472,WH0010,DC0002,PRD0058,ocean,2026-03-30,2026-04-25,24,26,4892.26,85
SHP004473,WH0002,DC0004,PRD0075,ocean,2026-03-07,2026-03-31,25,24,16406.15,271
SHP004474,WH0004,DC0004,PRD0035,air,2026-04-11,2026-04-14,3,3,61145.12,274
SHP004475,WH0005,DC0002,PRD0119,air,2025-07-19,2025-07-22,3,3,41908.08,159
SHP004476,WH0001,DC0002,PRD0129,ocean,2025-01-22,2025-02-15,25,24,6457.64,107
SHP004477,WH0005,DC0003,PRD0131,rail,2026-01-17,2026-01-24,10,7,59758.91,1004
SHP004478,WH0010,DC0005,PRD0024,air,2025-05-22,2025-05-24,2,2,38407.17,201
SHP004479,WH0003,DC0006,PRD0102,ocean,2024-12-10,2024-12-26,14,16,7442.4,242
SHP004480,WH0006,DC0005,PRD0094,ocean,2026-06-18,2026-07-20,30,32,14011.83,188
SHP004481,WH0003,DC0003,PRD0129,ocean,2025-08-22,2025-09-15,26,24,4144.29,65
SHP004482,WH0010,DC0001,PRD0003,ocean,2025-07-18,2025-08-02,16,15,4613.21,126
SHP004483,WH0005,DC0002,PRD0062,air,2025-04-05,2025-04-07,3,2,90932.62,345
SHP004484,WH0001,DC0003,PRD0043,ocean,2026-01-23,2026-02-16,25,24,28494.65,470
SHP004485,WH0010,DC0006,PRD0132,ocean,2025-01-19,2025-01-29,12,10,2353.36,92
SHP004486,WH0010,DC0006,PRD0036,ocean,2025-01-17,2025-01-30,12,13,3530.04,138
SHP004487,WH0008,DC0006,PRD0115,air,2025-05-14,2025-05-17,3,3,145444.16,454
SHP004488,WH0007,DC0006,PRD0041,ocean,2026-02-17,2026-03-03,14,14,4080.74,141
SHP004489,WH0009,DC0003,PRD0046,air,2025-03-22,2025-03-27,5,5,97726.56,213
SHP004490,WH0007,DC0005,PRD0145,ocean,2026-04-30,2026-05-15,14,15,6197.68,215
SHP004491,WH0002,DC0001,PRD0145,ocean,2026-06-29,2026-07-09,11,10,4156.43,196
SHP004492,WH0002,DC0003,PRD0038,road,2025-10-11,2025-10-12,1,1,741.83,371
SHP004493,WH0008,DC0003,PRD0124,ocean,2024-10-24,2024-11-06,13,13,1530.14,58
SHP004494,WH0007,DC0002,PRD0092,ocean,2024-12-25,2025-01-20,25,26,12490.91,204
SHP004495,WH0003,DC0002,PRD0011,ocean,2025-04-06,2025-05-01,26,25,7746.32,122
SHP004496,WH0006,DC0002,PRD0057,ocean,2025-03-14,2025-04-18,36,35,8107.65,89
SHP004497,WH0005,DC0006,PRD0125,road,2025-05-28,2025-05-29,1,1,493.47,167
SHP004498,WH0001,DC0006,PRD0060,air,2024-09-04,2024-09-06,3,2,21000.74,101
SHP004499,WH0007,DC0006,PRD0017,ocean,2025-12-11,2025-12-24,14,13,7119.58,246
SHP004500,WH0010,DC0001,PRD0068,ocean,2025-06-06,2025-06-23,16,17,2416.44,66
SHP004501,WH0002,DC0004,PRD0095,ocean,2025-01-16,2025-02-09,25,24,8233.35,136
SHP004502,WH0009,DC0002,PRD0060,ocean,2024-09-17,2024-10-13,25,26,12179.39,200
SHP004503,WH0010,DC0002,PRD0011,air,2026-05-19,2026-05-23,4,4,39282.01,91
SHP004504,WH0007,DC0005,PRD0053,ocean,2026-03-21,2026-04-02,14,12,17872.38,620
SHP004505,WH0004,DC0002,PRD0133,air,2025-02-24,2025-02-26,3,2,36773.2,142
SHP004506,WH0001,DC0002,PRD0093,ocean,2026-02-09,2026-03-02,25,21,6095.53,101
SHP004507,WH0008,DC0002,PRD0100,rail,2025-12-25,2026-01-03,8,9,10200.26,226
SHP004508,WH0006,DC0002,PRD0121,air,2025-09-30,2025-10-06,6,6,166707.92,244
SHP004509,WH0007,DC0001,PRD0117,ocean,2025-06-12,2025-07-02,18,20,10194.5,253
SHP004510,WH0006,DC0006,PRD0012,ocean,2025-09-19,2025-10-19,30,30,11115.39,149
SHP004511,WH0010,DC0004,PRD0011,rail,2025-08-31,2025-09-03,2,3,2268.5,388
SHP004512,WH0003,DC0004,PRD0083,road,2025-10-09,2025-10-10,1,1,945.5,117
SHP004513,WH0010,DC0003,PRD0027,air,2025-11-23,2025-11-27,4,4,44229.98,102
SHP004514,WH0005,DC0004,PRD0134,ocean,2025-04-26,2025-05-07,14,11,6896.42,240
SHP004515,WH0003,DC0003,PRD0071,ocean,2025-12-13,2026-01-08,26,26,32835.54,515
SHP004516,WH0002,DC0006,PRD0068,air,2024-11-23,2024-11-26,3,3,104148.87,385
SHP004517,WH0003,DC0001,PRD0149,ocean,2025-09-18,2025-10-06,19,18,7775.02,183
SHP004518,WH0002,DC0002,PRD0140,road,2024-10-22,2024-10-23,1,1,504.75,169
SHP004519,WH0004,DC0002,PRD0146,ocean,2026-05-03,2026-05-19,16,16,7423.7,215
SHP004520,WH0007,DC0006,PRD0045,rail,2024-12-07,2024-12-15,8,8,16737.77,347
SHP004521,WH0004,DC0004,PRD0097,ocean,2026-05-31,2026-06-15,14,15,5355.78,180
SHP004522,WH0008,DC0002,PRD0097,rail,2025-01-28,2025-02-04,8,7,6995.76,155
SHP004523,WH0001,DC0001,PRD0094,ocean,2025-08-22,2025-09-07,17,16,8216.13,209
SHP004524,WH0009,DC0002,PRD0020,air,2024-11-14,2024-11-19,5,5,43845.81,96
SHP004525,WH0004,DC0003,PRD0133,air,2025-10-23,2025-10-26,3,3,44514.32,169
SHP004526,WH0001,DC0002,PRD0065,ocean,2026-05-04,2026-05-28,25,24,4284.97,71
SHP004527,WH0010,DC0006,PRD0097,air,2025-12-25,2025-12-27,2,2,23213.86,121
SHP004528,WH0008,DC0001,PRD0058,ocean,2025-09-20,2025-10-03,14,13,3120.39,104
SHP004529,WH0005,DC0005,PRD0133,rail,2026-01-26,2026-01-27,1,1,466.83,231
SHP004530,WH0010,DC0001,PRD0104,ocean,2025-03-08,2025-03-25,16,17,1501.12,41
SHP004531,WH0001,DC0005,PRD0091,rail,2025-05-27,2025-06-02,8,6,7177.39,156
SHP004532,WH0006,DC0004,PRD0089,ocean,2025-11-17,2025-12-07,20,20,13123.38,277
SHP004533,WH0009,DC0001,PRD0125,ocean,2024-10-25,2024-11-13,18,19,17490.12,439
SHP004534,WH0009,DC0006,PRD0124,ocean,2026-07-11,2026-07-23,13,12,4815.16,171
SHP004535,WH0002,DC0004,PRD0002,air,2025-02-02,2025-02-05,5,3,24972.47,55
SHP004536,WH0010,DC0004,PRD0129,road,2025-08-26,2025-08-27,1,1,2936.19,279
SHP004537,WH0005,DC0006,PRD0036,road,2026-06-11,2026-06-12,1,1,280.72,95
SHP004538,WH0009,DC0005,PRD0113,rail,2024-11-01,2024-11-09,8,8,6775.78,145
SHP004539,WH0001,DC0003,PRD0043,air,2026-04-08,2026-04-13,5,5,43651.38,96
SHP004540,WH0005,DC0006,PRD0059,rail,2024-10-18,2024-10-19,1,1,510.54,311
SHP004541,WH0002,DC0002,PRD0020,road,2025-10-14,2025-10-15,1,1,355.42,119
SHP004542,WH0002,DC0005,PRD0132,ocean,2026-07-17,2026-08-02,16,16,19953.85,550
SHP004543,WH0009,DC0003,PRD0072,ocean,2025-07-02,2025-07-26,25,24,8564.46,140
SHP004544,WH0010,DC0004,PRD0055,road,2025-05-29,2025-05-30,1,1,1357.59,129
SHP004545,WH0001,DC0003,PRD0039,ocean,2026-01-31,2026-02-21,25,21,21522.56,355
SHP004546,WH0003,DC0002,PRD0048,ocean,2026-04-24,2026-05-19,26,25,2984.24,47
SHP004547,WH0005,DC0002,PRD0041,ocean,2025-03-15,2025-03-30,16,15,4252.31,121
SHP004548,WH0006,DC0006,PRD0093,air,2024-10-03,2024-10-07,5,4,73294.45,131
SHP004549,WH0001,DC0005,PRD0031,ocean,2024-10-25,2024-11-04,13,10,17032.5,617
SHP004550,WH0001,DC0002,PRD0059,ocean,2025-04-12,2025-05-05,25,23,9294.17,154
SHP004551,WH0008,DC0004,PRD0107,air,2026-07-21,2026-07-24,4,3,31997.91,82
SHP004552,WH0006,DC0006,PRD0085,ocean,2026-08-02,2026-09-04,30,33,7460.0,100
SHP004553,WH0007,DC0006,PRD0030,air,2024-11-13,2024-11-15,3,2,43412.08,200
SHP004554,WH0010,DC0001,PRD0124,air,2026-02-12,2026-02-14,3,2,34324.47,125
SHP004555,WH0010,DC0004,PRD0123,road,2025-09-24,2025-09-25,1,1,2136.37,203
SHP004556,WH0009,DC0001,PRD0123,ocean,2025-01-19,2025-02-06,18,18,10358.61,260
SHP004557,WH0008,DC0004,PRD0054,ocean,2025-09-21,2025-10-12,22,21,3590.01,69
SHP004558,WH0006,DC0005,PRD0042,ocean,2025-03-03,2025-03-28,30,25,12148.55,163
SHP004559,WH0009,DC0006,PRD0106,air,2025-12-01,2025-12-03,3,2,82786.94,392
SHP004560,WH0003,DC0004,PRD0006,road,2025-01-11,2025-01-12,1,1,1187.93,147
SHP004561,WH0009,DC0004,PRD0063,road,2026-03-01,2026-03-02,1,1,327.6,364
SHP004562,WH0004,DC0005,PRD0012,road,2025-07-02,2025-07-03,1,1,3254.73,586
SHP004563,WH0007,DC0006,PRD0033,ocean,2024-11-19,2024-12-02,14,13,11518.67,398
SHP004564,WH0007,DC0003,PRD0147,ocean,2025-12-11,2026-01-05,26,25,17338.31,282
SHP004565,WH0006,DC0006,PRD0042,ocean,2025-05-21,2025-06-19,30,29,6937.8,93
SHP004566,WH0008,DC0005,PRD0035,air,2025-08-03,2025-08-06,4,3,26079.13,81
SHP004567,WH0005,DC0001,PRD0132,ocean,2025-12-30,2026-01-09,8,10,1556.6,107
SHP004568,WH0002,DC0001,PRD0011,ocean,2026-06-06,2026-06-16,11,10,1123.93,53
SHP004569,WH0008,DC0004,PRD0147,ocean,2025-01-03,2025-01-25,22,22,6711.76,129
SHP004570,WH0004,DC0002,PRD0038,rail,2025-01-12,2025-01-21,10,9,7826.53,136
SHP004571,WH0003,DC0001,PRD0015,ocean,2025-06-22,2025-07-15,19,23,5863.13,138
SHP004572,WH0007,DC0003,PRD0043,ocean,2025-05-07,2025-06-03,26,27,8300.25,135
SHP004573,WH0005,DC0003,PRD0067,ocean,2024-12-27,2025-01-11,16,15,6678.24,187
SHP004574,WH0006,DC0001,PRD0047,ocean,2026-08-29,2026-09-28,32,30,3376.85,42
SHP004575,WH0007,DC0004,PRD0133,rail,2025-07-22,2025-07-23,1,1,616.85,280
SHP004576,WH0003,DC0006,PRD0104,rail,2025-05-17,2025-05-25,9,8,5996.97,117
SHP004577,WH0006,DC0005,PRD0145,ocean,2025-04-20,2025-05-21,30,31,47550.77,638
SHP004578,WH0004,DC0002,PRD0005,ocean,2026-08-24,2026-09-04,16,11,9150.14,265
SHP004579,WH0002,DC0003,PRD0073,road,2025-04-27,2025-04-28,1,1,267.94,134
SHP004580,WH0002,DC0005,PRD0022,ocean,2025-05-31,2025-06-16,16,16,6022.43,166
SHP004581,WH0004,DC0005,PRD0056,road,2026-03-12,2026-03-13,1,1,449.89,81
SHP004582,WH0004,DC0005,PRD0115,rail,2025-07-13,2025-07-14,1,1,253.02,82
SHP004583,WH0003,DC0006,PRD0121,rail,2026-02-12,2026-02-22,9,10,5894.46,115
SHP004584,WH0009,DC0004,PRD0124,rail,2025-11-19,2025-11-21,1,2,140.0,280
SHP004585,WH0003,DC0001,PRD0044,ocean,2025-10-17,2025-11-04,19,18,8412.32,198
SHP004586,WH0001,DC0004,PRD0057,road,2025-02-06,2025-02-07,1,1,252.09,128
SHP004587,WH0007,DC0004,PRD0106,road,2026-03-13,2026-03-14,1,1,717.75,181
SHP004588,WH0009,DC0001,PRD0037,air,2026-07-08,2026-07-10,3,2,87550.21,293
SHP004589,WH0008,DC0006,PRD0150,ocean,2025-03-07,2025-03-26,19,19,5125.79,120
SHP004590,WH0005,DC0003,PRD0047,rail,2026-08-03,2026-08-15,10,12,16130.14,271
SHP004591,WH0004,DC0004,PRD0131,rail,2025-07-25,2025-08-02,8,8,8678.34,175
SHP004592,WH0001,DC0006,PRD0068,ocean,2025-06-19,2025-07-01,13,12,11366.74,410
SHP004593,WH0005,DC0005,PRD0043,road,2026-02-13,2026-02-14,1,1,1531.44,421
SHP004594,WH0004,DC0001,PRD0088,rail,2026-08-18,2026-08-22,5,4,1400.34,59
SHP004595,WH0009,DC0004,PRD0117,road,2025-11-10,2025-11-11,1,1,153.0,170
SHP004596,WH0002,DC0006,PRD0018,ocean,2025-09-14,2025-09-27,16,13,4508.61,125
SHP004597,WH0001,DC0002,PRD0059,air,2026-08-26,2026-08-31,5,5,223150.54,493
SHP004598,WH0010,DC0005,PRD0097,air,2025-04-11,2025-04-13,2,2,33056.92,173
SHP004599,WH0001,DC0005,PRD0099,rail,2025-04-10,2025-04-18,8,8,5245.02,114
SHP004600,WH0001,DC0001,PRD0034,ocean,2025-02-12,2025-03-02,17,18,1690.4,43
SHP004601,WH0001,DC0002,PRD0028,air,2026-05-18,2026-05-23,5,5,62916.68,139
SHP004602,WH0005,DC0001,PRD0005,rail,2024-09-19,2024-09-24,5,5,1188.06,49
SHP004603,WH0005,DC0005,PRD0052,road,2026-04-23,2026-04-24,1,1,542.0,149
SHP004604,WH0004,DC0002,PRD0134,air,2026-01-17,2026-01-20,3,3,9063.82,35
SHP004605,WH0002,DC0001,PRD0130,ocean,2025-03-23,2025-04-03,11,11,2608.37,123
SHP004606,WH0005,DC0005,PRD0108,road,2025-10-10,2025-10-11,1,1,720.25,198
SHP004607,WH0006,DC0002,PRD0039,ocean,2025-10-12,2025-11-18,36,37,14393.36,158
SHP004608,WH0006,DC0005,PRD0025,ocean,2026-07-08,2026-08-06,30,29,10732.46,144
SHP004609,WH0004,DC0003,PRD0046,rail,2024-12-25,2025-01-04,10,10,4565.57,78
SHP004610,WH0004,DC0004,PRD0122,rail,2024-10-01,2024-10-08,8,7,12149.68,245
SHP004611,WH0005,DC0001,PRD0010,ocean,2025-05-20,2025-05-27,8,7,5018.94,345
SHP004612,WH0003,DC0004,PRD0137,rail,2024-12-13,2024-12-14,2,1,1203.2,268
SHP004613,WH0006,DC0003,PRD0129,ocean,2025-05-28,2025-07-03,36,36,5789.13,64
SHP004614,WH0009,DC0003,PRD0031,ocean,2025-10-31,2025-11-25,25,25,8625.63,141
SHP004615,WH0008,DC0004,PRD0024,ocean,2025-02-20,2025-03-14,22,22,9053.07,174
SHP004616,WH0010,DC0006,PRD0124,rail,2026-04-15,2026-04-22,7,7,5883.4,138
SHP004617,WH0004,DC0005,PRD0034,road,2024-11-09,2024-11-10,1,1,855.34,154
SHP004618,WH0002,DC0001,PRD0139,air,2025-06-21,2025-06-22,2,1,61710.27,388
SHP004619,WH0010,DC0003,PRD0001,air,2026-07-02,2026-07-06,4,4,101035.16,233
SHP004620,WH0009,DC0005,PRD0111,rail,2026-02-19,2026-02-26,8,7,26215.27,561
SHP004621,WH0001,DC0003,PRD0134,air,2026-02-11,2026-02-16,5,5,91395.08,201
SHP004622,WH0010,DC0005,PRD0108,ocean,2026-04-02,2026-04-14,12,12,15184.53,596
SHP004623,WH0001,DC0005,PRD0095,rail,2025-01-07,2025-01-17,8,10,2162.42,47
SHP004624,WH0010,DC0005,PRD0012,ocean,2026-04-26,2026-05-08,12,12,12662.26,497
SHP004625,WH0008,DC0006,PRD0136,ocean,2026-01-17,2026-02-05,19,19,22297.17,522
SHP004626,WH0001,DC0003,PRD0110,ocean,2025-10-27,2025-11-23,25,27,9639.68,159
SHP004627,WH0007,DC0003,PRD0059,ocean,2026-06-24,2026-07-23,26,29,10452.17,170
SHP004628,WH0008,DC0001,PRD0124,rail,2025-11-10,2025-11-19,9,9,5500.69,110
SHP004629,WH0003,DC0002,PRD0098,ocean,2025-04-10,2025-05-02,26,22,6158.96,97
SHP004630,WH0001,DC0006,PRD0090,ocean,2026-02-16,2026-03-01,13,13,8594.36,310
SHP004631,WH0007,DC0004,PRD0148,rail,2025-10-27,2025-10-28,1,1,145.4,66
SHP004632,WH0009,DC0006,PRD0026,air,2024-10-30,2024-11-02,3,3,19851.97,94
SHP004633,WH0010,DC0005,PRD0109,ocean,2024-10-14,2024-10-28,12,14,3974.47,156
SHP004634,WH0009,DC0001,PRD0035,ocean,2026-03-17,2026-03-31,18,14,10159.41,255
SHP004635,WH0003,DC0001,PRD0066,ocean,2025-05-14,2025-06-04,19,21,7732.54,182
SHP004636,WH0003,DC0004,PRD0123,road,2026-04-20,2026-04-21,1,1,1858.67,230
SHP004637,WH0004,DC0002,PRD0060,ocean,2025-07-03,2025-07-20,16,17,6871.24,199
SHP004638,WH0003,DC0003,PRD0022,ocean,2026-05-27,2026-06-20,26,24,9372.47,147
SHP004639,WH0003,DC0006,PRD0073,ocean,2026-05-28,2026-06-12,14,15,7780.69,253
SHP004640,WH0008,DC0004,PRD0140,ocean,2025-02-15,2025-03-10,22,23,36836.61,708
SHP004641,WH0002,DC0001,PRD0105,air,2025-12-21,2025-12-22,2,1,28787.52,181
SHP004642,WH0006,DC0001,PRD0066,ocean,2025-11-15,2025-12-16,32,31,48803.46,607
SHP004643,WH0002,DC0005,PRD0049,ocean,2024-09-12,2024-09-28,16,16,8634.57,238
SHP004644,WH0001,DC0005,PRD0002,ocean,2026-03-22,2026-04-06,13,15,3671.51,133
SHP004645,WH0004,DC0004,PRD0002,air,2025-06-08,2025-06-11,3,3,53780.93,241
SHP004646,WH0009,DC0006,PRD0148,rail,2025-04-13,2025-04-20,8,7,23747.27,506
SHP004647,WH0008,DC0003,PRD0134,ocean,2024-10-03,2024-10-16,13,13,448.49,17
SHP004648,WH0005,DC0003,PRD0031,air,2025-09-30,2025-10-02,3,2,118119.08,441
SHP004649,WH0009,DC0006,PRD0134,air,2024-12-21,2024-12-24,3,3,43083.0,204
SHP004650,WH0006,DC0004,PRD0002,ocean,2025-09-03,2025-09-24,20,21,24825.45,524
SHP004651,WH0002,DC0005,PRD0097,ocean,2025-02-11,2025-02-25,16,14,2176.78,60
SHP004652,WH0006,DC0003,PRD0053,ocean,2024-10-10,2024-11-15,36,36,14653.73,162
SHP004653,WH0005,DC0003,PRD0081,ocean,2026-02-17,2026-03-03,16,14,8106.74,227
SHP004654,WH0010,DC0001,PRD0105,ocean,2025-06-16,2025-06-29,16,13,5199.01,142
SHP004655,WH0008,DC0001,PRD0093,ocean,2025-07-24,2025-08-04,14,11,8941.11,298
SHP004656,WH0009,DC0001,PRD0028,ocean,2025-11-10,2025-11-27,18,17,21872.61,549
SHP004657,WH0006,DC0006,PRD0040,air,2025-09-05,2025-09-10,5,5,232192.34,415
SHP004658,WH0008,DC0001,PRD0110,rail,2025-02-12,2025-02-20,9,8,7850.98,157
SHP004659,WH0008,DC0006,PRD0150,ocean,2025-04-02,2025-04-21,19,19,13839.62,324
SHP004660,WH0009,DC0005,PRD0065,ocean,2025-06-17,2025-07-01,13,14,3308.45,118
SHP004661,WH0004,DC0001,PRD0067,air,2024-12-08,2024-12-10,2,2,24672.17,231
SHP004662,WH0002,DC0002,PRD0138,rail,2024-11-02,2024-11-03,1,1,232.3,140
SHP004663,WH0008,DC0006,PRD0109,ocean,2025-10-23,2025-11-07,19,15,10337.0,242
SHP004664,WH0001,DC0003,PRD0145,ocean,2024-10-09,2024-11-01,25,23,2485.7,41
SHP004665,WH0002,DC0005,PRD0094,ocean,2025-06-20,2025-07-02,16,12,13169.54,363
SHP004666,WH0003,DC0006,PRD0071,air,2024-11-04,2024-11-06,3,2,39210.99,170
SHP004667,WH0008,DC0003,PRD0102,rail,2025-09-03,2025-09-11,8,8,11344.17,258
SHP004668,WH0004,DC0004,PRD0053,air,2026-03-19,2026-03-22,3,3,10488.4,47
SHP004669,WH0007,DC0003,PRD0106,air,2024-12-07,2024-12-11,5,4,33201.02,72
SHP004670,WH0010,DC0004,PRD0142,road,2024-12-10,2024-12-11,1,1,14017.95,1332
SHP004671,WH0008,DC0002,PRD0143,air,2025-10-15,2025-10-18,3,3,34933.64,172
SHP004672,WH0009,DC0003,PRD0124,ocean,2025-08-24,2025-09-16,25,23,5261.02,86
SHP004673,WH0006,DC0001,PRD0046,air,2025-12-21,2025-12-27,6,6,293061.98,486
SHP004674,WH0007,DC0005,PRD0095,ocean,2025-01-24,2025-02-05,14,12,13779.03,478
SHP004675,WH0005,DC0005,PRD0144,road,2025-11-25,2025-11-26,1,1,392.86,108
SHP004676,WH0009,DC0002,PRD0143,ocean,2026-02-20,2026-03-16,25,24,11996.7,197
SHP004677,WH0005,DC0005,PRD0124,road,2025-03-01,2025-03-02,1,1,1116.75,307
SHP004678,WH0003,DC0001,PRD0065,air,2024-10-26,2024-10-28,3,2,253644.25,796
SHP004679,WH0010,DC0003,PRD0079,ocean,2026-03-21,2026-04-15,24,25,12083.75,209
SHP004680,WH0008,DC0002,PRD0148,rail,2025-04-26,2025-05-03,8,7,10741.87,238
SHP004681,WH0006,DC0004,PRD0089,ocean,2026-07-06,2026-07-25,20,19,11465.19,242
SHP004682,WH0009,DC0002,PRD0102,ocean,2024-11-08,2024-12-03,25,25,5663.42,93
SHP004683,WH0001,DC0002,PRD0036,air,2026-01-04,2026-01-08,5,4,80569.56,178
SHP004684,WH0005,DC0001,PRD0031,air,2025-07-08,2025-07-09,2,1,37860.28,347
SHP004685,WH0009,DC0001,PRD0059,air,2025-05-14,2025-05-16,3,2,167331.45,560
SHP004686,WH0008,DC0001,PRD0115,ocean,2025-04-24,2025-05-09,14,15,12271.53,409
SHP004687,WH0004,DC0001,PRD0042,air,2025-11-09,2025-11-10,2,1,46887.81,439
SHP004688,WH0008,DC0004,PRD0026,air,2024-09-21,2024-09-25,4,4,128772.06,330
SHP004689,WH0005,DC0006,PRD0055,road,2025-04-13,2025-04-14,1,1,413.69,140
SHP004690,WH0009,DC0003,PRD0131,ocean,2026-08-22,2026-09-14,25,23,22267.59,364
SHP004691,WH0003,DC0002,PRD0103,ocean,2025-11-25,2025-12-20,26,25,16191.08,255
SHP004692,WH0002,DC0005,PRD0087,air,2026-08-23,2026-08-26,3,3,84350.36,310
SHP004693,WH0004,DC0005,PRD0141,road,2025-07-22,2025-07-23,1,1,1321.89,238
SHP004694,WH0006,DC0006,PRD0014,ocean,2024-12-18,2025-01-17,30,30,10593.19,142
SHP004695,WH0006,DC0002,PRD0042,ocean,2024-10-06,2024-11-09,36,34,7743.26,85
SHP004696,WH0008,DC0005,PRD0100,ocean,2026-04-20,2026-05-08,19,18,7727.15,180
SHP004697,WH0005,DC0003,PRD0002,ocean,2025-01-26,2025-02-13,16,18,3892.66,109
SHP004698,WH0001,DC0002,PRD0024,ocean,2025-06-02,2025-06-27,25,25,18769.39,311
SHP004699,WH0003,DC0005,PRD0038,ocean,2026-03-08,2026-03-22,14,14,2664.65,87
SHP004700,WH0009,DC0003,PRD0121,air,2026-05-16,2026-05-21,5,5,94973.7,207
SHP004701,WH0004,DC0001,PRD0112,ocean,2024-11-24,2024-12-03,8,9,626.59,44
SHP004702,WH0006,DC0004,PRD0023,air,2024-10-13,2024-10-16,4,3,44060.44,124
SHP004703,WH0009,DC0004,PRD0017,road,2026-07-24,2026-07-25,1,1,128.7,143
SHP004704,WH0001,DC0001,PRD0068,ocean,2026-07-08,2026-07-27,17,19,5307.07,135
SHP004705,WH0004,DC0003,PRD0057,air,2026-05-27,2026-05-30,3,3,34241.79,130
SHP004706,WH0006,DC0001,PRD0095,air,2026-04-22,2026-04-28,6,6,261102.55,433
SHP004707,WH0007,DC0004,PRD0021,road,2024-09-13,2024-09-14,1,1,793.1,200
SHP004708,WH0006,DC0006,PRD0010,ocean,2026-01-20,2026-02-18,30,29,15815.19,212
SHP004709,WH0009,DC0004,PRD0099,road,2024-11-23,2024-11-24,1,1,110.7,123
SHP004710,WH0007,DC0003,PRD0103,air,2025-07-27,2025-07-31,5,4,85769.3,186
SHP004711,WH0009,DC0005,PRD0134,ocean,2024-09-20,2024-10-02,13,12,1794.41,64
SHP004712,WH0001,DC0006,PRD0074,ocean,2025-02-02,2025-02-15,13,13,4546.7,164
SHP004713,WH0002,DC0005,PRD0015,ocean,2025-09-29,2025-10-16,16,17,8054.1,222
SHP004714,WH0005,DC0004,PRD0045,ocean,2025-01-29,2025-02-12,14,14,2959.71,103
SHP004715,WH0001,DC0006,PRD0127,ocean,2025-09-18,2025-10-03,13,15,4435.8,160
SHP004716,WH0003,DC0006,PRD0113,ocean,2025-03-10,2025-03-24,14,14,12762.79,415
SHP004717,WH0005,DC0003,PRD0003,rail,2025-08-20,2025-09-01,10,12,3333.17,56
SHP004718,WH0004,DC0005,PRD0052,road,2026-02-15,2026-02-16,1,1,7409.23,1334
SHP004719,WH0001,DC0002,PRD0133,ocean,2024-12-15,2025-01-09,25,25,7302.56,121
SHP004720,WH0002,DC0003,PRD0074,rail,2026-01-24,2026-01-25,1,1,194.4,175
SHP004721,WH0010,DC0001,PRD0050,ocean,2024-09-17,2024-10-01,16,14,13473.5,368
SHP004722,WH0010,DC0003,PRD0009,ocean,2025-11-01,2025-11-26,24,25,16940.37,293
SHP004723,WH0008,DC0003,PRD0131,ocean,2025-12-29,2026-01-10,13,12,5249.98,199
SHP004724,WH0003,DC0005,PRD0133,air,2024-10-05,2024-10-08,3,3,85682.4,373
SHP004725,WH0006,DC0006,PRD0060,ocean,2025-01-05,2025-02-03,30,29,17232.59,231
SHP004726,WH0004,DC0001,PRD0044,air,2025-03-29,2025-03-31,2,2,52975.74,496
SHP004727,WH0002,DC0003,PRD0010,road,2026-03-30,2026-03-31,1,1,75.98,38
SHP004728,WH0009,DC0006,PRD0093,rail,2025-11-26,2025-12-04,8,8,7696.75,164
SHP004729,WH0002,DC0003,PRD0062,road,2024-10-12,2024-10-13,1,1,301.93,151
SHP004730,WH0006,DC0004,PRD0001,ocean,2025-12-23,2026-01-13,20,21,16866.15,356
SHP004731,WH0005,DC0001,PRD0041,air,2024-09-10,2024-09-11,2,1,51935.14,476
SHP004732,WH0004,DC0001,PRD0023,air,2025-06-13,2025-06-15,2,2,14312.0,134
SHP004733,WH0005,DC0002,PRD0071,air,2025-03-19,2025-03-21,3,2,56141.01,213
SHP004734,WH0009,DC0006,PRD0103,air,2026-05-15,2026-05-17,3,2,32101.06,152
SHP004735,WH0002,DC0004,PRD0091,air,2025-12-27,2026-01-01,5,5,54939.43,121
SHP004736,WH0006,DC0004,PRD0102,ocean,2026-05-24,2026-06-13,20,20,21698.58,458
SHP004737,WH0010,DC0005,PRD0104,ocean,2024-09-17,2024-09-28,12,11,12280.1,482
SHP004738,WH0002,DC0003,PRD0052,road,2026-05-26,2026-05-27,1,1,127.97,64
SHP004739,WH0008,DC0004,PRD0133,ocean,2025-12-19,2026-01-10,22,22,5098.85,98
SHP004740,WH0008,DC0005,PRD0004,ocean,2025-02-18,2025-03-11,19,21,8628.65,201
SHP004741,WH0010,DC0002,PRD0018,ocean,2025-06-07,2025-06-29,24,22,4777.15,83
SHP004742,WH0009,DC0003,PRD0024,ocean,2026-08-14,2026-09-07,25,24,7830.36,128
SHP004743,WH0002,DC0004,PRD0141,ocean,2024-11-15,2024-12-08,25,23,10473.3,173
SHP004744,WH0010,DC0003,PRD0073,air,2025-04-21,2025-04-24,4,3,135725.34,313
SHP004745,WH0001,DC0002,PRD0144,ocean,2026-05-26,2026-06-19,25,24,12673.86,210
SHP004746,WH0003,DC0004,PRD0150,rail,2025-09-24,2025-09-27,2,3,534.26,119
SHP004747,WH0004,DC0001,PRD0090,air,2025-01-17,2025-01-18,2,1,47955.87,449
SHP004748,WH0001,DC0006,PRD0089,ocean,2025-09-02,2025-09-16,13,14,9148.84,330
SHP004749,WH0004,DC0002,PRD0071,air,2025-08-02,2025-08-05,3,3,47649.78,184
SHP004750,WH0005,DC0001,PRD0058,ocean,2026-07-08,2026-07-17,8,9,2793.15,192
SHP004751,WH0010,DC0003,PRD0050,ocean,2024-09-19,2024-10-12,24,23,8441.28,146
SHP004752,WH0009,DC0005,PRD0117,air,2025-03-02,2025-03-04,3,2,55514.7,264
SHP004753,WH0007,DC0005,PRD0104,air,2025-09-23,2025-09-26,3,3,15566.27,72
SHP004754,WH0009,DC0003,PRD0148,ocean,2025-05-04,2025-05-31,25,27,12051.41,197
SHP004755,WH0005,DC0006,PRD0002,rail,2025-06-16,2025-06-18,1,2,146.1,89
SHP004756,WH0005,DC0004,PRD0067,rail,2024-12-26,2025-01-01,8,6,8716.31,182
SHP004757,WH0007,DC0004,PRD0045,road,2025-05-13,2025-05-14,1,1,634.48,160
SHP004758,WH0004,DC0004,PRD0105,rail,2025-05-17,2025-05-24,8,7,4661.51,94
SHP004759,WH0008,DC0004,PRD0130,air,2025-12-01,2025-12-05,4,4,24583.76,63
SHP004760,WH0007,DC0004,PRD0028,rail,2025-02-22,2025-02-23,1,1,559.57,254
SHP004761,WH0002,DC0004,PRD0144,ocean,2026-08-15,2026-09-10,25,26,19190.96,317
SHP004762,WH0005,DC0003,PRD0019,rail,2025-09-02,2025-09-13,10,11,2559.4,43
SHP004763,WH0007,DC0004,PRD0129,road,2026-04-16,2026-04-17,1,1,452.06,114
SHP004764,WH0003,DC0003,PRD0076,ocean,2025-12-02,2025-12-28,26,26,6184.56,97
SHP004765,WH0002,DC0004,PRD0088,ocean,2026-06-03,2026-06-28,25,25,7022.56,116
SHP004766,WH0009,DC0001,PRD0030,air,2026-06-12,2026-06-15,3,3,40936.44,137
SHP004767,WH0003,DC0002,PRD0132,ocean,2026-04-18,2026-05-14,26,26,11809.96,186
SHP004768,WH0004,DC0005,PRD0066,road,2024-09-25,2024-09-26,1,1,1427.41,257
SHP004769,WH0002,DC0006,PRD0138,air,2025-10-11,2025-10-13,3,2,87647.36,324
SHP004770,WH0004,DC0002,PRD0148,ocean,2025-03-26,2025-04-12,16,17,7078.41,205
SHP004771,WH0002,DC0005,PRD0065,air,2024-12-23,2024-12-26,3,3,39454.2,145
SHP004772,WH0006,DC0003,PRD0114,ocean,2026-06-17,2026-07-23,36,36,43599.38,482
SHP004773,WH0001,DC0002,PRD0097,ocean,2025-12-24,2026-01-19,25,26,24563.16,407
SHP004774,WH0007,DC0005,PRD0145,ocean,2024-11-06,2024-11-21,14,15,6774.21,235
SHP004775,WH0008,DC0006,PRD0124,ocean,2025-06-08,2025-06-27,19,19,12430.03,291
SHP004776,WH0009,DC0004,PRD0063,road,2026-08-02,2026-08-03,1,1,62.1,69
SHP004777,WH0009,DC0005,PRD0087,rail,2025-11-22,2025-11-29,8,7,7710.37,165
SHP004778,WH0004,DC0003,PRD0118,rail,2025-12-02,2025-12-10,10,8,9365.28,160
SHP004779,WH0009,DC0005,PRD0118,rail,2025-02-16,2025-02-24,8,8,10794.52,231
SHP004780,WH0005,DC0005,PRD0008,road,2025-02-25,2025-02-26,1,1,494.72,136
SHP004781,WH0004,DC0005,PRD0124,road,2024-12-23,2024-12-24,1,1,1866.19,336
SHP004782,WH0009,DC0002,PRD0030,ocean,2026-08-09,2026-09-01,25,23,13640.92,224
SHP004783,WH0008,DC0004,PRD0067,ocean,2026-06-26,2026-07-16,22,20,5671.17,109
SHP004784,WH0001,DC0002,PRD0018,air,2025-05-01,2025-05-05,5,4,49337.54,109
SHP004785,WH0008,DC0002,PRD0098,air,2025-10-02,2025-10-04,3,2,19904.05,98
SHP004786,WH0008,DC0003,PRD0057,air,2025-02-01,2025-02-04,3,3,44123.54,223
SHP004787,WH0002,DC0006,PRD0059,air,2024-12-13,2024-12-15,3,2,42741.61,158
SHP004788,WH0009,DC0003,PRD0081,ocean,2025-10-02,2025-10-26,25,24,11317.32,185
SHP004789,WH0007,DC0004,PRD0106,road,2026-04-07,2026-04-08,1,1,725.68,183
SHP004790,WH0002,DC0004,PRD0091,air,2026-05-23,2026-05-27,5,4,284232.08,626
SHP004791,WH0010,DC0003,PRD0133,air,2025-04-16,2025-04-20,4,4,52902.53,122
SHP004792,WH0006,DC0001,PRD0138,ocean,2026-01-28,2026-03-03,32,34,3055.24,38
SHP004793,WH0009,DC0006,PRD0003,ocean,2025-09-19,2025-10-02,13,13,2956.68,105
SHP004794,WH0006,DC0002,PRD0068,air,2024-12-11,2024-12-17,6,6,124347.71,182
SHP004795,WH0001,DC0005,PRD0064,rail,2026-08-27,2026-09-04,8,8,6257.21,136
SHP004796,WH0008,DC0004,PRD0074,air,2026-08-13,2026-08-16,4,3,52289.26,134
SHP004797,WH0010,DC0006,PRD0024,rail,2024-12-18,2024-12-27,7,9,10402.54,244
SHP004798,WH0005,DC0004,PRD0103,ocean,2026-07-13,2026-07-28,14,15,3103.39,108
SHP004799,WH0001,DC0006,PRD0088,air,2026-07-01,2026-07-03,3,2,165926.65,798
SHP004800,WH0003,DC0003,PRD0020,air,2025-04-22,2025-04-26,5,4,22474.81,47
SHP004801,WH0002,DC0005,PRD0142,ocean,2025-10-13,2025-11-01,16,19,9069.93,250
SHP004802,WH0010,DC0003,PRD0046,ocean,2026-07-24,2026-08-19,24,26,12951.0,224
SHP004803,WH0003,DC0005,PRD0122,ocean,2024-11-28,2024-12-13,14,15,3491.62,114
SHP004804,WH0007,DC0004,PRD0081,rail,2025-04-22,2025-04-23,1,1,237.93,108
SHP004805,WH0005,DC0004,PRD0091,rail,2026-06-04,2026-06-14,8,10,14654.89,306
SHP004806,WH0003,DC0005,PRD0056,rail,2026-02-13,2026-02-21,9,8,10107.31,198
SHP004807,WH0008,DC0005,PRD0147,ocean,2026-03-13,2026-04-01,19,19,7641.29,178
SHP004808,WH0005,DC0004,PRD0069,rail,2026-06-04,2026-06-12,8,8,20689.26,432
SHP004809,WH0009,DC0001,PRD0047,ocean,2025-07-01,2025-07-16,18,15,9083.71,228
SHP004810,WH0004,DC0006,PRD0049,road,2025-06-29,2025-06-30,1,1,1307.51,258
SHP004811,WH0010,DC0001,PRD0128,ocean,2025-07-22,2025-08-08,16,17,4137.24,113
SHP004812,WH0007,DC0005,PRD0052,ocean,2026-07-13,2026-07-27,14,14,3142.08,109
SHP004813,WH0004,DC0006,PRD0061,road,2026-06-15,2026-06-16,1,1,1084.52,214
SHP004814,WH0010,DC0005,PRD0062,ocean,2026-07-13,2026-07-28,12,15,7821.56,307
SHP004815,WH0005,DC0006,PRD0068,road,2025-03-21,2025-03-22,1,1,434.37,147
SHP004816,WH0006,DC0001,PRD0053,ocean,2026-03-23,2026-04-26,32,34,8281.31,103
SHP004817,WH0008,DC0006,PRD0059,air,2024-11-20,2024-11-24,3,4,175237.79,547
SHP004818,WH0006,DC0004,PRD0052,air,2025-01-16,2025-01-19,4,3,67156.64,189
SHP004819,WH0005,DC0002,PRD0064,ocean,2026-03-11,2026-03-27,16,16,7134.04,203
SHP004820,WH0008,DC0005,PRD0092,ocean,2025-11-22,2025-12-09,19,17,3691.86,86
SHP004821,WH0004,DC0005,PRD0040,road,2025-03-16,2025-03-17,1,1,549.86,99
SHP004822,WH0007,DC0006,PRD0028,rail,2025-10-20,2025-10-29,8,9,24937.83,517
SHP004823,WH0001,DC0006,PRD0031,air,2025-02-18,2025-02-20,3,2,30981.29,149
SHP004824,WH0006,DC0001,PRD0021,air,2025-02-19,2025-02-24,6,5,135073.83,224
SHP004825,WH0002,DC0001,PRD0127,ocean,2026-01-16,2026-01-25,11,9,5725.69,270
SHP004826,WH0006,DC0003,PRD0002,ocean,2025-05-22,2025-06-25,36,34,7417.32,82
SHP004827,WH0008,DC0004,PRD0139,ocean,2026-01-16,2026-02-07,22,22,26326.73,506
SHP004828,WH0003,DC0001,PRD0011,ocean,2025-08-16,2025-09-03,19,18,3186.49,75
SHP004829,WH0004,DC0002,PRD0124,air,2025-09-03,2025-09-06,3,3,17350.74,67
SHP004830,WH0004,DC0004,PRD0096,air,2025-11-17,2025-11-19,3,2,27448.36,123
SHP004831,WH0003,DC0005,PRD0081,air,2026-02-02,2026-02-04,3,2,128868.17,561
SHP004832,WH0004,DC0004,PRD0127,ocean,2025-06-02,2025-06-16,14,14,2499.36,84
SHP004833,WH0006,DC0002,PRD0148,ocean,2026-05-15,2026-06-16,36,32,13209.1,145
SHP004834,WH0010,DC0002,PRD0071,ocean,2025-08-26,2025-09-19,24,24,15482.58,269
SHP004835,WH0005,DC0004,PRD0126,air,2024-12-12,2024-12-15,3,3,49568.02,230
SHP004836,WH0005,DC0003,PRD0047,ocean,2025-01-22,2025-02-07,16,16,5142.6,144
SHP004837,WH0006,DC0005,PRD0131,air,2024-09-27,2024-10-01,5,4,67636.87,121
SHP004838,WH0010,DC0005,PRD0072,air,2026-03-13,2026-03-14,2,1,62865.46,329
SHP004839,WH0005,DC0004,PRD0102,ocean,2024-09-14,2024-09-28,14,14,4942.43,172
SHP004840,WH0003,DC0006,PRD0057,rail,2025-03-18,2025-03-26,9,8,19169.82,374
SHP004841,WH0002,DC0001,PRD0148,rail,2025-06-30,2025-07-07,6,7,8623.89,244
SHP004842,WH0002,DC0005,PRD0033,ocean,2026-02-24,2026-03-15,16,19,10158.32,280
SHP004843,WH0005,DC0002,PRD0014,air,2026-08-22,2026-08-24,3,2,13442.21,51
SHP004844,WH0003,DC0001,PRD0135,ocean,2026-03-08,2026-03-25,19,17,10111.78,238
SHP004845,WH0006,DC0004,PRD0109,ocean,2024-10-22,2024-11-10,20,19,3174.25,67
SHP004846,WH0008,DC0004,PRD0123,ocean,2026-07-09,2026-08-02,22,24,5619.14,108
SHP004847,WH0010,DC0001,PRD0139,air,2026-08-20,2026-08-22,3,2,52173.19,190
SHP004848,WH0006,DC0003,PRD0009,air,2026-05-26,2026-06-01,6,6,202167.24,298
SHP004849,WH0002,DC0006,PRD0129,ocean,2025-08-25,2025-09-09,16,15,3787.23,105
SHP004850,WH0002,DC0002,PRD0089,road,2025-04-27,2025-04-28,1,1,185.17,62
SHP004851,WH0009,DC0005,PRD0101,rail,2025-08-02,2025-08-10,8,8,3271.07,70
SHP004852,WH0004,DC0006,PRD0045,rail,2025-03-02,2025-03-03,1,1,743.29,264
SHP004853,WH0008,DC0001,PRD0118,ocean,2025-06-24,2025-07-07,14,13,4710.59,157
SHP004854,WH0003,DC0001,PRD0031,ocean,2024-10-04,2024-10-22,19,18,9686.92,228
SHP004855,WH0007,DC0003,PRD0133,ocean,2026-02-19,2026-03-15,26,24,9775.86,159
SHP004856,WH0005,DC0004,PRD0118,air,2025-06-07,2025-06-09,3,2,8189.5,38
SHP004857,WH0006,DC0002,PRD0081,ocean,2025-04-19,2025-05-23,36,34,27602.46,303
SHP004858,WH0010,DC0005,PRD0003,rail,2025-11-21,2025-11-28,7,7,6496.73,153
SHP004859,WH0007,DC0006,PRD0004,rail,2026-02-25,2026-03-05,8,8,3231.79,67
SHP004860,WH0007,DC0001,PRD0054,ocean,2025-11-09,2025-11-26,18,17,5117.4,127
SHP004861,WH0003,DC0005,PRD0098,ocean,2025-09-20,2025-10-04,14,14,5329.31,174
SHP004862,WH0010,DC0003,PRD0149,ocean,2026-06-01,2026-06-26,24,25,8325.64,144
SHP004863,WH0007,DC0006,PRD0026,rail,2026-03-29,2026-04-05,8,7,3955.32,82
SHP004864,WH0008,DC0004,PRD0084,ocean,2025-09-16,2025-10-08,22,22,22528.61,433
SHP004865,WH0008,DC0006,PRD0093,ocean,2025-07-28,2025-08-15,19,18,4613.21,108
SHP004866,WH0002,DC0002,PRD0067,road,2026-04-27,2026-04-28,1,1,689.92,231
SHP004867,WH0010,DC0002,PRD0048,ocean,2024-10-04,2024-10-26,24,22,9784.53,170
SHP004868,WH0007,DC0001,PRD0141,ocean,2026-08-27,2026-09-15,18,19,6769.47,168
SHP004869,WH0004,DC0004,PRD0068,rail,2025-09-15,2025-09-23,8,8,6000.45,121
SHP004870,WH0005,DC0004,PRD0061,air,2025-06-18,2025-06-20,3,2,65084.96,302
SHP004871,WH0006,DC0001,PRD0069,air,2026-02-19,2026-02-24,6,5,133867.82,222
SHP004872,WH0010,DC0001,PRD0121,ocean,2025-10-13,2025-10-28,16,15,7761.91,212
SHP004873,WH0003,DC0003,PRD0088,air,2025-09-13,2025-09-17,5,4,49731.5,104
SHP004874,WH0008,DC0001,PRD0094,ocean,2025-12-05,2025-12-17,14,12,7560.94,252
SHP004875,WH0008,DC0004,PRD0048,ocean,2024-10-09,2024-11-01,22,23,4838.71,93
SHP004876,WH0005,DC0003,PRD0128,rail,2025-04-03,2025-04-14,10,11,11428.0,192
SHP004877,WH0005,DC0001,PRD0109,rail,2025-06-19,2025-06-23,5,4,22767.08,939
SHP004878,WH0001,DC0006,PRD0054,air,2025-04-13,2025-04-15,3,2,35139.86,169
SHP004879,WH0010,DC0004,PRD0108,road,2026-04-27,2026-04-28,1,1,2578.38,245
SHP004880,WH0006,DC0002,PRD0096,ocean,2025-08-04,2025-09-08,36,35,17126.28,188
SHP004881,WH0008,DC0002,PRD0094,ocean,2025-07-07,2025-07-22,13,15,1056.13,39
SHP004882,WH0005,DC0003,PRD0103,rail,2025-11-23,2025-12-04,10,11,10118.54,170
SHP004883,WH0008,DC0003,PRD0072,rail,2024-10-13,2024-10-20,8,7,6419.57,146
SHP004884,WH0010,DC0006,PRD0116,ocean,2025-09-14,2025-09-25,12,11,1355.74,53
SHP004885,WH0003,DC0003,PRD0047,ocean,2024-12-16,2025-01-11,26,26,12624.15,198
SHP004886,WH0003,DC0005,PRD0147,rail,2026-04-29,2026-05-07,9,8,2450.26,48
SHP004887,WH0003,DC0004,PRD0034,road,2025-07-28,2025-07-29,1,1,3200.14,396
SHP004888,WH0006,DC0002,PRD0148,air,2026-02-10,2026-02-15,6,5,212484.28,311
SHP004889,WH0009,DC0005,PRD0059,rail,2024-11-25,2024-12-05,8,10,7616.92,163
SHP004890,WH0001,DC0003,PRD0026,ocean,2026-03-23,2026-04-17,25,25,14853.59,245
SHP004891,WH0009,DC0001,PRD0070,air,2026-07-16,2026-07-19,3,3,40040.03,134
SHP004892,WH0007,DC0004,PRD0061,rail,2026-01-22,2026-01-24,1,2,50.67,23
SHP004893,WH0007,DC0001,PRD0143,air,2024-12-11,2024-12-13,3,2,91266.93,302
SHP004894,WH0001,DC0003,PRD0111,ocean,2025-07-01,2025-07-24,25,23,29100.92,480
SHP004895,WH0005,DC0003,PRD0098,rail,2025-07-28,2025-08-06,10,9,1666.58,28
SHP004896,WH0006,DC0001,PRD0051,ocean,2025-01-11,2025-02-10,32,30,8442.11,105
SHP004897,WH0007,DC0006,PRD0038,ocean,2025-11-06,2025-11-16,14,10,21098.27,729
SHP004898,WH0010,DC0005,PRD0039,rail,2026-02-03,2026-02-08,7,5,4161.31,98
SHP004899,WH0002,DC0004,PRD0122,air,2025-01-28,2025-02-02,5,5,175715.36,387
SHP004900,WH0003,DC0002,PRD0003,air,2025-07-31,2025-08-05,5,5,35715.62,75
SHP004901,WH0009,DC0003,PRD0046,ocean,2025-03-04,2025-03-27,25,23,2630.51,43
SHP004902,WH0009,DC0006,PRD0108,air,2026-01-19,2026-01-21,3,2,39070.37,185
SHP004903,WH0003,DC0003,PRD0128,ocean,2026-06-24,2026-07-20,26,26,17597.3,276
SHP004904,WH0001,DC0005,PRD0035,ocean,2026-04-05,2026-04-18,13,13,9827.51,356
SHP004905,WH0008,DC0003,PRD0133,ocean,2026-02-07,2026-02-18,13,11,7466.05,283
SHP004906,WH0007,DC0005,PRD0137,rail,2024-12-02,2024-12-09,8,7,16863.46,351
SHP004907,WH0005,DC0006,PRD0081,road,2024-11-25,2024-11-26,1,1,159.57,54
SHP004908,WH0009,DC0002,PRD0125,ocean,2025-07-27,2025-08-23,25,27,34163.19,561
SHP004909,WH0001,DC0006,PRD0077,ocean,2025-05-25,2025-06-09,13,15,6016.05,217
SHP004910,WH0006,DC0003,PRD0065,air,2025-09-19,2025-09-24,6,5,163497.67,241
SHP004911,WH0003,DC0001,PRD0144,air,2025-06-09,2025-06-12,3,3,33776.75,106
SHP004912,WH0008,DC0002,PRD0146,rail,2026-04-01,2026-04-09,8,8,2031.03,45
SHP004913,WH0010,DC0006,PRD0013,rail,2025-09-10,2025-09-17,7,7,19099.74,448
SHP004914,WH0002,DC0004,PRD0102,ocean,2026-07-25,2026-08-21,25,27,12471.1,206
SHP004915,WH0007,DC0001,PRD0026,air,2025-06-05,2025-06-07,3,2,48051.13,159
SHP004916,WH0002,DC0003,PRD0042,road,2025-06-07,2025-06-08,1,1,855.8,428
SHP004917,WH0010,DC0003,PRD0016,ocean,2026-03-15,2026-04-09,24,25,17171.64,297
SHP004918,WH0002,DC0002,PRD0056,road,2026-06-28,2026-06-29,1,1,674.99,226
SHP004919,WH0004,DC0003,PRD0066,ocean,2025-10-19,2025-11-04,16,16,17981.33,512
SHP004920,WH0004,DC0005,PRD0122,road,2025-12-26,2025-12-27,1,1,222.17,40
SHP004921,WH0005,DC0001,PRD0025,ocean,2024-12-21,2024-12-27,8,6,974.69,67
SHP004922,WH0006,DC0005,PRD0116,ocean,2026-05-27,2026-06-21,30,25,20645.08,277
SHP004923,WH0003,DC0003,PRD0086,ocean,2025-01-11,2025-02-04,26,24,4016.77,63
SHP004924,WH0007,DC0004,PRD0067,road,2026-02-02,2026-02-03,1,1,507.58,128
SHP004925,WH0005,DC0006,PRD0093,road,2025-07-05,2025-07-06,1,1,132.97,45
SHP004926,WH0004,DC0004,PRD0093,ocean,2025-04-16,2025-04-28,14,12,10086.71,339
SHP004927,WH0010,DC0001,PRD0144,ocean,2026-03-16,2026-03-29,16,13,2562.89,70
SHP004928,WH0008,DC0004,PRD0143,ocean,2025-07-24,2025-08-15,22,22,7388.13,142
SHP004929,WH0009,DC0004,PRD0066,rail,2025-12-02,2025-12-04,1,2,99.0,198
SHP004930,WH0009,DC0002,PRD0089,ocean,2024-11-28,2024-12-22,25,24,7916.6,130
SHP004931,WH0006,DC0003,PRD0006,air,2024-12-08,2024-12-13,6,5,208272.96,307
SHP004932,WH0010,DC0006,PRD0106,rail,2025-01-29,2025-02-03,7,5,2046.4,48
SHP004933,WH0003,DC0003,PRD0032,ocean,2025-11-29,2025-12-27,26,28,17214.75,270
SHP004934,WH0008,DC0003,PRD0090,air,2025-03-06,2025-03-09,3,3,15631.21,79
SHP004935,WH0009,DC0003,PRD0051,ocean,2025-08-02,2025-08-24,25,22,2997.56,49
SHP004936,WH0001,DC0003,PRD0148,ocean,2026-05-18,2026-06-15,25,28,11458.49,189
SHP004937,WH0001,DC0003,PRD0148,ocean,2025-10-03,2025-10-30,25,27,30616.59,505
SHP004938,WH0004,DC0005,PRD0138,road,2024-09-08,2024-09-09,1,1,2127.24,383
SHP004939,WH0005,DC0003,PRD0045,ocean,2026-06-06,2026-06-22,16,16,4821.19,135
SHP004940,WH0008,DC0002,PRD0073,ocean,2025-02-23,2025-03-08,13,13,3222.56,119
SHP004941,WH0003,DC0004,PRD0091,rail,2025-11-05,2025-11-07,2,2,565.68,126
SHP004942,WH0001,DC0002,PRD0084,air,2025-08-15,2025-08-19,5,4,39379.51,87
SHP004943,WH0009,DC0003,PRD0131,ocean,2025-06-28,2025-07-25,25,27,4465.75,73
SHP004944,WH0009,DC0003,PRD0125,ocean,2024-10-31,2024-11-25,25,25,10583.22,173
SHP004945,WH0009,DC0003,PRD0115,air,2025-11-13,2025-11-19,5,6,70197.95,153
SHP004946,WH0001,DC0004,PRD0021,rail,2025-02-28,2025-03-01,1,1,142.24,130
SHP004947,WH0005,DC0002,PRD0098,ocean,2025-10-06,2025-10-22,16,16,3936.02,112
SHP004948,WH0004,DC0004,PRD0074,rail,2025-11-27,2025-12-03,8,6,15918.56,321
SHP004949,WH0007,DC0006,PRD0119,ocean,2025-10-13,2025-10-25,14,12,4196.5,145
SHP004950,WH0001,DC0003,PRD0038,ocean,2026-04-26,2026-05-20,25,24,13944.19,230
SHP004951,WH0009,DC0003,PRD0043,ocean,2024-10-09,2024-11-02,25,24,7952.71,130
SHP004952,WH0005,DC0006,PRD0087,rail,2024-12-20,2024-12-21,1,1,366.08,223
SHP004953,WH0001,DC0001,PRD0108,ocean,2025-12-22,2026-01-08,17,17,7744.39,197
SHP004954,WH0006,DC0005,PRD0147,ocean,2024-09-30,2024-10-30,30,30,22657.42,304
SHP004955,WH0004,DC0001,PRD0104,ocean,2026-05-16,2026-05-24,8,8,1053.82,74
SHP004956,WH0001,DC0001,PRD0019,ocean,2026-01-01,2026-01-18,17,17,27046.39,688
SHP004957,WH0003,DC0005,PRD0021,ocean,2026-05-05,2026-05-17,14,12,4287.95,140
SHP004958,WH0002,DC0006,PRD0042,ocean,2025-04-08,2025-04-26,16,18,6600.6,183
SHP004959,WH0006,DC0002,PRD0088,ocean,2026-07-04,2026-08-11,36,38,39809.49,437
SHP004960,WH0009,DC0005,PRD0059,ocean,2024-10-09,2024-10-23,13,14,2915.92,104
SHP004961,WH0002,DC0006,PRD0081,ocean,2025-07-03,2025-07-18,16,15,5266.06,146
SHP004962,WH0003,DC0006,PRD0082,rail,2025-01-11,2025-01-21,9,10,27575.83,538
SHP004963,WH0002,DC0002,PRD0075,road,2026-01-04,2026-01-05,1,1,456.96,153
SHP004964,WH0006,DC0006,PRD0069,ocean,2025-11-21,2025-12-21,30,30,6117.2,82
SHP004965,WH0006,DC0004,PRD0102,air,2026-01-19,2026-01-23,4,4,66090.66,186
SHP004966,WH0010,DC0005,PRD0070,rail,2025-11-09,2025-11-16,7,7,16050.76,378
SHP004967,WH0009,DC0006,PRD0114,rail,2026-03-29,2026-04-07,8,9,8541.51,182
SHP004968,WH0009,DC0001,PRD0093,ocean,2025-01-10,2025-01-26,18,16,17251.08,433
SHP004969,WH0002,DC0004,PRD0134,ocean,2025-07-31,2025-08-27,25,27,28392.94,469
SHP004970,WH0007,DC0005,PRD0116,rail,2025-10-29,2025-11-06,8,8,4708.32,98
SHP004971,WH0004,DC0001,PRD0106,ocean,2026-07-12,2026-07-19,8,7,4186.79,294
SHP004972,WH0008,DC0005,PRD0043,ocean,2024-11-10,2024-11-27,19,17,10474.58,244
SHP004973,WH0002,DC0002,PRD0048,rail,2025-04-09,2025-04-10,1,1,871.12,525
SHP004974,WH0001,DC0002,PRD0006,ocean,2025-05-29,2025-06-23,25,25,6517.99,108
SHP004975,WH0004,DC0002,PRD0033,air,2025-06-06,2025-06-09,3,3,84164.02,325
SHP004976,WH0010,DC0002,PRD0061,ocean,2024-10-23,2024-11-17,24,25,4834.71,84
SHP004977,WH0009,DC0004,PRD0065,road,2025-07-11,2025-07-12,1,1,217.8,242
SHP004978,WH0008,DC0005,PRD0021,ocean,2025-10-08,2025-10-29,19,21,3520.15,82
SHP004979,WH0010,DC0005,PRD0054,ocean,2025-04-04,2025-04-18,12,14,6369.35,250
SHP004980,WH0004,DC0006,PRD0043,rail,2024-12-10,2024-12-11,1,1,946.0,336
SHP004981,WH0009,DC0005,PRD0102,ocean,2026-01-21,2026-02-03,13,13,4233.7,151
SHP004982,WH0007,DC0005,PRD0027,air,2025-03-22,2025-03-25,3,3,32213.52,149
SHP004983,WH0001,DC0002,PRD0025,ocean,2025-09-21,2025-10-17,25,26,16596.73,275
SHP004984,WH0004,DC0006,PRD0017,rail,2025-09-19,2025-09-20,1,1,154.85,55
SHP004985,WH0004,DC0002,PRD0122,rail,2026-01-22,2026-01-31,10,9,8689.75,151
SHP004986,WH0008,DC0002,PRD0141,air,2025-11-22,2025-11-24,3,2,40823.62,201
SHP004987,WH0002,DC0003,PRD0014,rail,2024-11-22,2024-11-23,1,1,539.88,486
SHP004988,WH0008,DC0002,PRD0007,ocean,2026-02-15,2026-03-03,13,16,1706.06,63
SHP004989,WH0005,DC0004,PRD0102,air,2025-12-04,2025-12-07,3,3,32757.99,152
SHP004990,WH0010,DC0005,PRD0135,ocean,2026-08-21,2026-09-04,12,14,1808.89,71
SHP004991,WH0004,DC0005,PRD0022,road,2025-08-21,2025-08-23,1,2,749.81,135
SHP004992,WH0001,DC0006,PRD0027,rail,2026-01-16,2026-01-26,8,10,5868.19,127
SHP004993,WH0006,DC0006,PRD0068,ocean,2026-07-14,2026-08-14,30,31,19918.19,267
SHP004994,WH0010,DC0005,PRD0040,rail,2026-08-21,2026-08-28,7,7,7261.06,171
SHP004995,WH0009,DC0003,PRD0022,ocean,2025-03-31,2025-04-26,25,26,20554.69,336
SHP004996,WH0004,DC0005,PRD0100,rail,2025-11-20,2025-11-21,1,1,780.67,253
SHP004997,WH0008,DC0004,PRD0080,ocean,2025-04-21,2025-05-12,22,21,10249.74,197
SHP004998,WH0009,DC0006,PRD0059,ocean,2025-09-20,2025-10-02,13,12,3970.39,141
SHP004999,WH0003,DC0001,PRD0064,ocean,2026-08-27,2026-09-15,19,19,5098.38,120
SHP005000,WH0007,DC0004,PRD0073,road,2025-05-18,2025-05-19,1,1,360.86,91
SHP005001,DC0002,CUST0027,PRD0114,ocean,2024-12-07,2025-01-02,25,26,13715.55,226
SHP005002,DC0004,CUST0028,PRD0033,ocean,2025-10-17,2025-11-18,35,32,40335.17,466
SHP005003,DC0001,CUST0016,PRD0034,ocean,2025-09-16,2025-10-04,19,18,18020.78,425
SHP005004,DC0005,CUST0013,PRD0135,air,2025-12-06,2025-12-07,2,1,40833.97,345
SHP005005,DC0005,CUST0018,PRD0044,air,2025-08-27,2025-08-28,2,1,29200.07,163
SHP005006,DC0005,CUST0024,PRD0008,air,2025-01-12,2025-01-15,4,3,49357.72,138
SHP005007,DC0002,CUST0012,PRD0009,air,2025-11-20,2025-11-27,7,7,142751.84,190
SHP005008,DC0002,CUST0025,PRD0092,ocean,2026-01-31,2026-02-25,25,25,9747.63,161
SHP005009,DC0004,CUST0025,PRD0084,road,2026-08-15,2026-08-16,1,1,1531.07,246
SHP005010,DC0003,CUST0028,PRD0122,rail,2024-09-05,2024-09-11,7,6,8627.45,202
SHP005011,DC0006,CUST0025,PRD0120,ocean,2024-09-21,2024-10-04,14,13,3902.52,136
SHP005012,DC0002,CUST0024,PRD0139,ocean,2025-12-02,2025-12-14,14,12,2668.57,87
SHP005013,DC0004,CUST0025,PRD0070,road,2024-11-28,2024-11-29,1,1,1524.85,245
SHP005014,DC0005,CUST0007,PRD0141,ocean,2026-05-12,2026-06-01,19,20,9510.61,216
SHP005015,DC0002,CUST0024,PRD0114,ocean,2026-04-07,2026-04-21,14,14,9232.62,301
SHP005016,DC0004,CUST0016,PRD0035,rail,2026-08-30,2026-08-31,2,1,350.54,59
SHP005017,DC0004,CUST0018,PRD0139,road,2025-07-01,2025-07-02,1,1,3379.27,155
SHP005018,DC0004,CUST0005,PRD0046,road,2025-05-04,2025-05-05,1,1,1252.17,74
SHP005019,DC0004,CUST0009,PRD0117,ocean,2025-10-15,2025-11-06,23,22,8438.79,156
SHP005020,DC0001,CUST0026,PRD0145,air,2025-12-10,2025-12-14,4,4,77370.16,230
SHP005021,DC0002,CUST0021,PRD0112,ocean,2024-09-12,2024-10-11,28,29,14168.87,209
SHP005022,DC0001,CUST0014,PRD0135,rail,2025-01-28,2025-02-07,10,10,6665.75,112
SHP005023,DC0005,CUST0019,PRD0137,air,2025-03-27,2025-03-28,2,1,36817.61,211
SHP005024,DC0003,CUST0004,PRD0080,ocean,2026-03-31,2026-04-24,23,24,11060.2,198
SHP005025,DC0003,CUST0006,PRD0089,ocean,2025-04-15,2025-05-13,28,28,6317.27,93
SHP005026,DC0001,CUST0003,PRD0124,ocean,2025-09-06,2025-10-06,32,30,6025.41,75
SHP005027,DC0001,CUST0021,PRD0139,air,2025-04-27,2025-04-30,4,3,52895.37,152
SHP005028,DC0003,CUST0006,PRD0059,ocean,2024-09-08,2024-10-04,28,26,8694.73,128
SHP005029,DC0002,CUST0005,PRD0023,air,2026-01-14,2026-01-18,5,4,52719.06,108
SHP005030,DC0005,CUST0009,PRD0114,ocean,2025-05-09,2025-05-26,18,17,5858.11,142
SHP005031,DC0005,CUST0013,PRD0079,air,2026-02-11,2026-02-13,2,2,41425.77,350
SHP005032,DC0003,CUST0004,PRD0094,ocean,2025-11-25,2025-12-15,23,20,9551.99,171
SHP005033,DC0004,CUST0004,PRD0106,ocean,2024-09-25,2024-10-15,23,20,4400.24,82
SHP005034,DC0004,CUST0030,PRD0067,road,2025-01-09,2025-01-10,1,1,2267.48,136
SHP005035,DC0003,CUST0022,PRD0040,ocean,2025-05-01,2025-06-01,32,31,28983.47,372
SHP005036,DC0004,CUST0021,PRD0078,rail,2025-05-07,2025-05-10,4,3,5263.09,305
SHP005037,DC0002,CUST0026,PRD0003,ocean,2026-01-05,2026-02-01,27,27,5756.16,87
SHP005038,DC0006,CUST0013,PRD0001,rail,2026-07-01,2026-07-06,5,5,16988.07,655
SHP005039,DC0001,CUST0024,PRD0134,rail,2026-04-05,2026-04-16,10,11,6530.72,112
SHP005040,DC0002,CUST0023,PRD0035,ocean,2025-12-16,2025-12-30,12,14,2936.51,121
SHP005041,DC0003,CUST0012,PRD0089,ocean,2025-08-19,2025-09-27,40,39,18597.33,184
SHP005042,DC0001,CUST0026,PRD0074,ocean,2025-12-03,2025-12-21,19,18,3857.29,86
SHP005043,DC0002,CUST0017,PRD0121,ocean,2026-06-13,2026-07-18,36,35,37191.95,410
SHP005044,DC0004,CUST0006,PRD0137,ocean,2025-09-28,2025-10-05,7,7,1030.55,102
SHP005045,DC0004,CUST0012,PRD0003,ocean,2025-05-05,2025-05-28,23,23,12387.61,225
SHP005046,DC0006,CUST0028,PRD0126,ocean,2026-03-27,2026-04-22,26,26,21713.21,352
SHP005047,DC0005,CUST0001,PRD0123,ocean,2025-07-01,2025-07-19,18,18,10442.75,251
SHP005048,DC0005,CUST0030,PRD0077,rail,2026-02-25,2026-03-05,9,8,36595.2,655
SHP005049,DC0001,CUST0017,PRD0003,ocean,2026-05-03,2026-06-03,32,31,2169.95,27
SHP005050,DC0006,CUST0011,PRD0111,ocean,2025-04-09,2025-04-23,14,14,9571.18,317
SHP005051,DC0006,CUST0019,PRD0075,ocean,2026-02-12,2026-02-23,12,11,6326.98,270
SHP005052,DC0006,CUST0010,PRD0060,ocean,2025-04-21,2025-05-16,26,25,9277.91,146
SHP005053,DC0004,CUST0021,PRD0002,air,2025-09-28,2025-09-30,2,2,5280.35,68
SHP005054,DC0006,CUST0025,PRD0141,rail,2025-02-02,2025-02-09,8,7,2295.6,48
SHP005055,DC0006,CUST0015,PRD0096,ocean,2026-01-14,2026-01-27,12,13,5922.48,229
SHP005056,DC0001,CUST0003,PRD0049,air,2026-04-07,2026-04-12,6,5,291027.18,483
SHP005057,DC0006,CUST0023,PRD0106,ocean,2026-06-10,2026-07-04,25,24,35492.49,594
SHP005058,DC0006,CUST0021,PRD0144,air,2025-05-18,2025-05-21,3,3,118551.37,490
SHP005059,DC0004,CUST0026,PRD0112,road,2026-08-08,2026-08-09,1,1,1653.81,93
SHP005060,DC0005,CUST0021,PRD0102,air,2025-03-26,2025-03-28,3,2,73616.64,306
SHP005061,DC0003,CUST0006,PRD0064,air,2024-09-26,2024-10-01,5,5,119722.41,235
SHP005062,DC0004,CUST0010,PRD0042,air,2026-08-19,2026-08-22,3,3,46174.26,157
SHP005063,DC0006,CUST0030,PRD0100,rail,2025-12-02,2025-12-10,9,8,19625.64,350
SHP005064,DC0002,CUST0011,PRD0097,ocean,2026-05-08,2026-06-01,26,24,12900.47,203
SHP005065,DC0003,CUST0005,PRD0057,ocean,2025-10-23,2025-11-17,27,25,8312.21,127
SHP005066,DC0006,CUST0019,PRD0068,air,2025-06-13,2025-06-15,2,2,58173.09,331
SHP005067,DC0002,CUST0019,PRD0021,ocean,2025-11-10,2025-12-02,25,22,9856.33,168
SHP005068,DC0006,CUST0001,PRD0109,air,2026-05-24,2026-05-26,3,2,49449.5,158
SHP005069,DC0004,CUST0009,PRD0062,ocean,2026-03-03,2026-03-26,23,23,8384.7,155
SHP005070,DC0001,CUST0027,PRD0133,air,2026-01-29,2026-02-02,3,4,47135.95,160
SHP005071,DC0006,CUST0014,PRD0070,ocean,2025-04-20,2025-05-11,21,21,34777.27,717
SHP005072,DC0002,CUST0029,PRD0073,ocean,2024-09-26,2024-10-19,27,23,17196.45,262
SHP005073,DC0005,CUST0019,PRD0137,rail,2025-07-01,2025-07-10,7,9,4226.56,109
SHP005074,DC0004,CUST0003,PRD0069,ocean,2025-08-30,2025-09-20,21,21,12271.69,253
SHP005075,DC0002,CUST0001,PRD0106,ocean,2025-02-23,2025-03-16,23,21,22367.01,418
SHP005076,DC0001,CUST0017,PRD0049,ocean,2025-07-29,2025-08-29,32,31,31102.65,387
SHP005077,DC0004,CUST0017,PRD0018,ocean,2026-07-26,2026-08-16,20,21,4054.49,85
SHP005078,DC0006,CUST0018,PRD0047,ocean,2025-02-07,2025-02-18,12,11,1731.78,72
SHP005079,DC0005,CUST0026,PRD0035,ocean,2025-04-11,2025-04-26,15,15,2953.1,93
SHP005080,DC0005,CUST0007,PRD0075,ocean,2024-11-24,2024-12-14,19,20,8850.15,201
SHP005081,DC0001,CUST0008,PRD0029,ocean,2026-03-27,2026-04-16,20,20,8142.43,173
SHP005082,DC0001,CUST0020,PRD0117,air,2026-03-22,2026-03-23,3,1,103180.6,338
SHP005083,DC0006,CUST0012,PRD0116,ocean,2026-06-29,2026-07-26,29,27,14707.33,207
SHP005084,DC0004,CUST0030,PRD0070,road,2025-07-23,2025-07-24,1,1,2534.24,152
SHP005085,DC0003,CUST0019,PRD0126,ocean,2024-09-22,2024-10-17,25,25,21338.45,361
SHP005086,DC0003,CUST0018,PRD0049,ocean,2025-08-20,2025-09-13,25,24,5370.83,90
SHP005087,DC0005,CUST0026,PRD0083,ocean,2025-09-02,2025-09-19,15,17,6128.48,193
SHP005088,DC0002,CUST0013,PRD0005,rail,2025-01-20,2025-01-26,6,6,8895.29,257
SHP005089,DC0005,CUST0013,PRD0039,ocean,2026-07-06,2026-07-15,9,9,1925.31,122
SHP005090,DC0006,CUST0002,PRD0013,air,2026-02-17,2026-02-18,2,1,22014.94,172
SHP005091,DC0001,CUST0022,PRD0137,ocean,2025-09-19,2025-10-15,28,26,9563.88,141
SHP005092,DC0004,CUST0025,PRD0006,road,2026-03-21,2026-03-22,1,1,914.91,147
SHP005093,DC0005,CUST0001,PRD0048,ocean,2024-12-17,2025-01-03,18,17,12772.61,307
SHP005094,DC0005,CUST0006,PRD0027,ocean,2026-05-29,2026-06-13,15,15,1875.06,59
SHP005095,DC0003,CUST0002,PRD0073,air,2026-04-23,2026-04-24,2,1,46338.98,289
SHP005096,DC0002,CUST0022,PRD0069,ocean,2026-07-17,2026-08-17,32,31,12791.04,163
SHP005097,DC0006,CUST0022,PRD0033,ocean,2026-01-08,2026-02-05,27,28,10201.56,158
SHP005098,DC0002,CUST0008,PRD0113,air,2024-12-09,2024-12-15,5,6,92954.05,181
SHP005099,DC0003,CUST0023,PRD0003,ocean,2026-02-12,2026-02-24,12,12,4374.53,183
SHP005100,DC0004,CUST0014,PRD0060,air,2025-08-03,2025-08-06,4,3,19744.33,47
SHP005101,DC0006,CUST0021,PRD0024,ocean,2026-02-04,2026-02-20,15,16,10064.77,312
SHP005102,DC0001,CUST0009,PRD0039,ocean,2025-09-18,2025-10-09,21,21,19477.3,390
SHP005103,DC0001,CUST0022,PRD0004,air,2024-09-06,2024-09-11,5,5,34592.77,68
SHP005104,DC0004,CUST0011,PRD0127,road,2026-07-12,2026-07-13,1,1,5437.44,666
SHP005105,DC0002,CUST0014,PRD0056,rail,2026-01-15,2026-01-25,9,10,15195.77,300
SHP005106,DC0005,CUST0004,PRD0088,ocean,2025-11-09,2025-11-28,18,19,5039.5,125
SHP005107,DC0006,CUST0029,PRD0108,ocean,2024-11-06,2024-11-23,16,17,5276.28,151
SHP005108,DC0002,CUST0020,PRD0080,ocean,2025-08-08,2025-09-01,26,24,11947.38,194
SHP005109,DC0004,CUST0015,PRD0128,road,2024-10-07,2024-10-08,1,1,3685.26,203
SHP005110,DC0006,CUST0030,PRD0096,ocean,2025-09-16,2025-09-30,15,14,14096.82,419
SHP005111,DC0002,CUST0002,PRD0119,ocean,2025-12-26,2026-01-07,11,12,6122.97,291
SHP005112,DC0003,CUST0028,PRD0009,ocean,2025-04-18,2025-05-02,12,14,6893.42,269
SHP005113,DC0006,CUST0026,PRD0085,ocean,2025-10-28,2025-11-12,15,15,8551.14,268
SHP005114,DC0005,CUST0001,PRD0021,ocean,2025-04-18,2025-05-05,18,17,4659.72,112
SHP005115,DC0006,CUST0016,PRD0038,rail,2026-06-13,2026-06-21,9,8,10343.02,198
SHP005116,DC0002,CUST0027,PRD0015,ocean,2025-04-24,2025-05-17,25,23,12016.28,198
SHP005117,DC0006,CUST0008,PRD0069,ocean,2025-01-21,2025-02-07,15,17,3717.8,112
SHP005118,DC0001,CUST0006,PRD0101,ocean,2025-03-23,2025-04-12,20,20,5898.9,128
SHP005119,DC0001,CUST0022,PRD0019,ocean,2025-04-23,2025-05-20,28,27,13430.13,198
SHP005120,DC0005,CUST0026,PRD0140,ocean,2025-07-21,2025-08-05,15,15,8033.71,253
SHP005121,DC0003,CUST0029,PRD0121,air,2024-11-28,2024-12-03,5,5,98184.79,199
SHP005122,DC0001,CUST0017,PRD0047,ocean,2024-12-21,2025-01-20,32,30,7152.81,89
SHP005123,DC0001,CUST0011,PRD0050,ocean,2025-03-21,2025-04-06,19,16,5214.23,123
SHP005124,DC0001,CUST0016,PRD0065,ocean,2024-09-15,2024-10-05,19,20,5851.45,138
SHP005125,DC0005,CUST0010,PRD0098,ocean,2025-11-30,2025-12-27,26,27,12071.02,190
SHP005126,DC0002,CUST0026,PRD0004,air,2025-09-12,2025-09-17,5,5,73440.65,148
SHP005127,DC0006,CUST0009,PRD0032,ocean,2025-01-31,2025-02-17,18,17,8320.79,201
SHP005128,DC0005,CUST0015,PRD0064,air,2025-05-16,2025-05-18,2,2,21972.82,114
SHP005129,DC0004,CUST0023,PRD0099,ocean,2025-04-23,2025-05-26,34,33,20232.5,238
SHP005130,DC0006,CUST0027,PRD0114,ocean,2024-12-15,2024-12-27,12,12,2178.69,85
SHP005131,DC0005,CUST0008,PRD0064,ocean,2026-01-28,2026-02-13,15,16,11985.82,363
SHP005132,DC0005,CUST0029,PRD0009,air,2025-03-28,2025-03-31,3,3,83353.7,319
SHP005133,DC0002,CUST0013,PRD0051,ocean,2025-02-28,2025-03-12,11,12,2990.48,144
SHP005134,DC0003,CUST0026,PRD0118,ocean,2024-10-25,2024-11-17,27,23,6584.02,99
SHP005135,DC0005,CUST0005,PRD0025,ocean,2025-11-23,2025-12-08,14,15,1611.64,53
SHP005136,DC0006,CUST0027,PRD0134,ocean,2025-05-07,2025-05-17,12,10,26195.51,1022
SHP005137,DC0001,CUST0005,PRD0054,air,2025-07-23,2025-07-27,4,4,76086.21,232
SHP005138,DC0005,CUST0029,PRD0122,ocean,2024-12-07,2024-12-20,16,13,8849.25,254
SHP005139,DC0002,CUST0001,PRD0100,ocean,2025-08-11,2025-09-03,23,23,15089.71,282
SHP005140,DC0005,CUST0024,PRD0080,air,2026-01-07,2026-01-11,4,4,84051.19,235
SHP005141,DC0005,CUST0021,PRD0083,air,2024-11-19,2024-11-22,3,3,36327.17,151
SHP005142,DC0006,CUST0007,PRD0041,ocean,2024-10-13,2024-10-30,19,17,3549.15,81
SHP005143,DC0006,CUST0002,PRD0011,air,2025-07-10,2025-07-11,2,1,25342.78,198
SHP005144,DC0002,CUST0001,PRD0141,ocean,2025-01-11,2025-02-03,23,23,7651.87,143
SHP005145,DC0003,CUST0009,PRD0134,ocean,2025-11-10,2025-12-04,24,24,9653.85,170
SHP005146,DC0005,CUST0025,PRD0032,air,2025-11-08,2025-11-10,3,2,72040.91,336
SHP005147,DC0005,CUST0025,PRD0065,air,2026-05-04,2026-05-06,3,2,41595.05,194
SHP005148,DC0002,CUST0008,PRD0124,ocean,2026-01-24,2026-02-18,28,25,34648.07,506
SHP005149,DC0001,CUST0027,PRD0077,ocean,2025-11-25,2025-12-13,17,18,12726.71,324
SHP005150,DC0005,CUST0028,PRD0051,ocean,2025-04-18,2025-05-13,26,25,25493.92,412
SHP005151,DC0003,CUST0005,PRD0093,air,2026-04-20,2026-04-24,5,4,122719.62,250
SHP005152,DC0003,CUST0018,PRD0014,ocean,2026-02-03,2026-02-27,25,24,13427.09,225
SHP005153,DC0001,CUST0018,PRD0056,ocean,2026-01-04,2026-01-22,17,18,13583.17,359
SHP005154,DC0001,CUST0030,PRD0029,ocean,2025-09-26,2025-10-17,20,21,5359.36,119
SHP005155,DC0004,CUST0021,PRD0061,ocean,2026-08-11,2026-08-17,7,6,3489.17,337
SHP005156,DC0006,CUST0012,PRD0112,ocean,2026-03-06,2026-04-05,29,30,2913.05,41
SHP005157,DC0003,CUST0026,PRD0084,ocean,2025-08-08,2025-09-01,27,24,10973.36,165
SHP005158,DC0006,CUST0013,PRD0004,rail,2024-12-08,2024-12-12,5,4,6795.23,262
SHP005159,DC0001,CUST0027,PRD0043,ocean,2026-04-17,2026-05-03,17,16,3456.64,88
SHP005160,DC0005,CUST0010,PRD0071,ocean,2026-07-03,2026-07-30,26,27,8703.84,137
SHP005161,DC0003,CUST0013,PRD0150,ocean,2025-08-09,2025-08-20,11,11,5466.62,257
SHP005162,DC0004,CUST0017,PRD0031,ocean,2025-07-31,2025-08-20,20,20,5390.09,113
SHP005163,DC0005,CUST0015,PRD0102,ocean,2026-01-13,2026-01-23,12,10,1105.07,43
SHP005164,DC0003,CUST0004,PRD0063,air,2026-02-01,2026-02-05,4,4,36029.44,86
SHP005165,DC0006,CUST0001,PRD0003,ocean,2025-08-07,2025-08-26,18,19,2378.58,57
SHP005166,DC0004,CUST0001,PRD0011,ocean,2025-02-19,2025-03-14,24,23,55867.77,991
SHP005167,DC0004,CUST0005,PRD0149,road,2025-02-13,2025-02-14,1,1,6954.63,411
SHP005168,DC0003,CUST0004,PRD0122,air,2026-05-22,2026-05-25,4,3,88397.81,211
SHP005169,DC0003,CUST0009,PRD0040,ocean,2025-11-25,2025-12-17,24,22,4145.48,73
SHP005170,DC0006,CUST0018,PRD0096,ocean,2026-06-28,2026-07-09,12,11,2766.04,115
SHP005171,DC0004,CUST0015,PRD0023,rail,2025-06-15,2025-06-19,3,4,4296.45,426
SHP005172,DC0001,CUST0005,PRD0064,air,2026-01-24,2026-01-28,4,4,47553.88,145
SHP005173,DC0001,CUST0011,PRD0041,ocean,2025-12-30,2026-01-18,19,19,8902.34,210
SHP005174,DC0006,CUST0023,PRD0128,ocean,2026-03-30,2026-04-24,25,25,5736.16,96
SHP005175,DC0001,CUST0030,PRD0024,air,2026-06-06,2026-06-09,4,3,110790.22,328
SHP005176,DC0006,CUST0019,PRD0087,rail,2025-07-30,2025-08-06,7,7,9724.81,249
SHP005177,DC0005,CUST0029,PRD0016,ocean,2024-09-25,2024-10-10,16,15,21635.38,621
SHP005178,DC0001,CUST0003,PRD0016,ocean,2025-08-15,2025-09-14,32,30,10042.35,125
SHP005179,DC0005,CUST0017,PRD0092,ocean,2025-05-17,2025-06-15,30,29,10988.87,147
SHP005180,DC0002,CUST0011,PRD0040,ocean,2025-08-04,2025-08-31,26,27,7181.05,113
SHP005181,DC0001,CUST0019,PRD0138,air,2025-01-06,2025-01-09,3,3,81615.78,292
SHP005182,DC0001,CUST0002,PRD0028,rail,2026-03-15,2026-03-17,2,2,944.84,232
SHP005183,DC0006,CUST0013,PRD0033,ocean,2025-11-16,2025-11-23,9,7,4761.85,306
SHP005184,DC0005,CUST0002,PRD0125,air,2024-12-05,2024-12-06,2,1,24126.47,186
SHP005185,DC0003,CUST0008,PRD0060,air,2024-11-17,2024-11-21,5,4,79572.02,154
SHP005186,DC0004,CUST0014,PRD0082,ocean,2026-04-20,2026-05-16,24,26,6441.41,115
SHP005187,DC0005,CUST0006,PRD0143,rail,2026-04-05,2026-04-15,9,10,13665.7,258
SHP005188,DC0005,CUST0008,PRD0089,rail,2025-04-28,2025-05-07,9,9,17059.7,310
SHP005189,DC0006,CUST0023,PRD0113,air,2025-12-19,2025-12-23,4,4,29128.94,65
SHP005190,DC0006,CUST0021,PRD0050,ocean,2026-04-02,2026-04-14,15,12,806.47,25
SHP005191,DC0002,CUST0021,PRD0006,air,2025-09-25,2025-09-29,5,4,98639.75,194
SHP005192,DC0001,CUST0011,PRD0097,ocean,2025-06-21,2025-07-09,19,18,6146.85,145
SHP005193,DC0005,CUST0027,PRD0092,ocean,2025-07-01,2025-07-13,12,12,2954.13,116
SHP005194,DC0004,CUST0023,PRD0035,air,2025-11-28,2025-12-04,6,6,202112.44,317
SHP005195,DC0004,CUST0023,PRD0065,air,2025-10-06,2025-10-11,6,5,158757.09,249
SHP005196,DC0001,CUST0006,PRD0011,ocean,2026-08-12,2026-08-31,20,19,3871.15,84
SHP005197,DC0005,CUST0014,PRD0125,ocean,2025-06-09,2025-06-29,21,20,7404.89,152
SHP005198,DC0004,CUST0006,PRD0113,ocean,2025-05-09,2025-05-13,7,4,2222.75,220
SHP005199,DC0005,CUST0010,PRD0144,ocean,2026-04-17,2026-05-12,26,25,4891.94,77
SHP005200,DC0004,CUST0011,PRD0076,road,2025-11-07,2025-11-08,1,1,5821.16,713
SHP005201,DC0005,CUST0025,PRD0139,ocean,2026-03-27,2026-04-08,13,12,943.39,33
SHP005202,DC0005,CUST0011,PRD0126,rail,2025-07-17,2025-07-27,9,10,4608.88,92
SHP005203,DC0005,CUST0029,PRD0049,rail,2026-03-29,2026-04-06,10,8,7084.05,122
SHP005204,DC0004,CUST0012,PRD0146,air,2025-10-04,2025-10-09,4,5,77629.03,188
SHP005205,DC0004,CUST0019,PRD0048,rail,2025-02-22,2025-02-26,3,4,1559.48,122
SHP005206,DC0006,CUST0011,PRD0140,rail,2025-12-29,2026-01-08,9,10,5636.03,112
SHP005207,DC0006,CUST0013,PRD0090,ocean,2024-10-30,2024-11-10,9,11,1042.63,67
SHP005208,DC0003,CUST0024,PRD0083,air,2026-07-11,2026-07-14,3,3,28035.65,125
SHP005209,DC0003,CUST0022,PRD0120,ocean,2025-10-25,2025-11-23,32,29,17530.33,225
SHP005210,DC0002,CUST0021,PRD0071,ocean,2025-08-23,2025-09-18,28,26,22032.93,325
SHP005211,DC0003,CUST0003,PRD0142,ocean,2025-11-07,2025-12-13,36,36,23900.13,268
SHP005212,DC0005,CUST0010,PRD0042,ocean,2025-08-06,2025-08-30,26,24,5400.19,85
SHP005213,DC0005,CUST0019,PRD0018,air,2025-10-11,2025-10-13,2,2,56186.11,322
SHP005214,DC0005,CUST0004,PRD0136,air,2026-04-23,2026-04-26,3,3,19049.29,63
SHP005215,DC0005,CUST0019,PRD0040,rail,2025-01-09,2025-01-15,7,6,8259.24,213
SHP005216,DC0005,CUST0019,PRD0116,ocean,2026-07-29,2026-08-10,12,12,4001.66,172
SHP005217,DC0003,CUST0006,PRD0076,air,2024-10-24,2024-10-29,5,5,41775.48,82
SHP005218,DC0003,CUST0004,PRD0068,air,2024-11-21,2024-11-23,4,2,77086.24,184
SHP005219,DC0004,CUST0026,PRD0139,rail,2026-04-18,2026-04-20,2,2,1165.77,118
SHP005220,DC0002,CUST0026,PRD0094,ocean,2026-03-17,2026-04-14,27,28,4499.07,68
SHP005221,DC0004,CUST0024,PRD0117,ocean,2025-06-06,2025-06-26,23,20,23470.1,430
SHP005222,DC0002,CUST0002,PRD0001,air,2025-08-28,2025-08-30,2,2,10099.75,64
SHP005223,DC0005,CUST0021,PRD0130,rail,2025-12-27,2026-01-05,9,9,11173.48,209
SHP005224,DC0001,CUST0026,PRD0098,ocean,2024-11-08,2024-11-27,19,19,6548.43,146
SHP005225,DC0003,CUST0008,PRD0048,ocean,2026-04-20,2026-05-15,28,25,25146.14,365
SHP005226,DC0005,CUST0018,PRD0005,air,2026-06-10,2026-06-11,2,1,56429.58,315
SHP005227,DC0001,CUST0006,PRD0094,air,2026-06-21,2026-06-24,4,3,106456.64,308
SHP005228,DC0004,CUST0024,PRD0062,ocean,2025-12-09,2025-12-30,23,21,15009.95,275
SHP005229,DC0001,CUST0005,PRD0083,ocean,2024-09-04,2024-09-21,19,17,4329.04,99
SHP005230,DC0004,CUST0012,PRD0017,ocean,2024-12-19,2025-01-10,23,22,26922.41,489
SHP005231,DC0001,CUST0005,PRD0138,ocean,2024-12-21,2025-01-06,19,16,7914.71,181
SHP005232,DC0006,CUST0025,PRD0100,rail,2025-09-24,2025-10-03,8,9,2869.5,60
SHP005233,DC0006,CUST0024,PRD0049,ocean,2025-06-14,2025-07-05,20,21,13293.99,280
SHP005234,DC0002,CUST0017,PRD0135,air,2025-10-28,2025-11-03,6,6,117018.57,172
SHP005235,DC0004,CUST0008,PRD0128,rail,2025-01-24,2025-01-27,3,3,2810.08,171
SHP005236,DC0004,CUST0011,PRD0142,road,2026-01-11,2026-01-12,1,1,457.2,56
SHP005237,DC0001,CUST0012,PRD0040,ocean,2025-04-21,2025-05-27,35,36,25457.82,295
SHP005238,DC0002,CUST0013,PRD0073,ocean,2025-10-23,2025-11-04,11,12,4921.83,237
SHP005239,DC0001,CUST0008,PRD0083,ocean,2026-06-28,2026-07-18,20,20,7059.91,150
SHP005240,DC0005,CUST0008,PRD0105,ocean,2025-04-13,2025-04-29,15,16,17268.82,523
SHP005241,DC0001,CUST0030,PRD0083,air,2026-07-20,2026-07-24,4,4,77688.27,230
SHP005242,DC0006,CUST0030,PRD0029,air,2025-07-16,2025-07-19,3,3,72923.28,289
SHP005243,DC0002,CUST0012,PRD0025,ocean,2026-08-18,2026-09-27,40,40,36063.62,360
SHP005244,DC0004,CUST0027,PRD0134,rail,2025-05-11,2025-05-14,3,3,1996.41,188
SHP005245,DC0001,CUST0008,PRD0018,ocean,2024-11-07,2024-11-29,20,22,10072.14,214
SHP005246,DC0005,CUST0027,PRD0012,ocean,2024-09-09,2024-09-20,12,11,1604.4,63
SHP005247,DC0002,CUST0012,PRD0034,ocean,2026-08-21,2026-09-30,40,40,32557.44,325
SHP005248,DC0005,CUST0022,PRD0046,air,2025-06-24,2025-06-29,5,5,89562.45,185
SHP005249,DC0004,CUST0006,PRD0009,air,2024-12-05,2024-12-06,2,1,9168.84,121
SHP005250,DC0001,CUST0014,PRD0052,rail,2025-04-05,2025-04-16,10,11,5534.95,93
SHP005251,DC0002,CUST0024,PRD0028,ocean,2025-05-30,2025-06-12,14,13,582.79,19
SHP005252,DC0004,CUST0018,PRD0125,road,2025-10-07,2025-10-08,1,1,24090.9,1105
SHP005253,DC0002,CUST0015,PRD0050,ocean,2024-10-12,2024-11-08,25,27,18799.75,309
SHP005254,DC0004,CUST0026,PRD0026,road,2026-01-27,2026-01-28,1,1,7682.21,432
SHP005255,DC0003,CUST0005,PRD0009,ocean,2026-04-22,2026-05-18,27,26,4712.43,72
SHP005256,DC0004,CUST0010,PRD0147,ocean,2025-05-22,2025-06-08,17,17,15018.89,383
SHP005257,DC0001,CUST0010,PRD0100,ocean,2026-05-22,2026-06-19,27,28,11887.32,178
SHP005258,DC0005,CUST0028,PRD0126,ocean,2026-05-25,2026-06-19,26,25,11571.27,187
SHP005259,DC0005,CUST0019,PRD0135,ocean,2025-02-21,2025-03-06,12,13,4397.17,189
SHP005260,DC0004,CUST0011,PRD0066,road,2026-01-26,2026-01-27,1,1,922.57,113
SHP005261,DC0003,CUST0008,PRD0013,ocean,2025-06-17,2025-07-11,28,24,19772.44,287
SHP005262,DC0006,CUST0005,PRD0094,air,2025-04-22,2025-04-26,3,4,40805.1,178
SHP005263,DC0006,CUST0006,PRD0057,ocean,2025-06-08,2025-06-22,15,14,8789.56,275
SHP005264,DC0004,CUST0002,PRD0019,ocean,2025-06-08,2025-06-25,18,17,4309.78,108
SHP005265,DC0006,CUST0029,PRD0004,rail,2025-10-04,2025-10-15,10,11,6813.73,117
SHP005266,DC0002,CUST0023,PRD0054,ocean,2025-12-28,2026-01-08,12,11,3518.96,145
SHP005267,DC0003,CUST0010,PRD0126,air,2025-08-14,2025-08-18,5,4,100020.13,173
SHP005268,DC0002,CUST0022,PRD0021,air,2025-01-18,2025-01-24,6,6,81219.21,138
SHP005269,DC0002,CUST0027,PRD0120,ocean,2025-06-10,2025-07-03,25,23,3398.54,56
SHP005270,DC0002,CUST0029,PRD0016,ocean,2026-07-07,2026-08-06,27,30,27107.39,413
SHP005271,DC0001,CUST0019,PRD0093,ocean,2026-05-06,2026-05-24,17,18,4024.89,108
SHP005272,DC0001,CUST0005,PRD0143,ocean,2024-12-24,2025-01-10,19,17,7040.16,161
SHP005273,DC0002,CUST0029,PRD0107,ocean,2026-08-29,2026-09-26,27,28,6563.53,100
SHP005274,DC0002,CUST0022,PRD0095,ocean,2026-01-03,2026-02-06,32,34,20716.78,264
SHP005275,DC0002,CUST0013,PRD0015,ocean,2024-12-10,2024-12-19,11,9,5233.34,252
SHP005276,DC0001,CUST0008,PRD0069,ocean,2024-10-26,2024-11-13,20,18,18355.78,390
SHP005277,DC0002,CUST0011,PRD0136,ocean,2024-09-15,2024-10-10,26,25,10422.06,164
SHP005278,DC0001,CUST0001,PRD0011,ocean,2026-02-09,2026-02-27,21,18,9126.15,186
SHP005279,DC0004,CUST0020,PRD0019,rail,2025-08-23,2025-08-24,1,1,541.64,175
SHP005280,DC0003,CUST0003,PRD0078,ocean,2025-07-18,2025-08-23,36,36,51634.98,579
SHP005281,DC0005,CUST0009,PRD0020,ocean,2026-08-23,2026-09-10,18,18,2887.8,70
SHP005282,DC0001,CUST0020,PRD0056,ocean,2024-11-04,2024-11-22,18,18,6878.71,169
SHP005283,DC0003,CUST0025,PRD0133,air,2025-12-14,2025-12-18,5,4,27351.35,60
SHP005284,DC0004,CUST0026,PRD0025,road,2025-07-02,2025-07-03,1,1,1280.37,72
SHP005285,DC0001,CUST0019,PRD0026,ocean,2025-08-01,2025-08-17,17,16,6111.87,164
SHP005286,DC0005,CUST0002,PRD0060,ocean,2026-03-30,2026-04-07,9,8,2801.78,162
SHP005287,DC0002,CUST0001,PRD0137,ocean,2025-11-16,2025-12-09,23,23,8026.44,150
SHP005288,DC0001,CUST0014,PRD0099,rail,2025-07-10,2025-07-18,10,8,9522.5,160
SHP005289,DC0002,CUST0026,PRD0049,air,2025-01-12,2025-01-16,5,4,40193.87,81
SHP005290,DC0005,CUST0006,PRD0050,air,2025-09-08,2025-09-11,3,3,30271.12,127
SHP005291,DC0001,CUST0026,PRD0135,ocean,2025-10-09,2025-10-30,19,21,15429.18,344
SHP005292,DC0005,CUST0030,PRD0064,ocean,2025-07-27,2025-08-11,15,15,4961.3,148
SHP005293,DC0003,CUST0026,PRD0146,ocean,2025-05-19,2025-06-15,27,27,11904.44,179
SHP005294,DC0002,CUST0004,PRD0046,ocean,2025-01-16,2025-02-08,23,23,12258.16,223
SHP005295,DC0002,CUST0024,PRD0143,ocean,2025-11-16,2025-11-30,14,14,3864.82,126
SHP005296,DC0001,CUST0010,PRD0143,ocean,2025-10-28,2025-11-24,27,27,9750.27,146
SHP005297,DC0006,CUST0025,PRD0107,ocean,2026-05-11,2026-05-26,14,15,4390.34,153
SHP005298,DC0001,CUST0020,PRD0028,air,2025-02-22,2025-02-24,3,2,69295.85,227
SHP005299,DC0004,CUST0016,PRD0148,road,2025-09-03,2025-09-04,1,1,588.2,55
SHP005300,DC0006,CUST0014,PRD0092,air,2025-06-29,2025-07-01,4,2,161154.11,443
SHP005301,DC0005,CUST0011,PRD0118,ocean,2025-10-05,2025-10-17,14,12,13796.59,459
SHP005302,DC0003,CUST0006,PRD0110,ocean,2025-05-28,2025-06-24,28,27,15012.0,221
SHP005303,DC0002,CUST0001,PRD0027,ocean,2026-08-15,2026-09-09,23,25,9792.26,183
SHP005304,DC0006,CUST0022,PRD0043,air,2025-10-21,2025-10-25,5,4,82322.69,170
SHP005305,DC0004,CUST0006,PRD0047,air,2026-01-28,2026-01-30,2,2,3940.33,52
SHP005306,DC0002,CUST0001,PRD0141,air,2024-11-25,2024-11-29,4,4,75849.85,189
SHP005307,DC0003,CUST0011,PRD0103,ocean,2025-08-19,2025-09-16,26,28,20750.14,325
SHP005308,DC0006,CUST0028,PRD0130,ocean,2026-01-18,2026-02-13,26,26,5243.25,85
SHP005309,DC0005,CUST0014,PRD0087,ocean,2024-12-16,2025-01-06,21,21,4969.07,102
SHP005310,DC0005,CUST0029,PRD0041,ocean,2026-02-16,2026-03-04,16,16,2508.45,72
SHP005311,DC0004,CUST0016,PRD0137,rail,2026-08-19,2026-08-23,2,4,487.19,82
SHP005312,DC0003,CUST0011,PRD0114,air,2026-08-19,2026-08-23,5,4,79488.99,166
SHP005313,DC0004,CUST0006,PRD0091,ocean,2026-03-23,2026-03-28,7,5,2788.54,276
SHP005314,DC0004,CUST0006,PRD0081,rail,2025-08-07,2025-08-10,4,3,7880.66,468
SHP005315,DC0006,CUST0015,PRD0141,air,2024-10-30,2024-10-31,3,1,107458.18,554
SHP005316,DC0002,CUST0019,PRD0084,ocean,2026-06-12,2026-07-07,25,25,5808.2,99
SHP005317,DC0004,CUST0005,PRD0096,rail,2024-11-07,2024-11-08,2,1,4860.15,517
SHP005318,DC0004,CUST0020,PRD0106,road,2025-08-12,2025-08-13,1,1,1743.77,313
SHP005319,DC0005,CUST0018,PRD0111,air,2026-02-24,2026-02-25,2,1,37978.0,212
SHP005320,DC0004,CUST0027,PRD0083,road,2026-08-02,2026-08-03,1,1,4778.64,250
SHP005321,DC0004,CUST0026,PRD0062,rail,2024-10-30,2024-11-04,2,5,3843.08,389
SHP005322,DC0006,CUST0017,PRD0145,ocean,2025-12-08,2026-01-07,30,30,7631.61,102
SHP005323,DC0003,CUST0006,PRD0140,ocean,2026-04-06,2026-05-04,28,28,26287.99,387
SHP005324,DC0001,CUST0024,PRD0055,ocean,2025-04-18,2025-05-03,16,15,9586.17,274
SHP005325,DC0004,CUST0009,PRD0097,ocean,2024-10-12,2024-11-01,23,20,7086.42,131
SHP005326,DC0005,CUST0009,PRD0141,ocean,2025-05-11,2025-05-28,18,17,6105.64,148
SHP005327,DC0004,CUST0003,PRD0066,air,2026-03-23,2026-03-26,4,3,115683.68,318
SHP005328,DC0006,CUST0018,PRD0093,rail,2025-08-10,2025-08-17,7,7,10061.99,251
SHP005329,DC0005,CUST0003,PRD0116,ocean,2025-09-11,2025-10-13,31,32,9866.25,131
SHP005330,DC0001,CUST0022,PRD0115,air,2025-08-10,2025-08-15,5,5,30014.31,59
SHP005331,DC0005,CUST0010,PRD0102,air,2026-02-18,2026-02-22,5,4,426932.89,896
SHP005332,DC0001,CUST0011,PRD0001,ocean,2025-07-06,2025-07-20,19,14,7927.32,187
SHP005333,DC0006,CUST0001,PRD0009,air,2026-08-02,2026-08-05,3,3,197798.0,632
SHP005334,DC0006,CUST0023,PRD0073,ocean,2026-04-06,2026-04-28,25,22,3824.11,64
SHP005335,DC0005,CUST0029,PRD0005,ocean,2025-04-01,2025-04-17,16,16,10974.47,315
SHP005336,DC0005,CUST0017,PRD0133,air,2024-09-29,2024-10-04,5,5,77370.64,138
SHP005337,DC0006,CUST0012,PRD0035,ocean,2026-07-05,2026-08-02,29,28,13144.23,185
SHP005338,DC0003,CUST0021,PRD0078,ocean,2026-03-02,2026-04-01,28,30,45995.09,674
SHP005339,DC0003,CUST0013,PRD0002,ocean,2026-02-13,2026-02-25,11,12,6806.68,320
SHP005340,DC0004,CUST0005,PRD0077,road,2025-10-18,2025-10-19,1,1,3384.25,200
SHP005341,DC0002,CUST0008,PRD0057,ocean,2024-10-18,2024-11-14,28,27,2465.08,36
SHP005342,DC0003,CUST0007,PRD0055,ocean,2025-08-13,2025-08-26,13,13,6156.79,230
SHP005343,DC0005,CUST0007,PRD0081,air,2025-01-04,2025-01-08,4,4,144970.73,439
SHP005344,DC0004,CUST0008,PRD0006,ocean,2024-10-11,2024-10-19,7,8,1636.75,166
SHP005345,DC0003,CUST0008,PRD0071,ocean,2026-08-24,2026-09-21,28,28,8818.37,128
SHP005346,DC0004,CUST0006,PRD0142,rail,2026-04-14,2026-04-18,4,4,3334.12,198
SHP005347,DC0002,CUST0009,PRD0131,air,2025-12-01,2025-12-05,4,4,158053.84,377
SHP005348,DC0002,CUST0007,PRD0143,rail,2025-03-31,2025-04-08,8,8,2886.48,63
SHP005349,DC0001,CUST0013,PRD0147,road,2024-11-02,2024-11-03,1,1,376.06,65
SHP005350,DC0004,CUST0016,PRD0147,road,2025-09-06,2025-09-07,1,1,3475.72,325
SHP005351,DC0003,CUST0005,PRD0040,air,2026-05-15,2026-05-20,5,5,66268.6,135
SHP005352,DC0002,CUST0022,PRD0025,ocean,2025-03-24,2025-04-22,32,29,8082.68,103
SHP005353,DC0004,CUST0021,PRD0010,ocean,2024-12-09,2024-12-17,7,8,2174.26,210
SHP005354,DC0002,CUST0012,PRD0118,ocean,2025-03-26,2025-05-02,40,37,12522.09,125
SHP005355,DC0006,CUST0020,PRD0092,ocean,2026-05-19,2026-06-02,14,14,2121.4,72
SHP005356,DC0005,CUST0017,PRD0040,ocean,2024-09-14,2024-10-12,30,28,18090.53,242
SHP005357,DC0003,CUST0008,PRD0036,ocean,2024-11-23,2024-12-22,28,29,9369.52,136
SHP005358,DC0001,CUST0007,PRD0068,rail,2025-01-08,2025-01-17,9,9,5224.13,101
SHP005359,DC0001,CUST0022,PRD0094,ocean,2025-11-07,2025-12-06,28,29,6918.55,102
SHP005360,DC0004,CUST0019,PRD0150,rail,2024-12-22,2024-12-24,3,2,2441.48,191
SHP005361,DC0002,CUST0009,PRD0064,ocean,2025-07-25,2025-08-18,23,24,3130.33,56
SHP005362,DC0006,CUST0013,PRD0060,ocean,2026-04-13,2026-04-24,9,11,6022.34,387
SHP005363,DC0004,CUST0012,PRD0066,ocean,2025-03-12,2025-04-02,23,21,13048.28,237
SHP005364,DC0005,CUST0029,PRD0077,ocean,2026-01-25,2026-02-10,16,16,9964.12,286
SHP005365,DC0003,CUST0015,PRD0024,ocean,2025-08-22,2025-09-14,25,23,16783.66,274
SHP005366,DC0005,CUST0007,PRD0147,ocean,2026-04-07,2026-04-27,19,20,6076.22,138
SHP005367,DC0004,CUST0002,PRD0103,air,2026-05-22,2026-05-24,3,2,78713.4,263
SHP005368,DC0002,CUST0028,PRD0146,rail,2025-05-10,2025-05-19,8,9,19305.24,445
SHP005369,DC0002,CUST0011,PRD0056,ocean,2024-11-04,2024-11-29,26,25,17221.81,271
SHP005370,DC0005,CUST0018,PRD0020,air,2024-12-18,2024-12-20,2,2,30095.77,168
SHP005371,DC0005,CUST0001,PRD0084,ocean,2026-07-14,2026-08-01,18,18,14936.05,359
SHP005372,DC0006,CUST0006,PRD0124,air,2024-12-24,2024-12-26,3,2,41710.44,174
SHP005373,DC0006,CUST0022,PRD0045,ocean,2025-08-30,2025-09-25,27,26,17303.91,268
SHP005374,DC0004,CUST0017,PRD0125,air,2026-08-26,2026-08-30,4,4,16098.72,45
SHP005375,DC0006,CUST0026,PRD0148,air,2026-03-17,2026-03-19,3,2,20340.86,85
SHP005376,DC0001,CUST0017,PRD0025,ocean,2025-02-23,2025-03-26,32,31,10930.13,136
SHP005377,DC0005,CUST0014,PRD0077,ocean,2025-07-20,2025-08-09,21,20,5797.25,119
SHP005378,DC0001,CUST0023,PRD0010,air,2025-12-10,2025-12-13,4,3,67457.98,197
SHP005379,DC0002,CUST0016,PRD0148,air,2025-02-04,2025-02-08,5,4,54947.17,116
SHP005380,DC0006,CUST0026,PRD0098,ocean,2026-02-19,2026-03-05,15,14,4562.73,143
SHP005381,DC0005,CUST0001,PRD0021,ocean,2025-05-12,2025-05-31,18,19,4534.9,109
SHP005382,DC0001,CUST0019,PRD0015,ocean,2025-12-14,2025-12-30,17,16,6559.08,176
SHP005383,DC0001,CUST0002,PRD0086,road,2026-03-06,2026-03-07,1,1,439.84,60
SHP005384,DC0004,CUST0004,PRD0090,ocean,2024-11-27,2024-12-19,23,22,10571.32,197
SHP005385,DC0004,CUST0011,PRD0112,road,2025-01-03,2025-01-04,1,1,1534.89,188
SHP005386,DC0004,CUST0017,PRD0107,ocean,2025-06-20,2025-07-10,20,20,3577.49,75
SHP005387,DC0006,CUST0022,PRD0031,ocean,2025-04-10,2025-05-07,27,27,5294.48,82
SHP005388,DC0004,CUST0020,PRD0059,road,2026-02-27,2026-02-28,1,1,785.53,141
SHP005389,DC0005,CUST0004,PRD0003,ocean,2026-03-04,2026-03-21,18,17,4757.28,118
SHP005390,DC0004,CUST0017,PRD0098,ocean,2025-09-25,2025-10-13,20,18,11161.78,234
SHP005391,DC0005,CUST0012,PRD0014,ocean,2025-06-06,2025-07-06,29,30,23370.79,330
SHP005392,DC0001,CUST0002,PRD0079,road,2026-01-29,2026-01-30,1,1,1480.79,202
SHP005393,DC0005,CUST0015,PRD0135,ocean,2025-08-14,2025-08-24,12,10,17244.17,671
SHP005394,DC0005,CUST0019,PRD0011,rail,2024-12-18,2024-12-25,7,7,16091.95,415
SHP005395,DC0005,CUST0029,PRD0082,ocean,2026-05-28,2026-06-16,16,19,7560.19,217
SHP005396,DC0002,CUST0024,PRD0139,rail,2024-09-12,2024-09-21,9,9,6748.1,132
SHP005397,DC0002,CUST0005,PRD0145,ocean,2026-07-09,2026-08-04,27,26,22259.16,342
SHP005398,DC0006,CUST0018,PRD0039,air,2025-07-26,2025-07-28,2,2,32831.75,182
SHP005399,DC0004,CUST0016,PRD0084,road,2026-01-09,2026-01-10,1,1,2534.6,237
SHP005400,DC0002,CUST0024,PRD0129,air,2026-08-03,2026-08-06,3,3,21164.49,92
SHP005401,DC0003,CUST0029,PRD0057,ocean,2026-01-12,2026-02-07,27,26,42497.4,646
SHP005402,DC0006,CUST0003,PRD0040,ocean,2024-10-03,2024-11-03,31,31,5803.67,77
SHP005403,DC0005,CUST0008,PRD0013,ocean,2026-07-02,2026-07-16,15,14,6999.98,212
SHP005404,DC0006,CUST0004,PRD0101,ocean,2025-12-10,2025-12-26,18,16,4086.07,101
SHP005405,DC0003,CUST0008,PRD0115,ocean,2026-07-30,2026-08-26,28,27,11574.11,168
SHP005406,DC0003,CUST0006,PRD0148,ocean,2025-07-14,2025-08-09,28,26,13721.38,202
SHP005407,DC0006,CUST0017,PRD0130,ocean,2026-07-02,2026-07-31,30,29,9651.74,129
SHP005408,DC0005,CUST0021,PRD0024,ocean,2026-05-20,2026-05-31,15,11,11932.63,372
SHP005409,DC0004,CUST0012,PRD0057,ocean,2025-05-05,2025-05-29,23,24,18113.44,329
SHP005410,DC0003,CUST0007,PRD0111,rail,2025-03-16,2025-03-23,8,7,5755.26,129
SHP005411,DC0002,CUST0017,PRD0075,ocean,2024-11-14,2024-12-19,36,35,53429.41,589
SHP005412,DC0002,CUST0018,PRD0101,ocean,2025-12-23,2026-01-17,25,25,20675.05,349
SHP005413,DC0003,CUST0002,PRD0038,air,2025-06-14,2025-06-15,2,1,36718.43,229
SHP005414,DC0004,CUST0024,PRD0034,air,2026-03-19,2026-03-22,4,3,128539.75,314
SHP005415,DC0001,CUST0002,PRD0087,road,2026-03-01,2026-03-02,1,1,645.1,88
SHP005416,DC0004,CUST0012,PRD0022,ocean,2026-02-19,2026-03-14,23,23,3138.19,57
SHP005417,DC0003,CUST0006,PRD0122,air,2025-11-05,2025-11-09,5,4,32095.8,63
SHP005418,DC0001,CUST0006,PRD0147,ocean,2025-01-23,2025-02-09,20,17,7004.94,152
SHP005419,DC0002,CUST0023,PRD0013,rail,2025-05-06,2025-05-11,7,5,8655.83,214
SHP005420,DC0001,CUST0007,PRD0141,air,2026-01-18,2026-01-20,3,2,19318.94,83
SHP005421,DC0002,CUST0018,PRD0103,ocean,2025-01-12,2025-02-06,25,25,15639.58,264
SHP005422,DC0004,CUST0017,PRD0068,ocean,2025-10-06,2025-10-25,20,19,14309.98,300
SHP005423,DC0004,CUST0018,PRD0022,road,2026-01-05,2026-01-06,1,1,4403.95,202
SHP005424,DC0004,CUST0024,PRD0103,ocean,2026-04-30,2026-05-23,23,23,11735.05,215
SHP005425,DC0005,CUST0013,PRD0129,air,2024-09-12,2024-09-13,2,1,31246.86,264
SHP005426,DC0005,CUST0009,PRD0112,ocean,2024-11-13,2024-12-03,18,20,3547.87,86
SHP005427,DC0005,CUST0010,PRD0034,ocean,2024-11-18,2024-12-12,26,24,6162.57,97
SHP005428,DC0002,CUST0026,PRD0035,ocean,2025-07-24,2025-08-21,27,28,28251.49,427
SHP005429,DC0005,CUST0030,PRD0124,air,2025-02-10,2025-02-13,3,3,49026.4,195
SHP005430,DC0004,CUST0012,PRD0144,ocean,2025-03-28,2025-04-20,23,23,5175.27,94
SHP005431,DC0002,CUST0022,PRD0051,ocean,2025-01-22,2025-02-22,32,31,12555.63,160
SHP005432,DC0002,CUST0008,PRD0125,ocean,2024-09-21,2024-10-19,28,28,15954.54,233
SHP005433,DC0002,CUST0030,PRD0102,ocean,2024-11-09,2024-12-06,27,27,26798.54,407
SHP005434,DC0001,CUST0019,PRD0147,ocean,2026-07-17,2026-08-02,17,16,7937.97,213
SHP005435,DC0004,CUST0029,PRD0051,rail,2025-12-24,2025-12-26,3,2,814.87,66
SHP005436,DC0004,CUST0006,PRD0144,ocean,2026-05-03,2026-05-08,7,5,1444.79,143
SHP005437,DC0005,CUST0026,PRD0135,rail,2026-07-26,2026-08-03,9,8,39745.15,751
SHP005438,DC0005,CUST0010,PRD0064,ocean,2025-12-11,2026-01-06,26,26,14485.22,228
SHP005439,DC0005,CUST0027,PRD0063,ocean,2026-01-31,2026-02-11,12,11,11434.53,449
SHP005440,DC0002,CUST0001,PRD0019,ocean,2024-11-30,2024-12-20,23,20,9845.77,184
SHP005441,DC0001,CUST0004,PRD0069,ocean,2026-05-18,2026-06-04,21,17,9535.83,195
SHP005442,DC0005,CUST0024,PRD0111,ocean,2024-12-07,2024-12-29,20,22,5674.95,119
SHP005443,DC0003,CUST0029,PRD0083,ocean,2025-12-24,2026-01-18,27,25,22432.84,341
SHP005444,DC0001,CUST0022,PRD0148,ocean,2026-06-19,2026-07-17,28,28,7325.53,108
SHP005445,DC0006,CUST0004,PRD0023,air,2025-10-19,2025-10-21,3,2,26701.08,88
SHP005446,DC0006,CUST0013,PRD0029,ocean,2026-08-07,2026-08-16,9,9,5119.76,329
SHP005447,DC0004,CUST0019,PRD0106,road,2026-06-16,2026-06-17,1,1,5361.03,233
SHP005448,DC0005,CUST0004,PRD0109,ocean,2026-01-22,2026-02-12,18,21,4676.65,116
SHP005449,DC0006,CUST0019,PRD0094,ocean,2025-03-06,2025-03-19,12,13,2694.83,115
SHP005450,DC0002,CUST0018,PRD0090,ocean,2025-08-09,2025-09-02,25,24,13329.19,225
SHP005451,DC0001,CUST0015,PRD0049,air,2026-07-15,2026-07-18,3,3,20702.47,70
SHP005452,DC0001,CUST0001,PRD0083,air,2025-12-11,2025-12-15,4,4,97149.31,264
SHP005453,DC0004,CUST0001,PRD0089,ocean,2026-07-05,2026-07-27,24,22,7046.89,125
SHP005454,DC0001,CUST0008,PRD0007,air,2025-03-23,2025-03-26,4,3,46595.44,132
SHP005455,DC0003,CUST0004,PRD0079,air,2025-07-10,2025-07-14,4,4,46922.06,112
SHP005456,DC0001,CUST0018,PRD0044,ocean,2026-06-21,2026-07-08,17,17,1324.26,35
SHP005457,DC0006,CUST0002,PRD0090,ocean,2026-03-16,2026-03-24,9,8,3208.38,188
SHP005458,DC0003,CUST0022,PRD0114,air,2025-04-26,2025-05-01,6,5,50253.6,86
SHP005459,DC0006,CUST0019,PRD0038,rail,2024-12-30,2025-01-05,7,6,3046.33,78
SHP005460,DC0006,CUST0014,PRD0113,ocean,2024-10-27,2024-11-17,21,21,18382.97,379
SHP005461,DC0004,CUST0030,PRD0012,road,2026-03-22,2026-03-24,1,2,1233.77,74
SHP005462,DC0004,CUST0028,PRD0060,ocean,2025-06-08,2025-07-12,35,34,16878.45,195
SHP005463,DC0002,CUST0028,PRD0052,ocean,2025-05-03,2025-05-19,13,16,3904.43,150
SHP005464,DC0005,CUST0029,PRD0096,ocean,2024-10-17,2024-10-30,16,13,3553.64,102
SHP005465,DC0004,CUST0015,PRD0040,rail,2026-07-29,2026-07-31,3,2,615.22,61
SHP005466,DC0003,CUST0022,PRD0022,air,2025-03-15,2025-03-21,6,6,54344.01,93
SHP005467,DC0005,CUST0018,PRD0029,air,2025-07-20,2025-07-22,2,2,100319.25,560
SHP005468,DC0005,CUST0009,PRD0014,ocean,2025-08-26,2025-09-14,18,19,3465.36,84
SHP005469,DC0005,CUST0026,PRD0063,ocean,2026-07-10,2026-07-23,15,13,2159.26,68
SHP005470,DC0006,CUST0012,PRD0038,ocean,2025-11-21,2025-12-18,29,27,10941.69,154
SHP005471,DC0002,CUST0006,PRD0074,ocean,2025-01-11,2025-02-09,28,29,8974.91,133
SHP005472,DC0006,CUST0020,PRD0004,ocean,2025-08-27,2025-09-14,14,18,14290.01,485
SHP005473,DC0001,CUST0027,PRD0088,ocean,2024-12-17,2025-01-03,17,17,10291.35,262
SHP005474,DC0004,CUST0018,PRD0029,road,2026-03-16,2026-03-17,1,1,4491.15,206
SHP005475,DC0003,CUST0030,PRD0079,ocean,2025-02-09,2025-03-07,27,26,12156.27,184
SHP005476,DC0006,CUST0015,PRD0116,ocean,2025-12-15,2025-12-28,12,13,11612.21,449
SHP005477,DC0006,CUST0030,PRD0121,ocean,2026-06-28,2026-07-14,15,16,13659.45,406
SHP005478,DC0003,CUST0016,PRD0006,ocean,2026-02-05,2026-03-05,26,28,5767.27,91
SHP005479,DC0004,CUST0018,PRD0085,rail,2024-11-17,2024-11-19,3,2,3306.59,273
SHP005480,DC0004,CUST0001,PRD0054,ocean,2024-10-26,2024-11-18,24,23,3946.26,70
SHP005481,DC0005,CUST0018,PRD0138,ocean,2025-10-23,2025-11-04,12,12,2006.38,84
SHP005482,DC0003,CUST0016,PRD0055,ocean,2025-03-04,2025-03-31,26,27,33209.36,524
SHP005483,DC0003,CUST0018,PRD0053,ocean,2025-07-24,2025-08-16,25,23,4057.96,68
SHP005484,DC0006,CUST0027,PRD0140,air,2026-06-16,2026-06-18,2,2,11534.23,60
SHP005485,DC0004,CUST0015,PRD0134,road,2024-12-21,2024-12-22,1,1,1833.55,101
SHP005486,DC0006,CUST0025,PRD0067,air,2025-12-12,2025-12-14,3,2,18723.51,87
SHP005487,DC0003,CUST0026,PRD0141,ocean,2026-07-13,2026-08-08,27,26,15096.69,227
SHP005488,DC0004,CUST0028,PRD0124,ocean,2025-12-30,2026-02-02,35,34,18696.13,216
SHP005489,DC0003,CUST0001,PRD0037,ocean,2025-03-16,2025-04-08,23,23,6254.67,115
SHP005490,DC0003,CUST0008,PRD0005,ocean,2026-01-25,2026-02-21,28,27,25215.03,366
SHP005491,DC0003,CUST0030,PRD0097,ocean,2026-06-22,2026-07-21,27,29,70823.5,1072
SHP005492,DC0005,CUST0016,PRD0150,air,2025-10-26,2025-10-28,3,2,51998.83,222
SHP005493,DC0003,CUST0016,PRD0135,ocean,2025-09-13,2025-10-09,26,26,3865.97,61
SHP005494,DC0002,CUST0021,PRD0012,ocean,2026-07-18,2026-08-11,28,24,8474.21,125
SHP005495,DC0001,CUST0012,PRD0066,ocean,2025-08-26,2025-09-30,35,35,14929.5,173
SHP005496,DC0006,CUST0018,PRD0044,ocean,2025-07-17,2025-07-29,12,12,2982.52,124
SHP005497,DC0004,CUST0004,PRD0016,ocean,2026-05-09,2026-05-29,23,20,14327.62,267
SHP005498,DC0004,CUST0030,PRD0073,road,2026-03-24,2026-03-25,1,1,3301.18,198
SHP005499,DC0002,CUST0005,PRD0052,air,2026-03-28,2026-04-01,5,4,125451.84,257
SHP005500,DC0005,CUST0016,PRD0070,ocean,2025-10-01,2025-10-11,14,10,20206.15,647
SHP005501,DC0004,CUST0021,PRD0014,air,2024-09-06,2024-09-07,2,1,18015.3,232
SHP005502,DC0003,CUST0020,PRD0120,ocean,2026-07-28,2026-08-20,26,23,38333.09,620
SHP005503,DC0003,CUST0008,PRD0003,ocean,2026-04-20,2026-05-18,28,28,10196.24,148
SHP005504,DC0001,CUST0026,PRD0018,ocean,2025-08-19,2025-09-07,19,19,13904.2,310
SHP005505,DC0003,CUST0002,PRD0100,ocean,2025-10-20,2025-10-31,11,11,1902.73,89
SHP005506,DC0002,CUST0030,PRD0070,ocean,2026-07-14,2026-08-12,27,29,47934.49,728
SHP005507,DC0004,CUST0030,PRD0093,rail,2025-05-22,2025-05-24,2,2,3019.6,326
SHP005508,DC0005,CUST0011,PRD0028,air,2026-01-12,2026-01-14,3,2,197029.69,874
SHP005509,DC0003,CUST0007,PRD0005,ocean,2025-06-21,2025-07-02,13,11,3560.23,133
SHP005510,DC0002,CUST0003,PRD0075,ocean,2025-12-07,2026-01-11,36,35,14826.42,165
SHP005511,DC0003,CUST0019,PRD0099,ocean,2026-08-01,2026-08-23,25,22,6088.25,103
SHP005512,DC0006,CUST0018,PRD0060,rail,2024-11-08,2024-11-15,7,7,20444.68,510
SHP005513,DC0004,CUST0027,PRD0098,road,2025-09-27,2025-09-28,1,1,4568.38,239
SHP005514,DC0002,CUST0009,PRD0131,ocean,2026-08-02,2026-08-24,23,22,15763.46,282
SHP005515,DC0001,CUST0030,PRD0026,ocean,2024-11-01,2024-11-19,20,18,11124.06,247
SHP005516,DC0001,CUST0009,PRD0081,ocean,2025-08-03,2025-08-25,21,22,9588.82,192
SHP005517,DC0006,CUST0023,PRD0125,air,2026-03-14,2026-03-18,4,4,120548.99,269
SHP005518,DC0001,CUST0015,PRD0137,air,2025-12-18,2025-12-21,3,3,39038.95,132
SHP005519,DC0001,CUST0017,PRD0023,ocean,2025-01-10,2025-02-11,32,32,63169.73,786
SHP005520,DC0002,CUST0025,PRD0048,air,2024-10-02,2024-10-06,5,4,96265.41,212
SHP005521,DC0004,CUST0030,PRD0051,road,2025-06-09,2025-06-10,1,1,6652.38,399
SHP005522,DC0005,CUST0030,PRD0129,air,2025-01-20,2025-01-23,3,3,52294.82,208
SHP005523,DC0005,CUST0011,PRD0118,ocean,2026-01-22,2026-02-06,14,15,3095.97,103
SHP005524,DC0002,CUST0007,PRD0144,ocean,2026-06-16,2026-06-25,13,9,11628.38,423
SHP005525,DC0004,CUST0014,PRD0006,ocean,2025-12-05,2025-12-29,24,24,18484.05,330
SHP005526,DC0002,CUST0029,PRD0011,air,2025-05-22,2025-05-27,5,5,59071.79,120
SHP005527,DC0006,CUST0008,PRD0064,air,2024-11-04,2024-11-06,3,2,150620.64,605
SHP005528,DC0001,CUST0029,PRD0136,ocean,2025-12-07,2025-12-26,20,19,42735.38,943
SHP005529,DC0001,CUST0009,PRD0079,air,2026-02-19,2026-02-23,4,4,21724.68,58
SHP005530,DC0001,CUST0001,PRD0086,ocean,2024-12-14,2025-01-04,21,21,2992.98,61
SHP005531,DC0006,CUST0029,PRD0126,air,2025-01-22,2025-01-25,3,3,40620.34,155
SHP005532,DC0003,CUST0021,PRD0101,ocean,2026-02-08,2026-03-09,28,29,16787.53,246
SHP005533,DC0001,CUST0020,PRD0041,air,2025-11-08,2025-11-10,3,2,84559.25,277
SHP005534,DC0002,CUST0004,PRD0005,air,2025-08-25,2025-08-29,4,4,63489.57,154
SHP005535,DC0002,CUST0029,PRD0089,ocean,2024-10-19,2024-11-13,27,25,3281.77,50
SHP005536,DC0005,CUST0023,PRD0091,ocean,2025-10-01,2025-10-26,25,25,23077.84,385
SHP005537,DC0001,CUST0013,PRD0091,road,2025-04-15,2025-04-16,1,1,2325.79,402
SHP005538,DC0001,CUST0001,PRD0078,air,2025-09-26,2025-09-29,4,3,11407.68,31
SHP005539,DC0003,CUST0003,PRD0061,air,2026-05-02,2026-05-07,6,5,352482.32,527
SHP005540,DC0002,CUST0013,PRD0129,rail,2025-07-27,2025-08-03,6,7,14640.89,423
SHP005541,DC0002,CUST0024,PRD0071,ocean,2026-08-27,2026-09-11,14,15,9539.36,311
SHP005542,DC0003,CUST0016,PRD0016,ocean,2024-09-30,2024-10-28,26,28,18822.86,297
SHP005543,DC0001,CUST0011,PRD0066,ocean,2024-10-14,2024-11-03,19,20,5638.15,133
SHP005544,DC0002,CUST0023,PRD0100,ocean,2026-03-29,2026-04-07,12,9,2621.02,108
SHP005545,DC0003,CUST0016,PRD0008,air,2024-10-05,2024-10-09,5,4,51810.4,109
SHP005546,DC0001,CUST0022,PRD0143,air,2024-11-28,2024-12-03,5,5,126670.57,249
SHP005547,DC0004,CUST0006,PRD0072,air,2026-04-12,2026-04-13,2,1,12957.62,171
SHP005548,DC0003,CUST0005,PRD0058,ocean,2026-01-01,2026-01-27,27,26,48760.6,745
SHP005549,DC0001,CUST0020,PRD0039,ocean,2025-08-02,2025-08-21,18,19,16077.45,395
SHP005550,DC0006,CUST0003,PRD0088,ocean,2026-01-09,2026-02-06,31,28,20802.77,276
SHP005551,DC0002,CUST0026,PRD0101,ocean,2026-05-31,2026-06-26,27,26,22363.01,338
SHP005552,DC0006,CUST0010,PRD0036,ocean,2024-12-21,2025-01-16,26,26,10358.21,163
SHP005553,DC0004,CUST0005,PRD0023,road,2025-10-29,2025-10-30,1,1,7022.31,415
SHP005554,DC0004,CUST0023,PRD0098,ocean,2026-07-07,2026-08-11,34,35,26013.21,306
SHP005555,DC0003,CUST0001,PRD0134,air,2024-09-30,2024-10-04,4,4,93004.21,228
SHP005556,DC0003,CUST0012,PRD0059,ocean,2024-12-15,2025-01-23,40,39,31332.46,310
SHP005557,DC0006,CUST0029,PRD0107,ocean,2025-12-22,2026-01-10,16,19,7722.23,221
SHP005558,DC0002,CUST0003,PRD0062,ocean,2025-08-12,2025-09-14,36,33,16713.41,186
SHP005559,DC0005,CUST0029,PRD0147,air,2026-07-02,2026-07-04,3,2,67675.89,259
SHP005560,DC0006,CUST0008,PRD0040,rail,2024-10-07,2024-10-16,9,9,15546.15,281
SHP005561,DC0004,CUST0020,PRD0110,road,2026-01-26,2026-01-27,1,1,651.82,117
SHP005562,DC0006,CUST0013,PRD0080,ocean,2024-12-07,2024-12-15,9,8,2178.62,140
SHP005563,DC0006,CUST0019,PRD0085,ocean,2025-01-07,2025-01-17,12,10,1780.93,76
SHP005564,DC0003,CUST0029,PRD0115,ocean,2024-10-10,2024-11-07,27,28,15196.44,231
SHP005565,DC0003,CUST0024,PRD0139,ocean,2025-04-15,2025-04-30,14,15,2511.99,84
SHP005566,DC0006,CUST0002,PRD0034,air,2026-04-03,2026-04-05,2,2,39934.08,312
SHP005567,DC0005,CUST0019,PRD0053,air,2025-08-01,2025-08-03,2,2,268018.23,1536
SHP005568,DC0006,CUST0012,PRD0036,air,2025-01-05,2025-01-10,5,5,70339.41,132
SHP005569,DC0006,CUST0006,PRD0149,rail,2025-11-07,2025-11-15,9,8,2024.26,38
SHP005570,DC0006,CUST0002,PRD0139,rail,2026-04-20,2026-04-25,5,5,15046.39,529
SHP005571,DC0004,CUST0021,PRD0052,ocean,2024-11-20,2024-11-26,7,6,983.59,95
SHP005572,DC0006,CUST0008,PRD0036,air,2025-08-30,2025-09-02,3,3,97592.22,392
SHP005573,DC0002,CUST0022,PRD0080,air,2026-04-07,2026-04-12,6,5,35901.24,61
SHP005574,DC0005,CUST0015,PRD0135,rail,2025-02-11,2025-02-18,7,7,16233.33,379
SHP005575,DC0001,CUST0012,PRD0035,ocean,2026-04-11,2026-05-15,35,34,29082.33,337
SHP005576,DC0001,CUST0013,PRD0111,road,2025-07-10,2025-07-11,1,1,682.69,118
SHP005577,DC0003,CUST0018,PRD0038,air,2026-04-16,2026-04-20,4,4,14769.8,33
SHP005578,DC0002,CUST0030,PRD0145,ocean,2026-08-18,2026-09-13,27,26,8032.98,122
SHP005579,DC0005,CUST0027,PRD0041,rail,2026-01-09,2026-01-15,7,6,24363.11,574
SHP005580,DC0006,CUST0013,PRD0082,ocean,2025-04-27,2025-05-07,9,10,2614.35,168
SHP005581,DC0003,CUST0026,PRD0018,ocean,2026-08-13,2026-09-09,27,27,26136.56,393
SHP005582,DC0003,CUST0003,PRD0143,ocean,2025-10-27,2025-11-30,36,34,3299.64,37
SHP005583,DC0006,CUST0007,PRD0137,ocean,2024-12-12,2024-12-29,19,17,16080.71,367
SHP005584,DC0002,CUST0027,PRD0031,ocean,2026-05-04,2026-05-28,25,24,12562.48,207
SHP005585,DC0006,CUST0025,PRD0048,ocean,2026-04-02,2026-04-15,14,13,8120.69,283
SHP005586,DC0001,CUST0006,PRD0082,ocean,2026-03-12,2026-04-02,20,21,3963.32,86
SHP005587,DC0001,CUST0030,PRD0038,air,2025-11-08,2025-11-11,4,3,18577.63,55
SHP005588,DC0002,CUST0029,PRD0008,air,2025-05-05,2025-05-10,5,5,80731.44,164
SHP005589,DC0006,CUST0012,PRD0082,air,2024-11-30,2024-12-06,5,6,331980.71,623
SHP005590,DC0006,CUST0023,PRD0106,air,2024-12-15,2024-12-18,4,3,25095.7,56
SHP005591,DC0001,CUST0021,PRD0106,air,2025-07-02,2025-07-05,4,3,77603.08,223
SHP005592,DC0003,CUST0009,PRD0078,ocean,2026-01-22,2026-02-15,24,24,18853.4,332
SHP005593,DC0002,CUST0004,PRD0114,air,2025-10-10,2025-10-13,4,3,49472.4,120
SHP005594,DC0005,CUST0029,PRD0071,air,2025-07-19,2025-07-21,3,2,41546.2,159
SHP005595,DC0002,CUST0019,PRD0039,ocean,2026-07-08,2026-08-03,25,26,8330.95,142
SHP005596,DC0003,CUST0010,PRD0049,ocean,2024-10-03,2024-11-02,31,30,3083.47,40
SHP005597,DC0004,CUST0014,PRD0028,ocean,2024-11-15,2024-12-08,24,23,7729.69,138
SHP005598,DC0006,CUST0030,PRD0034,rail,2026-05-12,2026-05-20,9,8,13177.22,235
SHP005599,DC0005,CUST0021,PRD0048,rail,2025-11-22,2025-11-28,9,6,25233.88,472
SHP005600,DC0005,CUST0010,PRD0007,ocean,2026-03-22,2026-04-15,26,24,9910.94,156
SHP005601,DC0004,CUST0011,PRD0069,rail,2024-09-15,2024-09-16,2,1,181.43,40
SHP005602,DC0001,CUST0012,PRD0146,ocean,2025-08-23,2025-09-24,35,32,6990.11,81
SHP005603,DC0005,CUST0026,PRD0060,ocean,2024-09-08,2024-09-23,15,15,8827.55,278
SHP005604,DC0001,CUST0002,PRD0060,road,2025-01-12,2025-01-13,1,1,542.47,74
SHP005605,DC0002,CUST0026,PRD0060,air,2024-11-07,2024-11-11,5,4,63020.01,127
SHP005606,DC0005,CUST0003,PRD0007,ocean,2025-12-21,2026-01-22,31,32,14460.46,192
SHP005607,DC0006,CUST0003,PRD0092,ocean,2026-06-09,2026-07-07,31,28,50122.61,665
SHP005608,DC0005,CUST0012,PRD0021,air,2025-07-03,2025-07-07,5,4,67987.74,128
SHP005609,DC0005,CUST0008,PRD0123,ocean,2026-04-13,2026-05-01,15,18,9509.41,288
SHP005610,DC0005,CUST0016,PRD0035,rail,2026-03-18,2026-03-27,9,9,12856.57,247
SHP005611,DC0006,CUST0022,PRD0129,ocean,2026-01-19,2026-02-14,27,26,11815.73,183
SHP005612,DC0002,CUST0014,PRD0121,ocean,2025-01-31,2025-02-14,14,14,8965.51,295
SHP005613,DC0005,CUST0019,PRD0096,rail,2025-12-12,2025-12-18,7,6,5040.85,130
SHP005614,DC0001,CUST0023,PRD0048,ocean,2025-09-18,2025-10-07,20,19,11459.87,251
SHP005615,DC0006,CUST0018,PRD0100,ocean,2025-06-30,2025-07-12,12,12,2501.47,104
SHP005616,DC0004,CUST0010,PRD0126,ocean,2026-07-17,2026-08-04,17,18,13999.33,357
SHP005617,DC0004,CUST0024,PRD0122,ocean,2025-11-21,2025-12-09,23,18,20577.28,377
SHP005618,DC0002,CUST0005,PRD0036,air,2024-10-01,2024-10-05,5,4,425657.61,872
SHP005619,DC0006,CUST0019,PRD0042,ocean,2025-01-12,2025-01-25,12,13,2390.19,102
SHP005620,DC0005,CUST0013,PRD0050,ocean,2025-09-01,2025-09-10,9,9,3929.53,249
SHP005621,DC0001,CUST0011,PRD0058,ocean,2026-07-25,2026-08-10,19,16,6655.56,157
SHP005622,DC0003,CUST0029,PRD0009,ocean,2025-12-03,2025-12-29,27,26,4539.2,69
SHP005623,DC0004,CUST0003,PRD0105,ocean,2026-03-26,2026-04-13,21,18,10282.99,212
SHP005624,DC0003,CUST0007,PRD0004,ocean,2025-05-14,2025-05-25,13,11,5541.11,207
SHP005625,DC0005,CUST0028,PRD0070,ocean,2024-09-07,2024-10-02,26,25,5197.79,84
SHP005626,DC0001,CUST0023,PRD0106,ocean,2025-02-22,2025-03-12,20,18,6209.33,136
SHP005627,DC0004,CUST0011,PRD0057,road,2024-11-28,2024-11-29,1,1,2106.4,258
SHP005628,DC0005,CUST0023,PRD0052,ocean,2025-09-23,2025-10-16,25,23,21459.4,358
SHP005629,DC0001,CUST0023,PRD0053,ocean,2024-11-12,2024-12-03,20,21,2511.13,55
SHP005630,DC0004,CUST0001,PRD0017,ocean,2025-05-24,2025-06-16,24,23,26609.07,472
SHP005631,DC0004,CUST0015,PRD0046,road,2026-03-10,2026-03-11,1,1,3376.64,186
SHP005632,DC0002,CUST0029,PRD0113,ocean,2025-09-30,2025-10-26,27,26,9779.66,149
SHP005633,DC0004,CUST0028,PRD0126,ocean,2025-02-10,2025-03-17,35,35,42325.96,489
SHP005634,DC0006,CUST0017,PRD0084,ocean,2026-03-17,2026-04-14,30,28,6135.21,82
SHP005635,DC0006,CUST0016,PRD0118,ocean,2025-12-26,2026-01-07,14,12,4137.21,132
SHP005636,DC0004,CUST0022,PRD0064,ocean,2025-03-23,2025-04-08,18,16,6729.86,168
SHP005637,DC0002,CUST0027,PRD0110,ocean,2025-01-22,2025-02-16,25,25,16203.77,267
SHP005638,DC0006,CUST0012,PRD0104,ocean,2026-04-05,2026-05-04,29,29,13428.43,189
SHP005639,DC0006,CUST0011,PRD0011,rail,2026-01-14,2026-01-22,9,8,17210.01,342
SHP005640,DC0004,CUST0012,PRD0098,ocean,2026-08-08,2026-09-01,23,24,17012.32,309
SHP005641,DC0004,CUST0010,PRD0081,ocean,2025-08-14,2025-08-30,17,16,40939.21,1044
SHP005642,DC0001,CUST0004,PRD0101,ocean,2025-01-10,2025-01-27,21,17,13692.47,280
SHP005643,DC0005,CUST0016,PRD0147,ocean,2026-01-03,2026-01-19,14,16,5527.8,177
SHP005644,DC0006,CUST0029,PRD0138,ocean,2024-10-05,2024-10-24,16,19,7512.58,215
SHP005645,DC0006,CUST0027,PRD0135,ocean,2025-12-16,2025-12-30,12,14,3152.69,123
SHP005646,DC0002,CUST0009,PRD0010,air,2025-03-29,2025-04-02,4,4,64563.11,154
SHP005647,DC0004,CUST0018,PRD0134,road,2025-07-16,2025-07-17,1,1,3270.26,150
SHP005648,DC0006,CUST0002,PRD0028,rail,2025-05-04,2025-05-09,5,5,2047.9,72
SHP005649,DC0001,CUST0017,PRD0116,air,2026-04-11,2026-04-16,6,5,165157.5,274
SHP005650,DC0004,CUST0008,PRD0117,ocean,2026-03-08,2026-03-15,7,7,1745.2,177
SHP005651,DC0004,CUST0001,PRD0011,air,2024-10-05,2024-10-08,4,3,64690.48,153
SHP005652,DC0005,CUST0017,PRD0063,ocean,2026-02-23,2026-03-23,30,28,6354.11,85
SHP005653,DC0004,CUST0003,PRD0133,ocean,2026-07-07,2026-07-31,21,24,11301.59,233
SHP005654,DC0004,CUST0004,PRD0138,air,2025-01-09,2025-01-13,4,4,59564.28,148
SHP005655,DC0003,CUST0016,PRD0102,air,2026-03-28,2026-04-02,5,5,90787.03,191
SHP005656,DC0004,CUST0011,PRD0011,road,2025-08-22,2025-08-23,1,1,3894.38,477
SHP005657,DC0004,CUST0001,PRD0143,air,2024-11-27,2024-11-30,4,3,52006.07,123
SHP005658,DC0006,CUST0028,PRD0100,ocean,2026-06-15,2026-07-11,26,26,10609.86,172
SHP005659,DC0005,CUST0026,PRD0133,ocean,2026-02-09,2026-02-26,15,17,4540.79,143
SHP005660,DC0003,CUST0018,PRD0013,air,2025-11-08,2025-11-11,4,3,97570.17,218
SHP005661,DC0006,CUST0009,PRD0049,air,2025-04-28,2025-04-30,3,2,93764.11,302
SHP005662,DC0004,CUST0009,PRD0075,ocean,2025-01-26,2025-02-18,23,23,17418.53,322
SHP005663,DC0003,CUST0013,PRD0113,rail,2026-01-08,2026-01-13,6,5,4112.37,116
SHP005664,DC0001,CUST0019,PRD0102,ocean,2025-04-28,2025-05-14,17,16,4285.76,115
SHP005665,DC0002,CUST0015,PRD0078,ocean,2026-03-23,2026-04-17,25,25,7057.51,116
SHP005666,DC0004,CUST0013,PRD0074,ocean,2025-04-28,2025-05-15,18,17,11821.56,289
SHP005667,DC0006,CUST0013,PRD0119,ocean,2024-11-14,2024-11-23,9,9,3096.76,199
SHP005668,DC0006,CUST0007,PRD0043,ocean,2026-02-21,2026-03-13,19,20,6265.78,143
SHP005669,DC0005,CUST0023,PRD0109,air,2026-05-28,2026-05-31,4,3,118686.05,264
SHP005670,DC0006,CUST0007,PRD0076,ocean,2025-06-03,2025-06-21,19,18,5301.81,121
SHP005671,DC0004,CUST0010,PRD0014,ocean,2025-02-11,2025-03-02,17,19,7725.12,197
SHP005672,DC0005,CUST0008,PRD0133,ocean,2025-08-11,2025-08-24,15,13,15882.03,481
SHP005673,DC0003,CUST0029,PRD0037,ocean,2025-08-21,2025-09-21,27,31,3683.99,56
SHP005674,DC0006,CUST0021,PRD0119,air,2026-06-12,2026-06-15,3,3,37984.83,157
SHP005675,DC0001,CUST0024,PRD0116,ocean,2024-12-18,2025-01-03,16,16,10460.82,299
SHP005676,DC0001,CUST0029,PRD0024,air,2026-07-09,2026-07-12,4,3,54042.36,159
SHP005677,DC0003,CUST0017,PRD0129,ocean,2025-07-31,2025-09-04,36,35,18732.28,208
SHP005678,DC0001,CUST0005,PRD0029,ocean,2025-06-12,2025-07-01,19,19,3760.58,86
SHP005679,DC0005,CUST0008,PRD0047,ocean,2024-12-12,2024-12-28,15,16,7495.26,227
SHP005680,DC0004,CUST0019,PRD0150,road,2026-02-08,2026-02-09,1,1,2116.8,92
SHP005681,DC0004,CUST0002,PRD0140,ocean,2025-12-06,2025-12-25,18,19,3671.3,92
SHP005682,DC0003,CUST0006,PRD0035,ocean,2026-08-13,2026-09-10,28,28,23367.1,344
SHP005683,DC0005,CUST0013,PRD0101,ocean,2025-01-28,2025-02-05,9,8,4481.87,284
SHP005684,DC0003,CUST0029,PRD0106,air,2024-12-05,2024-12-09,5,4,94731.05,192
SHP005685,DC0001,CUST0005,PRD0083,ocean,2026-01-19,2026-02-08,19,20,27504.73,629
SHP005686,DC0006,CUST0020,PRD0116,ocean,2024-10-17,2024-10-31,14,14,8603.47,292
SHP005687,DC0004,CUST0004,PRD0007,air,2024-12-12,2024-12-15,4,3,43868.29,109
SHP005688,DC0001,CUST0003,PRD0046,ocean,2026-05-15,2026-06-14,32,30,32778.22,408
SHP005689,DC0006,CUST0025,PRD0117,ocean,2025-08-02,2025-08-16,14,14,7231.15,252
SHP005690,DC0005,CUST0009,PRD0052,air,2025-01-06,2025-01-08,3,2,41769.98,135
SHP005691,DC0006,CUST0007,PRD0117,ocean,2025-05-11,2025-05-30,19,19,4644.56,106
SHP005692,DC0005,CUST0023,PRD0024,ocean,2026-06-09,2026-07-04,25,25,16664.0,278
SHP005693,DC0004,CUST0021,PRD0065,rail,2025-11-16,2025-11-20,4,4,1691.09,98
SHP005694,DC0002,CUST0008,PRD0083,ocean,2026-03-31,2026-04-27,28,27,16365.39,239
SHP005695,DC0003,CUST0024,PRD0042,rail,2025-12-11,2025-12-18,8,7,6180.3,124
SHP005696,DC0006,CUST0007,PRD0032,air,2025-11-21,2025-11-24,4,3,29247.61,89
SHP005697,DC0004,CUST0022,PRD0024,ocean,2025-01-05,2025-01-23,18,18,23955.11,598
SHP005698,DC0006,CUST0012,PRD0030,ocean,2026-08-09,2026-09-06,29,28,10373.29,146
SHP005699,DC0005,CUST0028,PRD0116,air,2026-05-17,2026-05-22,5,5,77966.85,168
SHP005700,DC0002,CUST0019,PRD0093,air,2024-11-05,2024-11-08,4,3,86242.91,196
SHP005701,DC0001,CUST0007,PRD0022,ocean,2026-05-19,2026-06-02,14,14,4996.55,161
SHP005702,DC0004,CUST0012,PRD0135,ocean,2025-08-25,2025-09-16,23,22,9579.75,174
SHP005703,DC0003,CUST0016,PRD0099,air,2026-08-27,2026-08-30,5,3,83657.16,176
SHP005704,DC0004,CUST0017,PRD0131,air,2025-11-07,2025-11-11,4,4,72265.38,202
SHP005705,DC0002,CUST0029,PRD0041,ocean,2026-05-04,2026-05-30,27,26,7482.43,114
SHP005706,DC0004,CUST0026,PRD0097,rail,2025-03-25,2025-03-26,2,1,1521.43,154
SHP005707,DC0006,CUST0004,PRD0141,ocean,2026-02-15,2026-03-03,18,16,1375.51,34
SHP005708,DC0005,CUST0015,PRD0098,ocean,2026-02-20,2026-03-03,12,11,3700.69,144
SHP005709,DC0001,CUST0025,PRD0012,ocean,2025-03-02,2025-03-19,18,17,9848.47,248
SHP005710,DC0005,CUST0014,PRD0044,air,2025-04-29,2025-05-03,4,4,95362.37,261
SHP005711,DC0001,CUST0026,PRD0086,air,2025-10-29,2025-11-01,4,3,90153.06,268
SHP005712,DC0004,CUST0006,PRD0145,rail,2026-06-13,2026-06-17,4,4,2020.68,120
SHP005713,DC0003,CUST0027,PRD0039,ocean,2025-11-07,2025-12-03,25,26,33731.92,552
SHP005714,DC0005,CUST0016,PRD0042,ocean,2024-12-21,2025-01-03,14,13,4934.42,158
SHP005715,DC0002,CUST0023,PRD0038,rail,2025-10-25,2025-11-02,7,8,17756.58,439
SHP005716,DC0005,CUST0012,PRD0046,ocean,2024-09-07,2024-10-07,29,30,6019.75,85
SHP005717,DC0001,CUST0025,PRD0014,ocean,2026-08-16,2026-09-02,18,17,8180.58,206
SHP005718,DC0005,CUST0029,PRD0108,rail,2024-10-03,2024-10-12,10,9,7838.91,135
SHP005719,DC0002,CUST0017,PRD0079,ocean,2025-08-11,2025-09-14,36,34,19775.23,218
SHP005720,DC0005,CUST0015,PRD0080,ocean,2026-03-16,2026-03-29,12,13,2801.21,109
SHP005721,DC0001,CUST0024,PRD0115,ocean,2024-09-28,2024-10-17,16,19,19137.34,547
SHP005722,DC0003,CUST0010,PRD0074,ocean,2025-09-24,2025-10-23,31,29,31065.98,403
SHP005723,DC0003,CUST0020,PRD0047,air,2025-08-17,2025-08-22,5,5,145140.21,313
SHP005724,DC0003,CUST0006,PRD0031,air,2026-04-06,2026-04-11,5,5,43813.31,86
SHP005725,DC0003,CUST0027,PRD0034,ocean,2026-04-23,2026-05-17,25,24,7027.48,115
SHP005726,DC0003,CUST0003,PRD0052,ocean,2025-07-29,2025-09-01,36,34,10969.09,123
SHP005727,DC0005,CUST0005,PRD0001,air,2025-02-25,2025-02-28,3,3,20753.66,91
SHP005728,DC0006,CUST0017,PRD0065,ocean,2025-10-14,2025-11-10,30,27,6359.67,85
SHP005729,DC0003,CUST0026,PRD0004,air,2024-09-13,2024-09-17,5,4,33917.67,68
SHP005730,DC0006,CUST0009,PRD0118,ocean,2026-02-17,2026-03-06,18,17,8900.35,215
SHP005731,DC0004,CUST0025,PRD0128,road,2026-07-25,2026-07-26,1,1,1282.12,206
SHP005732,DC0001,CUST0011,PRD0128,ocean,2024-12-09,2024-12-28,19,19,13650.25,322
SHP005733,DC0003,CUST0010,PRD0140,ocean,2025-04-06,2025-05-06,31,30,57275.5,743
SHP005734,DC0006,CUST0025,PRD0002,rail,2025-12-18,2025-12-26,8,8,3826.0,80
SHP005735,DC0001,CUST0007,PRD0127,air,2024-11-08,2024-11-10,3,2,16991.36,73
SHP005736,DC0005,CUST0026,PRD0061,air,2025-08-18,2025-08-20,3,2,65015.87,273
SHP005737,DC0003,CUST0030,PRD0056,ocean,2025-04-13,2025-05-12,27,29,14798.94,224
SHP005738,DC0004,CUST0012,PRD0122,air,2026-01-27,2026-01-30,4,3,77629.03,188
SHP005739,DC0002,CUST0021,PRD0117,ocean,2026-05-19,2026-06-14,28,26,9084.35,134
SHP005740,DC0005,CUST0026,PRD0105,ocean,2026-02-28,2026-03-10,15,10,3842.21,121
SHP005741,DC0006,CUST0012,PRD0114,ocean,2024-09-21,2024-10-18,29,27,14281.03,201
SHP005742,DC0006,CUST0010,PRD0021,ocean,2025-07-31,2025-08-26,26,26,32091.39,505
SHP005743,DC0006,CUST0014,PRD0002,ocean,2026-03-18,2026-04-09,21,22,7663.61,158
SHP005744,DC0004,CUST0001,PRD0063,ocean,2026-05-31,2026-06-26,24,26,24297.69,431
SHP005745,DC0001,CUST0009,PRD0141,ocean,2025-06-25,2025-07-17,21,22,3795.58,76
SHP005746,DC0006,CUST0025,PRD0072,rail,2026-03-31,2026-04-09,8,9,7317.23,153
SHP005747,DC0003,CUST0024,PRD0143,air,2025-05-30,2025-06-01,3,2,43062.76,192
SHP005748,DC0005,CUST0010,PRD0054,ocean,2025-08-07,2025-09-03,26,27,7369.67,116
SHP005749,DC0002,CUST0001,PRD0013,ocean,2025-12-07,2026-01-03,23,27,9203.65,172
SHP005750,DC0004,CUST0018,PRD0048,road,2026-05-21,2026-05-22,1,1,5690.25,261
SHP005751,DC0005,CUST0001,PRD0038,ocean,2024-10-25,2024-11-08,18,14,7696.85,185
SHP005752,DC0004,CUST0027,PRD0015,rail,2026-06-14,2026-06-16,3,2,1645.98,155
SHP005753,DC0002,CUST0016,PRD0090,ocean,2025-05-03,2025-05-26,26,23,11936.8,189
SHP005754,DC0003,CUST0001,PRD0010,ocean,2024-09-27,2024-10-20,23,23,8212.65,151
SHP005755,DC0003,CUST0027,PRD0038,ocean,2025-07-10,2025-08-06,25,27,36298.48,594
SHP005756,DC0002,CUST0004,PRD0009,ocean,2025-03-18,2025-04-11,23,24,7640.74,139
SHP005757,DC0002,CUST0014,PRD0148,ocean,2026-07-22,2026-08-05,14,14,19663.33,647
SHP005758,DC0006,CUST0009,PRD0077,ocean,2025-10-02,2025-10-18,18,16,11301.37,273
SHP005759,DC0002,CUST0013,PRD0085,ocean,2026-04-03,2026-04-13,11,10,3779.63,182
SHP005760,DC0004,CUST0028,PRD0023,ocean,2026-03-29,2026-05-05,35,37,39123.38,452
SHP005761,DC0003,CUST0014,PRD0013,rail,2024-11-01,2024-11-07,8,6,5229.31,106
SHP005762,DC0006,CUST0013,PRD0028,ocean,2026-06-05,2026-06-15,9,10,3905.96,251
SHP005763,DC0006,CUST0030,PRD0107,air,2026-02-20,2026-02-23,3,3,38354.11,152
SHP005764,DC0006,CUST0017,PRD0046,air,2024-10-13,2024-10-18,5,5,124574.79,222
SHP005765,DC0003,CUST0022,PRD0042,ocean,2026-07-22,2026-08-21,32,30,6934.22,89
SHP005766,DC0004,CUST0021,PRD0073,ocean,2026-01-06,2026-01-14,7,8,1501.28,145
SHP005767,DC0004,CUST0015,PRD0147,road,2026-06-10,2026-06-11,1,1,5645.89,311
SHP005768,DC0006,CUST0008,PRD0144,air,2024-11-23,2024-11-26,3,3,98588.06,396
SHP005769,DC0006,CUST0028,PRD0046,ocean,2025-05-27,2025-06-21,26,25,2467.41,40
SHP005770,DC0001,CUST0001,PRD0117,air,2025-11-27,2025-11-30,4,3,90157.5,245
SHP005771,DC0006,CUST0005,PRD0149,ocean,2025-05-27,2025-06-11,14,15,16260.91,532
SHP005772,DC0003,CUST0006,PRD0093,ocean,2025-01-09,2025-02-04,28,26,17389.47,256
SHP005773,DC0001,CUST0018,PRD0010,air,2025-10-14,2025-10-16,3,2,39160.4,138
SHP005774,DC0005,CUST0017,PRD0024,air,2024-10-22,2024-10-27,5,5,175485.57,313
SHP005775,DC0004,CUST0015,PRD0077,rail,2026-01-31,2026-02-02,3,2,2692.84,267
SHP005776,DC0004,CUST0014,PRD0083,air,2025-01-30,2025-02-02,4,3,82758.14,197
SHP005777,DC0003,CUST0022,PRD0095,ocean,2026-08-17,2026-09-19,32,33,14102.17,181
SHP005778,DC0003,CUST0020,PRD0098,air,2025-02-24,2025-02-28,5,4,64455.24,139
SHP005779,DC0006,CUST0003,PRD0018,air,2024-11-25,2024-11-30,5,5,13567.02,24
SHP005780,DC0004,CUST0010,PRD0110,ocean,2025-08-17,2025-09-02,17,16,3254.75,83
SHP005781,DC0002,CUST0017,PRD0141,air,2026-07-17,2026-07-23,6,6,273496.89,402
SHP005782,DC0004,CUST0020,PRD0017,road,2025-10-30,2025-10-31,1,1,423.41,76
SHP005783,DC0003,CUST0017,PRD0075,ocean,2026-08-01,2026-09-05,36,35,23775.59,264
SHP005784,DC0004,CUST0024,PRD0121,ocean,2025-02-03,2025-02-26,23,23,18776.08,344
SHP005785,DC0006,CUST0012,PRD0035,air,2026-02-26,2026-03-02,5,4,49557.31,93
SHP005786,DC0003,CUST0014,PRD0032,air,2025-02-14,2025-02-17,3,3,55721.77,251
SHP005787,DC0003,CUST0005,PRD0071,air,2025-05-18,2025-05-22,5,4,128610.17,262
SHP005788,DC0001,CUST0014,PRD0085,rail,2025-03-17,2025-03-27,10,10,46303.16,778
SHP005789,DC0004,CUST0009,PRD0135,air,2026-01-10,2026-01-14,4,4,124959.01,308
SHP005790,DC0005,CUST0014,PRD0106,ocean,2025-03-24,2025-04-15,21,22,13007.28,267
SHP005791,DC0003,CUST0015,PRD0135,ocean,2024-10-20,2024-11-15,25,26,13843.45,226
SHP005792,DC0005,CUST0007,PRD0054,ocean,2025-05-12,2025-05-29,19,17,8233.72,187
SHP005793,DC0004,CUST0022,PRD0054,ocean,2025-08-23,2025-09-09,18,17,7450.92,186
SHP005794,DC0002,CUST0011,PRD0015,air,2025-09-21,2025-09-24,5,3,80071.9,168
SHP005795,DC0002,CUST0007,PRD0028,air,2024-12-02,2024-12-04,3,2,18968.28,92
SHP005796,DC0002,CUST0019,PRD0147,ocean,2026-02-01,2026-02-24,25,23,9680.33,165
SHP005797,DC0004,CUST0030,PRD0136,road,2026-01-09,2026-01-10,1,1,2600.93,156
SHP005798,DC0001,CUST0023,PRD0023,air,2025-09-25,2025-09-30,4,5,82524.73,241
SHP005799,DC0005,CUST0003,PRD0124,ocean,2025-04-04,2025-05-06,31,32,22293.21,296
SHP005800,DC0001,CUST0022,PRD0074,ocean,2025-11-28,2025-12-29,28,31,6579.41,97
SHP005801,DC0001,CUST0028,PRD0110,ocean,2026-04-07,2026-04-28,20,21,2609.05,55
SHP005802,DC0006,CUST0013,PRD0082,rail,2026-07-22,2026-07-26,5,4,3397.61,131
SHP005803,DC0001,CUST0028,PRD0067,ocean,2026-04-14,2026-05-02,20,18,5645.04,119
SHP005804,DC0002,CUST0024,PRD0135,ocean,2026-07-19,2026-08-02,14,14,4232.9,138
SHP005805,DC0002,CUST0013,PRD0148,ocean,2024-10-21,2024-10-28,11,7,2388.23,115
SHP005806,DC0006,CUST0025,PRD0091,rail,2026-06-13,2026-06-22,8,9,12769.29,267
SHP005807,DC0003,CUST0011,PRD0034,ocean,2025-08-02,2025-08-29,26,27,9002.37,141
SHP005808,DC0006,CUST0011,PRD0145,rail,2024-11-01,2024-11-08,9,7,8705.65,173
SHP005809,DC0002,CUST0024,PRD0128,air,2026-06-17,2026-06-19,3,2,33357.07,145
SHP005810,DC0001,CUST0030,PRD0134,air,2025-04-01,2025-04-04,4,3,49990.71,148
SHP005811,DC0002,CUST0001,PRD0128,ocean,2026-07-30,2026-08-22,23,23,28841.67,539
SHP005812,DC0005,CUST0015,PRD0127,air,2024-11-22,2024-11-24,2,2,135691.82,704
SHP005813,DC0004,CUST0005,PRD0047,road,2025-03-23,2025-03-24,1,1,1641.36,97
SHP005814,DC0004,CUST0014,PRD0060,ocean,2026-01-23,2026-02-17,24,25,17979.94,321
SHP005815,DC0001,CUST0024,PRD0075,ocean,2025-08-30,2025-09-15,16,16,3498.6,100
SHP005816,DC0005,CUST0009,PRD0050,ocean,2026-06-01,2026-06-18,18,17,4950.52,120
SHP005817,DC0001,CUST0018,PRD0001,ocean,2025-09-17,2025-10-03,17,16,28074.41,742
SHP005818,DC0004,CUST0015,PRD0031,road,2025-12-03,2025-12-04,1,1,3249.57,179
SHP005819,DC0002,CUST0014,PRD0007,air,2025-04-04,2025-04-07,3,3,27808.26,122
SHP005820,DC0002,CUST0013,PRD0120,rail,2026-08-08,2026-08-12,6,4,8029.99,232
SHP005821,DC0001,CUST0023,PRD0031,ocean,2025-10-02,2025-10-20,20,18,20089.01,440
SHP005822,DC0006,CUST0008,PRD0054,rail,2024-12-08,2024-12-17,9,9,6583.6,119
SHP005823,DC0006,CUST0023,PRD0107,air,2025-05-13,2025-05-17,4,4,57809.74,129
SHP005824,DC0004,CUST0009,PRD0106,ocean,2025-07-23,2025-08-13,23,21,8925.64,165
SHP005825,DC0006,CUST0011,PRD0012,ocean,2025-12-16,2025-12-28,14,12,2143.7,71
SHP005826,DC0003,CUST0026,PRD0086,ocean,2025-04-03,2025-04-25,27,22,37242.93,560
SHP005827,DC0005,CUST0006,PRD0090,rail,2024-10-19,2024-10-29,9,10,7044.72,133
SHP005828,DC0003,CUST0025,PRD0144,air,2026-05-29,2026-06-02,5,4,58805.4,129
SHP005829,DC0003,CUST0027,PRD0055,ocean,2025-02-19,2025-03-15,25,24,10144.02,166
SHP005830,DC0005,CUST0017,PRD0003,ocean,2026-07-23,2026-08-21,30,29,13007.24,174
SHP005831,DC0002,CUST0008,PRD0052,ocean,2025-12-16,2026-01-13,28,28,2807.45,41
SHP005832,DC0003,CUST0016,PRD0073,ocean,2025-06-29,2025-07-24,26,25,15273.77,241
SHP005833,DC0006,CUST0008,PRD0066,ocean,2025-05-10,2025-05-23,15,13,1394.17,42
SHP005834,DC0006,CUST0004,PRD0018,ocean,2025-12-17,2026-01-04,18,18,7605.76,188
SHP005835,DC0006,CUST0002,PRD0079,air,2025-04-28,2025-04-29,2,1,11647.44,91
SHP005836,DC0001,CUST0027,PRD0077,air,2025-11-08,2025-11-11,3,3,101342.28,344
SHP005837,DC0006,CUST0025,PRD0130,rail,2026-01-22,2026-01-29,8,7,6552.03,137
SHP005838,DC0004,CUST0029,PRD0141,road,2026-05-08,2026-05-09,1,1,2400.18,108
SHP005839,DC0006,CUST0016,PRD0083,ocean,2025-07-24,2025-08-05,14,12,5359.56,171
SHP005840,DC0004,CUST0026,PRD0002,road,2025-04-12,2025-04-13,1,1,2080.6,117
SHP005841,DC0006,CUST0027,PRD0030,air,2024-12-08,2024-12-10,2,2,43637.83,227
SHP005842,DC0001,CUST0027,PRD0086,ocean,2026-03-31,2026-04-17,17,17,7109.67,181
SHP005843,DC0003,CUST0016,PRD0088,ocean,2025-01-06,2025-01-31,26,25,12295.07,194
SHP005844,DC0006,CUST0014,PRD0102,ocean,2025-03-11,2025-04-02,21,22,29829.88,615
SHP005845,DC0003,CUST0001,PRD0146,ocean,2025-08-21,2025-09-13,23,23,5438.84,100
SHP005846,DC0001,CUST0026,PRD0008,ocean,2026-08-09,2026-08-27,19,18,6862.4,153
SHP005847,DC0003,CUST0015,PRD0045,ocean,2026-03-16,2026-04-09,25,24,30075.82,491
SHP005848,DC0005,CUST0024,PRD0050,ocean,2024-10-08,2024-10-28,20,20,6676.41,140
SHP005849,DC0006,CUST0021,PRD0085,ocean,2025-05-18,2025-06-01,15,14,12290.63,381
SHP005850,DC0004,CUST0002,PRD0087,ocean,2025-08-01,2025-08-20,18,19,6624.3,166
SHP005851,DC0002,CUST0008,PRD0123,ocean,2025-01-02,2025-01-29,28,27,2328.13,34
SHP005852,DC0002,CUST0027,PRD0122,air,2026-07-06,2026-07-10,5,4,164768.7,362
SHP005853,DC0001,CUST0029,PRD0010,air,2026-02-02,2026-02-06,4,4,57441.25,169
SHP005854,DC0002,CUST0007,PRD0035,air,2025-03-30,2025-04-01,3,2,9484.14,46
SHP005855,DC0004,CUST0003,PRD0124,ocean,2026-08-11,2026-08-31,21,20,16200.57,334
SHP005856,DC0005,CUST0027,PRD0040,ocean,2026-05-06,2026-05-17,12,11,3132.4,123
SHP005857,DC0004,CUST0024,PRD0118,air,2026-01-20,2026-01-24,4,4,45848.57,112
SHP005858,DC0001,CUST0010,PRD0138,ocean,2025-12-31,2026-01-24,27,24,6477.92,97
SHP005859,DC0006,CUST0009,PRD0086,air,2024-12-24,2024-12-27,3,3,51228.74,165
SHP005860,DC0003,CUST0026,PRD0119,ocean,2025-02-23,2025-03-17,27,22,6650.52,100
SHP005861,DC0001,CUST0007,PRD0106,rail,2024-10-03,2024-10-11,9,8,4810.34,93
SHP005862,DC0002,CUST0028,PRD0015,air,2025-04-21,2025-04-23,3,2,37872.97,194
SHP005863,DC0001,CUST0029,PRD0134,air,2024-12-04,2024-12-06,4,2,28890.57,85
SHP005864,DC0004,CUST0026,PRD0077,rail,2025-03-12,2025-03-14,2,2,3102.13,314
SHP005865,DC0003,CUST0027,PRD0145,ocean,2025-01-15,2025-02-08,25,24,21387.99,350
SHP005866,DC0002,CUST0014,PRD0081,ocean,2025-10-17,2025-10-30,14,13,10363.52,341
SHP005867,DC0005,CUST0011,PRD0143,ocean,2024-09-29,2024-10-11,14,12,7424.31,247
SHP005868,DC0005,CUST0025,PRD0138,ocean,2025-04-22,2025-05-04,13,12,3716.4,130
SHP005869,DC0002,CUST0023,PRD0005,rail,2025-05-11,2025-05-17,7,6,8413.14,208
SHP005870,DC0003,CUST0026,PRD0054,ocean,2025-06-01,2025-06-28,27,27,16094.27,242
SHP005871,DC0006,CUST0022,PRD0148,air,2025-09-30,2025-10-04,5,4,170456.39,352
SHP005872,DC0004,CUST0001,PRD0085,air,2024-12-31,2025-01-04,4,4,92596.18,219
SHP005873,DC0005,CUST0009,PRD0091,air,2025-04-10,2025-04-12,3,2,14851.55,48
SHP005874,DC0004,CUST0023,PRD0017,ocean,2026-07-04,2026-08-07,34,34,14366.77,169
SHP005875,DC0003,CUST0018,PRD0039,ocean,2025-06-24,2025-07-20,25,26,4535.37,76
SHP005876,DC0001,CUST0029,PRD0072,ocean,2025-09-01,2025-09-22,20,21,2719.11,60
SHP005877,DC0006,CUST0011,PRD0008,rail,2024-12-18,2024-12-26,9,8,9762.4,194
SHP005878,DC0003,CUST0025,PRD0087,air,2025-08-02,2025-08-06,5,4,45585.58,100
SHP005879,DC0001,CUST0014,PRD0097,ocean,2025-04-24,2025-05-10,16,16,5035.02,141
SHP005880,DC0001,CUST0021,PRD0137,ocean,2024-09-07,2024-09-27,20,20,7145.52,154
SHP005881,DC0001,CUST0020,PRD0043,ocean,2026-02-22,2026-03-12,18,18,34230.72,841
SHP005882,DC0003,CUST0004,PRD0147,ocean,2026-08-13,2026-09-06,23,24,12177.39,218
SHP005883,DC0003,CUST0026,PRD0100,air,2025-05-02,2025-05-06,5,4,233433.37,468
SHP005884,DC0003,CUST0001,PRD0048,ocean,2026-01-29,2026-02-19,23,21,46719.66,859
SHP005885,DC0002,CUST0025,PRD0030,ocean,2025-08-14,2025-09-07,25,24,4601.37,76
SHP005886,DC0006,CUST0021,PRD0079,ocean,2025-04-02,2025-04-15,15,13,6032.41,187
SHP005887,DC0002,CUST0002,PRD0081,air,2026-07-21,2026-07-22,2,1,36769.41,233
SHP005888,DC0004,CUST0021,PRD0009,rail,2026-08-16,2026-08-17,4,1,5401.14,313
SHP005889,DC0002,CUST0017,PRD0070,ocean,2025-10-25,2025-11-28,36,34,63770.59,703
SHP005890,DC0006,CUST0021,PRD0106,ocean,2024-12-19,2024-12-31,15,12,10161.55,315
SHP005891,DC0006,CUST0006,PRD0023,rail,2025-10-19,2025-10-27,9,8,15927.74,299
SHP005892,DC0006,CUST0021,PRD0128,rail,2026-06-24,2026-07-02,9,8,4462.48,83
SHP005893,DC0005,CUST0007,PRD0061,ocean,2025-07-21,2025-08-09,19,19,7221.02,164
SHP005894,DC0001,CUST0010,PRD0096,ocean,2026-01-17,2026-02-14,27,28,6411.14,96
SHP005895,DC0003,CUST0028,PRD0116,ocean,2026-02-17,2026-02-27,12,10,1588.82,62
SHP005896,DC0005,CUST0007,PRD0078,air,2026-06-19,2026-06-22,4,3,125156.96,379
SHP005897,DC0006,CUST0004,PRD0056,ocean,2024-12-14,2025-01-01,18,18,7282.11,180
SHP005898,DC0004,CUST0004,PRD0135,ocean,2025-10-08,2025-10-30,23,22,13630.02,254
SHP005899,DC0005,CUST0015,PRD0078,ocean,2025-04-15,2025-04-26,12,11,1927.44,75
SHP005900,DC0006,CUST0009,PRD0045,air,2025-06-22,2025-06-24,3,2,35394.4,114
SHP005901,DC0003,CUST0023,PRD0029,rail,2026-05-07,2026-05-13,7,6,9721.18,244
SHP005902,DC0005,CUST0024,PRD0096,ocean,2025-07-24,2025-08-15,20,22,5436.5,114
SHP005903,DC0005,CUST0018,PRD0010,ocean,2024-11-10,2024-11-22,12,12,5732.53,240
SHP005904,DC0006,CUST0008,PRD0052,air,2024-10-13,2024-10-16,3,3,48298.19,194
SHP005905,DC0001,CUST0019,PRD0024,ocean,2025-12-13,2025-12-30,17,17,4285.76,115
SHP005906,DC0006,CUST0019,PRD0114,air,2025-11-01,2025-11-02,2,1,23023.19,131
SHP005907,DC0003,CUST0022,PRD0130,ocean,2025-02-12,2025-03-13,32,29,24308.72,312
SHP005908,DC0003,CUST0015,PRD0007,ocean,2026-07-15,2026-08-07,25,23,11577.05,189
SHP005909,DC0003,CUST0018,PRD0124,ocean,2025-03-24,2025-04-19,25,26,6564.35,110
SHP005910,DC0006,CUST0027,PRD0129,air,2024-09-20,2024-09-22,2,2,27105.44,141
SHP005911,DC0003,CUST0008,PRD0040,ocean,2025-09-29,2025-10-26,28,27,14329.85,208
SHP005912,DC0003,CUST0019,PRD0049,ocean,2025-07-24,2025-08-17,25,24,26835.61,454
SHP005913,DC0002,CUST0027,PRD0088,ocean,2026-01-04,2026-01-29,25,25,24821.51,409
SHP005914,DC0006,CUST0006,PRD0124,air,2024-11-06,2024-11-08,3,2,20136.07,84
SHP005915,DC0006,CUST0001,PRD0135,ocean,2025-09-10,2025-09-26,18,16,3296.63,79
SHP005916,DC0003,CUST0029,PRD0080,ocean,2025-01-23,2025-02-16,27,24,10196.75,155
SHP005917,DC0004,CUST0021,PRD0084,air,2025-04-22,2025-04-24,2,2,13045.56,168
SHP005918,DC0005,CUST0011,PRD0037,air,2025-11-17,2025-11-19,3,2,62896.21,279
SHP005919,DC0003,CUST0004,PRD0026,ocean,2026-07-20,2026-08-09,23,20,25527.83,457
SHP005920,DC0003,CUST0018,PRD0133,air,2026-06-25,2026-06-28,4,3,23721.19,53
SHP005921,DC0004,CUST0007,PRD0034,ocean,2025-05-24,2025-06-18,22,25,15555.2,294
SHP005922,DC0002,CUST0024,PRD0053,ocean,2024-12-20,2025-01-03,14,14,21133.82,689
SHP005923,DC0005,CUST0013,PRD0010,rail,2026-05-16,2026-05-21,5,5,2367.19,90
SHP005924,DC0001,CUST0016,PRD0118,ocean,2025-05-30,2025-06-17,19,18,22600.17,533
SHP005925,DC0001,CUST0017,PRD0100,ocean,2025-06-01,2025-07-01,32,30,50069.65,623
SHP005926,DC0005,CUST0007,PRD0134,air,2025-03-29,2025-04-02,4,4,164784.5,499
SHP005927,DC0005,CUST0025,PRD0030,rail,2025-05-17,2025-05-27,8,10,16009.09,336
SHP005928,DC0003,CUST0028,PRD0002,air,2026-08-14,2026-08-15,2,1,112818.84,587
SHP005929,DC0006,CUST0007,PRD0080,ocean,2026-05-31,2026-06-16,19,16,7492.65,171
SHP005930,DC0001,CUST0019,PRD0012,ocean,2024-11-06,2024-11-25,17,19,5664.66,152
SHP005931,DC0002,CUST0003,PRD0023,ocean,2026-02-14,2026-03-20,36,34,8716.13,97
SHP005932,DC0002,CUST0006,PRD0086,ocean,2025-07-23,2025-08-17,28,25,28611.74,424
SHP005933,DC0001,CUST0013,PRD0120,road,2026-08-25,2026-08-26,1,1,601.7,104
SHP005934,DC0001,CUST0013,PRD0012,road,2026-04-10,2026-04-11,1,1,2042.3,353
SHP005935,DC0001,CUST0017,PRD0027,air,2025-04-01,2025-04-07,6,6,159129.86,264
SHP005936,DC0004,CUST0019,PRD0134,rail,2026-04-11,2026-04-13,3,2,1955.74,153
SHP005937,DC0002,CUST0030,PRD0080,air,2026-08-09,2026-08-12,5,3,153581.32,311
SHP005938,DC0005,CUST0027,PRD0006,ocean,2025-07-08,2025-07-19,12,11,3412.53,134
SHP005939,DC0004,CUST0030,PRD0148,road,2026-06-16,2026-06-17,1,1,6052.17,363
SHP005940,DC0002,CUST0009,PRD0080,ocean,2024-12-14,2025-01-05,23,22,6372.46,114
SHP005941,DC0004,CUST0013,PRD0054,air,2025-11-04,2025-11-08,3,4,41109.57,134
SHP005942,DC0001,CUST0017,PRD0083,ocean,2024-11-05,2024-12-04,32,29,11894.55,148
SHP005943,DC0005,CUST0016,PRD0052,ocean,2025-02-01,2025-02-16,14,15,1467.83,47
SHP005944,DC0004,CUST0030,PRD0050,road,2025-08-14,2025-08-15,1,1,1717.28,103
SHP005945,DC0004,CUST0014,PRD0074,ocean,2026-05-26,2026-06-20,24,25,12322.7,220
SHP005946,DC0004,CUST0006,PRD0071,rail,2026-08-21,2026-08-25,4,4,4613.89,274
SHP005947,DC0004,CUST0004,PRD0137,air,2024-10-22,2024-10-27,4,5,101822.72,253
SHP005948,DC0005,CUST0008,PRD0082,air,2026-08-02,2026-08-04,3,2,10400.92,42
SHP005949,DC0003,CUST0010,PRD0113,air,2026-03-06,2026-03-11,5,5,136443.65,236
SHP005950,DC0005,CUST0028,PRD0031,air,2024-11-07,2024-11-12,5,5,75646.41,163
SHP005951,DC0001,CUST0019,PRD0070,ocean,2025-06-28,2025-07-14,17,16,3875.82,104
SHP005952,DC0002,CUST0029,PRD0039,air,2026-06-29,2026-07-03,5,4,100914.3,205
SHP005953,DC0001,CUST0008,PRD0041,ocean,2025-07-01,2025-07-20,20,19,6636.32,141
SHP005954,DC0002,CUST0017,PRD0071,ocean,2025-10-12,2025-11-14,36,33,21952.32,242
SHP005955,DC0006,CUST0007,PRD0030,ocean,2026-02-01,2026-02-23,19,22,1927.93,44
SHP005956,DC0006,CUST0014,PRD0004,ocean,2026-03-06,2026-03-27,21,21,36086.88,744
SHP005957,DC0003,CUST0025,PRD0144,air,2024-12-12,2024-12-17,5,5,28718.91,63
SHP005958,DC0002,CUST0020,PRD0132,ocean,2025-01-17,2025-02-11,26,25,8067.56,131
SHP005959,DC0002,CUST0021,PRD0027,ocean,2025-06-08,2025-07-06,28,28,19388.98,286
SHP005960,DC0005,CUST0003,PRD0053,ocean,2025-10-11,2025-11-09,31,29,13255.42,176
SHP005961,DC0006,CUST0001,PRD0139,ocean,2024-10-04,2024-10-22,18,18,4465.06,107
SHP005962,DC0002,CUST0008,PRD0090,ocean,2026-04-26,2026-05-26,28,30,25198.59,368
SHP005963,DC0002,CUST0028,PRD0141,ocean,2026-05-02,2026-05-13,13,11,2108.39,81
SHP005964,DC0005,CUST0027,PRD0082,ocean,2025-04-12,2025-04-25,12,13,9295.33,365
SHP005965,DC0005,CUST0009,PRD0070,ocean,2025-10-15,2025-11-02,18,18,4166.68,101
SHP005966,DC0001,CUST0008,PRD0037,ocean,2025-08-06,2025-08-25,20,19,8048.3,171
SHP005967,DC0005,CUST0007,PRD0073,ocean,2024-09-23,2024-10-13,19,20,22103.36,502
SHP005968,DC0005,CUST0006,PRD0147,rail,2024-09-05,2024-09-13,9,8,4396.33,83
SHP005969,DC0006,CUST0013,PRD0063,ocean,2025-03-13,2025-03-21,9,8,995.94,64
SHP005970,DC0001,CUST0011,PRD0044,ocean,2026-07-30,2026-08-16,19,17,3094.62,73
SHP005971,DC0004,CUST0018,PRD0019,road,2026-05-02,2026-05-03,1,1,1177.29,54
SHP005972,DC0002,CUST0004,PRD0080,ocean,2025-08-13,2025-09-04,23,22,12093.25,220
SHP005973,DC0002,CUST0003,PRD0087,ocean,2025-12-22,2026-01-25,36,34,2156.57,24
SHP005974,DC0006,CUST0017,PRD0139,ocean,2026-06-14,2026-07-15,30,31,7556.79,101
SHP005975,DC0005,CUST0017,PRD0114,ocean,2025-07-03,2025-08-04,30,32,8895.75,119
SHP005976,DC0005,CUST0010,PRD0013,air,2025-08-27,2025-08-31,5,4,150093.6,315
SHP005977,DC0006,CUST0025,PRD0034,rail,2026-01-16,2026-01-24,8,8,4686.85,98
SHP005978,DC0006,CUST0003,PRD0008,ocean,2025-02-28,2025-03-30,31,30,14396.12,191
SHP005979,DC0001,CUST0016,PRD0121,ocean,2024-11-29,2024-12-18,19,19,8777.18,207
SHP005980,DC0001,CUST0013,PRD0013,road,2025-03-24,2025-03-25,1,1,422.34,73
SHP005981,DC0005,CUST0016,PRD0028,rail,2026-08-26,2026-09-02,9,7,3279.21,63
SHP005982,DC0001,CUST0023,PRD0099,air,2024-10-22,2024-10-25,4,3,47597.25,139
SHP005983,DC0002,CUST0021,PRD0014,ocean,2026-02-27,2026-03-27,28,28,9830.08,145
SHP005984,DC0002,CUST0024,PRD0023,ocean,2025-10-30,2025-11-13,14,14,6962.81,227
SHP005985,DC0002,CUST0019,PRD0110,ocean,2025-10-19,2025-11-13,25,25,12203.08,208
SHP005986,DC0006,CUST0007,PRD0101,ocean,2026-05-27,2026-06-17,19,21,3899.68,89
SHP005987,DC0004,CUST0017,PRD0046,ocean,2025-12-03,2025-12-20,20,17,2957.39,62
SHP005988,DC0001,CUST0001,PRD0115,ocean,2025-08-15,2025-09-05,21,21,7163.54,146
SHP005989,DC0004,CUST0011,PRD0092,rail,2026-01-21,2026-01-23,2,2,1778.01,392
SHP005990,DC0005,CUST0007,PRD0080,ocean,2024-11-29,2024-12-17,19,18,9114.33,207
SHP005991,DC0005,CUST0025,PRD0086,air,2025-09-11,2025-09-13,3,2,55102.72,257
SHP005992,DC0002,CUST0015,PRD0051,air,2025-10-26,2025-10-31,5,5,47911.97,105
SHP005993,DC0004,CUST0024,PRD0137,ocean,2026-05-10,2026-06-01,23,22,14900.79,273
SHP005994,DC0001,CUST0001,PRD0021,air,2024-12-31,2025-01-03,4,3,39006.92,106
SHP005995,DC0005,CUST0012,PRD0120,ocean,2024-10-16,2024-11-14,29,29,45891.73,648
SHP005996,DC0004,CUST0027,PRD0146,rail,2025-04-24,2025-04-27,3,3,1985.79,187
SHP005997,DC0006,CUST0028,PRD0034,ocean,2026-06-03,2026-06-28,26,25,7340.54,119
SHP005998,DC0004,CUST0002,PRD0024,air,2024-12-11,2024-12-13,3,2,41900.67,140
SHP005999,DC0005,CUST0021,PRD0120,ocean,2024-12-31,2025-01-14,15,14,3271.85,102
SHP006000,DC0003,CUST0003,PRD0025,ocean,2025-03-20,2025-04-28,36,39,2764.57,31
SHP006001,DC0004,CUST0027,PRD0117,rail,2025-07-05,2025-07-08,3,3,3865.39,364
SHP006002,DC0005,CUST0005,PRD0080,ocean,2026-06-28,2026-07-15,14,17,4804.51,158
SHP006003,DC0001,CUST0012,PRD0120,ocean,2025-05-20,2025-06-24,35,35,17518.43,203
SHP006004,DC0006,CUST0022,PRD0121,air,2025-04-02,2025-04-07,5,5,45035.35,93
SHP006005,DC0004,CUST0025,PRD0060,road,2025-09-23,2025-09-25,1,2,1319.46,212
SHP006006,DC0003,CUST0013,PRD0058,rail,2026-07-15,2026-07-19,6,4,18328.41,517
SHP006007,DC0004,CUST0005,PRD0037,road,2025-09-12,2025-09-13,1,1,1404.46,83
SHP006008,DC0005,CUST0021,PRD0067,ocean,2026-03-14,2026-03-31,15,17,3271.85,102
SHP006009,DC0001,CUST0021,PRD0094,ocean,2025-01-15,2025-02-05,20,21,8723.1,188
SHP006010,DC0006,CUST0018,PRD0101,air,2024-11-11,2024-11-12,2,1,29043.47,161
SHP006011,DC0004,CUST0014,PRD0047,ocean,2026-03-04,2026-03-26,24,22,28230.19,504
SHP006012,DC0004,CUST0013,PRD0085,ocean,2025-10-03,2025-10-20,18,17,9040.01,221
SHP006013,DC0001,CUST0018,PRD0084,ocean,2026-05-30,2026-06-18,17,19,7264.54,192
SHP006014,DC0005,CUST0001,PRD0117,air,2026-04-27,2026-04-29,3,2,134486.87,431
SHP006015,DC0006,CUST0027,PRD0125,ocean,2026-01-14,2026-01-25,12,11,16942.5,661
SHP006016,DC0005,CUST0012,PRD0008,air,2025-04-10,2025-04-14,5,4,71705.82,135
SHP006017,DC0006,CUST0027,PRD0017,air,2026-01-14,2026-01-15,2,1,29220.04,152
SHP006018,DC0003,CUST0023,PRD0122,ocean,2026-01-16,2026-01-29,12,13,3059.78,128
SHP006019,DC0005,CUST0006,PRD0029,ocean,2024-11-12,2024-11-25,15,13,11313.93,356
SHP006020,DC0002,CUST0012,PRD0090,air,2025-10-30,2025-11-06,7,7,129979.3,173
SHP006021,DC0002,CUST0005,PRD0123,ocean,2026-04-24,2026-05-21,27,27,19525.58,300
SHP006022,DC0006,CUST0020,PRD0119,ocean,2024-09-13,2024-09-29,14,16,7071.34,240
SHP006023,DC0004,CUST0013,PRD0044,ocean,2025-09-15,2025-09-29,18,14,2331.59,57
SHP006024,DC0005,CUST0002,PRD0073,ocean,2025-06-01,2025-06-09,9,8,4669.64,270
SHP006025,DC0001,CUST0003,PRD0090,air,2025-08-22,2025-08-27,6,5,154852.97,257
SHP006026,DC0006,CUST0014,PRD0148,ocean,2025-05-09,2025-05-30,21,21,4607.87,95
SHP006027,DC0001,CUST0019,PRD0033,ocean,2026-06-27,2026-07-12,17,15,8087.04,217
SHP006028,DC0004,CUST0006,PRD0131,air,2024-11-17,2024-11-18,2,1,22278.01,294
SHP006029,DC0003,CUST0023,PRD0027,air,2024-12-25,2024-12-27,2,2,51095.96,285
SHP006030,DC0003,CUST0024,PRD0104,ocean,2025-02-11,2025-02-23,14,12,2272.76,76
SHP006031,DC0006,CUST0029,PRD0028,air,2025-01-18,2025-01-21,3,3,134440.22,513
SHP006032,DC0001,CUST0018,PRD0084,ocean,2026-06-17,2026-07-03,17,16,9118.51,241
SHP006033,DC0005,CUST0006,PRD0143,ocean,2025-11-23,2025-12-07,15,14,3718.34,117
SHP006034,DC0005,CUST0008,PRD0019,air,2026-04-30,2026-05-02,3,2,21297.11,86
SHP006035,DC0002,CUST0012,PRD0078,air,2025-09-20,2025-09-26,7,6,61608.69,82
SHP006036,DC0006,CUST0014,PRD0137,ocean,2025-09-25,2025-10-16,21,21,9409.75,194
SHP006037,DC0003,CUST0018,PRD0119,air,2025-10-09,2025-10-12,4,3,92199.33,206
SHP006038,DC0003,CUST0003,PRD0103,ocean,2026-03-07,2026-04-13,36,37,7134.37,80
SHP006039,DC0001,CUST0002,PRD0106,road,2024-11-25,2024-11-26,1,1,1620.08,221
SHP006040,DC0002,CUST0016,PRD0062,ocean,2025-08-04,2025-08-28,26,24,5810.5,92
SHP006041,DC0006,CUST0017,PRD0063,air,2024-10-29,2024-11-02,5,4,106056.92,189
SHP006042,DC0002,CUST0015,PRD0141,ocean,2026-04-21,2026-05-19,25,28,11924.76,196
SHP006043,DC0001,CUST0015,PRD0041,ocean,2026-07-06,2026-07-22,17,16,3627.86,92
SHP006044,DC0001,CUST0006,PRD0124,ocean,2025-08-18,2025-09-05,20,18,12765.58,277
SHP006045,DC0003,CUST0018,PRD0099,ocean,2025-04-18,2025-05-11,25,23,5669.21,95
SHP006046,DC0005,CUST0003,PRD0017,ocean,2025-05-25,2025-06-23,31,29,21690.69,288
SHP006047,DC0006,CUST0012,PRD0088,ocean,2026-04-20,2026-05-18,29,28,7176.04,101
SHP006048,DC0001,CUST0004,PRD0054,ocean,2026-06-11,2026-07-02,21,21,5428.09,111
SHP006049,DC0002,CUST0021,PRD0111,ocean,2025-11-11,2025-12-07,28,26,16270.47,240
SHP006050,DC0005,CUST0012,PRD0112,ocean,2026-03-12,2026-04-09,29,28,26628.53,376
SHP006051,DC0002,CUST0026,PRD0146,air,2025-05-10,2025-05-15,5,5,87831.04,177
SHP006052,DC0004,CUST0017,PRD0088,ocean,2026-02-01,2026-02-19,20,18,4483.79,94
SHP006053,DC0002,CUST0030,PRD0140,ocean,2024-09-24,2024-10-19,27,25,21991.92,334
SHP006054,DC0001,CUST0004,PRD0061,ocean,2026-04-18,2026-05-11,21,23,29292.11,599
SHP006055,DC0002,CUST0019,PRD0045,air,2025-02-12,2025-02-15,4,3,68642.31,156
SHP006056,DC0005,CUST0003,PRD0020,ocean,2026-05-19,2026-06-19,31,31,29674.07,394
SHP006057,DC0001,CUST0015,PRD0147,ocean,2024-12-16,2024-12-31,17,15,4574.26,116
SHP006058,DC0002,CUST0002,PRD0125,rail,2025-02-15,2025-02-20,6,5,12274.0,350
SHP006059,DC0005,CUST0018,PRD0030,air,2024-12-03,2024-12-04,2,1,13077.33,73
SHP006060,DC0003,CUST0016,PRD0119,ocean,2024-12-07,2025-01-01,26,25,20407.28,322
SHP006061,DC0003,CUST0010,PRD0084,air,2024-10-31,2024-11-04,5,4,44517.63,77
SHP006062,DC0003,CUST0021,PRD0143,ocean,2026-01-18,2026-02-15,28,28,17674.67,259
SHP006063,DC0005,CUST0027,PRD0025,air,2026-03-27,2026-03-28,2,1,79647.01,417
SHP006064,DC0006,CUST0026,PRD0114,ocean,2024-10-30,2024-11-10,15,11,3095.0,97
SHP006065,DC0006,CUST0017,PRD0046,ocean,2026-03-20,2026-04-19,30,30,22670.37,303
SHP006066,DC0006,CUST0030,PRD0079,ocean,2026-03-07,2026-03-21,15,14,18773.33,558
SHP006067,DC0004,CUST0019,PRD0104,rail,2024-10-04,2024-10-06,3,2,332.35,26
SHP006068,DC0006,CUST0014,PRD0018,ocean,2024-11-21,2024-12-11,21,20,10088.8,208
SHP006069,DC0001,CUST0009,PRD0028,ocean,2026-04-02,2026-04-20,21,18,34709.55,695
SHP006070,DC0004,CUST0011,PRD0098,road,2025-09-11,2025-09-12,1,1,1763.49,216
SHP006071,DC0003,CUST0021,PRD0084,air,2024-10-17,2024-10-21,5,4,79331.29,155
SHP006072,DC0006,CUST0004,PRD0127,ocean,2024-11-29,2024-12-18,18,19,11368.19,281
SHP006073,DC0002,CUST0021,PRD0016,air,2025-03-06,2025-03-11,5,5,32032.5,63
SHP006074,DC0006,CUST0023,PRD0024,ocean,2024-10-22,2024-11-18,25,27,1613.3,27
SHP006075,DC0004,CUST0012,PRD0056,ocean,2026-01-01,2026-01-24,23,23,5670.77,103
SHP006076,DC0003,CUST0028,PRD0036,air,2026-03-05,2026-03-06,2,1,68806.04,358
SHP006077,DC0006,CUST0028,PRD0149,ocean,2026-03-26,2026-04-19,26,24,24612.41,399
SHP006078,DC0005,CUST0030,PRD0001,air,2026-07-03,2026-07-05,3,2,30170.09,120
SHP006079,DC0001,CUST0018,PRD0038,air,2025-01-31,2025-02-02,3,2,45687.13,161
SHP006080,DC0002,CUST0022,PRD0039,air,2026-06-20,2026-06-26,6,6,76510.85,130
SHP006081,DC0001,CUST0008,PRD0116,ocean,2025-01-16,2025-02-03,20,18,21932.8,466
SHP006082,DC0005,CUST0027,PRD0137,ocean,2025-05-17,2025-05-29,12,12,1273.33,50
SHP006083,DC0001,CUST0025,PRD0075,ocean,2024-11-08,2024-11-24,18,16,1469.33,37
SHP006084,DC0002,CUST0021,PRD0100,ocean,2026-05-11,2026-06-07,28,27,23524.39,347
SHP006085,DC0002,CUST0025,PRD0148,ocean,2026-07-19,2026-08-13,25,25,4298.64,71
SHP006086,DC0003,CUST0020,PRD0115,ocean,2026-07-24,2026-08-20,26,27,20526.75,332
SHP006087,DC0005,CUST0004,PRD0051,ocean,2025-05-14,2025-06-03,18,20,13667.11,339
SHP006088,DC0004,CUST0017,PRD0053,ocean,2024-12-29,2025-01-15,20,17,3863.69,81
SHP006089,DC0001,CUST0013,PRD0082,road,2025-09-02,2025-09-03,1,1,352.92,61
SHP006090,DC0002,CUST0009,PRD0077,air,2026-02-14,2026-02-18,4,4,99779.35,238
SHP006091,DC0003,CUST0026,PRD0146,ocean,2025-02-26,2025-03-23,27,25,16892.33,254
SHP006092,DC0002,CUST0013,PRD0078,rail,2025-10-22,2025-10-26,6,4,9449.09,273
SHP006093,DC0006,CUST0020,PRD0112,ocean,2024-11-14,2024-11-29,14,15,5745.47,195
SHP006094,DC0006,CUST0018,PRD0089,ocean,2025-10-28,2025-11-06,12,9,7648.72,318
SHP006095,DC0003,CUST0007,PRD0023,ocean,2024-09-14,2024-09-27,13,13,8405.36,314
SHP006096,DC0001,CUST0019,PRD0150,air,2025-02-08,2025-02-11,3,3,35217.77,126
SHP006097,DC0006,CUST0006,PRD0003,rail,2025-01-21,2025-01-29,9,8,37022.68,695
SHP006098,DC0003,CUST0023,PRD0131,ocean,2025-03-27,2025-04-04,12,8,4804.81,201
SHP006099,DC0003,CUST0015,PRD0104,ocean,2026-06-20,2026-07-13,25,23,16538.64,270
SHP006100,DC0001,CUST0005,PRD0033,air,2025-09-28,2025-10-02,4,4,27876.41,85
SHP006101,DC0002,CUST0019,PRD0076,ocean,2026-08-11,2026-09-03,25,23,8800.3,150
SHP006102,DC0004,CUST0008,PRD0016,ocean,2024-11-14,2024-11-19,7,5,2967.83,301
SHP006103,DC0001,CUST0006,PRD0095,air,2025-02-06,2025-02-09,4,3,48735.02,141
SHP006104,DC0006,CUST0007,PRD0141,air,2025-09-05,2025-09-09,4,4,81498.96,248
SHP006105,DC0002,CUST0029,PRD0014,ocean,2026-01-30,2026-02-25,27,26,13389.6,204
SHP006106,DC0004,CUST0020,PRD0001,road,2025-05-28,2025-05-29,1,1,958.24,172
SHP006107,DC0001,CUST0027,PRD0144,air,2025-11-05,2025-11-07,3,2,54500.94,185
SHP006108,DC0002,CUST0020,PRD0092,ocean,2025-07-20,2025-08-14,26,25,10469.35,170
SHP006109,DC0002,CUST0010,PRD0029,ocean,2026-07-31,2026-09-01,31,32,25463.76,328
SHP006110,DC0001,CUST0020,PRD0073,ocean,2025-01-13,2025-02-01,18,19,3215.49,79
SHP006111,DC0006,CUST0025,PRD0008,rail,2025-05-19,2025-05-27,8,8,8512.86,178
SHP006112,DC0004,CUST0026,PRD0061,road,2025-06-06,2025-06-07,1,1,11416.62,642
SHP006113,DC0003,CUST0023,PRD0111,rail,2025-02-06,2025-02-12,7,6,6015.98,151
SHP006114,DC0002,CUST0028,PRD0101,rail,2025-02-16,2025-02-25,8,9,25986.15,599
SHP006115,DC0001,CUST0002,PRD0082,rail,2024-11-24,2024-11-25,2,1,1339.88,329
SHP006116,DC0006,CUST0011,PRD0098,ocean,2026-08-19,2026-09-04,14,16,11111.02,368
SHP006117,DC0004,CUST0002,PRD0104,ocean,2024-12-02,2024-12-15,18,13,7582.03,190
SHP006118,DC0004,CUST0017,PRD0098,ocean,2024-11-23,2024-12-13,20,20,7154.99,150
SHP006119,DC0003,CUST0006,PRD0112,air,2024-12-11,2024-12-16,5,5,124307.53,244
SHP006120,DC0001,CUST0005,PRD0140,ocean,2026-03-11,2026-03-30,19,19,5597.15,128
SHP006121,DC0006,CUST0018,PRD0055,air,2026-01-28,2026-01-29,2,1,14972.72,83
SHP006122,DC0006,CUST0016,PRD0045,air,2025-10-13,2025-10-15,3,2,39021.39,166
SHP006123,DC0001,CUST0024,PRD0122,ocean,2024-10-03,2024-10-19,16,16,16933.23,484
SHP006124,DC0005,CUST0017,PRD0036,air,2025-04-30,2025-05-05,5,5,64475.53,115
SHP006125,DC0004,CUST0017,PRD0049,ocean,2024-11-27,2024-12-15,20,18,3386.69,71
SHP006126,DC0004,CUST0010,PRD0143,ocean,2025-03-28,2025-04-15,17,18,20940.17,534
SHP006127,DC0006,CUST0005,PRD0099,ocean,2025-11-13,2025-11-27,14,14,11614.94,380
SHP006128,DC0001,CUST0006,PRD0093,ocean,2025-04-18,2025-05-07,20,19,12719.49,276
SHP006129,DC0002,CUST0030,PRD0107,air,2026-08-13,2026-08-16,5,3,189137.12,383
SHP006130,DC0006,CUST0012,PRD0040,ocean,2025-07-23,2025-08-21,29,29,24156.97,340
SHP006131,DC0001,CUST0009,PRD0074,air,2025-10-11,2025-10-14,4,3,99259.32,265
SHP006132,DC0001,CUST0005,PRD0033,ocean,2025-04-02,2025-04-22,19,20,23525.5,538
SHP006133,DC0004,CUST0024,PRD0035,ocean,2026-05-17,2026-06-10,23,24,7095.61,130
SHP006134,DC0003,CUST0014,PRD0003,rail,2025-01-19,2025-01-26,8,7,7449.3,151
SHP006135,DC0004,CUST0030,PRD0019,rail,2024-10-24,2024-10-26,2,2,2389.74,258
SHP006136,DC0001,CUST0016,PRD0005,ocean,2026-05-07,2026-05-30,19,23,8861.98,209
SHP006137,DC0003,CUST0022,PRD0037,ocean,2025-08-15,2025-09-15,32,31,23685.42,304
SHP006138,DC0003,CUST0016,PRD0125,air,2026-01-10,2026-01-15,5,5,451558.54,950
SHP006139,DC0001,CUST0009,PRD0112,ocean,2025-01-12,2025-01-31,21,19,7491.27,150
SHP006140,DC0006,CUST0027,PRD0035,air,2026-08-30,2026-09-01,2,2,7497.25,39
SHP006141,DC0003,CUST0001,PRD0022,air,2025-08-26,2025-08-29,4,3,124005.61,304
SHP006142,DC0005,CUST0022,PRD0036,air,2024-11-19,2024-11-23,5,4,121514.46,251
SHP006143,DC0001,CUST0024,PRD0107,air,2025-07-19,2025-07-21,3,2,15218.91,58
SHP006144,DC0004,CUST0029,PRD0117,road,2025-12-26,2025-12-27,1,1,2244.61,101
SHP006145,DC0006,CUST0023,PRD0109,ocean,2024-11-04,2024-11-27,25,23,3883.86,65
SHP006146,DC0001,CUST0018,PRD0047,ocean,2024-12-17,2025-01-02,17,16,11577.86,306
SHP006147,DC0001,CUST0012,PRD0117,air,2025-06-21,2025-06-26,6,5,381867.34,590
SHP006148,DC0001,CUST0017,PRD0131,ocean,2025-11-06,2025-12-07,32,31,11894.55,148
SHP006149,DC0006,CUST0012,PRD0109,ocean,2024-11-16,2024-12-18,29,32,4973.49,70
SHP006150,DC0002,CUST0016,PRD0142,ocean,2026-07-07,2026-08-01,26,25,34610.4,548
SHP006151,DC0003,CUST0017,PRD0116,ocean,2026-08-14,2026-09-19,36,36,7474.9,83
SHP006152,DC0001,CUST0013,PRD0099,rail,2024-10-20,2024-10-21,1,1,745.69,232
SHP006153,DC0003,CUST0016,PRD0091,ocean,2026-08-13,2026-09-08,26,26,23385.98,369
SHP006154,DC0003,CUST0008,PRD0058,air,2025-05-07,2025-05-11,5,4,83705.63,162
SHP006155,DC0005,CUST0009,PRD0048,air,2025-11-09,2025-11-11,3,2,12995.1,42
SHP006156,DC0005,CUST0021,PRD0109,ocean,2026-08-24,2026-09-07,15,14,7473.93,233
SHP006157,DC0004,CUST0002,PRD0002,air,2024-12-02,2024-12-04,3,2,25439.69,85
SHP006158,DC0003,CUST0008,PRD0148,ocean,2026-05-05,2026-06-02,28,28,7027.14,102
SHP006159,DC0002,CUST0021,PRD0128,ocean,2026-02-12,2026-03-12,28,28,13762.11,203
SHP006160,DC0003,CUST0028,PRD0061,rail,2025-03-25,2025-04-02,7,8,4997.09,117
SHP006161,DC0002,CUST0018,PRD0129,ocean,2026-02-03,2026-02-27,25,24,8056.75,136
SHP006162,DC0002,CUST0023,PRD0069,rail,2025-10-31,2025-11-06,7,6,24187.78,598
SHP006163,DC0003,CUST0013,PRD0106,ocean,2025-03-21,2025-03-31,11,10,2616.32,123
SHP006164,DC0003,CUST0024,PRD0140,air,2026-03-31,2026-04-03,3,3,31399.93,140
SHP006165,DC0001,CUST0002,PRD0148,road,2025-12-15,2025-12-16,1,1,2719.68,371
SHP006166,DC0005,CUST0024,PRD0094,air,2025-06-21,2025-06-24,4,3,85481.85,239
SHP006167,DC0003,CUST0027,PRD0009,ocean,2025-08-15,2025-09-10,25,26,10388.45,170
SHP006168,DC0002,CUST0027,PRD0010,ocean,2025-11-15,2025-12-11,25,26,24032.56,396
SHP006169,DC0004,CUST0024,PRD0146,air,2025-06-24,2025-06-27,4,3,34386.43,84
SHP006170,DC0005,CUST0001,PRD0124,ocean,2025-08-21,2025-09-07,18,17,5366.99,129
SHP006171,DC0002,CUST0025,PRD0095,ocean,2025-03-25,2025-04-18,25,24,3693.2,61
SHP006172,DC0004,CUST0025,PRD0029,road,2026-03-15,2026-03-16,1,1,759.31,122
SHP006173,DC0006,CUST0008,PRD0149,air,2024-11-21,2024-11-23,3,2,51534.67,207
SHP006174,DC0002,CUST0004,PRD0124,air,2025-03-05,2025-03-08,4,3,83278.53,202
SHP006175,DC0004,CUST0010,PRD0021,ocean,2025-08-31,2025-09-18,17,18,5215.44,133
SHP006176,DC0005,CUST0011,PRD0037,air,2025-12-04,2025-12-07,3,3,39901.89,177
SHP006177,DC0002,CUST0019,PRD0135,ocean,2024-12-10,2025-01-07,25,28,6864.23,117
SHP006178,DC0001,CUST0014,PRD0072,rail,2024-11-15,2024-11-26,10,11,9224.92,155
SHP006179,DC0002,CUST0025,PRD0120,ocean,2024-10-12,2024-11-06,25,25,9505.45,157
SHP006180,DC0005,CUST0015,PRD0133,ocean,2024-10-23,2024-11-04,12,12,1953.14,76
SHP006181,DC0005,CUST0014,PRD0021,air,2026-01-09,2026-01-12,4,3,132265.05,362
SHP006182,DC0002,CUST0029,PRD0134,ocean,2026-08-10,2026-09-08,27,29,4069.39,62
SHP006183,DC0005,CUST0027,PRD0023,rail,2025-06-08,2025-06-14,7,6,10016.89,236
SHP006184,DC0004,CUST0016,PRD0063,rail,2026-01-10,2026-01-12,2,2,938.74,158
SHP006185,DC0004,CUST0012,PRD0121,ocean,2024-12-23,2025-01-15,23,23,14149.4,257
SHP006186,DC0006,CUST0027,PRD0020,ocean,2025-11-29,2025-12-09,12,10,897.11,35
SHP006187,DC0005,CUST0008,PRD0139,ocean,2024-11-12,2024-11-25,15,13,6966.96,211
SHP006188,DC0004,CUST0012,PRD0149,ocean,2024-10-29,2024-11-20,23,22,17287.6,314
SHP006189,DC0002,CUST0025,PRD0080,ocean,2026-03-03,2026-03-29,25,26,7325.86,121
SHP006190,DC0006,CUST0028,PRD0014,air,2026-03-15,2026-03-19,5,4,93453.15,202
SHP006191,DC0003,CUST0007,PRD0088,ocean,2026-04-02,2026-04-15,13,13,26500.98,990
SHP006192,DC0005,CUST0012,PRD0137,ocean,2025-01-28,2025-02-25,29,28,11685.39,165
SHP006193,DC0004,CUST0016,PRD0003,road,2025-12-28,2025-12-29,1,1,898.34,84
SHP006194,DC0005,CUST0030,PRD0121,rail,2025-08-25,2025-09-03,9,9,21510.16,385
SHP006195,DC0006,CUST0018,PRD0117,ocean,2025-03-12,2025-03-23,12,11,3535.73,147
SHP006196,DC0005,CUST0012,PRD0132,ocean,2025-05-11,2025-06-08,29,28,7790.26,110
SHP006197,DC0003,CUST0011,PRD0121,air,2026-05-21,2026-05-25,5,4,45969.54,96
SHP006198,DC0004,CUST0029,PRD0147,rail,2025-10-05,2025-10-06,3,1,3111.34,252
SHP006199,DC0004,CUST0004,PRD0085,ocean,2026-07-27,2026-08-20,23,24,11912.86,222
SHP006200,DC0005,CUST0030,PRD0108,rail,2024-09-26,2024-10-07,9,11,3966.81,71
SHP006201,DC0001,CUST0030,PRD0091,air,2025-07-13,2025-07-17,4,4,57083.99,169
SHP006202,DC0002,CUST0012,PRD0076,air,2026-06-30,2026-07-06,7,6,96169.66,128
SHP006203,DC0001,CUST0019,PRD0075,ocean,2025-06-09,2025-06-25,17,16,5627.39,151
SHP006204,DC0001,CUST0027,PRD0043,ocean,2025-04-20,2025-05-07,17,17,37198.12,947
SHP006205,DC0002,CUST0022,PRD0010,ocean,2025-06-04,2025-07-05,32,31,12163.26,155
SHP006206,DC0004,CUST0025,PRD0078,rail,2025-08-03,2025-08-04,2,1,1289.72,373
SHP006207,DC0006,CUST0026,PRD0145,rail,2024-09-27,2024-10-04,9,7,15262.29,287
SHP006208,DC0005,CUST0026,PRD0067,ocean,2025-10-13,2025-10-28,15,15,3873.96,122
SHP006209,DC0002,CUST0029,PRD0016,air,2026-05-21,2026-05-25,5,4,69409.35,141
SHP006210,DC0003,CUST0008,PRD0122,ocean,2025-04-12,2025-05-09,28,27,31139.87,452
SHP006211,DC0005,CUST0002,PRD0149,ocean,2026-01-29,2026-02-05,9,7,2196.46,127
SHP006212,DC0002,CUST0025,PRD0044,ocean,2025-08-26,2025-09-18,25,23,8718.38,144
SHP006213,DC0002,CUST0016,PRD0147,air,2024-12-10,2024-12-14,5,4,89525.99,189
SHP006214,DC0005,CUST0029,PRD0014,air,2026-02-05,2026-02-08,3,3,44420.47,170
SHP006215,DC0006,CUST0014,PRD0075,air,2025-08-23,2025-08-27,4,4,65844.0,181
SHP006216,DC0003,CUST0023,PRD0007,air,2024-11-22,2024-11-24,2,2,21334.8,119
SHP006217,DC0005,CUST0005,PRD0074,air,2026-01-07,2026-01-09,3,2,24858.78,109
SHP006218,DC0006,CUST0004,PRD0125,air,2025-12-27,2025-12-29,3,2,152317.53,502
SHP006219,DC0004,CUST0005,PRD0022,road,2026-01-14,2026-01-15,1,1,7394.58,437
SHP006220,DC0001,CUST0006,PRD0033,ocean,2025-10-24,2025-11-13,20,20,3686.81,80
SHP006221,DC0005,CUST0025,PRD0130,ocean,2025-08-15,2025-08-27,13,12,1943.96,68
SHP006222,DC0006,CUST0007,PRD0020,ocean,2026-05-17,2026-06-05,19,19,18227.72,416
SHP006223,DC0002,CUST0023,PRD0072,rail,2025-09-06,2025-09-13,7,7,13833.14,342
SHP006224,DC0003,CUST0028,PRD0065,air,2025-06-15,2025-06-16,2,1,25369.82,132
SHP006225,DC0002,CUST0003,PRD0034,air,2025-08-29,2025-09-04,6,6,334942.2,497
SHP006226,DC0004,CUST0010,PRD0072,air,2026-08-09,2026-08-11,3,2,199108.1,677
SHP006227,DC0003,CUST0008,PRD0071,air,2025-11-25,2025-11-29,5,4,135892.47,263
SHP006228,DC0006,CUST0005,PRD0066,rail,2025-05-18,2025-05-25,9,7,11716.82,230
SHP006229,DC0004,CUST0010,PRD0004,ocean,2026-08-14,2026-08-31,17,17,13371.91,341
SHP006230,DC0005,CUST0013,PRD0029,air,2025-04-24,2025-04-26,2,2,30063.27,254
SHP006231,DC0006,CUST0030,PRD0045,ocean,2024-09-24,2024-10-08,15,14,5517.61,164
SHP006232,DC0002,CUST0023,PRD0039,rail,2024-10-06,2024-10-13,7,7,12053.44,298
SHP006233,DC0002,CUST0015,PRD0115,ocean,2026-05-04,2026-05-28,25,24,9186.93,151
SHP006234,DC0001,CUST0003,PRD0095,ocean,2025-05-15,2025-06-16,32,32,32296.18,402
SHP006235,DC0002,CUST0015,PRD0045,ocean,2026-02-24,2026-03-23,25,27,3285.39,54
SHP006236,DC0002,CUST0011,PRD0067,ocean,2024-09-23,2024-10-18,26,25,14107.91,222
SHP006237,DC0001,CUST0008,PRD0061,air,2026-06-13,2026-06-16,4,3,118959.56,337
SHP006238,DC0002,CUST0002,PRD0125,rail,2025-05-09,2025-05-15,6,6,3717.27,106
SHP006239,DC0005,CUST0008,PRD0047,ocean,2024-11-13,2024-11-27,15,14,4556.59,138
SHP006240,DC0001,CUST0021,PRD0136,ocean,2025-05-12,2025-06-03,20,22,20276.56,437
SHP006241,DC0001,CUST0009,PRD0009,air,2025-05-21,2025-05-25,4,4,106376.03,284
SHP006242,DC0002,CUST0002,PRD0088,ocean,2025-05-17,2025-05-27,11,10,3934.69,187
SHP006243,DC0002,CUST0023,PRD0022,rail,2025-12-28,2026-01-04,7,7,3316.72,82
SHP006244,DC0002,CUST0021,PRD0038,ocean,2025-03-02,2025-03-31,28,29,5491.28,81
SHP006245,DC0002,CUST0005,PRD0040,ocean,2025-12-18,2026-01-13,27,26,11975.69,184
SHP006246,DC0001,CUST0021,PRD0127,air,2025-11-08,2025-11-12,4,4,128758.48,370
SHP006247,DC0002,CUST0028,PRD0106,air,2026-06-26,2026-06-29,3,3,15422.5,79
SHP006248,DC0005,CUST0021,PRD0099,air,2024-10-21,2024-10-24,3,3,61828.36,257
SHP006249,DC0003,CUST0008,PRD0061,ocean,2025-04-13,2025-05-10,28,27,12607.51,183
SHP006250,DC0003,CUST0024,PRD0113,ocean,2025-05-07,2025-05-21,14,14,2183.04,73
SHP006251,DC0006,CUST0001,PRD0043,ocean,2024-09-18,2024-10-06,18,18,12101.57,290
SHP006252,DC0006,CUST0025,PRD0054,rail,2025-04-28,2025-05-06,8,8,19560.44,409
SHP006253,DC0001,CUST0029,PRD0148,ocean,2025-08-04,2025-08-27,20,23,33898.27,748
SHP006254,DC0004,CUST0007,PRD0089,ocean,2026-05-23,2026-06-12,22,20,9523.59,180
SHP006255,DC0006,CUST0024,PRD0014,ocean,2025-10-21,2025-11-09,20,19,3845.76,81
SHP006256,DC0004,CUST0028,PRD0068,ocean,2026-06-20,2026-07-25,35,35,12117.86,140
SHP006257,DC0005,CUST0027,PRD0030,ocean,2025-03-16,2025-03-26,12,10,1680.8,66
SHP006258,DC0005,CUST0014,PRD0014,air,2026-01-22,2026-01-26,4,4,40921.78,112
SHP006259,DC0003,CUST0013,PRD0043,ocean,2025-11-04,2025-11-13,11,9,5147.55,242
SHP006260,DC0004,CUST0002,PRD0119,ocean,2026-08-20,2026-09-06,18,17,5107.89,128
SHP006261,DC0004,CUST0019,PRD0103,rail,2025-06-05,2025-06-08,3,3,2160.26,169
SHP006262,DC0003,CUST0003,PRD0122,air,2025-06-14,2025-06-20,6,6,81599.32,122
SHP006263,DC0004,CUST0005,PRD0078,road,2025-10-24,2025-10-25,1,1,1319.86,78
SHP006264,DC0006,CUST0004,PRD0122,ocean,2026-04-13,2026-04-29,18,16,3883.79,96
SHP006265,DC0003,CUST0023,PRD0137,rail,2024-11-15,2024-11-22,7,7,3107.59,78
SHP006266,DC0006,CUST0020,PRD0060,rail,2026-01-07,2026-01-14,8,7,13700.73,279
SHP006267,DC0003,CUST0027,PRD0098,air,2025-05-05,2025-05-10,5,5,58205.89,127
SHP006268,DC0003,CUST0013,PRD0100,air,2025-09-04,2025-09-05,2,1,12443.47,78
SHP006269,DC0004,CUST0030,PRD0122,rail,2026-03-13,2026-03-14,2,1,2547.21,275
SHP006270,DC0005,CUST0006,PRD0068,air,2025-05-08,2025-05-10,3,2,22167.04,93
SHP006271,DC0001,CUST0001,PRD0038,ocean,2025-11-24,2025-12-14,21,20,4366.81,89
SHP006272,DC0006,CUST0017,PRD0136,ocean,2025-05-25,2025-06-25,30,31,25812.79,345
SHP006273,DC0004,CUST0017,PRD0112,air,2025-07-17,2025-07-21,4,4,288346.01,806
SHP006274,DC0002,CUST0005,PRD0004,air,2025-08-30,2025-09-05,5,6,189886.25,389
SHP006275,DC0001,CUST0002,PRD0074,road,2026-05-12,2026-05-13,1,1,1861.99,254
SHP006276,DC0002,CUST0023,PRD0115,air,2026-03-29,2026-03-31,2,2,17655.46,97
SHP006277,DC0002,CUST0028,PRD0098,air,2026-05-07,2026-05-10,3,3,60128.23,308
SHP006278,DC0003,CUST0018,PRD0081,ocean,2025-09-28,2025-10-18,25,20,14262.55,239
SHP006279,DC0001,CUST0028,PRD0136,air,2025-03-31,2025-04-03,4,3,42337.8,119
SHP006280,DC0005,CUST0018,PRD0011,rail,2024-10-08,2024-10-14,7,6,4299.4,108
SHP006281,DC0006,CUST0020,PRD0025,rail,2026-08-28,2026-09-04,8,7,2062.48,42
SHP006282,DC0005,CUST0012,PRD0137,air,2025-06-22,2025-06-26,5,4,303820.23,572
SHP006283,DC0001,CUST0025,PRD0091,ocean,2025-02-14,2025-03-03,18,17,9888.18,249
SHP006284,DC0003,CUST0003,PRD0111,air,2026-02-25,2026-03-03,6,6,133100.53,199
SHP006285,DC0001,CUST0009,PRD0070,ocean,2024-11-09,2024-11-30,21,21,1747.96,35
SHP006286,DC0001,CUST0011,PRD0086,ocean,2026-05-09,2026-05-28,19,19,14413.31,340
SHP006287,DC0006,CUST0028,PRD0070,air,2024-11-11,2024-11-16,5,5,223454.81,483
SHP006288,DC0006,CUST0012,PRD0069,ocean,2025-05-06,2025-06-04,29,29,16057.28,226
SHP006289,DC0004,CUST0017,PRD0026,ocean,2024-10-22,2024-11-09,20,18,13642.18,286
SHP006290,DC0002,CUST0025,PRD0066,ocean,2026-04-08,2026-05-02,25,24,5025.18,83
SHP006291,DC0004,CUST0013,PRD0150,air,2025-08-15,2025-08-18,3,3,128544.09,419
SHP006292,DC0005,CUST0009,PRD0101,air,2025-02-03,2025-02-05,3,2,14542.14,47
SHP006293,DC0005,CUST0005,PRD0119,rail,2026-04-04,2026-04-13,9,9,20424.24,403
SHP006294,DC0001,CUST0019,PRD0062,ocean,2025-12-21,2026-01-07,17,17,9503.21,255
SHP006295,DC0006,CUST0006,PRD0050,air,2025-04-11,2025-04-13,3,2,33560.12,140
SHP006296,DC0003,CUST0005,PRD0134,air,2026-04-10,2026-04-15,5,5,52524.0,107
SHP006297,DC0003,CUST0001,PRD0087,ocean,2025-07-15,2025-08-05,23,21,4405.46,81
SHP006298,DC0005,CUST0012,PRD0047,ocean,2025-10-01,2025-10-29,29,28,9844.06,139
SHP006299,DC0003,CUST0029,PRD0081,ocean,2025-01-27,2025-02-22,27,26,11775.6,179
SHP006300,DC0004,CUST0009,PRD0141,air,2025-06-23,2025-06-26,4,3,316860.34,781
SHP006301,DC0005,CUST0023,PRD0003,air,2025-12-01,2025-12-04,4,3,115539.07,257
SHP006302,DC0005,CUST0025,PRD0003,air,2025-07-30,2025-08-03,3,4,75900.25,354
SHP006303,DC0003,CUST0005,PRD0018,air,2026-03-12,2026-03-16,5,4,303362.91,618
SHP006304,DC0005,CUST0008,PRD0004,ocean,2025-01-13,2025-01-27,15,14,2542.45,77
SHP006305,DC0006,CUST0020,PRD0106,rail,2024-09-17,2024-09-24,8,7,34472.8,702
SHP006306,DC0003,CUST0006,PRD0026,ocean,2026-01-27,2026-02-22,28,26,7947.53,117
SHP006307,DC0001,CUST0002,PRD0135,road,2026-05-23,2026-05-24,1,1,5805.89,792
SHP006308,DC0004,CUST0013,PRD0027,ocean,2025-10-27,2025-11-13,18,17,13989.52,342
SHP006309,DC0006,CUST0004,PRD0115,ocean,2025-02-05,2025-02-23,18,18,3721.97,92
SHP006310,DC0005,CUST0016,PRD0090,ocean,2026-08-03,2026-08-21,14,18,4871.96,156
SHP006311,DC0003,CUST0004,PRD0057,ocean,2026-02-24,2026-03-17,23,21,5418.38,97
SHP006312,DC0001,CUST0028,PRD0073,ocean,2025-08-09,2025-08-30,20,21,9629.77,203
SHP006313,DC0005,CUST0020,PRD0065,ocean,2026-07-16,2026-07-30,14,14,8541.06,291
SHP006314,DC0006,CUST0013,PRD0050,ocean,2025-09-25,2025-10-05,9,10,7562.93,486
SHP006315,DC0004,CUST0001,PRD0009,ocean,2025-11-24,2025-12-20,24,26,26609.07,472
SHP006316,DC0003,CUST0002,PRD0007,air,2026-03-16,2026-03-17,2,1,5932.67,37
SHP006317,DC0006,CUST0023,PRD0024,ocean,2025-07-15,2025-08-07,25,23,9201.76,154
SHP006318,DC0002,CUST0014,PRD0015,air,2025-10-20,2025-10-22,3,2,43080.01,189
SHP006319,DC0005,CUST0025,PRD0056,ocean,2025-12-03,2025-12-15,13,12,6603.75,231
SHP006320,DC0004,CUST0028,PRD0032,ocean,2025-09-18,2025-10-22,35,34,97029.45,1121
SHP006321,DC0005,CUST0029,PRD0031,air,2025-05-26,2025-05-29,3,3,161742.77,619
SHP006322,DC0001,CUST0013,PRD0023,road,2024-12-20,2024-12-21,1,1,1770.38,306
SHP006323,DC0003,CUST0006,PRD0034,air,2024-12-22,2024-12-26,5,4,133987.21,263
SHP006324,DC0003,CUST0026,PRD0097,ocean,2026-01-14,2026-02-08,27,25,13234.54,199
SHP006325,DC0006,CUST0001,PRD0145,ocean,2025-04-10,2025-04-26,18,16,8220.72,197
SHP006326,DC0004,CUST0026,PRD0048,road,2025-07-17,2025-07-18,1,1,4481.29,252
SHP006327,DC0004,CUST0017,PRD0029,ocean,2025-04-23,2025-05-09,20,16,12926.68,271
SHP006328,DC0006,CUST0022,PRD0048,air,2026-04-29,2026-05-03,5,4,43582.6,90
SHP006329,DC0003,CUST0018,PRD0065,ocean,2024-10-20,2024-11-14,25,25,9727.18,163
SHP006330,DC0006,CUST0018,PRD0076,ocean,2025-01-29,2025-02-09,12,11,2573.62,107
SHP006331,DC0003,CUST0008,PRD0120,ocean,2025-06-30,2025-07-26,28,26,15294.36,222
SHP006332,DC0001,CUST0011,PRD0020,ocean,2026-04-25,2026-05-16,19,21,4112.03,97
SHP006333,DC0001,CUST0007,PRD0117,ocean,2025-12-17,2025-12-31,14,14,11606.88,374
SHP006334,DC0003,CUST0028,PRD0071,rail,2025-03-09,2025-03-15,7,6,8499.32,199
SHP006335,DC0004,CUST0007,PRD0110,air,2025-11-14,2025-11-17,4,3,36903.91,93
SHP006336,DC0002,CUST0005,PRD0083,ocean,2025-06-25,2025-07-22,27,27,12431.29,191
SHP006337,DC0004,CUST0020,PRD0066,road,2024-11-25,2024-11-26,1,1,462.41,83
SHP006338,DC0004,CUST0017,PRD0042,ocean,2025-01-21,2025-02-12,20,22,19986.27,419
SHP006339,DC0001,CUST0019,PRD0019,ocean,2025-03-01,2025-03-18,17,17,5180.18,139
SHP006340,DC0002,CUST0002,PRD0071,rail,2026-04-27,2026-05-01,6,4,2314.53,66
SHP006341,DC0003,CUST0001,PRD0016,air,2025-08-06,2025-08-10,4,4,210075.3,515
SHP006342,DC0005,CUST0030,PRD0098,ocean,2025-10-15,2025-10-31,15,16,4592.56,137
SHP006343,DC0003,CUST0028,PRD0100,ocean,2025-07-17,2025-07-26,12,9,3562.03,139
SHP006344,DC0001,CUST0007,PRD0086,rail,2025-12-17,2025-12-25,9,8,12879.29,249
SHP006345,DC0002,CUST0025,PRD0016,ocean,2024-09-30,2024-10-26,25,26,9202.73,152
SHP006346,DC0001,CUST0010,PRD0067,air,2024-12-28,2025-01-02,5,5,77634.88,155
SHP006347,DC0002,CUST0025,PRD0068,ocean,2024-12-12,2025-01-07,25,26,18344.92,303
SHP006348,DC0005,CUST0005,PRD0046,ocean,2025-03-10,2025-03-21,14,11,6324.93,208
SHP006349,DC0004,CUST0004,PRD0113,ocean,2026-04-10,2026-05-03,23,23,12556.79,234
SHP006350,DC0005,CUST0002,PRD0018,ocean,2025-12-26,2026-01-06,9,11,5119.31,296
SHP006351,DC0006,CUST0013,PRD0126,air,2025-01-09,2025-01-11,2,2,14705.7,126
SHP006352,DC0003,CUST0004,PRD0052,air,2026-05-15,2026-05-17,4,2,310439.7,741
SHP006353,DC0006,CUST0016,PRD0101,rail,2026-08-04,2026-08-13,9,9,17708.5,339
SHP006354,DC0001,CUST0027,PRD0046,ocean,2025-08-22,2025-09-06,17,15,4360.07,111
SHP006355,DC0006,CUST0005,PRD0126,rail,2024-09-18,2024-09-28,9,10,10952.68,215
SHP006356,DC0006,CUST0025,PRD0028,ocean,2026-05-21,2026-06-04,14,14,14347.51,500
SHP006357,DC0002,CUST0007,PRD0037,ocean,2024-11-03,2024-11-15,13,12,9126.77,332
SHP006358,DC0004,CUST0006,PRD0139,ocean,2025-11-14,2025-11-20,7,6,818.38,81
SHP006359,DC0001,CUST0023,PRD0111,air,2026-05-26,2026-05-29,4,3,51021.52,149
SHP006360,DC0003,CUST0012,PRD0056,ocean,2026-06-19,2026-07-27,40,38,14655.51,145
SHP006361,DC0004,CUST0011,PRD0028,road,2025-06-26,2025-06-27,1,1,1787.99,219
SHP006362,DC0006,CUST0016,PRD0114,air,2025-05-25,2025-05-27,3,2,22566.59,96
SHP006363,DC0005,CUST0007,PRD0067,ocean,2025-12-25,2026-01-13,19,19,2817.96,64
SHP006364,DC0005,CUST0012,PRD0027,ocean,2024-11-08,2024-12-06,29,28,9419.14,133
SHP006365,DC0006,CUST0014,PRD0009,ocean,2026-07-20,2026-08-12,21,23,6062.98,125
SHP006366,DC0004,CUST0029,PRD0019,road,2026-02-11,2026-02-12,1,1,17867.98,804
SHP006367,DC0005,CUST0016,PRD0019,rail,2024-12-15,2024-12-23,9,8,4996.88,96
SHP006368,DC0001,CUST0007,PRD0147,air,2024-11-24,2024-11-26,3,2,44689.6,192
SHP006369,DC0004,CUST0025,PRD0065,road,2026-02-19,2026-02-20,1,1,1002.04,161
SHP006370,DC0003,CUST0013,PRD0115,air,2026-07-13,2026-07-14,2,1,28396.63,178
SHP006371,DC0006,CUST0016,PRD0005,ocean,2025-09-17,2025-09-29,14,12,4544.66,145
SHP006372,DC0003,CUST0015,PRD0128,ocean,2026-04-28,2026-05-20,25,22,7289.25,119
SHP006373,DC0004,CUST0029,PRD0039,road,2026-07-25,2026-07-26,1,1,7867.24,354
SHP006374,DC0002,CUST0011,PRD0001,ocean,2026-07-12,2026-08-05,26,24,16967.62,267
SHP006375,DC0001,CUST0011,PRD0010,air,2025-03-05,2025-03-08,3,3,27024.95,85
SHP006376,DC0005,CUST0025,PRD0100,ocean,2026-06-08,2026-06-18,13,10,1200.68,42
SHP006377,DC0005,CUST0018,PRD0069,air,2025-02-23,2025-02-24,2,1,55892.15,312
SHP006378,DC0003,CUST0002,PRD0039,rail,2024-12-01,2024-12-06,6,5,1068.95,30
SHP006379,DC0003,CUST0006,PRD0085,ocean,2026-04-12,2026-05-09,28,27,7132.4,105
SHP006380,DC0006,CUST0016,PRD0101,rail,2025-05-01,2025-05-10,9,9,28051.52,537
SHP006381,DC0002,CUST0008,PRD0148,ocean,2025-11-02,2025-11-29,28,27,5477.96,80
SHP006382,DC0005,CUST0003,PRD0001,ocean,2025-06-14,2025-07-13,31,29,12954.16,172
SHP006383,DC0003,CUST0025,PRD0132,ocean,2026-03-01,2026-03-27,25,26,27533.69,453
SHP006384,DC0002,CUST0001,PRD0126,ocean,2025-02-22,2025-03-14,23,20,24453.89,457
SHP006385,DC0005,CUST0008,PRD0123,ocean,2025-07-08,2025-07-23,15,15,3268.86,99
SHP006386,DC0005,CUST0001,PRD0112,air,2024-12-17,2024-12-19,3,2,111708.35,358
SHP006387,DC0003,CUST0025,PRD0104,ocean,2025-01-09,2025-02-02,25,24,14526.6,239
SHP006388,DC0005,CUST0015,PRD0018,air,2026-08-09,2026-08-11,2,2,32381.0,168
SHP006389,DC0002,CUST0027,PRD0139,ocean,2025-07-20,2025-08-14,25,25,26095.96,430
SHP006390,DC0006,CUST0009,PRD0058,ocean,2025-03-07,2025-03-27,18,20,5174.62,125
SHP006391,DC0004,CUST0001,PRD0001,ocean,2025-11-05,2025-11-29,24,24,17589.05,312
SHP006392,DC0003,CUST0007,PRD0099,ocean,2025-08-26,2025-09-08,13,13,16971.34,634
SHP006393,DC0006,CUST0015,PRD0124,ocean,2025-06-03,2025-06-15,12,12,20224.38,782
SHP006394,DC0004,CUST0024,PRD0032,air,2026-07-24,2026-07-28,4,4,72047.76,176
SHP006395,DC0002,CUST0006,PRD0146,ocean,2025-04-21,2025-05-18,28,27,23078.34,342
SHP006396,DC0002,CUST0028,PRD0138,ocean,2025-07-08,2025-07-20,13,12,3800.31,146
SHP006397,DC0004,CUST0023,PRD0092,ocean,2026-01-12,2026-02-14,34,33,8076.0,95
SHP006398,DC0005,CUST0002,PRD0086,air,2026-08-04,2026-08-06,2,2,21791.65,168
SHP006399,DC0005,CUST0024,PRD0078,ocean,2026-06-04,2026-06-26,20,22,5531.88,116
SHP006400,DC0001,CUST0003,PRD0103,ocean,2026-07-16,2026-08-17,32,32,39205.32,488
SHP006401,DC0005,CUST0025,PRD0015,ocean,2025-05-25,2025-06-07,13,13,2115.49,74
SHP006402,DC0003,CUST0025,PRD0024,ocean,2026-02-05,2026-02-27,25,22,12885.52,212
SHP006403,DC0004,CUST0002,PRD0094,ocean,2026-04-23,2026-05-11,18,18,6185.34,155
SHP006404,DC0005,CUST0001,PRD0137,ocean,2024-09-19,2024-10-09,18,20,15185.68,365
SHP006405,DC0004,CUST0022,PRD0088,ocean,2026-08-06,2026-08-26,18,20,7691.27,192
SHP006406,DC0006,CUST0020,PRD0021,rail,2025-11-17,2025-11-25,8,8,13013.24,265
SHP006407,DC0003,CUST0003,PRD0118,air,2026-05-07,2026-05-12,6,5,40130.81,60
SHP006408,DC0004,CUST0011,PRD0075,road,2025-12-28,2025-12-29,1,1,906.24,111
SHP006409,DC0001,CUST0028,PRD0052,ocean,2026-07-19,2026-08-06,20,18,5502.73,116
SHP006410,DC0004,CUST0009,PRD0046,ocean,2026-01-18,2026-02-09,23,22,15092.45,279
SHP006411,DC0001,CUST0008,PRD0142,air,2026-03-30,2026-04-03,4,4,338875.9,960
SHP006412,DC0002,CUST0029,PRD0011,ocean,2025-02-25,2025-03-23,27,26,37543.4,572
SHP006413,DC0002,CUST0024,PRD0099,rail,2025-10-10,2025-10-19,9,9,6339.12,124
SHP006414,DC0005,CUST0015,PRD0049,ocean,2025-04-16,2025-04-26,12,10,6322.01,246
SHP006415,DC0005,CUST0016,PRD0077,rail,2026-07-31,2026-08-07,9,7,9421.21,181
SHP006416,DC0002,CUST0007,PRD0100,air,2025-05-25,2025-05-28,3,3,44946.57,218
SHP006417,DC0002,CUST0003,PRD0028,ocean,2026-04-16,2026-05-20,36,34,12130.7,135
SHP006418,DC0005,CUST0014,PRD0092,ocean,2024-12-01,2024-12-20,21,19,3361.43,69
SHP006419,DC0005,CUST0014,PRD0125,ocean,2026-05-26,2026-06-14,21,19,3117.85,64
SHP006420,DC0001,CUST0018,PRD0022,ocean,2026-05-19,2026-06-03,17,15,15172.29,401
SHP006421,DC0002,CUST0019,PRD0113,ocean,2025-06-13,2025-07-09,25,26,33265.12,567
SHP006422,DC0002,CUST0007,PRD0049,air,2026-06-26,2026-06-28,3,2,18349.75,89
SHP006423,DC0006,CUST0024,PRD0036,ocean,2025-06-16,2025-07-07,20,21,27774.94,585
SHP006424,DC0004,CUST0010,PRD0010,air,2026-08-15,2026-08-18,3,3,43527.32,148
SHP006425,DC0002,CUST0012,PRD0050,ocean,2025-03-08,2025-04-17,40,40,37165.57,371
SHP006426,DC0002,CUST0030,PRD0007,ocean,2024-11-08,2024-12-05,27,27,11917.78,181
SHP006427,DC0002,CUST0025,PRD0062,ocean,2026-04-24,2026-05-19,25,25,16891.86,279
SHP006428,DC0006,CUST0001,PRD0126,air,2025-02-21,2025-02-23,3,2,52266.24,167
SHP006429,DC0006,CUST0009,PRD0100,ocean,2025-02-03,2025-02-19,18,16,9604.09,232
SHP006430,DC0001,CUST0024,PRD0017,ocean,2026-06-12,2026-06-27,16,15,1364.45,39
SHP006431,DC0006,CUST0009,PRD0139,ocean,2026-06-30,2026-07-19,18,19,8237.99,199
SHP006432,DC0006,CUST0019,PRD0079,ocean,2025-12-06,2025-12-15,12,9,3608.72,154
SHP006433,DC0003,CUST0014,PRD0128,rail,2026-06-04,2026-06-11,8,7,11050.62,224
SHP006434,DC0001,CUST0015,PRD0137,ocean,2026-03-14,2026-03-30,17,16,12106.02,307
SHP006435,DC0002,CUST0010,PRD0116,ocean,2025-06-25,2025-07-24,31,29,18554.39,239
SHP006436,DC0003,CUST0021,PRD0005,ocean,2024-09-28,2024-10-25,28,27,11191.68,164
SHP006437,DC0005,CUST0004,PRD0010,air,2026-05-26,2026-05-28,3,2,55938.41,185
SHP006438,DC0005,CUST0012,PRD0087,ocean,2026-04-24,2026-05-24,29,30,7861.08,111
SHP006439,DC0005,CUST0001,PRD0015,ocean,2026-07-18,2026-08-06,18,19,9361.03,225
SHP006440,DC0002,CUST0014,PRD0087,ocean,2025-08-12,2025-08-28,14,16,2461.71,81
SHP006441,DC0004,CUST0014,PRD0011,air,2025-06-30,2025-07-03,4,3,118886.07,283
SHP006442,DC0003,CUST0028,PRD0104,ocean,2026-05-07,2026-05-21,12,14,2690.74,105
SHP006443,DC0002,CUST0027,PRD0031,ocean,2026-02-06,2026-03-02,25,24,4855.06,80
SHP006444,DC0005,CUST0004,PRD0055,air,2026-06-02,2026-06-05,3,3,74685.33,247
SHP006445,DC0001,CUST0025,PRD0134,ocean,2026-04-22,2026-05-10,18,18,4487.41,113
SHP006446,DC0002,CUST0007,PRD0118,ocean,2026-04-25,2026-05-08,13,13,2061.77,75
SHP006447,DC0001,CUST0006,PRD0138,ocean,2026-01-24,2026-02-14,20,21,9585.71,208
SHP006448,DC0003,CUST0025,PRD0039,ocean,2025-09-06,2025-10-01,25,25,6078.08,100
SHP006449,DC0005,CUST0027,PRD0149,rail,2025-05-17,2025-05-24,7,7,4753.78,112
SHP006450,DC0001,CUST0013,PRD0060,road,2025-11-15,2025-11-16,1,1,971.97,168
SHP006451,DC0001,CUST0001,PRD0019,ocean,2026-04-17,2026-05-07,21,20,16093.42,328
SHP006452,DC0001,CUST0014,PRD0010,ocean,2026-02-21,2026-03-08,16,15,5106.44,143
SHP006453,DC0004,CUST0023,PRD0037,ocean,2025-07-30,2025-09-01,34,33,29243.61,344
SHP006454,DC0003,CUST0004,PRD0126,ocean,2024-09-23,2024-10-15,23,22,25807.13,462
SHP006455,DC0001,CUST0018,PRD0005,air,2024-10-11,2024-10-13,3,2,61294.54,216
SHP006456,DC0003,CUST0023,PRD0121,ocean,2025-12-13,2025-12-23,12,10,22350.75,935
SHP006457,DC0004,CUST0010,PRD0012,ocean,2025-12-05,2025-12-24,17,19,9528.95,243
SHP006458,DC0004,CUST0020,PRD0063,road,2026-04-01,2026-04-02,1,1,1119.8,201
SHP006459,DC0006,CUST0008,PRD0034,ocean,2024-12-11,2024-12-25,15,14,2224.04,67
SHP006460,DC0004,CUST0016,PRD0004,road,2025-06-21,2025-06-22,1,1,1379.59,129
SHP006461,DC0006,CUST0008,PRD0045,rail,2025-12-04,2025-12-13,9,9,18920.94,342
SHP006462,DC0003,CUST0010,PRD0013,ocean,2025-04-19,2025-05-18,31,29,6475.29,84
SHP006463,DC0006,CUST0027,PRD0079,ocean,2024-11-02,2024-11-14,12,12,4921.27,192
SHP006464,DC0006,CUST0023,PRD0025,ocean,2024-12-27,2025-01-21,25,25,32206.15,539
SHP006465,DC0003,CUST0030,PRD0117,ocean,2025-09-13,2025-10-11,27,28,30853.15,467
SHP006466,DC0005,CUST0017,PRD0044,ocean,2026-08-08,2026-09-04,30,27,6354.11,85
SHP006467,DC0001,CUST0016,PRD0017,air,2026-04-30,2026-05-03,3,3,71235.07,224
SHP006468,DC0005,CUST0014,PRD0028,air,2026-03-12,2026-03-15,4,3,162956.39,446
SHP006469,DC0002,CUST0004,PRD0030,ocean,2026-05-11,2026-06-01,23,21,10664.05,194
SHP006470,DC0002,CUST0016,PRD0128,ocean,2026-01-14,2026-02-08,26,25,16673.62,264
SHP006471,DC0001,CUST0009,PRD0057,air,2026-04-02,2026-04-06,4,4,81654.84,218
SHP006472,DC0005,CUST0029,PRD0017,air,2025-04-23,2025-04-26,3,3,21426.34,82
SHP006473,DC0001,CUST0030,PRD0052,ocean,2025-08-17,2025-09-03,20,17,1711.39,38
SHP006474,DC0005,CUST0008,PRD0110,rail,2026-02-19,2026-02-28,9,9,46776.61,850
SHP006475,DC0005,CUST0019,PRD0087,air,2025-03-12,2025-03-15,2,3,11516.41,66
SHP006476,DC0005,CUST0019,PRD0103,rail,2026-01-16,2026-01-23,7,7,9926.6,256
SHP006477,DC0005,CUST0019,PRD0084,rail,2026-04-27,2026-05-05,7,8,6010.25,155
SHP006478,DC0003,CUST0002,PRD0031,ocean,2026-04-07,2026-04-17,11,10,2458.58,115
SHP006479,DC0002,CUST0007,PRD0148,air,2025-01-26,2025-01-29,3,3,70100.16,340
SHP006480,DC0002,CUST0018,PRD0140,ocean,2025-07-01,2025-07-27,25,26,17298.32,292
SHP006481,DC0003,CUST0002,PRD0036,air,2025-01-14,2025-01-15,2,1,14751.51,92
SHP006482,DC0001,CUST0004,PRD0083,ocean,2026-06-02,2026-06-23,21,21,4694.56,96
SHP006483,DC0004,CUST0026,PRD0055,rail,2026-07-21,2026-07-25,2,4,10076.98,1020
SHP006484,DC0005,CUST0009,PRD0012,ocean,2026-06-08,2026-06-23,18,15,4991.77,121
SHP006485,DC0006,CUST0030,PRD0045,ocean,2025-02-13,2025-02-26,15,13,6661.5,198
SHP006486,DC0006,CUST0016,PRD0086,ocean,2026-07-24,2026-08-04,14,11,10154.96,324
SHP006487,DC0005,CUST0012,PRD0017,ocean,2026-07-06,2026-08-02,29,27,7861.08,111
SHP006488,DC0002,CUST0004,PRD0031,air,2025-12-17,2025-12-20,4,3,37104.3,90
SHP006489,DC0001,CUST0008,PRD0071,ocean,2025-12-02,2025-12-21,20,19,5224.34,111
SHP006490,DC0004,CUST0008,PRD0037,ocean,2026-06-24,2026-07-02,7,8,3115.73,316
SHP006491,DC0002,CUST0014,PRD0107,ocean,2026-08-12,2026-08-24,14,12,17444.75,574
SHP006492,DC0002,CUST0010,PRD0044,ocean,2025-01-25,2025-02-24,31,30,7840.97,101
SHP006493,DC0001,CUST0018,PRD0095,ocean,2026-01-26,2026-02-13,17,18,5145.71,136
SHP006494,DC0002,CUST0003,PRD0142,air,2025-01-04,2025-01-10,6,6,59305.66,88
SHP006495,DC0003,CUST0002,PRD0043,air,2025-06-22,2025-06-24,2,2,33992.6,212
SHP006496,DC0004,CUST0017,PRD0113,ocean,2025-07-12,2025-07-31,20,19,4436.09,93
SHP006497,DC0006,CUST0030,PRD0063,air,2025-03-11,2025-03-13,3,2,33559.85,133
SHP006498,DC0001,CUST0007,PRD0149,rail,2024-11-07,2024-11-15,9,8,12672.4,245
SHP006499,DC0001,CUST0003,PRD0011,air,2025-05-29,2025-06-04,6,6,90983.65,151
SHP006500,DC0006,CUST0026,PRD0035,rail,2026-07-23,2026-07-31,9,8,7498.2,141
SHP006501,DC0003,CUST0003,PRD0026,air,2024-11-28,2024-12-03,6,5,175906.74,263
SHP006502,DC0005,CUST0010,PRD0097,ocean,2026-02-07,2026-03-04,26,25,31194.06,491
SHP006503,DC0006,CUST0004,PRD0041,ocean,2025-07-16,2025-08-03,18,18,12177.31,301
SHP006504,DC0006,CUST0006,PRD0005,ocean,2026-07-03,2026-07-17,15,14,29053.48,909
SHP006505,DC0003,CUST0024,PRD0125,ocean,2025-07-30,2025-08-14,14,15,4904.37,164
SHP006506,DC0005,CUST0005,PRD0021,air,2026-01-06,2026-01-08,3,2,26227.15,115
SHP006507,DC0005,CUST0010,PRD0002,ocean,2024-11-29,2024-12-25,26,26,8386.18,132
SHP006508,DC0006,CUST0013,PRD0002,ocean,2026-02-04,2026-02-10,9,6,6847.1,440
SHP006509,DC0004,CUST0024,PRD0046,ocean,2025-01-20,2025-02-12,23,23,7914.34,145
SHP006510,DC0006,CUST0012,PRD0023,ocean,2026-05-22,2026-06-20,29,29,3694.6,52
SHP006511,DC0002,CUST0024,PRD0073,air,2026-03-25,2026-03-28,3,3,34967.42,152
SHP006512,DC0001,CUST0002,PRD0107,rail,2025-04-01,2025-04-02,2,1,285.08,70
SHP006513,DC0005,CUST0002,PRD0122,rail,2025-08-28,2025-09-02,5,5,2478.94,86
SHP006514,DC0005,CUST0008,PRD0033,rail,2024-12-07,2024-12-16,9,9,10180.79,185
SHP006515,DC0004,CUST0024,PRD0053,ocean,2026-05-18,2026-06-11,23,24,31984.84,586
SHP006516,DC0003,CUST0006,PRD0037,ocean,2025-11-13,2025-12-10,28,27,21804.76,321
SHP006517,DC0002,CUST0026,PRD0070,ocean,2026-08-27,2026-09-21,27,25,10255.23,155
SHP006518,DC0003,CUST0013,PRD0134,rail,2025-03-28,2025-04-04,6,7,20030.08,565
SHP006519,DC0002,CUST0029,PRD0116,air,2026-01-08,2026-01-13,5,5,42827.04,87
SHP006520,DC0006,CUST0023,PRD0106,ocean,2025-07-04,2025-07-29,25,25,13683.13,229
SHP006521,DC0005,CUST0014,PRD0062,ocean,2025-06-27,2025-07-16,21,19,27670.92,568
SHP006522,DC0004,CUST0008,PRD0045,rail,2024-12-18,2024-12-21,3,3,2678.61,163
SHP006523,DC0005,CUST0019,PRD0010,air,2025-04-02,2025-04-04,2,2,53045.27,304
SHP006524,DC0001,CUST0015,PRD0047,ocean,2025-03-13,2025-03-29,17,16,2208.26,56
SHP006525,DC0001,CUST0015,PRD0128,air,2025-11-26,2025-11-29,3,3,10351.24,35
SHP006526,DC0002,CUST0001,PRD0023,ocean,2026-06-24,2026-07-20,23,26,14822.16,277
SHP006527,DC0004,CUST0017,PRD0078,air,2025-05-30,2025-06-02,4,3,171719.71,480
SHP006528,DC0006,CUST0012,PRD0090,air,2026-01-13,2026-01-17,5,4,132685.71,249
SHP006529,DC0003,CUST0015,PRD0108,ocean,2025-08-02,2025-08-27,25,25,18070.0,295
SHP006530,DC0004,CUST0008,PRD0002,air,2024-09-11,2024-09-14,2,3,7247.04,98
SHP006531,DC0005,CUST0025,PRD0143,ocean,2024-12-09,2024-12-22,13,13,17867.29,625
SHP006532,DC0004,CUST0028,PRD0061,ocean,2025-04-26,2025-06-01,35,36,13416.2,155
SHP006533,DC0003,CUST0023,PRD0050,ocean,2026-01-20,2026-01-29,12,9,3537.87,148
SHP006534,DC0002,CUST0003,PRD0031,ocean,2026-01-15,2026-02-16,36,32,9165.42,102
SHP006535,DC0006,CUST0002,PRD0136,ocean,2026-02-03,2026-02-14,9,11,1979.64,116
SHP006536,DC0001,CUST0002,PRD0025,rail,2026-01-31,2026-02-01,2,1,203.63,50
SHP006537,DC0006,CUST0001,PRD0093,air,2026-02-20,2026-02-23,3,3,27228.52,87
SHP006538,DC0003,CUST0026,PRD0139,ocean,2025-03-09,2025-04-05,27,27,38839.06,584
SHP006539,DC0003,CUST0006,PRD0130,ocean,2024-11-12,2024-12-10,28,28,25201.14,371
SHP006540,DC0002,CUST0028,PRD0057,ocean,2024-10-16,2024-10-29,13,13,11921.53,458
SHP006541,DC0002,CUST0025,PRD0119,air,2025-05-03,2025-05-09,5,6,73561.31,162
SHP006542,DC0001,CUST0014,PRD0054,ocean,2025-02-21,2025-03-07,16,14,4106.58,115
SHP006543,DC0004,CUST0003,PRD0071,ocean,2026-06-25,2026-07-12,21,17,7663.74,158
SHP006544,DC0002,CUST0014,PRD0014,rail,2026-08-28,2026-09-04,9,7,18386.88,363
SHP006545,DC0002,CUST0001,PRD0050,air,2026-07-17,2026-07-20,4,3,53375.82,133
SHP006546,DC0002,CUST0014,PRD0029,rail,2026-08-07,2026-08-17,9,10,6686.14,132
SHP006547,DC0002,CUST0006,PRD0039,air,2025-11-12,2025-11-16,5,4,76421.69,151
SHP006548,DC0003,CUST0017,PRD0122,ocean,2026-03-01,2026-04-08,36,38,10897.15,121
SHP006549,DC0002,CUST0009,PRD0128,ocean,2024-10-07,2024-10-29,23,22,21968.23,393
SHP006550,DC0001,CUST0001,PRD0046,ocean,2025-03-07,2025-03-28,21,21,3679.9,75
SHP006551,DC0004,CUST0008,PRD0041,rail,2025-11-27,2025-12-01,3,4,3960.4,241
SHP006552,DC0004,CUST0022,PRD0012,air,2025-04-11,2025-04-14,3,3,93136.49,310
SHP006553,DC0004,CUST0013,PRD0014,air,2025-06-17,2025-06-20,3,3,18407.27,60
SHP006554,DC0006,CUST0030,PRD0094,air,2025-05-31,2025-06-02,3,2,28765.58,114
SHP006555,DC0002,CUST0025,PRD0073,ocean,2026-08-07,2026-08-31,25,24,17557.84,290
SHP006556,DC0001,CUST0010,PRD0054,air,2025-10-15,2025-10-19,5,4,44076.58,88
SHP006557,DC0002,CUST0011,PRD0112,ocean,2025-10-30,2025-11-23,26,24,12137.88,191
SHP006558,DC0001,CUST0026,PRD0065,air,2025-03-11,2025-03-14,4,3,37675.9,112
SHP006559,DC0003,CUST0005,PRD0086,ocean,2025-09-04,2025-09-30,27,26,35343.25,540
SHP006560,DC0005,CUST0027,PRD0117,rail,2026-07-11,2026-07-18,7,7,8488.89,200
SHP006561,DC0004,CUST0030,PRD0012,road,2026-06-03,2026-06-04,1,1,3301.18,198
SHP006562,DC0002,CUST0030,PRD0027,air,2024-12-08,2024-12-13,5,5,90371.0,183
SHP006563,DC0003,CUST0021,PRD0014,ocean,2025-04-22,2025-05-19,28,27,33029.11,484
SHP006564,DC0003,CUST0030,PRD0138,ocean,2025-09-24,2025-10-18,27,24,19225.41,291
SHP006565,DC0005,CUST0018,PRD0046,ocean,2024-12-15,2024-12-22,12,7,11632.26,487
SHP006566,DC0003,CUST0008,PRD0041,ocean,2024-11-27,2024-12-24,28,27,21012.52,305
SHP006567,DC0001,CUST0005,PRD0008,ocean,2024-10-06,2024-10-26,19,20,16747.71,383
SHP006568,DC0003,CUST0009,PRD0125,ocean,2024-12-05,2024-12-30,24,25,15502.94,273
SHP006569,DC0004,CUST0024,PRD0132,air,2026-05-29,2026-06-01,4,3,67954.13,166
SHP006570,DC0002,CUST0011,PRD0030,ocean,2026-05-03,2026-05-30,26,27,7562.35,119
SHP006571,DC0006,CUST0012,PRD0019,air,2026-02-28,2026-03-05,5,5,113502.23,213
SHP006572,DC0001,CUST0010,PRD0061,ocean,2026-07-08,2026-08-05,27,28,6411.14,96
SHP006573,DC0002,CUST0008,PRD0114,air,2025-03-28,2025-04-01,5,4,138660.74,270
SHP006574,DC0003,CUST0002,PRD0149,ocean,2026-06-02,2026-06-09,11,7,3976.49,186
SHP006575,DC0006,CUST0030,PRD0084,ocean,2025-11-22,2025-12-07,15,15,6964.3,207
SHP006576,DC0001,CUST0002,PRD0108,road,2026-03-10,2026-03-11,1,1,909.0,124
SHP006577,DC0003,CUST0005,PRD0051,ocean,2025-03-14,2025-04-09,27,26,11911.98,182
SHP006578,DC0004,CUST0010,PRD0084,ocean,2025-04-19,2025-05-09,17,20,7568.26,193
SHP006579,DC0001,CUST0005,PRD0059,ocean,2026-06-14,2026-07-03,19,19,8920.45,204
SHP006580,DC0006,CUST0022,PRD0029,ocean,2025-04-21,2025-05-15,27,24,3615.74,56
SHP006581,DC0002,CUST0027,PRD0084,ocean,2026-08-27,2026-09-22,25,26,3277.17,54
SHP006582,DC0004,CUST0027,PRD0059,rail,2026-03-12,2026-03-13,3,1,2283.13,215
SHP006583,DC0001,CUST0003,PRD0026,ocean,2024-12-22,2025-01-23,32,32,11408.1,142
SHP006584,DC0005,CUST0028,PRD0061,ocean,2026-05-16,2026-06-09,26,24,7672.93,124
SHP006585,DC0001,CUST0022,PRD0106,ocean,2025-12-25,2026-01-22,28,28,32422.24,478
SHP006586,DC0001,CUST0005,PRD0052,ocean,2026-04-06,2026-04-27,19,21,25143.43,575
SHP006587,DC0005,CUST0022,PRD0097,air,2024-10-12,2024-10-17,5,5,196069.15,405
SHP006588,DC0006,CUST0008,PRD0057,ocean,2024-12-20,2025-01-04,15,15,6174.2,186
SHP006589,DC0001,CUST0008,PRD0019,ocean,2025-02-17,2025-03-09,20,20,5695.0,121
SHP006590,DC0006,CUST0002,PRD0121,ocean,2024-09-30,2024-10-09,9,9,5648.8,331
SHP006591,DC0002,CUST0021,PRD0150,ocean,2025-03-11,2025-04-06,28,26,18778.84,277
SHP006592,DC0004,CUST0023,PRD0125,ocean,2026-01-29,2026-03-04,34,34,43270.34,509
SHP006593,DC0003,CUST0005,PRD0014,ocean,2025-07-17,2025-08-12,27,26,5628.74,86
SHP006594,DC0006,CUST0010,PRD0112,ocean,2026-08-27,2026-09-21,26,25,17793.24,280
SHP006595,DC0002,CUST0004,PRD0038,ocean,2026-07-09,2026-08-01,23,23,8960.0,163
SHP006596,DC0002,CUST0021,PRD0056,ocean,2024-10-03,2024-10-31,28,28,2237.19,33
SHP006597,DC0003,CUST0014,PRD0117,rail,2025-05-20,2025-05-26,8,6,9323.96,189
SHP006598,DC0006,CUST0010,PRD0046,ocean,2026-01-31,2026-02-25,26,25,10548.85,166
SHP006599,DC0001,CUST0020,PRD0100,ocean,2025-08-22,2025-09-09,18,18,5413.42,133
SHP006600,DC0003,CUST0024,PRD0096,ocean,2025-08-27,2025-09-07,14,11,2063.42,69
SHP006601,DC0003,CUST0008,PRD0035,ocean,2026-05-11,2026-06-06,28,26,6131.52,89
SHP006602,DC0005,CUST0025,PRD0118,ocean,2026-05-26,2026-06-07,13,12,10177.21,356
SHP006603,DC0006,CUST0027,PRD0050,ocean,2024-12-02,2024-12-14,12,12,3152.69,123
SHP006604,DC0001,CUST0019,PRD0092,ocean,2024-11-10,2024-11-28,17,18,23403.98,628
SHP006605,DC0001,CUST0018,PRD0070,air,2026-05-27,2026-05-29,3,2,176505.57,622
SHP006606,DC0002,CUST0016,PRD0052,air,2025-01-13,2025-01-18,5,5,39789.33,84
SHP006607,DC0004,CUST0004,PRD0086,ocean,2025-01-04,2025-01-27,23,23,16688.73,311
SHP006608,DC0001,CUST0017,PRD0033,air,2025-09-08,2025-09-14,6,6,114525.28,190
SHP006609,DC0001,CUST0011,PRD0009,air,2025-03-21,2025-03-24,3,3,37516.99,118
SHP006610,DC0002,CUST0001,PRD0146,ocean,2026-06-12,2026-07-06,23,24,21029.27,393
SHP006611,DC0001,CUST0016,PRD0016,air,2025-11-03,2025-11-05,3,2,61058.63,192
SHP006612,DC0002,CUST0022,PRD0072,ocean,2025-11-01,2025-12-02,32,31,11849.37,151
SHP006613,DC0001,CUST0029,PRD0035,ocean,2026-08-10,2026-08-31,20,21,23701.6,523
SHP006614,DC0001,CUST0011,PRD0029,ocean,2025-09-20,2025-10-10,19,20,11996.96,283
SHP006615,DC0006,CUST0003,PRD0120,ocean,2025-10-23,2025-11-22,31,30,4899.2,65
SHP006616,DC0003,CUST0014,PRD0118,ocean,2025-07-03,2025-07-17,14,14,4439.98,150
SHP006617,DC0001,CUST0028,PRD0108,air,2024-10-29,2024-11-01,4,3,48386.06,136
SHP006618,DC0003,CUST0026,PRD0044,air,2026-03-15,2026-03-19,5,4,80803.86,162
SHP006619,DC0003,CUST0002,PRD0088,ocean,2026-01-08,2026-01-19,11,11,3292.37,154
SHP006620,DC0005,CUST0021,PRD0057,ocean,2026-06-10,2026-06-26,15,16,2951.08,92
SHP006621,DC0006,CUST0009,PRD0076,ocean,2024-09-22,2024-10-09,18,17,8983.14,217
SHP006622,DC0003,CUST0015,PRD0041,ocean,2026-01-11,2026-02-02,25,22,13108.4,214
SHP006623,DC0005,CUST0016,PRD0044,ocean,2026-01-11,2026-01-27,14,16,4871.96,156
SHP006624,DC0002,CUST0011,PRD0148,ocean,2025-06-17,2025-07-13,26,26,6418.46,101
SHP006625,DC0003,CUST0001,PRD0142,ocean,2025-11-06,2025-11-28,23,22,5928.34,109
SHP006626,DC0002,CUST0008,PRD0059,air,2026-07-26,2026-07-29,5,3,50842.27,99
SHP006627,DC0005,CUST0013,PRD0023,air,2026-05-04,2026-05-05,2,1,53143.34,449
SHP006628,DC0001,CUST0020,PRD0106,ocean,2024-12-24,2025-01-07,18,14,31707.17,779
SHP006629,DC0006,CUST0003,PRD0134,ocean,2024-11-01,2024-12-01,31,30,11682.71,155
SHP006630,DC0004,CUST0003,PRD0126,air,2026-04-30,2026-05-03,4,3,60752.12,167
SHP006631,DC0002,CUST0007,PRD0056,rail,2025-12-26,2026-01-03,8,8,9850.68,215
SHP006632,DC0001,CUST0003,PRD0122,ocean,2025-07-30,2025-08-27,32,28,9720.99,121
SHP006633,DC0002,CUST0011,PRD0119,ocean,2026-07-29,2026-08-26,26,28,32346.51,509
SHP006634,DC0001,CUST0024,PRD0072,rail,2025-11-09,2025-11-19,10,10,13644.54,234
SHP006635,DC0006,CUST0006,PRD0004,air,2024-09-08,2024-09-10,3,2,20855.22,87
SHP006636,DC0003,CUST0009,PRD0110,ocean,2026-08-09,2026-09-01,24,23,10335.3,182
SHP006637,DC0003,CUST0009,PRD0064,air,2025-12-24,2025-12-29,4,5,37905.55,89
SHP006638,DC0004,CUST0017,PRD0064,ocean,2026-07-26,2026-08-15,20,20,7965.89,167
SHP006639,DC0004,CUST0001,PRD0084,ocean,2025-04-27,2025-05-19,24,22,7667.02,136
SHP006640,DC0003,CUST0023,PRD0112,ocean,2026-02-17,2026-02-26,12,9,430.28,18
SHP006641,DC0006,CUST0026,PRD0149,rail,2026-02-19,2026-02-27,9,8,16804.48,316
SHP006642,DC0004,CUST0012,PRD0057,ocean,2026-07-31,2026-08-22,23,22,7267.4,132
SHP006643,DC0004,CUST0028,PRD0039,ocean,2025-10-22,2025-11-23,35,32,7703.5,89
SHP006644,DC0005,CUST0001,PRD0147,ocean,2025-02-04,2025-02-22,18,18,5658.23,136
SHP006645,DC0006,CUST0005,PRD0002,ocean,2024-10-09,2024-10-21,14,12,3362.22,110
SHP006646,DC0006,CUST0025,PRD0107,rail,2025-12-15,2025-12-21,8,6,3682.53,77
SHP006647,DC0002,CUST0002,PRD0012,air,2025-04-26,2025-04-27,2,1,47500.39,301
SHP006648,DC0002,CUST0011,PRD0011,ocean,2024-10-14,2024-11-09,26,26,9723.02,153
SHP006649,DC0002,CUST0030,PRD0121,air,2024-10-25,2024-10-29,5,4,70123.95,142
SHP006650,DC0004,CUST0012,PRD0130,ocean,2026-07-27,2026-08-19,23,23,9799.98,178
SHP006651,DC0005,CUST0005,PRD0009,air,2025-06-07,2025-06-10,3,3,41735.39,183
SHP006652,DC0005,CUST0012,PRD0109,ocean,2025-06-20,2025-07-20,29,30,7648.62,108
SHP006653,DC0006,CUST0012,PRD0136,ocean,2025-01-11,2025-02-07,29,27,7460.24,105
SHP006654,DC0006,CUST0025,PRD0101,ocean,2026-08-05,2026-08-18,14,13,2295.6,80
SHP006655,DC0001,CUST0023,PRD0123,ocean,2026-05-25,2026-06-12,20,18,14244.93,312
SHP006656,DC0003,CUST0011,PRD0026,ocean,2024-11-07,2024-12-04,26,27,19537.05,306
SHP006657,DC0001,CUST0024,PRD0116,ocean,2026-05-15,2026-05-30,16,15,5877.65,168
SHP006658,DC0001,CUST0008,PRD0127,ocean,2024-12-31,2025-01-20,20,20,21320.94,453
SHP006659,DC0001,CUST0025,PRD0062,ocean,2026-03-23,2026-04-12,18,20,2025.29,51
SHP006660,DC0003,CUST0013,PRD0022,ocean,2025-03-29,2025-04-08,11,10,2020.73,95
SHP006661,DC0004,CUST0016,PRD0143,rail,2026-03-04,2026-03-07,2,3,831.8,140
SHP006662,DC0003,CUST0004,PRD0004,ocean,2025-12-22,2026-01-13,23,22,4357.05,78
SHP006663,DC0006,CUST0027,PRD0105,ocean,2024-11-30,2024-12-11,12,11,13251.55,517
SHP006664,DC0006,CUST0019,PRD0056,ocean,2025-08-26,2025-09-09,12,14,11154.24,476
SHP006665,DC0004,CUST0010,PRD0034,ocean,2025-07-14,2025-07-30,17,16,18469.7,471
SHP006666,DC0006,CUST0026,PRD0092,ocean,2026-04-12,2026-04-25,15,13,7530.11,236
SHP006667,DC0005,CUST0019,PRD0076,ocean,2025-04-17,2025-04-27,12,10,6304.94,271
SHP006668,DC0001,CUST0017,PRD0062,ocean,2026-01-14,2026-02-15,32,32,17439.99,217
SHP006669,DC0005,CUST0005,PRD0024,rail,2024-12-08,2024-12-17,9,9,13227.61,261
SHP006670,DC0004,CUST0006,PRD0005,air,2025-12-31,2026-01-01,2,1,20762.5,274
SHP006671,DC0001,CUST0023,PRD0123,ocean,2026-05-01,2026-05-20,20,19,7807.32,171
SHP006672,DC0006,CUST0016,PRD0079,ocean,2025-09-11,2025-09-24,14,13,4043.18,129
SHP006673,DC0004,CUST0022,PRD0042,ocean,2025-08-25,2025-09-10,18,16,3965.81,99
SHP006674,DC0001,CUST0019,PRD0118,ocean,2026-06-08,2026-06-26,17,18,6410.01,172
SHP006675,DC0002,CUST0014,PRD0147,rail,2025-08-15,2025-08-23,9,8,16816.65,332
SHP006676,DC0001,CUST0003,PRD0150,ocean,2025-10-17,2025-11-18,32,32,8194.55,102
SHP006677,DC0002,CUST0024,PRD0007,ocean,2025-07-08,2025-07-21,14,13,4785.01,156
SHP006678,DC0002,CUST0012,PRD0117,ocean,2026-03-07,2026-04-16,40,40,33759.56,337
SHP006679,DC0006,CUST0013,PRD0119,ocean,2026-04-15,2026-04-22,9,7,5290.94,340
SHP006680,DC0004,CUST0024,PRD0036,ocean,2025-11-23,2025-12-18,23,25,6167.72,113
SHP006681,DC0004,CUST0022,PRD0104,air,2025-07-16,2025-07-19,3,3,175156.69,583
SHP006682,DC0006,CUST0003,PRD0048,ocean,2025-07-10,2025-08-08,31,29,12813.3,170
SHP006683,DC0006,CUST0023,PRD0095,ocean,2024-10-03,2024-10-28,25,25,26529.74,444
SHP006684,DC0002,CUST0019,PRD0119,ocean,2025-05-10,2025-06-03,25,24,8858.97,151
SHP006685,DC0003,CUST0012,PRD0001,ocean,2025-08-06,2025-09-13,40,38,32646.41,323
SHP006686,DC0002,CUST0013,PRD0019,air,2025-02-13,2025-02-15,2,2,6385.92,41
SHP006687,DC0002,CUST0015,PRD0099,ocean,2026-01-15,2026-02-10,25,26,3832.96,63
SHP006688,DC0001,CUST0014,PRD0086,ocean,2024-12-25,2025-01-07,16,13,2713.91,76
SHP006689,DC0005,CUST0027,PRD0136,rail,2025-08-29,2025-09-05,7,7,6536.45,154
SHP006690,DC0003,CUST0020,PRD0009,ocean,2025-12-05,2026-01-02,26,28,5008.03,81
SHP006691,DC0005,CUST0023,PRD0076,ocean,2025-09-19,2025-10-12,25,23,12707.8,212
SHP006692,DC0002,CUST0030,PRD0110,air,2025-04-03,2025-04-07,5,4,21728.55,44
SHP006693,DC0006,CUST0023,PRD0070,ocean,2025-07-18,2025-08-11,25,24,7827.47,131
SHP006694,DC0002,CUST0019,PRD0139,ocean,2026-06-24,2026-07-19,25,25,7978.94,136
SHP006695,DC0006,CUST0003,PRD0148,ocean,2025-08-16,2025-09-16,31,31,8743.19,116
SHP006696,DC0006,CUST0008,PRD0054,air,2024-12-20,2024-12-22,3,2,44065.87,177
SHP006697,DC0003,CUST0023,PRD0021,rail,2024-12-05,2024-12-12,7,7,1912.36,48
SHP006698,DC0002,CUST0012,PRD0086,ocean,2026-06-21,2026-08-01,40,41,25745.42,257
SHP006699,DC0005,CUST0005,PRD0015,rail,2026-05-07,2026-05-16,9,9,8565.0,169
SHP006700,DC0002,CUST0015,PRD0132,ocean,2025-09-18,2025-10-11,25,23,2737.83,45
SHP006701,DC0003,CUST0010,PRD0094,air,2025-04-06,2025-04-10,5,4,83253.75,144
SHP006702,DC0003,CUST0004,PRD0014,ocean,2024-10-08,2024-10-30,23,22,19215.7,344
SHP006703,DC0004,CUST0016,PRD0029,road,2024-10-29,2024-10-30,1,1,1240.56,116
SHP006704,DC0004,CUST0024,PRD0099,ocean,2024-10-06,2024-10-29,23,23,2347.01,43
SHP006705,DC0002,CUST0028,PRD0094,rail,2024-11-21,2024-11-29,8,8,2950.01,68
SHP006706,DC0006,CUST0016,PRD0120,ocean,2025-07-09,2025-07-22,14,13,7114.74,227
SHP006707,DC0002,CUST0005,PRD0011,ocean,2024-11-11,2024-12-06,27,25,6508.53,100
SHP006708,DC0003,CUST0005,PRD0094,ocean,2025-12-27,2026-01-21,27,25,13810.05,211
SHP006709,DC0004,CUST0024,PRD0094,ocean,2025-10-21,2025-11-15,23,25,3929.88,72
SHP006710,DC0002,CUST0003,PRD0045,ocean,2025-03-06,2025-04-11,36,36,8895.85,99
SHP006711,DC0005,CUST0005,PRD0144,air,2025-03-08,2025-03-10,3,2,7069.93,31
SHP006712,DC0006,CUST0029,PRD0018,rail,2024-11-02,2024-11-14,10,12,40998.88,704
SHP006713,DC0003,CUST0017,PRD0144,ocean,2025-09-04,2025-10-05,36,31,72767.71,808
SHP006714,DC0005,CUST0017,PRD0053,air,2024-11-25,2024-11-30,5,5,86901.8,155
SHP006715,DC0005,CUST0011,PRD0036,rail,2025-12-28,2026-01-05,9,8,15379.64,307
SHP006716,DC0002,CUST0014,PRD0086,rail,2025-01-12,2025-01-21,9,9,2887.2,57
SHP006717,DC0002,CUST0020,PRD0062,ocean,2025-01-14,2025-02-10,26,27,2524.96,41
SHP006718,DC0002,CUST0009,PRD0139,ocean,2025-06-16,2025-07-09,23,23,5701.68,102
SHP006719,DC0004,CUST0002,PRD0030,ocean,2024-11-03,2024-11-22,18,19,24342.29,610
SHP006720,DC0002,CUST0025,PRD0123,ocean,2026-06-02,2026-06-26,25,24,5448.99,90
SHP006721,DC0002,CUST0024,PRD0149,ocean,2025-04-08,2025-04-22,14,14,4416.94,144
SHP006722,DC0004,CUST0005,PRD0054,road,2025-11-04,2025-11-05,1,1,1624.44,96
SHP006723,DC0003,CUST0021,PRD0058,ocean,2025-07-31,2025-08-25,28,25,21018.53,308
SHP006724,DC0005,CUST0021,PRD0083,ocean,2026-01-03,2026-01-17,15,14,16968.72,529
SHP006725,DC0004,CUST0009,PRD0091,ocean,2025-11-30,2025-12-22,23,22,4652.15,86
SHP006726,DC0005,CUST0022,PRD0069,ocean,2025-03-15,2025-04-09,27,25,19300.3,299
SHP006727,DC0005,CUST0027,PRD0129,rail,2026-08-06,2026-08-13,7,7,31408.89,740
SHP006728,DC0001,CUST0001,PRD0109,ocean,2026-05-29,2026-06-17,21,19,13836.42,282
SHP006729,DC0006,CUST0013,PRD0071,ocean,2025-01-17,2025-01-25,9,8,1307.17,84
SHP006730,DC0004,CUST0002,PRD0014,ocean,2025-01-16,2025-01-31,18,15,2873.19,72
SHP006731,DC0003,CUST0001,PRD0017,ocean,2026-02-28,2026-03-23,23,23,17186.74,316
SHP006732,DC0006,CUST0017,PRD0096,ocean,2025-11-16,2025-12-13,30,27,14963.94,200
SHP006733,DC0001,CUST0015,PRD0089,ocean,2026-05-29,2026-06-14,17,16,4692.56,119
SHP006734,DC0002,CUST0013,PRD0116,rail,2024-11-20,2024-11-27,6,7,8410.73,243
SHP006735,DC0001,CUST0017,PRD0125,ocean,2025-09-26,2025-10-27,32,31,62526.78,778
SHP006736,DC0002,CUST0020,PRD0129,ocean,2024-09-08,2024-10-08,26,30,7451.71,121
SHP006737,DC0003,CUST0006,PRD0135,ocean,2024-11-27,2024-12-25,28,28,21329.27,314
SHP006738,DC0002,CUST0006,PRD0032,ocean,2025-01-06,2025-02-05,28,30,18827.07,279
SHP006739,DC0002,CUST0026,PRD0121,ocean,2025-08-16,2025-09-12,27,27,9990.57,151
SHP006740,DC0001,CUST0020,PRD0137,ocean,2026-01-19,2026-02-03,18,15,7204.33,177
SHP006741,DC0002,CUST0024,PRD0137,ocean,2026-05-27,2026-06-10,14,14,7944.35,259
SHP006742,DC0003,CUST0016,PRD0075,ocean,2026-08-06,2026-08-30,26,24,25477.41,402
SHP006743,DC0001,CUST0024,PRD0116,ocean,2025-11-14,2025-11-30,16,16,5667.73,162
SHP006744,DC0001,CUST0012,PRD0095,ocean,2025-08-23,2025-09-26,35,34,28478.24,330
SHP006745,DC0001,CUST0003,PRD0017,ocean,2025-11-27,2025-12-28,32,31,48122.92,599
SHP006746,DC0001,CUST0003,PRD0049,ocean,2026-08-12,2026-09-13,32,32,11568.78,144
SHP006747,DC0003,CUST0003,PRD0118,air,2025-05-23,2025-05-29,6,6,82268.17,123
SHP006748,DC0006,CUST0008,PRD0023,ocean,2026-01-06,2026-01-21,15,15,7004.07,211
SHP006749,DC0006,CUST0001,PRD0021,air,2026-01-18,2026-01-20,3,2,45693.84,146
SHP006750,DC0003,CUST0001,PRD0101,air,2025-06-17,2025-06-19,4,2,162349.45,398
SHP006751,DC0002,CUST0029,PRD0046,ocean,2025-04-11,2025-05-06,27,25,28879.54,440
SHP006752,DC0001,CUST0007,PRD0074,rail,2024-12-03,2024-12-11,9,8,3000.0,58
SHP006753,DC0006,CUST0022,PRD0020,air,2024-09-14,2024-09-19,5,5,38740.09,80
SHP006754,DC0004,CUST0023,PRD0028,ocean,2024-11-24,2024-12-27,34,33,21082.6,248
SHP006755,DC0005,CUST0003,PRD0043,ocean,2024-09-15,2024-10-17,31,32,10016.88,133
SHP006756,DC0003,CUST0016,PRD0071,air,2026-08-09,2026-08-14,5,5,110275.35,232
SHP006757,DC0003,CUST0019,PRD0029,ocean,2026-05-20,2026-06-12,25,23,14363.55,243
SHP006758,DC0004,CUST0016,PRD0038,road,2025-02-02,2025-02-03,1,1,2010.57,188
SHP006759,DC0001,CUST0019,PRD0128,ocean,2025-12-18,2025-12-31,17,13,2645.99,71
SHP006760,DC0001,CUST0009,PRD0039,air,2025-12-19,2025-12-21,4,2,34834.4,93
SHP006761,DC0005,CUST0026,PRD0053,ocean,2025-07-17,2025-08-01,15,15,3905.72,123
SHP006762,DC0003,CUST0018,PRD0134,ocean,2025-12-02,2025-12-26,25,24,6325.65,106
SHP006763,DC0002,CUST0008,PRD0006,ocean,2026-03-31,2026-04-27,28,27,10818.96,158
SHP006764,DC0005,CUST0013,PRD0076,air,2025-01-20,2025-01-21,2,1,54563.65,461
SHP006765,DC0004,CUST0010,PRD0107,air,2025-04-10,2025-04-13,3,3,197049.37,670
SHP006766,DC0003,CUST0015,PRD0139,ocean,2025-08-06,2025-08-29,25,23,4900.34,80
SHP006767,DC0006,CUST0001,PRD0034,air,2025-08-14,2025-08-17,3,3,42564.13,136
SHP006768,DC0005,CUST0008,PRD0122,air,2024-09-19,2024-09-21,3,2,70577.65,285
SHP006769,DC0004,CUST0019,PRD0089,road,2025-01-02,2025-01-03,1,1,2093.79,91
SHP006770,DC0001,CUST0015,PRD0108,air,2024-12-23,2024-12-25,3,2,29870.71,101
SHP006771,DC0004,CUST0019,PRD0114,road,2026-01-27,2026-01-28,1,1,4164.57,181
SHP006772,DC0002,CUST0016,PRD0006,ocean,2026-08-04,2026-08-29,26,25,4042.09,64
SHP006773,DC0002,CUST0029,PRD0075,ocean,2025-08-12,2025-09-06,27,25,8204.41,125
SHP006774,DC0003,CUST0001,PRD0049,air,2026-05-21,2026-05-24,4,3,28553.92,70
SHP006775,DC0005,CUST0026,PRD0017,rail,2025-11-02,2025-11-10,9,8,44137.75,834
SHP006776,DC0002,CUST0019,PRD0006,ocean,2025-01-28,2025-02-23,25,26,8741.63,149
SHP006777,DC0001,CUST0016,PRD0060,ocean,2025-10-22,2025-11-11,19,20,5851.45,138
SHP006778,DC0003,CUST0024,PRD0134,ocean,2026-05-02,2026-05-16,14,14,11662.83,390
SHP006779,DC0003,CUST0028,PRD0086,air,2024-10-10,2024-10-12,2,2,7303.43,38
SHP006780,DC0002,CUST0014,PRD0106,rail,2024-09-09,2024-09-18,9,9,11396.83,225
SHP006781,DC0005,CUST0011,PRD0149,ocean,2025-12-05,2025-12-19,14,14,2554.92,85
SHP006782,DC0004,CUST0008,PRD0088,rail,2026-02-03,2026-02-07,3,4,8216.6,500
SHP006783,DC0006,CUST0016,PRD0084,rail,2026-08-16,2026-08-25,9,9,7469.96,143
SHP006784,DC0005,CUST0004,PRD0125,ocean,2026-05-13,2026-05-28,18,15,5160.44,128
SHP006785,DC0006,CUST0019,PRD0136,ocean,2026-02-21,2026-03-03,12,10,2718.26,116
SHP006786,DC0003,CUST0001,PRD0141,air,2025-11-10,2025-11-13,4,3,221088.95,542
SHP006787,DC0002,CUST0011,PRD0114,ocean,2025-10-11,2025-11-04,26,24,6863.31,108
SHP006788,DC0003,CUST0026,PRD0118,ocean,2025-04-03,2025-04-29,27,26,38107.5,573
SHP006789,DC0003,CUST0014,PRD0078,rail,2025-08-23,2025-08-30,8,7,23186.57,470
SHP006790,DC0002,CUST0002,PRD0146,rail,2025-08-22,2025-08-27,6,5,4664.12,133
SHP006791,DC0006,CUST0023,PRD0034,air,2025-11-07,2025-11-10,4,3,48398.85,108
SHP006792,DC0002,CUST0027,PRD0079,air,2025-11-21,2025-11-25,5,4,122893.78,270
SHP006793,DC0004,CUST0002,PRD0044,ocean,2026-01-09,2026-01-26,18,17,7941.17,199
SHP006794,DC0003,CUST0026,PRD0067,ocean,2026-04-19,2026-05-17,27,28,14697.66,221
SHP006795,DC0006,CUST0021,PRD0059,rail,2025-08-24,2025-09-03,9,10,13226.14,246
SHP006796,DC0001,CUST0003,PRD0124,ocean,2026-02-04,2026-03-06,32,30,14541.32,181
SHP006797,DC0002,CUST0021,PRD0096,ocean,2025-09-22,2025-10-19,28,27,20609.27,304
SHP006798,DC0003,CUST0016,PRD0074,ocean,2025-07-07,2025-08-02,26,26,7034.81,111
SHP006799,DC0006,CUST0016,PRD0013,ocean,2025-04-21,2025-05-04,14,13,4638.69,148
SHP006800,DC0002,CUST0002,PRD0038,rail,2024-10-20,2024-10-24,6,4,3401.65,97
SHP006801,DC0001,CUST0021,PRD0091,air,2026-06-14,2026-06-18,4,4,52199.38,150
SHP006802,DC0003,CUST0006,PRD0073,ocean,2025-07-03,2025-07-29,28,26,26016.28,383
SHP006803,DC0001,CUST0008,PRD0117,ocean,2025-08-13,2025-09-01,20,19,3482.89,74
SHP006804,DC0006,CUST0017,PRD0043,air,2025-08-29,2025-09-02,5,4,140286.93,250
SHP006805,DC0002,CUST0020,PRD0042,ocean,2026-07-17,2026-08-12,26,26,3510.31,57
SHP006806,DC0006,CUST0001,PRD0138,ocean,2025-05-13,2025-06-01,18,19,3588.74,86
SHP006807,DC0003,CUST0023,PRD0074,ocean,2026-01-23,2026-02-03,12,11,6430.32,269
SHP006808,DC0004,CUST0026,PRD0047,road,2024-09-19,2024-09-20,1,1,1333.72,75
SHP006809,DC0001,CUST0025,PRD0045,ocean,2025-04-01,2025-04-19,18,18,13899.05,350
SHP006810,DC0004,CUST0009,PRD0040,air,2025-01-21,2025-01-24,4,3,30428.33,75
SHP006811,DC0001,CUST0009,PRD0042,ocean,2025-05-11,2025-05-30,21,19,5094.06,102
SHP006812,DC0003,CUST0025,PRD0061,ocean,2025-02-19,2025-03-14,25,23,18051.89,297
SHP006813,DC0006,CUST0010,PRD0030,air,2025-02-10,2025-02-15,5,5,129159.89,271
SHP006814,DC0003,CUST0025,PRD0011,ocean,2026-06-25,2026-07-18,25,23,8266.18,136
SHP006815,DC0006,CUST0001,PRD0082,ocean,2025-05-08,2025-05-25,18,17,4924.09,118
SHP006816,DC0003,CUST0021,PRD0148,ocean,2025-11-15,2025-12-11,28,26,11874.1,174
SHP006817,DC0004,CUST0011,PRD0033,road,2026-05-08,2026-05-09,1,1,1355.28,166
SHP006818,DC0002,CUST0021,PRD0113,ocean,2025-12-24,2026-01-21,28,28,6508.19,96
SHP006819,DC0002,CUST0016,PRD0067,ocean,2024-12-08,2025-01-01,26,24,5684.19,90
SHP006820,DC0006,CUST0002,PRD0095,air,2025-04-05,2025-04-07,2,2,24702.81,193
SHP006821,DC0004,CUST0009,PRD0048,ocean,2026-02-02,2026-02-22,23,20,19528.23,361
SHP006822,DC0006,CUST0022,PRD0053,ocean,2026-08-01,2026-08-26,27,25,2711.81,42
SHP006823,DC0003,CUST0029,PRD0144,air,2026-05-01,2026-05-06,5,5,137162.67,278
SHP006824,DC0006,CUST0012,PRD0009,ocean,2026-01-05,2026-02-04,29,30,12717.93,179
SHP006825,DC0004,CUST0013,PRD0082,ocean,2026-02-19,2026-03-10,18,19,5603.99,137
SHP006826,DC0004,CUST0014,PRD0089,ocean,2026-04-04,2026-04-28,24,24,5937.3,106
SHP006827,DC0003,CUST0016,PRD0038,ocean,2026-04-07,2026-05-02,26,25,4119.48,65
SHP006828,DC0006,CUST0026,PRD0096,rail,2026-05-10,2026-05-21,9,11,6913.23,130
SHP006829,DC0003,CUST0001,PRD0115,ocean,2025-11-29,2025-12-20,23,21,8375.82,154
SHP006830,DC0001,CUST0017,PRD0139,ocean,2025-03-28,2025-05-01,32,34,5384.7,67
SHP006831,DC0006,CUST0016,PRD0042,rail,2026-03-01,2026-03-10,9,9,6738.63,129
SHP006832,DC0002,CUST0002,PRD0137,ocean,2026-01-01,2026-01-11,11,10,1788.5,85
SHP006833,DC0006,CUST0005,PRD0078,rail,2024-12-06,2024-12-14,9,8,15079.04,296
SHP006834,DC0003,CUST0006,PRD0032,ocean,2025-01-26,2025-02-22,28,27,7947.53,117
SHP006835,DC0001,CUST0025,PRD0007,air,2025-11-17,2025-11-20,3,3,137302.76,461
SHP006836,DC0002,CUST0011,PRD0104,air,2024-11-16,2024-11-21,5,5,203516.09,427
SHP006837,DC0001,CUST0017,PRD0128,ocean,2025-07-03,2025-08-01,32,29,10287.18,128
SHP006838,DC0004,CUST0006,PRD0038,ocean,2026-08-26,2026-09-02,7,7,1656.96,164
SHP006839,DC0006,CUST0016,PRD0118,ocean,2025-04-12,2025-04-26,14,14,4074.52,130
SHP006840,DC0004,CUST0016,PRD0082,rail,2025-02-03,2025-02-06,2,3,897.15,151
SHP006841,DC0004,CUST0002,PRD0040,ocean,2024-10-08,2024-10-26,18,18,4190.07,105
SHP006842,DC0001,CUST0002,PRD0002,road,2024-09-17,2024-09-18,1,1,974.98,133
SHP006843,DC0004,CUST0012,PRD0140,ocean,2026-06-05,2026-06-28,23,23,4734.82,86
SHP006844,DC0002,CUST0019,PRD0130,air,2025-05-21,2025-05-24,4,3,55001.85,125
SHP006845,DC0004,CUST0020,PRD0085,road,2024-12-28,2024-12-29,1,1,200.56,36
SHP006846,DC0005,CUST0022,PRD0076,ocean,2026-04-28,2026-05-28,27,30,4712.11,73
SHP006847,DC0002,CUST0019,PRD0122,ocean,2026-06-15,2026-07-10,25,25,10091.01,172
SHP006848,DC0002,CUST0006,PRD0075,ocean,2024-09-27,2024-10-23,28,26,16330.29,242
SHP006849,DC0006,CUST0018,PRD0147,ocean,2024-10-20,2024-11-02,12,13,7263.87,302
SHP006850,DC0006,CUST0028,PRD0038,air,2025-07-13,2025-07-17,5,4,173952.4,376
SHP006851,DC0005,CUST0021,PRD0145,ocean,2025-11-26,2025-12-12,15,16,8564.55,267
SHP006852,DC0001,CUST0017,PRD0114,ocean,2024-11-30,2025-01-05,32,36,11573.08,144
SHP006853,DC0005,CUST0030,PRD0087,rail,2025-02-13,2025-02-22,9,9,9889.09,177
SHP006854,DC0002,CUST0006,PRD0029,air,2025-03-10,2025-03-15,5,5,108306.24,214
SHP006855,DC0001,CUST0011,PRD0123,air,2025-05-09,2025-05-12,3,3,100787.16,317
SHP006856,DC0001,CUST0011,PRD0011,ocean,2025-05-19,2025-06-05,19,17,1992.43,47
SHP006857,DC0004,CUST0011,PRD0036,road,2024-10-07,2024-10-08,1,1,2073.74,254
SHP006858,DC0004,CUST0017,PRD0142,ocean,2026-06-03,2026-06-23,20,20,9826.18,206
SHP006859,DC0002,CUST0009,PRD0030,ocean,2025-03-17,2025-04-07,23,21,4248.31,76
SHP006860,DC0006,CUST0020,PRD0079,ocean,2024-12-22,2025-01-04,14,13,11844.5,402
SHP006861,DC0004,CUST0024,PRD0007,ocean,2026-01-18,2026-02-07,23,20,30183.64,553
SHP006862,DC0001,CUST0005,PRD0103,air,2025-09-13,2025-09-16,4,3,22957.04,70
SHP006863,DC0002,CUST0025,PRD0057,ocean,2026-01-03,2026-01-27,25,24,18042.2,298
SHP006864,DC0006,CUST0004,PRD0115,ocean,2026-01-29,2026-02-15,18,17,4207.44,104
SHP006865,DC0003,CUST0021,PRD0092,air,2026-07-08,2026-07-12,5,4,195001.43,381
SHP006866,DC0003,CUST0004,PRD0024,ocean,2025-07-18,2025-08-11,23,24,26254.01,470
SHP006867,DC0004,CUST0025,PRD0084,road,2025-08-01,2025-08-02,1,1,2477.1,398
SHP006868,DC0005,CUST0013,PRD0015,rail,2026-05-07,2026-05-11,5,4,6707.03,255
SHP006869,DC0006,CUST0027,PRD0050,ocean,2024-11-23,2024-12-03,12,10,4870.01,190
SHP006870,DC0001,CUST0012,PRD0150,ocean,2024-11-19,2024-12-24,35,35,8025.69,93
SHP006871,DC0002,CUST0028,PRD0135,ocean,2025-11-21,2025-12-03,13,12,2108.39,81
SHP006872,DC0006,CUST0012,PRD0057,ocean,2026-03-25,2026-04-24,29,30,7247.09,102
SHP006873,DC0004,CUST0018,PRD0072,road,2026-07-23,2026-07-24,1,1,11925.54,547
SHP006874,DC0004,CUST0001,PRD0051,ocean,2026-04-24,2026-05-20,24,26,13022.66,231
SHP006875,DC0002,CUST0009,PRD0006,ocean,2024-10-04,2024-10-25,23,21,27614.0,494
SHP006876,DC0001,CUST0020,PRD0022,ocean,2024-11-19,2024-12-05,18,16,24014.42,590
SHP006877,DC0005,CUST0002,PRD0138,ocean,2025-12-05,2025-12-12,9,7,1245.24,72
SHP006878,DC0006,CUST0018,PRD0115,rail,2026-05-29,2026-06-05,7,7,3808.32,95
SHP006879,DC0006,CUST0015,PRD0023,rail,2026-06-27,2026-07-04,7,7,4051.77,94
SHP006880,DC0002,CUST0001,PRD0132,ocean,2024-12-27,2025-01-18,23,22,11772.11,220
SHP006881,DC0006,CUST0023,PRD0101,ocean,2025-04-04,2025-04-27,25,23,5736.16,96
SHP006882,DC0006,CUST0023,PRD0050,ocean,2025-07-21,2025-08-15,25,25,11233.31,188
SHP006883,DC0003,CUST0028,PRD0126,ocean,2025-09-06,2025-09-17,12,11,1947.58,76
SHP006884,DC0001,CUST0003,PRD0082,ocean,2026-02-17,2026-03-20,32,31,20325.71,253
SHP006885,DC0002,CUST0014,PRD0131,air,2024-11-15,2024-11-17,3,2,22337.78,98
SHP006886,DC0006,CUST0022,PRD0015,air,2025-12-17,2025-12-22,5,5,62468.39,129
SHP006887,DC0004,CUST0025,PRD0093,road,2025-05-04,2025-05-05,1,1,5900.22,948
SHP006888,DC0002,CUST0006,PRD0102,ocean,2024-12-13,2025-01-11,28,29,13361.14,198
SHP006889,DC0005,CUST0006,PRD0038,ocean,2026-05-13,2026-05-28,15,15,7976.96,251
SHP006890,DC0002,CUST0017,PRD0110,air,2025-07-19,2025-07-23,6,4,46943.5,69
SHP006891,DC0005,CUST0003,PRD0095,air,2025-07-02,2025-07-07,5,5,326490.09,578
SHP006892,DC0003,CUST0007,PRD0099,rail,2026-03-16,2026-03-25,8,9,11064.38,248
SHP006893,DC0003,CUST0028,PRD0096,ocean,2025-03-01,2025-03-12,12,11,2536.98,99
SHP006894,DC0001,CUST0011,PRD0004,ocean,2026-04-14,2026-05-03,19,19,2246.78,53
SHP006895,DC0004,CUST0012,PRD0073,ocean,2025-05-09,2025-06-04,23,26,11671.88,212
SHP006896,DC0003,CUST0007,PRD0089,ocean,2025-09-05,2025-09-20,13,15,2998.09,112
SHP006897,DC0005,CUST0006,PRD0090,rail,2024-11-04,2024-11-13,9,9,17108.61,323
SHP006898,DC0002,CUST0010,PRD0079,ocean,2025-06-01,2025-06-30,31,29,12576.61,162
SHP006899,DC0004,CUST0018,PRD0115,rail,2026-03-06,2026-03-10,3,4,7267.24,600
SHP006900,DC0005,CUST0020,PRD0144,rail,2025-05-23,2025-05-31,8,8,6995.25,143
SHP006901,DC0005,CUST0019,PRD0023,ocean,2025-12-30,2026-01-12,12,13,2605.73,112
SHP006902,DC0006,CUST0013,PRD0056,ocean,2024-12-23,2025-01-02,9,10,2038.57,131
SHP006903,DC0003,CUST0016,PRD0114,ocean,2026-03-05,2026-03-30,26,25,6020.78,95
SHP006904,DC0005,CUST0011,PRD0107,ocean,2025-07-07,2025-07-19,14,12,1923.71,64
SHP006905,DC0005,CUST0019,PRD0114,ocean,2025-02-16,2025-03-01,12,13,3955.13,170
SHP006906,DC0003,CUST0023,PRD0074,ocean,2026-04-09,2026-04-19,12,10,4852.62,203
SHP006907,DC0006,CUST0025,PRD0042,ocean,2025-07-01,2025-07-15,14,14,3299.93,115
SHP006908,DC0004,CUST0012,PRD0109,ocean,2025-06-28,2025-07-23,23,25,33474.08,608
SHP006909,DC0002,CUST0021,PRD0107,ocean,2025-08-03,2025-08-31,28,28,11728.3,173
SHP006910,DC0005,CUST0029,PRD0036,rail,2026-05-15,2026-05-23,10,8,26942.61,464
SHP006911,DC0004,CUST0010,PRD0023,air,2026-04-03,2026-04-06,3,3,90583.89,308
SHP006912,DC0002,CUST0018,PRD0037,ocean,2025-05-24,2025-06-17,25,24,38802.74,655
SHP006913,DC0002,CUST0024,PRD0054,rail,2024-09-25,2024-10-01,9,6,4243.12,83
SHP006914,DC0003,CUST0030,PRD0078,ocean,2024-12-18,2025-01-14,27,27,8786.87,133
SHP006915,DC0001,CUST0007,PRD0122,ocean,2024-09-11,2024-09-26,14,15,1427.58,46
SHP006916,DC0003,CUST0024,PRD0135,air,2026-04-12,2026-04-15,3,3,60781.29,271
SHP006917,DC0006,CUST0013,PRD0086,ocean,2026-07-21,2026-08-01,9,11,1198.24,77
SHP006918,DC0006,CUST0012,PRD0017,ocean,2024-11-04,2024-12-04,29,30,9946.99,140
SHP006919,DC0002,CUST0026,PRD0097,ocean,2025-04-20,2025-05-15,27,25,26729.75,404
SHP006920,DC0002,CUST0028,PRD0023,rail,2026-08-17,2026-08-25,8,8,3947.81,91
SHP006921,DC0005,CUST0018,PRD0002,rail,2025-01-01,2025-01-06,7,5,11783.53,296
SHP006922,DC0002,CUST0025,PRD0105,ocean,2024-10-18,2024-11-08,25,21,13077.57,216
SHP006923,DC0006,CUST0030,PRD0070,air,2026-03-09,2026-03-10,3,1,20186.37,80
SHP006924,DC0006,CUST0009,PRD0107,ocean,2025-12-27,2026-01-12,18,16,6499.32,157
SHP006925,DC0001,CUST0024,PRD0045,ocean,2025-12-13,2025-12-28,16,15,4443.22,127
SHP006926,DC0001,CUST0009,PRD0143,ocean,2026-06-21,2026-07-12,21,21,10088.24,202
SHP006927,DC0004,CUST0004,PRD0119,ocean,2024-10-15,2024-11-09,23,25,3702.64,69
SHP006928,DC0004,CUST0026,PRD0146,rail,2025-12-06,2025-12-07,2,1,2677.31,271
SHP006929,DC0003,CUST0012,PRD0036,ocean,2026-02-03,2026-03-14,40,39,21023.07,208
SHP006930,DC0001,CUST0030,PRD0052,air,2025-12-27,2025-12-31,4,4,131394.5,389
SHP006931,DC0005,CUST0021,PRD0048,rail,2025-09-16,2025-09-25,9,9,7003.47,131
SHP006932,DC0001,CUST0004,PRD0098,ocean,2025-04-06,2025-04-25,21,19,4645.66,95
SHP006933,DC0002,CUST0030,PRD0075,ocean,2025-06-22,2025-07-17,27,25,13827.26,210
SHP006934,DC0004,CUST0022,PRD0142,ocean,2026-01-11,2026-01-29,18,18,4446.52,111
SHP006935,DC0003,CUST0023,PRD0126,ocean,2025-10-10,2025-10-21,12,11,4613.58,193
SHP006936,DC0005,CUST0004,PRD0011,ocean,2025-04-12,2025-04-30,18,18,13707.43,340
SHP006937,DC0002,CUST0014,PRD0078,ocean,2026-02-25,2026-03-10,14,13,8448.85,278
SHP006938,DC0006,CUST0018,PRD0150,air,2026-06-26,2026-06-27,2,1,26157.16,145
SHP006939,DC0002,CUST0018,PRD0078,ocean,2024-09-09,2024-10-03,25,24,23163.16,391
SHP006940,DC0003,CUST0023,PRD0127,ocean,2025-03-26,2025-04-06,12,11,5641.47,236
SHP006941,DC0004,CUST0023,PRD0144,ocean,2025-09-22,2025-10-25,34,33,19297.38,227
SHP006942,DC0005,CUST0010,PRD0119,ocean,2026-07-04,2026-07-29,26,25,20393.67,321
SHP006943,DC0001,CUST0020,PRD0058,ocean,2026-01-25,2026-02-12,18,18,13187.58,324
SHP006944,DC0001,CUST0024,PRD0007,rail,2025-07-24,2025-08-02,10,9,7638.61,131
SHP006945,DC0006,CUST0024,PRD0001,ocean,2025-01-30,2025-02-16,20,17,4985.25,105
SHP006946,DC0006,CUST0007,PRD0040,air,2025-10-04,2025-10-07,4,3,65724.96,200
SHP006947,DC0001,CUST0026,PRD0068,ocean,2026-03-30,2026-04-18,19,19,9822.65,219
SHP006948,DC0005,CUST0014,PRD0077,ocean,2025-12-21,2026-01-10,21,20,8671.52,178
SHP006949,DC0003,CUST0005,PRD0121,ocean,2026-01-23,2026-02-16,27,24,35735.95,546
SHP006950,DC0006,CUST0026,PRD0032,rail,2026-06-10,2026-06-19,9,9,3669.33,69
SHP006951,DC0003,CUST0028,PRD0074,rail,2026-03-25,2026-03-31,7,6,4569.99,107
SHP006952,DC0006,CUST0015,PRD0107,ocean,2025-06-24,2025-07-05,12,11,3801.77,147
SHP006953,DC0005,CUST0006,PRD0046,rail,2025-01-25,2025-02-03,9,9,23994.43,453
SHP006954,DC0003,CUST0002,PRD0126,ocean,2025-04-10,2025-04-20,11,10,4810.27,225
SHP006955,DC0001,CUST0028,PRD0063,ocean,2024-09-30,2024-10-21,20,21,2656.49,56
SHP006956,DC0004,CUST0027,PRD0008,road,2025-05-04,2025-05-05,1,1,1013.07,53
SHP006957,DC0004,CUST0004,PRD0031,ocean,2026-02-12,2026-03-09,23,25,12073.84,225
SHP006958,DC0002,CUST0018,PRD0071,ocean,2026-02-23,2026-03-19,25,24,8886.12,150
SHP006959,DC0002,CUST0002,PRD0127,rail,2024-12-04,2024-12-07,6,3,7715.09,220
SHP006960,DC0001,CUST0010,PRD0018,ocean,2026-08-25,2026-09-22,27,28,2738.09,41
SHP006961,DC0003,CUST0008,PRD0093,air,2025-03-29,2025-04-02,5,4,133308.97,258
SHP006962,DC0005,CUST0014,PRD0149,air,2024-11-10,2024-11-13,4,3,25576.11,70
SHP006963,DC0003,CUST0026,PRD0124,ocean,2025-10-09,2025-11-03,27,25,11438.9,172
SHP006964,DC0004,CUST0027,PRD0145,rail,2025-09-17,2025-09-20,3,3,807.06,76
SHP006965,DC0005,CUST0007,PRD0112,air,2026-03-07,2026-03-11,4,4,37646.16,114
SHP006966,DC0001,CUST0015,PRD0067,ocean,2024-12-29,2025-01-16,17,18,4061.63,103
SHP006967,DC0003,CUST0015,PRD0122,ocean,2024-09-24,2024-10-18,25,24,9371.9,153
SHP006968,DC0004,CUST0007,PRD0031,air,2026-04-05,2026-04-08,4,3,138488.86,349
SHP006969,DC0005,CUST0025,PRD0096,air,2025-11-08,2025-11-11,3,3,88979.11,415
SHP006970,DC0002,CUST0024,PRD0132,rail,2025-02-26,2025-03-05,9,7,5674.54,111
SHP006971,DC0003,CUST0017,PRD0148,ocean,2026-03-20,2026-04-26,36,37,39355.8,437
SHP006972,DC0002,CUST0030,PRD0005,ocean,2026-02-13,2026-03-11,27,26,7177.0,109
SHP006973,DC0001,CUST0023,PRD0067,ocean,2026-08-21,2026-09-10,20,20,19084.56,418
SHP006974,DC0006,CUST0005,PRD0042,ocean,2024-11-23,2024-12-07,14,14,22771.39,745
SHP006975,DC0003,CUST0011,PRD0149,ocean,2024-10-17,2024-11-11,26,25,17174.73,269
SHP006976,DC0003,CUST0024,PRD0015,ocean,2025-06-01,2025-06-14,14,13,4784.75,160
SHP006977,DC0002,CUST0018,PRD0038,ocean,2025-12-03,2025-12-28,25,25,25236.59,426
SHP006978,DC0002,CUST0026,PRD0082,air,2025-05-19,2025-05-23,5,4,85349.94,172
SHP006979,DC0006,CUST0007,PRD0119,air,2024-10-08,2024-10-12,4,4,59809.72,182
SHP006980,DC0003,CUST0020,PRD0035,air,2025-12-20,2025-12-25,5,5,70483.43,152
SHP006981,DC0006,CUST0024,PRD0092,ocean,2024-12-03,2024-12-23,20,20,10112.93,213
SHP006982,DC0002,CUST0030,PRD0042,ocean,2025-04-08,2025-05-05,27,27,13629.72,207
SHP006983,DC0002,CUST0023,PRD0014,air,2026-02-20,2026-02-21,2,1,16381.36,90
SHP006984,DC0006,CUST0008,PRD0070,rail,2025-07-29,2025-08-09,9,11,4979.19,90
SHP006985,DC0002,CUST0001,PRD0093,ocean,2026-08-18,2026-09-07,23,20,12093.17,226
SHP006986,DC0002,CUST0008,PRD0108,ocean,2026-04-11,2026-05-06,28,25,16913.19,247
SHP006987,DC0006,CUST0016,PRD0092,ocean,2026-08-23,2026-09-06,14,14,4043.18,129
SHP006988,DC0002,CUST0001,PRD0013,ocean,2025-10-19,2025-11-11,23,23,6153.6,115
SHP006989,DC0003,CUST0022,PRD0075,air,2026-06-15,2026-06-21,6,6,106350.65,182
SHP006990,DC0004,CUST0008,PRD0075,ocean,2025-12-03,2025-12-07,7,4,3746.77,380
SHP006991,DC0002,CUST0008,PRD0136,ocean,2025-09-26,2025-10-22,28,26,7943.04,116
SHP006992,DC0001,CUST0007,PRD0020,ocean,2025-11-10,2025-11-23,14,13,6144.82,198
SHP006993,DC0006,CUST0022,PRD0132,ocean,2025-05-16,2025-06-13,27,28,15883.44,246
SHP006994,DC0004,CUST0026,PRD0050,road,2025-03-29,2025-03-30,1,1,5886.14,331
SHP006995,DC0002,CUST0030,PRD0047,ocean,2026-03-27,2026-04-24,27,28,28049.58,426
SHP006996,DC0002,CUST0015,PRD0025,ocean,2026-02-04,2026-02-27,25,23,3954.64,65
SHP006997,DC0005,CUST0011,PRD0043,ocean,2026-01-05,2026-01-20,14,15,8356.1,278
SHP006998,DC0002,CUST0015,PRD0140,ocean,2026-02-04,2026-02-28,25,24,19712.36,324
SHP006999,DC0003,CUST0018,PRD0083,ocean,2025-09-16,2025-10-11,25,25,9428.8,158
SHP007000,DC0002,CUST0029,PRD0081,ocean,2025-03-02,2025-03-28,27,26,32161.31,490
SHP007001,DC0002,CUST0029,PRD0078,ocean,2025-04-30,2025-05-25,27,25,12864.52,196
SHP007002,DC0004,CUST0022,PRD0070,ocean,2025-10-31,2025-11-17,18,17,11657.08,291
SHP007003,DC0003,CUST0003,PRD0093,air,2026-04-24,2026-04-29,6,5,26085.03,39
SHP007004,DC0002,CUST0014,PRD0025,ocean,2025-05-24,2025-06-05,14,12,4862.65,160
SHP007005,DC0004,CUST0015,PRD0137,road,2024-11-14,2024-11-15,1,1,7352.37,405
SHP007006,DC0005,CUST0002,PRD0149,ocean,2026-02-02,2026-02-12,9,10,726.39,42
SHP007007,DC0001,CUST0007,PRD0091,air,2026-04-28,2026-05-01,3,3,41198.22,177
SHP007008,DC0004,CUST0003,PRD0037,ocean,2024-11-02,2024-11-22,21,20,40307.4,831
SHP007009,DC0005,CUST0002,PRD0004,ocean,2024-10-19,2024-10-27,9,8,2870.96,166
SHP007010,DC0003,CUST0023,PRD0036,rail,2026-06-11,2026-06-18,7,7,14183.36,356
SHP007011,DC0001,CUST0020,PRD0133,air,2025-08-15,2025-08-17,3,2,34800.56,114
SHP007012,DC0006,CUST0007,PRD0073,ocean,2025-07-24,2025-08-11,19,18,8237.53,188
SHP007013,DC0004,CUST0007,PRD0096,ocean,2025-05-30,2025-06-21,22,22,31269.12,591
SHP007014,DC0001,CUST0002,PRD0125,road,2025-09-21,2025-09-22,1,1,1216.89,166
SHP007015,DC0005,CUST0005,PRD0106,air,2025-11-05,2025-11-07,3,2,39682.83,174
SHP007016,DC0003,CUST0029,PRD0088,ocean,2025-09-15,2025-10-13,27,28,8288.97,126
SHP007017,DC0001,CUST0012,PRD0042,air,2025-06-17,2025-06-23,6,6,385750.73,596
SHP007018,DC0003,CUST0003,PRD0027,air,2025-03-14,2025-03-20,6,6,180588.67,270
SHP007019,DC0006,CUST0030,PRD0056,rail,2025-09-01,2025-09-10,9,9,9420.31,168
SHP007020,DC0002,CUST0008,PRD0040,air,2025-07-08,2025-07-12,5,4,82682.89,161
SHP007021,DC0004,CUST0009,PRD0129,ocean,2025-07-20,2025-08-12,23,23,6383.19,118
SHP007022,DC0006,CUST0013,PRD0057,air,2026-07-11,2026-07-12,2,1,7936.41,68
SHP007023,DC0001,CUST0009,PRD0049,ocean,2025-08-25,2025-09-15,21,21,8889.64,178
SHP007024,DC0002,CUST0019,PRD0144,ocean,2026-08-11,2026-09-04,25,24,7098.91,121
SHP007025,DC0001,CUST0024,PRD0135,ocean,2026-04-25,2026-05-11,16,16,9796.08,280
SHP007026,DC0002,CUST0028,PRD0137,ocean,2024-12-17,2024-12-29,13,12,3540.02,136
SHP007027,DC0003,CUST0022,PRD0142,ocean,2024-12-05,2025-01-07,32,33,17530.33,225
SHP007028,DC0005,CUST0025,PRD0030,rail,2026-02-02,2026-02-09,8,7,5384.01,113
SHP007029,DC0006,CUST0007,PRD0107,ocean,2024-12-06,2024-12-24,19,18,8062.26,184
SHP007030,DC0002,CUST0014,PRD0118,rail,2026-01-28,2026-02-07,9,10,14689.25,290
SHP007031,DC0004,CUST0021,PRD0020,ocean,2026-05-23,2026-05-31,7,8,8510.68,822
SHP007032,DC0004,CUST0007,PRD0030,ocean,2024-11-28,2024-12-19,22,21,13121.39,248
SHP007033,DC0004,CUST0007,PRD0034,air,2025-02-05,2025-02-09,4,4,29761.22,75
SHP007034,DC0003,CUST0001,PRD0005,ocean,2025-08-13,2025-08-31,23,18,43184.41,794
SHP007035,DC0002,CUST0027,PRD0123,ocean,2026-02-27,2026-03-23,25,24,14747.25,243
SHP007036,DC0002,CUST0027,PRD0090,air,2026-07-21,2026-07-25,5,4,33682.0,74
SHP007037,DC0002,CUST0005,PRD0080,air,2025-05-30,2025-06-04,5,5,21966.28,45
SHP007038,DC0006,CUST0009,PRD0093,ocean,2026-07-27,2026-08-13,18,17,8113.8,196
SHP007039,DC0002,CUST0007,PRD0036,ocean,2025-11-14,2025-11-28,13,14,879.69,32
SHP007040,DC0004,CUST0028,PRD0114,ocean,2025-06-27,2025-08-02,35,36,33151.01,383
SHP007041,DC0001,CUST0010,PRD0134,ocean,2024-11-30,2024-12-26,27,26,11954.1,179
SHP007042,DC0002,CUST0011,PRD0088,air,2025-10-24,2025-10-29,5,5,65773.35,138
SHP007043,DC0002,CUST0005,PRD0045,ocean,2024-10-03,2024-10-29,27,26,12105.86,186
SHP007044,DC0002,CUST0029,PRD0078,ocean,2024-12-24,2025-01-22,27,29,12405.07,189
SHP007045,DC0006,CUST0028,PRD0008,ocean,2025-05-31,2025-06-26,26,26,8080.77,131
SHP007046,DC0006,CUST0018,PRD0031,rail,2026-08-24,2026-08-29,7,5,3607.88,90
SHP007047,DC0005,CUST0018,PRD0057,ocean,2025-04-12,2025-04-25,12,13,12396.59,519
SHP007048,DC0003,CUST0027,PRD0033,air,2025-08-22,2025-08-26,5,4,157201.73,343
SHP007049,DC0001,CUST0004,PRD0037,ocean,2026-04-01,2026-04-23,21,22,11345.19,232
SHP007050,DC0001,CUST0014,PRD0059,air,2024-12-16,2024-12-18,3,2,49278.95,184
SHP007051,DC0003,CUST0030,PRD0079,air,2025-11-06,2025-11-11,5,5,191263.08,386
SHP007052,DC0001,CUST0010,PRD0033,ocean,2024-10-09,2024-11-04,27,26,5476.18,82
SHP007053,DC0003,CUST0019,PRD0054,air,2026-06-15,2026-06-19,4,4,81127.47,183
SHP007054,DC0004,CUST0009,PRD0034,air,2026-06-11,2026-06-14,4,3,22314.11,55
SHP007055,DC0004,CUST0005,PRD0021,road,2025-02-07,2025-02-08,1,1,2301.29,136
SHP007056,DC0006,CUST0029,PRD0109,ocean,2026-04-21,2026-05-05,16,14,7337.87,210
SHP007057,DC0004,CUST0006,PRD0029,rail,2025-08-24,2025-08-28,4,4,639.88,38
SHP007058,DC0002,CUST0030,PRD0020,ocean,2024-12-01,2024-12-28,27,27,4214.02,64
SHP007059,DC0004,CUST0014,PRD0005,air,2025-05-15,2025-05-20,4,5,10082.21,24
SHP007060,DC0006,CUST0027,PRD0124,air,2026-05-28,2026-05-30,2,2,59209.04,308
SHP007061,DC0005,CUST0023,PRD0111,air,2025-07-04,2025-07-08,4,4,125429.57,279
SHP007062,DC0002,CUST0001,PRD0011,air,2025-10-25,2025-10-28,4,3,137252.12,342
SHP007063,DC0002,CUST0025,PRD0051,ocean,2025-10-19,2025-11-11,25,23,23854.45,394
SHP007064,DC0006,CUST0021,PRD0028,ocean,2026-06-19,2026-07-02,15,13,3580.74,111
SHP007065,DC0006,CUST0013,PRD0009,air,2026-03-25,2026-03-26,2,1,28944.56,248
SHP007066,DC0003,CUST0030,PRD0132,ocean,2025-08-15,2025-09-11,27,27,15393.54,233
SHP007067,DC0003,CUST0021,PRD0016,ocean,2026-02-08,2026-03-05,28,25,21496.22,315
SHP007068,DC0004,CUST0010,PRD0121,ocean,2025-11-17,2025-12-02,17,15,6862.42,175
SHP007069,DC0003,CUST0010,PRD0031,ocean,2026-03-11,2026-04-10,31,30,21815.57,283
SHP007070,DC0006,CUST0017,PRD0065,ocean,2025-09-05,2025-10-04,30,29,6658.95,89
SHP007071,DC0003,CUST0002,PRD0012,ocean,2025-08-04,2025-08-15,11,11,7461.27,349
SHP007072,DC0002,CUST0018,PRD0017,air,2025-07-27,2025-07-30,4,3,22659.62,51
SHP007073,DC0001,CUST0028,PRD0078,air,2025-07-27,2025-07-31,4,4,54078.54,152
SHP007074,DC0002,CUST0004,PRD0003,ocean,2026-05-25,2026-06-16,23,22,5167.12,94
SHP007075,DC0005,CUST0023,PRD0025,ocean,2025-04-28,2025-05-24,25,26,4555.63,76
SHP007076,DC0006,CUST0001,PRD0032,ocean,2026-04-07,2026-04-24,18,17,38182.53,915
SHP007077,DC0004,CUST0006,PRD0053,ocean,2025-12-30,2026-01-07,7,8,5314.39,526
SHP007078,DC0006,CUST0008,PRD0052,air,2025-06-28,2025-06-30,3,2,35352.28,142
SHP007079,DC0005,CUST0023,PRD0048,ocean,2025-02-20,2025-03-19,25,27,19121.64,319
SHP007080,DC0002,CUST0030,PRD0090,ocean,2025-06-18,2025-07-15,27,27,1514.41,23
SHP007081,DC0004,CUST0014,PRD0008,ocean,2025-10-01,2025-10-21,24,20,7953.74,142
SHP007082,DC0004,CUST0007,PRD0024,ocean,2026-07-31,2026-08-23,22,23,12169.03,230
SHP007083,DC0006,CUST0019,PRD0038,rail,2026-06-12,2026-06-18,7,6,4139.88,106
SHP007084,DC0004,CUST0014,PRD0072,ocean,2026-02-20,2026-03-14,24,22,4424.97,79
SHP007085,DC0002,CUST0025,PRD0149,ocean,2025-12-16,2026-01-10,25,25,4480.28,74
SHP007086,DC0005,CUST0012,PRD0090,air,2026-05-25,2026-05-28,5,3,138100.11,260
SHP007087,DC0004,CUST0020,PRD0091,road,2026-01-30,2026-01-31,1,1,1013.95,182
SHP007088,DC0006,CUST0005,PRD0042,ocean,2025-10-24,2025-11-04,14,11,5440.68,178
SHP007089,DC0005,CUST0016,PRD0129,ocean,2026-04-05,2026-04-21,14,16,2248.6,72
SHP007090,DC0006,CUST0009,PRD0062,air,2026-01-30,2026-02-01,3,2,52160.17,168
SHP007091,DC0005,CUST0012,PRD0130,ocean,2025-10-16,2025-11-15,29,30,22945.86,324
SHP007092,DC0006,CUST0024,PRD0146,ocean,2024-12-02,2024-12-22,20,20,13483.9,284
SHP007093,DC0006,CUST0020,PRD0018,air,2025-10-15,2025-10-17,3,2,21655.99,98
SHP007094,DC0005,CUST0023,PRD0026,air,2025-01-21,2025-01-25,4,4,73279.64,163
SHP007095,DC0006,CUST0005,PRD0149,rail,2025-11-27,2025-12-05,9,8,7030.09,138
SHP007096,DC0002,CUST0006,PRD0004,ocean,2025-10-27,2025-11-25,28,29,34819.95,516
SHP007097,DC0002,CUST0027,PRD0136,air,2024-10-12,2024-10-16,5,4,54619.46,120
SHP007098,DC0004,CUST0008,PRD0056,rail,2025-10-22,2025-10-24,3,2,1692.62,103
SHP007099,DC0005,CUST0025,PRD0050,rail,2025-01-19,2025-01-26,8,7,8528.65,179
SHP007100,DC0001,CUST0008,PRD0073,ocean,2025-08-15,2025-09-04,20,20,20803.21,442
SHP007101,DC0002,CUST0008,PRD0044,ocean,2026-06-17,2026-07-13,28,26,50465.66,737
SHP007102,DC0002,CUST0028,PRD0138,rail,2024-11-30,2024-12-08,8,8,2776.48,64
SHP007103,DC0002,CUST0020,PRD0002,ocean,2026-07-15,2026-08-10,26,26,13055.9,212
SHP007104,DC0003,CUST0022,PRD0026,ocean,2025-01-12,2025-02-14,32,33,25243.67,324
SHP007105,DC0003,CUST0010,PRD0055,ocean,2024-09-17,2024-10-19,31,32,43708.22,567
SHP007106,DC0004,CUST0021,PRD0130,ocean,2026-03-29,2026-04-06,7,8,2039.66,197
SHP007107,DC0002,CUST0009,PRD0122,ocean,2025-03-01,2025-03-25,23,24,20962.05,375
SHP007108,DC0006,CUST0015,PRD0094,air,2026-01-29,2026-02-01,3,3,34720.24,179
SHP007109,DC0002,CUST0003,PRD0048,air,2026-06-10,2026-06-16,6,6,69414.58,103
SHP007110,DC0004,CUST0014,PRD0113,air,2025-07-23,2025-07-26,4,3,62173.63,148
SHP007111,DC0002,CUST0007,PRD0028,ocean,2026-04-12,2026-04-23,13,11,13195.32,480
SHP007112,DC0001,CUST0018,PRD0047,air,2025-11-18,2025-11-21,3,3,25255.62,89
SHP007113,DC0006,CUST0016,PRD0091,ocean,2025-06-22,2025-07-07,14,15,1755.18,56
SHP007114,DC0002,CUST0003,PRD0098,ocean,2024-10-06,2024-11-10,36,35,24530.98,273
SHP007115,DC0003,CUST0014,PRD0109,ocean,2026-05-22,2026-06-04,14,13,1509.59,51
SHP007116,DC0002,CUST0020,PRD0055,air,2024-09-20,2024-09-24,5,4,36950.65,80
SHP007117,DC0001,CUST0009,PRD0132,air,2025-07-18,2025-07-21,4,3,20600.99,55
SHP007118,DC0006,CUST0006,PRD0059,ocean,2025-07-02,2025-07-18,15,16,2588.92,81
SHP007119,DC0005,CUST0010,PRD0105,ocean,2026-05-21,2026-06-14,26,24,24269.1,382
SHP007120,DC0002,CUST0011,PRD0029,air,2025-04-22,2025-04-26,5,4,228776.87,480
SHP007121,DC0002,CUST0022,PRD0081,ocean,2025-03-09,2025-04-11,32,33,10122.97,129
SHP007122,DC0003,CUST0022,PRD0032,air,2024-11-26,2024-12-01,6,5,183484.08,314
SHP007123,DC0003,CUST0017,PRD0120,ocean,2024-11-15,2024-12-21,36,36,68625.0,762
SHP007124,DC0002,CUST0022,PRD0029,ocean,2025-01-04,2025-02-05,32,32,18048.71,230
SHP007125,DC0001,CUST0027,PRD0134,ocean,2024-12-17,2025-01-03,17,17,8445.19,215
SHP007126,DC0005,CUST0023,PRD0035,ocean,2025-03-08,2025-04-02,25,25,32548.75,543
SHP007127,DC0006,CUST0029,PRD0127,air,2024-11-08,2024-11-11,3,3,39310.0,150
SHP007128,DC0004,CUST0008,PRD0093,ocean,2025-04-14,2025-04-21,7,7,2366.38,240
SHP007129,DC0003,CUST0005,PRD0074,ocean,2025-06-26,2025-07-22,27,26,7395.9,113
SHP007130,DC0004,CUST0029,PRD0143,road,2025-01-04,2025-01-05,1,1,2822.43,127
SHP007131,DC0005,CUST0030,PRD0011,ocean,2025-11-24,2025-12-07,15,13,6670.94,199
SHP007132,DC0004,CUST0012,PRD0022,ocean,2025-04-28,2025-05-22,23,24,18223.55,331
SHP007133,DC0003,CUST0030,PRD0084,air,2024-09-23,2024-09-27,5,4,59955.52,121
SHP007134,DC0005,CUST0019,PRD0127,rail,2024-10-16,2024-10-22,7,6,6398.0,165
SHP007135,DC0002,CUST0016,PRD0030,ocean,2025-06-14,2025-07-09,26,25,11747.33,186
SHP007136,DC0005,CUST0029,PRD0099,ocean,2025-04-24,2025-05-10,16,16,5609.17,161
SHP007137,DC0002,CUST0003,PRD0073,air,2025-06-30,2025-07-05,6,5,118611.32,176
SHP007138,DC0001,CUST0013,PRD0117,rail,2025-04-27,2025-04-28,1,1,469.27,146
SHP007139,DC0006,CUST0010,PRD0080,ocean,2025-06-03,2025-06-26,26,23,21669.63,341
SHP007140,DC0001,CUST0003,PRD0114,ocean,2026-04-27,2026-05-26,32,29,11167.09,139
SHP007141,DC0005,CUST0021,PRD0058,ocean,2024-11-30,2024-12-13,15,13,9077.78,283
SHP007142,DC0004,CUST0025,PRD0142,road,2025-01-29,2025-01-30,1,1,211.61,34
SHP007143,DC0005,CUST0015,PRD0105,ocean,2026-03-04,2026-03-14,12,10,15419.52,600
SHP007144,DC0003,CUST0022,PRD0075,ocean,2025-11-03,2025-12-05,32,32,16439.55,211
SHP007145,DC0006,CUST0025,PRD0110,ocean,2025-08-27,2025-09-11,14,15,3299.93,115
SHP007146,DC0004,CUST0024,PRD0049,ocean,2026-03-04,2026-03-28,23,24,9442.62,173
SHP007147,DC0002,CUST0030,PRD0018,ocean,2025-06-10,2025-07-08,27,28,18831.41,286
SHP007148,DC0004,CUST0029,PRD0122,road,2024-11-26,2024-11-27,1,1,3355.8,151
SHP007149,DC0002,CUST0012,PRD0095,ocean,2024-10-18,2024-11-27,40,40,28149.66,281
SHP007150,DC0001,CUST0025,PRD0046,ocean,2025-08-07,2025-08-22,18,15,15249.24,384
SHP007151,DC0002,CUST0009,PRD0004,ocean,2025-06-26,2025-07-21,23,25,8273.02,148
SHP007152,DC0003,CUST0003,PRD0126,ocean,2025-08-21,2025-09-24,36,34,8472.06,95
SHP007153,DC0006,CUST0030,PRD0027,ocean,2025-06-26,2025-07-10,15,14,3095.24,92
SHP007154,DC0001,CUST0009,PRD0102,ocean,2025-02-20,2025-03-12,21,20,4994.18,100
SHP007155,DC0003,CUST0004,PRD0113,ocean,2026-06-09,2026-07-03,23,24,38487.26,689
SHP007156,DC0001,CUST0018,PRD0134,air,2025-03-18,2025-03-20,3,2,31498.58,111
SHP007157,DC0004,CUST0022,PRD0022,ocean,2026-08-04,2026-08-23,18,19,4486.58,112
SHP007158,DC0004,CUST0019,PRD0031,road,2026-01-07,2026-01-08,1,1,2047.77,89
SHP007159,DC0003,CUST0018,PRD0037,air,2025-03-01,2025-03-05,4,4,52365.64,117
SHP007160,DC0002,CUST0013,PRD0102,air,2025-10-11,2025-10-12,2,1,44857.21,288
SHP007161,DC0002,CUST0016,PRD0103,ocean,2026-03-28,2026-04-22,26,25,15789.42,250
SHP007162,DC0001,CUST0023,PRD0027,ocean,2025-04-13,2025-05-02,20,19,4702.65,103
SHP007163,DC0003,CUST0016,PRD0044,ocean,2025-06-26,2025-07-23,26,27,50447.8,796
SHP007164,DC0003,CUST0010,PRD0017,ocean,2024-11-03,2024-12-01,31,28,15956.97,207
SHP007165,DC0006,CUST0005,PRD0094,ocean,2025-12-09,2025-12-20,14,11,2598.08,85
SHP007166,DC0001,CUST0009,PRD0051,ocean,2025-01-29,2025-02-15,21,17,41451.69,830
SHP007167,DC0006,CUST0007,PRD0087,ocean,2026-08-07,2026-08-22,19,15,6484.86,148
SHP007168,DC0006,CUST0024,PRD0052,air,2025-06-02,2025-06-05,4,3,150269.53,422
SHP007169,DC0004,CUST0020,PRD0104,road,2026-08-20,2026-08-21,1,1,1220.08,219
SHP007170,DC0005,CUST0016,PRD0032,ocean,2026-03-25,2026-04-07,14,13,2873.21,92
SHP007171,DC0004,CUST0027,PRD0060,rail,2025-09-29,2025-10-02,3,3,9769.67,920
SHP007172,DC0003,CUST0015,PRD0109,ocean,2025-07-08,2025-07-31,25,23,32832.26,536
SHP007173,DC0002,CUST0013,PRD0128,ocean,2026-06-27,2026-07-08,11,11,19064.31,918
SHP007174,DC0006,CUST0022,PRD0072,ocean,2025-07-28,2025-08-21,27,24,6714.95,104
SHP007175,DC0005,CUST0024,PRD0149,ocean,2024-09-04,2024-09-20,20,16,16738.71,351
SHP007176,DC0001,CUST0027,PRD0070,ocean,2025-08-07,2025-08-26,17,19,8013.11,204
SHP007177,DC0004,CUST0003,PRD0103,ocean,2026-04-29,2026-05-21,21,22,11107.57,229
SHP007178,DC0002,CUST0017,PRD0092,ocean,2025-04-01,2025-05-07,36,36,11792.57,130
SHP007179,DC0002,CUST0028,PRD0122,ocean,2026-08-10,2026-08-24,13,14,5440.17,209
SHP007180,DC0001,CUST0026,PRD0104,ocean,2024-09-04,2024-09-22,19,18,11616.74,259
SHP007181,DC0002,CUST0005,PRD0125,ocean,2026-07-13,2026-08-08,27,26,17898.45,275
SHP007182,DC0001,CUST0004,PRD0131,ocean,2025-08-20,2025-09-07,21,18,12029.82,246
SHP007183,DC0001,CUST0030,PRD0072,ocean,2025-11-12,2025-12-02,20,20,21887.82,486
SHP007184,DC0002,CUST0015,PRD0038,ocean,2026-05-06,2026-05-30,25,24,8396.0,138
SHP007185,DC0001,CUST0026,PRD0117,ocean,2025-06-06,2025-06-24,19,18,3543.33,79
SHP007186,DC0006,CUST0006,PRD0028,rail,2025-05-17,2025-05-25,9,8,12784.81,240
SHP007187,DC0004,CUST0002,PRD0032,ocean,2025-12-06,2025-12-22,18,16,4708.84,118
SHP007188,DC0006,CUST0022,PRD0065,ocean,2025-11-02,2025-11-29,27,27,4971.64,77
SHP007189,DC0004,CUST0023,PRD0126,air,2025-09-09,2025-09-15,6,6,89261.01,140
SHP007190,DC0001,CUST0020,PRD0128,air,2024-10-07,2024-10-09,3,2,42737.53,140
SHP007191,DC0006,CUST0018,PRD0060,air,2026-02-22,2026-02-23,2,1,26157.16,145
SHP007192,DC0006,CUST0028,PRD0035,air,2025-10-17,2025-10-21,5,4,68933.26,149
SHP007193,DC0002,CUST0013,PRD0008,rail,2025-04-10,2025-04-15,6,5,7164.69,207
SHP007194,DC0004,CUST0027,PRD0026,road,2025-06-17,2025-06-18,1,1,7320.88,383
SHP007195,DC0005,CUST0019,PRD0014,ocean,2024-12-02,2024-12-12,12,10,6258.41,269
SHP007196,DC0005,CUST0024,PRD0018,ocean,2024-12-14,2025-01-04,20,21,5770.32,121
SHP007197,DC0003,CUST0015,PRD0128,air,2025-10-13,2025-10-17,5,4,49156.52,107
SHP007198,DC0002,CUST0007,PRD0007,air,2025-03-25,2025-03-27,3,2,60203.67,292
SHP007199,DC0004,CUST0009,PRD0046,air,2025-07-14,2025-07-17,4,3,47062.48,116
SHP007200,DC0004,CUST0005,PRD0098,road,2025-11-21,2025-11-22,1,1,2910.45,172
SHP007201,DC0003,CUST0002,PRD0084,rail,2026-07-31,2026-08-07,6,7,18813.52,528
SHP007202,DC0001,CUST0002,PRD0040,road,2025-04-23,2025-04-24,1,1,3166.85,432
SHP007203,DC0001,CUST0013,PRD0078,road,2026-01-12,2026-01-13,1,1,1562.1,270
SHP007204,DC0004,CUST0026,PRD0025,road,2025-05-10,2025-05-11,1,1,7824.48,440
SHP007205,DC0002,CUST0028,PRD0020,ocean,2025-03-12,2025-03-27,13,15,4477.08,172
SHP007206,DC0005,CUST0007,PRD0134,air,2026-03-04,2026-03-08,4,4,448121.37,1357
SHP007207,DC0004,CUST0021,PRD0127,ocean,2025-07-29,2025-08-05,7,7,1056.07,102
SHP007208,DC0004,CUST0025,PRD0120,road,2025-03-01,2025-03-02,1,1,1313.24,211
SHP007209,DC0006,CUST0016,PRD0052,ocean,2026-08-18,2026-09-02,14,15,1159.67,37
SHP007210,DC0003,CUST0004,PRD0076,ocean,2025-05-10,2025-06-01,23,22,7876.2,141
SHP007211,DC0004,CUST0008,PRD0128,ocean,2025-08-03,2025-08-10,7,7,1173.33,119
SHP007212,DC0003,CUST0013,PRD0126,ocean,2025-11-13,2025-11-22,11,9,5062.47,238
SHP007213,DC0005,CUST0030,PRD0130,rail,2024-09-15,2024-09-22,9,7,9274.51,166
SHP007214,DC0002,CUST0018,PRD0067,ocean,2026-01-19,2026-02-12,25,24,5983.32,101
SHP007215,DC0005,CUST0003,PRD0139,air,2025-12-17,2025-12-23,5,6,72867.17,129
SHP007216,DC0005,CUST0008,PRD0088,ocean,2024-09-05,2024-09-19,15,14,3202.82,97
SHP007217,DC0001,CUST0006,PRD0139,ocean,2025-08-15,2025-09-03,20,19,22120.86,480
SHP007218,DC0003,CUST0030,PRD0140,air,2026-06-20,2026-06-25,5,5,133785.05,270
SHP007219,DC0002,CUST0013,PRD0005,air,2026-01-05,2026-01-07,2,2,11993.07,77
SHP007220,DC0005,CUST0013,PRD0009,air,2025-06-30,2025-07-02,2,2,47817.17,404
SHP007221,DC0004,CUST0012,PRD0111,air,2026-06-15,2026-06-18,4,3,118508.14,287
SHP007222,DC0004,CUST0023,PRD0031,ocean,2026-01-27,2026-03-02,34,34,25163.1,296
SHP007223,DC0002,CUST0015,PRD0099,ocean,2026-03-11,2026-04-05,25,25,4319.68,71
SHP007224,DC0001,CUST0028,PRD0116,air,2025-09-29,2025-10-03,4,4,148004.42,416
SHP007225,DC0004,CUST0013,PRD0081,ocean,2026-03-29,2026-04-15,18,17,46918.08,1147
SHP007226,DC0005,CUST0017,PRD0097,ocean,2025-12-19,2026-01-18,30,30,12409.2,166
SHP007227,DC0002,CUST0005,PRD0114,air,2024-10-30,2024-11-04,5,5,207947.41,426
SHP007228,DC0005,CUST0022,PRD0118,ocean,2024-09-26,2024-10-22,27,26,18073.86,280
SHP007229,DC0005,CUST0027,PRD0010,rail,2026-05-01,2026-05-08,7,7,16680.67,393
SHP007230,DC0005,CUST0006,PRD0009,air,2026-01-04,2026-01-07,3,3,45525.85,191
SHP007231,DC0003,CUST0020,PRD0046,air,2026-01-05,2026-01-09,5,4,167861.84,362
SHP007232,DC0003,CUST0024,PRD0143,ocean,2025-05-18,2025-05-31,14,13,7266.84,243
SHP007233,DC0005,CUST0030,PRD0078,rail,2026-04-17,2026-04-24,9,7,11118.24,199
SHP007234,DC0002,CUST0005,PRD0043,ocean,2026-04-27,2026-05-22,27,25,10023.13,154
SHP007235,DC0003,CUST0028,PRD0126,rail,2025-05-21,2025-05-27,7,6,11617.16,272
SHP007236,DC0002,CUST0027,PRD0111,ocean,2025-01-10,2025-02-03,25,24,18874.06,311
SHP007237,DC0001,CUST0010,PRD0035,ocean,2026-03-15,2026-04-11,27,27,10284.53,154
SHP007238,DC0004,CUST0017,PRD0080,ocean,2026-01-23,2026-02-14,20,22,10780.18,226
SHP007239,DC0004,CUST0010,PRD0100,air,2024-09-10,2024-09-12,3,2,33527.8,114
SHP007240,DC0003,CUST0020,PRD0125,ocean,2025-08-05,2025-08-29,26,24,8965.0,145
SHP007241,DC0006,CUST0014,PRD0029,ocean,2026-07-15,2026-08-05,21,21,5335.43,110
SHP007242,DC0002,CUST0008,PRD0146,ocean,2025-07-23,2025-08-21,28,29,9517.95,139
SHP007243,DC0003,CUST0018,PRD0126,ocean,2025-02-11,2025-03-10,25,27,22020.42,369
SHP007244,DC0004,CUST0003,PRD0142,ocean,2024-09-18,2024-10-10,21,22,12999.26,268
SHP007245,DC0004,CUST0020,PRD0139,road,2025-03-27,2025-03-28,1,1,523.69,94
SHP007246,DC0005,CUST0018,PRD0147,ocean,2026-07-04,2026-07-18,12,14,8336.05,349
SHP007247,DC0001,CUST0017,PRD0121,ocean,2025-05-21,2025-06-23,32,33,2652.16,33
SHP007248,DC0003,CUST0016,PRD0122,air,2024-11-08,2024-11-13,5,5,72249.37,152
SHP007249,DC0004,CUST0006,PRD0144,ocean,2025-11-23,2025-11-29,7,6,2909.78,288
SHP007250,DC0001,CUST0010,PRD0041,ocean,2025-04-12,2025-05-08,27,26,4808.35,72
SHP007251,DC0006,CUST0013,PRD0130,ocean,2026-02-07,2026-02-14,9,7,3765.9,242
SHP007252,DC0004,CUST0004,PRD0015,air,2025-02-21,2025-02-25,4,4,64393.82,160
SHP007253,DC0001,CUST0002,PRD0101,rail,2025-08-28,2025-08-30,2,2,761.57,187
SHP007254,DC0006,CUST0027,PRD0068,air,2025-05-25,2025-05-27,2,2,22876.22,119
SHP007255,DC0005,CUST0006,PRD0127,ocean,2025-03-26,2025-04-09,15,14,2383.55,75
SHP007256,DC0002,CUST0028,PRD0097,ocean,2026-06-22,2026-07-04,13,12,12858.59,494
SHP007257,DC0002,CUST0028,PRD0091,air,2026-01-30,2026-02-02,3,3,15617.72,80
SHP007258,DC0004,CUST0014,PRD0073,ocean,2025-02-02,2025-02-24,24,22,12378.71,221
SHP007259,DC0006,CUST0028,PRD0083,air,2025-01-24,2025-01-29,5,5,264629.71,572
SHP007260,DC0006,CUST0012,PRD0016,ocean,2026-04-23,2026-05-24,29,31,13783.68,194
SHP007261,DC0001,CUST0016,PRD0008,ocean,2025-06-18,2025-07-07,19,19,12466.14,294
SHP007262,DC0006,CUST0028,PRD0012,ocean,2026-05-28,2026-06-23,26,26,37134.52,602
SHP007263,DC0006,CUST0016,PRD0033,ocean,2025-10-22,2025-11-03,14,12,3698.41,118
SHP007264,DC0004,CUST0003,PRD0094,air,2025-08-28,2025-08-31,4,3,230639.8,634
SHP007265,DC0003,CUST0024,PRD0090,rail,2025-10-09,2025-10-17,8,8,3139.99,63
SHP007266,DC0006,CUST0018,PRD0150,rail,2025-12-27,2026-01-01,7,5,2284.99,57
SHP007267,DC0003,CUST0007,PRD0007,rail,2025-10-19,2025-10-25,8,6,4238.37,95
SHP007268,DC0001,CUST0007,PRD0088,air,2026-01-12,2026-01-16,3,4,22577.56,97
SHP007269,DC0005,CUST0021,PRD0098,ocean,2025-10-19,2025-10-31,15,12,9174.01,286
SHP007270,DC0005,CUST0025,PRD0025,rail,2024-10-21,2024-10-28,8,7,13579.14,285
SHP007271,DC0003,CUST0023,PRD0110,air,2024-12-06,2024-12-07,2,1,43566.02,243
SHP007272,DC0001,CUST0020,PRD0089,ocean,2024-10-21,2024-11-09,18,19,1302.48,32
SHP007273,DC0006,CUST0014,PRD0092,ocean,2025-03-11,2025-03-30,21,19,2085.67,43
SHP007274,DC0002,CUST0025,PRD0106,air,2025-10-22,2025-10-27,5,5,93995.0,207
SHP007275,DC0006,CUST0002,PRD0090,rail,2025-02-16,2025-02-21,5,5,4664.66,164
SHP007276,DC0005,CUST0029,PRD0015,air,2025-09-18,2025-09-21,3,3,25345.8,97
SHP007277,DC0003,CUST0003,PRD0063,air,2026-03-25,2026-03-31,6,6,65547.0,98
SHP007278,DC0002,CUST0003,PRD0064,ocean,2025-01-21,2025-02-27,36,37,2516.0,28
SHP007279,DC0005,CUST0025,PRD0061,rail,2026-01-09,2026-01-15,8,6,16152.03,339
SHP007280,DC0005,CUST0015,PRD0080,ocean,2026-08-25,2026-09-05,12,11,5756.62,224
SHP007281,DC0001,CUST0005,PRD0022,ocean,2026-01-20,2026-02-09,19,20,5728.33,131
SHP007282,DC0005,CUST0016,PRD0017,ocean,2025-09-25,2025-10-09,14,14,5715.19,183
SHP007283,DC0003,CUST0007,PRD0079,rail,2025-03-06,2025-03-14,8,8,4550.67,102
SHP007284,DC0001,CUST0009,PRD0030,ocean,2025-10-15,2025-11-06,21,22,2696.86,54
SHP007285,DC0001,CUST0022,PRD0087,ocean,2025-07-30,2025-08-26,28,27,12480.53,184
SHP007286,DC0003,CUST0015,PRD0044,air,2026-07-16,2026-07-20,5,4,225109.28,490
SHP007287,DC0003,CUST0006,PRD0006,ocean,2025-12-13,2026-01-11,28,29,9238.16,136
SHP007288,DC0001,CUST0017,PRD0138,air,2026-07-20,2026-07-26,6,6,110305.92,183
SHP007289,DC0002,CUST0029,PRD0084,ocean,2024-10-11,2024-11-07,27,27,5907.18,90
SHP007290,DC0001,CUST0030,PRD0010,ocean,2026-07-17,2026-08-04,20,18,5899.8,131
SHP007291,DC0003,CUST0028,PRD0118,ocean,2025-07-15,2025-07-25,12,10,3177.63,124
SHP007292,DC0004,CUST0012,PRD0109,ocean,2026-08-27,2026-09-17,23,21,5615.72,102
SHP007293,DC0006,CUST0001,PRD0146,ocean,2025-03-21,2025-04-08,18,18,6175.97,148
SHP007294,DC0002,CUST0003,PRD0132,ocean,2026-01-10,2026-02-15,36,36,28215.12,314
SHP007295,DC0001,CUST0020,PRD0108,ocean,2025-08-08,2025-08-25,18,17,1668.8,41
SHP007296,DC0001,CUST0008,PRD0069,ocean,2025-05-24,2025-06-12,20,19,3859.42,82
SHP007297,DC0004,CUST0011,PRD0006,road,2026-03-09,2026-03-10,1,1,4572.02,560
SHP007298,DC0003,CUST0030,PRD0121,ocean,2026-06-07,2026-07-04,27,27,16913.07,256
SHP007299,DC0003,CUST0006,PRD0006,ocean,2025-02-14,2025-03-13,28,27,18476.31,272
SHP007300,DC0005,CUST0015,PRD0082,ocean,2025-03-24,2025-04-07,12,14,5936.52,231
SHP007301,DC0005,CUST0017,PRD0097,air,2025-07-05,2025-07-10,5,5,195669.22,349
SHP007302,DC0003,CUST0026,PRD0147,ocean,2025-07-26,2025-08-19,27,24,10308.31,155
SHP007303,DC0005,CUST0021,PRD0100,ocean,2024-09-07,2024-09-20,15,13,70729.71,2205
SHP007304,DC0004,CUST0015,PRD0083,rail,2025-01-23,2025-01-24,3,1,1492.66,148
SHP007305,DC0002,CUST0025,PRD0147,ocean,2024-11-02,2024-11-26,25,24,12108.86,200
SHP007306,DC0004,CUST0019,PRD0026,road,2025-10-24,2025-10-25,1,1,5222.97,227
SHP007307,DC0002,CUST0024,PRD0126,air,2024-09-22,2024-09-24,3,2,76146.15,331
SHP007308,DC0001,CUST0005,PRD0026,ocean,2026-02-21,2026-03-12,19,19,22257.4,509
SHP007309,DC0001,CUST0017,PRD0053,ocean,2026-08-15,2026-09-15,32,31,4822.12,60
SHP007310,DC0001,CUST0023,PRD0087,air,2025-07-08,2025-07-12,4,4,109233.98,319
SHP007311,DC0003,CUST0012,PRD0128,ocean,2024-10-28,2024-12-06,40,39,12634.06,125
SHP007312,DC0004,CUST0005,PRD0129,road,2025-03-04,2025-03-05,1,1,1252.17,74
SHP007313,DC0001,CUST0003,PRD0087,ocean,2025-01-01,2025-02-01,32,31,20486.39,255
SHP007314,DC0001,CUST0005,PRD0043,air,2025-04-17,2025-04-20,4,3,92156.14,281
SHP007315,DC0001,CUST0027,PRD0077,ocean,2025-12-02,2025-12-17,17,15,5813.43,148
SHP007316,DC0006,CUST0028,PRD0094,ocean,2024-11-13,2024-12-07,26,24,13077.27,212
SHP007317,DC0001,CUST0003,PRD0112,ocean,2025-08-18,2025-09-19,32,32,17754.87,221
SHP007318,DC0001,CUST0022,PRD0052,air,2026-04-13,2026-04-18,5,5,65624.51,129
SHP007319,DC0003,CUST0010,PRD0128,air,2025-11-08,2025-11-12,5,4,119099.12,206
SHP007320,DC0005,CUST0028,PRD0020,air,2025-12-02,2025-12-05,5,3,124375.69,268
SHP007321,DC0006,CUST0003,PRD0138,air,2025-05-04,2025-05-08,5,4,67269.82,119
SHP007322,DC0001,CUST0001,PRD0055,air,2025-03-04,2025-03-06,4,2,91261.47,248
SHP007323,DC0005,CUST0005,PRD0074,air,2024-11-21,2024-11-23,3,2,104908.62,460
SHP007324,DC0003,CUST0027,PRD0068,ocean,2025-02-24,2025-03-19,25,23,22915.7,375
SHP007325,DC0002,CUST0003,PRD0013,ocean,2025-05-09,2025-06-15,36,37,30371.69,338
SHP007326,DC0003,CUST0018,PRD0077,air,2024-10-13,2024-10-16,4,3,71163.56,159
SHP007327,DC0004,CUST0030,PRD0147,road,2025-05-04,2025-05-05,1,1,5251.88,315
SHP007328,DC0005,CUST0027,PRD0103,air,2026-04-03,2026-04-05,2,2,14325.0,75
SHP007329,DC0004,CUST0020,PRD0058,rail,2026-07-21,2026-07-22,1,1,507.59,164
SHP007330,DC0002,CUST0013,PRD0024,rail,2026-03-21,2026-03-26,6,5,12218.05,353
SHP007331,DC0002,CUST0030,PRD0149,ocean,2025-11-27,2025-12-23,27,26,30419.96,462
SHP007332,DC0003,CUST0015,PRD0025,air,2026-03-12,2026-03-18,5,6,73045.66,159
SHP007333,DC0002,CUST0005,PRD0087,ocean,2025-12-02,2025-12-29,27,27,7745.15,119
SHP007334,DC0005,CUST0001,PRD0070,ocean,2025-10-29,2025-11-12,18,14,10317.94,248
SHP007335,DC0005,CUST0003,PRD0018,ocean,2024-11-05,2024-12-07,31,32,19807.82,263
SHP007336,DC0006,CUST0030,PRD0146,ocean,2024-10-18,2024-11-04,15,17,3330.75,99
SHP007337,DC0002,CUST0002,PRD0136,air,2024-09-28,2024-09-30,2,2,12782.5,81
SHP007338,DC0001,CUST0022,PRD0122,ocean,2025-04-19,2025-05-17,28,28,25164.54,371
SHP007339,DC0006,CUST0014,PRD0110,air,2026-05-12,2026-05-16,4,4,32376.33,89
SHP007340,DC0004,CUST0023,PRD0054,ocean,2024-10-21,2024-11-25,34,35,13006.6,153
SHP007341,DC0002,CUST0030,PRD0089,ocean,2024-12-05,2025-01-02,27,28,2765.45,42
SHP007342,DC0001,CUST0007,PRD0020,ocean,2026-07-03,2026-07-19,14,16,5803.44,187
SHP007343,DC0006,CUST0029,PRD0078,rail,2025-07-21,2025-07-31,10,10,7163.16,123
SHP007344,DC0002,CUST0006,PRD0130,ocean,2025-04-10,2025-05-09,28,29,18827.07,279
SHP007345,DC0002,CUST0024,PRD0077,ocean,2025-12-02,2025-12-16,14,14,8097.72,264
SHP007346,DC0003,CUST0026,PRD0111,ocean,2024-10-21,2024-11-17,27,27,10308.31,155
SHP007347,DC0003,CUST0017,PRD0139,ocean,2026-01-08,2026-02-11,36,34,13869.09,154
SHP007348,DC0005,CUST0004,PRD0081,ocean,2025-10-15,2025-11-01,18,17,4596.02,114
SHP007349,DC0005,CUST0019,PRD0052,rail,2025-04-06,2025-04-14,7,8,2287.77,59
SHP007350,DC0006,CUST0015,PRD0107,air,2025-06-07,2025-06-09,3,2,80690.62,416
SHP007351,DC0005,CUST0005,PRD0103,ocean,2024-11-12,2024-11-25,14,13,7693.3,253
SHP007352,DC0005,CUST0013,PRD0065,rail,2026-03-03,2026-03-06,5,3,6812.24,259
SHP007353,DC0005,CUST0030,PRD0132,rail,2025-02-20,2025-02-26,9,6,8659.93,155
SHP007354,DC0003,CUST0011,PRD0117,ocean,2025-11-13,2025-12-07,26,24,9896.22,155
SHP007355,DC0002,CUST0013,PRD0141,air,2025-12-26,2025-12-27,2,1,58875.08,378
SHP007356,DC0002,CUST0014,PRD0047,air,2024-09-11,2024-09-13,3,2,88439.39,388
SHP007357,DC0005,CUST0012,PRD0005,ocean,2025-06-09,2025-07-06,29,27,13951.65,197
SHP007358,DC0005,CUST0010,PRD0133,ocean,2026-04-04,2026-04-28,26,24,37293.1,587
SHP007359,DC0005,CUST0015,PRD0048,rail,2026-06-04,2026-06-12,7,8,9294.55,217
SHP007360,DC0004,CUST0015,PRD0148,road,2025-11-27,2025-11-28,1,1,9004.38,496
SHP007361,DC0004,CUST0003,PRD0128,ocean,2025-05-08,2025-05-30,21,22,5966.08,123
SHP007362,DC0004,CUST0030,PRD0055,road,2026-07-16,2026-07-17,1,1,1300.47,78
SHP007363,DC0003,CUST0004,PRD0120,ocean,2026-03-26,2026-04-18,23,23,7541.05,135
SHP007364,DC0006,CUST0011,PRD0069,air,2025-07-30,2025-08-01,3,2,83785.58,370
SHP007365,DC0003,CUST0018,PRD0137,ocean,2025-04-30,2025-05-22,25,22,14680.28,246
SHP007366,DC0002,CUST0001,PRD0112,air,2025-01-21,2025-01-25,4,4,155712.93,388
SHP007367,DC0005,CUST0015,PRD0145,ocean,2024-11-17,2024-12-01,12,14,3597.89,140
SHP007368,DC0002,CUST0007,PRD0016,rail,2025-11-10,2025-11-19,8,9,3848.64,84
SHP007369,DC0001,CUST0020,PRD0134,ocean,2024-10-23,2024-11-09,18,17,7122.92,175
SHP007370,DC0003,CUST0020,PRD0052,air,2026-03-31,2026-04-05,5,5,114071.86,246
SHP007371,DC0003,CUST0029,PRD0094,ocean,2025-01-22,2025-02-16,27,25,15920.08,242
SHP007372,DC0005,CUST0010,PRD0119,air,2025-10-25,2025-10-29,5,4,135322.48,284
SHP007373,DC0003,CUST0014,PRD0038,ocean,2025-12-10,2025-12-25,14,15,17967.13,607
SHP007374,DC0003,CUST0014,PRD0062,ocean,2025-03-09,2025-03-23,14,14,4232.78,143
SHP007375,DC0003,CUST0006,PRD0039,air,2025-07-06,2025-07-11,5,5,148761.47,292
SHP007376,DC0005,CUST0018,PRD0077,ocean,2026-02-12,2026-02-23,12,11,3487.29,146
SHP007377,DC0005,CUST0015,PRD0112,rail,2025-07-23,2025-07-29,7,6,3512.23,82
SHP007378,DC0005,CUST0001,PRD0106,ocean,2025-02-27,2025-03-16,18,17,4368.48,105
SHP007379,DC0002,CUST0030,PRD0082,ocean,2026-04-05,2026-05-04,27,29,25218.28,383
SHP007380,DC0005,CUST0006,PRD0017,ocean,2024-10-17,2024-10-30,15,13,17511.17,551
SHP007381,DC0003,CUST0012,PRD0053,air,2025-04-18,2025-04-25,7,7,134931.74,178
SHP007382,DC0001,CUST0019,PRD0106,ocean,2025-07-17,2025-08-06,17,20,4248.49,114
SHP007383,DC0002,CUST0023,PRD0069,air,2026-08-01,2026-08-02,2,1,32944.73,181
SHP007384,DC0003,CUST0006,PRD0074,ocean,2026-03-05,2026-03-28,28,23,7947.53,117
SHP007385,DC0004,CUST0005,PRD0042,rail,2025-04-17,2025-04-18,2,1,2745.0,292
SHP007386,DC0005,CUST0010,PRD0066,ocean,2026-06-08,2026-07-01,26,23,7369.67,116
SHP007387,DC0002,CUST0022,PRD0061,ocean,2026-03-21,2026-04-21,32,31,20952.2,267
SHP007388,DC0002,CUST0023,PRD0104,rail,2024-12-20,2024-12-26,7,6,3923.44,97
SHP007389,DC0002,CUST0024,PRD0062,air,2025-04-16,2025-04-18,3,2,28986.15,126
SHP007390,DC0006,CUST0028,PRD0030,ocean,2025-05-10,2025-06-03,26,24,7463.91,121
SHP007391,DC0005,CUST0016,PRD0039,ocean,2025-05-29,2025-06-11,14,13,9650.23,309
SHP007392,DC0004,CUST0025,PRD0050,road,2024-09-09,2024-09-10,1,1,2788.29,448
SHP007393,DC0002,CUST0021,PRD0008,ocean,2025-11-03,2025-11-30,28,27,15185.78,224
SHP007394,DC0006,CUST0022,PRD0063,air,2026-01-09,2026-01-13,5,4,45519.6,94
SHP007395,DC0004,CUST0017,PRD0080,ocean,2024-10-15,2024-11-04,20,20,6200.99,130
SHP007396,DC0002,CUST0027,PRD0119,ocean,2025-09-07,2025-10-01,25,24,4005.43,66
SHP007397,DC0005,CUST0006,PRD0125,rail,2026-05-03,2026-05-12,9,9,7150.66,135
SHP007398,DC0001,CUST0007,PRD0144,ocean,2026-05-20,2026-06-04,14,15,1427.58,46
SHP007399,DC0003,CUST0019,PRD0112,air,2025-07-07,2025-07-11,4,4,62064.73,140
SHP007400,DC0004,CUST0005,PRD0109,road,2025-01-23,2025-01-24,1,1,1066.04,63
SHP007401,DC0005,CUST0029,PRD0010,ocean,2025-01-27,2025-02-10,16,14,2717.49,78
SHP007402,DC0001,CUST0022,PRD0052,ocean,2026-06-25,2026-07-21,28,26,10242.17,151
SHP007403,DC0002,CUST0028,PRD0041,rail,2026-03-28,2026-04-06,8,9,4511.79,104
SHP007404,DC0004,CUST0025,PRD0070,road,2025-05-09,2025-05-10,1,1,1089.18,175
SHP007405,DC0003,CUST0014,PRD0035,ocean,2026-01-01,2026-01-14,14,13,5949.58,201
SHP007406,DC0006,CUST0013,PRD0008,air,2026-01-21,2026-01-22,2,1,71427.69,612
SHP007407,DC0006,CUST0015,PRD0067,ocean,2026-08-17,2026-08-26,12,9,4137.98,160
SHP007408,DC0005,CUST0011,PRD0072,ocean,2025-11-13,2025-11-24,14,11,3035.85,101
SHP007409,DC0002,CUST0028,PRD0141,ocean,2025-05-02,2025-05-13,13,11,2316.63,89
SHP007410,DC0003,CUST0028,PRD0046,ocean,2025-10-28,2025-11-10,12,13,2280.72,89
SHP007411,DC0005,CUST0025,PRD0011,rail,2026-08-04,2026-08-11,8,7,16533.2,347
SHP007412,DC0002,CUST0012,PRD0125,ocean,2025-11-25,2026-01-05,40,41,47083.06,470
SHP007413,DC0001,CUST0012,PRD0006,air,2025-07-04,2025-07-09,6,5,91259.82,141
SHP007414,DC0005,CUST0012,PRD0015,ocean,2024-12-30,2025-01-28,29,29,41288.39,583
SHP007415,DC0003,CUST0009,PRD0022,ocean,2025-07-30,2025-08-21,24,22,23055.66,406
SHP007416,DC0004,CUST0022,PRD0081,ocean,2026-03-30,2026-04-17,18,18,3645.34,91
SHP007417,DC0001,CUST0016,PRD0077,ocean,2024-10-04,2024-10-25,19,21,9837.22,232
SHP007418,DC0004,CUST0011,PRD0017,road,2025-02-10,2025-02-11,1,1,514.35,63
SHP007419,DC0004,CUST0005,PRD0105,road,2024-09-06,2024-09-07,1,1,1370.62,81
SHP007420,DC0003,CUST0027,PRD0094,ocean,2025-02-12,2025-03-09,25,25,36909.56,604
SHP007421,DC0005,CUST0013,PRD0024,air,2025-02-18,2025-02-19,2,1,36454.67,308
SHP007422,DC0003,CUST0018,PRD0102,ocean,2025-11-30,2025-12-27,25,27,2804.77,47
SHP007423,DC0006,CUST0028,PRD0036,ocean,2025-02-24,2025-03-21,26,25,10239.75,166
SHP007424,DC0004,CUST0012,PRD0061,ocean,2026-02-19,2026-03-15,23,24,20095.46,365
SHP007425,DC0006,CUST0005,PRD0029,ocean,2026-07-27,2026-08-13,14,17,14213.01,465
SHP007426,DC0006,CUST0020,PRD0147,ocean,2025-05-02,2025-05-13,14,11,9487.39,322
SHP007427,DC0005,CUST0017,PRD0129,ocean,2026-02-23,2026-03-26,30,31,4784.27,64
SHP007428,DC0001,CUST0002,PRD0031,road,2025-01-31,2025-02-01,1,1,5388.04,735
SHP007429,DC0002,CUST0002,PRD0134,ocean,2025-01-15,2025-01-27,11,12,3976.78,189
SHP007430,DC0005,CUST0013,PRD0149,ocean,2026-08-23,2026-08-31,9,8,3250.94,206
SHP007431,DC0006,CUST0021,PRD0135,ocean,2025-05-25,2025-06-06,15,12,28968.47,898
SHP007432,DC0003,CUST0027,PRD0065,ocean,2024-10-27,2024-11-23,25,27,11793.95,193
SHP007433,DC0006,CUST0011,PRD0128,rail,2024-09-25,2024-10-04,9,9,15851.33,315
SHP007434,DC0003,CUST0014,PRD0024,rail,2024-11-26,2024-12-04,8,8,4390.65,89
SHP007435,DC0006,CUST0001,PRD0061,ocean,2025-04-02,2025-04-19,18,17,3547.01,85
SHP007436,DC0006,CUST0023,PRD0032,ocean,2025-01-23,2025-02-18,25,26,14101.39,236
SHP007437,DC0002,CUST0022,PRD0081,air,2025-11-03,2025-11-08,6,5,131834.08,224
SHP007438,DC0001,CUST0007,PRD0085,air,2026-03-13,2026-03-15,3,2,24439.62,105
SHP007439,DC0005,CUST0027,PRD0150,rail,2024-10-05,2024-10-12,7,7,19184.89,452
SHP007440,DC0006,CUST0027,PRD0100,rail,2024-09-25,2024-10-03,7,8,5553.52,130
SHP007441,DC0006,CUST0003,PRD0061,ocean,2025-01-25,2025-02-25,31,31,5049.95,67
SHP007442,DC0002,CUST0020,PRD0109,ocean,2025-01-08,2025-02-04,26,27,8560.23,139
SHP007443,DC0001,CUST0003,PRD0056,air,2026-06-08,2026-06-13,6,5,151840.27,252
SHP007444,DC0006,CUST0016,PRD0037,rail,2026-02-07,2026-02-16,9,9,7313.25,140
SHP007445,DC0003,CUST0008,PRD0028,ocean,2025-05-08,2025-06-08,28,31,8473.9,123
SHP007446,DC0004,CUST0010,PRD0045,air,2025-10-11,2025-10-13,3,2,32057.29,109
SHP007447,DC0005,CUST0012,PRD0055,ocean,2025-01-11,2025-02-07,29,27,8852.57,125
SHP007448,DC0005,CUST0023,PRD0071,ocean,2024-09-19,2024-10-15,25,26,5574.65,93
SHP007449,DC0004,CUST0024,PRD0113,ocean,2026-05-08,2026-05-30,23,22,20086.04,368
SHP007450,DC0003,CUST0027,PRD0105,air,2026-06-27,2026-07-02,5,5,133369.4,291
SHP007451,DC0002,CUST0001,PRD0066,air,2024-09-19,2024-09-22,4,3,67422.09,168
SHP007452,DC0006,CUST0001,PRD0015,ocean,2026-01-08,2026-01-25,18,17,5216.19,125
SHP007453,DC0006,CUST0027,PRD0126,air,2025-06-06,2025-06-08,2,2,90543.69,471
SHP007454,DC0001,CUST0015,PRD0137,ocean,2026-03-29,2026-04-13,17,15,3785.59,96
SHP007455,DC0001,CUST0024,PRD0096,rail,2024-11-23,2024-12-04,10,11,11487.07,197
SHP007456,DC0003,CUST0018,PRD0029,ocean,2026-07-15,2026-08-08,25,24,6624.03,111
SHP007457,DC0006,CUST0014,PRD0082,air,2025-04-13,2025-04-16,4,3,67299.12,185
SHP007458,DC0002,CUST0027,PRD0140,ocean,2025-02-25,2025-03-23,25,26,25853.21,426
SHP007459,DC0001,CUST0030,PRD0109,air,2026-04-14,2026-04-19,4,5,40533.01,120
SHP007460,DC0001,CUST0016,PRD0122,ocean,2025-12-27,2026-01-15,19,19,6657.09,157
SHP007461,DC0003,CUST0007,PRD0064,air,2026-07-19,2026-07-22,3,3,17667.32,88
SHP007462,DC0002,CUST0008,PRD0072,ocean,2026-08-14,2026-09-10,28,27,13489.46,197
SHP007463,DC0002,CUST0027,PRD0038,ocean,2026-08-29,2026-09-23,25,25,8374.98,138
SHP007464,DC0005,CUST0015,PRD0093,air,2026-06-06,2026-06-08,2,2,25056.73,130
SHP007465,DC0003,CUST0005,PRD0122,ocean,2026-06-03,2026-06-30,27,27,3665.23,56
SHP007466,DC0002,CUST0028,PRD0095,ocean,2024-10-21,2024-11-03,13,13,6637.53,255
SHP007467,DC0003,CUST0019,PRD0079,air,2024-12-17,2024-12-21,4,4,130779.26,295
SHP007468,DC0005,CUST0022,PRD0006,ocean,2026-07-06,2026-08-01,27,26,60805.64,942
SHP007469,DC0003,CUST0022,PRD0009,ocean,2026-04-04,2026-05-03,32,29,8959.94,115
SHP007470,DC0005,CUST0029,PRD0014,rail,2025-01-21,2025-01-29,10,8,8767.96,151
SHP007471,DC0003,CUST0026,PRD0062,air,2025-06-05,2025-06-10,5,5,136169.47,273
SHP007472,DC0002,CUST0008,PRD0065,ocean,2025-06-02,2025-06-29,28,27,4587.79,67
SHP007473,DC0002,CUST0008,PRD0142,ocean,2025-11-13,2025-12-13,28,30,19926.06,291
SHP007474,DC0003,CUST0018,PRD0099,ocean,2026-08-14,2026-09-08,25,25,4714.4,79
SHP007475,DC0003,CUST0004,PRD0080,ocean,2025-02-28,2025-03-23,23,23,17595.77,315
SHP007476,DC0001,CUST0008,PRD0093,ocean,2024-10-07,2024-10-26,20,19,9460.29,201
SHP007477,DC0006,CUST0030,PRD0032,ocean,2025-11-25,2025-12-09,15,14,2893.38,86
SHP007478,DC0006,CUST0005,PRD0137,ocean,2025-01-19,2025-02-02,14,14,3698.44,121
SHP007479,DC0006,CUST0007,PRD0061,ocean,2025-09-27,2025-10-15,19,18,3242.43,74
SHP007480,DC0005,CUST0010,PRD0114,ocean,2026-03-31,2026-04-25,26,25,28081.0,442
SHP007481,DC0001,CUST0024,PRD0100,air,2025-04-29,2025-05-01,3,2,96823.77,369
SHP007482,DC0005,CUST0008,PRD0003,ocean,2024-10-12,2024-10-28,15,16,4061.31,123
SHP007483,DC0005,CUST0004,PRD0101,ocean,2026-04-04,2026-04-25,18,21,10724.05,266
SHP007484,DC0001,CUST0020,PRD0066,ocean,2026-05-30,2026-06-20,18,21,8303.29,204
SHP007485,DC0004,CUST0013,PRD0078,air,2026-05-15,2026-05-17,3,2,30678.78,100
SHP007486,DC0001,CUST0030,PRD0024,ocean,2026-08-08,2026-08-29,20,21,3738.04,83
SHP007487,DC0001,CUST0020,PRD0061,ocean,2026-06-09,2026-06-27,18,18,5087.8,125
SHP007488,DC0004,CUST0027,PRD0077,road,2025-02-02,2025-02-03,1,1,3134.79,164
SHP007489,DC0001,CUST0004,PRD0054,ocean,2024-11-02,2024-11-24,21,22,18631.54,381
SHP007490,DC0004,CUST0002,PRD0042,ocean,2025-08-11,2025-08-29,18,18,11053.8,277
SHP007491,DC0005,CUST0003,PRD0113,ocean,2025-12-29,2026-01-29,31,31,10770.03,143
SHP007492,DC0003,CUST0030,PRD0082,ocean,2024-10-21,2024-11-17,27,27,10372.47,157
SHP007493,DC0002,CUST0027,PRD0105,ocean,2025-09-08,2025-10-03,25,25,4369.56,72
SHP007494,DC0004,CUST0016,PRD0009,rail,2026-03-03,2026-03-06,2,3,1134.81,191
SHP007495,DC0006,CUST0030,PRD0071,ocean,2025-12-16,2025-12-31,15,15,3061.6,91
SHP007496,DC0006,CUST0004,PRD0021,ocean,2025-09-08,2025-09-25,18,17,5866.15,145
SHP007497,DC0006,CUST0018,PRD0126,rail,2025-08-31,2025-09-06,7,6,6173.49,154
SHP007498,DC0003,CUST0003,PRD0121,ocean,2025-08-07,2025-09-15,36,39,45927.49,515
SHP007499,DC0001,CUST0017,PRD0106,ocean,2025-04-25,2025-05-29,32,34,14064.51,175
SHP007500,DC0002,CUST0011,PRD0086,ocean,2025-06-02,2025-06-26,26,24,19573.13,308
SHP007501,DC0001,CUST0016,PRD0109,air,2026-01-21,2026-01-23,3,2,119891.16,377
SHP007502,DC0006,CUST0007,PRD0026,ocean,2026-02-05,2026-02-21,19,16,12531.56,286
SHP007503,DC0005,CUST0024,PRD0042,ocean,2025-08-29,2025-09-16,20,18,7725.56,162
SHP007504,DC0002,CUST0009,PRD0067,ocean,2025-03-17,2025-04-09,23,23,18726.1,335
SHP007505,DC0002,CUST0027,PRD0130,ocean,2025-06-22,2025-07-14,25,22,16992.72,280
SHP007506,DC0001,CUST0028,PRD0017,air,2026-07-04,2026-07-08,4,4,45539.82,128
SHP007507,DC0006,CUST0022,PRD0091,ocean,2025-11-01,2025-11-29,27,28,22921.22,355
SHP007508,DC0001,CUST0029,PRD0108,ocean,2024-09-30,2024-10-19,20,19,7930.74,175
SHP007509,DC0001,CUST0016,PRD0141,air,2025-02-10,2025-02-13,3,3,25123.08,79
SHP007510,DC0005,CUST0003,PRD0084,air,2025-01-29,2025-02-02,5,4,61005.07,108
SHP007511,DC0002,CUST0015,PRD0117,ocean,2026-05-23,2026-06-17,25,25,5414.81,89
SHP007512,DC0005,CUST0028,PRD0008,air,2025-06-18,2025-06-22,5,4,118342.54,255
SHP007513,DC0002,CUST0030,PRD0014,air,2025-04-14,2025-04-18,5,4,180742.0,366
SHP007514,DC0002,CUST0009,PRD0048,ocean,2026-06-11,2026-07-03,23,22,36334.22,650
SHP007515,DC0002,CUST0018,PRD0114,ocean,2025-10-23,2025-11-15,25,23,33885.75,572
SHP007516,DC0005,CUST0010,PRD0035,air,2026-07-15,2026-07-20,5,5,310193.43,651
SHP007517,DC0005,CUST0019,PRD0001,ocean,2025-06-02,2025-06-16,12,14,1535.52,66
SHP007518,DC0005,CUST0012,PRD0103,air,2025-10-08,2025-10-12,5,4,121634.32,229
SHP007519,DC0005,CUST0019,PRD0052,rail,2024-12-10,2024-12-15,7,5,3489.82,90
SHP007520,DC0002,CUST0012,PRD0079,air,2024-11-04,2024-11-10,7,6,139746.54,186
SHP007521,DC0002,CUST0020,PRD0081,ocean,2025-07-23,2025-08-15,26,23,13794.91,224
SHP007522,DC0006,CUST0015,PRD0148,rail,2025-05-17,2025-05-24,7,7,12370.84,287
SHP007523,DC0006,CUST0022,PRD0022,ocean,2025-11-01,2025-11-27,27,26,10524.39,163
SHP007524,DC0006,CUST0028,PRD0029,ocean,2025-08-07,2025-09-02,26,26,12707.16,206
SHP007525,DC0002,CUST0018,PRD0041,ocean,2025-11-28,2025-12-22,25,24,11848.16,200
SHP007526,DC0004,CUST0003,PRD0064,air,2025-07-10,2025-07-13,4,3,70574.32,194
SHP007527,DC0002,CUST0026,PRD0133,ocean,2025-08-09,2025-09-01,27,23,7079.41,107
SHP007528,DC0005,CUST0011,PRD0034,ocean,2025-06-27,2025-07-11,14,14,4117.94,137
SHP007529,DC0005,CUST0027,PRD0106,ocean,2026-04-11,2026-04-21,12,10,8735.07,343
SHP007530,DC0001,CUST0017,PRD0082,air,2025-04-22,2025-04-27,6,5,191679.15,318
SHP007531,DC0001,CUST0010,PRD0116,ocean,2025-06-08,2025-07-05,27,27,7546.44,113
SHP007532,DC0006,CUST0009,PRD0123,ocean,2025-01-12,2025-01-30,18,18,3560.14,86
SHP007533,DC0002,CUST0029,PRD0035,ocean,2025-02-20,2025-03-18,27,26,6760.44,103
SHP007534,DC0005,CUST0024,PRD0067,ocean,2025-12-16,2026-01-06,20,21,10014.61,210
SHP007535,DC0006,CUST0029,PRD0045,ocean,2025-05-22,2025-06-06,16,15,11950.24,342
SHP007536,DC0006,CUST0029,PRD0084,rail,2024-11-02,2024-11-10,10,8,20907.1,359
SHP007537,DC0001,CUST0022,PRD0073,ocean,2026-05-08,2026-06-05,28,28,11530.92,170
SHP007538,DC0005,CUST0029,PRD0051,rail,2025-09-11,2025-09-23,10,12,37917.08,653
SHP007539,DC0004,CUST0029,PRD0022,road,2025-12-15,2025-12-16,1,1,2111.27,95
SHP007540,DC0003,CUST0004,PRD0107,air,2026-03-28,2026-04-02,4,5,87140.97,208
SHP007541,DC0006,CUST0010,PRD0095,ocean,2026-07-08,2026-08-03,26,26,2351.25,37
SHP007542,DC0006,CUST0006,PRD0047,ocean,2024-11-14,2024-12-01,15,17,8597.78,269
SHP007543,DC0001,CUST0020,PRD0101,ocean,2024-10-25,2024-11-13,18,19,2645.66,65
SHP007544,DC0003,CUST0024,PRD0097,air,2024-10-01,2024-10-05,3,4,102274.06,456
SHP007545,DC0005,CUST0007,PRD0147,ocean,2025-01-27,2025-02-14,19,18,4667.24,106
SHP007546,DC0003,CUST0015,PRD0058,ocean,2025-01-24,2025-02-20,25,27,24317.93,397
SHP007547,DC0003,CUST0029,PRD0006,ocean,2025-05-01,2025-05-29,27,28,6249.62,95
SHP007548,DC0005,CUST0018,PRD0006,rail,2025-04-11,2025-04-17,7,6,3662.45,92
SHP007549,DC0004,CUST0021,PRD0143,rail,2026-04-19,2026-04-22,4,3,4037.91,234
SHP007550,DC0006,CUST0008,PRD0059,ocean,2026-01-13,2026-01-25,15,12,7568.38,228
SHP007551,DC0002,CUST0022,PRD0023,ocean,2025-03-22,2025-04-21,32,30,27700.85,353
SHP007552,DC0005,CUST0013,PRD0119,air,2026-01-29,2026-01-31,2,2,18108.98,153
SHP007553,DC0001,CUST0007,PRD0051,air,2026-08-29,2026-08-31,3,2,48879.25,210
SHP007554,DC0005,CUST0017,PRD0068,ocean,2026-08-29,2026-09-30,30,32,26687.26,357
SHP007555,DC0006,CUST0012,PRD0044,ocean,2026-03-04,2026-04-02,29,29,15488.88,218
SHP007556,DC0002,CUST0008,PRD0013,air,2026-02-23,2026-02-28,5,5,98603.2,192
SHP007557,DC0001,CUST0018,PRD0103,air,2026-06-28,2026-06-30,3,2,312715.66,1102
SHP007558,DC0006,CUST0029,PRD0110,ocean,2024-09-10,2024-09-27,16,17,11076.69,317
SHP007559,DC0005,CUST0002,PRD0067,ocean,2025-04-09,2025-04-17,9,8,2196.46,127
SHP007560,DC0005,CUST0028,PRD0039,air,2026-04-23,2026-04-27,5,4,62187.85,134
SHP007561,DC0002,CUST0011,PRD0023,air,2026-03-26,2026-03-31,5,5,133453.17,280
SHP007562,DC0001,CUST0004,PRD0095,ocean,2025-06-24,2025-07-14,21,20,43473.6,889
SHP007563,DC0005,CUST0015,PRD0044,air,2025-06-25,2025-06-26,2,1,16383.24,85
SHP007564,DC0005,CUST0021,PRD0146,ocean,2025-10-30,2025-11-14,15,15,7345.63,229
SHP007565,DC0006,CUST0025,PRD0031,ocean,2025-12-23,2026-01-05,14,13,4476.42,156
SHP007566,DC0002,CUST0005,PRD0004,air,2025-08-12,2025-08-17,5,5,117153.47,240
SHP007567,DC0005,CUST0004,PRD0135,ocean,2025-09-11,2025-09-29,18,18,927.27,23
SHP007568,DC0004,CUST0019,PRD0112,road,2026-03-10,2026-03-11,1,1,3750.42,163
SHP007569,DC0006,CUST0026,PRD0117,ocean,2024-12-21,2025-01-04,15,14,2393.04,75
SHP007570,DC0006,CUST0012,PRD0127,air,2025-06-19,2025-06-24,5,5,51688.81,97
SHP007571,DC0002,CUST0017,PRD0031,ocean,2025-02-15,2025-03-22,36,35,12064.71,133
SHP007572,DC0001,CUST0013,PRD0058,road,2026-03-01,2026-03-02,1,1,3575.46,618
SHP007573,DC0001,CUST0025,PRD0053,air,2025-08-14,2025-08-17,3,3,66715.44,224
SHP007574,DC0002,CUST0019,PRD0049,air,2025-09-13,2025-09-17,4,4,100323.38,228
SHP007575,DC0001,CUST0015,PRD0069,air,2026-03-28,2026-03-31,3,3,39630.45,134
SHP007576,DC0003,CUST0016,PRD0074,ocean,2026-03-08,2026-04-02,26,25,6337.66,100
SHP007577,DC0003,CUST0025,PRD0127,air,2026-02-10,2026-02-14,5,4,170034.2,373
SHP007578,DC0005,CUST0015,PRD0098,rail,2025-08-04,2025-08-09,7,5,21159.01,494
SHP007579,DC0002,CUST0027,PRD0034,ocean,2026-04-01,2026-04-27,25,26,3762.67,62
SHP007580,DC0002,CUST0026,PRD0111,ocean,2025-04-19,2025-05-14,27,25,5359.18,81
SHP007581,DC0002,CUST0025,PRD0053,air,2025-01-18,2025-01-22,5,4,127597.08,281
SHP007582,DC0004,CUST0007,PRD0056,ocean,2026-03-17,2026-04-07,22,21,7460.14,141
SHP007583,DC0001,CUST0004,PRD0073,ocean,2026-01-23,2026-02-11,21,19,14670.51,300
SHP007584,DC0005,CUST0001,PRD0049,air,2025-02-03,2025-02-05,3,2,27459.04,88
SHP007585,DC0006,CUST0003,PRD0108,ocean,2025-07-27,2025-08-26,31,30,20652.02,274
SHP007586,DC0004,CUST0016,PRD0047,road,2025-10-14,2025-10-15,1,1,1818.07,170
SHP007587,DC0006,CUST0026,PRD0105,rail,2025-06-03,2025-06-09,9,6,6381.45,120
SHP007588,DC0006,CUST0030,PRD0038,ocean,2025-10-28,2025-11-11,15,14,6594.22,196
SHP007589,DC0001,CUST0016,PRD0008,air,2024-12-06,2024-12-09,3,3,88407.81,278
SHP007590,DC0002,CUST0021,PRD0075,ocean,2026-07-20,2026-08-15,28,26,31117.28,459
SHP007591,DC0003,CUST0018,PRD0068,ocean,2024-09-11,2024-10-06,25,25,18976.95,318
SHP007592,DC0005,CUST0008,PRD0061,rail,2026-04-15,2026-04-25,9,10,9740.54,177
SHP007593,DC0002,CUST0019,PRD0116,ocean,2026-05-02,2026-05-26,25,24,6805.56,116
SHP007594,DC0005,CUST0024,PRD0064,ocean,2025-05-08,2025-05-30,20,22,3290.51,69
SHP007595,DC0002,CUST0014,PRD0095,rail,2025-07-05,2025-07-14,9,9,23350.84,461
SHP007596,DC0001,CUST0029,PRD0150,ocean,2026-01-14,2026-02-02,20,19,7522.88,166
SHP007597,DC0006,CUST0020,PRD0118,ocean,2025-06-23,2025-07-09,14,16,11137.37,378
SHP007598,DC0006,CUST0010,PRD0022,ocean,2026-03-23,2026-04-15,26,23,26372.13,415
SHP007599,DC0001,CUST0027,PRD0003,ocean,2025-09-29,2025-10-15,17,16,25257.01,643
SHP007600,DC0002,CUST0030,PRD0121,air,2025-04-28,2025-05-02,5,4,46913.91,95
SHP007601,DC0003,CUST0010,PRD0035,ocean,2024-09-20,2024-10-22,31,32,13798.54,179
SHP007602,DC0003,CUST0028,PRD0083,rail,2026-03-28,2026-04-03,7,6,6278.39,147
SHP007603,DC0003,CUST0004,PRD0102,ocean,2026-07-05,2026-07-29,23,24,4468.77,80
SHP007604,DC0002,CUST0004,PRD0055,ocean,2024-12-24,2025-01-15,23,22,5991.66,109
SHP007605,DC0003,CUST0013,PRD0099,rail,2026-07-27,2026-08-01,6,5,19214.7,542
SHP007606,DC0006,CUST0030,PRD0109,ocean,2025-05-01,2025-05-12,15,11,11136.15,331
SHP007607,DC0006,CUST0016,PRD0066,air,2025-12-05,2025-12-08,3,3,41842.21,178
SHP007608,DC0002,CUST0001,PRD0019,ocean,2025-11-15,2025-12-06,23,21,11558.07,216
SHP007609,DC0006,CUST0025,PRD0025,ocean,2025-11-19,2025-12-04,14,15,11707.57,408
SHP007610,DC0002,CUST0003,PRD0143,ocean,2026-05-26,2026-06-30,36,35,5840.71,65
SHP007611,DC0001,CUST0014,PRD0016,ocean,2026-08-16,2026-09-03,16,18,20247.22,567
SHP007612,DC0006,CUST0005,PRD0014,rail,2025-01-30,2025-02-07,9,8,5298.04,104
SHP007613,DC0005,CUST0019,PRD0086,rail,2025-06-14,2025-06-21,7,7,3644.92,94
SHP007614,DC0006,CUST0008,PRD0061,ocean,2025-09-27,2025-10-13,15,16,9593.25,289
SHP007615,DC0003,CUST0004,PRD0121,ocean,2025-01-18,2025-02-10,23,23,11060.2,198
SHP007616,DC0004,CUST0018,PRD0091,road,2024-11-21,2024-11-22,1,1,6300.7,289
SHP007617,DC0006,CUST0012,PRD0012,ocean,2025-10-22,2025-11-21,29,30,40143.2,565
SHP007618,DC0003,CUST0013,PRD0002,rail,2025-07-28,2025-08-01,6,4,7373.91,208
SHP007619,DC0003,CUST0003,PRD0065,air,2026-06-15,2026-06-20,6,5,74910.85,112
SHP007620,DC0002,CUST0005,PRD0130,ocean,2024-11-10,2024-12-07,27,27,2147.81,33
SHP007621,DC0004,CUST0011,PRD0098,road,2024-11-18,2024-11-19,1,1,2049.25,251
SHP007622,DC0004,CUST0022,PRD0078,ocean,2025-10-10,2025-10-27,18,17,5287.75,132
SHP007623,DC0004,CUST0019,PRD0102,road,2024-09-27,2024-09-28,1,1,3865.46,168
SHP007624,DC0003,CUST0018,PRD0095,ocean,2026-01-17,2026-02-10,25,24,15933.48,267
SHP007625,DC0001,CUST0004,PRD0034,ocean,2025-08-24,2025-09-14,21,21,4254.45,87
SHP007626,DC0002,CUST0019,PRD0144,ocean,2025-01-17,2025-02-09,25,23,23232.78,396
SHP007627,DC0006,CUST0023,PRD0011,ocean,2024-10-24,2024-11-18,25,25,7528.71,126
SHP007628,DC0005,CUST0013,PRD0149,ocean,2026-08-04,2026-08-14,9,10,3771.72,239
SHP007629,DC0002,CUST0025,PRD0046,air,2025-03-29,2025-04-02,5,4,62663.34,138
SHP007630,DC0004,CUST0006,PRD0067,rail,2025-02-20,2025-02-24,4,4,4428.66,263
SHP007631,DC0001,CUST0021,PRD0044,air,2025-12-26,2025-12-29,4,3,153814.18,442
SHP007632,DC0006,CUST0009,PRD0129,ocean,2024-10-24,2024-11-12,18,19,19084.0,461
SHP007633,DC0003,CUST0027,PRD0127,ocean,2024-10-15,2024-11-07,25,23,13199.45,216
SHP007634,DC0003,CUST0028,PRD0087,ocean,2025-09-15,2025-09-29,12,14,3715.78,145
SHP007635,DC0004,CUST0014,PRD0120,ocean,2025-01-06,2025-01-30,24,24,9298.04,166
SHP007636,DC0004,CUST0006,PRD0034,air,2026-05-21,2026-05-23,2,2,17352.6,229
SHP007637,DC0006,CUST0012,PRD0023,air,2025-06-29,2025-07-03,5,4,53287.43,100
SHP007638,DC0003,CUST0027,PRD0082,ocean,2024-12-27,2025-01-20,25,24,23282.36,381
SHP007639,DC0003,CUST0028,PRD0136,ocean,2024-11-23,2024-12-04,12,11,3023.88,118
SHP007640,DC0003,CUST0004,PRD0111,air,2025-09-28,2025-10-01,4,3,166740.89,398
SHP007641,DC0003,CUST0018,PRD0037,ocean,2025-08-17,2025-09-10,25,24,3461.2,58
SHP007642,DC0006,CUST0020,PRD0067,ocean,2024-10-23,2024-11-06,14,14,10135.59,344
SHP007643,DC0003,CUST0016,PRD0030,air,2026-07-29,2026-08-03,5,5,33748.06,71
SHP007644,DC0002,CUST0027,PRD0081,ocean,2026-05-25,2026-06-20,25,26,9528.06,157
SHP007645,DC0004,CUST0021,PRD0012,rail,2024-12-07,2024-12-10,4,3,8282.9,480
SHP007646,DC0001,CUST0019,PRD0033,ocean,2025-01-31,2025-02-17,17,17,3726.75,100
SHP007647,DC0001,CUST0019,PRD0128,ocean,2025-07-14,2025-08-02,17,19,2086.98,56
SHP007648,DC0005,CUST0006,PRD0072,air,2026-02-01,2026-02-04,3,3,82232.56,345
SHP007649,DC0005,CUST0004,PRD0093,ocean,2025-08-14,2025-08-30,18,16,1814.22,45
SHP007650,DC0003,CUST0004,PRD0111,ocean,2025-11-16,2025-12-09,23,23,4301.19,77
SHP007651,DC0006,CUST0017,PRD0073,ocean,2026-07-17,2026-08-13,30,27,15113.58,202
SHP007652,DC0003,CUST0003,PRD0068,air,2025-11-04,2025-11-10,6,6,90294.33,135
SHP007653,DC0006,CUST0009,PRD0068,ocean,2025-09-03,2025-09-20,18,17,3642.93,88
SHP007654,DC0003,CUST0017,PRD0133,air,2026-01-14,2026-01-19,6,5,274229.81,406
SHP007655,DC0004,CUST0017,PRD0081,ocean,2025-03-22,2025-04-11,20,20,10875.58,228
SHP007656,DC0006,CUST0030,PRD0112,air,2024-09-09,2024-09-12,3,3,35073.83,139
SHP007657,DC0002,CUST0005,PRD0043,air,2024-12-16,2024-12-21,5,5,121546.73,249
SHP007658,DC0002,CUST0021,PRD0081,air,2024-10-20,2024-10-25,5,5,81352.37,160
SHP007659,DC0006,CUST0005,PRD0126,ocean,2025-06-20,2025-07-03,14,13,4432.01,145
SHP007660,DC0005,CUST0018,PRD0039,air,2026-04-13,2026-04-14,2,1,19526.42,109
SHP007661,DC0002,CUST0015,PRD0143,ocean,2025-09-20,2025-10-14,25,24,6631.63,109
SHP007662,DC0006,CUST0020,PRD0113,rail,2026-06-26,2026-07-03,8,7,6973.13,142
SHP007663,DC0002,CUST0007,PRD0014,ocean,2026-06-04,2026-06-16,13,12,9374.18,341
SHP007664,DC0006,CUST0013,PRD0049,ocean,2025-08-04,2025-08-13,9,9,2769.96,178
SHP007665,DC0006,CUST0030,PRD0039,rail,2025-10-27,2025-11-05,9,9,3588.69,64
SHP007666,DC0001,CUST0010,PRD0014,ocean,2026-02-21,2026-03-20,27,27,42807.7,641
SHP007667,DC0003,CUST0019,PRD0059,ocean,2025-04-01,2025-04-27,25,26,9221.05,156
SHP007668,DC0001,CUST0026,PRD0047,ocean,2026-06-05,2026-06-25,19,20,18613.69,415
SHP007669,DC0004,CUST0020,PRD0010,road,2025-08-01,2025-08-02,1,1,863.53,155
SHP007670,DC0001,CUST0024,PRD0121,rail,2026-01-25,2026-02-03,10,9,12828.2,220
SHP007671,DC0002,CUST0022,PRD0067,air,2026-02-02,2026-02-09,6,7,107115.19,182
SHP007672,DC0006,CUST0022,PRD0042,ocean,2025-04-07,2025-05-02,27,25,10072.42,156
SHP007673,DC0006,CUST0011,PRD0120,ocean,2025-11-23,2025-12-09,14,16,8695.58,288
SHP007674,DC0003,CUST0014,PRD0112,ocean,2026-04-15,2026-04-28,14,13,8376.77,283
SHP007675,DC0002,CUST0004,PRD0030,ocean,2025-01-09,2025-02-03,23,25,8630.18,157
SHP007676,DC0006,CUST0023,PRD0127,ocean,2025-03-03,2025-03-28,25,25,4302.12,72
SHP007677,DC0001,CUST0030,PRD0011,air,2026-06-19,2026-06-22,4,3,31413.08,93
SHP007678,DC0002,CUST0003,PRD0114,ocean,2026-02-18,2026-03-27,36,37,10962.56,122
SHP007679,DC0002,CUST0005,PRD0092,ocean,2025-08-02,2025-09-01,27,30,38725.73,595
SHP007680,DC0006,CUST0022,PRD0144,air,2026-06-27,2026-07-02,5,5,90070.7,186
SHP007681,DC0006,CUST0014,PRD0125,ocean,2025-01-15,2025-02-05,21,21,5723.46,118
SHP007682,DC0002,CUST0021,PRD0118,ocean,2025-10-21,2025-11-18,28,28,17558.55,259
SHP007683,DC0004,CUST0012,PRD0127,ocean,2025-06-16,2025-07-07,23,21,7267.4,132
SHP007684,DC0004,CUST0010,PRD0029,ocean,2026-07-22,2026-08-08,17,17,5293.86,135
SHP007685,DC0004,CUST0027,PRD0038,rail,2025-02-25,2025-02-28,3,3,2219.41,209
SHP007686,DC0006,CUST0030,PRD0032,rail,2026-05-29,2026-06-07,9,9,13177.22,235
SHP007687,DC0006,CUST0005,PRD0090,ocean,2025-03-21,2025-04-03,14,13,3576.18,117
SHP007688,DC0003,CUST0002,PRD0024,rail,2025-12-03,2025-12-08,6,5,17637.67,495
SHP007689,DC0006,CUST0004,PRD0053,ocean,2025-04-03,2025-04-20,18,17,7160.74,177
SHP007690,DC0003,CUST0010,PRD0073,air,2026-07-01,2026-07-06,5,5,104067.19,180
SHP007691,DC0003,CUST0021,PRD0047,ocean,2026-01-23,2026-02-19,28,27,16105.11,236
SHP007692,DC0001,CUST0013,PRD0044,road,2026-02-10,2026-02-11,1,1,1822.45,315
SHP007693,DC0006,CUST0007,PRD0131,ocean,2025-02-08,2025-02-28,19,20,3592.96,82
SHP007694,DC0001,CUST0029,PRD0070,air,2025-08-28,2025-09-01,4,4,99587.49,293
SHP007695,DC0001,CUST0029,PRD0145,air,2026-08-25,2026-08-30,4,5,174363.08,513
SHP007696,DC0005,CUST0025,PRD0150,air,2025-10-10,2025-10-12,3,2,75471.43,352
SHP007697,DC0001,CUST0022,PRD0055,ocean,2026-08-27,2026-09-22,28,26,13158.82,194
SHP007698,DC0001,CUST0016,PRD0150,ocean,2024-10-29,2024-11-17,19,19,3943.37,93
SHP007699,DC0001,CUST0002,PRD0002,road,2024-11-19,2024-11-20,1,1,989.64,135
SHP007700,DC0006,CUST0024,PRD0135,ocean,2026-03-14,2026-03-29,20,15,5887.34,124
SHP007701,DC0001,CUST0026,PRD0147,ocean,2025-04-28,2025-05-15,19,17,7624.89,170
SHP007702,DC0004,CUST0002,PRD0047,ocean,2025-07-28,2025-08-13,18,16,6464.67,162
SHP007703,DC0006,CUST0012,PRD0107,air,2025-03-06,2025-03-10,5,4,40498.45,76
SHP007704,DC0005,CUST0024,PRD0020,ocean,2025-09-06,2025-09-24,20,18,3862.78,81
SHP007705,DC0004,CUST0001,PRD0064,air,2025-08-05,2025-08-08,4,3,46932.31,111
SHP007706,DC0003,CUST0021,PRD0128,ocean,2024-10-27,2024-11-24,28,28,13580.15,199
SHP007707,DC0005,CUST0026,PRD0025,ocean,2026-01-21,2026-02-09,15,19,2476.79,78
SHP007708,DC0005,CUST0005,PRD0085,air,2026-03-02,2026-03-05,3,3,13455.67,59
SHP007709,DC0005,CUST0005,PRD0007,air,2025-06-07,2025-06-09,3,2,78909.53,346
SHP007710,DC0004,CUST0009,PRD0073,ocean,2026-02-27,2026-03-22,23,23,16769.39,310
SHP007711,DC0006,CUST0025,PRD0032,air,2026-05-18,2026-05-21,3,3,45625.09,212
SHP007712,DC0002,CUST0017,PRD0101,ocean,2025-06-18,2025-07-24,36,36,7619.81,84
SHP007713,DC0006,CUST0008,PRD0096,rail,2024-09-11,2024-09-19,9,8,23457.54,424
SHP007714,DC0002,CUST0019,PRD0028,air,2024-11-26,2024-11-30,4,4,69522.34,158
SHP007715,DC0004,CUST0008,PRD0083,rail,2026-07-01,2026-07-03,3,2,3335.94,203
SHP007716,DC0004,CUST0006,PRD0040,ocean,2025-04-29,2025-05-06,7,7,2960.3,293
SHP007717,DC0003,CUST0012,PRD0008,air,2026-03-01,2026-03-06,7,5,354764.34,468
SHP007718,DC0006,CUST0030,PRD0021,rail,2025-08-21,2025-08-30,9,9,8803.5,157
SHP007719,DC0001,CUST0023,PRD0118,ocean,2024-10-23,2024-11-08,20,16,26480.97,580
SHP007720,DC0001,CUST0002,PRD0123,road,2025-10-07,2025-10-08,1,1,1106.93,151
SHP007721,DC0001,CUST0003,PRD0117,ocean,2025-02-26,2025-03-27,32,29,153447.05,1910
SHP007722,DC0001,CUST0005,PRD0069,ocean,2026-07-25,2026-08-13,19,19,8220.81,188
SHP007723,DC0001,CUST0010,PRD0002,ocean,2024-12-14,2025-01-08,27,25,14224.71,213
SHP007724,DC0003,CUST0001,PRD0085,ocean,2026-04-22,2026-05-14,23,22,4677.4,86
SHP007725,DC0005,CUST0028,PRD0012,ocean,2026-05-07,2026-06-03,26,27,8044.2,130
SHP007726,DC0002,CUST0026,PRD0116,ocean,2025-01-05,2025-01-31,27,26,6219.3,94
SHP007727,DC0001,CUST0027,PRD0084,ocean,2024-09-17,2024-10-04,17,17,5459.91,139
SHP007728,DC0001,CUST0018,PRD0146,ocean,2024-11-15,2024-11-30,17,15,8777.98,232
SHP007729,DC0003,CUST0008,PRD0034,ocean,2025-04-05,2025-05-01,28,26,6475.99,94
SHP007730,DC0001,CUST0007,PRD0055,air,2025-09-27,2025-09-29,3,2,40965.47,176
SHP007731,DC0001,CUST0022,PRD0013,ocean,2025-06-14,2025-07-11,28,27,9835.2,145
SHP007732,DC0003,CUST0030,PRD0073,ocean,2024-10-30,2024-11-25,27,26,16582.74,251
SHP007733,DC0005,CUST0016,PRD0083,ocean,2026-03-12,2026-03-26,14,14,1811.37,58
SHP007734,DC0005,CUST0023,PRD0015,air,2026-01-08,2026-01-12,4,4,259850.51,578
SHP007735,DC0003,CUST0022,PRD0019,ocean,2024-12-24,2025-01-22,32,29,12388.1,159
SHP007736,DC0001,CUST0020,PRD0141,air,2025-05-21,2025-05-23,3,2,25642.52,84
SHP007737,DC0001,CUST0018,PRD0098,air,2025-02-08,2025-02-09,3,1,49943.7,176
SHP007738,DC0005,CUST0008,PRD0024,rail,2024-09-29,2024-10-07,9,8,5778.29,105
SHP007739,DC0005,CUST0027,PRD0103,ocean,2026-01-07,2026-01-20,12,13,4864.13,191
SHP007740,DC0002,CUST0030,PRD0066,ocean,2025-02-07,2025-03-05,27,26,15209.98,231
SHP007741,DC0001,CUST0009,PRD0046,ocean,2026-01-22,2026-02-11,21,20,12585.33,252
SHP007742,DC0003,CUST0023,PRD0062,ocean,2026-05-04,2026-05-18,12,14,1553.8,65
SHP007743,DC0005,CUST0017,PRD0103,air,2026-04-16,2026-04-21,5,5,372276.11,664
SHP007744,DC0002,CUST0007,PRD0023,air,2025-12-13,2025-12-15,3,2,25153.59,122
SHP007745,DC0005,CUST0011,PRD0006,ocean,2026-02-06,2026-02-20,14,14,3637.01,121
SHP007746,DC0005,CUST0004,PRD0054,air,2026-06-17,2026-06-20,3,3,38400.96,127
SHP007747,DC0002,CUST0023,PRD0042,rail,2025-06-14,2025-06-20,7,6,3721.2,92
SHP007748,DC0002,CUST0028,PRD0100,rail,2025-04-15,2025-04-23,8,8,31929.56,736
SHP007749,DC0006,CUST0028,PRD0104,ocean,2024-10-12,2024-11-06,26,25,7032.12,114
SHP007750,DC0004,CUST0017,PRD0073,ocean,2024-09-07,2024-09-27,20,20,33962.34,712
SHP007751,DC0004,CUST0004,PRD0040,ocean,2026-03-18,2026-04-09,23,22,7888.24,147
SHP007752,DC0003,CUST0007,PRD0031,rail,2026-03-14,2026-03-23,8,9,8610.59,193
SHP007753,DC0006,CUST0010,PRD0077,air,2026-07-10,2026-07-15,5,5,232106.52,487
SHP007754,DC0005,CUST0019,PRD0126,ocean,2025-06-02,2025-06-14,12,12,5420.85,233
SHP007755,DC0004,CUST0021,PRD0111,air,2025-02-24,2025-02-26,2,2,53191.73,685
SHP007756,DC0001,CUST0009,PRD0080,air,2024-11-09,2024-11-12,4,3,27343.13,73
SHP007757,DC0002,CUST0019,PRD0034,ocean,2025-07-07,2025-07-31,25,24,20827.37,355
SHP007758,DC0006,CUST0012,PRD0092,ocean,2026-08-23,2026-09-19,29,27,12007.44,169
SHP007759,DC0002,CUST0011,PRD0025,ocean,2025-05-06,2025-06-03,26,28,10231.41,161
SHP007760,DC0001,CUST0014,PRD0095,ocean,2025-01-21,2025-02-04,16,14,3713.78,104
SHP007761,DC0004,CUST0022,PRD0132,ocean,2026-01-02,2026-01-21,18,19,4526.63,113
SHP007762,DC0001,CUST0006,PRD0052,ocean,2025-02-11,2025-03-03,20,20,5852.81,127
SHP007763,DC0003,CUST0006,PRD0126,ocean,2026-06-06,2026-07-04,28,28,21125.49,311
SHP007764,DC0006,CUST0028,PRD0115,ocean,2026-04-05,2026-04-30,26,25,10979.97,178
SHP007765,DC0005,CUST0006,PRD0100,ocean,2026-04-29,2026-05-14,15,15,4735.32,149
SHP007766,DC0001,CUST0026,PRD0122,air,2025-01-03,2025-01-06,4,3,34648.38,103
SHP007767,DC0004,CUST0014,PRD0069,ocean,2025-01-03,2025-01-25,24,22,10362.27,185
SHP007768,DC0001,CUST0007,PRD0145,ocean,2025-07-02,2025-07-17,14,15,19396.53,625
SHP007769,DC0002,CUST0017,PRD0109,ocean,2024-11-21,2024-12-28,36,37,18142.41,200
SHP007770,DC0004,CUST0023,PRD0024,air,2025-04-29,2025-05-04,6,5,100737.43,158
SHP007771,DC0003,CUST0016,PRD0109,ocean,2025-10-17,2025-11-14,26,28,16034.29,253
SHP007772,DC0005,CUST0029,PRD0095,ocean,2025-01-19,2025-02-04,16,16,5887.89,169
SHP007773,DC0004,CUST0014,PRD0048,air,2025-02-01,2025-02-05,4,4,156274.26,372
SHP007774,DC0003,CUST0004,PRD0112,air,2025-10-02,2025-10-05,4,3,56976.79,136
SHP007775,DC0003,CUST0023,PRD0110,air,2026-07-17,2026-07-18,2,1,71534.34,399
SHP007776,DC0005,CUST0016,PRD0024,air,2024-11-30,2024-12-02,3,2,47314.25,202
SHP007777,DC0003,CUST0011,PRD0011,ocean,2025-02-06,2025-03-07,26,29,5043.88,79
SHP007778,DC0004,CUST0025,PRD0132,road,2025-05-20,2025-05-21,1,1,622.39,100
SHP007779,DC0004,CUST0015,PRD0088,road,2025-01-08,2025-01-09,1,1,2813.87,155
SHP007780,DC0006,CUST0014,PRD0119,ocean,2025-06-22,2025-07-14,21,22,8488.18,175
SHP007781,DC0005,CUST0029,PRD0058,ocean,2025-04-21,2025-05-08,16,17,3483.96,100
SHP007782,DC0003,CUST0010,PRD0040,air,2025-06-13,2025-06-17,5,4,158413.39,274
SHP007783,DC0002,CUST0006,PRD0127,ocean,2025-08-03,2025-08-31,28,28,10122.08,150
SHP007784,DC0004,CUST0025,PRD0135,road,2024-10-21,2024-10-22,1,1,1020.71,164
SHP007785,DC0003,CUST0027,PRD0135,ocean,2026-04-18,2026-05-15,25,27,14543.83,238
SHP007786,DC0004,CUST0005,PRD0022,road,2025-12-19,2025-12-20,1,1,2419.74,143
SHP007787,DC0003,CUST0015,PRD0075,ocean,2025-05-29,2025-06-21,25,23,4410.3,72
SHP007788,DC0006,CUST0024,PRD0120,air,2024-10-22,2024-10-26,4,4,71217.79,200
SHP007789,DC0002,CUST0025,PRD0112,ocean,2025-02-09,2025-03-07,25,26,5509.53,91
SHP007790,DC0004,CUST0025,PRD0021,road,2025-04-10,2025-04-11,1,1,1369.25,220
SHP007791,DC0003,CUST0026,PRD0123,ocean,2025-11-12,2025-12-08,27,26,5320.42,80
SHP007792,DC0003,CUST0018,PRD0077,ocean,2026-08-18,2026-09-13,25,26,17186.67,288
SHP007793,DC0006,CUST0010,PRD0039,ocean,2024-11-16,2024-12-13,26,27,76383.86,1202
SHP007794,DC0004,CUST0019,PRD0033,road,2025-09-28,2025-09-29,1,1,3589.36,156
SHP007795,DC0002,CUST0019,PRD0077,ocean,2026-08-24,2026-09-16,25,23,2640.09,45
SHP007796,DC0005,CUST0008,PRD0064,ocean,2026-05-14,2026-05-29,15,15,5117.91,155
SHP007797,DC0003,CUST0001,PRD0134,ocean,2025-01-06,2025-01-29,23,23,14412.93,265
SHP007798,DC0006,CUST0005,PRD0110,ocean,2026-08-01,2026-08-15,14,14,3087.13,101
SHP007799,DC0003,CUST0025,PRD0076,ocean,2025-11-13,2025-12-09,25,26,43336.69,713
SHP007800,DC0005,CUST0006,PRD0146,rail,2026-08-17,2026-08-27,9,10,8792.66,166
SHP007801,DC0004,CUST0004,PRD0013,ocean,2026-01-22,2026-02-14,23,23,13147.07,245
SHP007802,DC0001,CUST0002,PRD0142,road,2026-01-09,2026-01-10,1,1,1891.31,258
SHP007803,DC0004,CUST0027,PRD0020,rail,2026-08-10,2026-08-14,3,4,1380.5,130
SHP007804,DC0003,CUST0028,PRD0012,rail,2026-01-20,2026-01-27,7,7,7303.43,171
SHP007805,DC0003,CUST0003,PRD0132,air,2025-05-03,2025-05-08,6,5,159854.41,239
SHP007806,DC0002,CUST0017,PRD0028,ocean,2025-12-09,2026-01-13,36,35,81913.0,903
SHP007807,DC0004,CUST0007,PRD0131,ocean,2026-06-07,2026-06-29,22,22,4920.52,93
SHP007808,DC0001,CUST0004,PRD0109,ocean,2025-04-22,2025-05-13,21,21,6503.92,133
SHP007809,DC0005,CUST0007,PRD0106,ocean,2026-05-15,2026-06-04,19,20,13209.18,300
SHP007810,DC0006,CUST0022,PRD0025,ocean,2025-08-20,2025-09-13,27,24,16077.14,249
SHP007811,DC0001,CUST0010,PRD0119,ocean,2025-05-05,2025-05-31,27,26,9616.71,144
SHP007812,DC0006,CUST0020,PRD0146,ocean,2025-11-19,2025-12-01,14,12,3241.03,110
SHP007813,DC0004,CUST0016,PRD0065,rail,2025-11-02,2025-11-03,2,1,903.09,152
SHP007814,DC0003,CUST0022,PRD0091,ocean,2025-06-08,2025-07-11,32,33,2259.46,29
SHP007815,DC0004,CUST0016,PRD0066,road,2025-12-13,2025-12-14,1,1,449.17,42
SHP007816,DC0002,CUST0012,PRD0150,ocean,2025-02-19,2025-03-29,40,38,13223.33,132
SHP007817,DC0002,CUST0016,PRD0021,air,2025-11-04,2025-11-08,5,4,43578.79,92
SHP007818,DC0001,CUST0011,PRD0129,ocean,2026-08-22,2026-09-11,19,20,4747.91,112
SHP007819,DC0005,CUST0007,PRD0005,ocean,2025-02-19,2025-03-10,19,19,2465.71,56
SHP007820,DC0005,CUST0004,PRD0030,ocean,2025-11-25,2025-12-13,18,18,5482.97,136
SHP007821,DC0006,CUST0024,PRD0119,air,2026-06-17,2026-06-21,4,4,66944.72,188
SHP007822,DC0001,CUST0015,PRD0046,ocean,2025-04-16,2025-05-03,17,17,39630.45,1005
SHP007823,DC0003,CUST0019,PRD0047,ocean,2026-02-21,2026-03-20,25,27,26067.19,441
SHP007824,DC0002,CUST0008,PRD0101,air,2026-03-07,2026-03-11,5,4,460661.8,897
SHP007825,DC0005,CUST0003,PRD0012,ocean,2025-11-27,2025-12-30,31,33,11824.44,157
SHP007826,DC0003,CUST0006,PRD0022,air,2024-10-17,2024-10-22,5,5,33624.17,66
SHP007827,DC0006,CUST0013,PRD0107,ocean,2025-06-02,2025-06-08,9,6,1151.56,74
SHP007828,DC0006,CUST0007,PRD0077,ocean,2025-04-07,2025-04-24,19,17,7142.11,163
SHP007829,DC0002,CUST0019,PRD0081,ocean,2024-12-23,2025-01-17,25,25,10208.34,174
SHP007830,DC0001,CUST0023,PRD0117,ocean,2025-01-30,2025-02-18,20,19,4063.46,89
SHP007831,DC0004,CUST0024,PRD0116,ocean,2024-10-01,2024-10-22,23,21,18066.52,331
SHP007832,DC0003,CUST0009,PRD0068,air,2026-07-06,2026-07-09,4,3,65163.47,153
SHP007833,DC0002,CUST0014,PRD0088,ocean,2025-11-12,2025-11-25,14,13,2917.59,96
SHP007834,DC0002,CUST0010,PRD0048,ocean,2026-07-22,2026-08-22,31,31,4813.27,62
SHP007835,DC0001,CUST0006,PRD0055,ocean,2026-02-22,2026-03-15,20,21,18848.82,409
SHP007836,DC0005,CUST0005,PRD0048,ocean,2025-04-30,2025-05-13,14,13,12376.18,407
SHP007837,DC0002,CUST0015,PRD0021,air,2025-03-24,2025-03-29,5,5,94455.04,207
SHP007838,DC0002,CUST0002,PRD0067,rail,2025-12-15,2025-12-20,6,5,6417.55,183
SHP007839,DC0004,CUST0023,PRD0028,ocean,2026-03-10,2026-04-13,34,34,16662.06,196
SHP007840,DC0004,CUST0011,PRD0112,rail,2025-09-17,2025-09-19,2,2,222.25,49
SHP007841,DC0004,CUST0006,PRD0137,ocean,2026-08-14,2026-08-22,7,8,4172.71,413
SHP007842,DC0006,CUST0022,PRD0005,ocean,2025-12-18,2026-01-15,27,28,10976.36,170
SHP007843,DC0005,CUST0010,PRD0002,air,2025-04-01,2025-04-06,5,5,40977.93,86
SHP007844,DC0005,CUST0006,PRD0102,rail,2024-09-21,2024-10-01,9,10,7892.21,149
SHP007845,DC0002,CUST0027,PRD0030,ocean,2026-05-11,2026-06-02,25,22,13108.67,216
SHP007846,DC0003,CUST0016,PRD0004,ocean,2025-05-02,2025-05-28,26,26,10774.03,170
SHP007847,DC0004,CUST0013,PRD0044,ocean,2025-02-26,2025-03-15,18,17,17752.79,434
SHP007848,DC0004,CUST0001,PRD0123,air,2025-09-30,2025-10-04,4,4,63844.85,151
SHP007849,DC0006,CUST0007,PRD0118,air,2026-06-24,2026-06-26,4,2,77555.46,236
SHP007850,DC0001,CUST0012,PRD0104,ocean,2025-12-30,2026-02-01,35,33,10873.51,126
SHP007851,DC0004,CUST0021,PRD0125,rail,2025-03-03,2025-03-04,4,1,1190.67,69
SHP007852,DC0001,CUST0015,PRD0078,ocean,2026-01-16,2026-02-03,17,18,4889.73,124
SHP007853,DC0006,CUST0001,PRD0093,ocean,2026-02-08,2026-02-26,18,18,2545.5,61
SHP007854,DC0002,CUST0006,PRD0102,ocean,2025-11-19,2025-12-18,28,29,32930.5,488
SHP007855,DC0006,CUST0020,PRD0078,ocean,2025-06-07,2025-06-22,14,15,1944.62,66
SHP007856,DC0004,CUST0003,PRD0023,ocean,2025-04-25,2025-05-14,21,19,16976.64,350
SHP007857,DC0001,CUST0004,PRD0033,air,2025-07-22,2025-07-25,4,3,57214.98,156
SHP007858,DC0006,CUST0005,PRD0035,rail,2024-09-08,2024-09-17,9,9,9933.83,195
SHP007859,DC0006,CUST0018,PRD0004,air,2026-05-28,2026-05-29,2,1,31568.99,175
SHP007860,DC0003,CUST0015,PRD0049,air,2024-10-24,2024-10-29,5,5,57885.24,126
SHP007861,DC0004,CUST0022,PRD0029,air,2025-01-21,2025-01-23,3,2,50173.53,167
SHP007862,DC0002,CUST0011,PRD0005,ocean,2025-12-08,2026-01-02,26,25,12328.53,194
SHP007863,DC0004,CUST0003,PRD0049,ocean,2024-12-15,2025-01-07,21,23,18286.27,377
SHP007864,DC0001,CUST0024,PRD0007,ocean,2025-01-30,2025-02-12,16,13,9131.35,261
SHP007865,DC0002,CUST0022,PRD0054,ocean,2024-11-09,2024-12-10,32,31,23149.44,295
SHP007866,DC0005,CUST0018,PRD0124,ocean,2025-11-08,2025-11-20,12,12,3129.01,131
SHP007867,DC0005,CUST0008,PRD0038,ocean,2026-04-30,2026-05-16,15,16,4127.35,125
SHP007868,DC0002,CUST0008,PRD0062,ocean,2026-07-12,2026-08-10,28,29,10887.44,159
SHP007869,DC0004,CUST0023,PRD0112,ocean,2025-02-22,2025-03-26,34,32,19552.41,230
SHP007870,DC0003,CUST0004,PRD0138,ocean,2024-10-30,2024-11-23,23,24,4245.33,76
SHP007871,DC0004,CUST0009,PRD0049,ocean,2026-02-12,2026-03-08,23,24,9196.12,170
SHP007872,DC0006,CUST0005,PRD0023,rail,2025-04-18,2025-04-26,9,8,7539.52,148
SHP007873,DC0003,CUST0008,PRD0078,air,2026-02-09,2026-02-14,5,5,115224.42,223
SHP007874,DC0001,CUST0020,PRD0119,ocean,2025-02-28,2025-03-17,18,17,13553.9,333
SHP007875,DC0003,CUST0018,PRD0038,ocean,2025-01-10,2025-02-02,25,23,7519.17,126
SHP007876,DC0003,CUST0017,PRD0122,air,2025-03-03,2025-03-08,6,5,178992.36,265
SHP007877,DC0005,CUST0005,PRD0109,ocean,2025-03-30,2025-04-12,14,13,1824.5,60
SHP007878,DC0005,CUST0008,PRD0006,rail,2025-07-26,2025-08-05,9,10,14528.26,264
SHP007879,DC0002,CUST0023,PRD0030,ocean,2025-12-09,2025-12-25,12,16,6698.15,276
SHP007880,DC0003,CUST0023,PRD0043,rail,2025-03-20,2025-03-26,7,6,3665.36,92
SHP007881,DC0002,CUST0011,PRD0040,ocean,2026-03-25,2026-04-18,26,24,32092.31,505
SHP007882,DC0004,CUST0006,PRD0114,rail,2024-11-01,2024-11-04,4,3,3283.61,195
SHP007883,DC0004,CUST0007,PRD0125,ocean,2026-08-11,2026-09-01,22,21,9311.95,176
SHP007884,DC0005,CUST0021,PRD0121,ocean,2025-06-20,2025-07-02,15,12,2405.77,75
SHP007885,DC0004,CUST0026,PRD0006,road,2025-01-03,2025-01-04,1,1,12608.07,709
SHP007886,DC0005,CUST0018,PRD0116,air,2025-07-21,2025-07-22,2,1,20422.13,114
SHP007887,DC0001,CUST0017,PRD0150,air,2025-09-05,2025-09-12,6,7,294149.13,488
SHP007888,DC0006,CUST0004,PRD0063,ocean,2026-02-19,2026-03-11,18,20,3317.41,82
SHP007889,DC0003,CUST0026,PRD0052,air,2026-03-09,2026-03-13,5,4,224953.96,451
SHP007890,DC0003,CUST0022,PRD0076,ocean,2026-04-22,2026-05-22,32,30,17296.59,222
SHP007891,DC0004,CUST0006,PRD0146,ocean,2026-04-03,2026-04-08,7,5,7011.76,694
SHP007892,DC0003,CUST0009,PRD0101,ocean,2024-09-18,2024-10-10,24,22,15275.79,269
SHP007893,DC0005,CUST0029,PRD0014,rail,2025-06-07,2025-06-16,10,9,11380.93,196
SHP007894,DC0004,CUST0002,PRD0086,ocean,2026-05-17,2026-06-03,18,17,1356.78,34
SHP007895,DC0002,CUST0013,PRD0003,air,2026-03-08,2026-03-10,2,2,8566.48,55
SHP007896,DC0001,CUST0012,PRD0027,ocean,2026-07-05,2026-08-08,35,34,8111.98,94
SHP007897,DC0002,CUST0010,PRD0111,ocean,2025-11-10,2025-12-10,31,30,5589.61,72
SHP007898,DC0004,CUST0012,PRD0107,ocean,2024-12-23,2025-01-14,23,22,16626.93,302
SHP007899,DC0004,CUST0002,PRD0127,ocean,2026-02-13,2026-03-04,18,19,7741.65,194
SHP007900,DC0003,CUST0006,PRD0149,ocean,2025-03-09,2025-04-05,28,27,2785.03,41
SHP007901,DC0004,CUST0001,PRD0142,ocean,2025-08-06,2025-08-29,24,23,10993.15,195
SHP007902,DC0001,CUST0018,PRD0075,ocean,2025-07-30,2025-08-19,17,20,2535.02,67
SHP007903,DC0005,CUST0019,PRD0010,air,2025-06-03,2025-06-05,2,2,81661.8,468
SHP007904,DC0001,CUST0001,PRD0125,ocean,2025-11-17,2025-12-09,21,22,7016.34,143
SHP007905,DC0004,CUST0016,PRD0103,road,2024-10-26,2024-10-27,1,1,6951.44,650
SHP007906,DC0006,CUST0006,PRD0125,rail,2024-12-12,2024-12-22,9,10,23119.2,434
SHP007907,DC0001,CUST0007,PRD0132,ocean,2025-08-10,2025-08-24,14,14,9434.47,304
SHP007908,DC0006,CUST0009,PRD0125,ocean,2024-12-25,2025-01-13,18,19,6168.15,149
SHP007909,DC0002,CUST0023,PRD0060,rail,2025-01-19,2025-01-26,7,7,14884.79,368
SHP007910,DC0002,CUST0005,PRD0016,air,2024-09-13,2024-09-18,5,5,440789.94,903
SHP007911,DC0002,CUST0018,PRD0136,ocean,2025-09-02,2025-09-26,25,24,17890.73,302
SHP007912,DC0003,CUST0001,PRD0005,air,2026-02-12,2026-02-15,4,3,389557.1,955
SHP007913,DC0006,CUST0010,PRD0109,air,2025-08-26,2025-08-31,5,5,50520.1,106
SHP007914,DC0005,CUST0026,PRD0148,ocean,2026-07-08,2026-07-22,15,14,7049.34,222
SHP007915,DC0002,CUST0021,PRD0081,ocean,2026-07-18,2026-08-12,28,25,10101.25,149
SHP007916,DC0003,CUST0011,PRD0142,ocean,2026-08-09,2026-09-06,26,28,5171.57,81
SHP007917,DC0006,CUST0012,PRD0017,ocean,2025-06-01,2025-06-29,29,28,4476.14,63
SHP007918,DC0003,CUST0020,PRD0069,air,2025-08-25,2025-08-30,5,5,65846.36,142
SHP007919,DC0001,CUST0025,PRD0107,ocean,2025-12-13,2025-12-30,18,17,6433.27,162
SHP007920,DC0001,CUST0003,PRD0122,ocean,2025-11-05,2025-12-06,32,31,17272.83,215
SHP007921,DC0005,CUST0019,PRD0030,ocean,2025-06-27,2025-07-08,12,11,1465.72,63
SHP007922,DC0005,CUST0030,PRD0127,ocean,2024-10-02,2024-10-17,15,15,10157.26,303
SHP007923,DC0006,CUST0011,PRD0089,rail,2026-07-05,2026-07-13,9,8,7749.54,154
SHP007924,DC0003,CUST0013,PRD0115,air,2025-06-10,2025-06-12,2,2,12283.94,77
SHP007925,DC0005,CUST0030,PRD0112,rail,2025-10-19,2025-10-29,9,10,7374.91,132
SHP007926,DC0003,CUST0009,PRD0006,ocean,2025-01-23,2025-02-16,24,24,14367.2,253
SHP007927,DC0002,CUST0023,PRD0042,air,2025-07-17,2025-07-18,2,1,22205.84,122
SHP007928,DC0003,CUST0002,PRD0074,rail,2025-03-08,2025-03-12,6,4,7553.91,212
SHP007929,DC0001,CUST0028,PRD0050,ocean,2026-06-28,2026-07-19,20,21,1992.37,42
SHP007930,DC0005,CUST0027,PRD0121,ocean,2026-02-10,2026-02-23,12,13,7207.07,283
SHP007931,DC0001,CUST0027,PRD0089,ocean,2025-09-08,2025-09-22,17,14,4595.75,117
SHP007932,DC0001,CUST0030,PRD0113,air,2025-08-24,2025-08-28,4,4,149634.36,443
SHP007933,DC0004,CUST0027,PRD0060,rail,2026-01-16,2026-01-19,3,3,722.11,68
SHP007934,DC0003,CUST0025,PRD0130,ocean,2026-01-22,2026-02-18,25,27,3768.41,62
SHP007935,DC0004,CUST0001,PRD0057,air,2025-12-20,2025-12-24,4,4,184346.72,436
SHP007936,DC0006,CUST0024,PRD0087,ocean,2026-07-08,2026-07-24,20,16,22552.3,475
SHP007937,DC0003,CUST0008,PRD0120,ocean,2026-02-20,2026-03-22,28,30,10058.45,146
SHP007938,DC0002,CUST0010,PRD0034,ocean,2025-02-26,2025-03-27,31,29,35556.1,458
SHP007939,DC0002,CUST0018,PRD0076,ocean,2024-09-29,2024-10-24,25,25,24703.42,417
SHP007940,DC0006,CUST0026,PRD0100,ocean,2026-04-17,2026-04-30,15,13,3541.7,111
SHP007941,DC0004,CUST0015,PRD0107,road,2025-12-06,2025-12-07,1,1,3939.42,217
SHP007942,DC0003,CUST0006,PRD0093,ocean,2026-01-08,2026-02-02,28,25,18544.24,273
SHP007943,DC0005,CUST0013,PRD0121,ocean,2026-01-23,2026-01-31,9,8,6849.06,434
SHP007944,DC0004,CUST0016,PRD0042,road,2025-12-16,2025-12-17,1,1,1839.46,172
SHP007945,DC0005,CUST0006,PRD0054,ocean,2025-03-12,2025-03-27,15,15,2669.58,84
SHP007946,DC0001,CUST0013,PRD0073,road,2025-07-31,2025-08-01,1,1,2985.34,516
SHP007947,DC0003,CUST0009,PRD0023,air,2026-01-11,2026-01-15,4,4,87736.43,206
SHP007948,DC0006,CUST0005,PRD0124,air,2025-03-07,2025-03-10,3,3,57998.26,253
SHP007949,DC0006,CUST0002,PRD0034,ocean,2025-11-15,2025-11-24,9,9,4471.25,262
SHP007950,DC0005,CUST0012,PRD0045,ocean,2026-07-26,2026-08-23,29,28,62463.74,882
SHP007951,DC0005,CUST0012,PRD0052,ocean,2026-05-07,2026-06-04,29,28,12889.34,182
SHP007952,DC0006,CUST0025,PRD0041,rail,2024-09-12,2024-09-19,8,7,7030.28,147
SHP007953,DC0003,CUST0020,PRD0126,ocean,2026-03-17,2026-04-08,26,22,10139.72,164
SHP007954,DC0003,CUST0020,PRD0026,ocean,2025-12-15,2026-01-11,26,27,3462.34,56
SHP007955,DC0004,CUST0022,PRD0107,air,2026-07-01,2026-07-04,3,3,54379.69,181
SHP007956,DC0002,CUST0015,PRD0127,ocean,2025-06-19,2025-07-12,25,23,44961.21,739
SHP007957,DC0001,CUST0011,PRD0078,air,2025-11-03,2025-11-06,3,3,11763.8,37
SHP007958,DC0001,CUST0001,PRD0061,ocean,2026-06-20,2026-07-09,21,19,9714.93,198
SHP007959,DC0004,CUST0019,PRD0054,road,2025-09-15,2025-09-16,1,1,2185.83,95
SHP007960,DC0004,CUST0004,PRD0143,air,2025-01-19,2025-01-23,4,4,51515.05,128
SHP007961,DC0003,CUST0013,PRD0013,ocean,2025-07-08,2025-07-21,11,13,8933.77,420
SHP007962,DC0003,CUST0017,PRD0005,ocean,2026-04-29,2026-06-04,36,36,4232.78,47
SHP007963,DC0003,CUST0009,PRD0092,air,2025-03-06,2025-03-10,4,4,49404.98,116
SHP007964,DC0004,CUST0026,PRD0067,road,2025-04-11,2025-04-12,1,1,2756.35,155
SHP007965,DC0005,CUST0028,PRD0092,ocean,2026-08-07,2026-09-01,26,25,2970.17,48
SHP007966,DC0001,CUST0010,PRD0041,ocean,2025-12-26,2026-01-23,27,28,15226.45,228
SHP007967,DC0003,CUST0013,PRD0045,ocean,2025-06-08,2025-06-19,11,11,2999.19,141
SHP007968,DC0005,CUST0006,PRD0129,air,2025-04-15,2025-04-17,3,2,112742.03,473
SHP007969,DC0002,CUST0010,PRD0009,ocean,2025-06-29,2025-08-03,31,35,12188.45,157
SHP007970,DC0006,CUST0009,PRD0017,air,2026-06-02,2026-06-05,3,3,19560.06,63
SHP007971,DC0002,CUST0028,PRD0087,air,2026-02-14,2026-02-17,3,3,51928.92,266
SHP007972,DC0002,CUST0024,PRD0111,rail,2024-11-07,2024-11-17,9,10,6288.0,123
SHP007973,DC0006,CUST0027,PRD0030,ocean,2025-12-09,2025-12-20,12,11,3306.48,129
SHP007974,DC0006,CUST0025,PRD0059,rail,2026-03-21,2026-03-29,8,8,17599.62,368
SHP007975,DC0003,CUST0021,PRD0031,air,2025-05-12,2025-05-17,5,5,270238.21,528
SHP007976,DC0002,CUST0025,PRD0144,ocean,2024-12-16,2025-01-10,25,25,18163.29,300
SHP007977,DC0006,CUST0022,PRD0058,ocean,2026-03-01,2026-03-29,27,28,13107.06,203
SHP007978,DC0001,CUST0004,PRD0125,air,2026-07-11,2026-07-14,4,3,76286.64,208
SHP007979,DC0006,CUST0014,PRD0067,ocean,2025-06-19,2025-07-11,21,22,5432.43,112
SHP007980,DC0001,CUST0023,PRD0088,air,2025-04-15,2025-04-18,4,3,108549.13,317
SHP007981,DC0001,CUST0005,PRD0091,ocean,2026-08-21,2026-09-13,19,23,5509.69,126
SHP007982,DC0005,CUST0001,PRD0012,ocean,2026-04-19,2026-05-07,18,18,4618.11,111
SHP007983,DC0005,CUST0013,PRD0143,ocean,2024-09-05,2024-09-13,9,8,2588.12,164
SHP007984,DC0004,CUST0003,PRD0069,air,2024-10-24,2024-10-28,4,4,229912.23,632
SHP007985,DC0005,CUST0027,PRD0039,air,2026-01-22,2026-01-25,2,3,20819.0,109
SHP007986,DC0004,CUST0003,PRD0132,ocean,2025-09-20,2025-10-09,21,19,13872.34,286
SHP007987,DC0006,CUST0022,PRD0027,ocean,2025-12-23,2026-01-18,27,26,25181.06,390
SHP007988,DC0005,CUST0012,PRD0013,ocean,2026-02-18,2026-03-20,29,30,9419.14,133
SHP007989,DC0005,CUST0009,PRD0113,ocean,2025-01-05,2025-01-23,18,18,5528.08,134
SHP007990,DC0006,CUST0005,PRD0118,rail,2025-06-02,2025-06-11,9,9,6622.55,130
SHP007991,DC0002,CUST0023,PRD0029,ocean,2026-01-28,2026-02-09,12,12,3276.27,135
SHP007992,DC0004,CUST0029,PRD0028,road,2025-01-25,2025-01-26,1,1,2466.85,111
SHP007993,DC0001,CUST0027,PRD0027,air,2025-01-14,2025-01-16,3,2,35351.96,120
SHP007994,DC0005,CUST0022,PRD0144,air,2026-07-24,2026-07-28,5,4,127323.91,263
SHP007995,DC0002,CUST0027,PRD0011,ocean,2025-07-28,2025-08-20,25,23,34592.32,570
SHP007996,DC0003,CUST0008,PRD0130,ocean,2026-04-18,2026-05-17,28,29,10334.03,150
SHP007997,DC0002,CUST0003,PRD0027,ocean,2025-01-16,2025-02-21,36,36,4582.71,51
SHP007998,DC0006,CUST0013,PRD0043,ocean,2024-10-16,2024-10-27,9,11,2863.33,184
SHP007999,DC0005,CUST0013,PRD0031,rail,2025-01-14,2025-01-18,5,4,1893.75,72
SHP008000,DC0002,CUST0014,PRD0053,ocean,2026-03-09,2026-03-25,14,16,5288.13,174
SHP008001,DC0005,CUST0003,PRD0093,ocean,2025-03-11,2025-04-12,31,32,6928.97,92
SHP008002,DC0001,CUST0028,PRD0041,ocean,2026-06-21,2026-07-14,20,23,4506.54,95
SHP008003,DC0006,CUST0010,PRD0075,air,2025-06-27,2025-07-02,5,5,68631.09,144
SHP008004,DC0006,CUST0017,PRD0114,ocean,2025-12-03,2025-12-31,30,28,4489.18,60
SHP008005,DC0003,CUST0013,PRD0130,ocean,2025-12-01,2025-12-11,11,10,1063.54,50
SHP008006,DC0005,CUST0029,PRD0128,ocean,2026-05-27,2026-06-11,16,15,12716.45,365
SHP008007,DC0002,CUST0017,PRD0026,ocean,2025-01-02,2025-02-07,36,36,10250.46,113
SHP008008,DC0004,CUST0004,PRD0040,ocean,2025-04-04,2025-04-27,23,23,6707.69,125
SHP008009,DC0001,CUST0018,PRD0094,air,2025-06-05,2025-06-08,3,3,78888.34,278
SHP008010,DC0004,CUST0005,PRD0086,rail,2025-03-23,2025-03-24,2,1,1983.54,211
SHP008011,DC0006,CUST0011,PRD0036,rail,2025-05-10,2025-05-20,9,10,5937.96,118
SHP008012,DC0004,CUST0028,PRD0032,ocean,2025-11-03,2025-12-10,35,37,8742.17,101
SHP008013,DC0003,CUST0010,PRD0052,air,2025-08-16,2025-08-21,5,5,219697.4,380
SHP008014,DC0004,CUST0003,PRD0113,air,2026-01-05,2026-01-09,4,4,90218.72,248
SHP008015,DC0003,CUST0024,PRD0107,air,2024-11-16,2024-11-19,3,3,28932.79,129
SHP008016,DC0002,CUST0027,PRD0002,air,2024-10-18,2024-10-22,5,4,40964.59,90
SHP008017,DC0006,CUST0021,PRD0063,air,2026-03-03,2026-03-05,3,2,53227.14,220
SHP008018,DC0005,CUST0008,PRD0122,ocean,2024-09-09,2024-09-24,15,15,8386.77,254
SHP008019,DC0003,CUST0019,PRD0088,air,2025-10-31,2025-11-03,4,3,192843.99,435
SHP008020,DC0001,CUST0005,PRD0074,ocean,2026-08-22,2026-09-09,19,18,5946.97,136
SHP008021,DC0002,CUST0013,PRD0130,rail,2024-11-13,2024-11-20,6,7,3911.16,113
SHP008022,DC0003,CUST0024,PRD0044,ocean,2025-09-18,2025-10-04,14,16,6608.94,221
SHP008023,DC0005,CUST0003,PRD0022,ocean,2024-09-09,2024-10-12,31,33,7757.43,103
SHP008024,DC0001,CUST0004,PRD0069,ocean,2025-11-15,2025-12-08,21,23,2298.38,47
SHP008025,DC0006,CUST0029,PRD0096,ocean,2026-08-21,2026-09-04,16,14,5765.47,165
SHP008026,DC0006,CUST0013,PRD0107,rail,2026-03-10,2026-03-15,5,5,5965.28,230
SHP008027,DC0006,CUST0020,PRD0093,rail,2026-07-12,2026-07-20,8,8,30151.43,614
SHP008028,DC0006,CUST0023,PRD0063,ocean,2025-08-13,2025-09-08,25,26,8962.75,150
SHP008029,DC0003,CUST0030,PRD0039,ocean,2025-05-06,2025-06-04,27,29,40168.55,608
SHP008030,DC0003,CUST0017,PRD0136,air,2025-07-12,2025-07-18,6,6,273554.37,405
SHP008031,DC0003,CUST0003,PRD0108,ocean,2025-05-31,2025-07-06,36,36,29785.98,334
SHP008032,DC0006,CUST0011,PRD0059,ocean,2026-06-12,2026-06-25,14,13,9420.22,312
SHP008033,DC0006,CUST0002,PRD0036,air,2026-08-30,2026-09-01,2,2,31998.46,250
SHP008034,DC0001,CUST0009,PRD0110,ocean,2026-04-20,2026-05-14,21,24,7790.92,156
SHP008035,DC0001,CUST0014,PRD0106,ocean,2026-07-19,2026-08-03,16,15,16104.93,451
SHP008036,DC0001,CUST0012,PRD0105,air,2025-12-30,2026-01-05,6,6,160513.73,248
SHP008037,DC0005,CUST0009,PRD0118,ocean,2025-06-05,2025-06-22,18,17,5156.79,125
SHP008038,DC0004,CUST0017,PRD0133,air,2024-10-15,2024-10-18,4,3,259726.06,726
SHP008039,DC0005,CUST0018,PRD0093,ocean,2025-05-20,2025-05-31,12,11,16982.62,711
SHP008040,DC0004,CUST0029,PRD0008,road,2025-05-01,2025-05-02,1,1,18734.71,843
SHP008041,DC0005,CUST0022,PRD0114,ocean,2024-11-15,2024-12-12,27,27,9553.33,148
SHP008042,DC0006,CUST0020,PRD0038,rail,2025-08-01,2025-08-08,8,7,10361.48,211
SHP008043,DC0005,CUST0013,PRD0003,air,2026-01-23,2026-01-25,2,2,19647.65,166
SHP008044,DC0001,CUST0005,PRD0133,air,2026-02-12,2026-02-16,4,4,42962.47,131
SHP008045,DC0005,CUST0029,PRD0018,rail,2026-06-10,2026-06-20,10,10,36813.83,634
SHP008046,DC0005,CUST0011,PRD0022,rail,2024-12-13,2024-12-22,9,9,3206.18,64
SHP008047,DC0005,CUST0020,PRD0087,ocean,2025-11-14,2025-11-29,14,15,2729.62,93
SHP008048,DC0005,CUST0016,PRD0081,ocean,2026-05-27,2026-06-12,14,16,9181.78,294
SHP008049,DC0001,CUST0013,PRD0103,rail,2025-03-25,2025-03-26,1,1,208.92,65
SHP008050,DC0003,CUST0029,PRD0043,ocean,2026-01-24,2026-02-22,27,29,10854.6,165
SHP008051,DC0006,CUST0013,PRD0112,rail,2026-04-18,2026-04-24,5,6,2178.62,84
SHP008052,DC0004,CUST0013,PRD0016,ocean,2025-05-29,2025-06-16,18,18,9571.78,234
SHP008053,DC0002,CUST0014,PRD0101,air,2025-11-26,2025-11-29,3,3,215172.12,944
SHP008054,DC0004,CUST0029,PRD0010,road,2025-12-26,2025-12-27,1,1,2422.4,109
SHP008055,DC0003,CUST0030,PRD0039,ocean,2025-08-14,2025-09-09,27,26,2774.8,42
SHP008056,DC0002,CUST0001,PRD0148,ocean,2025-06-30,2025-07-23,23,23,6367.64,119
SHP008057,DC0003,CUST0018,PRD0015,ocean,2025-01-18,2025-02-09,25,22,3341.85,56
SHP008058,DC0005,CUST0028,PRD0134,ocean,2026-08-20,2026-09-14,26,25,6249.72,101
SHP008059,DC0004,CUST0010,PRD0076,ocean,2026-07-31,2026-08-16,17,16,5097.79,130
SHP008060,DC0003,CUST0020,PRD0108,ocean,2026-04-16,2026-05-13,26,27,17620.86,285
SHP008061,DC0001,CUST0024,PRD0103,ocean,2024-09-16,2024-10-05,16,19,5947.62,170
SHP008062,DC0005,CUST0002,PRD0142,air,2025-05-23,2025-05-24,2,1,32946.9,254
SHP008063,DC0001,CUST0023,PRD0078,ocean,2024-10-07,2024-10-28,20,21,11414.21,250
SHP008064,DC0006,CUST0019,PRD0081,ocean,2026-04-13,2026-04-22,12,9,2905.73,124
SHP008065,DC0003,CUST0020,PRD0089,air,2025-04-28,2025-05-03,5,5,211450.28,456
SHP008066,DC0006,CUST0020,PRD0003,rail,2025-07-23,2025-07-30,8,7,11982.0,244
SHP008067,DC0006,CUST0001,PRD0072,ocean,2025-11-18,2025-12-05,18,17,7886.88,189
SHP008068,DC0003,CUST0009,PRD0136,air,2025-06-21,2025-06-24,4,3,97958.15,230
SHP008069,DC0003,CUST0028,PRD0038,ocean,2025-11-22,2025-12-01,12,9,5842.75,228
SHP008070,DC0004,CUST0019,PRD0104,road,2024-11-02,2024-11-03,1,1,874.33,38
SHP008071,DC0003,CUST0014,PRD0115,air,2025-07-11,2025-07-13,3,2,64157.74,289
SHP008072,DC0003,CUST0027,PRD0053,ocean,2026-07-12,2026-08-05,25,24,21143.56,346
SHP008073,DC0001,CUST0019,PRD0140,ocean,2026-07-11,2026-07-27,17,16,7937.97,213
SHP008074,DC0004,CUST0027,PRD0114,road,2026-08-21,2026-08-22,1,1,16687.03,873
SHP008075,DC0002,CUST0006,PRD0089,ocean,2026-05-19,2026-06-15,28,27,25845.04,383
SHP008076,DC0005,CUST0026,PRD0104,ocean,2026-06-23,2026-07-07,15,14,4000.98,126
SHP008077,DC0005,CUST0029,PRD0051,rail,2026-02-19,2026-03-01,10,10,26245.82,452
SHP008078,DC0005,CUST0019,PRD0078,ocean,2025-04-05,2025-04-17,12,12,3303.7,142
SHP008079,DC0001,CUST0023,PRD0022,air,2025-01-23,2025-01-27,4,4,112658.25,329
SHP008080,DC0003,CUST0003,PRD0010,ocean,2024-12-16,2025-01-18,36,33,12574.32,141
SHP008081,DC0005,CUST0015,PRD0138,rail,2025-09-16,2025-09-23,7,7,3340.9,78
SHP008082,DC0005,CUST0020,PRD0086,rail,2025-10-24,2025-11-01,8,8,2935.07,60
SHP008083,DC0003,CUST0020,PRD0100,ocean,2026-05-19,2026-06-10,26,22,35612.68,576
SHP008084,DC0006,CUST0025,PRD0033,ocean,2025-09-05,2025-09-19,14,14,4849.46,169
SHP008085,DC0006,CUST0012,PRD0134,air,2024-12-05,2024-12-09,5,4,51155.94,96
SHP008086,DC0006,CUST0004,PRD0139,ocean,2026-04-05,2026-04-24,18,19,7888.96,195
SHP008087,DC0006,CUST0006,PRD0073,ocean,2025-04-10,2025-04-25,15,15,4698.42,147
SHP008088,DC0004,CUST0013,PRD0055,air,2026-01-05,2026-01-08,3,3,144190.27,470
SHP008089,DC0004,CUST0030,PRD0024,road,2025-10-07,2025-10-08,1,1,11637.5,698
SHP008090,DC0004,CUST0013,PRD0131,ocean,2026-06-01,2026-06-22,18,21,11576.13,283
SHP008091,DC0001,CUST0009,PRD0142,ocean,2025-01-04,2025-01-25,21,21,14133.53,283
SHP008092,DC0001,CUST0028,PRD0080,ocean,2025-07-25,2025-08-11,20,17,40179.4,847
SHP008093,DC0002,CUST0008,PRD0134,ocean,2024-11-26,2024-12-23,28,27,12941.67,189
SHP008094,DC0001,CUST0020,PRD0088,ocean,2025-12-29,2026-01-14,18,16,5169.21,127
SHP008095,DC0003,CUST0016,PRD0041,air,2025-02-25,2025-03-02,5,5,30896.11,65
SHP008096,DC0003,CUST0021,PRD0006,air,2025-02-04,2025-02-10,5,6,97756.62,191
SHP008097,DC0006,CUST0002,PRD0008,ocean,2026-03-04,2026-03-12,9,8,2201.49,129
SHP008098,DC0001,CUST0013,PRD0139,rail,2025-12-26,2025-12-27,1,1,562.48,175
SHP008099,DC0005,CUST0030,PRD0067,ocean,2024-11-07,2024-11-23,15,16,9788.52,292
SHP008100,DC0002,CUST0017,PRD0062,ocean,2025-07-16,2025-08-19,36,34,12064.71,133
SHP008101,DC0005,CUST0003,PRD0078,air,2026-02-05,2026-02-09,5,4,111277.76,197
SHP008102,DC0006,CUST0009,PRD0109,air,2024-12-29,2025-01-01,3,3,53402.08,172
SHP008103,DC0001,CUST0023,PRD0130,ocean,2026-07-10,2026-07-29,20,19,5844.08,128
SHP008104,DC0006,CUST0009,PRD0029,ocean,2026-06-21,2026-07-12,18,21,4802.05,116
SHP008105,DC0002,CUST0002,PRD0016,rail,2026-03-14,2026-03-19,6,5,5891.52,168
SHP008106,DC0005,CUST0018,PRD0096,ocean,2025-02-10,2025-02-27,12,17,1457.02,61
SHP008107,DC0003,CUST0003,PRD0067,ocean,2025-03-10,2025-04-17,36,38,33709.88,378
SHP008108,DC0002,CUST0023,PRD0130,ocean,2025-08-15,2025-08-26,12,11,2985.05,123
SHP008109,DC0003,CUST0006,PRD0091,ocean,2026-06-17,2026-07-15,28,28,24521.87,361
SHP008110,DC0003,CUST0008,PRD0032,ocean,2024-12-02,2024-12-29,28,27,9576.2,139
SHP008111,DC0004,CUST0008,PRD0013,rail,2024-12-11,2024-12-13,3,2,1561.15,95
SHP008112,DC0005,CUST0013,PRD0032,ocean,2025-09-27,2025-10-04,9,7,6075.78,385
SHP008113,DC0004,CUST0026,PRD0115,road,2026-02-12,2026-02-13,1,1,7077.59,398
SHP008114,DC0003,CUST0006,PRD0077,air,2024-11-08,2024-11-12,5,4,54002.45,106
SHP008115,DC0003,CUST0014,PRD0147,rail,2026-01-19,2026-01-26,8,7,4785.31,97
SHP008116,DC0005,CUST0017,PRD0002,ocean,2026-05-30,2026-06-30,30,31,2765.91,37
SHP008117,DC0004,CUST0018,PRD0117,road,2026-07-12,2026-07-13,1,1,2289.18,105
SHP008118,DC0002,CUST0002,PRD0087,rail,2026-03-14,2026-03-19,6,5,12905.24,368
SHP008119,DC0001,CUST0028,PRD0061,air,2025-11-14,2025-11-18,4,4,56569.0,159
SHP008120,DC0005,CUST0004,PRD0149,ocean,2025-12-15,2026-01-01,18,17,7176.24,178
SHP008121,DC0002,CUST0004,PRD0145,air,2025-06-04,2025-06-07,4,3,257256.46,624
SHP008122,DC0003,CUST0029,PRD0137,ocean,2026-02-06,2026-03-06,27,28,25261.61,384
SHP008123,DC0001,CUST0003,PRD0060,ocean,2026-02-20,2026-03-24,32,32,18638.59,232
SHP008124,DC0002,CUST0001,PRD0090,ocean,2025-06-08,2025-07-01,23,23,16962.54,317
SHP008125,DC0005,CUST0014,PRD0077,ocean,2025-12-14,2026-01-03,21,20,14322.62,294
SHP008126,DC0006,CUST0004,PRD0073,ocean,2025-10-16,2025-11-01,18,16,2791.48,69
SHP008127,DC0006,CUST0001,PRD0147,ocean,2026-05-18,2026-06-03,18,16,2503.77,60
SHP008128,DC0005,CUST0009,PRD0036,ocean,2026-04-13,2026-05-03,18,20,6683.2,162
SHP008129,DC0001,CUST0027,PRD0097,ocean,2025-02-13,2025-03-02,17,17,5774.15,147
SHP008130,DC0004,CUST0019,PRD0134,rail,2024-11-26,2024-11-27,3,1,562.43,44
SHP008131,DC0004,CUST0003,PRD0064,ocean,2024-11-06,2024-11-25,21,19,3395.33,70
SHP008132,DC0002,CUST0026,PRD0027,ocean,2024-11-07,2024-12-03,27,26,19385.68,293
SHP008133,DC0004,CUST0022,PRD0084,air,2026-02-23,2026-02-25,3,2,243356.64,810
SHP008134,DC0006,CUST0025,PRD0133,air,2026-07-16,2026-07-17,3,1,51866.26,241
SHP008135,DC0004,CUST0013,PRD0150,ocean,2026-02-26,2026-03-18,18,20,1636.2,40
SHP008136,DC0005,CUST0027,PRD0050,rail,2024-11-27,2024-12-04,7,7,5008.44,118
SHP008137,DC0005,CUST0012,PRD0093,ocean,2025-05-28,2025-06-24,29,27,22945.86,324
SHP008138,DC0001,CUST0021,PRD0117,air,2026-05-16,2026-05-19,4,3,80039.05,230
SHP008139,DC0003,CUST0010,PRD0026,ocean,2026-07-28,2026-08-28,31,31,14261.06,185
SHP008140,DC0005,CUST0029,PRD0038,air,2025-10-27,2025-10-29,3,2,140839.02,539
SHP008141,DC0006,CUST0029,PRD0109,rail,2024-09-05,2024-09-15,10,10,26789.04,460
SHP008142,DC0003,CUST0013,PRD0106,ocean,2024-10-18,2024-10-29,11,11,2637.59,124
SHP008143,DC0006,CUST0029,PRD0021,rail,2025-09-27,2025-10-05,10,8,16539.32,284
SHP008144,DC0001,CUST0023,PRD0024,air,2026-05-12,2026-05-15,4,3,71224.67,208
SHP008145,DC0003,CUST0006,PRD0016,ocean,2026-08-16,2026-09-11,28,26,13925.16,205
SHP008146,DC0004,CUST0002,PRD0109,ocean,2025-04-24,2025-05-12,18,18,5028.08,126
SHP008147,DC0003,CUST0027,PRD0034,air,2025-05-27,2025-05-31,5,4,84788.1,185
SHP008148,DC0003,CUST0024,PRD0122,ocean,2026-01-10,2026-01-24,14,14,1913.9,64
SHP008149,DC0004,CUST0025,PRD0055,road,2026-04-05,2026-04-06,1,1,3728.09,599
SHP008150,DC0003,CUST0022,PRD0115,ocean,2025-09-16,2025-10-17,32,31,18776.93,241
SHP008151,DC0006,CUST0030,PRD0020,rail,2025-11-14,2025-11-20,9,6,34260.76,611
SHP008152,DC0002,CUST0023,PRD0095,rail,2025-02-12,2025-02-18,7,6,10475.98,259
SHP008153,DC0004,CUST0024,PRD0135,ocean,2025-06-17,2025-07-11,23,24,7859.76,144
SHP008154,DC0003,CUST0007,PRD0104,air,2025-09-29,2025-10-02,3,3,80908.3,403
SHP008155,DC0002,CUST0029,PRD0144,ocean,2025-08-04,2025-09-01,27,28,56512.01,861
SHP008156,DC0006,CUST0013,PRD0133,ocean,2024-12-18,2024-12-25,9,7,5088.64,327
SHP008157,DC0006,CUST0028,PRD0102,ocean,2026-07-20,2026-08-13,26,24,8697.62,141
SHP008158,DC0005,CUST0014,PRD0068,air,2026-05-04,2026-05-08,4,4,143226.24,392
SHP008159,DC0001,CUST0024,PRD0150,ocean,2025-09-01,2025-09-13,16,12,4163.33,119
SHP008160,DC0001,CUST0010,PRD0128,ocean,2025-07-31,2025-08-27,27,27,5142.27,77
SHP008161,DC0002,CUST0014,PRD0109,ocean,2025-11-14,2025-11-28,14,14,4832.26,159
SHP008162,DC0005,CUST0002,PRD0113,ocean,2024-12-18,2024-12-27,9,9,3424.4,198
SHP008163,DC0004,CUST0027,PRD0126,rail,2025-12-31,2026-01-02,3,2,4778.64,450
SHP008164,DC0004,CUST0021,PRD0107,ocean,2026-04-08,2026-04-15,7,7,1201.02,116
SHP008165,DC0003,CUST0012,PRD0042,ocean,2026-01-27,2026-03-08,40,40,10208.32,101
SHP008166,DC0004,CUST0001,PRD0037,ocean,2025-11-12,2025-12-04,24,22,13079.03,232
SHP008167,DC0001,CUST0005,PRD0130,ocean,2025-04-16,2025-05-05,19,19,6777.79,155
SHP008168,DC0002,CUST0016,PRD0033,ocean,2026-08-23,2026-09-16,26,24,20273.61,321
SHP008169,DC0006,CUST0002,PRD0125,ocean,2024-12-02,2024-12-08,9,6,8635.32,506
SHP008170,DC0005,CUST0004,PRD0118,ocean,2026-08-28,2026-09-12,18,15,6894.03,171
SHP008171,DC0001,CUST0027,PRD0034,air,2026-01-29,2026-01-31,3,2,32405.96,110
SHP008172,DC0003,CUST0008,PRD0132,air,2025-08-17,2025-08-21,5,4,35652.4,69
SHP008173,DC0004,CUST0003,PRD0136,ocean,2026-04-28,2026-05-16,21,18,5820.56,120
SHP008174,DC0002,CUST0019,PRD0031,air,2025-08-29,2025-09-01,4,3,74362.51,169
SHP008175,DC0006,CUST0014,PRD0055,ocean,2026-01-28,2026-02-18,21,21,5432.43,112
SHP008176,DC0001,CUST0027,PRD0117,ocean,2025-06-04,2025-06-18,17,14,5774.15,147
SHP008177,DC0005,CUST0011,PRD0122,ocean,2026-08-17,2026-08-31,14,14,5590.77,186
SHP008178,DC0005,CUST0008,PRD0009,ocean,2025-05-03,2025-05-17,15,14,13834.87,419
SHP008179,DC0005,CUST0008,PRD0041,ocean,2026-04-28,2026-05-13,15,15,5580.17,169
SHP008180,DC0005,CUST0016,PRD0144,ocean,2025-02-03,2025-02-18,14,15,17676.48,566
SHP008181,DC0004,CUST0021,PRD0095,rail,2026-02-17,2026-02-21,4,4,1846.4,107
SHP008182,DC0004,CUST0017,PRD0031,ocean,2026-04-15,2026-05-02,20,17,3815.99,80
SHP008183,DC0006,CUST0006,PRD0105,air,2026-01-25,2026-01-28,3,3,46744.46,195
SHP008184,DC0003,CUST0008,PRD0029,ocean,2024-10-12,2024-11-09,28,28,7991.65,116
SHP008185,DC0003,CUST0026,PRD0031,ocean,2026-05-25,2026-06-19,27,25,14165.62,213
SHP008186,DC0005,CUST0011,PRD0095,rail,2025-01-11,2025-01-20,9,9,19237.07,384
SHP008187,DC0004,CUST0009,PRD0147,ocean,2025-08-23,2025-09-13,23,21,2812.93,52
SHP008188,DC0001,CUST0025,PRD0075,ocean,2025-06-15,2025-07-02,18,17,10047.03,253
SHP008189,DC0005,CUST0024,PRD0011,ocean,2026-08-19,2026-09-08,20,20,5961.08,125
SHP008190,DC0006,CUST0011,PRD0134,rail,2025-12-26,2026-01-03,9,8,27777.56,552
SHP008191,DC0006,CUST0028,PRD0040,ocean,2026-05-13,2026-06-11,26,29,27449.94,445
SHP008192,DC0005,CUST0002,PRD0031,rail,2026-08-24,2026-08-29,5,5,15623.11,542
SHP008193,DC0004,CUST0022,PRD0096,ocean,2025-10-06,2025-10-24,18,18,11136.32,278
SHP008194,DC0005,CUST0022,PRD0079,ocean,2025-05-06,2025-06-02,27,27,41828.08,648
SHP008195,DC0003,CUST0006,PRD0096,ocean,2026-01-09,2026-02-06,28,28,13245.88,195
SHP008196,DC0005,CUST0016,PRD0078,ocean,2026-08-23,2026-09-04,14,12,8588.4,275
SHP008197,DC0004,CUST0025,PRD0076,rail,2026-03-08,2026-03-10,2,2,352.69,102
SHP008198,DC0001,CUST0014,PRD0125,rail,2025-06-14,2025-06-24,10,10,6189.63,104
SHP008199,DC0004,CUST0023,PRD0008,ocean,2025-09-22,2025-10-26,34,34,19212.37,226
SHP008200,DC0006,CUST0029,PRD0037,ocean,2025-03-28,2025-04-13,16,16,5136.51,147
SHP008201,DC0004,CUST0023,PRD0037,ocean,2026-01-22,2026-02-23,34,32,12411.53,146
SHP008202,DC0006,CUST0027,PRD0108,ocean,2025-01-23,2025-02-01,12,9,13251.55,517
SHP008203,DC0004,CUST0008,PRD0013,air,2026-05-18,2026-05-19,2,1,19300.78,261
SHP008204,DC0005,CUST0009,PRD0079,ocean,2025-06-16,2025-07-03,18,17,10932.39,265
SHP008205,DC0005,CUST0015,PRD0073,ocean,2024-12-08,2024-12-21,12,13,13157.99,512
SHP008206,DC0006,CUST0026,PRD0056,ocean,2026-03-04,2026-03-20,15,16,10880.37,341
SHP008207,DC0004,CUST0025,PRD0047,road,2025-10-30,2025-10-31,1,1,983.37,158
SHP008208,DC0005,CUST0027,PRD0126,rail,2026-04-11,2026-04-19,7,8,5220.67,123
SHP008209,DC0004,CUST0024,PRD0001,ocean,2026-05-13,2026-06-02,23,20,13317.92,244
SHP008210,DC0002,CUST0028,PRD0032,ocean,2026-02-01,2026-02-11,13,10,3279.72,126
SHP008211,DC0003,CUST0003,PRD0141,air,2025-08-02,2025-08-08,6,6,179250.97,268
SHP008212,DC0002,CUST0011,PRD0090,ocean,2024-12-31,2025-01-29,26,29,9723.02,153
SHP008213,DC0002,CUST0019,PRD0018,ocean,2024-12-12,2025-01-02,25,21,6277.54,107
SHP008214,DC0005,CUST0016,PRD0012,rail,2026-01-22,2026-01-29,9,7,6089.95,117
SHP008215,DC0005,CUST0017,PRD0107,ocean,2025-04-03,2025-05-05,30,32,15399.37,206
SHP008216,DC0006,CUST0016,PRD0124,ocean,2024-12-18,2025-01-01,14,14,6801.32,217
SHP008217,DC0001,CUST0028,PRD0147,ocean,2025-02-09,2025-03-04,20,23,4743.73,100
SHP008218,DC0002,CUST0030,PRD0080,ocean,2026-03-01,2026-03-27,27,26,7045.32,107
SHP008219,DC0004,CUST0021,PRD0145,ocean,2026-02-19,2026-02-26,7,7,724.75,70
SHP008220,DC0003,CUST0026,PRD0116,ocean,2024-09-10,2024-10-06,27,26,15429.21,232
SHP008221,DC0006,CUST0007,PRD0087,ocean,2026-02-13,2026-03-03,19,18,15160.56,346
SHP008222,DC0001,CUST0005,PRD0097,ocean,2025-10-26,2025-11-16,19,21,6384.24,146
SHP008223,DC0004,CUST0003,PRD0122,air,2026-01-09,2026-01-12,4,3,93129.0,256
SHP008224,DC0005,CUST0023,PRD0034,ocean,2026-08-22,2026-09-15,25,24,14026.53,234
SHP008225,DC0001,CUST0029,PRD0036,ocean,2024-12-20,2025-01-10,20,21,20846.53,460
SHP008226,DC0002,CUST0023,PRD0130,rail,2026-07-25,2026-07-31,7,6,6835.68,169
SHP008227,DC0001,CUST0007,PRD0118,ocean,2025-07-11,2025-07-24,14,13,18620.67,600
SHP008228,DC0004,CUST0010,PRD0116,air,2026-05-08,2026-05-10,3,2,108230.1,368
SHP008229,DC0005,CUST0011,PRD0115,air,2026-07-08,2026-07-12,3,4,38323.85,170
SHP008230,DC0005,CUST0019,PRD0039,rail,2024-11-12,2024-11-17,7,5,7134.74,184
SHP008231,DC0006,CUST0026,PRD0084,ocean,2026-08-12,2026-08-26,15,14,11103.72,348
SHP008232,DC0005,CUST0006,PRD0023,ocean,2025-01-12,2025-01-26,15,14,29333.58,923
SHP008233,DC0003,CUST0007,PRD0105,ocean,2024-10-12,2024-10-25,13,13,5701.73,213
SHP008234,DC0004,CUST0001,PRD0100,ocean,2026-08-16,2026-09-05,24,20,12458.91,221
SHP008235,DC0002,CUST0021,PRD0060,ocean,2025-12-19,2026-01-16,28,28,9219.94,136
SHP008236,DC0006,CUST0006,PRD0102,air,2025-11-08,2025-11-10,3,2,20136.07,84
SHP008237,DC0003,CUST0005,PRD0087,ocean,2026-08-09,2026-09-07,27,29,2225.32,34
SHP008238,DC0001,CUST0024,PRD0139,air,2025-12-03,2025-12-05,3,2,78456.11,299
SHP008239,DC0005,CUST0006,PRD0012,ocean,2025-06-24,2025-07-08,15,14,7976.96,251
SHP008240,DC0006,CUST0030,PRD0114,ocean,2024-09-28,2024-10-12,15,14,18033.16,536
SHP008241,DC0005,CUST0019,PRD0072,ocean,2025-02-25,2025-03-08,12,11,6165.35,265
SHP008242,DC0005,CUST0016,PRD0023,air,2025-08-24,2025-08-26,3,2,54809.58,234
SHP008243,DC0001,CUST0022,PRD0043,air,2026-01-16,2026-01-21,5,5,56467.6,111
SHP008244,DC0004,CUST0028,PRD0007,ocean,2026-07-29,2026-09-02,35,35,19128.91,221
SHP008245,DC0006,CUST0022,PRD0147,air,2025-12-21,2025-12-25,5,4,33413.33,69
SHP008246,DC0003,CUST0026,PRD0080,ocean,2025-06-03,2025-06-27,27,24,9709.76,146
SHP008247,DC0005,CUST0010,PRD0144,ocean,2026-01-19,2026-02-13,26,25,16137.05,254
SHP008248,DC0005,CUST0008,PRD0032,rail,2026-04-04,2026-04-13,9,9,11281.42,205
SHP008249,DC0002,CUST0017,PRD0144,ocean,2025-12-26,2026-01-30,36,35,18868.11,208
SHP008250,DC0003,CUST0014,PRD0022,ocean,2026-03-22,2026-04-03,14,12,22999.11,777
SHP008251,DC0004,CUST0002,PRD0050,ocean,2026-05-24,2026-06-10,18,17,10335.5,259
SHP008252,DC0004,CUST0014,PRD0139,ocean,2025-12-20,2026-01-13,24,24,22348.9,399
SHP008253,DC0005,CUST0004,PRD0148,air,2025-03-22,2025-03-25,3,3,15118.49,50
SHP008254,DC0003,CUST0006,PRD0014,ocean,2025-12-22,2026-01-18,28,27,26220.06,386
SHP008255,DC0004,CUST0030,PRD0146,road,2025-05-28,2025-05-29,1,1,3284.51,197
SHP008256,DC0006,CUST0012,PRD0134,ocean,2024-11-30,2024-12-28,29,28,13499.48,190
SHP008257,DC0006,CUST0001,PRD0049,air,2024-11-02,2024-11-05,3,3,98273.06,314
SHP008258,DC0006,CUST0012,PRD0122,air,2025-08-25,2025-08-30,5,5,181177.27,340
SHP008259,DC0005,CUST0008,PRD0129,air,2026-01-02,2026-01-04,3,2,50766.38,205
SHP008260,DC0003,CUST0023,PRD0005,air,2025-09-09,2025-09-11,2,2,72610.04,405
SHP008261,DC0006,CUST0020,PRD0031,air,2024-09-20,2024-09-22,3,2,95021.19,430
SHP008262,DC0001,CUST0002,PRD0137,rail,2025-10-24,2025-10-25,2,1,382.82,94
SHP008263,DC0006,CUST0020,PRD0047,rail,2025-10-24,2025-10-31,8,7,10557.91,215
SHP008264,DC0001,CUST0014,PRD0005,rail,2025-03-21,2025-03-30,10,9,3987.55,67
SHP008265,DC0005,CUST0023,PRD0071,ocean,2026-02-27,2026-03-22,25,23,11748.72,196
SHP008266,DC0001,CUST0011,PRD0053,ocean,2026-04-03,2026-04-21,19,18,30522.29,720
SHP008267,DC0003,CUST0011,PRD0063,ocean,2025-01-13,2025-02-06,26,24,13152.4,206
SHP008268,DC0004,CUST0015,PRD0149,road,2025-08-21,2025-08-22,1,1,3231.41,178
SHP008269,DC0002,CUST0029,PRD0114,ocean,2025-12-15,2026-01-07,27,23,10107.84,154
SHP008270,DC0002,CUST0002,PRD0022,rail,2025-07-15,2025-07-19,6,4,1578.09,45
SHP008271,DC0006,CUST0016,PRD0137,ocean,2025-10-23,2025-11-06,14,14,1285.04,41
SHP008272,DC0002,CUST0007,PRD0083,air,2024-11-15,2024-11-18,3,3,74429.88,361
SHP008273,DC0002,CUST0009,PRD0103,ocean,2024-10-20,2024-11-08,23,19,24260.08,434
SHP008274,DC0002,CUST0026,PRD0012,ocean,2026-06-25,2026-07-22,27,27,13166.39,199
SHP008275,DC0003,CUST0006,PRD0126,ocean,2026-04-04,2026-04-30,28,26,27918.25,411
SHP008276,DC0004,CUST0011,PRD0006,road,2025-01-16,2025-01-17,1,1,2147.22,263
SHP008277,DC0002,CUST0029,PRD0088,ocean,2026-04-17,2026-05-16,27,29,14045.96,214
SHP008278,DC0004,CUST0004,PRD0112,ocean,2024-09-18,2024-10-09,23,21,12181.16,227
SHP008279,DC0005,CUST0001,PRD0047,ocean,2025-10-12,2025-10-29,18,17,8653.76,208
SHP008280,DC0002,CUST0022,PRD0107,ocean,2025-09-28,2025-10-29,32,31,7297.96,93
SHP008281,DC0003,CUST0004,PRD0007,ocean,2026-04-16,2026-05-09,23,23,28097.38,503
SHP008282,DC0001,CUST0027,PRD0136,ocean,2025-08-24,2025-09-12,17,19,12648.15,322
SHP008283,DC0001,CUST0003,PRD0082,air,2025-09-15,2025-09-20,6,5,113880.2,189
SHP008284,DC0003,CUST0014,PRD0098,air,2025-11-02,2025-11-05,3,3,24641.9,111
SHP008285,DC0006,CUST0016,PRD0066,ocean,2026-02-04,2026-02-16,14,12,6550.58,209
SHP008286,DC0005,CUST0003,PRD0024,ocean,2026-03-31,2026-05-03,31,33,10619.4,141
SHP008287,DC0003,CUST0029,PRD0030,air,2024-12-03,2024-12-08,5,5,52299.44,106
SHP008288,DC0002,CUST0029,PRD0026,ocean,2026-03-04,2026-04-02,27,29,6038.45,92
SHP008289,DC0006,CUST0013,PRD0139,ocean,2026-08-06,2026-08-16,9,10,9741.55,626
SHP008290,DC0002,CUST0017,PRD0044,ocean,2026-06-17,2026-07-23,36,36,37464.08,413
SHP008291,DC0005,CUST0014,PRD0074,ocean,2025-01-13,2025-02-04,21,22,8817.67,181
SHP008292,DC0002,CUST0029,PRD0037,ocean,2025-11-12,2025-12-07,27,25,22250.37,339
SHP008293,DC0002,CUST0023,PRD0047,air,2025-01-12,2025-01-14,2,2,53694.44,295
SHP008294,DC0004,CUST0001,PRD0066,ocean,2025-10-11,2025-11-03,24,23,23113.81,410
SHP008295,DC0002,CUST0009,PRD0023,ocean,2026-04-08,2026-04-30,23,22,1956.46,35
SHP008296,DC0006,CUST0025,PRD0040,ocean,2024-12-02,2024-12-18,14,16,12711.9,443
SHP008297,DC0005,CUST0006,PRD0079,rail,2024-12-06,2024-12-12,9,6,22034.62,416
SHP008298,DC0005,CUST0022,PRD0105,ocean,2025-01-31,2025-02-26,27,26,4518.47,70
SHP008299,DC0003,CUST0024,PRD0044,rail,2024-12-30,2025-01-07,8,8,62550.66,1255
SHP008300,DC0003,CUST0028,PRD0016,rail,2025-10-17,2025-10-23,7,6,3801.2,89
SHP008301,DC0001,CUST0007,PRD0084,ocean,2026-05-15,2026-05-28,14,13,11731.02,378
SHP008302,DC0002,CUST0020,PRD0047,ocean,2024-09-29,2024-10-28,26,29,3510.31,57
SHP008303,DC0006,CUST0005,PRD0007,ocean,2026-08-16,2026-08-29,14,13,7060.66,231
SHP008304,DC0006,CUST0010,PRD0015,air,2025-09-06,2025-09-10,5,4,106282.86,223
SHP008305,DC0005,CUST0021,PRD0077,ocean,2025-05-25,2025-06-07,15,13,12798.71,399
SHP008306,DC0006,CUST0028,PRD0100,ocean,2025-10-04,2025-10-31,26,27,5304.93,86
SHP008307,DC0001,CUST0003,PRD0026,air,2025-07-08,2025-07-13,6,5,415150.58,689
SHP008308,DC0003,CUST0019,PRD0082,ocean,2026-07-22,2026-08-15,25,24,8097.97,137
SHP008309,DC0003,CUST0030,PRD0037,ocean,2024-09-04,2024-10-01,27,27,37525.88,568
SHP008310,DC0005,CUST0001,PRD0106,ocean,2025-04-10,2025-04-26,18,16,7572.04,182
SHP008311,DC0006,CUST0029,PRD0083,ocean,2026-07-22,2026-08-05,16,14,19672.47,563
SHP008312,DC0003,CUST0020,PRD0067,ocean,2025-09-16,2025-10-14,26,28,15642.37,253
SHP008313,DC0004,CUST0009,PRD0097,ocean,2026-03-26,2026-04-17,23,22,4057.11,75
SHP008314,DC0003,CUST0023,PRD0031,air,2025-12-26,2025-12-27,2,1,51454.52,287
SHP008315,DC0006,CUST0014,PRD0014,air,2025-07-24,2025-07-27,4,3,32012.55,88
SHP008316,DC0003,CUST0001,PRD0052,ocean,2025-10-27,2025-11-21,23,25,7940.71,146
SHP008317,DC0006,CUST0027,PRD0062,ocean,2026-01-21,2026-02-01,12,11,18377.87,717
SHP008318,DC0005,CUST0011,PRD0061,rail,2025-09-18,2025-09-26,9,8,7764.96,155
SHP008319,DC0004,CUST0029,PRD0127,road,2026-08-20,2026-08-21,1,1,10734.12,483
SHP008320,DC0002,CUST0003,PRD0131,ocean,2025-05-17,2025-06-20,36,34,4942.14,55
SHP008321,DC0005,CUST0018,PRD0130,ocean,2025-09-29,2025-10-11,12,12,2197.47,92
SHP008322,DC0001,CUST0029,PRD0099,ocean,2025-02-03,2025-02-22,20,19,6480.55,143
SHP008323,DC0006,CUST0023,PRD0030,ocean,2024-11-14,2024-12-09,25,25,9082.25,152
SHP008324,DC0004,CUST0016,PRD0069,road,2026-04-22,2026-04-23,1,1,2566.69,240
SHP008325,DC0002,CUST0016,PRD0016,air,2025-02-23,2025-02-28,5,5,76262.88,161
SHP008326,DC0001,CUST0023,PRD0082,ocean,2025-01-18,2025-02-08,20,21,9587.94,210
SHP008327,DC0006,CUST0014,PRD0119,air,2025-04-09,2025-04-13,4,4,32740.11,90
SHP008328,DC0004,CUST0023,PRD0142,ocean,2026-05-01,2026-06-05,34,35,9861.22,116
SHP008329,DC0004,CUST0015,PRD0105,road,2026-07-31,2026-08-01,1,1,3449.26,190
SHP008330,DC0003,CUST0013,PRD0017,rail,2025-11-15,2025-11-21,6,6,3757.86,106
SHP008331,DC0001,CUST0012,PRD0124,ocean,2025-02-07,2025-03-10,35,31,22437.4,260
SHP008332,DC0003,CUST0004,PRD0008,ocean,2025-05-22,2025-06-12,23,21,7708.62,138
SHP008333,DC0004,CUST0013,PRD0105,air,2024-12-06,2024-12-08,3,2,11657.94,38
SHP008334,DC0005,CUST0004,PRD0060,air,2025-11-29,2025-12-01,3,2,73173.48,242
SHP008335,DC0004,CUST0010,PRD0005,ocean,2024-10-27,2024-11-11,17,15,7411.41,189
SHP008336,DC0004,CUST0013,PRD0069,ocean,2025-03-08,2025-03-27,18,19,9408.16,230
SHP008337,DC0005,CUST0019,PRD0142,air,2025-06-08,2025-06-10,2,2,8550.06,49
SHP008338,DC0004,CUST0005,PRD0026,road,2026-06-22,2026-06-23,1,1,12690.92,750
SHP008339,DC0002,CUST0003,PRD0064,ocean,2025-06-21,2025-07-29,36,38,9345.13,104
SHP008340,DC0003,CUST0023,PRD0143,ocean,2024-11-03,2024-11-15,12,12,5067.76,212
SHP008341,DC0006,CUST0010,PRD0033,ocean,2025-03-07,2025-04-04,26,28,8388.24,132
SHP008342,DC0003,CUST0025,PRD0078,air,2025-07-09,2025-07-13,5,4,35100.89,77
SHP008343,DC0003,CUST0017,PRD0146,ocean,2026-01-21,2026-02-25,36,35,14319.39,159
SHP008344,DC0003,CUST0009,PRD0105,air,2025-09-28,2025-10-01,4,3,55367.65,130
SHP008345,DC0001,CUST0001,PRD0115,air,2024-10-25,2024-10-29,4,4,89421.52,243
SHP008346,DC0002,CUST0008,PRD0022,air,2026-02-17,2026-02-21,5,4,109387.92,213
SHP008347,DC0002,CUST0001,PRD0129,ocean,2026-08-27,2026-09-21,23,25,25898.65,484
SHP008348,DC0003,CUST0005,PRD0053,ocean,2026-01-22,2026-02-18,27,27,30565.37,467
SHP008349,DC0002,CUST0028,PRD0037,rail,2025-01-21,2025-01-28,8,7,13969.18,322
SHP008350,DC0004,CUST0025,PRD0096,road,2025-06-01,2025-06-02,1,1,379.66,61
SHP008351,DC0001,CUST0001,PRD0139,ocean,2025-12-25,2026-01-14,21,20,23845.74,486
SHP008352,DC0006,CUST0016,PRD0044,rail,2026-04-22,2026-04-30,9,8,8096.81,155
SHP008353,DC0003,CUST0007,PRD0063,rail,2025-11-17,2025-11-26,8,9,4818.36,108
SHP008354,DC0004,CUST0009,PRD0138,ocean,2025-07-05,2025-07-28,23,23,7465.08,138
SHP008355,DC0001,CUST0014,PRD0109,ocean,2024-12-24,2025-01-08,16,15,4356.54,122
SHP008356,DC0006,CUST0029,PRD0143,rail,2026-08-25,2026-09-02,10,8,29002.05,498
SHP008357,DC0003,CUST0002,PRD0116,ocean,2025-07-15,2025-07-25,11,10,1902.73,89
SHP008358,DC0006,CUST0020,PRD0011,air,2024-09-22,2024-09-25,3,3,33367.91,151
SHP008359,DC0002,CUST0029,PRD0001,ocean,2025-11-16,2025-12-10,27,24,10829.83,165
SHP008360,DC0005,CUST0003,PRD0119,ocean,2024-10-30,2024-11-29,31,30,5497.99,73
SHP008361,DC0005,CUST0027,PRD0075,ocean,2024-12-03,2024-12-13,12,10,2826.8,111
SHP008362,DC0002,CUST0014,PRD0043,rail,2024-11-22,2024-11-30,9,8,2988.5,59
SHP008363,DC0006,CUST0012,PRD0001,ocean,2025-10-07,2025-11-03,29,27,2913.05,41
SHP008364,DC0002,CUST0024,PRD0016,ocean,2024-10-21,2024-11-05,14,15,2913.95,95
SHP008365,DC0002,CUST0001,PRD0124,ocean,2025-12-12,2026-01-03,23,22,33978.59,635
SHP008366,DC0005,CUST0025,PRD0070,ocean,2025-05-25,2025-06-07,13,13,9205.23,322
SHP008367,DC0005,CUST0002,PRD0065,air,2025-05-04,2025-05-05,2,1,46955.82,362
SHP008368,DC0006,CUST0022,PRD0098,ocean,2025-03-21,2025-04-17,27,27,6779.52,105
SHP008369,DC0006,CUST0012,PRD0090,ocean,2026-05-27,2026-06-26,29,30,33322.41,469
SHP008370,DC0001,CUST0021,PRD0055,ocean,2025-02-14,2025-03-08,20,22,3758.36,81
SHP008371,DC0003,CUST0009,PRD0150,ocean,2024-09-11,2024-10-06,24,25,17547.29,309
SHP008372,DC0001,CUST0009,PRD0131,air,2025-06-04,2025-06-07,4,3,104503.21,279
SHP008373,DC0002,CUST0009,PRD0073,air,2026-08-08,2026-08-11,4,3,29346.87,70
SHP008374,DC0001,CUST0025,PRD0012,ocean,2025-06-05,2025-06-21,18,16,9252.8,233
SHP008375,DC0006,CUST0028,PRD0042,ocean,2024-11-19,2024-12-15,26,26,12151.99,197
SHP008376,DC0005,CUST0001,PRD0137,ocean,2026-07-08,2026-07-24,18,16,8528.94,205
SHP008377,DC0003,CUST0024,PRD0145,ocean,2025-01-09,2025-01-21,14,12,8193.89,274
SHP008378,DC0004,CUST0005,PRD0018,road,2026-02-14,2026-02-15,1,1,2572.03,152
SHP008379,DC0003,CUST0013,PRD0077,ocean,2025-04-14,2025-04-27,11,13,4232.91,199
SHP008380,DC0006,CUST0005,PRD0023,rail,2026-04-23,2026-05-02,9,9,7896.12,155
SHP008381,DC0003,CUST0016,PRD0102,ocean,2025-08-25,2025-09-17,26,23,6274.29,99
SHP008382,DC0005,CUST0018,PRD0032,rail,2025-09-23,2025-09-29,7,6,11266.01,283
SHP008383,DC0001,CUST0030,PRD0036,ocean,2026-01-25,2026-02-13,20,19,15357.51,341
SHP008384,DC0006,CUST0006,PRD0143,ocean,2026-05-25,2026-06-08,15,14,6488.29,203
SHP008385,DC0001,CUST0006,PRD0072,air,2025-10-09,2025-10-12,4,3,34909.48,101
SHP008386,DC0002,CUST0022,PRD0111,air,2025-11-19,2025-11-24,6,5,189511.49,322
SHP008387,DC0001,CUST0021,PRD0054,ocean,2026-06-16,2026-07-06,20,20,10068.68,217
SHP008388,DC0004,CUST0011,PRD0130,road,2025-01-05,2025-01-06,1,1,906.24,111
SHP008389,DC0006,CUST0008,PRD0082,ocean,2026-07-23,2026-08-08,15,16,15601.48,470
SHP008390,DC0002,CUST0027,PRD0088,ocean,2025-06-13,2025-07-08,25,25,22818.8,376
SHP008391,DC0006,CUST0003,PRD0067,ocean,2025-05-12,2025-06-12,31,31,13491.65,179
SHP008392,DC0002,CUST0021,PRD0116,air,2026-02-24,2026-03-01,5,5,267445.91,526
SHP008393,DC0006,CUST0030,PRD0070,rail,2026-08-07,2026-08-15,9,8,19064.91,340
SHP008394,DC0001,CUST0021,PRD0063,ocean,2025-09-25,2025-10-13,20,18,14337.43,309
SHP008395,DC0004,CUST0029,PRD0083,road,2025-11-09,2025-11-10,1,1,4000.29,180
SHP008396,DC0006,CUST0030,PRD0088,air,2026-05-13,2026-05-14,3,1,34821.5,138
SHP008397,DC0003,CUST0005,PRD0054,ocean,2025-08-16,2025-09-12,27,27,13810.05,211
SHP008398,DC0004,CUST0015,PRD0118,rail,2024-12-05,2024-12-09,3,4,1119.5,111
SHP008399,DC0005,CUST0022,PRD0085,air,2024-09-10,2024-09-15,5,5,55673.95,115
SHP008400,DC0005,CUST0004,PRD0005,ocean,2025-09-11,2025-09-27,18,16,4958.86,123
SHP008401,DC0006,CUST0004,PRD0035,ocean,2024-12-25,2025-01-13,18,19,28602.52,707
SHP008402,DC0005,CUST0012,PRD0001,ocean,2024-12-04,2025-01-05,29,32,14518.22,205
SHP008403,DC0002,CUST0030,PRD0122,ocean,2025-06-06,2025-07-05,27,29,22847.9,347
SHP008404,DC0005,CUST0005,PRD0002,rail,2026-02-19,2026-02-28,9,9,5524.17,109
SHP008405,DC0003,CUST0018,PRD0003,air,2024-10-12,2024-10-15,4,3,77877.11,174
SHP008406,DC0001,CUST0025,PRD0045,ocean,2026-02-12,2026-03-02,18,18,31213.3,786
SHP008407,DC0006,CUST0027,PRD0106,rail,2026-08-12,2026-08-17,7,5,3716.58,87
SHP008408,DC0001,CUST0008,PRD0143,air,2026-01-30,2026-02-03,4,4,66363.2,188
SHP008409,DC0001,CUST0019,PRD0126,ocean,2025-03-03,2025-03-20,17,17,10770.3,289
SHP008410,DC0002,CUST0005,PRD0101,ocean,2025-11-19,2025-12-15,27,26,19525.58,300
SHP008411,DC0003,CUST0005,PRD0138,air,2026-01-30,2026-02-03,5,4,31416.22,64
SHP008412,DC0003,CUST0007,PRD0021,ocean,2025-01-14,2025-01-26,13,12,4711.29,176
SHP008413,DC0001,CUST0030,PRD0020,ocean,2026-08-21,2026-09-08,20,18,28913.55,642
SHP008414,DC0005,CUST0029,PRD0138,rail,2026-04-06,2026-04-15,10,9,7200.18,124
SHP008415,DC0001,CUST0015,PRD0008,ocean,2025-09-03,2025-09-19,17,16,5244.63,133
SHP008416,DC0006,CUST0011,PRD0114,ocean,2025-03-23,2025-04-09,14,17,2807.95,93
SHP008417,DC0001,CUST0016,PRD0032,ocean,2025-07-11,2025-07-31,19,20,1653.67,39
SHP008418,DC0006,CUST0014,PRD0091,ocean,2026-07-19,2026-08-07,21,19,10234.32,211
SHP008419,DC0005,CUST0006,PRD0097,air,2026-06-05,2026-06-07,3,2,47909.4,201
SHP008420,DC0005,CUST0009,PRD0092,ocean,2026-04-17,2026-05-06,18,19,6806.96,165
SHP008421,DC0005,CUST0011,PRD0100,air,2025-04-13,2025-04-15,3,2,71011.84,315
SHP008422,DC0004,CUST0020,PRD0046,road,2026-05-19,2026-05-20,1,1,768.82,138
SHP008423,DC0005,CUST0018,PRD0003,rail,2026-07-23,2026-07-29,7,6,4737.3,119
SHP008424,DC0006,CUST0022,PRD0032,ocean,2025-06-26,2025-07-22,27,26,16077.14,249
SHP008425,DC0005,CUST0006,PRD0119,ocean,2025-04-19,2025-05-03,15,14,7214.22,227
SHP008426,DC0006,CUST0001,PRD0095,ocean,2024-11-08,2024-11-23,18,15,4298.14,103
SHP008427,DC0001,CUST0015,PRD0050,ocean,2024-10-31,2024-11-13,17,13,4061.63,103
SHP008428,DC0003,CUST0011,PRD0114,air,2026-02-15,2026-02-20,5,5,89544.83,187
SHP008429,DC0005,CUST0017,PRD0003,ocean,2026-07-21,2026-08-19,30,29,7176.41,96
SHP008430,DC0006,CUST0008,PRD0057,rail,2025-01-01,2025-01-09,9,8,4370.63,79
SHP008431,DC0002,CUST0020,PRD0006,ocean,2024-10-15,2024-11-08,26,24,8190.73,133
SHP008432,DC0005,CUST0013,PRD0072,rail,2026-02-25,2026-03-01,5,4,9021.61,343
SHP008433,DC0002,CUST0002,PRD0092,air,2025-10-11,2025-10-12,2,1,50340.95,319
SHP008434,DC0005,CUST0023,PRD0050,ocean,2025-08-27,2025-09-21,25,25,20800.03,347
SHP008435,DC0006,CUST0018,PRD0024,ocean,2026-05-31,2026-06-10,12,10,2573.62,107
SHP008436,DC0001,CUST0006,PRD0078,air,2026-08-03,2026-08-06,4,3,87792.16,254
SHP008437,DC0006,CUST0005,PRD0057,ocean,2025-07-08,2025-07-19,14,11,4187.49,137
SHP008438,DC0001,CUST0020,PRD0060,ocean,2025-09-08,2025-09-26,18,18,2360.74,58
SHP008439,DC0002,CUST0003,PRD0127,ocean,2026-02-16,2026-03-25,36,37,43131.39,480
SHP008440,DC0002,CUST0013,PRD0093,ocean,2025-08-18,2025-08-29,11,11,5960.19,287
SHP008441,DC0005,CUST0023,PRD0010,ocean,2025-09-12,2025-10-06,25,24,15585.04,260
SHP008442,DC0002,CUST0027,PRD0072,air,2026-08-29,2026-09-03,5,5,121983.46,268
SHP008443,DC0005,CUST0029,PRD0127,rail,2026-06-10,2026-06-19,10,9,36755.76,633
SHP008444,DC0005,CUST0024,PRD0054,ocean,2026-01-23,2026-02-10,20,18,6914.85,145
SHP008445,DC0004,CUST0011,PRD0002,road,2025-06-25,2025-06-26,1,1,547.01,67
SHP008446,DC0003,CUST0026,PRD0051,ocean,2025-11-25,2025-12-21,27,26,5852.46,88
SHP008447,DC0005,CUST0015,PRD0102,rail,2026-06-27,2026-07-03,7,6,6124.98,143
SHP008448,DC0001,CUST0005,PRD0029,ocean,2026-02-27,2026-03-20,19,21,16441.62,376
SHP008449,DC0006,CUST0001,PRD0072,ocean,2026-02-04,2026-02-22,18,18,8721.47,209
SHP008450,DC0001,CUST0017,PRD0146,ocean,2026-01-27,2026-02-28,32,32,24351.69,303
SHP008451,DC0004,CUST0004,PRD0129,air,2026-03-02,2026-03-05,4,3,64393.82,160
SHP008452,DC0005,CUST0018,PRD0127,rail,2025-02-28,2025-03-07,7,7,14848.84,373
SHP008453,DC0004,CUST0012,PRD0044,ocean,2026-02-22,2026-03-18,23,24,8753.91,159
SHP008454,DC0004,CUST0024,PRD0142,air,2026-07-26,2026-07-30,4,4,38070.69,93
SHP008455,DC0004,CUST0016,PRD0050,road,2026-04-24,2026-04-25,1,1,2491.82,233
SHP008456,DC0005,CUST0011,PRD0145,air,2026-06-05,2026-06-07,3,2,17358.45,77
SHP008457,DC0001,CUST0029,PRD0145,ocean,2025-09-22,2025-10-12,20,20,8293.29,183
SHP008458,DC0005,CUST0030,PRD0045,air,2025-11-20,2025-11-23,3,3,69894.04,278
SHP008459,DC0004,CUST0018,PRD0017,rail,2025-11-18,2025-11-20,3,2,2458.75,203
SHP008460,DC0003,CUST0019,PRD0033,ocean,2026-08-05,2026-08-27,25,22,6738.46,114
SHP008461,DC0004,CUST0011,PRD0017,rail,2026-01-06,2026-01-08,2,2,1954.9,431
SHP008462,DC0006,CUST0028,PRD0033,air,2026-06-06,2026-06-10,5,4,67082.71,145
SHP008463,DC0001,CUST0029,PRD0067,ocean,2025-09-19,2025-10-09,20,20,8973.07,198
SHP008464,DC0004,CUST0018,PRD0146,road,2025-02-14,2025-02-15,1,1,4098.72,188
SHP008465,DC0003,CUST0027,PRD0059,air,2024-10-28,2024-11-01,5,4,160868.24,351
SHP008466,DC0005,CUST0024,PRD0134,ocean,2026-05-06,2026-05-24,20,18,7964.0,167
SHP008467,DC0001,CUST0027,PRD0071,ocean,2025-09-11,2025-09-26,17,15,11351.91,289
SHP008468,DC0001,CUST0016,PRD0050,ocean,2026-07-27,2026-08-15,19,19,24126.64,569
SHP008469,DC0004,CUST0024,PRD0006,ocean,2025-07-07,2025-07-27,23,20,3056.57,56
SHP008470,DC0003,CUST0030,PRD0137,ocean,2025-06-06,2025-07-03,27,27,10504.6,159
SHP008471,DC0001,CUST0002,PRD0065,road,2025-06-02,2025-06-03,1,1,1099.6,150
SHP008472,DC0004,CUST0028,PRD0144,ocean,2024-11-25,2024-12-28,35,33,35747.69,413
SHP008473,DC0001,CUST0021,PRD0117,ocean,2026-06-29,2026-07-20,20,21,30206.04,651
SHP008474,DC0001,CUST0018,PRD0001,ocean,2025-03-04,2025-03-20,17,16,10972.48,290
SHP008475,DC0001,CUST0011,PRD0110,ocean,2025-09-30,2025-10-17,19,17,4620.74,109
SHP008476,DC0003,CUST0005,PRD0014,ocean,2026-03-14,2026-04-10,27,27,9490.32,145
SHP008477,DC0006,CUST0030,PRD0083,ocean,2024-11-28,2024-12-12,15,14,4844.73,144
SHP008478,DC0001,CUST0024,PRD0111,ocean,2025-04-09,2025-04-26,16,17,2623.95,75
SHP008479,DC0004,CUST0023,PRD0105,air,2025-04-05,2025-04-10,6,5,115401.74,181
SHP008480,DC0001,CUST0010,PRD0071,ocean,2025-02-05,2025-03-03,27,26,2738.09,41
SHP008481,DC0004,CUST0027,PRD0032,road,2026-02-21,2026-02-22,1,1,2217.29,116
SHP008482,DC0003,CUST0029,PRD0133,ocean,2025-10-21,2025-11-17,27,27,8091.61,123
SHP008483,DC0005,CUST0028,PRD0120,air,2025-02-08,2025-02-12,5,4,68685.08,148
SHP008484,DC0001,CUST0014,PRD0127,ocean,2025-04-13,2025-04-26,16,13,15033.65,421
SHP008485,DC0002,CUST0027,PRD0093,ocean,2026-07-13,2026-08-09,25,27,1820.65,30
SHP008486,DC0001,CUST0004,PRD0133,ocean,2025-12-14,2026-01-03,21,20,16137.56,330
SHP008487,DC0006,CUST0002,PRD0012,air,2026-04-26,2026-04-27,2,1,12799.38,100
SHP008488,DC0002,CUST0022,PRD0058,ocean,2024-09-29,2024-10-28,32,29,28721.0,366
SHP008489,DC0002,CUST0011,PRD0013,ocean,2025-08-06,2025-08-31,26,25,17348.91,273
SHP008490,DC0001,CUST0027,PRD0072,ocean,2025-11-26,2025-12-12,17,16,6952.55,177
SHP008491,DC0004,CUST0019,PRD0108,road,2025-08-24,2025-08-25,1,1,6166.33,268
SHP008492,DC0003,CUST0026,PRD0137,ocean,2025-05-20,2025-06-16,27,27,18820.98,283
SHP008493,DC0005,CUST0004,PRD0115,ocean,2025-11-24,2025-12-12,18,18,13868.69,344
SHP008494,DC0005,CUST0027,PRD0081,ocean,2025-04-30,2025-05-13,12,13,2648.53,104
SHP008495,DC0006,CUST0030,PRD0002,air,2025-05-18,2025-05-20,3,2,14130.46,56
SHP008496,DC0005,CUST0017,PRD0101,air,2024-09-07,2024-09-11,5,4,128390.4,229
SHP008497,DC0001,CUST0026,PRD0050,ocean,2026-06-12,2026-07-01,19,19,10943.95,244
SHP008498,DC0004,CUST0025,PRD0086,rail,2025-01-17,2025-01-18,2,1,435.67,126
SHP008499,DC0002,CUST0012,PRD0021,ocean,2025-05-19,2025-06-26,40,38,20235.7,202
SHP008500,DC0001,CUST0006,PRD0147,ocean,2024-11-16,2024-12-03,20,17,2396.43,52
SHP008501,DC0001,CUST0019,PRD0007,ocean,2025-08-27,2025-09-12,17,16,7863.44,211
SHP008502,DC0001,CUST0016,PRD0058,air,2024-11-04,2024-11-07,3,3,83955.62,264
SHP008503,DC0006,CUST0024,PRD0109,ocean,2025-09-12,2025-10-02,20,20,10207.88,215
SHP008504,DC0003,CUST0027,PRD0020,ocean,2024-12-24,2025-01-17,25,24,15949.33,261
SHP008505,DC0006,CUST0023,PRD0064,ocean,2024-12-02,2024-12-27,25,25,4063.11,68
SHP008506,DC0006,CUST0030,PRD0051,air,2025-08-23,2025-08-26,3,3,100174.88,397
SHP008507,DC0003,CUST0017,PRD0043,air,2024-12-25,2024-12-30,6,5,74974.16,111
SHP008508,DC0001,CUST0025,PRD0085,ocean,2025-12-24,2026-01-08,18,15,27956.95,704
SHP008509,DC0004,CUST0003,PRD0080,ocean,2025-02-15,2025-03-04,21,17,28423.75,586
SHP008510,DC0006,CUST0028,PRD0017,ocean,2025-06-18,2025-07-11,26,23,19184.11,311
SHP008511,DC0005,CUST0017,PRD0025,air,2025-04-09,2025-04-13,5,4,35882.03,64
SHP008512,DC0001,CUST0029,PRD0008,air,2025-07-11,2025-07-14,4,3,143093.28,421
SHP008513,DC0006,CUST0016,PRD0123,rail,2025-01-14,2025-01-23,9,9,18178.64,348
SHP008514,DC0005,CUST0008,PRD0111,air,2026-04-16,2026-04-18,3,2,31450.39,127
SHP008515,DC0004,CUST0019,PRD0007,rail,2024-11-21,2024-11-23,3,2,2812.17,220
SHP008516,DC0001,CUST0013,PRD0086,road,2025-07-19,2025-07-20,1,1,879.4,152
SHP008517,DC0003,CUST0022,PRD0065,ocean,2026-05-06,2026-06-05,32,30,22672.56,291
SHP008518,DC0005,CUST0008,PRD0064,rail,2024-12-30,2025-01-06,9,7,14528.26,264
SHP008519,DC0004,CUST0020,PRD0028,rail,2025-05-18,2025-05-20,1,2,479.74,155
SHP008520,DC0004,CUST0012,PRD0122,ocean,2025-07-16,2025-08-10,23,25,3853.92,70
SHP008521,DC0001,CUST0025,PRD0062,ocean,2025-05-22,2025-06-10,18,19,8736.55,220
SHP008522,DC0002,CUST0025,PRD0088,ocean,2026-05-28,2026-06-21,25,24,6175.52,102
SHP008523,DC0006,CUST0017,PRD0014,ocean,2025-01-26,2025-02-24,30,29,13766.82,184
SHP008524,DC0006,CUST0020,PRD0086,ocean,2025-01-19,2025-02-03,14,15,2887.47,98
SHP008525,DC0002,CUST0025,PRD0134,air,2024-10-03,2024-10-07,5,4,98989.91,218
SHP008526,DC0004,CUST0010,PRD0061,air,2025-06-17,2025-06-19,3,2,72055.37,245
SHP008527,DC0005,CUST0028,PRD0019,ocean,2026-02-26,2026-03-24,26,26,13056.35,211
SHP008528,DC0004,CUST0013,PRD0113,air,2026-06-20,2026-06-23,3,3,88354.89,288
SHP008529,DC0002,CUST0023,PRD0025,rail,2024-12-29,2025-01-04,7,6,20264.34,501
SHP008530,DC0005,CUST0027,PRD0115,ocean,2025-01-26,2025-02-06,12,11,4227.47,166
SHP008531,DC0005,CUST0004,PRD0149,ocean,2025-08-17,2025-09-03,18,17,15441.02,383
SHP008532,DC0004,CUST0005,PRD0032,rail,2025-12-30,2025-12-31,2,1,1062.28,113
SHP008533,DC0005,CUST0028,PRD0022,air,2025-03-15,2025-03-20,5,5,44088.4,95
SHP008534,DC0003,CUST0010,PRD0016,ocean,2025-07-06,2025-08-05,31,30,15109.01,196
SHP008535,DC0005,CUST0001,PRD0009,ocean,2025-10-08,2025-10-28,18,20,5117.37,123
SHP008536,DC0002,CUST0022,PRD0097,ocean,2026-04-07,2026-05-08,32,31,9416.72,120
SHP008537,DC0002,CUST0012,PRD0081,ocean,2026-02-04,2026-03-17,40,41,39269.28,392
SHP008538,DC0001,CUST0007,PRD0017,ocean,2025-04-27,2025-05-10,14,13,6299.99,203
SHP008539,DC0004,CUST0007,PRD0033,ocean,2026-03-12,2026-04-02,22,21,7830.51,148
SHP008540,DC0003,CUST0030,PRD0016,air,2026-06-06,2026-06-10,5,4,46577.02,94
SHP008541,DC0003,CUST0023,PRD0114,ocean,2025-09-03,2025-09-15,12,12,24406.54,1021
SHP008542,DC0005,CUST0011,PRD0015,air,2026-07-06,2026-07-09,3,3,34266.03,152
SHP008543,DC0003,CUST0012,PRD0078,air,2026-05-09,2026-05-15,7,6,58369.35,77
SHP008544,DC0001,CUST0009,PRD0111,ocean,2025-06-13,2025-07-03,21,20,17329.8,347
SHP008545,DC0003,CUST0009,PRD0017,air,2024-11-22,2024-11-25,4,3,99235.87,233
SHP008546,DC0003,CUST0002,PRD0027,ocean,2024-11-21,2024-12-03,11,12,3164.09,148
SHP008547,DC0004,CUST0024,PRD0015,ocean,2024-09-19,2024-10-12,23,23,14300.39,262
SHP008548,DC0003,CUST0013,PRD0144,air,2024-12-25,2024-12-26,2,1,120765.45,757
SHP008549,DC0001,CUST0024,PRD0014,rail,2025-09-02,2025-09-11,10,9,8454.95,145
SHP008550,DC0005,CUST0022,PRD0076,ocean,2026-03-15,2026-04-11,27,27,7875.04,122
SHP008551,DC0003,CUST0018,PRD0098,ocean,2025-02-22,2025-03-20,25,26,43802.14,734
SHP008552,DC0005,CUST0026,PRD0103,ocean,2026-01-09,2026-01-24,15,15,5906.2,186
SHP008553,DC0002,CUST0016,PRD0025,ocean,2025-05-10,2025-06-03,26,24,16547.31,262
SHP008554,DC0004,CUST0029,PRD0106,rail,2026-08-13,2026-08-15,3,2,1456.9,118
SHP008555,DC0006,CUST0013,PRD0060,air,2026-02-21,2026-02-23,2,2,31512.22,270
SHP008556,DC0002,CUST0004,PRD0003,ocean,2025-07-16,2025-08-05,23,20,14731.78,268
SHP008557,DC0005,CUST0001,PRD0117,air,2025-04-02,2025-04-04,3,2,79880.83,256
SHP008558,DC0003,CUST0020,PRD0099,ocean,2025-08-22,2025-09-17,26,26,7666.62,124
SHP008559,DC0006,CUST0028,PRD0119,air,2026-03-10,2026-03-15,5,5,43950.74,95
SHP008560,DC0004,CUST0007,PRD0110,ocean,2025-03-02,2025-03-23,22,21,61003.88,1153
SHP008561,DC0005,CUST0023,PRD0026,ocean,2024-12-23,2025-01-15,25,23,19781.01,330
SHP008562,DC0002,CUST0029,PRD0087,air,2025-09-10,2025-09-14,5,4,47257.43,96
SHP008563,DC0005,CUST0026,PRD0007,rail,2025-03-04,2025-03-13,9,9,8255.98,156
SHP008564,DC0006,CUST0017,PRD0117,ocean,2026-03-14,2026-04-13,30,30,32920.67,440
SHP008565,DC0002,CUST0018,PRD0133,ocean,2026-05-24,2026-06-17,25,24,19845.68,335
SHP008566,DC0006,CUST0014,PRD0085,ocean,2026-08-26,2026-09-16,21,21,5626.45,116
SHP008567,DC0002,CUST0030,PRD0050,ocean,2025-03-02,2025-03-29,27,27,21267.64,323
SHP008568,DC0002,CUST0020,PRD0028,air,2026-04-22,2026-04-26,5,4,40645.71,88
SHP008569,DC0003,CUST0009,PRD0027,air,2025-01-26,2025-01-30,4,4,44720.03,105
SHP008570,DC0003,CUST0012,PRD0004,ocean,2026-01-29,2026-03-10,40,40,8490.09,84
SHP008571,DC0005,CUST0017,PRD0018,ocean,2026-04-15,2026-05-17,30,32,15324.62,205
SHP008572,DC0003,CUST0003,PRD0050,ocean,2026-01-26,2026-03-02,36,35,35047.58,393
SHP008573,DC0001,CUST0004,PRD0147,ocean,2025-09-03,2025-09-26,21,23,5770.4,118
SHP008574,DC0004,CUST0006,PRD0033,air,2025-01-13,2025-01-15,2,2,6895.58,91
SHP008575,DC0004,CUST0006,PRD0131,ocean,2026-08-25,2026-08-29,7,4,828.48,82
SHP008576,DC0001,CUST0008,PRD0066,ocean,2025-11-07,2025-11-26,20,19,9930.95,211
SHP008577,DC0001,CUST0020,PRD0091,ocean,2025-12-08,2025-12-25,18,17,5250.61,129
SHP008578,DC0003,CUST0016,PRD0108,ocean,2025-02-17,2025-03-15,26,26,22245.2,351
SHP008579,DC0002,CUST0018,PRD0124,ocean,2024-12-09,2025-01-04,25,26,5509.4,93
SHP008580,DC0005,CUST0010,PRD0114,ocean,2024-10-01,2024-10-29,26,28,31829.37,501
SHP008581,DC0002,CUST0011,PRD0048,air,2026-08-24,2026-08-28,5,4,58624.07,123
SHP008582,DC0003,CUST0019,PRD0063,air,2026-07-10,2026-07-15,4,5,95757.01,216
SHP008583,DC0005,CUST0008,PRD0036,rail,2025-07-10,2025-07-18,9,8,24819.12,451
SHP008584,DC0004,CUST0020,PRD0012,road,2025-11-25,2025-11-26,1,1,1270.22,228
SHP008585,DC0002,CUST0012,PRD0016,ocean,2024-11-09,2024-12-21,40,42,7913.96,79
SHP008586,DC0001,CUST0020,PRD0033,ocean,2024-10-10,2024-10-29,18,19,10460.52,257
SHP008587,DC0001,CUST0020,PRD0080,air,2025-06-26,2025-06-29,3,3,197813.7,648
SHP008588,DC0006,CUST0006,PRD0150,ocean,2025-04-14,2025-04-28,15,14,8661.71,271
SHP008589,DC0005,CUST0029,PRD0112,rail,2025-12-07,2025-12-16,10,9,5806.6,100
SHP008590,DC0003,CUST0013,PRD0132,ocean,2025-02-19,2025-03-02,11,11,8380.73,394
SHP008591,DC0005,CUST0017,PRD0092,ocean,2025-05-06,2025-06-07,30,32,7923.95,106
SHP008592,DC0002,CUST0027,PRD0080,ocean,2025-08-17,2025-09-12,25,26,16325.15,269
SHP008593,DC0005,CUST0024,PRD0150,air,2025-09-09,2025-09-12,4,3,116241.01,325
SHP008594,DC0001,CUST0029,PRD0139,ocean,2025-12-15,2026-01-02,20,18,4667.81,103
SHP008595,DC0006,CUST0024,PRD0038,air,2025-04-12,2025-04-16,4,4,165937.44,466
SHP008596,DC0005,CUST0027,PRD0038,rail,2025-03-18,2025-03-24,7,6,9168.0,216
SHP008597,DC0003,CUST0027,PRD0121,air,2025-03-26,2025-03-31,5,5,90287.87,197
SHP008598,DC0001,CUST0012,PRD0080,air,2025-05-16,2025-05-22,6,6,508724.96,786
SHP008599,DC0004,CUST0021,PRD0088,rail,2025-07-04,2025-07-06,4,2,7385.58,428
SHP008600,DC0006,CUST0011,PRD0075,rail,2025-04-24,2025-05-01,9,7,13536.53,269
SHP008601,DC0005,CUST0004,PRD0095,ocean,2024-10-08,2024-10-25,18,17,4757.28,118
SHP008602,DC0001,CUST0020,PRD0003,ocean,2024-10-03,2024-10-23,18,20,48965.0,1203
SHP008603,DC0006,CUST0007,PRD0133,air,2024-10-11,2024-10-15,4,4,33191.11,101
SHP008604,DC0003,CUST0014,PRD0038,air,2026-02-26,2026-02-28,3,2,37073.85,167
SHP008605,DC0002,CUST0018,PRD0015,ocean,2025-02-04,2025-02-28,25,24,16231.99,274
SHP008606,DC0006,CUST0022,PRD0061,air,2025-08-12,2025-08-17,5,5,73121.92,151
SHP008607,DC0005,CUST0002,PRD0130,ocean,2026-06-25,2026-07-04,9,9,5862.99,339
SHP008608,DC0002,CUST0027,PRD0144,air,2024-11-16,2024-11-21,5,5,253070.16,556
SHP008609,DC0001,CUST0008,PRD0014,ocean,2025-01-16,2025-02-04,20,19,9507.35,202
SHP008610,DC0001,CUST0018,PRD0109,ocean,2026-07-24,2026-08-09,17,16,2459.35,65
SHP008611,DC0004,CUST0012,PRD0089,ocean,2025-05-25,2025-06-16,23,22,8313.46,151
SHP008612,DC0005,CUST0019,PRD0051,ocean,2025-04-12,2025-04-25,12,13,5839.63,251
SHP008613,DC0005,CUST0030,PRD0052,rail,2024-11-13,2024-11-22,9,9,16034.84,287
SHP008614,DC0003,CUST0022,PRD0052,ocean,2024-09-13,2024-10-14,32,31,33190.75,426
SHP008615,DC0005,CUST0022,PRD0018,ocean,2025-10-09,2025-11-06,27,28,4324.82,67
SHP008616,DC0002,CUST0016,PRD0088,air,2026-05-22,2026-05-26,5,4,86210.21,182
SHP008617,DC0006,CUST0030,PRD0049,rail,2025-05-02,2025-05-10,9,8,23887.21,426
SHP008618,DC0006,CUST0020,PRD0122,ocean,2026-02-24,2026-03-08,14,12,5126.72,174
SHP008619,DC0005,CUST0029,PRD0120,ocean,2025-05-24,2025-06-08,16,15,2926.53,84
SHP008620,DC0002,CUST0003,PRD0085,ocean,2026-03-23,2026-04-26,36,34,9524.85,106
SHP008621,DC0005,CUST0001,PRD0149,air,2025-09-22,2025-09-24,3,2,49925.52,160
SHP008622,DC0003,CUST0011,PRD0145,ocean,2025-05-31,2025-06-26,26,26,38818.72,608
SHP008623,DC0006,CUST0021,PRD0086,air,2025-12-20,2025-12-22,3,2,16210.09,67
SHP008624,DC0002,CUST0010,PRD0077,ocean,2025-02-03,2025-03-04,31,29,9393.64,121
SHP008625,DC0004,CUST0010,PRD0108,ocean,2025-06-09,2025-06-25,17,16,4823.3,123
SHP008626,DC0006,CUST0026,PRD0085,rail,2026-06-10,2026-06-20,9,10,7923.63,149
SHP008627,DC0002,CUST0014,PRD0042,rail,2024-12-07,2024-12-16,9,9,22692.35,448
SHP008628,DC0004,CUST0012,PRD0027,ocean,2026-02-25,2026-03-17,23,20,7707.85,140
SHP008629,DC0006,CUST0002,PRD0117,ocean,2024-11-30,2024-12-10,9,10,13482.02,790
SHP008630,DC0006,CUST0003,PRD0011,ocean,2025-11-03,2025-12-04,31,31,38439.9,510
SHP008631,DC0003,CUST0029,PRD0127,air,2026-06-28,2026-07-03,5,5,143083.36,290
SHP008632,DC0001,CUST0003,PRD0057,ocean,2025-12-23,2026-01-24,32,32,5543.37,69
SHP008633,DC0002,CUST0011,PRD0001,ocean,2025-01-20,2025-02-15,26,26,11693.04,184
SHP008634,DC0004,CUST0021,PRD0058,rail,2026-01-28,2026-01-31,4,3,8766.07,508
SHP008635,DC0004,CUST0018,PRD0059,rail,2026-07-07,2026-07-10,3,3,3003.79,248
SHP008636,DC0002,CUST0020,PRD0120,ocean,2024-10-28,2024-11-20,26,23,9176.08,149
SHP008637,DC0005,CUST0021,PRD0055,ocean,2025-10-05,2025-10-21,15,16,6672.01,208
SHP008638,DC0004,CUST0024,PRD0062,ocean,2025-05-10,2025-06-04,23,25,9005.97,165
SHP008639,DC0002,CUST0029,PRD0124,ocean,2026-02-12,2026-03-12,27,28,28420.09,433
SHP008640,DC0001,CUST0011,PRD0085,ocean,2026-08-23,2026-09-08,19,16,9707.79,229
SHP008641,DC0001,CUST0020,PRD0097,ocean,2025-01-28,2025-02-13,18,16,11030.35,271
SHP008642,DC0003,CUST0019,PRD0053,ocean,2026-02-09,2026-03-07,25,26,4492.3,76
SHP008643,DC0005,CUST0014,PRD0103,ocean,2024-10-05,2024-10-26,21,21,10522.74,216
SHP008644,DC0006,CUST0001,PRD0048,ocean,2025-01-21,2025-02-07,18,17,9138.77,219
SHP008645,DC0006,CUST0012,PRD0002,air,2025-10-08,2025-10-13,5,5,58083.3,109
SHP008646,DC0006,CUST0026,PRD0093,rail,2025-03-06,2025-03-17,9,11,9678.53,182
SHP008647,DC0005,CUST0029,PRD0003,ocean,2026-06-02,2026-06-19,16,17,7072.44,203
SHP008648,DC0005,CUST0016,PRD0019,air,2026-05-16,2026-05-19,3,3,52233.06,223
SHP008649,DC0002,CUST0005,PRD0092,ocean,2026-06-24,2026-07-19,27,25,28897.86,444
SHP008650,DC0005,CUST0001,PRD0008,ocean,2026-08-12,2026-09-01,18,20,6074.27,146
SHP008651,DC0002,CUST0009,PRD0143,ocean,2026-06-15,2026-07-06,23,21,6428.36,115
SHP008652,DC0002,CUST0020,PRD0030,ocean,2025-07-26,2025-08-21,26,26,22416.73,364
SHP008653,DC0001,CUST0002,PRD0037,road,2026-02-06,2026-02-07,1,1,645.1,88
SHP008654,DC0004,CUST0004,PRD0075,ocean,2026-06-27,2026-07-20,23,23,21625.59,403
SHP008655,DC0006,CUST0012,PRD0113,ocean,2024-10-23,2024-11-22,29,30,9094.39,128
SHP008656,DC0006,CUST0029,PRD0050,air,2025-07-05,2025-07-07,3,2,281721.7,1075
SHP008657,DC0005,CUST0012,PRD0150,ocean,2026-07-12,2026-08-09,29,28,26699.35,377
SHP008658,DC0002,CUST0012,PRD0093,air,2025-09-04,2025-09-12,7,8,33058.32,44
SHP008659,DC0003,CUST0010,PRD0012,ocean,2024-09-19,2024-10-19,31,30,28445.03,369
SHP008660,DC0002,CUST0026,PRD0008,air,2025-11-12,2025-11-17,5,5,27788.35,56
SHP008661,DC0002,CUST0004,PRD0051,ocean,2026-01-22,2026-02-14,23,23,12423.07,226
SHP008662,DC0001,CUST0011,PRD0051,ocean,2024-12-06,2024-12-26,19,20,14625.27,345
SHP008663,DC0004,CUST0004,PRD0073,ocean,2024-10-06,2024-10-30,23,24,45504.96,848
SHP008664,DC0006,CUST0003,PRD0045,ocean,2025-10-20,2025-11-19,31,30,19672.18,261
SHP008665,DC0003,CUST0001,PRD0057,ocean,2026-04-03,2026-04-25,23,22,13651.49,251
SHP008666,DC0006,CUST0014,PRD0068,ocean,2026-01-20,2026-02-09,21,20,14211.63,293
SHP008667,DC0001,CUST0014,PRD0045,air,2026-02-23,2026-02-26,3,3,19015.25,71
SHP008668,DC0001,CUST0022,PRD0087,ocean,2025-06-19,2025-07-18,28,29,22180.07,327
SHP008669,DC0004,CUST0020,PRD0142,road,2026-01-14,2026-01-15,1,1,729.82,131
SHP008670,DC0006,CUST0003,PRD0063,ocean,2026-05-28,2026-06-29,31,32,17787.87,236
SHP008671,DC0003,CUST0021,PRD0046,air,2026-08-10,2026-08-14,5,4,97244.81,190
SHP008672,DC0005,CUST0001,PRD0051,air,2025-01-02,2025-01-04,3,2,9985.1,32
SHP008673,DC0004,CUST0028,PRD0006,ocean,2026-03-03,2026-04-07,35,35,7443.83,86
SHP008674,DC0006,CUST0028,PRD0046,ocean,2025-06-09,2025-07-04,26,25,6847.06,111
SHP008675,DC0006,CUST0012,PRD0068,ocean,2026-03-23,2026-04-22,29,30,30835.66,434
SHP008676,DC0001,CUST0005,PRD0026,ocean,2025-06-22,2025-07-11,19,19,33757.79,772
SHP008677,DC0002,CUST0009,PRD0006,ocean,2025-03-20,2025-04-10,23,21,6875.55,123
SHP008678,DC0005,CUST0008,PRD0036,ocean,2025-01-15,2025-01-29,15,14,22849.0,692
SHP008679,DC0002,CUST0029,PRD0098,ocean,2024-12-29,2025-01-26,27,28,12405.07,189
SHP008680,DC0006,CUST0022,PRD0029,air,2025-02-09,2025-02-14,5,5,98302.97,203
SHP008681,DC0001,CUST0018,PRD0087,air,2026-01-22,2026-01-24,3,2,69807.67,246
SHP008682,DC0002,CUST0007,PRD0054,ocean,2026-06-04,2026-06-16,13,12,2694.05,98
SHP008683,DC0006,CUST0004,PRD0079,ocean,2026-04-01,2026-04-19,18,18,2710.56,67
SHP008684,DC0003,CUST0004,PRD0117,air,2025-07-31,2025-08-04,4,4,73734.67,176
SHP008685,DC0004,CUST0019,PRD0062,road,2026-01-30,2026-01-31,1,1,2876.09,125
SHP008686,DC0003,CUST0003,PRD0095,ocean,2025-09-20,2025-10-26,36,36,18638.53,209
SHP008687,DC0001,CUST0005,PRD0096,ocean,2025-04-12,2025-04-28,19,16,13293.22,304
SHP008688,DC0003,CUST0017,PRD0044,ocean,2025-02-10,2025-03-18,36,36,1621.06,18
SHP008689,DC0003,CUST0029,PRD0135,ocean,2026-01-31,2026-02-27,27,27,2499.85,38
SHP008690,DC0004,CUST0030,PRD0112,road,2025-10-09,2025-10-10,1,1,5151.84,309
SHP008691,DC0002,CUST0025,PRD0017,air,2025-01-06,2025-01-10,5,4,50857.2,112
SHP008692,DC0001,CUST0002,PRD0031,road,2024-10-07,2024-10-08,1,1,601.11,82
SHP008693,DC0005,CUST0021,PRD0037,air,2025-02-23,2025-02-26,3,3,17080.99,71
SHP008694,DC0006,CUST0004,PRD0034,ocean,2024-10-02,2024-10-21,18,19,6392.08,158
SHP008695,DC0005,CUST0008,PRD0049,air,2024-12-20,2024-12-22,3,2,37889.05,153
SHP008696,DC0005,CUST0030,PRD0050,ocean,2026-06-07,2026-06-19,15,12,7341.39,219
SHP008697,DC0006,CUST0011,PRD0137,air,2026-07-09,2026-07-12,3,3,14719.09,65
SHP008698,DC0005,CUST0022,PRD0097,air,2025-03-19,2025-03-23,5,4,102149.6,211
SHP008699,DC0001,CUST0022,PRD0096,ocean,2026-03-31,2026-04-26,28,26,26588.95,392
SHP008700,DC0004,CUST0002,PRD0082,ocean,2025-12-14,2025-12-28,18,14,6584.39,165
SHP008701,DC0002,CUST0016,PRD0110,ocean,2025-03-03,2025-03-27,26,24,4610.51,73
SHP008702,DC0006,CUST0021,PRD0063,rail,2026-04-24,2026-05-03,9,9,14301.43,266
SHP008703,DC0006,CUST0021,PRD0012,air,2025-09-27,2025-09-30,3,3,22500.57,93
SHP008704,DC0002,CUST0009,PRD0049,ocean,2024-09-05,2024-09-26,23,21,4974.99,89
SHP008705,DC0003,CUST0026,PRD0138,air,2025-05-14,2025-05-18,5,4,41399.51,83
SHP008706,DC0006,CUST0020,PRD0076,ocean,2025-11-17,2025-12-02,14,15,15350.71,521
SHP008707,DC0006,CUST0004,PRD0039,ocean,2025-05-29,2025-06-15,18,17,24354.62,602
SHP008708,DC0002,CUST0022,PRD0084,ocean,2024-11-03,2024-12-04,32,31,53596.83,683
SHP008709,DC0002,CUST0021,PRD0064,ocean,2026-01-29,2026-02-26,28,28,6372.6,94
SHP008710,DC0001,CUST0014,PRD0014,ocean,2025-10-07,2025-10-24,16,17,18247.49,511
SHP008711,DC0003,CUST0005,PRD0072,ocean,2026-02-10,2026-03-07,27,25,7461.35,114
SHP008712,DC0002,CUST0020,PRD0033,air,2025-06-27,2025-07-02,5,5,31408.05,68
SHP008713,DC0006,CUST0011,PRD0131,air,2025-11-21,2025-11-23,3,2,52988.72,234
SHP008714,DC0006,CUST0019,PRD0150,ocean,2025-04-27,2025-05-08,12,11,3022.89,129
SHP008715,DC0006,CUST0004,PRD0126,ocean,2024-10-15,2024-11-02,18,18,4450.18,110
SHP008716,DC0001,CUST0019,PRD0054,ocean,2026-04-19,2026-05-04,17,15,7490.76,201
SHP008717,DC0004,CUST0012,PRD0021,ocean,2026-04-25,2026-05-16,23,21,31602.17,574
SHP008718,DC0001,CUST0010,PRD0121,air,2025-02-10,2025-02-14,5,4,39568.74,79
SHP008719,DC0001,CUST0003,PRD0017,air,2026-08-05,2026-08-10,6,5,232580.73,386
SHP008720,DC0005,CUST0011,PRD0043,ocean,2025-01-10,2025-01-26,14,16,11872.88,395
SHP008721,DC0002,CUST0012,PRD0131,ocean,2026-08-10,2026-09-18,40,39,26246.3,262
SHP008722,DC0005,CUST0012,PRD0100,ocean,2025-09-29,2025-10-28,29,29,5169.9,73
SHP008723,DC0002,CUST0009,PRD0131,air,2026-08-15,2026-08-18,4,3,85105.92,203
SHP008724,DC0006,CUST0022,PRD0096,air,2026-03-22,2026-03-26,5,4,162708.37,336
SHP008725,DC0001,CUST0028,PRD0128,air,2026-03-24,2026-03-28,4,4,62973.03,177
SHP008726,DC0001,CUST0002,PRD0133,road,2024-11-20,2024-11-21,1,1,366.53,50
SHP008727,DC0003,CUST0028,PRD0119,ocean,2026-02-27,2026-03-08,12,9,11685.49,456
SHP008728,DC0001,CUST0027,PRD0046,air,2025-06-08,2025-06-10,3,2,228314.73,775
SHP008729,DC0002,CUST0008,PRD0083,ocean,2025-12-22,2026-01-18,28,27,22185.72,324
SHP008730,DC0002,CUST0028,PRD0096,ocean,2026-05-28,2026-06-09,13,12,4997.67,192
SHP008731,DC0002,CUST0028,PRD0135,ocean,2025-12-08,2025-12-20,13,12,2628.98,101
SHP008732,DC0005,CUST0008,PRD0124,ocean,2025-10-08,2025-10-26,15,18,2179.24,66
SHP008733,DC0001,CUST0020,PRD0127,ocean,2026-04-20,2026-05-07,18,17,13268.98,326
SHP008734,DC0001,CUST0002,PRD0122,road,2025-02-11,2025-02-12,1,1,740.4,101
SHP008735,DC0005,CUST0028,PRD0069,ocean,2025-03-18,2025-04-13,26,26,14665.19,237
SHP008736,DC0003,CUST0012,PRD0149,air,2025-10-31,2025-11-06,7,6,241815.87,319
SHP008737,DC0001,CUST0019,PRD0103,ocean,2026-04-13,2026-04-28,17,15,4397.56,118
SHP008738,DC0004,CUST0010,PRD0150,ocean,2026-03-04,2026-03-19,17,15,6313.42,161
SHP008739,DC0003,CUST0023,PRD0010,ocean,2024-12-25,2025-01-03,12,9,2557.79,107
SHP008740,DC0002,CUST0005,PRD0054,ocean,2025-02-19,2025-03-17,27,26,61245.23,941
SHP008741,DC0005,CUST0021,PRD0057,air,2026-02-13,2026-02-16,3,3,21170.8,88
SHP008742,DC0005,CUST0026,PRD0052,ocean,2025-05-29,2025-06-12,15,14,4890.08,154
SHP008743,DC0003,CUST0020,PRD0116,air,2026-06-20,2026-06-24,5,4,108971.08,235
SHP008744,DC0002,CUST0018,PRD0061,air,2024-11-11,2024-11-14,4,3,100413.2,226
SHP008745,DC0003,CUST0023,PRD0102,ocean,2025-01-13,2025-01-28,12,15,7099.65,297
SHP008746,DC0006,CUST0008,PRD0056,ocean,2025-01-16,2025-02-01,15,16,2058.07,62
SHP008747,DC0004,CUST0025,PRD0079,rail,2026-05-23,2026-05-24,2,1,639.67,185
SHP008748,DC0002,CUST0012,PRD0109,ocean,2025-01-19,2025-02-27,40,39,29151.43,291
SHP008749,DC0006,CUST0011,PRD0097,ocean,2025-08-26,2025-09-11,14,16,15458.82,512
SHP008750,DC0003,CUST0020,PRD0147,ocean,2026-02-15,2026-03-11,26,24,13231.1,214
SHP008751,DC0001,CUST0013,PRD0041,rail,2025-12-18,2025-12-20,1,2,2269.22,706
SHP008752,DC0006,CUST0017,PRD0096,ocean,2024-09-19,2024-10-19,30,30,9876.2,132
SHP008753,DC0005,CUST0016,PRD0066,air,2024-12-31,2025-01-03,3,3,48953.86,209
SHP008754,DC0006,CUST0027,PRD0141,ocean,2025-01-11,2025-01-23,12,12,9176.12,358
SHP008755,DC0005,CUST0009,PRD0022,ocean,2025-06-17,2025-07-04,18,17,5363.06,130
SHP008756,DC0001,CUST0004,PRD0035,ocean,2025-11-19,2025-12-08,21,19,7335.25,150
SHP008757,DC0005,CUST0025,PRD0022,ocean,2024-10-24,2024-11-06,13,13,7003.98,245
SHP008758,DC0006,CUST0015,PRD0076,rail,2024-10-26,2024-11-02,7,7,4655.23,108
SHP008759,DC0006,CUST0019,PRD0114,rail,2025-03-01,2025-03-07,7,6,11169.86,286
SHP008760,DC0003,CUST0014,PRD0133,ocean,2026-06-26,2026-07-10,14,14,5949.58,201
SHP008761,DC0005,CUST0001,PRD0091,ocean,2026-08-09,2026-08-26,18,17,4742.92,114
SHP008762,DC0003,CUST0009,PRD0059,ocean,2024-11-15,2024-12-09,24,24,15219.01,268
SHP008763,DC0001,CUST0029,PRD0150,ocean,2025-09-21,2025-10-12,20,21,2447.2,54
SHP008764,DC0005,CUST0004,PRD0011,ocean,2026-02-13,2026-03-03,18,18,2983.38,74
SHP008765,DC0003,CUST0029,PRD0120,ocean,2026-04-13,2026-05-10,27,27,16183.22,246
SHP008766,DC0003,CUST0017,PRD0132,ocean,2025-11-15,2025-12-23,36,38,15850.39,176
SHP008767,DC0003,CUST0002,PRD0087,air,2025-06-05,2025-06-07,2,2,22447.95,140
SHP008768,DC0005,CUST0022,PRD0110,ocean,2024-09-19,2024-10-15,27,26,7875.04,122
SHP008769,DC0005,CUST0028,PRD0116,air,2026-04-27,2026-04-30,5,3,68221.0,147
SHP008770,DC0001,CUST0014,PRD0120,ocean,2026-03-12,2026-03-27,16,15,2892.46,81
SHP008771,DC0005,CUST0009,PRD0111,ocean,2025-12-15,2026-01-05,18,21,25495.16,618
SHP008772,DC0006,CUST0028,PRD0105,ocean,2024-10-05,2024-10-31,26,26,31829.59,516
SHP008773,DC0001,CUST0026,PRD0095,ocean,2025-03-03,2025-03-22,19,19,3363.92,75
SHP008774,DC0006,CUST0010,PRD0128,ocean,2024-11-03,2024-11-28,26,25,37492.91,590
SHP008775,DC0004,CUST0012,PRD0082,ocean,2024-12-16,2025-01-04,23,19,6441.56,117
SHP008776,DC0005,CUST0001,PRD0070,ocean,2025-12-03,2025-12-19,18,16,8071.29,194
SHP008777,DC0001,CUST0016,PRD0098,ocean,2024-09-13,2024-10-05,19,22,41044.97,968
SHP008778,DC0005,CUST0010,PRD0007,ocean,2026-08-06,2026-08-29,26,23,8767.37,138
SHP008779,DC0001,CUST0020,PRD0046,ocean,2026-07-31,2026-08-17,18,17,7122.92,175
SHP008780,DC0002,CUST0002,PRD0114,air,2024-11-20,2024-11-22,2,2,46869.16,297
SHP008781,DC0005,CUST0013,PRD0060,ocean,2026-02-20,2026-03-02,9,10,8790.15,557
SHP008782,DC0001,CUST0002,PRD0068,road,2025-05-07,2025-05-08,1,1,3548.04,484
SHP008783,DC0005,CUST0006,PRD0020,ocean,2026-01-30,2026-02-14,15,15,31017.96,976
SHP008784,DC0006,CUST0015,PRD0092,air,2025-01-28,2025-01-31,3,3,26573.59,137
SHP008785,DC0006,CUST0003,PRD0022,ocean,2025-08-18,2025-09-19,31,32,19672.18,261
SHP008786,DC0006,CUST0011,PRD0076,ocean,2025-10-17,2025-10-28,14,11,3592.97,119
SHP008787,DC0005,CUST0024,PRD0129,ocean,2025-07-23,2025-08-13,20,21,28660.86,601
SHP008788,DC0002,CUST0017,PRD0132,ocean,2024-12-31,2025-02-05,36,36,15602.48,172
SHP008789,DC0005,CUST0013,PRD0140,air,2025-05-02,2025-05-04,2,2,16570.31,140
SHP008790,DC0001,CUST0016,PRD0021,air,2024-12-25,2024-12-28,3,3,45793.97,144
SHP008791,DC0003,CUST0026,PRD0071,air,2024-10-14,2024-10-18,5,4,118711.84,238
SHP008792,DC0003,CUST0003,PRD0059,ocean,2026-01-19,2026-02-22,36,34,13733.66,154
SHP008793,DC0002,CUST0020,PRD0026,ocean,2025-12-03,2025-12-28,26,25,6404.78,104
SHP008794,DC0006,CUST0021,PRD0031,rail,2024-12-02,2024-12-09,9,7,8817.43,164
SHP008795,DC0004,CUST0013,PRD0019,ocean,2026-04-25,2026-05-13,18,18,38737.07,947
SHP008796,DC0003,CUST0019,PRD0093,air,2024-11-17,2024-11-21,4,4,81570.79,184
SHP008797,DC0002,CUST0008,PRD0010,ocean,2025-04-07,2025-05-03,28,26,64229.03,938
SHP008798,DC0006,CUST0021,PRD0140,ocean,2025-09-10,2025-09-26,15,16,4645.28,144
SHP008799,DC0001,CUST0015,PRD0052,ocean,2026-05-04,2026-05-22,17,18,6309.32,160
SHP008800,DC0001,CUST0008,PRD0086,air,2024-12-15,2024-12-19,4,4,60009.27,170
SHP008801,DC0005,CUST0008,PRD0051,rail,2026-06-28,2026-07-05,9,7,7319.16,133
SHP008802,DC0001,CUST0025,PRD0085,ocean,2024-09-21,2024-10-10,18,19,6750.97,170
SHP008803,DC0004,CUST0006,PRD0065,air,2025-07-11,2025-07-12,2,1,12351.41,163
SHP008804,DC0003,CUST0002,PRD0078,rail,2024-12-19,2024-12-25,6,6,7447.02,209
SHP008805,DC0006,CUST0029,PRD0071,rail,2025-12-23,2025-12-31,10,8,20324.73,349
SHP008806,DC0006,CUST0026,PRD0049,air,2025-02-14,2025-02-17,3,3,55997.19,234
SHP008807,DC0003,CUST0026,PRD0036,ocean,2026-06-04,2026-06-30,27,26,6051.98,91
SHP008808,DC0005,CUST0017,PRD0140,ocean,2025-06-10,2025-07-13,30,33,10689.86,143
SHP008809,DC0001,CUST0003,PRD0067,ocean,2026-06-07,2026-07-10,32,33,22173.5,276
SHP008810,DC0002,CUST0011,PRD0003,ocean,2026-04-24,2026-05-19,26,25,6545.56,103
SHP008811,DC0004,CUST0027,PRD0077,rail,2024-11-24,2024-11-29,3,5,3249.48,306
SHP008812,DC0001,CUST0026,PRD0073,air,2025-01-05,2025-01-09,4,4,12446.5,37
SHP008813,DC0003,CUST0022,PRD0089,air,2024-11-22,2024-11-27,6,5,127971.38,219
SHP008814,DC0006,CUST0022,PRD0104,ocean,2024-11-16,2024-12-13,27,27,16529.1,256
SHP008815,DC0001,CUST0008,PRD0104,air,2026-07-29,2026-08-02,4,4,35652.57,101
SHP008816,DC0001,CUST0008,PRD0149,air,2025-05-21,2025-05-24,4,3,38829.53,110
SHP008817,DC0003,CUST0027,PRD0004,ocean,2025-11-24,2025-12-19,25,25,7149.7,117
SHP008818,DC0002,CUST0025,PRD0121,ocean,2024-11-28,2024-12-20,25,22,19071.45,315
SHP008819,DC0001,CUST0024,PRD0132,ocean,2026-07-06,2026-07-23,16,17,8291.68,237
SHP008820,DC0004,CUST0009,PRD0039,air,2026-07-03,2026-07-07,4,4,76679.39,189
SHP008821,DC0004,CUST0003,PRD0102,ocean,2026-06-16,2026-07-07,21,21,4801.96,99
SHP008822,DC0003,CUST0015,PRD0059,air,2025-11-16,2025-11-21,5,5,60182.28,131
SHP008823,DC0005,CUST0003,PRD0059,ocean,2025-01-11,2025-02-13,31,33,5196.73,69
SHP008824,DC0005,CUST0015,PRD0054,air,2025-09-24,2025-09-25,2,1,16961.48,88
SHP008825,DC0005,CUST0010,PRD0122,ocean,2025-11-13,2025-12-07,26,24,25031.48,394
SHP008826,DC0001,CUST0004,PRD0060,ocean,2026-01-10,2026-01-30,21,20,10758.37,220
SHP008827,DC0002,CUST0026,PRD0133,air,2024-12-22,2024-12-27,5,5,203946.66,411
SHP008828,DC0004,CUST0018,PRD0142,road,2026-01-01,2026-01-02,1,1,9287.53,426
SHP008829,DC0005,CUST0023,PRD0120,ocean,2025-04-10,2025-05-04,25,24,6533.73,109
SHP008830,DC0002,CUST0018,PRD0119,air,2026-04-20,2026-04-23,4,3,51539.52,116
SHP008831,DC0002,CUST0030,PRD0088,ocean,2025-05-14,2025-06-11,27,28,15012.45,228
SHP008832,DC0004,CUST0020,PRD0022,rail,2024-11-18,2024-11-19,1,1,637.59,206
SHP008833,DC0002,CUST0021,PRD0081,ocean,2026-07-01,2026-07-25,28,24,12338.44,182
SHP008834,DC0001,CUST0006,PRD0049,ocean,2025-12-28,2026-01-17,20,20,7235.36,157
SHP008835,DC0005,CUST0030,PRD0110,ocean,2026-07-13,2026-07-28,15,15,9486.82,283
SHP008836,DC0001,CUST0022,PRD0107,air,2026-04-15,2026-04-19,5,4,102252.15,201
SHP008837,DC0001,CUST0002,PRD0054,road,2026-02-02,2026-02-03,1,1,3020.23,412
SHP008838,DC0006,CUST0025,PRD0113,air,2024-10-29,2024-11-01,3,3,66715.94,310
SHP008839,DC0002,CUST0004,PRD0116,ocean,2024-09-05,2024-09-29,23,24,3188.22,58
SHP008840,DC0002,CUST0008,PRD0143,ocean,2026-07-13,2026-08-10,28,28,13420.99,196
SHP008841,DC0002,CUST0024,PRD0008,rail,2024-12-20,2024-12-28,9,8,18250.54,357
SHP008842,DC0006,CUST0020,PRD0096,ocean,2025-12-24,2026-01-06,14,13,8456.15,287
SHP008843,DC0002,CUST0022,PRD0036,ocean,2025-04-24,2025-05-25,32,31,22364.71,285
SHP008844,DC0003,CUST0006,PRD0148,ocean,2025-06-14,2025-07-12,28,28,4822.86,71
SHP008845,DC0004,CUST0029,PRD0033,road,2026-02-09,2026-02-10,1,1,4978.14,224
SHP008846,DC0003,CUST0021,PRD0079,air,2026-03-28,2026-04-01,5,4,93150.29,182
SHP008847,DC0002,CUST0015,PRD0003,ocean,2025-08-17,2025-09-12,25,26,13141.57,216
SHP008848,DC0003,CUST0024,PRD0128,ocean,2024-10-22,2024-11-02,14,11,3767.99,126
SHP008849,DC0002,CUST0001,PRD0091,air,2025-10-28,2025-10-31,4,3,34915.01,87
SHP008850,DC0001,CUST0018,PRD0087,ocean,2026-08-01,2026-08-18,17,17,10707.63,283
SHP008851,DC0004,CUST0010,PRD0058,ocean,2025-03-25,2025-04-09,17,15,2078.33,53
SHP008852,DC0004,CUST0022,PRD0108,ocean,2024-11-08,2024-11-24,18,16,3805.58,95
SHP008853,DC0006,CUST0029,PRD0109,air,2026-08-27,2026-08-29,3,2,29351.47,112
SHP008854,DC0006,CUST0010,PRD0104,ocean,2025-01-14,2025-02-10,26,27,7053.75,111
SHP008855,DC0001,CUST0004,PRD0138,air,2025-06-10,2025-06-13,4,3,105260.89,287
SHP008856,DC0003,CUST0012,PRD0077,ocean,2025-04-23,2025-05-31,40,38,16070.52,159
SHP008857,DC0006,CUST0019,PRD0084,air,2025-07-08,2025-07-09,2,1,9138.98,52
SHP008858,DC0005,CUST0023,PRD0006,air,2026-01-20,2026-01-24,4,4,62939.57,140
SHP008859,DC0005,CUST0022,PRD0146,ocean,2025-07-01,2025-07-31,27,30,18267.51,283
SHP008860,DC0004,CUST0018,PRD0009,rail,2026-04-03,2026-04-05,3,2,3258.15,269
SHP008861,DC0003,CUST0013,PRD0036,ocean,2025-05-04,2025-05-14,11,10,3764.95,177
SHP008862,DC0001,CUST0012,PRD0040,ocean,2026-04-09,2026-05-13,35,34,10959.81,127
SHP008863,DC0004,CUST0015,PRD0085,road,2025-12-22,2025-12-23,1,1,1052.93,58
SHP008864,DC0003,CUST0029,PRD0146,ocean,2025-03-01,2025-03-29,27,28,31774.37,483
SHP008865,DC0001,CUST0021,PRD0147,ocean,2025-07-04,2025-07-24,20,20,4686.34,101
SHP008866,DC0006,CUST0002,PRD0101,ocean,2025-08-30,2025-09-07,9,8,1023.95,60
SHP008867,DC0004,CUST0024,PRD0098,ocean,2025-09-26,2025-10-19,23,23,9497.2,174
SHP008868,DC0006,CUST0025,PRD0053,rail,2025-09-25,2025-10-03,8,8,5165.11,108
SHP008869,DC0002,CUST0006,PRD0101,ocean,2026-04-23,2026-05-22,28,29,5263.48,78
SHP008870,DC0004,CUST0012,PRD0017,air,2025-06-10,2025-06-14,4,4,37162.83,90
SHP008871,DC0005,CUST0006,PRD0137,ocean,2025-10-30,2025-11-13,15,14,8262.98,260
SHP008872,DC0002,CUST0023,PRD0099,ocean,2025-07-07,2025-07-17,12,10,1771.61,73
SHP008873,DC0002,CUST0003,PRD0049,ocean,2025-10-28,2025-12-01,36,34,37919.68,422
SHP008874,DC0004,CUST0022,PRD0122,ocean,2026-01-20,2026-02-06,18,17,5127.51,128
SHP008875,DC0006,CUST0018,PRD0028,rail,2026-03-01,2026-03-08,7,7,3166.92,79
SHP008876,DC0004,CUST0012,PRD0085,ocean,2026-01-27,2026-02-20,23,24,23233.65,422
SHP008877,DC0006,CUST0029,PRD0146,ocean,2025-02-21,2025-03-08,16,15,9259.69,265
SHP008878,DC0004,CUST0004,PRD0116,ocean,2024-09-06,2024-09-30,23,24,9229.78,172
SHP008879,DC0005,CUST0023,PRD0078,ocean,2026-08-26,2026-09-21,25,26,12527.97,209
SHP008880,DC0005,CUST0011,PRD0024,rail,2024-09-16,2024-09-25,9,9,3957.63,79
SHP008881,DC0003,CUST0004,PRD0044,air,2025-10-14,2025-10-18,4,4,61585.2,147
SHP008882,DC0001,CUST0028,PRD0027,ocean,2026-07-31,2026-08-20,20,20,15606.88,329
SHP008883,DC0004,CUST0015,PRD0142,rail,2026-07-04,2026-07-07,3,3,2037.28,202
SHP008884,DC0006,CUST0018,PRD0046,ocean,2024-10-17,2024-10-28,12,11,1827.99,76
SHP008885,DC0006,CUST0025,PRD0009,ocean,2025-05-15,2025-05-28,14,13,6370.3,222
SHP008886,DC0006,CUST0006,PRD0126,ocean,2026-05-13,2026-05-28,15,15,6424.37,201
SHP008887,DC0001,CUST0014,PRD0007,ocean,2026-05-26,2026-06-09,16,14,10391.43,291
SHP008888,DC0002,CUST0013,PRD0048,rail,2026-04-21,2026-04-25,6,4,3807.32,110
SHP008889,DC0004,CUST0010,PRD0051,ocean,2025-04-05,2025-04-19,17,14,2941.04,75
SHP008890,DC0001,CUST0010,PRD0018,ocean,2024-12-17,2025-01-13,27,27,70255.39,1052
SHP008891,DC0006,CUST0013,PRD0099,ocean,2026-05-16,2026-05-24,9,8,1665.09,107
SHP008892,DC0006,CUST0016,PRD0073,ocean,2026-08-10,2026-08-24,14,14,5140.17,164
SHP008893,DC0001,CUST0017,PRD0053,ocean,2026-06-28,2026-07-29,32,31,22503.21,280
SHP008894,DC0001,CUST0009,PRD0060,ocean,2025-02-27,2025-03-21,21,22,13034.81,261
SHP008895,DC0001,CUST0004,PRD0075,air,2026-04-27,2026-05-01,4,4,84722.18,231
SHP008896,DC0001,CUST0022,PRD0135,ocean,2024-10-14,2024-11-11,28,28,13158.82,194
SHP008897,DC0003,CUST0014,PRD0018,ocean,2024-12-13,2024-12-26,14,13,1953.59,66
SHP008898,DC0003,CUST0005,PRD0117,ocean,2026-08-03,2026-08-30,27,27,22973.11,351
SHP008899,DC0004,CUST0015,PRD0015,road,2026-01-28,2026-01-29,1,1,2341.87,129
SHP008900,DC0006,CUST0021,PRD0095,ocean,2025-06-05,2025-06-21,15,16,6774.36,210
SHP008901,DC0005,CUST0026,PRD0133,ocean,2024-09-23,2024-10-07,15,14,10859.79,342
SHP008902,DC0004,CUST0021,PRD0003,rail,2026-08-05,2026-08-09,4,4,5021.51,291
SHP008903,DC0001,CUST0010,PRD0044,ocean,2025-05-31,2025-06-25,27,25,31721.78,475
SHP008904,DC0001,CUST0001,PRD0084,ocean,2026-01-26,2026-02-20,21,25,16142.49,329
SHP008905,DC0002,CUST0025,PRD0106,ocean,2025-12-29,2026-01-23,25,25,13319.74,220
SHP008906,DC0002,CUST0014,PRD0101,rail,2024-10-27,2024-11-04,9,8,17069.92,337
SHP008907,DC0003,CUST0023,PRD0041,rail,2026-05-04,2026-05-10,7,6,7649.45,192
SHP008908,DC0004,CUST0010,PRD0029,ocean,2026-05-28,2026-06-12,17,15,10626.94,271
SHP008909,DC0004,CUST0004,PRD0034,ocean,2024-09-25,2024-10-19,23,24,6010.09,112
SHP008910,DC0004,CUST0013,PRD0138,air,2025-05-27,2025-05-30,3,3,83139.5,271
SHP008911,DC0001,CUST0024,PRD0108,rail,2024-10-31,2024-11-10,10,10,4781.42,82
SHP008912,DC0005,CUST0020,PRD0123,ocean,2024-10-29,2024-11-11,14,13,2788.32,95
SHP008913,DC0006,CUST0022,PRD0018,air,2025-10-22,2025-10-26,5,4,57141.63,118
SHP008914,DC0005,CUST0014,PRD0100,air,2026-04-17,2026-04-21,4,4,100112.22,274
SHP008915,DC0005,CUST0014,PRD0053,ocean,2024-12-21,2025-01-11,21,21,5602.39,115
SHP008916,DC0006,CUST0018,PRD0034,ocean,2025-01-14,2025-01-26,12,12,5628.3,234
SHP008917,DC0006,CUST0023,PRD0053,ocean,2026-02-25,2026-03-23,25,26,10157.78,170
SHP008918,DC0002,CUST0002,PRD0080,rail,2026-03-01,2026-03-07,6,6,4629.05,132
SHP008919,DC0001,CUST0008,PRD0111,ocean,2026-01-24,2026-02-13,20,20,4659.54,99
SHP008920,DC0004,CUST0006,PRD0122,ocean,2025-04-09,2025-04-16,7,7,1848.92,183
SHP008921,DC0003,CUST0001,PRD0041,ocean,2025-06-29,2025-07-24,23,25,9953.08,183
SHP008922,DC0001,CUST0026,PRD0148,ocean,2025-05-06,2025-05-23,19,17,5202.86,116
SHP008923,DC0003,CUST0016,PRD0080,ocean,2026-03-25,2026-04-20,26,26,10900.78,172
SHP008924,DC0005,CUST0019,PRD0052,rail,2026-01-21,2026-01-28,7,7,5195.96,134
SHP008925,DC0001,CUST0002,PRD0129,road,2025-03-31,2025-04-01,1,1,498.49,68
SHP008926,DC0005,CUST0026,PRD0118,ocean,2024-12-26,2025-01-11,15,16,2667.32,84
SHP008927,DC0003,CUST0010,PRD0071,air,2026-06-05,2026-06-09,5,4,203509.17,352
SHP008928,DC0003,CUST0021,PRD0052,ocean,2024-09-27,2024-10-25,28,28,27979.21,410
SHP008929,DC0001,CUST0005,PRD0002,ocean,2026-03-03,2026-03-19,19,16,4154.13,95
SHP008930,DC0001,CUST0001,PRD0037,ocean,2025-09-04,2025-09-25,21,21,9273.34,189
SHP008931,DC0006,CUST0025,PRD0115,ocean,2024-09-11,2024-09-24,14,13,5394.67,188
SHP008932,DC0004,CUST0025,PRD0017,road,2026-05-01,2026-05-02,1,1,2775.84,446
SHP008933,DC0003,CUST0004,PRD0103,ocean,2026-01-10,2026-02-01,23,22,8658.24,155
SHP008934,DC0004,CUST0019,PRD0064,rail,2026-06-01,2026-06-04,3,3,3234.0,253
SHP008935,DC0004,CUST0021,PRD0135,ocean,2025-10-11,2025-10-19,7,8,1635.87,158
SHP008936,DC0003,CUST0009,PRD0085,air,2026-04-29,2026-05-02,4,3,28961.54,68
SHP008937,DC0006,CUST0025,PRD0146,air,2026-07-03,2026-07-06,3,3,42396.9,197
SHP008938,DC0006,CUST0011,PRD0126,rail,2025-09-03,2025-09-10,9,7,1811.58,36
SHP008939,DC0003,CUST0009,PRD0118,air,2026-01-31,2026-02-04,4,4,63033.94,148
SHP008940,DC0003,CUST0019,PRD0119,ocean,2025-07-08,2025-07-30,25,22,3073.68,52
SHP008941,DC0002,CUST0026,PRD0148,ocean,2024-12-26,2025-01-20,27,25,8534.99,129
SHP008942,DC0002,CUST0028,PRD0011,rail,2026-08-11,2026-08-18,8,7,6637.53,153
SHP008943,DC0005,CUST0020,PRD0024,ocean,2025-09-17,2025-09-30,14,13,10771.71,367
SHP008944,DC0003,CUST0015,PRD0074,ocean,2026-08-14,2026-09-10,25,27,16906.17,276
SHP008945,DC0004,CUST0027,PRD0117,road,2024-12-03,2024-12-05,1,2,1529.17,80
SHP008946,DC0002,CUST0029,PRD0089,ocean,2025-02-04,2025-03-03,27,27,8729.5,133
SHP008947,DC0005,CUST0030,PRD0077,air,2025-11-27,2025-11-29,3,2,27153.08,108
SHP008948,DC0002,CUST0002,PRD0101,rail,2025-02-09,2025-02-15,6,6,6978.65,199
SHP008949,DC0004,CUST0025,PRD0045,rail,2025-01-15,2025-01-17,2,2,165.97,48
SHP008950,DC0006,CUST0024,PRD0107,air,2026-02-27,2026-03-01,4,2,48072.01,135
SHP008951,DC0005,CUST0004,PRD0064,ocean,2025-10-15,2025-10-29,18,14,6934.35,172
SHP008952,DC0003,CUST0007,PRD0046,air,2026-05-08,2026-05-10,3,2,91950.37,458
SHP008953,DC0004,CUST0024,PRD0111,ocean,2026-04-19,2026-05-11,23,22,11080.07,203
SHP008954,DC0002,CUST0009,PRD0118,ocean,2025-08-10,2025-08-30,23,20,54165.93,969
SHP008955,DC0002,CUST0001,PRD0099,ocean,2025-04-19,2025-05-16,23,27,18835.38,352
SHP008956,DC0004,CUST0017,PRD0047,air,2025-12-14,2025-12-18,4,4,13952.23,39
SHP008957,DC0003,CUST0030,PRD0146,air,2026-04-27,2026-05-01,5,4,164506.07,332
SHP008958,DC0001,CUST0026,PRD0025,ocean,2025-01-01,2025-01-19,19,18,10405.73,232
SHP008959,DC0002,CUST0011,PRD0101,air,2026-04-10,2026-04-14,5,4,141555.69,297
SHP008960,DC0003,CUST0008,PRD0012,ocean,2025-12-17,2026-01-15,28,29,14054.28,204
SHP008961,DC0004,CUST0021,PRD0062,air,2025-01-23,2025-01-26,2,3,62044.08,799
SHP008962,DC0005,CUST0027,PRD0041,air,2024-11-21,2024-11-23,2,2,14898.0,78
SHP008963,DC0002,CUST0008,PRD0071,ocean,2024-10-30,2024-11-24,28,25,3286.77,48
SHP008964,DC0003,CUST0028,PRD0138,air,2025-11-15,2025-11-16,2,1,44589.39,232
SHP008965,DC0001,CUST0008,PRD0075,air,2026-05-11,2026-05-15,4,4,26474.68,75
SHP008966,DC0002,CUST0001,PRD0018,air,2024-09-24,2024-09-28,4,4,68224.74,170
SHP008967,DC0005,CUST0023,PRD0056,ocean,2025-03-27,2025-04-21,25,25,10909.53,182
SHP008968,DC0005,CUST0020,PRD0127,ocean,2025-10-02,2025-10-15,14,13,3287.28,112
SHP008969,DC0002,CUST0007,PRD0106,air,2024-10-21,2024-10-24,3,3,75666.94,367
SHP008970,DC0006,CUST0022,PRD0142,ocean,2025-11-11,2025-12-09,27,28,7618.88,118
SHP008971,DC0006,CUST0025,PRD0032,rail,2026-03-07,2026-03-15,8,8,9182.41,192
SHP008972,DC0002,CUST0026,PRD0095,ocean,2025-04-16,2025-05-13,27,27,7476.39,113
SHP008973,DC0006,CUST0006,PRD0020,ocean,2025-10-09,2025-10-24,15,15,6008.86,188
SHP008974,DC0006,CUST0009,PRD0027,ocean,2025-12-11,2025-12-28,18,17,31544.48,762
SHP008975,DC0002,CUST0021,PRD0130,ocean,2024-09-27,2024-10-23,28,26,22778.66,336
SHP008976,DC0006,CUST0028,PRD0084,air,2025-03-18,2025-03-23,5,5,89752.03,194
SHP008977,DC0004,CUST0005,PRD0105,rail,2026-08-14,2026-08-15,2,1,6157.45,655
SHP008978,DC0004,CUST0004,PRD0116,ocean,2025-10-19,2025-11-10,23,22,15615.5,291
SHP008979,DC0001,CUST0009,PRD0043,ocean,2025-10-18,2025-11-09,21,22,4744.47,95
SHP008980,DC0002,CUST0017,PRD0065,ocean,2026-03-31,2026-05-05,36,35,17507.43,193
SHP008981,DC0003,CUST0013,PRD0054,ocean,2024-10-07,2024-10-19,11,12,7147.02,336
SHP008982,DC0001,CUST0027,PRD0130,ocean,2025-04-20,2025-05-07,17,17,24392.85,621
SHP008983,DC0003,CUST0004,PRD0012,ocean,2026-07-20,2026-08-11,23,22,6423.85,115
SHP008984,DC0006,CUST0021,PRD0119,ocean,2024-09-10,2024-09-27,15,17,4483.98,139
SHP008985,DC0005,CUST0001,PRD0007,ocean,2025-05-20,2025-06-05,18,16,4202.06,101
SHP008986,DC0005,CUST0020,PRD0019,air,2025-03-28,2025-03-30,3,2,22233.16,101
SHP008987,DC0004,CUST0009,PRD0119,ocean,2025-06-20,2025-07-13,23,23,8763.36,162
SHP008988,DC0001,CUST0005,PRD0098,air,2025-01-23,2025-01-27,4,4,39682.89,121
SHP008989,DC0004,CUST0028,PRD0088,ocean,2026-03-03,2026-04-07,35,35,21552.48,249
SHP008990,DC0004,CUST0008,PRD0103,ocean,2026-02-12,2026-02-18,7,6,1321.23,134
SHP008991,DC0005,CUST0014,PRD0050,air,2026-08-12,2026-08-15,4,3,70882.38,194
SHP008992,DC0002,CUST0006,PRD0102,ocean,2026-01-27,2026-02-23,28,27,12483.9,185
SHP008993,DC0005,CUST0005,PRD0010,ocean,2024-11-13,2024-11-27,14,14,8331.87,274
SHP008994,DC0006,CUST0015,PRD0003,ocean,2025-06-26,2025-07-10,12,14,4887.99,189
SHP008995,DC0001,CUST0028,PRD0065,ocean,2026-02-24,2026-03-16,20,20,26991.83,569
SHP008996,DC0005,CUST0029,PRD0030,air,2024-11-16,2024-11-18,3,2,102428.38,392
SHP008997,DC0001,CUST0019,PRD0035,ocean,2026-04-13,2026-04-28,17,15,7565.3,203
SHP008998,DC0005,CUST0008,PRD0084,rail,2024-12-22,2024-12-29,9,7,3632.07,66
SHP008999,DC0006,CUST0011,PRD0119,rail,2025-11-04,2025-11-12,9,8,12681.06,252
SHP009000,DC0005,CUST0017,PRD0125,ocean,2025-06-08,2025-07-05,30,27,8746.25,117
